time,open,high,low,close,volume,spread
2016-09-15 23:00:00+00:00,0.7380099892616272,0.7419300079345703,0.7365000247955322,0.7379400134086609,0,0.00015000000000000001
2016-09-18 23:00:00+00:00,0.7418799996376038,0.7464200258255005,0.741599977016449,0.7418699860572815,0,0.00015000000000000001
2016-09-19 23:00:00+00:00,0.7422900199890137,0.7431700229644775,0.7384999990463257,0.742169976234436,0,0.00015000000000000001
2016-09-20 23:00:00+00:00,0.7427600026130676,0.7441999912261963,0.7387999892234802,0.7422999739646912,0,0.00015000000000000001
2016-09-21 23:00:00+00:00,0.7443600296974182,0.7449300289154053,0.7412999868392944,0.7438099980354309,0,0.00015000000000000001
2016-09-22 23:00:00+00:00,0.74235999584198,0.7447999715805054,0.7367600202560425,0.7422999739646912,0,0.00015000000000000001
2016-09-25 23:00:00+00:00,0.7368900179862976,0.737060010433197,0.7317000031471252,0.7368699908256531,0,0.00015000000000000001
2016-09-26 23:00:00+00:00,0.7324399948120117,0.7366300225257874,0.730400025844574,0.7322199940681458,0,0.00015000000000000001
2016-09-27 23:00:00+00:00,0.7347000241279602,0.7367900013923645,0.7325299978256226,0.7347699999809265,0,0.00015000000000000001
2016-09-28 23:00:00+00:00,0.7429400086402893,0.7438099980354309,0.736519992351532,0.7428299784660339,0,0.00015000000000000001
2016-09-29 23:00:00+00:00,0.7343500256538391,0.7424600124359131,0.7324000000953674,0.7344599962234497,0,0.00015000000000000001
2016-10-02 23:00:00+00:00,0.7401800155639648,0.7432699799537659,0.739300012588501,0.7401300072669983,0,0.00015000000000000001
2016-10-03 23:00:00+00:00,0.7423800230026245,0.7468000054359436,0.7412999868392944,0.7423099875450134,0,0.00015000000000000001
2016-10-04 23:00:00+00:00,0.7412499785423279,0.7426300048828125,0.7386999726295471,0.7414299845695496,0,0.00015000000000000001
2016-10-05 23:00:00+00:00,0.7391800284385681,0.7427099943161011,0.7382000088691711,0.7391700148582458,0,0.00015000000000000001
2016-10-06 23:00:00+00:00,0.7414199709892273,0.7445999979972839,0.7364500164985657,0.7415400147438049,0,0.00015000000000000001
2016-10-09 23:00:00+00:00,0.7379800081253052,0.7479000091552734,0.7365999817848206,0.7376499772071838,0,0.00015000000000000001
2016-10-10 23:00:00+00:00,0.7457000017166138,0.7478200197219849,0.7443000078201294,0.7458000183105469,0,0.00015000000000000001
2016-10-11 23:00:00+00:00,0.7467600107192993,0.7487300038337708,0.7444999814033508,0.7466800212860107,0,0.00015000000000000001
2016-10-12 23:00:00+00:00,0.7456899881362915,0.7472800016403198,0.7425000071525574,0.7458000183105469,0,0.00015000000000000001
2016-10-13 23:00:00+00:00,0.7471699714660645,0.7521100044250488,0.746399998664856,0.746999979019165,0,0.00015000000000000001
2016-10-16 23:00:00+00:00,0.7535899877548218,0.7536100149154663,0.7497000098228455,0.753600001335144,0,0.00015000000000000001
2016-10-17 23:00:00+00:00,0.753000020980835,0.7577499747276306,0.753000020980835,0.7531599998474121,0,0.00015000000000000001
2016-10-18 23:00:00+00:00,0.7554600238800049,0.760640025138855,0.7534000277519226,0.7548999786376953,0,0.00015000000000000001
2016-10-19 23:00:00+00:00,0.7531999945640564,0.7535600066184998,0.7465000152587891,0.7530400156974792,0,0.00015000000000000001
2016-10-20 23:00:00+00:00,0.7498000264167786,0.7518799901008606,0.7457699775695801,0.7498999834060669,0,0.00015000000000000001
2016-10-23 23:00:00+00:00,0.7445200085639954,0.7459999918937683,0.7407000064849854,0.7445099949836731,0,0.00015000000000000001
2016-10-24 23:00:00+00:00,0.7446799874305725,0.7500200271606445,0.7440000176429749,0.7444999814033508,0,0.00015000000000000001
2016-10-25 23:00:00+00:00,0.7447900176048279,0.745639979839325,0.7405999898910522,0.7448700070381165,0,0.00015000000000000001
2016-10-26 23:00:00+00:00,0.7426699995994568,0.7434999942779541,0.7402999997138977,0.7426599860191345,0,0.00015000000000000001
2016-10-27 23:00:00+00:00,0.7422400116920471,0.743619978427887,0.7405999898910522,0.7422500252723694,0,0.00015000000000000001
2016-10-31 00:00:00+00:00,0.7365999817848206,0.7393800020217896,0.7358999848365784,0.7365999817848206,0,0.00015000000000000001
2016-11-01 00:00:00+00:00,0.7369999885559082,0.7383800148963928,0.730180025100708,0.7370499968528748,0,0.00015000000000000001
2016-11-02 00:00:00+00:00,0.7279800176620483,0.72843998670578,0.722599983215332,0.7280600070953369,0,0.00015000000000000001
2016-11-03 00:00:00+00:00,0.72639000415802,0.7292199730873108,0.7239900231361389,0.7263399958610535,0,0.00015000000000000001
2016-11-04 00:00:00+00:00,0.7275500297546387,0.7282199859619141,0.7214999794960022,0.7275199890136719,0,0.00015000000000000001
2016-11-07 00:00:00+00:00,0.7294600009918213,0.7308099865913391,0.7266200184822083,0.7293699979782104,0,0.00015000000000000001
2016-11-08 00:00:00+00:00,0.7283899784088135,0.7307999730110168,0.7272999882698059,0.728380024433136,0,0.00015000000000000001
2016-11-09 00:00:00+00:00,0.7365300059318542,0.7406399846076965,0.706089973449707,0.7365999817848206,0,0.00015000000000000001
2016-11-10 00:00:00+00:00,0.7341499924659729,0.7361699938774109,0.7310000061988831,0.7339000105857849,0,0.00015000000000000001
2016-11-11 00:00:00+00:00,0.7326099872589111,0.7326899766921997,0.7268999814987183,0.732729971408844,0,0.00015000000000000001
2016-11-14 00:00:00+00:00,0.7316300272941589,0.7374500036239624,0.7299000024795532,0.7313899993896484,0,0.00015000000000000001
2016-11-15 00:00:00+00:00,0.7364199757575989,0.7426300048828125,0.7343000173568726,0.7364299893379211,0,0.00015000000000000001
2016-11-16 00:00:00+00:00,0.7443100214004517,0.7487300038337708,0.7432000041007996,0.744159996509552,0,0.00015000000000000001
2016-11-17 00:00:00+00:00,0.7454599738121033,0.7483100295066833,0.7444000244140625,0.7452999949455261,0,0.00015000000000000001
2016-11-18 00:00:00+00:00,0.7437999844551086,0.7482699751853943,0.7433000206947327,0.7439500093460083,0,0.00015000000000000001
2016-11-21 00:00:00+00:00,0.7482900023460388,0.7533699870109558,0.7476000189781189,0.7479000091552734,0,0.00015000000000000001
2016-11-22 00:00:00+00:00,0.751479983329773,0.7549700140953064,0.7506999969482422,0.7515100240707397,0,0.00015000000000000001
2016-11-23 00:00:00+00:00,0.7525500059127808,0.7549800276756287,0.7495999932289124,0.752560019493103,0,0.00015000000000000001
2016-11-24 00:00:00+00:00,0.7534199953079224,0.7542200088500977,0.7508000135421753,0.7534899711608887,0,0.00015000000000000001
2016-11-25 00:00:00+00:00,0.7537000179290771,0.7540799975395203,0.7487999796867371,0.7535200119018555,0,0.00015000000000000001
2016-11-28 00:00:00+00:00,0.7489799857139587,0.7580199837684631,0.7476900219917297,0.7489100098609924,0,0.00015000000000000001
2016-11-29 00:00:00+00:00,0.7552300095558167,0.7559800148010254,0.7530999779701233,0.7547000050544739,0,0.00015000000000000001
2016-11-30 00:00:00+00:00,0.7530699968338013,0.7603800296783447,0.7526000142097473,0.7531300187110901,0,0.00015000000000000001
2016-12-01 00:00:00+00:00,0.7574700117111206,0.7614200115203857,0.7538999915122986,0.7574499845504761,0,0.00015000000000000001
2016-12-02 00:00:00+00:00,0.7593899965286255,0.7613000273704529,0.7577000260353088,0.7593899965286255,0,0.00015000000000000001
2016-12-05 00:00:00+00:00,0.7612500190734863,0.7628399729728699,0.7573000192642212,0.760699987411499,0,0.00015000000000000001
2016-12-06 00:00:00+00:00,0.7583299875259399,0.7612800002098083,0.7573000192642212,0.758650004863739,0,0.00015000000000000001
2016-12-07 00:00:00+00:00,0.7607600092887878,0.761430025100708,0.7584999799728394,0.7605599761009216,0,0.00015000000000000001
2016-12-08 00:00:00+00:00,0.7614200115203857,0.7701299786567688,0.758899986743927,0.7610800266265869,0,0.00015000000000000001
2016-12-09 00:00:00+00:00,0.7697700262069702,0.7747099995613098,0.7688999772071838,0.7694799900054932,0,0.00015000000000000001
2016-12-12 00:00:00+00:00,0.7753199934959412,0.7764999866485596,0.7721999883651733,0.77538001537323,0,0.00015000000000000001
2016-12-13 00:00:00+00:00,0.7716799974441528,0.7726699709892273,0.7698000073432922,0.771399974822998,0,0.00015000000000000001
2016-12-14 00:00:00+00:00,0.7702500224113464,0.7716400027275085,0.76910001039505,0.7701799869537354,0,0.00015000000000000001
2016-12-15 00:00:00+00:00,0.7693399786949158,0.7736300230026245,0.7681999802589417,0.7691500186920166,0,0.00015000000000000001
2016-12-16 00:00:00+00:00,0.772159993648529,0.7724699974060059,0.7681000232696533,0.7722300291061401,0,0.00015000000000000001
2016-12-19 00:00:00+00:00,0.7695199847221375,0.7698799967765808,0.7633000016212463,0.769540011882782,0,0.00015000000000000001
2016-12-20 00:00:00+00:00,0.7662799954414368,0.770110011100769,0.7649999856948853,0.7663300037384033,0,0.00015000000000000001
2016-12-21 00:00:00+00:00,0.7695000171661377,0.769540011882782,0.7635999917984009,0.769349992275238,0,0.00015000000000000001
2016-12-22 00:00:00+00:00,0.7643100023269653,0.7643899917602539,0.7573400139808655,0.7641400098800659,0,0.00015000000000000001
2016-12-23 00:00:00+00:00,0.7607499957084656,0.7611700296401978,0.7569000124931335,0.7605699896812439,0,0.00015000000000000001
2016-12-26 00:00:00+00:00,0.7587000131607056,0.7609599828720093,0.7559800148010254,0.758679986000061,0,0.00015000000000000001
2016-12-27 00:00:00+00:00,0.7591000199317932,0.7609999775886536,0.7585999965667725,0.7592999935150146,0,0.00015000000000000001
2016-12-28 00:00:00+00:00,0.757070004940033,0.7597799897193909,0.7558000087738037,0.7569299936294556,0,0.00015000000000000001
2016-12-29 00:00:00+00:00,0.7587800025939941,0.7593899965286255,0.7555000185966492,0.758650004863739,0,0.00015000000000000001
2016-12-30 00:00:00+00:00,0.7543900012969971,0.7583000063896179,0.7519000172615051,0.7544500231742859,0,0.00015000000000000001
2017-01-02 00:00:00+00:00,0.7543900012969971,0.7631499767303467,0.7543900012969971,0.7543900012969971,0,0.00015000000000000001
2017-01-03 00:00:00+00:00,0.7616000175476074,0.7689099907875061,0.7599999904632568,0.7618299722671509,0,0.00015000000000000001
2017-01-04 00:00:00+00:00,0.7644699811935425,0.7709000110626221,0.7633000016212463,0.7639999985694885,0,0.00015000000000000001
2017-01-05 00:00:00+00:00,0.7670900225639343,0.768060028553009,0.7627999782562256,0.7669699788093567,0,0.00015000000000000001
2017-01-06 00:00:00+00:00,0.7632799744606018,0.7697100043296814,0.7620999813079834,0.7632099986076355,0,0.00015000000000000001
2017-01-09 00:00:00+00:00,0.7682200074195862,0.769760012626648,0.7663999795913696,0.767799973487854,0,0.00015000000000000001
2017-01-10 00:00:00+00:00,0.7675099968910217,0.7686300277709961,0.7646999955177307,0.7672899961471558,0,0.00015000000000000001
2017-01-11 00:00:00+00:00,0.7677099704742432,0.7721800208091736,0.766700029373169,0.767300009727478,0,0.00015000000000000001
2017-01-12 00:00:00+00:00,0.7696999907493591,0.7736999988555908,0.7663000226020813,0.7695199847221375,0,0.00015000000000000001
2017-01-13 00:00:00+00:00,0.7682899832725525,0.7697100043296814,0.765500009059906,0.7682700157165527,0,0.00015000000000000001
2017-01-16 00:00:00+00:00,0.769349992275238,0.7709699869155884,0.767799973487854,0.7692099809646606,0,0.00015000000000000001
2017-01-17 00:00:00+00:00,0.7673400044441223,0.769819974899292,0.7656000256538391,0.7667999863624573,0,0.00015000000000000001
2017-01-18 00:00:00+00:00,0.767799973487854,0.7683500051498413,0.7638999819755554,0.7677199840545654,0,0.00015000000000000001
2017-01-19 00:00:00+00:00,0.7597600221633911,0.7607899904251099,0.7562000155448914,0.7597000002861023,0,0.00015000000000000001
2017-01-20 00:00:00+00:00,0.7552700042724609,0.7560499906539917,0.7522000074386597,0.7553200125694275,0,0.00015000000000000001
2017-01-23 00:00:00+00:00,0.7524999976158142,0.7530099749565125,0.7498000264167786,0.751800000667572,0,0.00015000000000000001
2017-01-24 00:00:00+00:00,0.7533800005912781,0.7593700289726257,0.7512000203132629,0.7532600164413452,0,0.00015000000000000001
2017-01-25 00:00:00+00:00,0.760890007019043,0.7637100219726562,0.7595999836921692,0.7609800100326538,0,0.00015000000000000001
2017-01-26 00:00:00+00:00,0.7643600106239319,0.764959990978241,0.7598999738693237,0.7643200159072876,0,0.00015000000000000001
2017-01-27 00:00:00+00:00,0.763759970664978,0.7643799781799316,0.7603700160980225,0.7637500166893005,0,0.00015000000000000001
2017-01-30 00:00:00+00:00,0.7593399882316589,0.7635800242424011,0.7580999732017517,0.7594900131225586,0,0.00015000000000000001
2017-01-31 00:00:00+00:00,0.7589600086212158,0.7615500092506409,0.7564299702644348,0.7588199973106384,0,0.00015000000000000001
2017-02-01 00:00:00+00:00,0.7585600018501282,0.7600899934768677,0.7560999989509583,0.7584400177001953,0,0.00015000000000000001
2017-02-02 00:00:00+00:00,0.760890007019043,0.7623199820518494,0.7580999732017517,0.7610200047492981,0,0.00015000000000000001
2017-02-03 00:00:00+00:00,0.761680006980896,0.7645999789237976,0.7612000107765198,0.7615699768066406,0,0.00015000000000000001
2017-02-06 00:00:00+00:00,0.7616999745368958,0.7651399970054626,0.7563499808311462,0.7621700167655945,0,0.00015000000000000001
2017-02-07 00:00:00+00:00,0.7577400207519531,0.7592200040817261,0.7565000057220459,0.7575600147247314,0,0.00015000000000000001
2017-02-08 00:00:00+00:00,0.7561699748039246,0.7597699761390686,0.7542799711227417,0.7562999725341797,0,0.00015000000000000001
2017-02-09 00:00:00+00:00,0.7569100260734558,0.762440025806427,0.7560999989509583,0.7570800185203552,0,0.00015000000000000001
2017-02-10 00:00:00+00:00,0.7623000144958496,0.7689899802207947,0.7610999941825867,0.7622100114822388,0,0.00015000000000000001
2017-02-13 00:00:00+00:00,0.7656400203704834,0.7691299915313721,0.7646999955177307,0.7656099796295166,0,0.00015000000000000001
2017-02-14 00:00:00+00:00,0.7688000202178955,0.7706699967384338,0.7684000134468079,0.7692400217056274,0,0.00015000000000000001
2017-02-15 00:00:00+00:00,0.7692700028419495,0.7722100019454956,0.7684999704360962,0.7692000269889832,0,0.00015000000000000001
2017-02-16 00:00:00+00:00,0.7688999772071838,0.7695099711418152,0.7639399766921997,0.768750011920929,0,0.00015000000000000001
2017-02-17 00:00:00+00:00,0.7625899910926819,0.7643700242042542,0.7620999813079834,0.7626199722290039,0,0.00015000000000000001
2017-02-20 00:00:00+00:00,0.7653800249099731,0.7669600248336792,0.7638999819755554,0.7654299736022949,0,0.00015000000000000001
2017-02-21 00:00:00+00:00,0.765500009059906,0.7688900232315063,0.7645000219345093,0.765470027923584,0,0.00015000000000000001
2017-02-22 00:00:00+00:00,0.7676200270652771,0.770359992980957,0.7662699818611145,0.7676200270652771,0,0.00015000000000000001
2017-02-23 00:00:00+00:00,0.7680000066757202,0.7697100043296814,0.7664999961853027,0.7679399847984314,0,0.00015000000000000001
2017-02-24 00:00:00+00:00,0.767989993095398,0.7689999938011169,0.765030026435852,0.7678300142288208,0,0.00015000000000000001
2017-02-27 00:00:00+00:00,0.7688800096511841,0.7692800164222717,0.766700029373169,0.7689200043678284,0,0.00015000000000000001
2017-02-28 00:00:00+00:00,0.7651000022888184,0.7654899954795837,0.75586998462677,0.7651000022888184,0,0.00015000000000000001
2017-03-01 00:00:00+00:00,0.7559900283813477,0.7603300213813782,0.7554399967193604,0.7561699748039246,0,0.00015000000000000001
2017-03-02 00:00:00+00:00,0.7565000057220459,0.7586600184440613,0.7548999786376953,0.7565900087356567,0,0.00015000000000000001
2017-03-03 00:00:00+00:00,0.7565699815750122,0.7566900253295898,0.753000020980835,0.7562999725341797,0,0.00015000000000000001
2017-03-06 00:00:00+00:00,0.7529500126838684,0.7550899982452393,0.7519999742507935,0.7530400156974792,0,0.00015000000000000001
2017-03-07 00:00:00+00:00,0.7551699876785278,0.7581400275230408,0.7542999982833862,0.755079984664917,0,0.00015000000000000001
2017-03-08 00:00:00+00:00,0.755299985408783,0.7561699748039246,0.7526999711990356,0.755299985408783,0,0.00015000000000000001
2017-03-09 00:00:00+00:00,0.7518699765205383,0.7529399991035461,0.7490000128746033,0.7515000104904175,0,0.00015000000000000001
2017-03-10 00:00:00+00:00,0.7493900060653687,0.752839982509613,0.7484400272369385,0.7494199872016907,0,0.00015000000000000001
2017-03-13 00:00:00+00:00,0.7501599788665771,0.7522100210189819,0.7480999827384949,0.7500100135803223,0,0.00015000000000000001
2017-03-14 00:00:00+00:00,0.7489500045776367,0.750249981880188,0.7468000054359436,0.7486000061035156,0,0.00015000000000000001
2017-03-15 00:00:00+00:00,0.7493399977684021,0.7501800060272217,0.7479000091552734,0.7493000030517578,0,0.00015000000000000001
2017-03-16 00:00:00+00:00,0.7516999840736389,0.7522100210189819,0.7468000054359436,0.7520099878311157,0,0.00015000000000000001
2017-03-17 00:00:00+00:00,0.7476599812507629,0.7488399744033813,0.7457000017166138,0.7473000288009644,0,0.00015000000000000001
2017-03-20 00:00:00+00:00,0.7479299902915955,0.7486299872398376,0.7450000047683716,0.7475000023841858,0,0.00015000000000000001
2017-03-21 00:00:00+00:00,0.7488899827003479,0.7494199872016907,0.745199978351593,0.7487999796867371,0,0.00015000000000000001
2017-03-22 00:00:00+00:00,0.7435899972915649,0.7443299889564514,0.7379000186920166,0.7430999875068665,0,0.00015000000000000001
2017-03-23 00:00:00+00:00,0.7440400123596191,0.7455199956893921,0.7433000206947327,0.7440199851989746,0,0.00015000000000000001
2017-03-24 00:00:00+00:00,0.7434999942779541,0.7447999715805054,0.7402999997138977,0.7434999942779541,0,0.00015000000000000001
2017-03-26 23:00:00+00:00,0.7407000064849854,0.741349995136261,0.7332299947738647,0.7414699792861938,0,0.00015000000000000001
2017-03-27 23:00:00+00:00,0.736270010471344,0.7371900081634521,0.7343000173568726,0.7362300157546997,0,0.00015000000000000001
2017-03-28 23:00:00+00:00,0.7415800094604492,0.7457799911499023,0.7401999831199646,0.7415000200271606,0,0.00015000000000000001
2017-03-29 23:00:00+00:00,0.747730016708374,0.7510300278663635,0.7457000017166138,0.7474799752235413,0,0.00015000000000000001
2017-03-30 23:00:00+00:00,0.7502300143241882,0.753030002117157,0.7487999796867371,0.7503200173377991,0,0.00015000000000000001
2017-04-02 23:00:00+00:00,0.75204998254776,0.7524899840354919,0.7473000288009644,0.7520300149917603,0,0.00015000000000000001
2017-04-03 23:00:00+00:00,0.7482600212097168,0.7487999796867371,0.7442799806594849,0.7482100129127502,0,0.00015000000000000001
2017-04-04 23:00:00+00:00,0.7473899722099304,0.7505699992179871,0.746999979019165,0.746999979019165,0,0.00015000000000000001
2017-04-05 23:00:00+00:00,0.746999979019165,0.7493500113487244,0.7458000183105469,0.7470300197601318,0,0.00015000000000000001
2017-04-06 23:00:00+00:00,0.7486000061035156,0.7538800239562988,0.7479000091552734,0.7491499781608582,0,0.00015000000000000001
2017-04-09 23:00:00+00:00,0.7527599930763245,0.7557600140571594,0.7512000203132629,0.7527700066566467,0,0.00015000000000000001
2017-04-10 23:00:00+00:00,0.7566400170326233,0.7575899958610535,0.753030002117157,0.7565600275993347,0,0.00015000000000000001
2017-04-11 23:00:00+00:00,0.7558199763298035,0.7588300108909607,0.7544999718666077,0.7555699944496155,0,0.00015000000000000001
2017-04-12 23:00:00+00:00,0.756659984588623,0.7603099942207336,0.7559000253677368,0.7566099762916565,0,0.00015000000000000001
2017-04-13 23:00:00+00:00,0.75382000207901,0.754800021648407,0.7526999711990356,0.7534000277519226,0,0.00015000000000000001
2017-04-16 23:00:00+00:00,0.7547799944877625,0.7554900050163269,0.753600001335144,0.7548800110816956,0,0.00015000000000000001
2017-04-17 23:00:00+00:00,0.7530999779701233,0.7540199756622314,0.7448499798774719,0.7534800171852112,0,0.00015000000000000001
2017-04-18 23:00:00+00:00,0.7445200085639954,0.7446900010108948,0.7408999800682068,0.74440997838974,0,0.00015000000000000001
2017-04-19 23:00:00+00:00,0.7400699853897095,0.7406499981880188,0.7368999719619751,0.7400400042533875,0,0.00015000000000000001
2017-04-20 23:00:00+00:00,0.741320013999939,0.7425000071525574,0.7379999756813049,0.7412099838256836,0,0.00015000000000000001
2017-04-23 23:00:00+00:00,0.7364100217819214,0.7421299815177917,0.7364100217819214,0.7363200187683105,0,0.00015000000000000001
2017-04-24 23:00:00+00:00,0.7349299788475037,0.7354000210762024,0.728600025177002,0.734499990940094,0,0.00015000000000000001
2017-04-25 23:00:00+00:00,0.7318900227546692,0.7337700128555298,0.7305999994277954,0.7318999767303467,0,0.00015000000000000001
2017-04-26 23:00:00+00:00,0.7292400002479553,0.733959972858429,0.7275000214576721,0.7291399836540222,0,0.00015000000000000001
2017-04-27 23:00:00+00:00,0.7295899987220764,0.729640007019043,0.7249000072479248,0.7295899987220764,0,0.00015000000000000001
2017-04-30 23:00:00+00:00,0.7287399768829346,0.7294999957084656,0.7261000275611877,0.7286900281906128,0,0.00015000000000000001
2017-05-01 23:00:00+00:00,0.7281100153923035,0.729200005531311,0.7208999991416931,0.7279999852180481,0,0.00015000000000000001
2017-05-02 23:00:00+00:00,0.7229499816894531,0.7240999937057495,0.7199000120162964,0.7229700088500977,0,0.00015000000000000001
2017-05-03 23:00:00+00:00,0.7241299748420715,0.7253900170326233,0.7192699909210205,0.7236999869346619,0,0.00015000000000000001
2017-05-04 23:00:00+00:00,0.7168999910354614,0.7218700051307678,0.714900016784668,0.7166000008583069,0,0.00015000000000000001
2017-05-07 23:00:00+00:00,0.7239500284194946,0.7286800146102905,0.7232999801635742,0.7240300178527832,0,0.00015000000000000001
2017-05-08 23:00:00+00:00,0.7288699746131897,0.7344800233840942,0.7282000184059143,0.7285000085830688,0,0.00015000000000000001
2017-05-09 23:00:00+00:00,0.7343199849128723,0.739300012588501,0.7324000000953674,0.7342299818992615,0,0.00015000000000000001
2017-05-10 23:00:00+00:00,0.7353000044822693,0.7367100119590759,0.732699990272522,0.7359399795532227,0,0.00015000000000000001
2017-05-11 23:00:00+00:00,0.735509991645813,0.7363799810409546,0.7282099723815918,0.7353699803352356,0,0.00015000000000000001
2017-05-14 23:00:00+00:00,0.7295899987220764,0.734250009059906,0.7287999987602234,0.729640007019043,0,0.00015000000000000001
2017-05-15 23:00:00+00:00,0.7300999760627747,0.7310900092124939,0.7246000170707703,0.7302500009536743,0,0.00015000000000000001
2017-05-16 23:00:00+00:00,0.7231000065803528,0.7236199975013733,0.7183300256729126,0.7229899764060974,0,0.00015000000000000001
2017-05-17 23:00:00+00:00,0.7200000286102295,0.7208700180053711,0.7153000235557556,0.7199199795722961,0,0.00015000000000000001
2017-05-18 23:00:00+00:00,0.7199199795722961,0.7214800119400024,0.7178000211715698,0.7199199795722961,0,0.00015000000000000001
2017-05-21 23:00:00+00:00,0.7199699878692627,0.7224500179290771,0.7174000144004822,0.7197399735450745,0,0.00015000000000000001
2017-05-22 23:00:00+00:00,0.7212600111961365,0.7225499749183655,0.7193999886512756,0.7211700081825256,0,0.00015000000000000001
2017-05-23 23:00:00+00:00,0.7218700051307678,0.7271299958229065,0.720300018787384,0.7219700217247009,0,0.00015000000000000001
2017-05-24 23:00:00+00:00,0.725059986114502,0.7261899709701538,0.7210000157356262,0.7249799966812134,0,0.00015000000000000001
2017-05-25 23:00:00+00:00,0.7210999727249146,0.7250800132751465,0.7200000286102295,0.7216699719429016,0,0.00015000000000000001
2017-05-28 23:00:00+00:00,0.7242000102996826,0.726830005645752,0.7228999733924866,0.7246599793434143,0,0.00015000000000000001
2017-05-29 23:00:00+00:00,0.7266899943351746,0.7278100252151489,0.722000002861023,0.7267500162124634,0,0.00015000000000000001
2017-05-30 23:00:00+00:00,0.7242699861526489,0.7254400253295898,0.7149999737739563,0.724370002746582,0,0.00015000000000000001
2017-05-31 23:00:00+00:00,0.7175099849700928,0.72052001953125,0.7163000106811523,0.717199981212616,0,0.00015000000000000001
2017-06-01 23:00:00+00:00,0.7185800075531006,0.7190700173377991,0.7121999859809875,0.7184399962425232,0,0.00015000000000000001
2017-06-04 23:00:00+00:00,0.7135400176048279,0.7165300250053406,0.7131999731063843,0.7132099866867065,0,0.00015000000000000001
2017-06-05 23:00:00+00:00,0.7159799933433533,0.7172999978065491,0.7137200236320496,0.715910017490387,0,0.00015000000000000001
2017-06-06 23:00:00+00:00,0.7155399918556213,0.7196800112724304,0.7128999829292297,0.7155600190162659,0,0.00015000000000000001
2017-06-07 23:00:00+00:00,0.7140899896621704,0.7177500128746033,0.7128999829292297,0.7140100002288818,0,0.00015000000000000001
2017-06-08 23:00:00+00:00,0.7162100076675415,0.7227399945259094,0.7156000137329102,0.7164400219917297,0,0.00015000000000000001
2017-06-11 23:00:00+00:00,0.7201200127601624,0.7211999893188477,0.7185999751091003,0.7201600074768066,0,0.00015000000000000001
2017-06-12 23:00:00+00:00,0.7278500199317932,0.7331600189208984,0.7275999784469604,0.7278900146484375,0,0.00015000000000000001
2017-06-13 23:00:00+00:00,0.7315400242805481,0.7356799840927124,0.7300099730491638,0.7316100001335144,0,0.00015000000000000001
2017-06-14 23:00:00+00:00,0.7334799766540527,0.7353900074958801,0.7322099804878235,0.7336400151252747,0,0.00015000000000000001
2017-06-15 23:00:00+00:00,0.7350999712944031,0.7371900081634521,0.7336999773979187,0.7350999712944031,0,0.00015000000000000001
2017-06-18 23:00:00+00:00,0.7363700270652771,0.7384300231933594,0.7325000166893005,0.7363499999046326,0,0.00015000000000000001
2017-06-19 23:00:00+00:00,0.737820029258728,0.7381799817085266,0.7321000099182129,0.7379199862480164,0,0.00015000000000000001
2017-06-20 23:00:00+00:00,0.73444002866745,0.7344899773597717,0.7313699722290039,0.7343800067901611,0,0.00015000000000000001
2017-06-21 23:00:00+00:00,0.7296500205993652,0.7359700202941895,0.728600025177002,0.7296800017356873,0,0.00015000000000000001
2017-06-22 23:00:00+00:00,0.734470009803772,0.7348799705505371,0.729200005531311,0.7343500256538391,0,0.00015000000000000001
2017-06-25 23:00:00+00:00,0.7308200001716614,0.7356100082397461,0.730400025844574,0.7308300137519836,0,0.00015000000000000001
2017-06-26 23:00:00+00:00,0.7329000234603882,0.7351499795913696,0.7295899987220764,0.7333599925041199,0,0.00015000000000000001
2017-06-27 23:00:00+00:00,0.7285699844360352,0.7367900013923645,0.7283999919891357,0.7285400032997131,0,0.00015000000000000001
2017-06-28 23:00:00+00:00,0.7360000014305115,0.737280011177063,0.7339000105857849,0.7356500029563904,0,0.00015000000000000001
2017-06-29 23:00:00+00:00,0.7350000143051147,0.739139974117279,0.7350000143051147,0.7347999811172485,0,0.00015000000000000001
2017-07-02 23:00:00+00:00,0.7388399839401245,0.742110013961792,0.7378000020980835,0.7389600276947021,0,0.00015000000000000001
2017-07-03 23:00:00+00:00,0.741349995136261,0.7474700212478638,0.7404999732971191,0.741320013999939,0,0.00015000000000000001
2017-07-04 23:00:00+00:00,0.7454800009727478,0.747219979763031,0.7419999837875366,0.7455400228500366,0,0.00015000000000000001
2017-07-05 23:00:00+00:00,0.7441200017929077,0.7465699911117554,0.7429999709129333,0.7437800168991089,0,0.00015000000000000001
2017-07-06 23:00:00+00:00,0.7399100065231323,0.749809980392456,0.7390000224113464,0.7397099733352661,0,0.00015000000000000001
2017-07-09 23:00:00+00:00,0.748170018196106,0.7510799765586853,0.7465000152587891,0.7478600144386292,0,0.00015000000000000001
2017-07-10 23:00:00+00:00,0.7490500211715698,0.7505099773406982,0.7468199729919434,0.7491999864578247,0,0.00015000000000000001
2017-07-11 23:00:00+00:00,0.7459700107574463,0.755649983882904,0.7434999942779541,0.7460799813270569,0,0.00015000000000000001
2017-07-12 23:00:00+00:00,0.7567899823188782,0.7603099942207336,0.7547000050544739,0.7567499876022339,0,0.00015000000000000001
2017-07-13 23:00:00+00:00,0.7597100138664246,0.7628499865531921,0.7570300102233887,0.7592999935150146,0,0.00015000000000000001
2017-07-16 23:00:00+00:00,0.761900007724762,0.7626399993896484,0.7579399943351746,0.7615000009536743,0,0.00015000000000000001
2017-07-17 23:00:00+00:00,0.7586299777030945,0.7597399950027466,0.7521700263023376,0.7584099769592285,0,0.00015000000000000001
2017-07-18 23:00:00+00:00,0.7559499740600586,0.7589600086212158,0.7538999915122986,0.7560300230979919,0,0.00015000000000000001
2017-07-19 23:00:00+00:00,0.7575700283050537,0.762179970741272,0.7536299824714661,0.7573999762535095,0,0.00015000000000000001
2017-07-20 23:00:00+00:00,0.7552599906921387,0.7565699815750122,0.7529000043869019,0.7552499771118164,0,0.00015000000000000001
2017-07-23 23:00:00+00:00,0.7536500096321106,0.7576799988746643,0.7529000043869019,0.7535499930381775,0,0.00015000000000000001
2017-07-24 23:00:00+00:00,0.7575299739837646,0.759440004825592,0.7558000087738037,0.7575100064277649,0,0.00015000000000000001
2017-07-25 23:00:00+00:00,0.7614099979400635,0.7668899893760681,0.760699987411499,0.761709988117218,0,0.00015000000000000001
2017-07-26 23:00:00+00:00,0.7638900279998779,0.7714499831199646,0.7634999752044678,0.7634999752044678,0,0.00015000000000000001
2017-07-27 23:00:00+00:00,0.7685400247573853,0.7800800204277039,0.7681999802589417,0.768339991569519,0,0.00015000000000000001
2017-07-30 23:00:00+00:00,0.7775999903678894,0.7787700295448303,0.7706800103187561,0.7775800228118896,0,0.00015000000000000001
2017-07-31 23:00:00+00:00,0.7732999920845032,0.7760900259017944,0.7695000171661377,0.7732800245285034,0,0.00015000000000000001
2017-08-01 23:00:00+00:00,0.7693399786949158,0.7727000117301941,0.7664999961853027,0.7693600058555603,0,0.00015000000000000001
2017-08-02 23:00:00+00:00,0.7716299891471863,0.7723399996757507,0.767270028591156,0.7715799808502197,0,0.00015000000000000001
2017-08-03 23:00:00+00:00,0.7699499726295471,0.7726799845695496,0.7684000134468079,0.7699099779129028,0,0.00015000000000000001
2017-08-06 23:00:00+00:00,0.7692800164222717,0.7699900269508362,0.7652000188827515,0.7692000269889832,0,0.00015000000000000001
2017-08-07 23:00:00+00:00,0.7679799795150757,0.7715799808502197,0.7657999992370605,0.7678700089454651,0,0.00015000000000000001
2017-08-08 23:00:00+00:00,0.7677500247955322,0.767799973487854,0.7572199702262878,0.7678400278091431,0,0.00015000000000000001
2017-08-09 23:00:00+00:00,0.758840024471283,0.7620999813079834,0.7577199935913086,0.7588199973106384,0,0.00015000000000000001
2017-08-10 23:00:00+00:00,0.7548400163650513,0.7597200274467468,0.7529000043869019,0.7549600005149841,0,0.00015000000000000001
2017-08-13 23:00:00+00:00,0.7591999769210815,0.7656599879264832,0.7587000131607056,0.7590000033378601,0,0.00015000000000000001
2017-08-14 23:00:00+00:00,0.7637900114059448,0.76569002866745,0.7617999911308289,0.7639700174331665,0,0.00015000000000000001
2017-08-15 23:00:00+00:00,0.7623599767684937,0.7681099772453308,0.7615000009536743,0.7623500227928162,0,0.00015000000000000001
2017-08-16 23:00:00+00:00,0.7642800211906433,0.7676699757575989,0.760699987411499,0.764519989490509,0,0.00015000000000000001
2017-08-17 23:00:00+00:00,0.7584699988365173,0.7680500149726868,0.7581999897956848,0.7584800124168396,0,0.00015000000000000001
2017-08-20 23:00:00+00:00,0.7671800255775452,0.768589973449707,0.7631700038909912,0.7671599984169006,0,0.00015000000000000001
2017-08-21 23:00:00+00:00,0.7664700150489807,0.7724999785423279,0.7657999992370605,0.7661700248718262,0,0.00015000000000000001
2017-08-22 23:00:00+00:00,0.7707099914550781,0.7710800170898438,0.7656000256538391,0.7706699967384338,0,0.00015000000000000001
2017-08-23 23:00:00+00:00,0.7692400217056274,0.7706000208854675,0.7669000029563904,0.7692599892616272,0,0.00015000000000000001
2017-08-24 23:00:00+00:00,0.7713000178337097,0.7720800042152405,0.7656999826431274,0.7712699770927429,0,0.00015000000000000001
2017-08-27 23:00:00+00:00,0.7658600211143494,0.7674999833106995,0.763700008392334,0.7658500075340271,0,0.00015000000000000001
2017-08-28 23:00:00+00:00,0.7609699964523315,0.7627099752426147,0.7558000087738037,0.7610999941825867,0,0.00015000000000000001
2017-08-29 23:00:00+00:00,0.7635999917984009,0.7643399834632874,0.7593200206756592,0.7635899782180786,0,0.00015000000000000001
2017-08-30 23:00:00+00:00,0.7631199955940247,0.7705299854278564,0.7605999708175659,0.7627000212669373,0,0.00015000000000000001
2017-08-31 23:00:00+00:00,0.7691500186920166,0.7779800295829773,0.7681999802589417,0.76910001039505,0,0.00015000000000000001
2017-09-03 23:00:00+00:00,0.776199996471405,0.776669979095459,0.7688000202178955,0.7756999731063843,0,0.00015000000000000001
2017-09-04 23:00:00+00:00,0.772159993648529,0.7757099866867065,0.7699000239372253,0.7723600268363953,0,0.00015000000000000001
2017-09-05 23:00:00+00:00,0.7709100246429443,0.7843199968338013,0.76910001039505,0.7706000208854675,0,0.00015000000000000001
2017-09-06 23:00:00+00:00,0.7810199856758118,0.7842900156974792,0.7797999978065491,0.781000018119812,0,0.00015000000000000001
2017-09-07 23:00:00+00:00,0.7839300036430359,0.7843800187110901,0.7792999744415283,0.7839499711990356,0,0.00015000000000000001
2017-09-10 23:00:00+00:00,0.7797600030899048,0.7859500050544739,0.7792999744415283,0.7792999744415283,0,0.00015000000000000001
2017-09-11 23:00:00+00:00,0.7898600101470947,0.791450023651123,0.7865999937057495,0.7897300124168396,0,0.00015000000000000001
2017-09-12 23:00:00+00:00,0.788100004196167,0.7911099791526794,0.7874000072479248,0.7884100079536438,0,0.00015000000000000001
2017-09-13 23:00:00+00:00,0.7917600274085999,0.7951800227165222,0.7895699739456177,0.7917699813842773,0,0.00015000000000000001
2017-09-14 23:00:00+00:00,0.790149986743927,0.7927799820899963,0.786300003528595,0.7903599739074707,0,0.00015000000000000001
2017-09-17 23:00:00+00:00,0.7871999740600586,0.7895200252532959,0.784500002861023,0.7872899770736694,0,0.00015000000000000001
2017-09-18 23:00:00+00:00,0.7827600240707397,0.7854999899864197,0.779699981212616,0.7827900052070618,0,0.00015000000000000001
2017-09-19 23:00:00+00:00,0.7828699946403503,0.785610020160675,0.7817999720573425,0.7824000120162964,0,0.00015000000000000001
2017-09-20 23:00:00+00:00,0.7866799831390381,0.7890099883079529,0.7853999733924866,0.7868800163269043,0,0.00015000000000000001
2017-09-21 23:00:00+00:00,0.7871400117874146,0.7907299995422363,0.7847999930381775,0.7868000268936157,0,0.00015000000000000001
2017-09-24 23:00:00+00:00,0.7862600088119507,0.7908099889755249,0.7840499877929688,0.7861700057983398,0,0.00015000000000000001
2017-09-25 23:00:00+00:00,0.7810099720954895,0.7865899801254272,0.7793999910354614,0.781000018119812,0,0.00015000000000000001
2017-09-26 23:00:00+00:00,0.7840499877929688,0.7899799942970276,0.7833999991416931,0.7838500142097473,0,0.00015000000000000001
2017-09-27 23:00:00+00:00,0.7783200144767761,0.7856400012969971,0.7779800295829773,0.7784900069236755,0,0.00015000000000000001
2017-09-28 23:00:00+00:00,0.7804099917411804,0.7856400012969971,0.7731999754905701,0.7803199887275696,0,0.00015000000000000001
2017-10-01 23:00:00+00:00,0.7762699723243713,0.7856400012969971,0.7746999859809875,0.7759000062942505,0,0.00015000000000000001
2017-10-02 23:00:00+00:00,0.778439998626709,0.7856400012969971,0.7775999903678894,0.777899980545044,0,0.00015000000000000001
2017-10-03 23:00:00+00:00,0.7789899706840515,0.7818899750709534,0.7781999707221985,0.7790499925613403,0,0.00015000000000000001
2017-10-04 23:00:00+00:00,0.7809000015258789,0.7833200097084045,0.7788400053977966,0.7811599969863892,0,0.00015000000000000001
2017-10-05 23:00:00+00:00,0.7781400084495544,0.7824299931526184,0.777400016784668,0.7782599925994873,0,0.00015000000000000001
2017-10-08 23:00:00+00:00,0.7799400091171265,0.7816500067710876,0.7791000008583069,0.7799000144004822,0,0.00015000000000000001
2017-10-09 23:00:00+00:00,0.7803900241851807,0.7819700241088867,0.7787899971008301,0.7803300023078918,0,0.00015000000000000001
2017-10-10 23:00:00+00:00,0.7789199948310852,0.7801799774169922,0.7764999866485596,0.7788400053977966,0,0.00015000000000000001
2017-10-11 23:00:00+00:00,0.7815700173377991,0.7826399803161621,0.7797999978065491,0.7813400030136108,0,0.00015000000000000001
2017-10-12 23:00:00+00:00,0.7814300060272217,0.7831199765205383,0.7782099843025208,0.781000018119812,0,0.00015000000000000001
2017-10-15 23:00:00+00:00,0.7803999781608582,0.7828900218009949,0.7759000062942505,0.7804999947547913,0,0.00015000000000000001
2017-10-16 23:00:00+00:00,0.7787600159645081,0.7815999984741211,0.7782800197601318,0.7787100076675415,0,0.00015000000000000001
2017-10-17 23:00:00+00:00,0.7824100255966187,0.7870699763298035,0.781499981880188,0.7822700142860413,0,0.00015000000000000001
2017-10-18 23:00:00+00:00,0.7869799733161926,0.7869799733161926,0.7799000144004822,0.7869899868965149,0,0.00015000000000000001
2017-10-19 23:00:00+00:00,0.7820600271224976,0.7869899868965149,0.7791000008583069,0.7820799946784973,0,0.00015000000000000001
2017-10-22 23:00:00+00:00,0.7796000242233276,0.7820799946784973,0.7785000205039978,0.7801799774169922,0,0.00015000000000000001
2017-10-23 23:00:00+00:00,0.7787899971008301,0.7821400165557861,0.7775999903678894,0.7785000205039978,0,0.00015000000000000001
2017-10-24 23:00:00+00:00,0.7818599939346313,0.7828599810600281,0.7717999815940857,0.7818599939346313,0,0.00015000000000000001
2017-10-25 23:00:00+00:00,0.7726399898529053,0.7771000266075134,0.7720000147819519,0.7726699709892273,0,0.00015000000000000001
2017-10-26 23:00:00+00:00,0.7764700055122375,0.778410017490387,0.7741000056266785,0.7760000228881836,0,0.00015000000000000001
2017-10-30 00:00:00+00:00,0.7777600288391113,0.7785000205039978,0.7755600214004517,0.7776899933815002,0,0.00015000000000000001
2017-10-31 00:00:00+00:00,0.7756400108337402,0.7777799963951111,0.772849977016449,0.7754899859428406,0,0.00015000000000000001
2017-11-01 00:00:00+00:00,0.7737399935722351,0.7774800062179565,0.7731000185012817,0.7735000252723694,0,0.00015000000000000001
2017-11-02 00:00:00+00:00,0.7787799835205078,0.7792400121688843,0.7762899994850159,0.7786800265312195,0,0.00015000000000000001
2017-11-03 00:00:00+00:00,0.7797999978065491,0.7852100133895874,0.7771999835968018,0.779699981212616,0,0.00015000000000000001
2017-11-06 00:00:00+00:00,0.7837799787521362,0.7857900261878967,0.7821000218391418,0.7832000255584717,0,0.00015000000000000001
2017-11-07 00:00:00+00:00,0.7845399975776672,0.7862799763679504,0.7795799970626831,0.7847099900245667,0,0.00015000000000000001
2017-11-08 00:00:00+00:00,0.7820900082588196,0.7860400080680847,0.7817000150680542,0.7819300293922424,0,0.00015000000000000001
2017-11-09 00:00:00+00:00,0.7854300141334534,0.7872800230979919,0.7831000089645386,0.7851999998092651,0,0.00015000000000000001
2017-11-10 00:00:00+00:00,0.7839099764823914,0.7857099771499634,0.7829999923706055,0.7839499711990356,0,0.00015000000000000001
2017-11-13 00:00:00+00:00,0.7849400043487549,0.7858800292015076,0.781000018119812,0.7850900292396545,0,0.00015000000000000001
2017-11-14 00:00:00+00:00,0.7823799848556519,0.7825599908828735,0.7760499715805054,0.7822800278663635,0,0.00015000000000000001
2017-11-15 00:00:00+00:00,0.7769299745559692,0.7770000100135803,0.7706000208854675,0.7766100168228149,0,0.00015000000000000001
2017-11-17 00:00:00+00:00,0.7786800265312195,0.7796599864959717,0.7720999717712402,0.7786999940872192,0,0.00015000000000000001
2017-11-20 00:00:00+00:00,0.7734100222587585,0.7761399745941162,0.7717999815940857,0.7734400033950806,0,0.00015000000000000001
2017-11-21 00:00:00+00:00,0.774940013885498,0.777679979801178,0.7731999754905701,0.7746000289916992,0,0.00015000000000000001
2017-11-22 00:00:00+00:00,0.7754700183868408,0.7761099934577942,0.7716000080108643,0.7755699753761292,0,0.00015000000000000001
2017-11-23 00:00:00+00:00,0.7724999785423279,0.7745199799537659,0.7706999778747559,0.7729099988937378,0,0.00015000000000000001
2017-11-24 00:00:00+00:00,0.7720400094985962,0.7722700238227844,0.76910001039505,0.7720299959182739,0,0.00015000000000000001
2017-11-27 00:00:00+00:00,0.7710000276565552,0.7737900018692017,0.7684000134468079,0.7707399725914001,0,0.00015000000000000001
2017-11-28 00:00:00+00:00,0.7691699862480164,0.7700499892234802,0.766700029373169,0.7690500020980835,0,0.00015000000000000001
2017-11-29 00:00:00+00:00,0.7678200006484985,0.769599974155426,0.7645999789237976,0.7678899765014648,0,0.00015000000000000001
2017-11-30 00:00:00+00:00,0.7652400135993958,0.7664700150489807,0.7619799971580505,0.7648000121116638,0,0.00015000000000000001
2017-12-01 00:00:00+00:00,0.7629899978637695,0.7746899724006653,0.7620000243186951,0.7628099918365479,0,0.00015000000000000001
2017-12-04 00:00:00+00:00,0.7723699808120728,0.7770500183105469,0.7713000178337097,0.7720400094985962,0,0.00015000000000000001
2017-12-05 00:00:00+00:00,0.7766299843788147,0.7804399728775024,0.776199996471405,0.776639997959137,0,0.00015000000000000001
2017-12-06 00:00:00+00:00,0.7775999903678894,0.7818300127983093,0.7736999988555908,0.7771999835968018,0,0.00015000000000000001
2017-12-07 00:00:00+00:00,0.7735700011253357,0.7743099927902222,0.770799994468689,0.7735199928283691,0,0.00015000000000000001
2017-12-08 00:00:00+00:00,0.7734799981117249,0.7771400213241577,0.7710000276565552,0.7735000252723694,0,0.00015000000000000001
2017-12-11 00:00:00+00:00,0.7720100283622742,0.772599995136261,0.7692999839782715,0.7718899846076965,0,0.00015000000000000001
2017-12-12 00:00:00+00:00,0.7713000178337097,0.7735400199890137,0.7698000073432922,0.7712100148200989,0,0.00015000000000000001
2017-12-13 00:00:00+00:00,0.7702699899673462,0.7720999717712402,0.7681000232696533,0.7699000239372253,0,0.00015000000000000001
2017-12-14 00:00:00+00:00,0.768809974193573,0.7711899876594543,0.767300009727478,0.7687600255012512,0,0.00015000000000000001
2017-12-15 00:00:00+00:00,0.7729200124740601,0.7762600183486938,0.7705000042915344,0.772849977016449,0,0.00015000000000000001
2017-12-18 00:00:00+00:00,0.7698299884796143,0.7707099914550781,0.765500009059906,0.7697200179100037,0,0.00015000000000000001
2017-12-19 00:00:00+00:00,0.7660499811172485,0.7667499780654907,0.7635999917984009,0.7657300233840942,0,0.00015000000000000001
2017-12-20 00:00:00+00:00,0.7651000022888184,0.7700999975204468,0.7644000053405762,0.7650799751281738,0,0.00015000000000000001
2017-12-21 00:00:00+00:00,0.7688300013542175,0.7775800228118896,0.7674999833106995,0.7688800096511841,0,0.00015000000000000001
2017-12-22 00:00:00+00:00,0.7761499881744385,0.7797099947929382,0.7730000019073486,0.775600016117096,0,0.00015000000000000001
2017-12-25 00:00:00+00:00,0.7771000266075134,0.7777000069618225,0.7734000086784363,0.7770000100135803,0,0.00015000000000000001
2017-12-26 00:00:00+00:00,0.777400016784668,0.7795900106430054,0.7767000198364258,0.7771999835968018,0,0.00015000000000000001
2017-12-27 00:00:00+00:00,0.780019998550415,0.7834100127220154,0.7789999842643738,0.7799500226974487,0,0.00015000000000000001
2017-12-28 00:00:00+00:00,0.7795100212097168,0.7802199721336365,0.7760000228881836,0.7789999842643738,0,0.00015000000000000001
2017-12-29 00:00:00+00:00,0.7784000039100647,0.7793999910354614,0.7765499949455261,0.7784000039100647,0,0.00015000000000000001
2018-01-01 00:00:00+00:00,0.7742000222206116,0.7745000123977661,0.7705000042915344,0.7742000222206116,0,0.00015000000000000001
2018-01-02 00:00:00+00:00,0.7763199806213379,0.7777299880981445,0.7735000252723694,0.776199996471405,0,0.00015000000000000001
2018-01-03 00:00:00+00:00,0.7767699956893921,0.7816799879074097,0.775600016117096,0.7763000130653381,0,0.00015000000000000001
2018-01-04 00:00:00+00:00,0.7786499857902527,0.7807499766349792,0.7771999835968018,0.7786800265312195,0,0.00015000000000000001
2018-01-05 00:00:00+00:00,0.7801100015640259,0.7900400161743164,0.77920001745224,0.7796000242233276,0,0.00015000000000000001
2018-01-08 00:00:00+00:00,0.7865399718284607,0.7890599966049194,0.7849000096321106,0.786549985408783,0,0.00015000000000000001
2018-01-09 00:00:00+00:00,0.7871800065040588,0.7912099957466125,0.786300003528595,0.7871000170707703,0,0.00015000000000000001
2018-01-10 00:00:00+00:00,0.7887899875640869,0.7896000146865845,0.7814000248908997,0.7882000207901001,0,0.00015000000000000001
2018-01-11 00:00:00+00:00,0.7796000242233276,0.7814499735832214,0.7753000259399414,0.7800800204277039,0,0.00015000000000000001
2018-01-12 00:00:00+00:00,0.7790499925613403,0.7796400189399719,0.7742599844932556,0.7788000106811523,0,0.00015000000000000001
2018-01-15 00:00:00+00:00,0.7768300175666809,0.7770799994468689,0.7720000147819519,0.7768399715423584,0,0.00015000000000000001
2018-01-16 00:00:00+00:00,0.7749599814414978,0.7778599858283997,0.7739999890327454,0.7748000025749207,0,0.00015000000000000001
2018-01-17 00:00:00+00:00,0.7719399929046631,0.7757099866867065,0.7692599892616272,0.771809995174408,0,0.00015000000000000001
2018-01-18 00:00:00+00:00,0.7754899859428406,0.7756400108337402,0.767799973487854,0.7757800221443176,0,0.00015000000000000001
2018-01-19 00:00:00+00:00,0.7723100185394287,0.7727500200271606,0.7681000232696533,0.7725200057029724,0,0.00015000000000000001
2018-01-22 00:00:00+00:00,0.7700700163841248,0.7733399868011475,0.7687000036239624,0.7699599862098694,0,0.00015000000000000001
2018-01-23 00:00:00+00:00,0.7725099921226501,0.772819995880127,0.7678999900817871,0.772409975528717,0,0.00015000000000000001
2018-01-24 00:00:00+00:00,0.7706999778747559,0.7715799808502197,0.76419997215271,0.7702000141143799,0,0.00015000000000000001
2018-01-25 00:00:00+00:00,0.7660700082778931,0.7672100067138672,0.7550600171089172,0.7660300135612488,0,0.00015000000000000001
2018-01-26 00:00:00+00:00,0.7605699896812439,0.7612199783325195,0.7572000026702881,0.7602999806404114,0,0.00015000000000000001
2018-01-29 00:00:00+00:00,0.7577999830245972,0.7604900002479553,0.7566999793052673,0.7581400275230408,0,0.00015000000000000001
2018-01-30 00:00:00+00:00,0.7598299980163574,0.7602099776268005,0.7551000118255615,0.7598199844360352,0,0.00015000000000000001
2018-01-31 00:00:00+00:00,0.7576000094413757,0.7615699768066406,0.7569900155067444,0.7572000026702881,0,0.00015000000000000001
2018-02-01 00:00:00+00:00,0.7568100094795227,0.758400022983551,0.7544999718666077,0.7565000057220459,0,0.00015000000000000001
2018-02-02 00:00:00+00:00,0.755299985408783,0.7562100291252136,0.7512000203132629,0.7551400065422058,0,0.00015000000000000001
2018-02-05 00:00:00+00:00,0.7488099932670593,0.7514899969100952,0.7477999925613403,0.7487900257110596,0,0.00015000000000000001
2018-02-06 00:00:00+00:00,0.7429100275039673,0.7507399916648865,0.741599977016449,0.7427399754524231,0,0.00015000000000000001
2018-02-07 00:00:00+00:00,0.7484099864959717,0.7536699771881104,0.746399998664856,0.7485600113868713,0,0.00015000000000000001
2018-02-08 00:00:00+00:00,0.750029981136322,0.7520599961280823,0.7423400282859802,0.7500799894332886,0,0.00015000000000000001
2018-02-09 00:00:00+00:00,0.742579996585846,0.7464100122451782,0.7394800186157227,0.7426400184631348,0,0.00015000000000000001
2018-02-12 00:00:00+00:00,0.7463700175285339,0.7471500039100647,0.7432000041007996,0.7463399767875671,0,0.00015000000000000001
2018-02-13 00:00:00+00:00,0.7457000017166138,0.7469499707221985,0.7394999861717224,0.7460200190544128,0,0.00015000000000000001
2018-02-14 00:00:00+00:00,0.7428100109100342,0.7430999875068665,0.7395899891853333,0.7425000071525574,0,0.00015000000000000001
2018-02-15 00:00:00+00:00,0.7431899905204773,0.7437400221824646,0.736299991607666,0.7429900169372559,0,0.00015000000000000001
2018-02-16 00:00:00+00:00,0.7385799884796143,0.7402300238609314,0.736519992351532,0.7386400103569031,0,0.00015000000000000001
2018-02-19 00:00:00+00:00,0.7382799983024597,0.7408000230789185,0.7376000285148621,0.7382799983024597,0,0.00015000000000000001
2018-02-20 00:00:00+00:00,0.7394099831581116,0.742609977722168,0.7387999892234802,0.7394099831581116,0,0.00015000000000000001
2018-02-21 00:00:00+00:00,0.7401800155639648,0.7410100102424622,0.7383999824523926,0.7402700185775757,0,0.00015000000000000001
2018-02-22 00:00:00+00:00,0.7392399907112122,0.7409499883651733,0.7337999939918518,0.739109992980957,0,0.00015000000000000001
2018-02-23 00:00:00+00:00,0.7338299751281738,0.7402899861335754,0.7332000136375427,0.7338299751281738,0,0.00015000000000000001
2018-02-26 00:00:00+00:00,0.7408499717712402,0.7408499717712402,0.7376000285148621,0.7407500147819519,0,0.00015000000000000001
2018-02-27 00:00:00+00:00,0.7398099899291992,0.7398200035095215,0.7361000180244446,0.7394000291824341,0,0.00015000000000000001
2018-02-28 00:00:00+00:00,0.7355700135231018,0.7390000224113464,0.7347999811172485,0.7354000210762024,0,0.00015000000000000001
2018-03-01 00:00:00+00:00,0.7360600233078003,0.738610029220581,0.7348999977111816,0.7354999780654907,0,0.00015000000000000001
2018-03-02 00:00:00+00:00,0.7335000038146973,0.7345700263977051,0.7253999710083008,0.7336099743843079,0,0.00015000000000000001
2018-03-05 00:00:00+00:00,0.7270699739456177,0.7272099852561951,0.722100019454956,0.7270500063896179,0,0.00015000000000000001
2018-03-06 00:00:00+00:00,0.7240300178527832,0.729449987411499,0.7229999899864197,0.7239999771118164,0,0.00015000000000000001
2018-03-07 00:00:00+00:00,0.7245699763298035,0.7302500009536743,0.723800003528595,0.7244600057601929,0,0.00015000000000000001
2018-03-08 00:00:00+00:00,0.7311499714851379,0.7345899939537048,0.7297999858856201,0.730400025844574,0,0.00015000000000000001
2018-03-09 00:00:00+00:00,0.7376800179481506,0.7412700057029724,0.7368999719619751,0.7372999787330627,0,0.00015000000000000001
2018-03-12 00:00:00+00:00,0.7419700026512146,0.74235999584198,0.738099992275238,0.7419999837875366,0,0.00015000000000000001
2018-03-13 00:00:00+00:00,0.7369999885559082,0.7385900020599365,0.7294999957084656,0.7374299764633179,0,0.00015000000000000001
2018-03-14 00:00:00+00:00,0.7282599806785583,0.7320799827575684,0.7276999950408936,0.72816002368927,0,0.00015000000000000001
2018-03-15 00:00:00+00:00,0.7290400266647339,0.7303100228309631,0.725600004196167,0.728950023651123,0,0.00015000000000000001
2018-03-16 00:00:00+00:00,0.7287799715995789,0.7296800017356873,0.7250999808311462,0.7287999987602234,0,0.00015000000000000001
2018-03-19 00:00:00+00:00,0.7277299761772156,0.7294300198554993,0.7251999974250793,0.7271999716758728,0,0.00015000000000000001
2018-03-20 00:00:00+00:00,0.7271000146865845,0.73089998960495,0.7264000177383423,0.7264999747276306,0,0.00015000000000000001
2018-03-21 00:00:00+00:00,0.7311800122261047,0.7364699840545654,0.7299000024795532,0.7310400009155273,0,0.00015000000000000001
2018-03-22 00:00:00+00:00,0.7354300022125244,0.7379099726676941,0.7327200174331665,0.7354099750518799,0,0.00015000000000000001
2018-03-23 00:00:00+00:00,0.7317399978637695,0.7397199869155884,0.7311999797821045,0.7315899729728699,0,0.00015000000000000001
2018-03-25 23:00:00+00:00,0.7350000143051147,0.7379599809646606,0.730400025844574,0.7347000241279602,0,0.00015000000000000001
2018-03-26 23:00:00+00:00,0.7361500263214111,0.7384999990463257,0.7343000173568726,0.7354999780654907,0,0.00015000000000000001
2018-03-27 23:00:00+00:00,0.7348700165748596,0.7415300011634827,0.7344899773597717,0.7348499894142151,0,0.00015000000000000001
2018-03-28 23:00:00+00:00,0.7404199838638306,0.7431399822235107,0.7390999794006348,0.7404099702835083,0,0.00015000000000000001
2018-03-29 23:00:00+00:00,0.7415000200271606,0.7419000267982483,0.7383000254631042,0.7417500019073486,0,0.00015000000000000001
2018-04-01 23:00:00+00:00,0.7404599785804749,0.7407699823379517,0.7389000058174133,0.74031001329422,0,0.00015000000000000001
2018-04-02 23:00:00+00:00,0.7387999892234802,0.7505300045013428,0.7386999726295471,0.7386999726295471,0,0.00015000000000000001
2018-04-03 23:00:00+00:00,0.7477999925613403,0.7503600120544434,0.7446799874305725,0.7482600212097168,0,0.00015000000000000001
2018-04-04 23:00:00+00:00,0.7520999908447266,0.7539899945259094,0.7508999705314636,0.7526500225067139,0,0.00015000000000000001
2018-04-05 23:00:00+00:00,0.7533699870109558,0.7564100027084351,0.7507399916648865,0.7529000043869019,0,0.00015000000000000001
2018-04-08 23:00:00+00:00,0.7504000067710876,0.7538099884986877,0.7483299970626831,0.7505199909210205,0,0.00015000000000000001
2018-04-09 23:00:00+00:00,0.7525200247764587,0.7592499852180481,0.751800000667572,0.7526800036430359,0,0.00015000000000000001
2018-04-10 23:00:00+00:00,0.7592399716377258,0.762179970741272,0.7577999830245972,0.7592800259590149,0,0.00015000000000000001
2018-04-11 23:00:00+00:00,0.7612000107765198,0.7657600045204163,0.7605000138282776,0.7615900039672852,0,0.00015000000000000001
2018-04-12 23:00:00+00:00,0.7643799781799316,0.7666900157928467,0.7631000280380249,0.7643100023269653,0,0.00015000000000000001
2018-04-15 23:00:00+00:00,0.7641199827194214,0.7642999887466431,0.7603999972343445,0.7640500068664551,0,0.00015000000000000001
2018-04-16 23:00:00+00:00,0.7633399963378906,0.7707300186157227,0.7628999948501587,0.7634199857711792,0,0.00015000000000000001
2018-04-17 23:00:00+00:00,0.7696800231933594,0.7702500224113464,0.7644500136375427,0.7696400284767151,0,0.00015000000000000001
2018-04-18 23:00:00+00:00,0.767009973526001,0.7695299983024597,0.7657999992370605,0.7669000029563904,0,0.00015000000000000001
2018-04-19 23:00:00+00:00,0.7669500112533569,0.769860029220581,0.7639999985694885,0.7670000195503235,0,0.00015000000000000001
2018-04-22 23:00:00+00:00,0.7640299797058105,0.7652199864387512,0.7605000138282776,0.7640699744224548,0,0.00015000000000000001
2018-04-23 23:00:00+00:00,0.7613499760627747,0.7647600173950195,0.7605999708175659,0.7614499926567078,0,0.00015000000000000001
2018-04-24 23:00:00+00:00,0.7632499933242798,0.7645300030708313,0.7626000046730042,0.7628999948501587,0,0.00015000000000000001
2018-04-25 23:00:00+00:00,0.7655100226402283,0.7680500149726868,0.7646999955177307,0.765500009059906,0,0.00015000000000000001
2018-04-26 23:00:00+00:00,0.7684800028800964,0.7699400186538696,0.7674999833106995,0.7682999968528748,0,0.00015000000000000001
2018-04-29 23:00:00+00:00,0.7692800164222717,0.7732099890708923,0.7680000066757202,0.7693799734115601,0,0.00015000000000000001
2018-04-30 23:00:00+00:00,0.7717400193214417,0.7743099927902222,0.7713000178337097,0.7714999914169312,0,0.00015000000000000001
2018-05-01 23:00:00+00:00,0.7753999829292297,0.7772600054740906,0.7746999859809875,0.7757400274276733,0,0.00015000000000000001
2018-05-02 23:00:00+00:00,0.7756699919700623,0.7779399752616882,0.7739999890327454,0.7752000093460083,0,0.00015000000000000001
2018-05-03 23:00:00+00:00,0.7760999798774719,0.778980016708374,0.7748000025749207,0.7760300040245056,0,0.00015000000000000001
2018-05-06 23:00:00+00:00,0.7782300114631653,0.7807199954986572,0.7766000032424927,0.7781199812889099,0,0.00015000000000000001
2018-05-07 23:00:00+00:00,0.7777799963951111,0.7781500220298767,0.7707499861717224,0.777679979801178,0,0.00015000000000000001
2018-05-08 23:00:00+00:00,0.7732700109481812,0.7814199924468994,0.772599995136261,0.7732099890708923,0,0.00015000000000000001
2018-05-09 23:00:00+00:00,0.7823200225830078,0.7863399982452393,0.781499981880188,0.7824199795722961,0,0.00015000000000000001
2018-05-10 23:00:00+00:00,0.7852299809455872,0.7866700291633606,0.7807999849319458,0.7851300239562988,0,0.00015000000000000001
2018-05-13 23:00:00+00:00,0.7823100090026855,0.7832199931144714,0.7796000242233276,0.782230019569397,0,0.00015000000000000001
2018-05-14 23:00:00+00:00,0.781000018119812,0.7821699976921082,0.7760999798774719,0.781279981136322,0,0.00015000000000000001
2018-05-15 23:00:00+00:00,0.7777299880981445,0.7823399901390076,0.7763000130653381,0.7777799963951111,0,0.00015000000000000001
2018-05-16 23:00:00+00:00,0.7821999788284302,0.7854499816894531,0.7813500165939331,0.7825800180435181,0,0.00015000000000000001
2018-05-17 23:00:00+00:00,0.7803300023078918,0.781220018863678,0.773169994354248,0.7803199887275696,0,0.00015000000000000001
2018-05-20 23:00:00+00:00,0.7748799920082092,0.7775899767875671,0.7746000289916992,0.7749000191688538,0,0.00015000000000000001
2018-05-21 23:00:00+00:00,0.7800499796867371,0.7816799879074097,0.7757999897003174,0.7797999978065491,0,0.00015000000000000001
2018-05-22 23:00:00+00:00,0.7740899920463562,0.7744600176811218,0.766700029373169,0.7738900184631348,0,0.00015000000000000001
2018-05-23 23:00:00+00:00,0.7739999890327454,0.7746099829673767,0.7654399871826172,0.7742000222206116,0,0.00015000000000000001
2018-05-24 23:00:00+00:00,0.7690399885177612,0.7700899839401245,0.7627000212669373,0.769320011138916,0,0.00015000000000000001
2018-05-27 23:00:00+00:00,0.7645400166511536,0.7666199803352356,0.7623999714851379,0.7644500136375427,0,0.00015000000000000001
2018-05-28 23:00:00+00:00,0.7646600008010864,0.7659800052642822,0.7613999843597412,0.7645000219345093,0,0.00015000000000000001
2018-05-29 23:00:00+00:00,0.7605699896812439,0.7706699967384338,0.7594000101089478,0.7602599859237671,0,0.00015000000000000001
2018-05-30 23:00:00+00:00,0.766759991645813,0.7689800262451172,0.7570000290870667,0.7663000226020813,0,0.00015000000000000001
2018-05-31 23:00:00+00:00,0.7605999708175659,0.7643300294876099,0.7599999904632568,0.7603999972343445,0,0.00015000000000000001
2018-06-03 23:00:00+00:00,0.7630000114440918,0.7649199962615967,0.7608000040054321,0.7626000046730042,0,0.00015000000000000001
2018-06-04 23:00:00+00:00,0.7647200226783752,0.7647299766540527,0.7569000124931335,0.7639999985694885,0,0.00015000000000000001
2018-06-05 23:00:00+00:00,0.7606099843978882,0.7677099704742432,0.7589899897575378,0.7606899738311768,0,0.00015000000000000001
2018-06-06 23:00:00+00:00,0.7609999775886536,0.761929988861084,0.7554000020027161,0.7612000107765198,0,0.00015000000000000001
2018-06-07 23:00:00+00:00,0.7556099891662598,0.7610999941825867,0.7533000111579895,0.7553399801254272,0,0.00015000000000000001
2018-06-10 23:00:00+00:00,0.7595099806785583,0.7610999941825867,0.7559999823570251,0.7592599987983704,0,0.00015000000000000001
2018-06-11 23:00:00+00:00,0.7593899965286255,0.7602300047874451,0.7556999921798706,0.7593899965286255,0,0.00015000000000000001
2018-06-12 23:00:00+00:00,0.7583100199699402,0.7598000168800354,0.7567999958992004,0.7581999897956848,0,0.00015000000000000001
2018-06-13 23:00:00+00:00,0.758840024471283,0.7644100189208984,0.7569000124931335,0.7584999799728394,0,0.00015000000000000001
2018-06-14 23:00:00+00:00,0.7599599957466125,0.7605599761009216,0.7533000111579895,0.7599700093269348,0,0.00015000000000000001
2018-06-17 23:00:00+00:00,0.7558900117874146,0.7577400207519531,0.751800000667572,0.75586998462677,0,0.00015000000000000001
2018-06-18 23:00:00+00:00,0.7525299787521362,0.7539299726486206,0.7477999925613403,0.7524499893188477,0,0.00015000000000000001
2018-06-19 23:00:00+00:00,0.7487199902534485,0.7507699728012085,0.746999979019165,0.7485600113868713,0,0.00015000000000000001
2018-06-20 23:00:00+00:00,0.7485100030899048,0.7499600052833557,0.7440999746322632,0.7480999827384949,0,0.00015000000000000001
2018-06-21 23:00:00+00:00,0.7445099949836731,0.7462800145149231,0.7400199770927429,0.7441999912261963,0,0.00015000000000000001
2018-06-24 23:00:00+00:00,0.7438200116157532,0.7441499829292297,0.7409200072288513,0.7438700199127197,0,0.00015000000000000001
2018-06-25 23:00:00+00:00,0.7421600222587585,0.7455000281333923,0.7408999800682068,0.7416999936103821,0,0.00015000000000000001
2018-06-26 23:00:00+00:00,0.7445999979972839,0.7491700053215027,0.7427999973297119,0.7449100017547607,0,0.00015000000000000001
2018-06-27 23:00:00+00:00,0.7477700114250183,0.7534099817276001,0.7465999722480774,0.747730016708374,0,0.00015000000000000001
2018-06-28 23:00:00+00:00,0.7524399757385254,0.7559099793434143,0.74822998046875,0.7524799704551697,0,0.00015000000000000001
2018-07-01 23:00:00+00:00,0.7532100081443787,0.7551299929618835,0.7519000172615051,0.7526000142097473,0,0.00015000000000000001
2018-07-02 23:00:00+00:00,0.7531700134277344,0.7565500140190125,0.7524999976158142,0.7531099915504456,0,0.00015000000000000001
2018-07-03 23:00:00+00:00,0.7546399831771851,0.7560700178146362,0.7534000277519226,0.7541000247001648,0,0.00015000000000000001
2018-07-04 23:00:00+00:00,0.7551500201225281,0.7567099928855896,0.7537999749183655,0.7551500201225281,0,0.00015000000000000001
2018-07-05 23:00:00+00:00,0.755840003490448,0.7567300200462341,0.7529000043869019,0.7554000020027161,0,0.00015000000000000001
2018-07-08 23:00:00+00:00,0.7554299831390381,0.7574499845504761,0.7534000277519226,0.7553899884223938,0,0.00015000000000000001
2018-07-09 23:00:00+00:00,0.756060004234314,0.757889986038208,0.7547000050544739,0.756060004234314,0,0.00015000000000000001
2018-07-10 23:00:00+00:00,0.7547000050544739,0.7588899731636047,0.753600001335144,0.7545999884605408,0,0.00015000000000000001
2018-07-11 23:00:00+00:00,0.7531999945640564,0.7613300085067749,0.753000020980835,0.7534000277519226,0,0.00015000000000000001
2018-07-12 23:00:00+00:00,0.7615799903869629,0.7631300091743469,0.7599999904632568,0.7616099715232849,0,0.00015000000000000001
2018-07-15 23:00:00+00:00,0.7615900039672852,0.7619900107383728,0.7578999996185303,0.7616699934005737,0,0.00015000000000000001
2018-07-16 23:00:00+00:00,0.7586299777030945,0.7595000267028809,0.7552000284194946,0.7586699724197388,0,0.00015000000000000001
2018-07-17 23:00:00+00:00,0.75764000415802,0.7583600282669067,0.7537999749183655,0.7572000026702881,0,0.00015000000000000001
2018-07-18 23:00:00+00:00,0.7582799792289734,0.7588800191879272,0.7544000148773193,0.7584900259971619,0,0.00015000000000000001
2018-07-19 23:00:00+00:00,0.7531399726867676,0.758109986782074,0.7526999711990356,0.7530699968338013,0,0.00015000000000000001
2018-07-22 23:00:00+00:00,0.7551900148391724,0.7554100155830383,0.7530999779701233,0.7553399801254272,0,0.00015000000000000001
2018-07-23 23:00:00+00:00,0.7539899945259094,0.7557899951934814,0.7529000043869019,0.7539700269699097,0,0.00015000000000000001
2018-07-24 23:00:00+00:00,0.754800021648407,0.7591300010681152,0.7541000247001648,0.7554200291633606,0,0.00015000000000000001
2018-07-25 23:00:00+00:00,0.7598900198936462,0.7623599767684937,0.7586299777030945,0.7595000267028809,0,0.00015000000000000001
2018-07-26 23:00:00+00:00,0.7604900002479553,0.7637500166893005,0.7598000168800354,0.7604100108146667,0,0.00015000000000000001
2018-07-29 23:00:00+00:00,0.7603999972343445,0.7617999911308289,0.758899986743927,0.7607700228691101,0,0.00015000000000000001
2018-07-30 23:00:00+00:00,0.758430004119873,0.760450005531311,0.7545099854469299,0.7583900094032288,0,0.00015000000000000001
2018-07-31 23:00:00+00:00,0.7607200145721436,0.7650499939918518,0.7602999806404114,0.7602999806404114,0,0.00015000000000000001
2018-08-01 23:00:00+00:00,0.7628999948501587,0.7646899819374084,0.761900007724762,0.7628099918365479,0,0.00015000000000000001
2018-08-02 23:00:00+00:00,0.7642199993133545,0.7660499811172485,0.7633200287818909,0.7638999819755554,0,0.00015000000000000001
2018-08-05 23:00:00+00:00,0.7642499804496765,0.766730010509491,0.763700008392334,0.7641000151634216,0,0.00015000000000000001
2018-08-06 23:00:00+00:00,0.7662799954414368,0.7677099704742432,0.7634999752044678,0.7657999992370605,0,0.00015000000000000001
2018-08-07 23:00:00+00:00,0.7618499994277954,0.7627900242805481,0.760129988193512,0.7618399858474731,0,0.00015000000000000001
2018-08-08 23:00:00+00:00,0.7626299858093262,0.7643399834632874,0.7590000033378601,0.7623999714851379,0,0.00015000000000000001
2018-08-09 23:00:00+00:00,0.7620199918746948,0.7623800039291382,0.7573999762535095,0.7613000273704529,0,0.00015000000000000001
2018-08-12 23:00:00+00:00,0.7561699748039246,0.7582600116729736,0.7537000179290771,0.7562199831008911,0,0.00015000000000000001
2018-08-13 23:00:00+00:00,0.7562900185585022,0.7593100070953369,0.7559000253677368,0.7563199996948242,0,0.00015000000000000001
2018-08-14 23:00:00+00:00,0.7609000205993652,0.7629500031471252,0.754580020904541,0.7612599730491638,0,0.00015000000000000001
2018-08-15 23:00:00+00:00,0.7552899718284607,0.7577599883079529,0.7547000050544739,0.7554500102996826,0,0.00015000000000000001
2018-08-16 23:00:00+00:00,0.7577999830245972,0.7609900236129761,0.7565000057220459,0.7577700018882751,0,0.00015000000000000001
2018-08-19 23:00:00+00:00,0.7618499994277954,0.7625600099563599,0.7595000267028809,0.7620199918746948,0,0.00015000000000000001
2018-08-20 23:00:00+00:00,0.7592899799346924,0.7593200206756592,0.7562000155448914,0.7594599723815918,0,0.00015000000000000001
2018-08-21 23:00:00+00:00,0.7551800012588501,0.7560999989509583,0.7524499893188477,0.7545999884605408,0,0.00015000000000000001
2018-08-22 23:00:00+00:00,0.7557500004768372,0.7558199763298035,0.7528300285339355,0.7558199763298035,0,0.00015000000000000001
2018-08-23 23:00:00+00:00,0.7527499794960022,0.7548099756240845,0.751800000667572,0.7526999711990356,0,0.00015000000000000001
2018-08-26 23:00:00+00:00,0.7552000284194946,0.7571700215339661,0.7520999908447266,0.7549800276756287,0,0.00015000000000000001
2018-08-27 23:00:00+00:00,0.7552800178527832,0.7568600177764893,0.7534999847412109,0.7554000020027161,0,0.00015000000000000001
2018-08-28 23:00:00+00:00,0.7552499771118164,0.7567800283432007,0.7501999735832214,0.7552199959754944,0,0.00015000000000000001
2018-08-29 23:00:00+00:00,0.7519099712371826,0.7519699931144714,0.7466999888420105,0.7519500255584717,0,0.00015000000000000001
2018-08-30 23:00:00+00:00,0.7454000115394592,0.7457900047302246,0.7405700087547302,0.7458500266075134,0,0.00015000000000000001
2018-09-02 23:00:00+00:00,0.742139995098114,0.7437099814414978,0.7391999959945679,0.7420899868011475,0,0.00015000000000000001
2018-09-03 23:00:00+00:00,0.7397000193595886,0.7412099838256836,0.7379000186920166,0.7400799989700317,0,0.00015000000000000001
2018-09-04 23:00:00+00:00,0.7391499876976013,0.7399799823760986,0.735539972782135,0.7386999726295471,0,0.00015000000000000001
2018-09-05 23:00:00+00:00,0.7366999983787537,0.7370399832725525,0.7321000099182129,0.7368500232696533,0,0.00015000000000000001
2018-09-06 23:00:00+00:00,0.7337599992752075,0.7367799878120422,0.7329000234603882,0.7339100241661072,0,0.00015000000000000001
2018-09-09 23:00:00+00:00,0.7353600263595581,0.740119993686676,0.7347999811172485,0.7350999712944031,0,0.00015000000000000001
2018-09-10 23:00:00+00:00,0.7405700087547302,0.7425600290298462,0.739300012588501,0.7400000095367432,0,0.00015000000000000001
2018-09-11 23:00:00+00:00,0.7448300123214722,0.7476900219917297,0.7439000010490417,0.7447699904441833,0,0.00015000000000000001
2018-09-12 23:00:00+00:00,0.7457000017166138,0.7465999722480774,0.7421000003814697,0.7455999851226807,0,0.00015000000000000001
2018-09-13 23:00:00+00:00,0.7429599761962891,0.7433500289916992,0.7404000163078308,0.7428299784660339,0,0.00015000000000000001
2018-09-16 23:00:00+00:00,0.741379976272583,0.7424100041389465,0.7379999756813049,0.7414100170135498,0,0.00015000000000000001
2018-09-17 23:00:00+00:00,0.7368900179862976,0.7412999868392944,0.7365000247955322,0.7368199825286865,0,0.00015000000000000001
2018-09-18 23:00:00+00:00,0.7427099943161011,0.7486799955368042,0.7422999739646912,0.7428799867630005,0,0.00015000000000000001
2018-09-19 23:00:00+00:00,0.748769998550415,0.7493199706077576,0.7430999875068665,0.7487000226974487,0,0.00015000000000000001
2018-09-20 23:00:00+00:00,0.7426499724388123,0.7431100010871887,0.7382000088691711,0.7426699995994568,0,0.00015000000000000001
2018-09-23 23:00:00+00:00,0.7422900199890137,0.7438799738883972,0.7398999929428101,0.7421600222587585,0,0.00015000000000000001
2018-09-24 23:00:00+00:00,0.7447400093078613,0.7462599873542786,0.7437999844551086,0.7447599768638611,0,0.00015000000000000001
2018-09-25 23:00:00+00:00,0.7444999814033508,0.7484300136566162,0.7437000274658203,0.7445999979972839,0,0.00015000000000000001
2018-09-26 23:00:00+00:00,0.74031001329422,0.7504000067710876,0.7397000193595886,0.7401800155639648,0,0.00015000000000000001
2018-09-27 23:00:00+00:00,0.7494199872016907,0.7559099793434143,0.7479000091552734,0.7494000196456909,0,0.00015000000000000001
2018-09-30 23:00:00+00:00,0.7641900181770325,0.7690899968147278,0.762499988079071,0.7642300128936768,0,0.00015000000000000001
2018-10-01 23:00:00+00:00,0.7675899863243103,0.7688599824905396,0.7652999758720398,0.7671999931335449,0,0.00015000000000000001
2018-10-02 23:00:00+00:00,0.7669000029563904,0.7718499898910522,0.7666000127792358,0.7670000195503235,0,0.00015000000000000001
2018-10-03 23:00:00+00:00,0.7700200080871582,0.7710400223731995,0.7687000036239624,0.7699300050735474,0,0.00015000000000000001
2018-10-04 23:00:00+00:00,0.7672200202941895,0.7695900201797485,0.7656000256538391,0.7672200202941895,0,0.00015000000000000001
2018-10-07 23:00:00+00:00,0.7652000188827515,0.76596999168396,0.7621999979019165,0.76555997133255,0,0.00015000000000000001
2018-10-08 23:00:00+00:00,0.7656499743461609,0.7674700021743774,0.7645999789237976,0.7656000256538391,0,0.00015000000000000001
2018-10-09 23:00:00+00:00,0.7663000226020813,0.766700029373169,0.7620000243186951,0.7664499878883362,0,0.00015000000000000001
2018-10-10 23:00:00+00:00,0.7572199702262878,0.7609900236129761,0.754800021648407,0.7572199702262878,0,0.00015000000000000001
2018-10-11 23:00:00+00:00,0.7595099806785583,0.762470006942749,0.7584999799728394,0.7595999836921692,0,0.00015000000000000001
2018-10-14 23:00:00+00:00,0.7607100009918213,0.7623699903488159,0.7551000118255615,0.7607700228691101,0,0.00015000000000000001
2018-10-15 23:00:00+00:00,0.7595199942588806,0.7659100294113159,0.7591000199317932,0.7590000033378601,0,0.00015000000000000001
2018-10-16 23:00:00+00:00,0.7652000188827515,0.7664499878883362,0.7628999948501587,0.7655500173568726,0,0.00015000000000000001
2018-10-17 23:00:00+00:00,0.7636500000953674,0.7643499970436096,0.7603999972343445,0.7638099789619446,0,0.00015000000000000001
2018-10-18 23:00:00+00:00,0.7613300085067749,0.7644500136375427,0.7592999935150146,0.7612400054931641,0,0.00015000000000000001
2018-10-21 23:00:00+00:00,0.7603300213813782,0.7625799775123596,0.7594000101089478,0.7602800130844116,0,0.00015000000000000001
2018-10-22 23:00:00+00:00,0.7603600025177002,0.7611799836158752,0.7581999897956848,0.7598000168800354,0,0.00015000000000000001
2018-10-23 23:00:00+00:00,0.7601799964904785,0.7681800127029419,0.7598999738693237,0.7600799798965454,0,0.00015000000000000001
2018-10-24 23:00:00+00:00,0.7640600204467773,0.7672600150108337,0.76323002576828,0.7639600038528442,0,0.00015000000000000001
2018-10-25 23:00:00+00:00,0.7645300030708313,0.7645999789237976,0.7594000101089478,0.7642999887466431,0,0.00015000000000000001
2018-10-29 00:00:00+00:00,0.7612000107765198,0.764270007610321,0.760699987411499,0.7616900205612183,0,0.00015000000000000001
2018-10-30 00:00:00+00:00,0.7628200054168701,0.7655400037765503,0.7615000009536743,0.762910008430481,0,0.00015000000000000001
2018-10-31 00:00:00+00:00,0.7663099765777588,0.7671399712562561,0.7642999887466431,0.7663099765777588,0,0.00015000000000000001
2018-11-01 00:00:00+00:00,0.7660800218582153,0.7678999900817871,0.7638700008392334,0.76596999168396,0,0.00015000000000000001
2018-11-02 00:00:00+00:00,0.7651000022888184,0.7671700119972229,0.7620999813079834,0.765470027923584,0,0.00015000000000000001
2018-11-05 00:00:00+00:00,0.7651100158691406,0.7685800194740295,0.7648000121116638,0.7650399804115295,0,0.00015000000000000001
2018-11-06 00:00:00+00:00,0.7656999826431274,0.7666100263595581,0.7633000016212463,0.7657899856567383,0,0.00015000000000000001
2018-11-07 00:00:00+00:00,0.7634099721908569,0.7644400000572205,0.7603999972343445,0.7635200023651123,0,0.00015000000000000001
2018-11-08 00:00:00+00:00,0.7637699842453003,0.7661100029945374,0.7631000280380249,0.7634999752044678,0,0.00015000000000000001
2018-11-09 00:00:00+00:00,0.7650700211524963,0.7652999758720398,0.7602999806404114,0.7646999955177307,0,0.00015000000000000001
2018-11-12 00:00:00+00:00,0.7623199820518494,0.7649999856948853,0.7616999745368958,0.7623699903488159,0,0.00015000000000000001
2018-11-13 00:00:00+00:00,0.7623000144958496,0.764739990234375,0.7608000040054321,0.7623000144958496,0,0.00015000000000000001
2018-11-14 00:00:00+00:00,0.7602999806404114,0.7638599872589111,0.7596099972724915,0.7601000070571899,0,0.00015000000000000001
2018-11-15 00:00:00+00:00,0.7593700289726257,0.7623599767684937,0.7585999965667725,0.7592899799346924,0,0.00015000000000000001
2018-11-16 00:00:00+00:00,0.7642800211906433,0.7655400037765503,0.7598299980163574,0.7638000249862671,0,0.00015000000000000001
2018-11-19 00:00:00+00:00,0.7601000070571899,0.7601000070571899,0.7529000043869019,0.7600799798965454,0,0.00015000000000000001
2018-11-20 00:00:00+00:00,0.7537000179290771,0.7544199824333191,0.7487999796867371,0.7538700103759766,0,0.00015000000000000001
2018-11-21 00:00:00+00:00,0.7474799752235413,0.749809980392456,0.7465999722480774,0.7474899888038635,0,0.00015000000000000001
2018-11-22 00:00:00+00:00,0.7515699863433838,0.7536299824714661,0.7497000098228455,0.7512000203132629,0,0.00015000000000000001
2018-11-23 00:00:00+00:00,0.7534999847412109,0.7545099854469299,0.7515000104904175,0.7538899779319763,0,0.00015000000000000001
2018-11-26 00:00:00+00:00,0.7538700103759766,0.7562199831008911,0.7533000111579895,0.7539100050926208,0,0.00015000000000000001
2018-11-27 00:00:00+00:00,0.753059983253479,0.7544699907302856,0.7508000135421753,0.753030002117157,0,0.00015000000000000001
2018-11-28 00:00:00+00:00,0.7508000135421753,0.751230001449585,0.7479000091552734,0.7504000067710876,0,0.00015000000000000001
2018-11-29 00:00:00+00:00,0.7481300234794617,0.7514500021934509,0.7466999888420105,0.7480700016021729,0,0.00015000000000000001
2018-11-30 00:00:00+00:00,0.7498000264167786,0.75204998254776,0.7475000023841858,0.7498000264167786,0,0.00015000000000000001
2018-12-03 00:00:00+00:00,0.7532399892807007,0.758650004863739,0.7516999840736389,0.7531999945640564,0,0.00015000000000000001
2018-12-04 00:00:00+00:00,0.7559999823570251,0.7563700079917908,0.7531999945640564,0.7560099959373474,0,0.00015000000000000001
2018-12-05 00:00:00+00:00,0.7519999742507935,0.752780020236969,0.7449899911880493,0.751800000667572,0,0.00015000000000000001
2018-12-06 00:00:00+00:00,0.7455000281333923,0.7460299730300903,0.7373999953269958,0.7460600137710571,0,0.00015000000000000001
2018-12-07 00:00:00+00:00,0.7415599822998047,0.7481300234794617,0.7401999831199646,0.7414299845695496,0,0.00015000000000000001
2018-12-10 00:00:00+00:00,0.7423099875450134,0.743619978427887,0.7379999756813049,0.7425199747085571,0,0.00015000000000000001
2018-12-11 00:00:00+00:00,0.738099992275238,0.7407600283622742,0.7347000241279602,0.7384999990463257,0,0.00015000000000000001
2018-12-12 00:00:00+00:00,0.7422400116920471,0.7451500296592712,0.7411999702453613,0.7419000267982483,0,0.00015000000000000001
2018-12-13 00:00:00+00:00,0.7434899806976318,0.7448800206184387,0.7408999800682068,0.7434999942779541,0,0.00015000000000000001
2018-12-14 00:00:00+00:00,0.7441700100898743,0.7459400296211243,0.7419999837875366,0.7442600131034851,0,0.00015000000000000001
2018-12-17 00:00:00+00:00,0.7451000213623047,0.7461199760437012,0.7398999929428101,0.7449700236320496,0,0.00015000000000000001
2018-12-18 00:00:00+00:00,0.7400500178337097,0.7414799928665161,0.7367900013923645,0.7400299906730652,0,0.00015000000000000001
2018-12-19 00:00:00+00:00,0.7372000217437744,0.7397000193595886,0.7350000143051147,0.7373899817466736,0,0.00015000000000000001
2018-12-20 00:00:00+00:00,0.7375500202178955,0.7378699779510498,0.7325000166893005,0.7375199794769287,0,0.00015000000000000001
2018-12-21 00:00:00+00:00,0.7310500144958496,0.7340199947357178,0.7299000024795532,0.730970025062561,0,0.00015000000000000001
2018-12-24 00:00:00+00:00,0.7308099865913391,0.732990026473999,0.7253999710083008,0.7307900190353394,0,0.00015000000000000001
2018-12-25 00:00:00+00:00,0.724399983882904,0.7260000109672546,0.7135000228881836,0.7242000102996826,0,0.00015000000000000001
2018-12-26 00:00:00+00:00,0.7259200215339661,0.7300300002098083,0.7235999703407288,0.7257599830627441,0,0.00015000000000000001
2018-12-27 00:00:00+00:00,0.7325000166893005,0.7325000166893005,0.721589982509613,0.732450008392334,0,0.00015000000000000001
2018-12-28 00:00:00+00:00,0.7246099710464478,0.7247200012207031,0.7175999879837036,0.72461998462677,0,0.00015000000000000001
2018-12-31 00:00:00+00:00,0.7218199968338013,0.7242000102996826,0.7202000021934509,0.7218599915504456,0,0.00015000000000000001
2019-01-01 00:00:00+00:00,0.7199000120162964,0.7240999937057495,0.7193999886512756,0.7195000052452087,0,0.00015000000000000001
2019-01-02 00:00:00+00:00,0.7203999757766724,0.7282299995422363,0.7195000052452087,0.7206299901008606,0,0.00015000000000000001
2019-01-03 00:00:00+00:00,0.7256199717521667,0.7343000173568726,0.7218999862670898,0.7251399755477905,0,0.00015000000000000001
2019-01-04 00:00:00+00:00,0.7323300242424011,0.7374699711799622,0.7300000190734863,0.7322999835014343,0,0.00015000000000000001
2019-01-07 00:00:00+00:00,0.7372699975967407,0.73785001039505,0.7328000068664551,0.7372300028800964,0,0.00015000000000000001
2019-01-08 00:00:00+00:00,0.7364100217819214,0.7396600246429443,0.73580002784729,0.7363600134849548,0,0.00015000000000000001
2019-01-09 00:00:00+00:00,0.740149974822998,0.7419999837875366,0.7363799810409546,0.7401599884033203,0,0.00015000000000000001
2019-01-10 00:00:00+00:00,0.7361599802970886,0.7420899868011475,0.7342000007629395,0.7371299862861633,0,0.00015000000000000001
2019-01-11 00:00:00+00:00,0.7426000237464905,0.7455400228500366,0.7406100034713745,0.742900013923645,0,0.00015000000000000001
2019-01-14 00:00:00+00:00,0.7413899898529053,0.7419999837875366,0.7379000186920166,0.7415000200271606,0,0.00015000000000000001
2019-01-15 00:00:00+00:00,0.7386500239372253,0.7451800107955933,0.7382000088691711,0.738610029220581,0,0.00015000000000000001
2019-01-16 00:00:00+00:00,0.7444300055503845,0.7481600046157837,0.7434999942779541,0.744629979133606,0,0.00015000000000000001
2019-01-17 00:00:00+00:00,0.7462000250816345,0.7484599947929382,0.744920015335083,0.7465800046920776,0,0.00015000000000000001
2019-01-18 00:00:00+00:00,0.7482699751853943,0.7516800165176392,0.7476999759674072,0.7479000091552734,0,0.00015000000000000001
2019-01-21 00:00:00+00:00,0.7496100068092346,0.7509400248527527,0.7486000061035156,0.7495899796485901,0,0.00015000000000000001
2019-01-22 00:00:00+00:00,0.7499899864196777,0.7501400113105774,0.7466999888420105,0.7499899864196777,0,0.00015000000000000001
2019-01-23 00:00:00+00:00,0.7464600205421448,0.7501099705696106,0.7440000176429749,0.7463600039482117,0,0.00015000000000000001
2019-01-24 00:00:00+00:00,0.7452700138092041,0.7469199895858765,0.7436000108718872,0.7451000213623047,0,0.00015000000000000001
2019-01-25 00:00:00+00:00,0.7456600069999695,0.7508599758148193,0.7451000213623047,0.7452999949455261,0,0.00015000000000000001
2019-01-28 00:00:00+00:00,0.7505800127983093,0.7515699863433838,0.7458000183105469,0.7501000165939331,0,0.00015000000000000001
2019-01-29 00:00:00+00:00,0.7476400136947632,0.7508999705314636,0.7465999722480774,0.7476900219917297,0,0.00015000000000000001
2019-01-30 00:00:00+00:00,0.7490000128746033,0.7572199702262878,0.7486000061035156,0.7490000128746033,0,0.00015000000000000001
2019-01-31 00:00:00+00:00,0.7559000253677368,0.7569299936294556,0.7541999816894531,0.7555000185966492,0,0.00015000000000000001
2019-02-01 00:00:00+00:00,0.756600022315979,0.760699987411499,0.7544000148773193,0.7567999958992004,0,0.00015000000000000001
2019-02-04 00:00:00+00:00,0.7600200176239014,0.7620499730110168,0.7591999769210815,0.7592999935150146,0,0.00015000000000000001
2019-02-05 00:00:00+00:00,0.7607300281524658,0.764240026473999,0.7601000070571899,0.7607100009918213,0,0.00015000000000000001
2019-02-06 00:00:00+00:00,0.7615799903869629,0.7616699934005737,0.757099986076355,0.7615500092506409,0,0.00015000000000000001
2019-02-07 00:00:00+00:00,0.7581499814987183,0.7583400011062622,0.7522000074386597,0.7581400275230408,0,0.00015000000000000001
2019-02-08 00:00:00+00:00,0.7529100179672241,0.7564100027084351,0.7512000203132629,0.7526999711990356,0,0.00015000000000000001
2019-02-11 00:00:00+00:00,0.7523000240325928,0.7566400170326233,0.7513999938964844,0.7526500225067139,0,0.00015000000000000001
2019-02-12 00:00:00+00:00,0.7541999816894531,0.7611899971961975,0.7537999749183655,0.7541999816894531,0,0.00015000000000000001
2019-02-13 00:00:00+00:00,0.7604299783706665,0.7619400024414062,0.7584999799728394,0.7605000138282776,0,0.00015000000000000001
2019-02-14 00:00:00+00:00,0.7602999806404114,0.7618799805641174,0.7544000148773193,0.7607899904251099,0,0.00015000000000000001
2019-02-15 00:00:00+00:00,0.7556800246238708,0.7595700025558472,0.7547000050544739,0.755649983882904,0,0.00015000000000000001
2019-02-18 00:00:00+00:00,0.7586100101470947,0.7591999769210815,0.7566999793052673,0.7580999732017517,0,0.00015000000000000001
2019-02-19 00:00:00+00:00,0.7589200139045715,0.7590199708938599,0.7542499899864197,0.7584999799728394,0,0.00015000000000000001
2019-02-20 00:00:00+00:00,0.7577700018882751,0.7600299715995789,0.7570000290870667,0.7577099800109863,0,0.00015000000000000001
2019-02-21 00:00:00+00:00,0.7593899965286255,0.7603700160980225,0.7577999830245972,0.7590000033378601,0,0.00015000000000000001
2019-02-22 00:00:00+00:00,0.7564700245857239,0.7587599754333496,0.7555999755859375,0.7566499710083008,0,0.00015000000000000001
2019-02-25 00:00:00+00:00,0.761430025100708,0.761709988117218,0.7583000063896179,0.7613199949264526,0,0.00015000000000000001
2019-02-26 00:00:00+00:00,0.7583900094032288,0.7592099905014038,0.7556999921798706,0.7583900094032288,0,0.00015000000000000001
2019-02-27 00:00:00+00:00,0.7591999769210815,0.7610700130462646,0.7576000094413757,0.7591000199317932,0,0.00015000000000000001
2019-02-28 00:00:00+00:00,0.7608799934387207,0.7614200115203857,0.7531999945640564,0.7609999775886536,0,0.00015000000000000001
2019-03-01 00:00:00+00:00,0.757099986076355,0.761650025844574,0.7516999840736389,0.7574999928474426,0,0.00015000000000000001
2019-03-04 00:00:00+00:00,0.7515699863433838,0.7537199854850769,0.7498000264167786,0.7516199946403503,0,0.00015000000000000001
2019-03-05 00:00:00+00:00,0.7504100203514099,0.752810001373291,0.7490000128746033,0.7498999834060669,0,0.00015000000000000001
2019-03-06 00:00:00+00:00,0.7519800066947937,0.7522799968719482,0.7458000183105469,0.7516999840736389,0,0.00015000000000000001
2019-03-07 00:00:00+00:00,0.7469499707221985,0.7529699802398682,0.746399998664856,0.7465000152587891,0,0.00015000000000000001
2019-03-08 00:00:00+00:00,0.7518600225448608,0.7529199719429016,0.7491000294685364,0.751800000667572,0,0.00015000000000000001
2019-03-11 00:00:00+00:00,0.7505000233650208,0.7533900141716003,0.7501000165939331,0.7505000233650208,0,0.00015000000000000001
2019-03-12 00:00:00+00:00,0.754010021686554,0.7547199726104736,0.7513999938964844,0.7541000247001648,0,0.00015000000000000001
2019-03-13 00:00:00+00:00,0.7541199922561646,0.7554600238800049,0.751800000667572,0.7540900111198425,0,0.00015000000000000001
2019-03-14 00:00:00+00:00,0.7541300058364868,0.7546799778938293,0.7522000074386597,0.7541999816894531,0,0.00015000000000000001
2019-03-15 00:00:00+00:00,0.753059983253479,0.754800021648407,0.7494999766349792,0.7526000142097473,0,0.00015000000000000001
2019-03-18 00:00:00+00:00,0.7509999871253967,0.7527300119400024,0.7491999864578247,0.7512199878692627,0,0.00015000000000000001
2019-03-19 00:00:00+00:00,0.7504400014877319,0.7541700005531311,0.7494000196456909,0.7501000165939331,0,0.00015000000000000001
2019-03-20 00:00:00+00:00,0.7495599985122681,0.7503700256347656,0.746999979019165,0.7491000294685364,0,0.00015000000000000001
2019-03-21 00:00:00+00:00,0.7456499934196472,0.7467600107192993,0.7419400215148926,0.7456600069999695,0,0.00015000000000000001
2019-03-22 00:00:00+00:00,0.7418400049209595,0.7452200055122375,0.7406600117683411,0.741599977016449,0,0.00015000000000000001
2019-03-25 00:00:00+00:00,0.7398999929428101,0.7416599988937378,0.7382000088691711,0.7398999929428101,0,0.00015000000000000001
2019-03-26 00:00:00+00:00,0.7404999732971191,0.7436000108718872,0.7400000095367432,0.7407600283622742,0,0.00015000000000000001
2019-03-27 00:00:00+00:00,0.7426300048828125,0.7440500259399414,0.7397400140762329,0.7427200078964233,0,0.00015000000000000001
2019-03-28 00:00:00+00:00,0.7413399815559387,0.7436400055885315,0.7404000163078308,0.7415599822998047,0,0.00015000000000000001
2019-03-29 00:00:00+00:00,0.7401999831199646,0.7466199994087219,0.7400000095367432,0.7401999831199646,0,0.00015000000000000001
2019-03-31 23:00:00+00:00,0.7450000047683716,0.7484300136566162,0.7434999942779541,0.7450000047683716,0,0.00015000000000000001
2019-04-01 23:00:00+00:00,0.7504600286483765,0.7508699893951416,0.7469000220298767,0.7505099773406982,0,0.00015000000000000001
2019-04-02 23:00:00+00:00,0.7477700114250183,0.7505000233650208,0.7461000084877014,0.7476999759674072,0,0.00015000000000000001
2019-04-03 23:00:00+00:00,0.7471500039100647,0.7488999962806702,0.7462999820709229,0.7472900152206421,0,0.00015000000000000001
2019-04-04 23:00:00+00:00,0.7476999759674072,0.7489699721336365,0.7458999752998352,0.7479000091552734,0,0.00015000000000000001
2019-04-07 23:00:00+00:00,0.7472000122070312,0.7504900097846985,0.7455999851226807,0.7473999857902527,0,0.00015000000000000001
2019-04-08 23:00:00+00:00,0.7498999834060669,0.7523099780082703,0.7490000128746033,0.7503399848937988,0,0.00015000000000000001
2019-04-09 23:00:00+00:00,0.7499099969863892,0.752560019493103,0.7491999864578247,0.7496399879455566,0,0.00015000000000000001
2019-04-10 23:00:00+00:00,0.7519999742507935,0.7527199983596802,0.7487000226974487,0.7524399757385254,0,0.00015000000000000001
2019-04-11 23:00:00+00:00,0.7495200037956238,0.7513399720191956,0.7469099760055542,0.7494400143623352,0,0.00015000000000000001
2019-04-14 23:00:00+00:00,0.7516899704933167,0.7541599869728088,0.7490000128746033,0.7517600059509277,0,0.00015000000000000001
2019-04-15 23:00:00+00:00,0.7507100105285645,0.7540199756622314,0.7487000226974487,0.7506200075149536,0,0.00015000000000000001
2019-04-16 23:00:00+00:00,0.7542600035667419,0.7592899799346924,0.753000020980835,0.7540900111198425,0,0.00015000000000000001
2019-04-17 23:00:00+00:00,0.7565000057220459,0.7591500282287598,0.7549999952316284,0.7569800019264221,0,0.00015000000000000001
2019-04-18 23:00:00+00:00,0.7585999965667725,0.7593399882316589,0.7563999891281128,0.7583699822425842,0,0.00015000000000000001
2019-04-21 23:00:00+00:00,0.7578399777412415,0.7606099843978882,0.7574999928474426,0.7579100131988525,0,0.00015000000000000001
2019-04-22 23:00:00+00:00,0.7602999806404114,0.7631499767303467,0.7595000267028809,0.7608000040054321,0,0.00015000000000000001
2019-04-23 23:00:00+00:00,0.759630024433136,0.759630024433136,0.7529199719429016,0.7595800161361694,0,0.00015000000000000001
2019-04-24 23:00:00+00:00,0.756089985370636,0.7571200132369995,0.7544000148773193,0.7556999921798706,0,0.00015000000000000001
2019-04-25 23:00:00+00:00,0.7565500140190125,0.7585200071334839,0.755299985408783,0.7566400170326233,0,0.00015000000000000001
2019-04-28 23:00:00+00:00,0.7571200132369995,0.7585999965667725,0.7555999755859375,0.7571499943733215,0,0.00015000000000000001
2019-04-29 23:00:00+00:00,0.7573000192642212,0.7597699761390686,0.7554000020027161,0.7576599717140198,0,0.00015000000000000001
2019-04-30 23:00:00+00:00,0.7610200047492981,0.7620300054550171,0.7551000118255615,0.7608100175857544,0,0.00015000000000000001
2019-05-01 23:00:00+00:00,0.7569599747657776,0.7588499784469604,0.7555000185966492,0.7570400238037109,0,0.00015000000000000001
2019-05-02 23:00:00+00:00,0.7566999793052673,0.7591300010681152,0.7555099725723267,0.7566800117492676,0,0.00015000000000000001
2019-05-05 23:00:00+00:00,0.754289984703064,0.757319986820221,0.7524999976158142,0.7544400095939636,0,0.00015000000000000001
2019-05-06 23:00:00+00:00,0.7560999989509583,0.758840024471283,0.7556999921798706,0.756380021572113,0,0.00015000000000000001
2019-05-07 23:00:00+00:00,0.7567499876022339,0.7574999928474426,0.7538999915122986,0.7568100094795227,0,0.00015000000000000001
2019-05-08 23:00:00+00:00,0.7572500109672546,0.7573400139808655,0.75,0.7572299838066101,0,0.00015000000000000001
2019-05-09 23:00:00+00:00,0.7540799975395203,0.7563599944114685,0.7512000203132629,0.7539299726486206,0,0.00015000000000000001
2019-05-12 23:00:00+00:00,0.7516499757766724,0.7526299953460693,0.7464600205421448,0.7517499923706055,0,0.00015000000000000001
2019-05-13 23:00:00+00:00,0.7459700107574463,0.7495099902153015,0.7458000183105469,0.7452999949455261,0,0.00015000000000000001
2019-05-14 23:00:00+00:00,0.7487999796867371,0.7513499855995178,0.7461000084877014,0.7490000128746033,0,0.00015000000000000001
2019-05-15 23:00:00+00:00,0.7498900294303894,0.7528899908065796,0.7491000294685364,0.750029981136322,0,0.00015000000000000001
2019-05-16 23:00:00+00:00,0.7494999766349792,0.7516700029373169,0.7470999956130981,0.7501699924468994,0,0.00015000000000000001
2019-05-19 23:00:00+00:00,0.7515599727630615,0.7535200119018555,0.7498000264167786,0.7515000104904175,0,0.00015000000000000001
2019-05-20 23:00:00+00:00,0.751230001449585,0.7547000050544739,0.7508999705314636,0.7505000233650208,0,0.00015000000000000001
2019-05-21 23:00:00+00:00,0.7537999749183655,0.7549099922180176,0.7512000203132629,0.7541499733924866,0,0.00015000000000000001
2019-05-22 23:00:00+00:00,0.7508900165557861,0.7510499954223633,0.744700014591217,0.7505999803543091,0,0.00015000000000000001
2019-05-23 23:00:00+00:00,0.7443400025367737,0.7462300062179565,0.7430999875068665,0.7440000176429749,0,0.00015000000000000001
2019-05-26 23:00:00+00:00,0.7455199956893921,0.7482100129127502,0.7448999881744385,0.7450000047683716,0,0.00015000000000000001
2019-05-27 23:00:00+00:00,0.7470200061798096,0.7491899728775024,0.7444000244140625,0.7470499873161316,0,0.00015000000000000001
2019-05-28 23:00:00+00:00,0.7464799880981445,0.7464900016784668,0.742900013923645,0.7462999820709229,0,0.00015000000000000001
2019-05-29 23:00:00+00:00,0.7460500001907349,0.7484300136566162,0.7447999715805054,0.7457000017166138,0,0.00015000000000000001
2019-05-30 23:00:00+00:00,0.7440800070762634,0.7441499829292297,0.7401000261306763,0.7444599866867065,0,0.00015000000000000001
2019-06-02 23:00:00+00:00,0.7389000058174133,0.7422299981117249,0.7360000014305115,0.7387999892234802,0,0.00015000000000000001
2019-06-03 23:00:00+00:00,0.7384200096130371,0.7410299777984619,0.7372999787330627,0.7383099794387817,0,0.00015000000000000001
2019-06-04 23:00:00+00:00,0.7408999800682068,0.7421799898147583,0.7365700006484985,0.7405999898910522,0,0.00015000000000000001
2019-06-05 23:00:00+00:00,0.7407100200653076,0.7429800033569336,0.7383999824523926,0.7402999997138977,0,0.00015000000000000001
2019-06-06 23:00:00+00:00,0.7421299815177917,0.7447999715805054,0.7408999800682068,0.742110013961792,0,0.00015000000000000001
2019-06-09 23:00:00+00:00,0.7460899949073792,0.747409999370575,0.745199978351593,0.7460299730300903,0,0.00015000000000000001
2019-06-10 23:00:00+00:00,0.7456499934196472,0.7491899728775024,0.7452999949455261,0.7456700205802917,0,0.00015000000000000001
2019-06-11 23:00:00+00:00,0.7465999722480774,0.7490800023078918,0.7444999814033508,0.7466999888420105,0,0.00015000000000000001
2019-06-12 23:00:00+00:00,0.7460700273513794,0.7474200129508972,0.7445999979972839,0.745989978313446,0,0.00015000000000000001
2019-06-13 23:00:00+00:00,0.7454299926757812,0.7479599714279175,0.743399977684021,0.7450000047683716,0,0.00015000000000000001
2019-06-16 23:00:00+00:00,0.7447199821472168,0.7459999918937683,0.743399977684021,0.7447900176048279,0,0.00015000000000000001
2019-06-17 23:00:00+00:00,0.744700014591217,0.7476000189781189,0.7422000169754028,0.7445700168609619,0,0.00015000000000000001
2019-06-18 23:00:00+00:00,0.74822998046875,0.7488300204277039,0.7447999715805054,0.7481499910354614,0,0.00015000000000000001
2019-06-19 23:00:00+00:00,0.7476999759674072,0.7490400075912476,0.7423999905586243,0.7477999925613403,0,0.00015000000000000001
2019-06-20 23:00:00+00:00,0.7434999942779541,0.7459800243377686,0.7401000261306763,0.7440800070762634,0,0.00015000000000000001
2019-06-23 23:00:00+00:00,0.7389799952507019,0.7414299845695496,0.7353000044822693,0.7389100193977356,0,0.00015000000000000001
2019-06-24 23:00:00+00:00,0.7368999719619751,0.7416200041770935,0.7348999977111816,0.7372300028800964,0,0.00015000000000000001
2019-06-25 23:00:00+00:00,0.7397400140762329,0.7444900274276733,0.7390999794006348,0.7396699786186218,0,0.00015000000000000001
2019-06-26 23:00:00+00:00,0.7447800040245056,0.7470999956130981,0.7433000206947327,0.7447400093078613,0,0.00015000000000000001
2019-06-27 23:00:00+00:00,0.7454000115394592,0.7467600107192993,0.7429999709129333,0.7454000115394592,0,0.00015000000000000001
2019-06-30 23:00:00+00:00,0.7482200264930725,0.7518399953842163,0.7472000122070312,0.7476999759674072,0,0.00015000000000000001
2019-07-01 23:00:00+00:00,0.7516300082206726,0.7536900043487549,0.7508999705314636,0.7512999773025513,0,0.00015000000000000001
2019-07-02 23:00:00+00:00,0.7516000270843506,0.7547299861907959,0.7498999834060669,0.7520599961280823,0,0.00015000000000000001
2019-07-03 23:00:00+00:00,0.7548099756240845,0.7559000253677368,0.7531999945640564,0.7544000148773193,0,0.00015000000000000001
2019-07-04 23:00:00+00:00,0.754580020904541,0.7573000192642212,0.753600001335144,0.754580020904541,0,0.00015000000000000001
2019-07-07 23:00:00+00:00,0.7577800154685974,0.7609599828720093,0.7565000057220459,0.7580299973487854,0,0.00015000000000000001
2019-07-08 23:00:00+00:00,0.758650004863739,0.7594000101089478,0.7554000020027161,0.758400022983551,0,0.00015000000000000001
2019-07-09 23:00:00+00:00,0.7567200064659119,0.7574899792671204,0.7534999847412109,0.756820023059845,0,0.00015000000000000001
2019-07-10 23:00:00+00:00,0.7554000020027161,0.7567200064659119,0.7540000081062317,0.755299985408783,0,0.00015000000000000001
2019-07-11 23:00:00+00:00,0.7579100131988525,0.7593100070953369,0.7537999749183655,0.7579699754714966,0,0.00015000000000000001
2019-07-14 23:00:00+00:00,0.7551299929618835,0.7559900283813477,0.7527999877929688,0.754800021648407,0,0.00015000000000000001
2019-07-15 23:00:00+00:00,0.7537999749183655,0.7584099769592285,0.753000020980835,0.7543200254440308,0,0.00015000000000000001
2019-07-16 23:00:00+00:00,0.7549099922180176,0.7586699724197388,0.7541000247001648,0.7549200057983398,0,0.00015000000000000001
2019-07-17 23:00:00+00:00,0.7555999755859375,0.757319986820221,0.753000020980835,0.7559499740600586,0,0.00015000000000000001
2019-07-18 23:00:00+00:00,0.7534999847412109,0.7552099823951721,0.7498999834060669,0.7537099719047546,0,0.00015000000000000001
2019-07-21 23:00:00+00:00,0.7527999877929688,0.7531899809837341,0.7473999857902527,0.7527899742126465,0,0.00015000000000000001
2019-07-22 23:00:00+00:00,0.7483800053596497,0.7501099705696106,0.7469000220298767,0.7480000257492065,0,0.00015000000000000001
2019-07-23 23:00:00+00:00,0.7494000196456909,0.7515199780464172,0.7487000226974487,0.7498599886894226,0,0.00015000000000000001
2019-07-24 23:00:00+00:00,0.7490500211715698,0.754289984703064,0.7486000061035156,0.7486000061035156,0,0.00015000000000000001
2019-07-25 23:00:00+00:00,0.7528899908065796,0.7536500096321106,0.751800000667572,0.7524999976158142,0,0.00015000000000000001
2019-07-28 23:00:00+00:00,0.7537999749183655,0.7542200088500977,0.7516999840736389,0.7541499733924866,0,0.00015000000000000001
2019-07-29 23:00:00+00:00,0.7526999711990356,0.7534400224685669,0.7504000067710876,0.7527999877929688,0,0.00015000000000000001
2019-07-30 23:00:00+00:00,0.7527999877929688,0.7554799914360046,0.751800000667572,0.7523999810218811,0,0.00015000000000000001
2019-07-31 23:00:00+00:00,0.7532600164413452,0.7549300193786621,0.7508000135421753,0.753250002861023,0,0.00015000000000000001
2019-08-01 23:00:00+00:00,0.7490699887275696,0.7491599917411804,0.741599977016449,0.7487000226974487,0,0.00015000000000000001
2019-08-04 23:00:00+00:00,0.7441700100898743,0.7441700100898743,0.7355200052261353,0.7437000274658203,0,0.00015000000000000001
2019-08-05 23:00:00+00:00,0.734470009803772,0.7404299974441528,0.7340999841690063,0.7344599962234497,0,0.00015000000000000001
2019-08-06 23:00:00+00:00,0.7344499826431274,0.7372300028800964,0.7277799844741821,0.7344599962234497,0,0.00015000000000000001
2019-08-07 23:00:00+00:00,0.7322900295257568,0.7370499968528748,0.7318999767303467,0.73225998878479,0,0.00015000000000000001
2019-08-08 23:00:00+00:00,0.7361500263214111,0.7376199960708618,0.7327799797058105,0.7361400127410889,0,0.00015000000000000001
2019-08-11 23:00:00+00:00,0.7346000075340271,0.737060010433197,0.7310000061988831,0.7348300218582153,0,0.00015000000000000001
2019-08-12 23:00:00+00:00,0.7321900129318237,0.7397599816322327,0.7268000245094299,0.7321299910545349,0,0.00015000000000000001
2019-08-13 23:00:00+00:00,0.7383599877357483,0.7388799786567688,0.729200005531311,0.7382000088691711,0,0.00015000000000000001
2019-08-14 23:00:00+00:00,0.7313200235366821,0.7338600158691406,0.7294099926948547,0.73089998960495,0,0.00015000000000000001
2019-08-15 23:00:00+00:00,0.7329800128936768,0.7381799817085266,0.7325000166893005,0.7331600189208984,0,0.00015000000000000001
2019-08-18 23:00:00+00:00,0.7379199862480164,0.7404599785804749,0.7361999750137329,0.7380499839782715,0,0.00015000000000000001
2019-08-19 23:00:00+00:00,0.7360699772834778,0.7369899749755859,0.7339000105857849,0.7360699772834778,0,0.00015000000000000001
2019-08-20 23:00:00+00:00,0.7339000105857849,0.7396799921989441,0.7339000105857849,0.7337999939918518,0,0.00015000000000000001
2019-08-21 23:00:00+00:00,0.7390000224113464,0.7411699891090393,0.7369999885559082,0.7389799952507019,0,0.00015000000000000001
2019-08-22 23:00:00+00:00,0.739300012588501,0.7415500283241272,0.7316399812698364,0.7397599816322327,0,0.00015000000000000001
2019-08-25 23:00:00+00:00,0.7306600213050842,0.7379599809646606,0.7306600213050842,0.7305499911308289,0,0.00015000000000000001
2019-08-26 23:00:00+00:00,0.7387099862098694,0.7425000071525574,0.7379999756813049,0.7385200262069702,0,0.00015000000000000001
2019-08-27 23:00:00+00:00,0.7379999756813049,0.7387800216674805,0.7361999750137329,0.7383400201797485,0,0.00015000000000000001
2019-08-28 23:00:00+00:00,0.7374899983406067,0.741349995136261,0.7354000210762024,0.7373499870300293,0,0.00015000000000000001
2019-08-29 23:00:00+00:00,0.7418000102043152,0.7458599805831909,0.7412999868392944,0.7418000102043152,0,0.00015000000000000001
2019-09-01 23:00:00+00:00,0.7427899837493896,0.7445099949836731,0.7418000102043152,0.7422999739646912,0,0.00015000000000000001
2019-09-02 23:00:00+00:00,0.7422999739646912,0.7444700002670288,0.7386900186538696,0.7427700161933899,0,0.00015000000000000001
2019-09-03 23:00:00+00:00,0.7394000291824341,0.7419000267982483,0.7376000285148621,0.7397199869155884,0,0.00015000000000000001
2019-09-04 23:00:00+00:00,0.7415599822998047,0.7462599873542786,0.741100013256073,0.7415500283241272,0,0.00015000000000000001
2019-09-05 23:00:00+00:00,0.7453100085258484,0.7512099742889404,0.7447999715805054,0.7453600168228149,0,0.00015000000000000001
2019-09-08 23:00:00+00:00,0.7503899931907654,0.754010021686554,0.7498000264167786,0.75,0,0.00015000000000000001
2019-09-09 23:00:00+00:00,0.7533900141716003,0.7544800043106079,0.7505000233650208,0.753000020980835,0,0.00015000000000000001
2019-09-10 23:00:00+00:00,0.7541900277137756,0.7562599778175354,0.7521399855613708,0.7541999816894531,0,0.00015000000000000001
2019-09-11 23:00:00+00:00,0.7535799741744995,0.7540199756622314,0.7487599849700928,0.753570020198822,0,0.00015000000000000001
2019-09-12 23:00:00+00:00,0.7496100068092346,0.7496200203895569,0.744700014591217,0.7496899962425232,0,0.00015000000000000001
2019-09-15 23:00:00+00:00,0.7466700077056885,0.7498999834060669,0.7452999949455261,0.7466400265693665,0,0.00015000000000000001
2019-09-16 23:00:00+00:00,0.7495999932289124,0.7509700059890747,0.7475000023841858,0.7497900128364563,0,0.00015000000000000001
2019-09-17 23:00:00+00:00,0.7495499849319458,0.7514700293540955,0.7483000159263611,0.7493100166320801,0,0.00015000000000000001
2019-09-18 23:00:00+00:00,0.7496700286865234,0.7507500052452087,0.7448999881744385,0.7491999864578247,0,0.00015000000000000001
2019-09-19 23:00:00+00:00,0.7483000159263611,0.7489200234413147,0.7455599904060364,0.7487499713897705,0,0.00015000000000000001
2019-09-22 23:00:00+00:00,0.7470800280570984,0.7474499940872192,0.7436000108718872,0.7466999888420105,0,0.00015000000000000001
2019-09-23 23:00:00+00:00,0.7459999918937683,0.7479699850082397,0.7443000078201294,0.7463099956512451,0,0.00015000000000000001
2019-09-24 23:00:00+00:00,0.7446100115776062,0.746150016784668,0.7426000237464905,0.7440999746322632,0,0.00015000000000000001
2019-09-25 23:00:00+00:00,0.7474300265312195,0.7505800127983093,0.7466999888420105,0.7470999956130981,0,0.00015000000000000001
2019-09-26 23:00:00+00:00,0.7483900189399719,0.7503899931907654,0.7473000288009644,0.7480999827384949,0,0.00015000000000000001
2019-09-29 23:00:00+00:00,0.7485600113868713,0.7539399862289429,0.7476999759674072,0.748199999332428,0,0.00015000000000000001
2019-09-30 23:00:00+00:00,0.753000020980835,0.7545999884605408,0.7501999735832214,0.753000020980835,0,0.00015000000000000001
2019-10-01 23:00:00+00:00,0.7509099841117859,0.7566999793052673,0.7488999962806702,0.7509300112724304,0,0.00015000000000000001
2019-10-02 23:00:00+00:00,0.747730016708374,0.7527400255203247,0.7462000250816345,0.7477099895477295,0,0.00015000000000000001
2019-10-03 23:00:00+00:00,0.7480000257492065,0.7505499720573425,0.7450000047683716,0.7483199834823608,0,0.00015000000000000001
2019-10-06 23:00:00+00:00,0.7465999722480774,0.7482699751853943,0.7450000047683716,0.7468699812889099,0,0.00015000000000000001
2019-10-07 23:00:00+00:00,0.7476900219917297,0.7488200068473816,0.7432000041007996,0.7477399706840515,0,0.00015000000000000001
2019-10-08 23:00:00+00:00,0.7449899911880493,0.74822998046875,0.7445999979972839,0.7449700236320496,0,0.00015000000000000001
2019-10-09 23:00:00+00:00,0.7447100281715393,0.7503499984741211,0.7444000244140625,0.7440999746322632,0,0.00015000000000000001
2019-10-10 23:00:00+00:00,0.7495599985122681,0.756850004196167,0.7486000061035156,0.7496100068092346,0,0.00015000000000000001
2019-10-13 23:00:00+00:00,0.7559199929237366,0.7559199929237366,0.7519000172615051,0.7554000020027161,0,0.00015000000000000001
2019-10-14 23:00:00+00:00,0.7539499998092651,0.7562699913978577,0.7523000240325928,0.7542200088500977,0,0.00015000000000000001
2019-10-15 23:00:00+00:00,0.7561600208282471,0.7564700245857239,0.7526000142097473,0.7561200261116028,0,0.00015000000000000001
2019-10-16 23:00:00+00:00,0.7524999976158142,0.7550299763679504,0.7502999901771545,0.7530800104141235,0,0.00015000000000000001
2019-10-17 23:00:00+00:00,0.7516400218009949,0.7527499794960022,0.7494999766349792,0.7516400218009949,0,0.00015000000000000001
2019-10-20 23:00:00+00:00,0.7498999834060669,0.7536399960517883,0.7494000196456909,0.7498499751091003,0,0.00015000000000000001
2019-10-21 23:00:00+00:00,0.7533699870109558,0.7559700012207031,0.7527999877929688,0.7530900239944458,0,0.00015000000000000001
2019-10-22 23:00:00+00:00,0.7554699778556824,0.7571399807929993,0.7541999816894531,0.7554799914360046,0,0.00015000000000000001
2019-10-23 23:00:00+00:00,0.7570000290870667,0.7590000033378601,0.7560999989509583,0.7570000290870667,0,0.00015000000000000001
2019-10-24 23:00:00+00:00,0.7591000199317932,0.7612500190734863,0.7580999732017517,0.7591099739074707,0,0.00015000000000000001
2019-10-28 00:00:00+00:00,0.7610300183296204,0.7635499835014343,0.7601000070571899,0.7610099911689758,0,0.00015000000000000001
2019-10-29 00:00:00+00:00,0.7619699835777283,0.7630000114440918,0.7594299912452698,0.7618799805641174,0,0.00015000000000000001
2019-10-30 00:00:00+00:00,0.7594500184059143,0.7596099972724915,0.7512999773025513,0.7592800259590149,0,0.00015000000000000001
2019-10-31 00:00:00+00:00,0.7511799931526184,0.7511799931526184,0.7483000159263611,0.7511799931526184,0,0.00015000000000000001
2019-11-01 00:00:00+00:00,0.7487000226974487,0.7506499886512756,0.7484999895095825,0.7490299940109253,0,0.00015000000000000001
2019-11-04 00:00:00+00:00,0.7498000264167786,0.7515599727630615,0.7495999932289124,0.7497000098228455,0,0.00015000000000000001
2019-11-05 00:00:00+00:00,0.7510899901390076,0.7555000185966492,0.7504000067710876,0.7514299750328064,0,0.00015000000000000001
2019-11-06 00:00:00+00:00,0.7544999718666077,0.7547399997711182,0.7517200112342834,0.7541000247001648,0,0.00015000000000000001
2019-11-07 00:00:00+00:00,0.7525699734687805,0.7552800178527832,0.7512999773025513,0.7522000074386597,0,0.00015000000000000001
2019-11-08 00:00:00+00:00,0.7545999884605408,0.7558000087738037,0.752240002155304,0.7547000050544739,0,0.00015000000000000001
2019-11-11 00:00:00+00:00,0.753849983215332,0.7541300058364868,0.7502999901771545,0.7538400292396545,0,0.00015000000000000001
2019-11-12 00:00:00+00:00,0.7500699758529663,0.7526100277900696,0.7495999932289124,0.7498999834060669,0,0.00015000000000000001
2019-11-13 00:00:00+00:00,0.7494000196456909,0.7499300241470337,0.7452999949455261,0.7493000030517578,0,0.00015000000000000001
2019-11-14 00:00:00+00:00,0.7467300295829773,0.7474799752235413,0.7438300251960754,0.7467300295829773,0,0.00015000000000000001
2019-11-15 00:00:00+00:00,0.7461599707603455,0.7490000128746033,0.7454000115394592,0.7461699843406677,0,0.00015000000000000001
2019-11-18 00:00:00+00:00,0.7478600144386292,0.7500799894332886,0.746399998664856,0.7479100227355957,0,0.00015000000000000001
2019-11-19 00:00:00+00:00,0.749019980430603,0.7510799765586853,0.7476999759674072,0.748769998550415,0,0.00015000000000000001
2019-11-20 00:00:00+00:00,0.7458999752998352,0.7476599812507629,0.7440900206565857,0.7461199760437012,0,0.00015000000000000001
2019-11-21 00:00:00+00:00,0.7440999746322632,0.7474200129508972,0.7419999837875366,0.7440000176429749,0,0.00015000000000000001
2019-11-22 00:00:00+00:00,0.7474499940872192,0.7502899765968323,0.746999979019165,0.7473400235176086,0,0.00015000000000000001
2019-11-25 00:00:00+00:00,0.7501800060272217,0.7506499886512756,0.7480000257492065,0.7497000098228455,0,0.00015000000000000001
2019-11-26 00:00:00+00:00,0.7490599751472473,0.7513300180435181,0.7480000257492065,0.7491700053215027,0,0.00015000000000000001
2019-11-27 00:00:00+00:00,0.7516899704933167,0.7533900141716003,0.7508000135421753,0.7516800165176392,0,0.00015000000000000001
2019-11-28 00:00:00+00:00,0.7515400052070618,0.7521499991416931,0.7501999735832214,0.7512099742889404,0,0.00015000000000000001
2019-11-29 00:00:00+00:00,0.7518500089645386,0.7531099915504456,0.7506999969482422,0.75177001953125,0,0.00015000000000000001
2019-12-02 00:00:00+00:00,0.752810001373291,0.7536200284957886,0.7450000047683716,0.7527700066566467,0,0.00015000000000000001
2019-12-03 00:00:00+00:00,0.744979977607727,0.7460500001907349,0.7407000064849854,0.7450299859046936,0,0.00015000000000000001
2019-12-04 00:00:00+00:00,0.7428100109100342,0.7491400241851807,0.7409999966621399,0.7426000237464905,0,0.00015000000000000001
2019-12-05 00:00:00+00:00,0.7490100264549255,0.7516000270843506,0.748199999332428,0.7490000128746033,0,0.00015000000000000001
2019-12-06 00:00:00+00:00,0.749239981174469,0.7505499720573425,0.7462999820709229,0.7487000226974487,0,0.00015000000000000001
2019-12-09 00:00:00+00:00,0.7472500205039978,0.7477099895477295,0.7455999851226807,0.747439980506897,0,0.00015000000000000001
2019-12-10 00:00:00+00:00,0.7461900115013123,0.746720016002655,0.7436000108718872,0.7458999752998352,0,0.00015000000000000001
2019-12-11 00:00:00+00:00,0.7438700199127197,0.7467700242996216,0.742900013923645,0.7438300251960754,0,0.00015000000000000001
2019-12-12 00:00:00+00:00,0.7458199858665466,0.7487999796867371,0.7440000176429749,0.7457399964332581,0,0.00015000000000000001
2019-12-13 00:00:00+00:00,0.7483000159263611,0.7491000294685364,0.7442799806594849,0.7488099932670593,0,0.00015000000000000001
2019-12-16 00:00:00+00:00,0.7461000084877014,0.7492499947547913,0.7458000183105469,0.7462000250816345,0,0.00015000000000000001
2019-12-17 00:00:00+00:00,0.7465800046920776,0.7469300031661987,0.7437000274658203,0.7465000152587891,0,0.00015000000000000001
2019-12-18 00:00:00+00:00,0.7440000176429749,0.7486000061035156,0.7437999844551086,0.7443000078201294,0,0.00015000000000000001
2019-12-19 00:00:00+00:00,0.7472800016403198,0.7479900121688843,0.7444999814033508,0.7468000054359436,0,0.00015000000000000001
2019-12-20 00:00:00+00:00,0.7454400062561035,0.746720016002655,0.7442299723625183,0.745389997959137,0,0.00015000000000000001
2019-12-23 00:00:00+00:00,0.7471699714660645,0.7471699714660645,0.7441999912261963,0.7472000122070312,0,0.00015000000000000001
2019-12-24 00:00:00+00:00,0.7464200258255005,0.7470499873161316,0.7444000244140625,0.7463700175285339,0,0.00015000000000000001
2019-12-25 00:00:00+00:00,0.7444999814033508,0.746399998664856,0.743399977684021,0.7444000244140625,0,0.00015000000000000001
2019-12-26 00:00:00+00:00,0.7443000078201294,0.7480999827384949,0.7443000078201294,0.7444000244140625,0,0.00015000000000000001
2019-12-27 00:00:00+00:00,0.7485499978065491,0.7486299872398376,0.7441999912261963,0.748199999332428,0,0.00015000000000000001
2019-12-30 00:00:00+00:00,0.7446900010108948,0.7447599768638611,0.7404000163078308,0.7446799874305725,0,0.00015000000000000001
2019-12-31 00:00:00+00:00,0.7411999702453613,0.7469000220298767,0.7408999800682068,0.7415199875831604,0,0.00015000000000000001
2020-01-01 00:00:00+00:00,0.7433000206947327,0.7465000152587891,0.7422999739646912,0.7433000206947327,0,0.00015000000000000001
2020-01-02 00:00:00+00:00,0.7457500100135803,0.7478600144386292,0.7450000047683716,0.7452999949455261,0,0.00015000000000000001
2020-01-03 00:00:00+00:00,0.7476999759674072,0.7502800226211548,0.745389997959137,0.7480900287628174,0,0.00015000000000000001
2020-01-06 00:00:00+00:00,0.7479400038719177,0.7485600113868713,0.7462999820709229,0.7478899955749512,0,0.00015000000000000001
2020-01-07 00:00:00+00:00,0.7469599843025208,0.7486199736595154,0.7454000115394592,0.7469900250434875,0,0.00015000000000000001
2020-01-08 00:00:00+00:00,0.7445999979972839,0.7479699850082397,0.7432000041007996,0.7450000047683716,0,0.00015000000000000001
2020-01-09 00:00:00+00:00,0.7465100288391113,0.7475699782371521,0.7422999739646912,0.7459999918937683,0,0.00015000000000000001
2020-01-10 00:00:00+00:00,0.744979977607727,0.748449981212616,0.7441999912261963,0.7445999979972839,0,0.00015000000000000001
2020-01-13 00:00:00+00:00,0.7446399927139282,0.7457900047302246,0.7426000237464905,0.7445399761199951,0,0.00015000000000000001
2020-01-14 00:00:00+00:00,0.7435700297355652,0.7438899874687195,0.7391999959945679,0.7434899806976318,0,0.00015000000000000001
2020-01-15 00:00:00+00:00,0.7401300072669983,0.7412599921226501,0.7365000247955322,0.7397000193595886,0,0.00015000000000000001
2020-01-16 00:00:00+00:00,0.7384999990463257,0.7399799823760986,0.7369999885559082,0.7389299869537354,0,0.00015000000000000001
2020-01-17 00:00:00+00:00,0.739579975605011,0.7423999905586243,0.7389000058174133,0.7396000027656555,0,0.00015000000000000001
2020-01-20 00:00:00+00:00,0.7410200238227844,0.7426699995994568,0.739799976348877,0.7410500049591064,0,0.00015000000000000001
2020-01-21 00:00:00+00:00,0.7419000267982483,0.7423999905586243,0.739300012588501,0.7422099709510803,0,0.00015000000000000001
2020-01-22 00:00:00+00:00,0.7409899830818176,0.7439600229263306,0.7376999855041504,0.7404999732971191,0,0.00015000000000000001
2020-01-23 00:00:00+00:00,0.7360000014305115,0.7377099990844727,0.7343000173568726,0.7361000180244446,0,0.00015000000000000001
2020-01-24 00:00:00+00:00,0.7382000088691711,0.7393699884414673,0.7376999855041504,0.7379999756813049,0,0.00015000000000000001
2020-01-27 00:00:00+00:00,0.7369099855422974,0.7379599809646606,0.7336000204086304,0.7367600202560425,0,0.00015000000000000001
2020-01-28 00:00:00+00:00,0.7348999977111816,0.7391700148582458,0.7329999804496765,0.7353399991989136,0,0.00015000000000000001
2020-01-29 00:00:00+00:00,0.7386999726295471,0.7405499815940857,0.737500011920929,0.7390300035476685,0,0.00015000000000000001
2020-01-30 00:00:00+00:00,0.7373200058937073,0.7373200058937073,0.7317000031471252,0.7368999719619751,0,0.00015000000000000001
2020-01-31 00:00:00+00:00,0.7337499856948853,0.7351599931716919,0.7281500101089478,0.7334399819374084,0,0.00015000000000000001
2020-02-03 00:00:00+00:00,0.7274699807167053,0.7301200032234192,0.7251999974250793,0.7275000214576721,0,0.00015000000000000001
2020-02-04 00:00:00+00:00,0.7258999943733215,0.7312899827957153,0.725600004196167,0.7263299822807312,0,0.00015000000000000001
2020-02-05 00:00:00+00:00,0.7293999791145325,0.7330899834632874,0.7276999950408936,0.7296199798583984,0,0.00015000000000000001
2020-02-06 00:00:00+00:00,0.7326400279998779,0.7342900037765503,0.7321000099182129,0.7324000000953674,0,0.00015000000000000001
2020-02-07 00:00:00+00:00,0.7333999872207642,0.734969973564148,0.7311999797821045,0.733489990234375,0,0.00015000000000000001
2020-02-10 00:00:00+00:00,0.7336400151252747,0.7360399961471558,0.7328000068664551,0.7336999773979187,0,0.00015000000000000001
2020-02-11 00:00:00+00:00,0.7338299751281738,0.736299991607666,0.7332000136375427,0.7338500022888184,0,0.00015000000000000001
2020-02-12 00:00:00+00:00,0.7341499924659729,0.737559974193573,0.733299970626831,0.7340999841690063,0,0.00015000000000000001
2020-02-13 00:00:00+00:00,0.7372900247573853,0.739139974117279,0.7354999780654907,0.7373600006103516,0,0.00015000000000000001
2020-02-14 00:00:00+00:00,0.7376899719238281,0.7411900162696838,0.7376000285148621,0.7376599907875061,0,0.00015000000000000001
2020-02-17 00:00:00+00:00,0.7410899996757507,0.74235999584198,0.7405200004577637,0.7410600185394287,0,0.00015000000000000001
2020-02-18 00:00:00+00:00,0.7408000230789185,0.7416800260543823,0.7383000254631042,0.7402999997138977,0,0.00015000000000000001
2020-02-19 00:00:00+00:00,0.7414000034332275,0.7442899942398071,0.7408000230789185,0.7411999702453613,0,0.00015000000000000001
2020-02-20 00:00:00+00:00,0.7439900040626526,0.7441499829292297,0.7404999732971191,0.7439200282096863,0,0.00015000000000000001
2020-02-21 00:00:00+00:00,0.7417500019073486,0.7425699830055237,0.7380399703979492,0.7418199777603149,0,0.00015000000000000001
2020-02-24 00:00:00+00:00,0.7386500239372253,0.7394300103187561,0.7354999780654907,0.7384499907493591,0,0.00015000000000000001
2020-02-25 00:00:00+00:00,0.7372400164604187,0.7376099824905396,0.7333999872207642,0.7372599840164185,0,0.00015000000000000001
2020-02-26 00:00:00+00:00,0.7348999977111816,0.736270010471344,0.7307999730110168,0.7349399924278259,0,0.00015000000000000001
2020-02-27 00:00:00+00:00,0.7316399812698364,0.7316499948501587,0.7239000201225281,0.7315300107002258,0,0.00015000000000000001
2020-02-28 00:00:00+00:00,0.7237899899482727,0.7237899899482727,0.7145599722862244,0.7236199975013733,0,0.00015000000000000001
2020-03-02 00:00:00+00:00,0.7190899848937988,0.7247499823570251,0.7137500047683716,0.7188799977302551,0,0.00015000000000000001
2020-03-03 00:00:00+00:00,0.7191200256347656,0.719569981098175,0.7125599980354309,0.7189900279045105,0,0.00015000000000000001
2020-03-04 00:00:00+00:00,0.714460015296936,0.7182899713516235,0.7110999822616577,0.713699996471405,0,0.00015000000000000001
2020-03-05 00:00:00+00:00,0.7143599987030029,0.7144399881362915,0.7075999975204468,0.7146900296211243,0,0.00015000000000000001
2020-03-06 00:00:00+00:00,0.7061799764633179,0.7065399885177612,0.6937999725341797,0.706030011177063,0,0.00015000000000000001
2020-03-09 00:00:00+00:00,0.6809399724006653,0.6873199939727783,0.6675500273704529,0.6807299852371216,0,0.00015000000000000001
2020-03-10 00:00:00+00:00,0.6797599792480469,0.6881499886512756,0.6743699908256531,0.6795799732208252,0,0.00015000000000000001
2020-03-11 00:00:00+00:00,0.6822900176048279,0.6847599744796753,0.6783499717712402,0.6820600032806396,0,0.00015000000000000001
2020-03-12 00:00:00+00:00,0.6818600296974182,0.6876299977302551,0.6747699975967407,0.6816499829292297,0,0.00015000000000000001
2020-03-13 00:00:00+00:00,0.6769999861717224,0.6899300217628479,0.6761999726295471,0.6774200201034546,0,0.00015000000000000001
2020-03-16 00:00:00+00:00,0.6861199736595154,0.6886799931526184,0.6762999892234802,0.6855999827384949,0,0.00015000000000000001
2020-03-17 00:00:00+00:00,0.6761299967765808,0.6826800107955933,0.6753699779510498,0.6762999892234802,0,0.00015000000000000001
2020-03-18 00:00:00+00:00,0.673770010471344,0.6767500042915344,0.6664599776268005,0.6737800240516663,0,0.00015000000000000001
2020-03-19 00:00:00+00:00,0.6686000227928162,0.6805999875068665,0.6605100035667419,0.6690000295639038,0,0.00015000000000000001
2020-03-20 00:00:00+00:00,0.6819599866867065,0.6920599937438965,0.6797000169754028,0.6817899942398071,0,0.00015000000000000001
2020-03-23 00:00:00+00:00,0.6812199950218201,0.6843100190162659,0.6746100187301636,0.6809599995613098,0,0.00015000000000000001
2020-03-24 00:00:00+00:00,0.6779299974441528,0.680109977722168,0.6708700060844421,0.6778900027275085,0,0.00015000000000000001
2020-03-25 00:00:00+00:00,0.6786900162696838,0.6853299736976624,0.6786900162696838,0.678659975528717,0,0.00015000000000000001
2020-03-26 00:00:00+00:00,0.6862900257110596,0.6898099780082703,0.6819999814033508,0.6865599751472473,0,0.00015000000000000001
2020-03-27 00:00:00+00:00,0.684719979763031,0.686240017414093,0.6791099905967712,0.6849200129508972,0,0.00015000000000000001
2020-03-29 23:00:00+00:00,0.6766300201416016,0.6817399859428406,0.6743500232696533,0.6765599846839905,0,0.00015000000000000001
2020-03-30 23:00:00+00:00,0.6767600178718567,0.6832200288772583,0.6722999811172485,0.676800012588501,0,0.00015000000000000001
2020-03-31 23:00:00+00:00,0.6828500032424927,0.6835399866104126,0.6759999990463257,0.6823999881744385,0,0.00015000000000000001
2020-04-01 23:00:00+00:00,0.682889997959137,0.6892399787902832,0.6796500086784363,0.6825699806213379,0,0.00015000000000000001
2020-04-02 23:00:00+00:00,0.689520001411438,0.6935200095176697,0.6860100030899048,0.6893799901008606,0,0.00015000000000000001
2020-04-05 23:00:00+00:00,0.6854400038719177,0.6936100125312805,0.6854400038719177,0.685509979724884,0,0.00015000000000000001
2020-04-06 23:00:00+00:00,0.6929299831390381,0.6952099800109863,0.6914499998092651,0.6928399801254272,0,0.00015000000000000001
2020-04-07 23:00:00+00:00,0.691540002822876,0.6941699981689453,0.6894000172615051,0.6914200186729431,0,0.00015000000000000001
2020-04-08 23:00:00+00:00,0.6937999725341797,0.694379985332489,0.6894999742507935,0.6938899755477905,0,0.00015000000000000001
2020-04-09 23:00:00+00:00,0.6908900141716003,0.6923800110816956,0.6894999742507935,0.6909499764442444,0,0.00015000000000000001
2020-04-12 23:00:00+00:00,0.691100001335144,0.693310022354126,0.6904000043869019,0.6912999749183655,0,0.00015000000000000001
2020-04-13 23:00:00+00:00,0.6963800191879272,0.6963800191879272,0.6902999877929688,0.696590006351471,0,0.00015000000000000001
2020-04-14 23:00:00+00:00,0.691569983959198,0.6916900277137756,0.6830400228500366,0.6912299990653992,0,0.00015000000000000001
2020-04-15 23:00:00+00:00,0.6835899949073792,0.686739981174469,0.6833000183105469,0.6830000281333923,0,0.00015000000000000001
2020-04-16 23:00:00+00:00,0.6901500225067139,0.6908100247383118,0.6870399713516235,0.6901999711990356,0,0.00015000000000000001
2020-04-19 23:00:00+00:00,0.6883999705314636,0.689329981803894,0.6851999759674072,0.6883999705314636,0,0.00015000000000000001
2020-04-20 23:00:00+00:00,0.6851599812507629,0.6861500144004822,0.6801999807357788,0.6849499940872192,0,0.00015000000000000001
2020-04-21 23:00:00+00:00,0.6827999949455261,0.6870800256729126,0.6811000108718872,0.6833000183105469,0,0.00015000000000000001
2020-04-22 23:00:00+00:00,0.6857799887657166,0.6937900185585022,0.6845999956130981,0.6851999759674072,0,0.00015000000000000001
2020-04-23 23:00:00+00:00,0.6937000155448914,0.6954200267791748,0.6901599764823914,0.6937000155448914,0,0.00015000000000000001
2020-04-26 23:00:00+00:00,0.6899099946022034,0.6948800086975098,0.6894999742507935,0.6898499727249146,0,0.00015000000000000001
2020-04-27 23:00:00+00:00,0.6952599883079529,0.6980900168418884,0.6931999921798706,0.6951000094413757,0,0.00015000000000000001
2020-04-28 23:00:00+00:00,0.6963099837303162,0.6998299956321716,0.6958000063896179,0.6963499784469604,0,0.00015000000000000001
2020-04-29 23:00:00+00:00,0.7017800211906433,0.7031300067901611,0.6940600275993347,0.7018799781799316,0,0.00015000000000000001
2020-04-30 23:00:00+00:00,0.6928200125694275,0.6928499937057495,0.6802999973297119,0.692550003528595,0,0.00015000000000000001
2020-05-03 23:00:00+00:00,0.6810200214385986,0.6862300038337708,0.6803699731826782,0.680869996547699,0,0.00015000000000000001
2020-05-04 23:00:00+00:00,0.6855599880218506,0.6931800246238708,0.6851000189781189,0.685479998588562,0,0.00015000000000000001
2020-05-05 23:00:00+00:00,0.692520022392273,0.6940100193023682,0.6883999705314636,0.6926400065422058,0,0.00015000000000000001
2020-05-06 23:00:00+00:00,0.688759982585907,0.698360025882721,0.6883900165557861,0.6882200241088867,0,0.00015000000000000001
2020-05-07 23:00:00+00:00,0.6962699890136719,0.6978999972343445,0.6948099732398987,0.6963800191879272,0,0.00015000000000000001
2020-05-10 23:00:00+00:00,0.6973299980163574,0.6985700130462646,0.6922000050544739,0.6966999769210815,0,0.00015000000000000001
2020-05-11 23:00:00+00:00,0.6938400268554688,0.6945800185203552,0.6895999908447266,0.6937999725341797,0,0.00015000000000000001
2020-05-12 23:00:00+00:00,0.6887400150299072,0.6919599771499634,0.6880000233650208,0.6887500286102295,0,0.00015000000000000001
2020-05-13 23:00:00+00:00,0.6895599961280823,0.6917200088500977,0.6880999803543091,0.6897199749946594,0,0.00015000000000000001
2020-05-14 23:00:00+00:00,0.6930000185966492,0.6936699748039246,0.6887000203132629,0.6930999755859375,0,0.00015000000000000001
2020-05-17 23:00:00+00:00,0.6896100044250488,0.6942600011825562,0.6887999773025513,0.6896399855613708,0,0.00015000000000000001
2020-05-18 23:00:00+00:00,0.6969900131225586,0.7005900144577026,0.6952999830245972,0.6970300078392029,0,0.00015000000000000001
2020-05-19 23:00:00+00:00,0.6963000297546387,0.697409987449646,0.6935999989509583,0.6967200040817261,0,0.00015000000000000001
2020-05-20 23:00:00+00:00,0.6933000087738037,0.6966999769210815,0.6922000050544739,0.693809986114502,0,0.00015000000000000001
2020-05-21 23:00:00+00:00,0.6959499716758728,0.6962000131607056,0.691100001335144,0.695900022983551,0,0.00015000000000000001
2020-05-24 23:00:00+00:00,0.6944500207901001,0.6958699822425842,0.6931999921798706,0.694100022315979,0,0.00015000000000000001
2020-05-25 23:00:00+00:00,0.69514000415802,0.7013800144195557,0.6945000290870667,0.6952300071716309,0,0.00015000000000000001
2020-05-26 23:00:00+00:00,0.7003399729728699,0.7064099907875061,0.6991000175476074,0.7003700137138367,0,0.00015000000000000001
2020-05-27 23:00:00+00:00,0.7037299871444702,0.7052599787712097,0.699999988079071,0.7036899924278259,0,0.00015000000000000001
2020-05-28 23:00:00+00:00,0.6998500227928162,0.7014700174331665,0.6947299838066101,0.6998599767684937,0,0.00015000000000000001
2020-05-31 23:00:00+00:00,0.6972799897193909,0.7066400051116943,0.6972100138664246,0.6967999935150146,0,0.00015000000000000001
2020-06-01 23:00:00+00:00,0.7076900005340576,0.7126500010490417,0.7076500058174133,0.707539975643158,0,0.00015000000000000001
2020-06-02 23:00:00+00:00,0.7117199897766113,0.7135300040245056,0.7099900245666504,0.7117099761962891,0,0.00015000000000000001
2020-06-03 23:00:00+00:00,0.7124999761581421,0.7125200033187866,0.7069000005722046,0.712440013885498,0,0.00015000000000000001
2020-06-04 23:00:00+00:00,0.7075600028038025,0.7200000286102295,0.70660001039505,0.7077000141143799,0,0.00015000000000000001
2020-06-07 23:00:00+00:00,0.7172099947929382,0.7188900113105774,0.7131999731063843,0.7176200151443481,0,0.00015000000000000001
2020-06-08 23:00:00+00:00,0.7156000137329102,0.7162899971008301,0.7057999968528748,0.7160999774932861,0,0.00015000000000000001
2020-06-09 23:00:00+00:00,0.7081000208854675,0.7100600004196167,0.7031599879264832,0.7080000042915344,0,0.00015000000000000001
2020-06-10 23:00:00+00:00,0.7028700113296509,0.7037299871444702,0.6913400292396545,0.7023000121116638,0,0.00015000000000000001
2020-06-11 23:00:00+00:00,0.692330002784729,0.7002599835395813,0.6909999847412109,0.6922199726104736,0,0.00015000000000000001
2020-06-14 23:00:00+00:00,0.6977099776268005,0.698930025100708,0.6947000026702881,0.6975700259208679,0,0.00015000000000000001
2020-06-15 23:00:00+00:00,0.7013599872589111,0.7034100294113159,0.6970000267028809,0.7006999850273132,0,0.00015000000000000001
2020-06-16 23:00:00+00:00,0.7021999955177307,0.7030699849128723,0.6996700167655945,0.7021999955177307,0,0.00015000000000000001
2020-06-17 23:00:00+00:00,0.6987000107765198,0.7018899917602539,0.6976000070571899,0.6987400054931641,0,0.00015000000000000001
2020-06-18 23:00:00+00:00,0.7000899910926819,0.7020300030708313,0.698199987411499,0.7002000212669373,0,0.00015000000000000001
2020-06-21 23:00:00+00:00,0.6991900205612183,0.7009999752044678,0.6980999708175659,0.6992499828338623,0,0.00015000000000000001
2020-06-22 23:00:00+00:00,0.7010599970817566,0.7017099857330322,0.6972000002861023,0.7011899948120117,0,0.00015000000000000001
2020-06-23 23:00:00+00:00,0.6973999738693237,0.6987500190734863,0.6952999830245972,0.6974400281906128,0,0.00015000000000000001
2020-06-24 23:00:00+00:00,0.6945000290870667,0.6969699859619141,0.6937000155448914,0.6948800086975098,0,0.00015000000000000001
2020-06-25 23:00:00+00:00,0.6952700018882751,0.6956800222396851,0.6913999915122986,0.6953200101852417,0,0.00015000000000000001
2020-06-28 23:00:00+00:00,0.6929299831390381,0.6945099830627441,0.691100001335144,0.6928499937057495,0,0.00015000000000000001
2020-06-29 23:00:00+00:00,0.696150004863739,0.6965399980545044,0.6931999921798706,0.6963300108909607,0,0.00015000000000000001
2020-06-30 23:00:00+00:00,0.6976699829101562,0.6990299820899963,0.6952999830245972,0.6970999836921692,0,0.00015000000000000001
2020-07-01 23:00:00+00:00,0.6957399845123291,0.6960800290107727,0.6930999755859375,0.6953999996185303,0,0.00015000000000000001
2020-07-02 23:00:00+00:00,0.6967700123786926,0.6981300115585327,0.6952999830245972,0.6967300176620483,0,0.00015000000000000001
2020-07-05 23:00:00+00:00,0.6972500085830688,0.6972900032997131,0.6923999786376953,0.6973299980163574,0,0.00015000000000000001
2020-07-06 23:00:00+00:00,0.6954600214958191,0.696150004863739,0.692300021648407,0.6955900192260742,0,0.00015000000000000001
2020-07-07 23:00:00+00:00,0.6925299763679504,0.693149983882904,0.6915199756622314,0.6922000050544739,0,0.00015000000000000001
2020-07-08 23:00:00+00:00,0.6939700245857239,0.6954600214958191,0.6916000247001648,0.6940799951553345,0,0.00015000000000000001
2020-07-09 23:00:00+00:00,0.6917999982833862,0.6929500102996826,0.690500020980835,0.692359983921051,0,0.00015000000000000001
2020-07-12 23:00:00+00:00,0.691569983959198,0.6957100033760071,0.6912999749183655,0.6915500164031982,0,0.00015000000000000001
2020-07-13 23:00:00+00:00,0.6918500065803528,0.692110002040863,0.6887000203132629,0.691860020160675,0,0.00015000000000000001
2020-07-14 23:00:00+00:00,0.690750002861023,0.6980800032615662,0.6895999908447266,0.6901999711990356,0,0.00015000000000000001
2020-07-15 23:00:00+00:00,0.6988000273704529,0.700160026550293,0.696399986743927,0.6987000107765198,0,0.00015000000000000001
2020-07-16 23:00:00+00:00,0.6964300274848938,0.6966800093650818,0.6912000179290771,0.6962000131607056,0,0.00015000000000000001
2020-07-19 23:00:00+00:00,0.6912400126457214,0.6939600110054016,0.6905999779701233,0.6911500096321106,0,0.00015000000000000001
2020-07-20 23:00:00+00:00,0.6940400004386902,0.6978700160980225,0.6934000253677368,0.6940600275993347,0,0.00015000000000000001
2020-07-21 23:00:00+00:00,0.6933799982070923,0.694100022315979,0.6916800141334534,0.69336998462677,0,0.00015000000000000001
2020-07-22 23:00:00+00:00,0.6929399967193604,0.6944100260734558,0.6904000043869019,0.6928899884223938,0,0.00015000000000000001
2020-07-23 23:00:00+00:00,0.690280020236969,0.6906499862670898,0.6862999796867371,0.6898999810218811,0,0.00015000000000000001
2020-07-26 23:00:00+00:00,0.6861199736595154,0.6896299719810486,0.6841999888420105,0.6859999895095825,0,0.00015000000000000001
2020-07-27 23:00:00+00:00,0.689329981803894,0.6899600028991699,0.6835899949073792,0.6888999938964844,0,0.00015000000000000001
2020-07-28 23:00:00+00:00,0.6860700249671936,0.6874799728393555,0.6833999752998352,0.6859899759292603,0,0.00015000000000000001
2020-07-29 23:00:00+00:00,0.6837900280952454,0.6843000054359436,0.6775100231170654,0.6838300228118896,0,0.00015000000000000001
2020-07-30 23:00:00+00:00,0.6772900223731995,0.6813200116157532,0.6746000051498413,0.6769999861717224,0,0.00015000000000000001
2020-08-02 23:00:00+00:00,0.6812999844551086,0.6884199976921082,0.6812000274658203,0.6812000274658203,0,0.00015000000000000001
2020-08-03 23:00:00+00:00,0.6850699782371521,0.686739981174469,0.6811000108718872,0.6849700212478638,0,0.00015000000000000001
2020-08-04 23:00:00+00:00,0.6862900257110596,0.6870099902153015,0.6828500032424927,0.6862499713897705,0,0.00015000000000000001
2020-08-05 23:00:00+00:00,0.683899998664856,0.6861900091171265,0.6823999881744385,0.6844900250434875,0,0.00015000000000000001
2020-08-06 23:00:00+00:00,0.6830300092697144,0.685920000076294,0.6815999746322632,0.6831899881362915,0,0.00015000000000000001
2020-08-09 23:00:00+00:00,0.6812000274658203,0.6864200234413147,0.6812000274658203,0.681659996509552,0,0.00015000000000000001
2020-08-10 23:00:00+00:00,0.6856200098991394,0.6893200278282166,0.6851000189781189,0.6855199933052063,0,0.00015000000000000001
2020-08-11 23:00:00+00:00,0.6890599727630615,0.6901400089263916,0.6863999962806702,0.6891199946403503,0,0.00015000000000000001
2020-08-12 23:00:00+00:00,0.6884700059890747,0.6896799802780151,0.6861000061035156,0.6884300112724304,0,0.00015000000000000001
2020-08-13 23:00:00+00:00,0.6878200173377991,0.6888899803161621,0.6852999925613403,0.688040018081665,0,0.00015000000000000001
2020-08-16 23:00:00+00:00,0.6855700016021729,0.6868399977684021,0.6849799752235413,0.6855599880218506,0,0.00015000000000000001
2020-08-17 23:00:00+00:00,0.6855700016021729,0.6885899901390076,0.6843000054359436,0.6856600046157837,0,0.00015000000000000001
2020-08-18 23:00:00+00:00,0.6860100030899048,0.6927300095558167,0.6852999925613403,0.6860299706459045,0,0.00015000000000000001
2020-08-19 23:00:00+00:00,0.692330002784729,0.6925899982452393,0.6873999834060669,0.6919000148773193,0,0.00015000000000000001
2020-08-20 23:00:00+00:00,0.6884400248527527,0.6916999816894531,0.6879000067710876,0.6880000233650208,0,0.00015000000000000001
2020-08-23 23:00:00+00:00,0.6918399930000305,0.6935200095176697,0.6884999871253967,0.6918399930000305,0,0.00015000000000000001
2020-08-24 23:00:00+00:00,0.6898400187492371,0.6899300217628479,0.6870999932289124,0.689300000667572,0,0.00015000000000000001
2020-08-25 23:00:00+00:00,0.6897000074386597,0.6913999915122986,0.6887000203132629,0.6895999908447266,0,0.00015000000000000001
2020-08-26 23:00:00+00:00,0.690530002117157,0.6937100291252136,0.6890699863433838,0.6901000142097473,0,0.00015000000000000001
2020-08-27 23:00:00+00:00,0.6927599906921387,0.6930000185966492,0.6888999938964844,0.6928099989891052,0,0.00015000000000000001
2020-08-30 23:00:00+00:00,0.6904000043869019,0.6924499869346619,0.6895999908447266,0.6906999945640564,0,0.00015000000000000001
2020-08-31 23:00:00+00:00,0.6930000185966492,0.6968500018119812,0.6917600035667419,0.6929000020027161,0,0.00015000000000000001
2020-09-01 23:00:00+00:00,0.6964300274848938,0.6986500024795532,0.6959999799728394,0.6962000131607056,0,0.00015000000000000001
2020-09-02 23:00:00+00:00,0.698170006275177,0.6987699866294861,0.6922699809074402,0.6981899738311768,0,0.00015000000000000001
2020-09-03 23:00:00+00:00,0.6926699876785278,0.6988800168037415,0.6922000050544739,0.6920300126075745,0,0.00015000000000000001
2020-09-06 23:00:00+00:00,0.6984699964523315,0.699999988079071,0.6955999732017517,0.6986299753189087,0,0.00015000000000000001
2020-09-07 23:00:00+00:00,0.6995999813079834,0.7007700204849243,0.6940000057220459,0.699400007724762,0,0.00015000000000000001
2020-09-08 23:00:00+00:00,0.6933199763298035,0.6947299838066101,0.6920999884605408,0.6930000185966492,0,0.00015000000000000001
2020-09-09 23:00:00+00:00,0.6933500170707703,0.6933500170707703,0.6883000135421753,0.6934400200843811,0,0.00015000000000000001
2020-09-10 23:00:00+00:00,0.6900799870491028,0.6917799711227417,0.6887999773025513,0.6900699734687805,0,0.00015000000000000001
2020-09-13 23:00:00+00:00,0.689490020275116,0.6907100081443787,0.6872000098228455,0.6891999840736389,0,0.00015000000000000001
2020-09-14 23:00:00+00:00,0.6893100142478943,0.6899200081825256,0.6875,0.6887000203132629,0,0.00015000000000000001
2020-09-15 23:00:00+00:00,0.6880000233650208,0.6897900104522705,0.6869999766349792,0.6883000135421753,0,0.00015000000000000001
2020-09-16 23:00:00+00:00,0.6907200217247009,0.6910099983215332,0.6877999901771545,0.6907399892807007,0,0.00015000000000000001
2020-09-17 23:00:00+00:00,0.6906999945640564,0.6911399960517883,0.6890000104904175,0.6901000142097473,0,0.00015000000000000001
2020-09-20 23:00:00+00:00,0.690280020236969,0.6920899748802185,0.6876800060272217,0.6902700066566467,0,0.00015000000000000001
2020-09-21 23:00:00+00:00,0.6880300045013428,0.6910300254821777,0.6863999962806702,0.6880300045013428,0,0.00015000000000000001
2020-09-22 23:00:00+00:00,0.6918299794197083,0.6923900246620178,0.6894599795341492,0.6917399764060974,0,0.00015000000000000001
2020-09-23 23:00:00+00:00,0.6901800036430359,0.6928399801254272,0.6881999969482422,0.6902499794960022,0,0.00015000000000000001
2020-09-24 23:00:00+00:00,0.6940900087356567,0.694570004940033,0.6922000050544739,0.6937000155448914,0,0.00015000000000000001
2020-09-27 23:00:00+00:00,0.6934499740600586,0.6947699785232544,0.691070020198822,0.6933000087738037,0,0.00015000000000000001
2020-09-28 23:00:00+00:00,0.691510021686554,0.691510021686554,0.6866000294685364,0.6914299726486206,0,0.00015000000000000001
2020-09-29 23:00:00+00:00,0.6869099736213684,0.6906700134277344,0.6858999729156494,0.6865000128746033,0,0.00015000000000000001
2020-09-30 23:00:00+00:00,0.6915000081062317,0.692520022392273,0.6893100142478943,0.6913999915122986,0,0.00015000000000000001
2020-10-01 23:00:00+00:00,0.6915799975395203,0.692550003528595,0.6891000270843506,0.691100001335144,0,0.00015000000000000001
2020-10-04 23:00:00+00:00,0.6905800104141235,0.6915799975395203,0.6888999938964844,0.6901000142097473,0,0.00015000000000000001
2020-10-05 23:00:00+00:00,0.6901599764823914,0.6905500292778015,0.6880999803543091,0.6898000240325928,0,0.00015000000000000001
2020-10-06 23:00:00+00:00,0.6887099742889404,0.6910499930381775,0.6879000067710876,0.6886799931526184,0,0.00015000000000000001
2020-10-07 23:00:00+00:00,0.6915500164031982,0.6944500207901001,0.6908000111579895,0.691100001335144,0,0.00015000000000000001
2020-10-08 23:00:00+00:00,0.6950100064277649,0.6952999830245972,0.6922000050544739,0.6950299739837646,0,0.00015000000000000001
2020-10-11 23:00:00+00:00,0.6932899951934814,0.6946700215339661,0.6924999952316284,0.6932700276374817,0,0.00015000000000000001
2020-10-12 23:00:00+00:00,0.6932899951934814,0.6963899731636047,0.6917999982833862,0.6929000020027161,0,0.00015000000000000001
2020-10-13 23:00:00+00:00,0.6964100003242493,0.6975499987602234,0.6934000253677368,0.6960999965667725,0,0.00015000000000000001
2020-10-14 23:00:00+00:00,0.6942200064659119,0.6947100162506104,0.6891000270843506,0.6944500207901001,0,0.00015000000000000001
2020-10-15 23:00:00+00:00,0.6909000277519226,0.6943399906158447,0.690500020980835,0.6913700103759766,0,0.00015000000000000001
2020-10-18 23:00:00+00:00,0.6942300200462341,0.6950899958610535,0.6899999976158142,0.6942300200462341,0,0.00015000000000000001
2020-10-19 23:00:00+00:00,0.6902899742126465,0.6916199922561646,0.6875,0.6901900172233582,0,0.00015000000000000001
2020-10-20 23:00:00+00:00,0.6910899877548218,0.6924600005149841,0.6880300045013428,0.6907399892807007,0,0.00015000000000000001
2020-10-21 23:00:00+00:00,0.6885799765586853,0.6910300254821777,0.6876999735832214,0.6883699893951416,0,0.00015000000000000001
2020-10-22 23:00:00+00:00,0.6907899975776672,0.6912099719047546,0.6879600286483765,0.6908000111579895,0,0.00015000000000000001
2020-10-26 00:00:00+00:00,0.6878899931907654,0.6886500120162964,0.6862000226974487,0.6879100203514099,0,0.00015000000000000001
2020-10-27 00:00:00+00:00,0.6875500082969666,0.6903899908065796,0.6868000030517578,0.6875100135803223,0,0.00015000000000000001
2020-10-28 00:00:00+00:00,0.6888399720191956,0.689740002155304,0.6827999949455261,0.6889399886131287,0,0.00015000000000000001
2020-10-29 00:00:00+00:00,0.6840400099754333,0.6867200136184692,0.6818199753761292,0.6841199994087219,0,0.00015000000000000001
2020-10-30 00:00:00+00:00,0.6875500082969666,0.6888399720191956,0.6848999857902527,0.6873599886894226,0,0.00015000000000000001
2020-11-02 00:00:00+00:00,0.6861299872398376,0.6943299770355225,0.6861100196838379,0.6859999895095825,0,0.00015000000000000001
2020-11-03 00:00:00+00:00,0.6949300169944763,0.6970900297164917,0.6933000087738037,0.6949300169944763,0,0.00015000000000000001
2020-11-04 00:00:00+00:00,0.6948500275611877,0.6948599815368652,0.688979983329773,0.6948999762535095,0,0.00015000000000000001
2020-11-05 00:00:00+00:00,0.6942600011825562,0.6962100267410278,0.690500020980835,0.6943899989128113,0,0.00015000000000000001
2020-11-06 00:00:00+00:00,0.6913700103759766,0.6923800110816956,0.6876999735832214,0.6911600232124329,0,0.00015000000000000001
2020-11-09 00:00:00+00:00,0.6905099749565125,0.7038699984550476,0.6901000142097473,0.6904600262641907,0,0.00015000000000000001
2020-11-10 00:00:00+00:00,0.7016000151634216,0.7044000029563904,0.7002000212669373,0.7015900015830994,0,0.00015000000000000001
2020-11-11 00:00:00+00:00,0.7021999955177307,0.7049800157546997,0.7010999917984009,0.7020699977874756,0,0.00015000000000000001
2020-11-12 00:00:00+00:00,0.7018799781799316,0.7018799781799316,0.6956999897956848,0.7017800211906433,0,0.00015000000000000001
2020-11-13 00:00:00+00:00,0.6962599754333496,0.6970900297164917,0.6930000185966492,0.695900022983551,0,0.00015000000000000001
2020-11-16 00:00:00+00:00,0.694920003414154,0.6994199752807617,0.6940000057220459,0.6948800086975098,0,0.00015000000000000001
2020-11-17 00:00:00+00:00,0.6976500153541565,0.6981099843978882,0.6934000253677368,0.6977599859237671,0,0.00015000000000000001
2020-11-18 00:00:00+00:00,0.6952199935913086,0.6976600289344788,0.6941999793052673,0.6952800154685974,0,0.00015000000000000001
2020-11-19 00:00:00+00:00,0.6967499852180481,0.6981599926948547,0.6952999830245972,0.6968299746513367,0,0.00015000000000000001
2020-11-20 00:00:00+00:00,0.6960099935531616,0.6986500024795532,0.6952999830245972,0.6961299777030945,0,0.00015000000000000001
2020-11-23 00:00:00+00:00,0.6958000063896179,0.6979699730873108,0.6944000124931335,0.695900022983551,0,0.00015000000000000001
2020-11-24 00:00:00+00:00,0.6977999806404114,0.7003800272941589,0.6970000267028809,0.6978099942207336,0,0.00015000000000000001
2020-11-25 00:00:00+00:00,0.7003999948501587,0.7022200226783752,0.6980999708175659,0.7003999948501587,0,0.00015000000000000001
2020-11-26 00:00:00+00:00,0.6983000040054321,0.6989200115203857,0.695900022983551,0.6978999972343445,0,0.00015000000000000001
2020-11-27 00:00:00+00:00,0.696150004863739,0.6987199783325195,0.6952000260353088,0.6960600018501282,0,0.00015000000000000001
2020-11-30 00:00:00+00:00,0.696399986743927,0.6996399760246277,0.6942999958992004,0.696399986743927,0,0.00015000000000000001
2020-12-01 00:00:00+00:00,0.6991699934005737,0.699940025806427,0.6945000290870667,0.6990200281143188,0,0.00015000000000000001
2020-12-02 00:00:00+00:00,0.6954600214958191,0.6971700191497803,0.6914799809455872,0.6951000094413757,0,0.00015000000000000001
2020-12-03 00:00:00+00:00,0.6920999884605408,0.6928499937057495,0.6891999840736389,0.6921899914741516,0,0.00015000000000000001
2020-12-04 00:00:00+00:00,0.692300021648407,0.6963199973106384,0.691100001335144,0.6923199892044067,0,0.00015000000000000001
2020-12-07 00:00:00+00:00,0.6977199912071228,0.6977199912071228,0.6929000020027161,0.6976900100708008,0,0.00015000000000000001
2020-12-08 00:00:00+00:00,0.6957399845123291,0.6968100070953369,0.6931599974632263,0.695609986782074,0,0.00015000000000000001
2020-12-09 00:00:00+00:00,0.6933500170707703,0.6963499784469604,0.692799985408783,0.6930000185966492,0,0.00015000000000000001
2020-12-10 00:00:00+00:00,0.6930500268936157,0.6984500288963318,0.6928600072860718,0.6931099891662598,0,0.00015000000000000001
2020-12-11 00:00:00+00:00,0.6948999762535095,0.6980100274085999,0.6945000290870667,0.6952300071716309,0,0.00015000000000000001
2020-12-14 00:00:00+00:00,0.6967300176620483,0.6970499753952026,0.6936799883842468,0.6967700123786926,0,0.00015000000000000001
2020-12-15 00:00:00+00:00,0.6947900056838989,0.6966699957847595,0.6937000155448914,0.6948099732398987,0,0.00015000000000000001
2020-12-16 00:00:00+00:00,0.6972600221633911,0.697350025177002,0.6919000148773193,0.6972000002861023,0,0.00015000000000000001
2020-12-17 00:00:00+00:00,0.6943899989128113,0.6965100169181824,0.6938999891281128,0.6945199966430664,0,0.00015000000000000001
2020-12-18 00:00:00+00:00,0.6948300004005432,0.6950899958610535,0.6915000081062317,0.6948599815368652,0,0.00015000000000000001
2020-12-21 00:00:00+00:00,0.6913999915122986,0.6914499998092651,0.6866999864578247,0.6911600232124329,0,0.00015000000000000001
2020-12-22 00:00:00+00:00,0.688979983329773,0.6898699998855591,0.6858800053596497,0.6886600255966187,0,0.00015000000000000001
2020-12-23 00:00:00+00:00,0.6885799765586853,0.6922500133514404,0.6880000233650208,0.6883800029754639,0,0.00015000000000000001
2020-12-24 00:00:00+00:00,0.6910499930381775,0.6952800154685974,0.6899999976158142,0.6911600232124329,0,0.00015000000000000001
2020-12-25 00:00:00+00:00,0.6924999952316284,0.6930000185966492,0.6880999803543091,0.6922000050544739,0,0.00015000000000000001
2020-12-28 00:00:00+00:00,0.6926900148391724,0.6942899823188782,0.6901999711990356,0.6925899982452393,0,0.00015000000000000001
2020-12-29 00:00:00+00:00,0.6916000247001648,0.6929600238800049,0.6897000074386597,0.6915599703788757,0,0.00015000000000000001
2020-12-30 00:00:00+00:00,0.6890000104904175,0.6927599906921387,0.6883999705314636,0.6896499991416931,0,0.00015000000000000001
2020-12-31 00:00:00+00:00,0.6913300156593323,0.6946099996566772,0.6903499960899353,0.6913300156593323,0,0.00015000000000000001
2021-01-01 00:00:00+00:00,0.694599986076355,0.7056999802589417,0.694599986076355,0.694599986076355,0,0.00015000000000000001
2021-01-04 00:00:00+00:00,0.6939499974250793,0.6962000131607056,0.6890599727630615,0.6940400004386902,0,0.00015000000000000001
2021-01-05 00:00:00+00:00,0.6894599795341492,0.6916000247001648,0.6887000203132629,0.689050018787384,0,0.00015000000000000001
2021-01-06 00:00:00+00:00,0.6926900148391724,0.6948400139808655,0.690530002117157,0.6927899718284607,0,0.00015000000000000001
2021-01-07 00:00:00+00:00,0.6931599974632263,0.6961299777030945,0.6922000050544739,0.6932799816131592,0,0.00015000000000000001
2021-01-08 00:00:00+00:00,0.6978200078010559,0.6993799805641174,0.6949999928474426,0.6977800130844116,0,0.00015000000000000001
2021-01-11 00:00:00+00:00,0.6972100138664246,0.6976199746131897,0.6942300200462341,0.6971200108528137,0,0.00015000000000000001
2021-01-12 00:00:00+00:00,0.6960999965667725,0.6986899971961975,0.695900022983551,0.696150004863739,0,0.00015000000000000001
2021-01-13 00:00:00+00:00,0.6967999935150146,0.6985899806022644,0.6956999897956848,0.69718998670578,0,0.00015000000000000001
2021-01-14 00:00:00+00:00,0.6985499858856201,0.7029600143432617,0.6980000138282776,0.698199987411499,0,0.00015000000000000001
2021-01-15 00:00:00+00:00,0.702269971370697,0.7024199962615967,0.6967999935150146,0.7019000053405762,0,0.00015000000000000001
2021-01-18 00:00:00+00:00,0.6986899971961975,0.6986899971961975,0.6960999965667725,0.6988800168037415,0,0.00015000000000000001
2021-01-19 00:00:00+00:00,0.6987000107765198,0.7002699971199036,0.6956899762153625,0.6987299919128418,0,0.00015000000000000001
2021-01-20 00:00:00+00:00,0.6979900002479553,0.7054700255393982,0.6970000267028809,0.6979100108146667,0,0.00015000000000000001
2021-01-21 00:00:00+00:00,0.7035999894142151,0.704800009727478,0.7009000182151794,0.7038000226020813,0,0.00015000000000000001
2021-01-22 00:00:00+00:00,0.6995999813079834,0.7000300288200378,0.6953999996185303,0.6999199986457825,0,0.00015000000000000001
2021-01-25 00:00:00+00:00,0.6958600282669067,0.6983500123023987,0.6955599784851074,0.6957499980926514,0,0.00015000000000000001
2021-01-26 00:00:00+00:00,0.6970599889755249,0.6991099715232849,0.6951000094413757,0.6970800161361694,0,0.00015000000000000001
2021-01-27 00:00:00+00:00,0.6985300183296204,0.6985599994659424,0.6949999928474426,0.698360025882721,0,0.00015000000000000001
2021-01-28 00:00:00+00:00,0.6931999921798706,0.6942399740219116,0.6905199885368347,0.6930999755859375,0,0.00015000000000000001
2021-01-29 00:00:00+00:00,0.692550003528595,0.6978800296783447,0.690500020980835,0.6925299763679504,0,0.00015000000000000001
2021-02-01 00:00:00+00:00,0.696399986743927,0.700190007686615,0.6959999799728394,0.696150004863739,0,0.00015000000000000001
2021-02-02 00:00:00+00:00,0.6976600289344788,0.7015500068664551,0.6969000101089478,0.6973000168800354,0,0.00015000000000000001
2021-02-03 00:00:00+00:00,0.7021200060844421,0.7043700218200684,0.7008000016212463,0.7020900249481201,0,0.00015000000000000001
2021-02-04 00:00:00+00:00,0.7020999789237976,0.7058899998664856,0.7020999789237976,0.7021999955177307,0,0.00015000000000000001
2021-02-05 00:00:00+00:00,0.7048199772834778,0.7059699892997742,0.703499972820282,0.7045000195503235,0,0.00015000000000000001
2021-02-08 00:00:00+00:00,0.7044699788093567,0.7058799862861633,0.7038000226020813,0.7045599818229675,0,0.00015000000000000001
2021-02-09 00:00:00+00:00,0.7053300142288208,0.70551997423172,0.6998999714851379,0.7053999900817871,0,0.00015000000000000001
2021-02-10 00:00:00+00:00,0.7028399705886841,0.7029200196266174,0.7002999782562256,0.7028499841690063,0,0.00015000000000000001
2021-02-11 00:00:00+00:00,0.7006999850273132,0.7026000022888184,0.6998000144958496,0.7008000016212463,0,0.00015000000000000001
2021-02-12 00:00:00+00:00,0.7007799744606018,0.7020699977874756,0.6988999843597412,0.7007399797439575,0,0.00015000000000000001
2021-02-15 00:00:00+00:00,0.7024000287055969,0.7044500112533569,0.7023000121116638,0.7028200030326843,0,0.00015000000000000001
2021-02-16 00:00:00+00:00,0.7041699886322021,0.7048299908638,0.7020000219345093,0.7041800022125244,0,0.00015000000000000001
2021-02-17 00:00:00+00:00,0.7029799818992615,0.7067899703979492,0.7024000287055969,0.7028200030326843,0,0.00015000000000000001
2021-02-18 00:00:00+00:00,0.7075099945068359,0.7079399824142456,0.7048299908638,0.7073900103569031,0,0.00015000000000000001
2021-02-19 00:00:00+00:00,0.7064899802207947,0.7104700207710266,0.7048900127410889,0.7059000134468079,0,0.00015000000000000001
2021-02-22 00:00:00+00:00,0.711650013923645,0.7133200168609619,0.7086899876594543,0.7116400003433228,0,0.00015000000000000001
2021-02-23 00:00:00+00:00,0.7102500200271606,0.7161499857902527,0.7095000147819519,0.7102100253105164,0,0.00015000000000000001
2021-02-24 00:00:00+00:00,0.7181000113487244,0.7242400050163269,0.7181000113487244,0.7182999849319458,0,0.00015000000000000001
2021-02-25 00:00:00+00:00,0.72461998462677,0.7270100116729736,0.7209500074386597,0.7246099710464478,0,0.00015000000000000001
2021-02-26 00:00:00+00:00,0.7179099917411804,0.7186499834060669,0.7143099904060364,0.7180299758911133,0,0.00015000000000000001
2021-03-01 00:00:00+00:00,0.7144500017166138,0.7233999967575073,0.7139000296592712,0.7146400213241577,0,0.00015000000000000001
2021-03-02 00:00:00+00:00,0.7237200140953064,0.7261099815368652,0.7214000225067139,0.7236700057983398,0,0.00015000000000000001
2021-03-03 00:00:00+00:00,0.724049985408783,0.7279099822044373,0.7235900163650513,0.723800003528595,0,0.00015000000000000001
2021-03-04 00:00:00+00:00,0.7254999876022339,0.7356699705123901,0.7250999808311462,0.7259600162506104,0,0.00015000000000000001
2021-03-05 00:00:00+00:00,0.7329699993133545,0.7347699999809265,0.7282999753952026,0.7328900098800659,0,0.00015000000000000001
2021-03-08 00:00:00+00:00,0.7361999750137329,0.7391899824142456,0.7350000143051147,0.736270010471344,0,0.00015000000000000001
2021-03-09 00:00:00+00:00,0.7394400238990784,0.7408000230789185,0.733780026435852,0.7394400238990784,0,0.00015000000000000001
2021-03-10 00:00:00+00:00,0.7336500287055969,0.7372300028800964,0.7325000166893005,0.7335000038146973,0,0.00015000000000000001
2021-03-11 00:00:00+00:00,0.736299991607666,0.738099992275238,0.7343999743461609,0.7367100119590759,0,0.00015000000000000001
2021-03-12 00:00:00+00:00,0.7376800179481506,0.7443100214004517,0.7376000285148621,0.737500011920929,0,0.00015000000000000001
2021-03-15 00:00:00+00:00,0.7452399730682373,0.7475200295448303,0.7423999905586243,0.7452399730682373,0,0.00015000000000000001
2021-03-16 00:00:00+00:00,0.7433800101280212,0.743910014629364,0.7407000064849854,0.743179976940155,0,0.00015000000000000001
2021-03-17 00:00:00+00:00,0.7427999973297119,0.7453699707984924,0.7418000102043152,0.7433300018310547,0,0.00015000000000000001
2021-03-18 00:00:00+00:00,0.7443000078201294,0.7472599744796753,0.7439000010490417,0.7442299723625183,0,0.00015000000000000001
2021-03-19 00:00:00+00:00,0.7422199845314026,0.7445300221443176,0.7409999966621399,0.7420499920845032,0,0.00015000000000000001
2021-03-22 00:00:00+00:00,0.7425900101661682,0.7444400191307068,0.7364199757575989,0.7426499724388123,0,0.00015000000000000001
2021-03-23 00:00:00+00:00,0.7371000051498413,0.7436800003051758,0.73580002784729,0.737339973449707,0,0.00015000000000000001
2021-03-24 00:00:00+00:00,0.7422299981117249,0.7459999918937683,0.7408000230789185,0.7422000169754028,0,0.00015000000000000001
2021-03-25 00:00:00+00:00,0.7440000176429749,0.7458900213241577,0.7420099973678589,0.7439799904823303,0,0.00015000000000000001
2021-03-26 00:00:00+00:00,0.7448999881744385,0.748989999294281,0.7448999881744385,0.7454400062561035,0,0.00015000000000000001
2021-03-28 23:00:00+00:00,0.7464500069618225,0.7470800280570984,0.7430199980735779,0.7464799880981445,0,0.00015000000000000001
2021-03-29 23:00:00+00:00,0.7456700205802917,0.7487300038337708,0.744700014591217,0.745199978351593,0,0.00015000000000000001
2021-03-30 23:00:00+00:00,0.7457000017166138,0.7500799894332886,0.7457000017166138,0.7461199760437012,0,0.00015000000000000001
2021-03-31 23:00:00+00:00,0.7509099841117859,0.7527700066566467,0.7483999729156494,0.7506999969482422,0,0.00015000000000000001
2021-04-01 23:00:00+00:00,0.7507699728012085,0.7517899870872498,0.748199999332428,0.7504000067710876,0,0.00015000000000000001
2021-04-04 23:00:00+00:00,0.7496399879455566,0.7513399720191956,0.7472000122070312,0.7496500015258789,0,0.00015000000000000001
2021-04-05 23:00:00+00:00,0.7474499940872192,0.7486100196838379,0.7425000071525574,0.7472000122070312,0,0.00015000000000000001
2021-04-06 23:00:00+00:00,0.740369975566864,0.7406600117683411,0.7340999841690063,0.7402999997138977,0,0.00015000000000000001
2021-04-07 23:00:00+00:00,0.7367900013923645,0.7374299764633179,0.7337999939918518,0.7367600202560425,0,0.00015000000000000001
2021-04-08 23:00:00+00:00,0.735539972782135,0.7389100193977356,0.7329000234603882,0.7351999878883362,0,0.00015000000000000001
2021-04-11 23:00:00+00:00,0.738099992275238,0.7384499907493591,0.7333999872207642,0.738290011882782,0,0.00015000000000000001
2021-04-12 23:00:00+00:00,0.7341399788856506,0.7355200052261353,0.7311999797821045,0.7341399788856506,0,0.00015000000000000001
2021-04-13 23:00:00+00:00,0.7336999773979187,0.7373200058937073,0.732200026512146,0.7335000038146973,0,0.00015000000000000001
2021-04-14 23:00:00+00:00,0.7371699810028076,0.7392500042915344,0.7343999743461609,0.7371100187301636,0,0.00015000000000000001
2021-04-15 23:00:00+00:00,0.7347699999809265,0.7363200187683105,0.7332000136375427,0.7348399758338928,0,0.00015000000000000001
2021-04-18 23:00:00+00:00,0.7353000044822693,0.7363499999046326,0.7299000024795532,0.7352799773216248,0,0.00015000000000000001
2021-04-19 23:00:00+00:00,0.7304900288581848,0.7325699925422668,0.7265999913215637,0.7305700182914734,0,0.00015000000000000001
2021-04-20 23:00:00+00:00,0.7261999845504761,0.7358300089836121,0.7257999777793884,0.7262600064277649,0,0.00015000000000000001
2021-04-21 23:00:00+00:00,0.7328799962997437,0.735069990158081,0.7311800122261047,0.732699990272522,0,0.00015000000000000001
2021-04-22 23:00:00+00:00,0.733240008354187,0.7351300120353699,0.7315999865531921,0.7332199811935425,0,0.00015000000000000001
2021-04-25 23:00:00+00:00,0.7317500114440918,0.7384600043296814,0.7315000295639038,0.7314800024032593,0,0.00015000000000000001
2021-04-26 23:00:00+00:00,0.737820029258728,0.7389699816703796,0.7350000143051147,0.7373999953269958,0,0.00015000000000000001
2021-04-27 23:00:00+00:00,0.7365900278091431,0.739799976348877,0.7365000247955322,0.7366499900817871,0,0.00015000000000000001
2021-04-28 23:00:00+00:00,0.7387400269508362,0.7412499785423279,0.7379000186920166,0.7384700179100037,0,0.00015000000000000001
2021-04-29 23:00:00+00:00,0.7403600215911865,0.742579996585846,0.7389799952507019,0.740339994430542,0,0.00015000000000000001
2021-05-02 23:00:00+00:00,0.7433599829673767,0.7441200017929077,0.7401999831199646,0.7433099746704102,0,0.00015000000000000001
2021-05-03 23:00:00+00:00,0.7418000102043152,0.7440599799156189,0.739300012588501,0.7422199845314026,0,0.00015000000000000001
2021-05-04 23:00:00+00:00,0.7425699830055237,0.7460799813270569,0.7422000169754028,0.7426300048828125,0,0.00015000000000000001
2021-05-05 23:00:00+00:00,0.7442799806594849,0.7460899949073792,0.7412999868392944,0.7441999912261963,0,0.00015000000000000001
2021-05-06 23:00:00+00:00,0.7464799880981445,0.7470899820327759,0.7404599785804749,0.7465699911117554,0,0.00015000000000000001
2021-05-09 23:00:00+00:00,0.7432100176811218,0.7445200085639954,0.741599977016449,0.7430899739265442,0,0.00015000000000000001
2021-05-10 23:00:00+00:00,0.7446799874305725,0.7464500069618225,0.7436000108718872,0.7444999814033508,0,0.00015000000000000001
2021-05-11 23:00:00+00:00,0.7470600008964539,0.7521799802780151,0.7462000250816345,0.7469000220298767,0,0.00015000000000000001
2021-05-12 23:00:00+00:00,0.7498900294303894,0.7501000165939331,0.7457000017166138,0.7497599720954895,0,0.00015000000000000001
2021-05-13 23:00:00+00:00,0.7443199753761292,0.7468600273132324,0.7422999739646912,0.7440000176429749,0,0.00015000000000000001
2021-05-16 23:00:00+00:00,0.744189977645874,0.7467799782752991,0.7427999973297119,0.7441200017929077,0,0.00015000000000000001
2021-05-17 23:00:00+00:00,0.7488700151443481,0.7494199872016907,0.7433000206947327,0.7488300204277039,0,0.00015000000000000001
2021-05-18 23:00:00+00:00,0.7431700229644775,0.7480999827384949,0.7426999807357788,0.7430999875068665,0,0.00015000000000000001
2021-05-19 23:00:00+00:00,0.7451199889183044,0.7466999888420105,0.7422199845314026,0.7451000213623047,0,0.00015000000000000001
2021-05-20 23:00:00+00:00,0.7439500093460083,0.7469099760055542,0.7406799793243408,0.7439500093460083,0,0.00015000000000000001
2021-05-23 23:00:00+00:00,0.7434399724006653,0.7447999715805054,0.7422000169754028,0.7434399724006653,0,0.00015000000000000001
2021-05-24 23:00:00+00:00,0.7441700100898743,0.7444999814033508,0.7412999868392944,0.7443400025367737,0,0.00015000000000000001
2021-05-25 23:00:00+00:00,0.7421500086784363,0.7429999709129333,0.7390999794006348,0.742169976234436,0,0.00015000000000000001
2021-05-26 23:00:00+00:00,0.7401599884033203,0.7457900047302246,0.7390999794006348,0.7400199770927429,0,0.00015000000000000001
2021-05-27 23:00:00+00:00,0.7431300282478333,0.746150016784668,0.7421000003814697,0.7430899739265442,0,0.00015000000000000001
2021-05-30 23:00:00+00:00,0.7452600002288818,0.7466300129890442,0.7436100244522095,0.7451500296592712,0,0.00015000000000000001
2021-05-31 23:00:00+00:00,0.7447800040245056,0.7475600242614746,0.7436000108718872,0.7448199987411499,0,0.00015000000000000001
2021-06-01 23:00:00+00:00,0.7428699731826782,0.7468100190162659,0.7419999837875366,0.7430899739265442,0,0.00015000000000000001
2021-06-02 23:00:00+00:00,0.7459200024604797,0.7477200031280518,0.7444000244140625,0.7459099888801575,0,0.00015000000000000001
2021-06-03 23:00:00+00:00,0.7455999851226807,0.7470099925994873,0.7426999807357788,0.7460700273513794,0,0.00015000000000000001
2021-06-06 23:00:00+00:00,0.7446600198745728,0.7447900176048279,0.7425000071525574,0.7446100115776062,0,0.00015000000000000001
2021-06-07 23:00:00+00:00,0.7426499724388123,0.7432799935340881,0.7406799793243408,0.7426400184631348,0,0.00015000000000000001
2021-06-08 23:00:00+00:00,0.7402999997138977,0.7417200207710266,0.7394000291824341,0.7403600215911865,0,0.00015000000000000001
2021-06-09 23:00:00+00:00,0.7394899725914001,0.742139995098114,0.7386000156402588,0.7390000224113464,0,0.00015000000000000001
2021-06-10 23:00:00+00:00,0.7394700050354004,0.741349995136261,0.7384999990463257,0.7395700216293335,0,0.00015000000000000001
2021-06-13 23:00:00+00:00,0.7385200262069702,0.7411500215530396,0.737500011920929,0.7379000186920166,0,0.00015000000000000001
2021-06-14 23:00:00+00:00,0.7401000261306763,0.7412999868392944,0.7362099885940552,0.740559995174408,0,0.00015000000000000001
2021-06-15 23:00:00+00:00,0.7368999719619751,0.7392799854278564,0.736299991607666,0.7373300194740295,0,0.00015000000000000001
2021-06-16 23:00:00+00:00,0.7400000095367432,0.7438899874687195,0.7387999892234802,0.7399899959564209,0,0.00015000000000000001
2021-06-17 23:00:00+00:00,0.7430899739265442,0.7445099949836731,0.7391499876976013,0.7432500123977661,0,0.00015000000000000001
2021-06-20 23:00:00+00:00,0.7407600283622742,0.7430099844932556,0.7383999824523926,0.7408400177955627,0,0.00015000000000000001
2021-06-21 23:00:00+00:00,0.7421000003814697,0.7441700100898743,0.7416999936103821,0.7422999739646912,0,0.00015000000000000001
2021-06-22 23:00:00+00:00,0.746150016784668,0.747759997844696,0.7451000213623047,0.7455999851226807,0,0.00015000000000000001
2021-06-23 23:00:00+00:00,0.7461000084877014,0.7479900121688843,0.7440999746322632,0.7461299896240234,0,0.00015000000000000001
2021-06-24 23:00:00+00:00,0.7450399994850159,0.7463499903678894,0.7439900040626526,0.7450100183486938,0,0.00015000000000000001
2021-06-27 23:00:00+00:00,0.7452999949455261,0.7469599843025208,0.7443000078201294,0.7457399964332581,0,0.00015000000000000001
2021-06-28 23:00:00+00:00,0.7450000047683716,0.7461900115013123,0.7423999905586243,0.7455000281333923,0,0.00015000000000000001
2021-06-29 23:00:00+00:00,0.7428200244903564,0.7482600212097168,0.7421000003814697,0.7427600026130676,0,0.00015000000000000001
2021-06-30 23:00:00+00:00,0.7462900280952454,0.7474600076675415,0.744700014591217,0.7463099956512451,0,0.00015000000000000001
2021-07-01 23:00:00+00:00,0.7442200183868408,0.7475699782371521,0.7436000108718872,0.7441700100898743,0,0.00015000000000000001
2021-07-04 23:00:00+00:00,0.7474200129508972,0.7477399706840515,0.7447999715805054,0.7474499940872192,0,0.00015000000000000001
2021-07-05 23:00:00+00:00,0.747189998626709,0.7480199933052063,0.7396000027656555,0.7472500205039978,0,0.00015000000000000001
2021-07-06 23:00:00+00:00,0.7420399785041809,0.7439299821853638,0.7395600080490112,0.7418000102043152,0,0.00015000000000000001
2021-07-07 23:00:00+00:00,0.7414199709892273,0.7415500283241272,0.7276999950408936,0.7412700057029724,0,0.00015000000000000001
2021-07-08 23:00:00+00:00,0.7299699783325195,0.7341200113296509,0.7286999821662903,0.7299299836158752,0,0.00015000000000000001
2021-07-11 23:00:00+00:00,0.7339900135993958,0.7350000143051147,0.7312999963760376,0.7341899871826172,0,0.00015000000000000001
2021-07-12 23:00:00+00:00,0.7345200181007385,0.7350299954414368,0.7309499979019165,0.734529972076416,0,0.00015000000000000001
2021-07-13 23:00:00+00:00,0.7333999872207642,0.7363499999046326,0.7308899760246277,0.733780026435852,0,0.00015000000000000001
2021-07-14 23:00:00+00:00,0.7307699918746948,0.7319200038909912,0.7282000184059143,0.7307500243186951,0,0.00015000000000000001
2021-07-15 23:00:00+00:00,0.7282999753952026,0.731719970703125,0.7281000018119812,0.7285000085830688,0,0.00015000000000000001
2021-07-18 23:00:00+00:00,0.7280099987983704,0.7281200289726257,0.7171300053596497,0.7279099822044373,0,0.00015000000000000001
2021-07-19 23:00:00+00:00,0.7204999923706055,0.7245799899101257,0.7182999849319458,0.7206100225448608,0,0.00015000000000000001
2021-07-20 23:00:00+00:00,0.7266700267791748,0.7326800227165222,0.7240999937057495,0.7264000177383423,0,0.00015000000000000001
2021-07-21 23:00:00+00:00,0.7299200296401978,0.7327399849891663,0.727400004863739,0.7297099828720093,0,0.00015000000000000001
2021-07-22 23:00:00+00:00,0.7315400242805481,0.7333199977874756,0.7302600145339966,0.731469988822937,0,0.00015000000000000001
2021-07-25 23:00:00+00:00,0.7315199971199036,0.731660008430481,0.7290999889373779,0.7315599918365479,0,0.00015000000000000001
2021-07-26 23:00:00+00:00,0.7298499941825867,0.7305099964141846,0.7257599830627441,0.7296000123023987,0,0.00015000000000000001
2021-07-27 23:00:00+00:00,0.7260199785232544,0.7285500168800354,0.725600004196167,0.726140022277832,0,0.00015000000000000001
2021-07-28 23:00:00+00:00,0.7265499830245972,0.7291200160980225,0.7257000207901001,0.7265300154685974,0,0.00015000000000000001
2021-07-29 23:00:00+00:00,0.7274100184440613,0.7292100191116333,0.7256500124931335,0.7274600267410278,0,0.00015000000000000001
2021-08-01 23:00:00+00:00,0.726360023021698,0.7270500063896179,0.7234600186347961,0.7265400290489197,0,0.00015000000000000001
2021-08-02 23:00:00+00:00,0.7235999703407288,0.7246599793434143,0.718500018119812,0.7240899801254272,0,0.00015000000000000001
2021-08-03 23:00:00+00:00,0.7207000255584717,0.7234899997711182,0.718500018119812,0.7204999923706055,0,0.00015000000000000001
2021-08-04 23:00:00+00:00,0.7226300239562988,0.7268000245094299,0.722599983215332,0.7225900292396545,0,0.00015000000000000001
2021-08-05 23:00:00+00:00,0.7250999808311462,0.7281200289726257,0.7246000170707703,0.7251499891281128,0,0.00015000000000000001
2021-08-08 23:00:00+00:00,0.7282299995422363,0.7314199805259705,0.727400004863739,0.7282400131225586,0,0.00015000000000000001
2021-08-09 23:00:00+00:00,0.7322199940681458,0.7365400195121765,0.730400025844574,0.7319499850273132,0,0.00015000000000000001
2021-08-10 23:00:00+00:00,0.7371799945831299,0.737559974193573,0.7354000210762024,0.7371500134468079,0,0.00015000000000000001
2021-08-11 23:00:00+00:00,0.7368599772453308,0.7384099960327148,0.7357000112533569,0.736299991607666,0,0.00015000000000000001
2021-08-12 23:00:00+00:00,0.737280011177063,0.7377600073814392,0.7317000031471252,0.7372599840164185,0,0.00015000000000000001
2021-08-15 23:00:00+00:00,0.7311199903488159,0.7311199903488159,0.7240599989891052,0.7307000160217285,0,0.00015000000000000001
2021-08-16 23:00:00+00:00,0.7258399724960327,0.7258399724960327,0.7210999727249146,0.7254999876022339,0,0.00015000000000000001
2021-08-17 23:00:00+00:00,0.7244899868965149,0.7275699973106384,0.7226999998092651,0.7245000004768372,0,0.00015000000000000001
2021-08-18 23:00:00+00:00,0.72461998462677,0.7250499725341797,0.716159999370575,0.7245200276374817,0,0.00015000000000000001
2021-08-19 23:00:00+00:00,0.7161999940872192,0.7163299918174744,0.7088299989700317,0.7160900235176086,0,0.00015000000000000001
2021-08-22 23:00:00+00:00,0.715179979801178,0.7215499877929688,0.7149999737739563,0.7150599956512451,0,0.00015000000000000001
2021-08-23 23:00:00+00:00,0.7207099795341492,0.7246299982070923,0.7206000089645386,0.7204999923706055,0,0.00015000000000000001
2021-08-24 23:00:00+00:00,0.7249699831008911,0.7257900238037109,0.7226999998092651,0.7248299717903137,0,0.00015000000000000001
2021-08-25 23:00:00+00:00,0.7257300019264221,0.7281000018119812,0.7239999771118164,0.7256799936294556,0,0.00015000000000000001
2021-08-26 23:00:00+00:00,0.7231600284576416,0.7247599959373474,0.7217000126838684,0.7235699892044067,0,0.00015000000000000001
2021-08-29 23:00:00+00:00,0.7225800156593323,0.7286199927330017,0.7206000089645386,0.722100019454956,0,0.00015000000000000001
2021-08-30 23:00:00+00:00,0.7270200252532959,0.7278599739074707,0.7220500111579895,0.7270799875259399,0,0.00015000000000000001
2021-08-31 23:00:00+00:00,0.7254999876022339,0.7291899919509888,0.7239000201225281,0.7254300117492676,0,0.00015000000000000001
2021-09-01 23:00:00+00:00,0.7255200147628784,0.7292400002479553,0.7239000201225281,0.7253199815750122,0,0.00015000000000000001
2021-09-02 23:00:00+00:00,0.7283700108528137,0.7308400273323059,0.7269999980926514,0.7284299731254578,0,0.00015000000000000001
2021-09-05 23:00:00+00:00,0.7291799783706665,0.7317399978637695,0.7283999919891357,0.7292100191116333,0,0.00015000000000000001
2021-09-06 23:00:00+00:00,0.729889988899231,0.7302799820899963,0.7257000207901001,0.7298499941825867,0,0.00015000000000000001
2021-09-07 23:00:00+00:00,0.7269499897956848,0.7281500101089478,0.7230799794197083,0.7269499897956848,0,0.00015000000000000001
2021-09-08 23:00:00+00:00,0.7260800004005432,0.726419985294342,0.7223700284957886,0.7261300086975098,0,0.00015000000000000001
2021-09-09 23:00:00+00:00,0.7236199975013733,0.7289699912071228,0.7228999733924866,0.723580002784729,0,0.00015000000000000001
2021-09-12 23:00:00+00:00,0.724120020866394,0.7289400100708008,0.7235999703407288,0.7240399718284607,0,0.00015000000000000001
2021-09-13 23:00:00+00:00,0.7291499972343445,0.7297000288963318,0.7247999906539917,0.7290800213813782,0,0.00015000000000000001
2021-09-14 23:00:00+00:00,0.7249100208282471,0.7275999784469604,0.7218999862670898,0.7249100208282471,0,0.00015000000000000001
2021-09-15 23:00:00+00:00,0.7285299897193909,0.7329699993133545,0.7271000146865845,0.7287999987602234,0,0.00015000000000000001
2021-09-16 23:00:00+00:00,0.7311699986457825,0.7336099743843079,0.7295799851417542,0.7311800122261047,0,0.00015000000000000001
2021-09-19 23:00:00+00:00,0.7301499843597412,0.7305499911308289,0.720550000667572,0.7297700047492981,0,0.00015000000000000001
2021-09-20 23:00:00+00:00,0.7243899703025818,0.7274900078773499,0.7181699872016907,0.7245299816131592,0,0.00015000000000000001
2021-09-21 23:00:00+00:00,0.7204700112342834,0.724810004234314,0.7192999720573425,0.7202799916267395,0,0.00015000000000000001
2021-09-22 23:00:00+00:00,0.7244399785995483,0.73089998960495,0.723800003528595,0.7244399785995483,0,0.00015000000000000001
2021-09-23 23:00:00+00:00,0.7301700115203857,0.7313399910926819,0.7264699935913086,0.7301999926567078,0,0.00015000000000000001
2021-09-26 23:00:00+00:00,0.7304999828338623,0.7351099848747253,0.7304999828338623,0.7305600047111511,0,0.00015000000000000001
2021-09-27 23:00:00+00:00,0.7330499887466431,0.7357000112533569,0.7303000092506409,0.7330399751663208,0,0.00015000000000000001
2021-09-28 23:00:00+00:00,0.7324000000953674,0.7335000038146973,0.73089998960495,0.7328799962997437,0,0.00015000000000000001
2021-09-29 23:00:00+00:00,0.7323300242424011,0.7382100224494934,0.7321000099182129,0.7319999933242798,0,0.00015000000000000001
2021-09-30 23:00:00+00:00,0.7351499795913696,0.7356799840927124,0.7300000190734863,0.7347999811172485,0,0.00015000000000000001
2021-10-03 23:00:00+00:00,0.7361199855804443,0.7378600239753723,0.732699990272522,0.7361199855804443,0,0.00015000000000000001
2021-10-04 23:00:00+00:00,0.73444002866745,0.7393800020217896,0.7333999872207642,0.7346299886703491,0,0.00015000000000000001
2021-10-05 23:00:00+00:00,0.7378399968147278,0.7381600141525269,0.7336000204086304,0.7377399802207947,0,0.00015000000000000001
2021-10-06 23:00:00+00:00,0.7370799779891968,0.739549994468689,0.7351999878883362,0.7370200157165527,0,0.00015000000000000001
2021-10-07 23:00:00+00:00,0.7399200201034546,0.74413001537323,0.7390000224113464,0.7399399876594543,0,0.00015000000000000001
2021-10-10 23:00:00+00:00,0.7429999709129333,0.7453799843788147,0.7422000169754028,0.743120014667511,0,0.00015000000000000001
2021-10-11 23:00:00+00:00,0.7432399988174438,0.7477200031280518,0.7416099905967712,0.743120014667511,0,0.00015000000000000001
2021-10-12 23:00:00+00:00,0.7457699775695801,0.7466300129890442,0.7434999942779541,0.745710015296936,0,0.00015000000000000001
2021-10-13 23:00:00+00:00,0.7428600192070007,0.7470899820327759,0.7416999936103821,0.7428600192070007,0,0.00015000000000000001
2021-10-14 23:00:00+00:00,0.7462999820709229,0.7488899827003479,0.7458000183105469,0.7462999820709229,0,0.00015000000000000001
2021-10-17 23:00:00+00:00,0.7457000017166138,0.747759997844696,0.7440000176429749,0.7462599873542786,0,0.00015000000000000001
2021-10-18 23:00:00+00:00,0.746399998664856,0.7473599910736084,0.7433500289916992,0.7463499903678894,0,0.00015000000000000001
2021-10-19 23:00:00+00:00,0.7470399737358093,0.7493799924850464,0.7451000213623047,0.7466999888420105,0,0.00015000000000000001
2021-10-20 23:00:00+00:00,0.7455400228500366,0.7474300265312195,0.7422999739646912,0.7454800009727478,0,0.00015000000000000001
2021-10-21 23:00:00+00:00,0.7420899868011475,0.7440999746322632,0.7399500012397766,0.7421000003814697,0,0.00015000000000000001
2021-10-24 23:00:00+00:00,0.7407900094985962,0.7440900206565857,0.7401999831199646,0.740809977054596,0,0.00015000000000000001
2021-10-25 23:00:00+00:00,0.7431300282478333,0.7452700138092041,0.7425900101661682,0.7430300116539001,0,0.00015000000000000001
2021-10-26 23:00:00+00:00,0.7422599792480469,0.7453699707984924,0.7373999953269958,0.7421500086784363,0,0.00015000000000000001
2021-10-27 23:00:00+00:00,0.7418000102043152,0.7441700100898743,0.7385299801826477,0.7421500086784363,0,0.00015000000000000001
2021-10-28 23:00:00+00:00,0.7379000186920166,0.7402700185775757,0.73580002784729,0.7379000186920166,0,0.00015000000000000001
2021-11-01 00:00:00+00:00,0.739799976348877,0.7404900193214417,0.7359600067138672,0.7397099733352661,0,0.00015000000000000001
2021-11-02 00:00:00+00:00,0.7347800135612488,0.7377600073814392,0.7329999804496765,0.7348300218582153,0,0.00015000000000000001
2021-11-03 00:00:00+00:00,0.7372000217437744,0.7372000217437744,0.7329999804496765,0.737089991569519,0,0.00015000000000000001
2021-11-04 00:00:00+00:00,0.736050009727478,0.7375400066375732,0.7318999767303467,0.7361500263214111,0,0.00015000000000000001
2021-11-05 00:00:00+00:00,0.7325400114059448,0.7365300059318542,0.7312999963760376,0.7328900098800659,0,0.00015000000000000001
2021-11-08 00:00:00+00:00,0.7323700189590454,0.73580002784729,0.7321000099182129,0.7323499917984009,0,0.00015000000000000001
2021-11-09 00:00:00+00:00,0.7339500188827515,0.7358400225639343,0.7315000295639038,0.7340199947357178,0,0.00015000000000000001
2021-11-10 00:00:00+00:00,0.7325299978256226,0.7378000020980835,0.7317000031471252,0.7324600219726562,0,0.00015000000000000001
2021-11-11 00:00:00+00:00,0.7350900173187256,0.7354999780654907,0.7305999994277954,0.7350599765777588,0,0.00015000000000000001
2021-11-12 00:00:00+00:00,0.7314000129699707,0.7341600060462952,0.7307999730110168,0.7317000031471252,0,0.00015000000000000001
2021-11-15 00:00:00+00:00,0.7341099977493286,0.7366399765014648,0.7319999933242798,0.7341200113296509,0,0.00015000000000000001
2021-11-16 00:00:00+00:00,0.7392799854278564,0.7410299777984619,0.7379999756813049,0.7390000224113464,0,0.00015000000000000001
2021-11-17 00:00:00+00:00,0.7404199838638306,0.7423499822616577,0.7370799779891968,0.7402999997138977,0,0.00015000000000000001
2021-11-18 00:00:00+00:00,0.7363600134849548,0.7368900179862976,0.7319999933242798,0.7362200021743774,0,0.00015000000000000001
2021-11-19 00:00:00+00:00,0.7344200015068054,0.7362499833106995,0.7311000227928162,0.734000027179718,0,0.00015000000000000001
2021-11-22 00:00:00+00:00,0.7342900037765503,0.7358700037002563,0.7325000166893005,0.7343199849128723,0,0.00015000000000000001
2021-11-23 00:00:00+00:00,0.7341700196266174,0.7347099781036377,0.7300000190734863,0.7337999939918518,0,0.00015000000000000001
2021-11-24 00:00:00+00:00,0.7361000180244446,0.739139974117279,0.7350999712944031,0.7362800240516663,0,0.00015000000000000001
2021-11-25 00:00:00+00:00,0.7376700043678284,0.7398200035095215,0.7361999750137329,0.7371000051498413,0,0.00015000000000000001
2021-11-26 00:00:00+00:00,0.738610029220581,0.738610029220581,0.7200999855995178,0.7384600043296814,0,0.00015000000000000001
2021-11-29 00:00:00+00:00,0.726580023765564,0.7280600070953369,0.7228000164031982,0.7262799739837646,0,0.00015000000000000001
2021-11-30 00:00:00+00:00,0.7244499921798706,0.7247099876403809,0.716509997844696,0.7244499921798706,0,0.00015000000000000001
2021-12-01 00:00:00+00:00,0.7198200225830078,0.7232499718666077,0.7188000082969666,0.7197200059890747,0,0.00015000000000000001
2021-12-02 00:00:00+00:00,0.7185199856758118,0.7210800051689148,0.715399980545044,0.718500018119812,0,0.00015000000000000001
2021-12-03 00:00:00+00:00,0.7175599932670593,0.7214300036430359,0.715399980545044,0.7175099849700928,0,0.00015000000000000001
2021-12-06 00:00:00+00:00,0.7164400219917297,0.7245299816131592,0.715399980545044,0.7165200114250183,0,0.00015000000000000001
2021-12-07 00:00:00+00:00,0.7252200245857239,0.7329199910163879,0.7240999937057495,0.7251399755477905,0,0.00015000000000000001
2021-12-08 00:00:00+00:00,0.7309499979019165,0.7328299880027771,0.7278000116348267,0.7309799790382385,0,0.00015000000000000001
2021-12-09 00:00:00+00:00,0.7273300290107727,0.7292699813842773,0.7258999943733215,0.7272099852561951,0,0.00015000000000000001
2021-12-10 00:00:00+00:00,0.7270299792289734,0.7282400131225586,0.7232000231742859,0.7269300222396851,0,0.00015000000000000001
2021-12-13 00:00:00+00:00,0.7240899801254272,0.7261199951171875,0.718999981880188,0.7240300178527832,0,0.00015000000000000001
2021-12-14 00:00:00+00:00,0.7202100157737732,0.7214699983596802,0.7160000205039978,0.7200899720191956,0,0.00015000000000000001
2021-12-15 00:00:00+00:00,0.7181900143623352,0.7195799946784973,0.7159000039100647,0.7181599736213684,0,0.00015000000000000001
2021-12-16 00:00:00+00:00,0.7201700210571289,0.7244799733161926,0.7182000279426575,0.7200800180435181,0,0.00015000000000000001
2021-12-17 00:00:00+00:00,0.7190600037574768,0.7195900082588196,0.715499997138977,0.7189599871635437,0,0.00015000000000000001
2021-12-20 00:00:00+00:00,0.715939998626709,0.7168400287628174,0.7095000147819519,0.715719997882843,0,0.00015000000000000001
2021-12-21 00:00:00+00:00,0.7123000025749207,0.7156000137329102,0.7099999785423279,0.7124500274658203,0,0.00015000000000000001
2021-12-22 00:00:00+00:00,0.7142500281333923,0.716759979724884,0.713100016117096,0.714169979095459,0,0.00015000000000000001
2021-12-23 00:00:00+00:00,0.7153699994087219,0.7187299728393555,0.7146000266075134,0.7153499722480774,0,0.00015000000000000001
2021-12-24 00:00:00+00:00,0.7158899903297424,0.7175499796867371,0.7145000100135803,0.7159000039100647,0,0.00015000000000000001
2021-12-27 00:00:00+00:00,0.7166399955749512,0.7182199954986572,0.7146999835968018,0.7166000008583069,0,0.00015000000000000001
2021-12-28 00:00:00+00:00,0.7170600295066833,0.717739999294281,0.714900016784668,0.7171300053596497,0,0.00015000000000000001
2021-12-29 00:00:00+00:00,0.7155799865722656,0.7172899842262268,0.7128000259399414,0.7150999903678894,0,0.00015000000000000001
2021-12-30 00:00:00+00:00,0.714900016784668,0.7168700098991394,0.7139599919319153,0.7148500084877014,0,0.00015000000000000001
2021-12-31 00:00:00+00:00,0.7164999842643738,0.7214699983596802,0.7159000039100647,0.7169700264930725,0,0.00015000000000000001
2022-01-03 00:00:00+00:00,0.7204499840736389,0.7220799922943115,0.7184000015258789,0.7203699946403503,0,0.00015000000000000001
2022-01-04 00:00:00+00:00,0.7201499938964844,0.7221300005912781,0.718999981880188,0.7201399803161621,0,0.00015000000000000001
2022-01-05 00:00:00+00:00,0.7211300134658813,0.7217199802398682,0.7185400128364563,0.7210699915885925,0,0.00015000000000000001
2022-01-06 00:00:00+00:00,0.7190899848937988,0.7227299809455872,0.71670001745224,0.7188599705696106,0,0.00015000000000000001
2022-01-07 00:00:00+00:00,0.7239099740982056,0.7273100018501282,0.7228000164031982,0.7237300276756287,0,0.00015000000000000001
2022-01-10 00:00:00+00:00,0.7265300154685974,0.731220006942749,0.7258999943733215,0.7264099717140198,0,0.00015000000000000001
2022-01-11 00:00:00+00:00,0.7315000295639038,0.7334700226783752,0.7310000061988831,0.7319999933242798,0,0.00015000000000000001
2022-01-12 00:00:00+00:00,0.7341099977493286,0.7367799878120422,0.7301999926567078,0.7342100143432617,0,0.00015000000000000001
2022-01-13 00:00:00+00:00,0.7310900092124939,0.7322900295257568,0.7282999753952026,0.7310500144958496,0,0.00015000000000000001
2022-01-14 00:00:00+00:00,0.7282400131225586,0.7304800152778625,0.7265999913215637,0.7279000282287598,0,0.00015000000000000001
2022-01-17 00:00:00+00:00,0.7290599942207336,0.7312099933624268,0.7282999753952026,0.7290499806404114,0,0.00015000000000000001
2022-01-18 00:00:00+00:00,0.7301899790763855,0.732420027256012,0.7297999858856201,0.7301700115203857,0,0.00015000000000000001
2022-01-19 00:00:00+00:00,0.7338200211524963,0.7347099781036377,0.7310000061988831,0.733739972114563,0,0.00015000000000000001
2022-01-20 00:00:00+00:00,0.7312999963760376,0.7348399758338928,0.7305999994277954,0.7317900061607361,0,0.00015000000000000001
2022-01-21 00:00:00+00:00,0.7334200143814087,0.7334200143814087,0.7257800102233887,0.733430027961731,0,0.00015000000000000001
2022-01-24 00:00:00+00:00,0.7261999845504761,0.7277799844741821,0.7200000286102295,0.7264299988746643,0,0.00015000000000000001
2022-01-25 00:00:00+00:00,0.7238900065422058,0.7282900214195251,0.7225000262260437,0.7235000133514404,0,0.00015000000000000001
2022-01-26 00:00:00+00:00,0.7274600267410278,0.7330300211906433,0.7263000011444092,0.727400004863739,0,0.00015000000000000001
2022-01-27 00:00:00+00:00,0.7299799919128418,0.7353699803352356,0.7263000011444092,0.729889988899231,0,0.00015000000000000001
2022-01-28 00:00:00+00:00,0.7303199768066406,0.7316399812698364,0.7276999950408936,0.7303100228309631,0,0.00015000000000000001
2022-01-31 00:00:00+00:00,0.7297199964523315,0.7335299849510193,0.7285000085830688,0.7296599745750427,0,0.00015000000000000001
2022-02-01 00:00:00+00:00,0.7282999753952026,0.7299200296401978,0.7246000170707703,0.7289199829101562,0,0.00015000000000000001
2022-02-02 00:00:00+00:00,0.7256399989128113,0.7266799807548523,0.7232000231742859,0.7257599830627441,0,0.00015000000000000001
2022-02-03 00:00:00+00:00,0.7244200110435486,0.7268499732017517,0.7236899733543396,0.7243599891662598,0,0.00015000000000000001
2022-02-04 00:00:00+00:00,0.7258399724960327,0.7264299988746643,0.7222999930381775,0.7254999876022339,0,0.00015000000000000001
2022-02-07 00:00:00+00:00,0.7258800268173218,0.7286900281906128,0.7249699831008911,0.7257300019264221,0,0.00015000000000000001
2022-02-08 00:00:00+00:00,0.7287999987602234,0.7299900054931641,0.7257999777793884,0.7286900281906128,0,0.00015000000000000001
2022-02-09 00:00:00+00:00,0.7280300259590149,0.7286499738693237,0.7261000275611877,0.7279899716377258,0,0.00015000000000000001
2022-02-10 00:00:00+00:00,0.7290800213813782,0.7316399812698364,0.7278000116348267,0.7290599942207336,0,0.00015000000000000001
2022-02-11 00:00:00+00:00,0.7269899845123291,0.7304199934005737,0.7257000207901001,0.7269300222396851,0,0.00015000000000000001
2022-02-14 00:00:00+00:00,0.7267699837684631,0.727940022945404,0.7227699756622314,0.7266899943351746,0,0.00015000000000000001
2022-02-15 00:00:00+00:00,0.7262600064277649,0.7288900017738342,0.723800003528595,0.7262600064277649,0,0.00015000000000000001
2022-02-16 00:00:00+00:00,0.7272300124168396,0.7300800085067749,0.7258999943733215,0.7268999814987183,0,0.00015000000000000001
2022-02-17 00:00:00+00:00,0.7260599732398987,0.7266799807548523,0.7233999967575073,0.726069986820221,0,0.00015000000000000001
2022-02-18 00:00:00+00:00,0.7236800193786621,0.7269999980926514,0.7218999862670898,0.723580002784729,0,0.00015000000000000001
2022-02-21 00:00:00+00:00,0.7218199968338013,0.7232699990272522,0.7174999713897705,0.721780002117157,0,0.00015000000000000001
2022-02-22 00:00:00+00:00,0.7178800106048584,0.7248499989509583,0.7166000008583069,0.7178400158882141,0,0.00015000000000000001
2022-02-23 00:00:00+00:00,0.7216899991035461,0.7250499725341797,0.7199000120162964,0.7217400074005127,0,0.00015000000000000001
2022-02-24 00:00:00+00:00,0.7205399870872498,0.7219200134277344,0.7173100113868713,0.7204499840736389,0,0.00015000000000000001
2022-02-25 00:00:00+00:00,0.722760021686554,0.7285299897193909,0.7213000059127808,0.7226799726486206,0,0.00015000000000000001
2022-02-28 00:00:00+00:00,0.7262499928474426,0.7272999882698059,0.7213699817657471,0.7264299988746643,0,0.00015000000000000001
2022-03-01 00:00:00+00:00,0.7243099808692932,0.7263100147247314,0.7218499779701233,0.7243000268936157,0,0.00015000000000000001
2022-03-02 00:00:00+00:00,0.7214999794960022,0.7283599972724915,0.7208999991416931,0.7218499779701233,0,0.00015000000000000001
2022-03-03 00:00:00+00:00,0.727940022945404,0.7308800220489502,0.7255399823188782,0.727840006351471,0,0.00015000000000000001
2022-03-04 00:00:00+00:00,0.7243000268936157,0.7247599959373474,0.7187399864196777,0.7243000268936157,0,0.00015000000000000001
2022-03-07 00:00:00+00:00,0.7237399816513062,0.7282900214195251,0.7222099900245667,0.7235599756240845,0,0.00015000000000000001
2022-03-08 00:00:00+00:00,0.7229300141334534,0.7242199778556824,0.7208399772644043,0.7224000096321106,0,0.00015000000000000001
2022-03-09 00:00:00+00:00,0.7211499810218811,0.7246900200843811,0.7199000120162964,0.7210699915885925,0,0.00015000000000000001
2022-03-10 00:00:00+00:00,0.7242900133132935,0.7281299829483032,0.721530020236969,0.7238500118255615,0,0.00015000000000000001
2022-03-11 00:00:00+00:00,0.7284899950027466,0.734529972076416,0.7268000245094299,0.7285400032997131,0,0.00015000000000000001
2022-03-14 00:00:00+00:00,0.7338399887084961,0.73471999168396,0.7309799790382385,0.7339199781417847,0,0.00015000000000000001
2022-03-15 00:00:00+00:00,0.7315400242805481,0.7358700037002563,0.7288699746131897,0.7319200038909912,0,0.00015000000000000001
2022-03-16 00:00:00+00:00,0.7366999983787537,0.741129994392395,0.7354000210762024,0.7366700172424316,0,0.00015000000000000001
2022-03-17 00:00:00+00:00,0.7421000003814697,0.7434399724006653,0.739549994468689,0.7420399785041809,0,0.00015000000000000001
2022-03-18 00:00:00+00:00,0.7409300208091736,0.7439299821853638,0.7387099862098694,0.7409499883651733,0,0.00015000000000000001
2022-03-21 00:00:00+00:00,0.7400500178337097,0.7415599822998047,0.7368599772453308,0.7400000095367432,0,0.00015000000000000001
2022-03-22 00:00:00+00:00,0.7417899966239929,0.7441200017929077,0.7389199733734131,0.7418699860572815,0,0.00015000000000000001
2022-03-23 00:00:00+00:00,0.7418699860572815,0.7439600229263306,0.7410500049591064,0.7417799830436707,0,0.00015000000000000001
2022-03-24 00:00:00+00:00,0.7411800026893616,0.7442399859428406,0.7402999997138977,0.7410100102424622,0,0.00015000000000000001
2022-03-25 00:00:00+00:00,0.7423200011253357,0.7439000010490417,0.738349974155426,0.7422999739646912,0,0.00015000000000000001
2022-03-27 23:00:00+00:00,0.7457200288772583,0.750980019569397,0.7425000071525574,0.7457200288772583,0,0.00015000000000000001
2022-03-28 23:00:00+00:00,0.7457699775695801,0.7499399781227112,0.7423999905586243,0.7457699775695801,0,0.00015000000000000001
2022-03-29 23:00:00+00:00,0.7449700236320496,0.7446900010108948,0.7384799718856812,0.7449700236320496,0,0.00015000000000000001
2022-03-30 23:00:00+00:00,0.7394099831581116,0.7397099733352661,0.7361199855804443,0.7394099831581116,0,0.00015000000000000001
2022-03-31 23:00:00+00:00,0.7384999990463257,0.7417700290679932,0.736299991607666,0.7384999990463257,0,0.00015000000000000001
2022-04-03 23:00:00+00:00,0.739109992980957,0.742680013179779,0.7382199764251709,0.739109992980957,0,0.00015000000000000001
2022-04-04 23:00:00+00:00,0.7417299747467041,0.7472400069236755,0.7410399913787842,0.7417299747467041,0,0.00015000000000000001
2022-04-05 23:00:00+00:00,0.7445499897003174,0.7475799918174744,0.7440999746322632,0.7445499897003174,0,0.00015000000000000001
2022-04-06 23:00:00+00:00,0.7425699830055237,0.7437899708747864,0.7396600246429443,0.7425699830055237,0,0.00015000000000000001
2022-04-07 23:00:00+00:00,0.74235999584198,0.7434800267219543,0.7412999868392944,0.74235999584198,0,0.00015000000000000001
2022-04-10 23:00:00+00:00,0.7426599860191345,0.7434499859809875,0.7369999885559082,0.7426599860191345,0,0.00015000000000000001
2022-04-11 23:00:00+00:00,0.7367900013923645,0.7385600209236145,0.7354999780654907,0.7367900013923645,0,0.00015000000000000001
2022-04-12 23:00:00+00:00,0.738099992275238,0.7416399717330933,0.7365000247955322,0.738099992275238,0,0.00015000000000000001
2022-04-13 23:00:00+00:00,0.7431100010871887,0.7495800256729126,0.7426000237464905,0.7431100010871887,0,0.00015000000000000001
2022-04-14 23:00:00+00:00,0.7475500106811523,0.7490299940109253,0.7462599873542786,0.7475500106811523,0,0.00015000000000000001
2022-04-17 23:00:00+00:00,0.7469499707221985,0.7485499978065491,0.7452999949455261,0.7469499707221985,0,0.00015000000000000001
2022-04-18 23:00:00+00:00,0.7496399879455566,0.7530699968338013,0.7473000288009644,0.7496399879455566,0,0.00015000000000000001
2022-04-19 23:00:00+00:00,0.7553300261497498,0.7594000101089478,0.7540299892425537,0.7553300261497498,0,0.00015000000000000001
2022-04-20 23:00:00+00:00,0.7600100040435791,0.7619799971580505,0.7584499716758728,0.7600100040435791,0,0.00015000000000000001
2022-04-21 23:00:00+00:00,0.7574800252914429,0.7578499913215637,0.7526999711990356,0.7574800252914429,0,0.00015000000000000001
2022-04-24 23:00:00+00:00,0.7511100172996521,0.7534700036048889,0.7480499744415283,0.7511100172996521,0,0.00015000000000000001
2022-04-25 23:00:00+00:00,0.7523900270462036,0.755810022354126,0.7471799850463867,0.7523900270462036,0,0.00015000000000000001
2022-04-26 23:00:00+00:00,0.7509999871253967,0.7558500170707703,0.7501000165939331,0.7509999871253967,0,0.00015000000000000001
2022-04-27 23:00:00+00:00,0.7558799982070923,0.758400022983551,0.754830002784729,0.7558799982070923,0,0.00015000000000000001
2022-04-28 23:00:00+00:00,0.7588800191879272,0.7645599842071533,0.7569199800491333,0.7588800191879272,0,0.00015000000000000001
2022-05-01 23:00:00+00:00,0.7577800154685974,0.7589499950408936,0.7543500065803528,0.7577800154685974,0,0.00015000000000000001
2022-05-02 23:00:00+00:00,0.7593500018119812,0.7621600031852722,0.7562199831008911,0.7593500018119812,0,0.00015000000000000001
2022-05-03 23:00:00+00:00,0.7623999714851379,0.7668300271034241,0.7620000243186951,0.7623999714851379,0,0.00015000000000000001
2022-05-04 23:00:00+00:00,0.7639999985694885,0.7703800201416016,0.7623000144958496,0.7639999985694885,0,0.00015000000000000001
2022-05-05 23:00:00+00:00,0.7681599855422974,0.7693700194358826,0.7634000182151794,0.7681599855422974,0,0.00015000000000000001
2022-05-08 23:00:00+00:00,0.7657600045204163,0.7689099907875061,0.7649000287055969,0.7657600045204163,0,0.00015000000000000001
2022-05-09 23:00:00+00:00,0.76323002576828,0.7674599885940552,0.7610999941825867,0.76323002576828,0,0.00015000000000000001
2022-05-10 23:00:00+00:00,0.7640500068664551,0.7658799886703491,0.7616000175476074,0.7640500068664551,0,0.00015000000000000001
2022-05-11 23:00:00+00:00,0.7652599811553955,0.7678800225257874,0.762499988079071,0.7652599811553955,0,0.00015000000000000001
2022-05-12 23:00:00+00:00,0.7702199816703796,0.7751399874687195,0.7678999900817871,0.7702199816703796,0,0.00015000000000000001
2022-05-15 23:00:00+00:00,0.7759000062942505,0.7791699767112732,0.7726399898529053,0.7759000062942505,0,0.00015000000000000001
2022-05-16 23:00:00+00:00,0.7795400023460388,0.7811700105667114,0.772059977054596,0.7795400023460388,0,0.00015000000000000001
2022-05-17 23:00:00+00:00,0.7753999829292297,0.7783899903297424,0.7684999704360962,0.7753999829292297,0,0.00015000000000000001
2022-05-18 23:00:00+00:00,0.765500009059906,0.7689099907875061,0.7582299709320068,0.765500009059906,0,0.00015000000000000001
2022-05-19 23:00:00+00:00,0.7583199739456177,0.761680006980896,0.7559999823570251,0.7583199739456177,0,0.00015000000000000001
2022-05-22 23:00:00+00:00,0.7607499957084656,0.7607399821281433,0.7537000179290771,0.7607499957084656,0,0.00015000000000000001
2022-05-23 23:00:00+00:00,0.7553300261497498,0.7556700110435486,0.7455000281333923,0.7553300261497498,0,0.00015000000000000001
2022-05-24 23:00:00+00:00,0.7488600015640259,0.7512400150299072,0.7465199828147888,0.7488600015640259,0,0.00015000000000000001
2022-05-25 23:00:00+00:00,0.7499600052833557,0.7519299983978271,0.7473000288009644,0.7499600052833557,0,0.00015000000000000001
2022-05-26 23:00:00+00:00,0.7504000067710876,0.7533800005912781,0.7488999962806702,0.7504000067710876,0,0.00015000000000000001
2022-05-29 23:00:00+00:00,0.7527300119400024,0.7576500177383423,0.751800000667572,0.7527300119400024,0,0.00015000000000000001
2022-05-30 23:00:00+00:00,0.7571099996566772,0.7598099708557129,0.7555999755859375,0.7571099996566772,0,0.00015000000000000001
2022-05-31 23:00:00+00:00,0.7591800093650818,0.7643300294876099,0.7573000192642212,0.7591800093650818,0,0.00015000000000000001
2022-06-01 23:00:00+00:00,0.7602699995040894,0.7623900175094604,0.7562000155448914,0.7602699995040894,0,0.00015000000000000001
2022-06-02 23:00:00+00:00,0.761680006980896,0.7662500143051147,0.7605800032615662,0.761680006980896,0,0.00015000000000000001
2022-06-05 23:00:00+00:00,0.7645599842071533,0.7711899876594543,0.7634999752044678,0.7645599842071533,0,0.00015000000000000001
2022-06-06 23:00:00+00:00,0.7719699740409851,0.7764599919319153,0.7705000042915344,0.7719699740409851,0,0.00015000000000000001
2022-06-07 23:00:00+00:00,0.7764700055122375,0.7798200249671936,0.7757999897003174,0.7764700055122375,0,0.00015000000000000001
2022-06-08 23:00:00+00:00,0.7796099781990051,0.7798500061035156,0.7712000012397766,0.7796099781990051,0,0.00015000000000000001
2022-06-09 23:00:00+00:00,0.7717999815940857,0.7735199928283691,0.768750011920929,0.7717999815940857,0,0.00015000000000000001
2022-06-12 23:00:00+00:00,0.7730699777603149,0.7755799889564514,0.7708799839019775,0.7730699777603149,0,0.00015000000000000001
2022-06-13 23:00:00+00:00,0.7731800079345703,0.7751399874687195,0.765030026435852,0.7731800079345703,0,0.00015000000000000001
2022-06-14 23:00:00+00:00,0.7720900177955627,0.7740700244903564,0.7692999839782715,0.7720900177955627,0,0.00015000000000000001
2022-06-15 23:00:00+00:00,0.7725399732589722,0.7744699716567993,0.746749997138977,0.7725399732589722,0,0.00015000000000000001
2022-06-16 23:00:00+00:00,0.7462599873542786,0.749530017375946,0.7394400238990784,0.7462599873542786,0,0.00015000000000000001
2022-06-19 23:00:00+00:00,0.745710015296936,0.7461599707603455,0.7404400110244751,0.745710015296936,0,0.00015000000000000001
2022-06-20 23:00:00+00:00,0.7450399994850159,0.7486299872398376,0.7445999979972839,0.7450399994850159,0,0.00015000000000000001
2022-06-21 23:00:00+00:00,0.7468600273132324,0.7475100159645081,0.7408900260925293,0.7468600273132324,0,0.00015000000000000001
2022-06-22 23:00:00+00:00,0.7418199777603149,0.7455599904060364,0.7378000020980835,0.7418199777603149,0,0.00015000000000000001
2022-06-23 23:00:00+00:00,0.7401999831199646,0.7416399717330933,0.7354000210762024,0.7401999831199646,0,0.00015000000000000001
2022-06-26 23:00:00+00:00,0.742169976234436,0.7449899911880493,0.7408999800682068,0.742169976234436,0,0.00015000000000000001
2022-06-27 23:00:00+00:00,0.7429699897766113,0.7462800145149231,0.7415000200271606,0.7429699897766113,0,0.00015000000000000001
2022-06-28 23:00:00+00:00,0.743120014667511,0.7437599897384644,0.7380099892616272,0.743120014667511,0,0.00015000000000000001
2022-06-29 23:00:00+00:00,0.740559995174408,0.7433500289916992,0.7386000156402588,0.740559995174408,0,0.00015000000000000001
2022-06-30 23:00:00+00:00,0.7418500185012817,0.7460600137710571,0.7387599945068359,0.7418500185012817,0,0.00015000000000000001
2022-07-03 23:00:00+00:00,0.7437999844551086,0.7476099729537964,0.7428200244903564,0.7437999844551086,0,0.00015000000000000001
2022-07-04 23:00:00+00:00,0.7472500205039978,0.7480000257492065,0.7403799891471863,0.7472500205039978,0,0.00015000000000000001
2022-07-05 23:00:00+00:00,0.7429999709129333,0.7467700242996216,0.7408000230789185,0.7429999709129333,0,0.00015000000000000001
2022-07-06 23:00:00+00:00,0.7442100048065186,0.7502800226211548,0.7422000169754028,0.7442100048065186,0,0.00015000000000000001
2022-07-07 23:00:00+00:00,0.7508699893951416,0.7552599906921387,0.7478500008583069,0.7508699893951416,0,0.00015000000000000001
2022-07-10 23:00:00+00:00,0.7550899982452393,0.755649983882904,0.7524999976158142,0.7550899982452393,0,0.00015000000000000001
2022-07-11 23:00:00+00:00,0.7561799883842468,0.7564299702644348,0.7526100277900696,0.7561799883842468,0,0.00015000000000000001
2022-07-12 23:00:00+00:00,0.7534199953079224,0.758109986782074,0.7502700090408325,0.7534199953079224,0,0.00015000000000000001
2022-07-13 23:00:00+00:00,0.7543799877166748,0.756850004196167,0.7466400265693665,0.7543799877166748,0,0.00015000000000000001
2022-07-14 23:00:00+00:00,0.7497599720954895,0.7524700164794922,0.7469000220298767,0.7497599720954895,0,0.00015000000000000001
2022-07-17 23:00:00+00:00,0.7498400211334229,0.7558500170707703,0.7486000061035156,0.7498400211334229,0,0.00015000000000000001
2022-07-18 23:00:00+00:00,0.7530699968338013,0.7539100050926208,0.7462999820709229,0.7530699968338013,0,0.00015000000000000001
2022-07-19 23:00:00+00:00,0.7526999711990356,0.7552499771118164,0.7509999871253967,0.7526999711990356,0,0.00015000000000000001
2022-07-20 23:00:00+00:00,0.7539499998092651,0.7555699944496155,0.7498999834060669,0.7539499998092651,0,0.00015000000000000001
2022-07-21 23:00:00+00:00,0.7501699924468994,0.7525699734687805,0.7469000220298767,0.7501699924468994,0,0.00015000000000000001
2022-07-24 23:00:00+00:00,0.7451800107955933,0.7515299916267395,0.743399977684021,0.7451800107955933,0,0.00015000000000000001
2022-07-25 23:00:00+00:00,0.7503200173377991,0.7525200247764587,0.746399998664856,0.7503200173377991,0,0.00015000000000000001
2022-07-26 23:00:00+00:00,0.7473599910736084,0.7494400143623352,0.7458500266075134,0.7473599910736084,0,0.00015000000000000001
2022-07-27 23:00:00+00:00,0.7475500106811523,0.7511900067329407,0.7432000041007996,0.7475500106811523,0,0.00015000000000000001
2022-07-28 23:00:00+00:00,0.7451900243759155,0.7464699745178223,0.7411999702453613,0.7451900243759155,0,0.00015000000000000001
2022-07-31 23:00:00+00:00,0.7436100244522095,0.7445700168609619,0.7389000058174133,0.7436100244522095,0,0.00015000000000000001
2022-08-01 23:00:00+00:00,0.7398999929428101,0.742609977722168,0.7374699711799622,0.7398999929428101,0,0.00015000000000000001
2022-08-02 23:00:00+00:00,0.743619978427887,0.7500500082969666,0.7416999936103821,0.743619978427887,0,0.00015000000000000001
2022-08-03 23:00:00+00:00,0.7477200031280518,0.748989999294281,0.7437999844551086,0.7477200031280518,0,0.00015000000000000001
2022-08-04 23:00:00+00:00,0.7412599921226501,0.7454100251197815,0.739799976348877,0.7412599921226501,0,0.00015000000000000001
2022-08-07 23:00:00+00:00,0.7432799935340881,0.7450000047683716,0.7408999800682068,0.7432799935340881,0,0.00015000000000000001
2022-08-08 23:00:00+00:00,0.7427600026130676,0.7433199882507324,0.7389000058174133,0.7427600026130676,0,0.00015000000000000001
2022-08-09 23:00:00+00:00,0.7398999929428101,0.7405200004577637,0.732699990272522,0.7398999929428101,0,0.00015000000000000001
2022-08-10 23:00:00+00:00,0.7372999787330627,0.7385600209236145,0.7347999811172485,0.7372999787330627,0,0.00015000000000000001
2022-08-11 23:00:00+00:00,0.7375400066375732,0.7394000291824341,0.7357000112533569,0.7375400066375732,0,0.00015000000000000001
2022-08-14 23:00:00+00:00,0.7368900179862976,0.7372999787330627,0.7289900183677673,0.7368900179862976,0,0.00015000000000000001
2022-08-15 23:00:00+00:00,0.732699990272522,0.7389199733734131,0.732200026512146,0.732699990272522,0,0.00015000000000000001
2022-08-16 23:00:00+00:00,0.739300012588501,0.7407500147819519,0.7361000180244446,0.739300012588501,0,0.00015000000000000001
2022-08-17 23:00:00+00:00,0.7364000082015991,0.7397699952125549,0.734000027179718,0.7364000082015991,0,0.00015000000000000001
2022-08-18 23:00:00+00:00,0.738789975643158,0.7401300072669983,0.7354000210762024,0.738789975643158,0,0.00015000000000000001
2022-08-21 23:00:00+00:00,0.7374500036239624,0.7402899861335754,0.73580002784729,0.7374500036239624,0,0.00015000000000000001
2022-08-22 23:00:00+00:00,0.7390900254249573,0.7439799904823303,0.7378000020980835,0.7390900254249573,0,0.00015000000000000001
2022-08-23 23:00:00+00:00,0.744159996509552,0.7451300024986267,0.7404000163078308,0.744159996509552,0,0.00015000000000000001
2022-08-24 23:00:00+00:00,0.7444999814033508,0.746649980545044,0.7440999746322632,0.7444999814033508,0,0.00015000000000000001
2022-08-25 23:00:00+00:00,0.7447800040245056,0.7456600069999695,0.7402999997138977,0.7447800040245056,0,0.00015000000000000001
2022-08-28 23:00:00+00:00,0.7411999702453613,0.7452200055122375,0.7390000224113464,0.7411999702453613,0,0.00015000000000000001
2022-08-29 23:00:00+00:00,0.7438600063323975,0.7483299970626831,0.7427999973297119,0.7438600063323975,0,0.00015000000000000001
2022-08-30 23:00:00+00:00,0.7439900040626526,0.7480900287628174,0.7427999973297119,0.7439900040626526,0,0.00015000000000000001
2022-08-31 23:00:00+00:00,0.744979977607727,0.7476800084114075,0.739300012588501,0.744979977607727,0,0.00015000000000000001
2022-09-01 23:00:00+00:00,0.7463200092315674,0.7501099705696106,0.7440000176429749,0.7463200092315674,0,0.00015000000000000001
2022-09-04 23:00:00+00:00,0.7481300234794617,0.7483100295066833,0.7446100115776062,0.7481300234794617,0,0.00015000000000000001
2022-09-05 23:00:00+00:00,0.7452600002288818,0.7505999803543091,0.7447199821472168,0.7452600002288818,0,0.00015000000000000001
2022-09-06 23:00:00+00:00,0.7483599781990051,0.7486600279808044,0.7437999844551086,0.7483599781990051,0,0.00015000000000000001
2022-09-07 23:00:00+00:00,0.7440000176429749,0.7448300123214722,0.7384999990463257,0.7440000176429749,0,0.00015000000000000001
2022-09-08 23:00:00+00:00,0.7398999929428101,0.7409499883651733,0.735230028629303,0.7398999929428101,0,0.00015000000000000001
2022-09-11 23:00:00+00:00,0.7369700074195862,0.7375699877738953,0.732200026512146,0.7369700074195862,0,0.00015000000000000001
2022-09-12 23:00:00+00:00,0.7340899705886841,0.7356699705123901,0.7314500212669373,0.7340899705886841,0,0.00015000000000000001
2022-09-13 23:00:00+00:00,0.7295500040054321,0.7310400009155273,0.7281000018119812,0.7295500040054321,0,0.00015000000000000001
2022-09-14 23:00:00+00:00,0.7309899926185608,0.7318000197410583,0.7246400117874146,0.7309899926185608,0,0.00015000000000000001
2022-09-15 23:00:00+00:00,0.7259200215339661,0.7271199822425842,0.7232000231742859,0.7259200215339661,0,0.00015000000000000001
2022-09-18 23:00:00+00:00,0.7264299988746643,0.7284299731254578,0.724370002746582,0.7264299988746643,0,0.00015000000000000001
2022-09-19 23:00:00+00:00,0.7279099822044373,0.7289900183677673,0.721750020980835,0.7279099822044373,0,0.00015000000000000001
2022-09-20 23:00:00+00:00,0.7210599780082703,0.7237499952316284,0.7191900014877319,0.7210599780082703,0,0.00015000000000000001
2022-09-21 23:00:00+00:00,0.7180299758911133,0.7303599715232849,0.7116000056266785,0.7180299758911133,0,0.00015000000000000001
2022-09-22 23:00:00+00:00,0.7236999869346619,0.7261300086975098,0.7195199728012085,0.7236999869346619,0,0.00015000000000000001
2022-09-25 23:00:00+00:00,0.7233099937438965,0.7269200086593628,0.7212399840354919,0.7233099937438965,0,0.00015000000000000001
2022-09-26 23:00:00+00:00,0.7235699892044067,0.7248200178146362,0.7196000218391418,0.7235699892044067,0,0.00015000000000000001
2022-09-27 23:00:00+00:00,0.72257000207901,0.7230499982833862,0.714169979095459,0.72257000207901,0,0.00015000000000000001
2022-09-28 23:00:00+00:00,0.7172899842262268,0.7188199758529663,0.7141000032424927,0.7172899842262268,0,0.00015000000000000001
2022-09-29 23:00:00+00:00,0.7129200100898743,0.7172899842262268,0.7106000185012817,0.7129200100898743,0,0.00015000000000000001
2022-10-02 23:00:00+00:00,0.7148200273513794,0.727620005607605,0.7141000032424927,0.7148200273513794,0,0.00015000000000000001
2022-10-03 23:00:00+00:00,0.7282299995422363,0.7292699813842773,0.7206000089645386,0.7282299995422363,0,0.00015000000000000001
2022-10-04 23:00:00+00:00,0.7246000170707703,0.7258300185203552,0.7196999788284302,0.7246000170707703,0,0.00015000000000000001
2022-10-05 23:00:00+00:00,0.7216799855232239,0.7226300239562988,0.718500018119812,0.7216799855232239,0,0.00015000000000000001
2022-10-06 23:00:00+00:00,0.7204300165176392,0.7258899807929993,0.7193999886512756,0.7204300165176392,0,0.00015000000000000001
2022-10-09 23:00:00+00:00,0.7241899967193604,0.728630006313324,0.722599983215332,0.7241899967193604,0,0.00015000000000000001
2022-10-10 23:00:00+00:00,0.7251999974250793,0.7257000207901001,0.7210000157356262,0.7251999974250793,0,0.00015000000000000001
2022-10-11 23:00:00+00:00,0.7233399748802185,0.7255399823188782,0.7192999720573425,0.7233399748802185,0,0.00015000000000000001
2022-10-12 23:00:00+00:00,0.7219099998474121,0.7265899777412415,0.7200599908828735,0.7219099998474121,0,0.00015000000000000001
2022-10-13 23:00:00+00:00,0.7277299761772156,0.7284200191497803,0.7227299809455872,0.7277299761772156,0,0.00015000000000000001
2022-10-16 23:00:00+00:00,0.72434002161026,0.7264400124549866,0.7232000231742859,0.72434002161026,0,0.00015000000000000001
2022-10-17 23:00:00+00:00,0.7257999777793884,0.7268700003623962,0.7218999862670898,0.7257999777793884,0,0.00015000000000000001
2022-10-18 23:00:00+00:00,0.7238799929618835,0.7296800017356873,0.7231000065803528,0.7238799929618835,0,0.00015000000000000001
2022-10-19 23:00:00+00:00,0.7294600009918213,0.7333700060844421,0.7282000184059143,0.7294600009918213,0,0.00015000000000000001
2022-10-20 23:00:00+00:00,0.7286700010299683,0.7335399985313416,0.7278000116348267,0.7286700010299683,0,0.00015000000000000001
2022-10-23 23:00:00+00:00,0.731190025806427,0.7311599850654602,0.7269600033760071,0.731190025806427,0,0.00015000000000000001
2022-10-24 23:00:00+00:00,0.7297400236129761,0.7316700220108032,0.7282999753952026,0.7297400236129761,0,0.00015000000000000001
2022-10-25 23:00:00+00:00,0.7304199934005737,0.73198002576828,0.7243000268936157,0.7304199934005737,0,0.00015000000000000001
2022-10-26 23:00:00+00:00,0.7267799973487854,0.7325699925422668,0.7258999943733215,0.7267799973487854,0,0.00015000000000000001
2022-10-27 23:00:00+00:00,0.7300999760627747,0.7327899932861328,0.7299000024795532,0.7300999760627747,0,0.00015000000000000001
2022-10-31 00:00:00+00:00,0.7321400046348572,0.7346400022506714,0.7312999963760376,0.7321400046348572,0,0.00015000000000000001
2022-11-01 00:00:00+00:00,0.7357500195503235,0.736840009689331,0.7314800024032593,0.7357500195503235,0,0.00015000000000000001
2022-11-02 00:00:00+00:00,0.7341300249099731,0.7348600029945374,0.730400025844574,0.7341300249099731,0,0.00015000000000000001
2022-11-03 00:00:00+00:00,0.731440007686615,0.7380499839782715,0.7303000092506409,0.731440007686615,0,0.00015000000000000001
2022-11-04 00:00:00+00:00,0.7373899817466736,0.7420700192451477,0.736299991607666,0.7373899817466736,0,0.00015000000000000001
2022-11-07 00:00:00+00:00,0.7375699877738953,0.737500011920929,0.7319999933242798,0.7375699877738953,0,0.00015000000000000001
2022-11-08 00:00:00+00:00,0.7328000068664551,0.7352499961853027,0.7318000197410583,0.7328000068664551,0,0.00015000000000000001
2022-11-09 00:00:00+00:00,0.7338399887084961,0.7341300249099731,0.729200005531311,0.7338399887084961,0,0.00015000000000000001
2022-11-10 00:00:00+00:00,0.7268000245094299,0.7303199768066406,0.7233999967575073,0.7268000245094299,0,0.00015000000000000001
2022-11-11 00:00:00+00:00,0.7238199710845947,0.7250800132751465,0.7113000154495239,0.7238199710845947,0,0.00015000000000000001
2022-11-14 00:00:00+00:00,0.7116199731826782,0.7141600251197815,0.7088000178337097,0.7116199731826782,0,0.00015000000000000001
2022-11-15 00:00:00+00:00,0.7079499959945679,0.7113900184631348,0.7067000269889832,0.7079499959945679,0,0.00015000000000000001
2022-11-16 00:00:00+00:00,0.7102900147438049,0.7117599844932556,0.7077100276947021,0.7102900147438049,0,0.00015000000000000001
2022-11-17 00:00:00+00:00,0.7081199884414673,0.7155100107192993,0.7075999975204468,0.7081199884414673,0,0.00015000000000000001
2022-11-18 00:00:00+00:00,0.7151600122451782,0.7152699828147888,0.7098000049591064,0.7151600122451782,0,0.00015000000000000001
2022-11-21 00:00:00+00:00,0.7125700116157532,0.7142900228500366,0.7099000215530396,0.7125700116157532,0,0.00015000000000000001
2022-11-22 00:00:00+00:00,0.7127400040626526,0.7136399745941162,0.7091000080108643,0.7127400040626526,0,0.00015000000000000001
2022-11-23 00:00:00+00:00,0.7117300033569336,0.7119399905204773,0.7027000188827515,0.7117300033569336,0,0.00015000000000000001
2022-11-24 00:00:00+00:00,0.7050899863243103,0.7086399793624878,0.703499972820282,0.7050899863243103,0,0.00015000000000000001
2022-11-25 00:00:00+00:00,0.7073400020599365,0.7097300291061401,0.7063000202178955,0.7073400020599365,0,0.00015000000000000001
2022-11-28 00:00:00+00:00,0.7064200043678284,0.7064800262451172,0.6994699835777283,0.7063599824905396,0,0.00015000000000000001
2022-11-29 00:00:00+00:00,0.7034100294113159,0.7082499861717224,0.6970800161361694,0.7034100294113159,0,0.00015000000000000001
2022-11-30 00:00:00+00:00,0.7025799751281738,0.705079972743988,0.7006000280380249,0.7025799751281738,0,0.00015000000000000001
2022-12-01 00:00:00+00:00,0.7035300135612488,0.7044399976730347,0.6970000267028809,0.7035300135612488,0,0.00015000000000000001
2022-12-02 00:00:00+00:00,0.6969199776649475,0.6998400092124939,0.6937000155448914,0.6969199776649475,0,0.00015000000000000001
2022-12-05 00:00:00+00:00,0.6959999799728394,0.6985200047492981,0.6933550238609314,0.6959999799728394,0,0.00015000000000000001
2022-12-06 00:00:00+00:00,0.6934599876403809,0.6950500011444092,0.6876999735832214,0.6934599876403809,0,0.00015000000000000001
2022-12-07 00:00:00+00:00,0.690090000629425,0.6909000277519226,0.6858999729156494,0.690090000629425,0,0.00015000000000000001
2022-12-08 00:00:00+00:00,0.688759982585907,0.6919500231742859,0.6868000030517578,0.688759982585907,0,0.00015000000000000001
2022-12-09 00:00:00+00:00,0.6881800293922424,0.6885200142860413,0.6833299994468689,0.6881800293922424,0,0.00015000000000000001
2022-12-12 00:00:00+00:00,0.6846200227737427,0.6861299872398376,0.6812999844551086,0.6846200227737427,0,0.00015000000000000001
2022-12-13 00:00:00+00:00,0.6864200234413147,0.6885700225830078,0.6818400025367737,0.686460018157959,0,0.00015000000000000001
2022-12-14 00:00:00+00:00,0.6853200197219849,0.6858199834823608,0.6801000237464905,0.6853200197219849,0,0.00015000000000000001
2022-12-15 00:00:00+00:00,0.6820899844169617,0.685259997844696,0.678600013256073,0.6820899844169617,0,0.00015000000000000001
2022-12-16 00:00:00+00:00,0.6791999936103821,0.6820499897003174,0.6780999898910522,0.6791999936103821,0,0.00015000000000000001
2022-12-19 00:00:00+00:00,0.6826800107955933,0.6840299963951111,0.680400013923645,0.6826800107955933,0,0.00015000000000000001
2022-12-20 00:00:00+00:00,0.680620014667511,0.6821500062942505,0.6776900291442871,0.680620014667511,0,0.00015000000000000001
2022-12-21 00:00:00+00:00,0.6810399889945984,0.6825600266456604,0.6783000230789185,0.6810399889945984,0,0.00015000000000000001
2022-12-22 00:00:00+00:00,0.6805099844932556,0.6820399761199951,0.6782000064849854,0.6805099844932556,0,0.00015000000000000001
2022-12-23 00:00:00+00:00,0.6827099919319153,0.6871200203895569,0.6820999979972839,0.6827099919319153,0,0.00015000000000000001
2022-12-26 00:00:00+00:00,0.6844000220298767,0.6863999962806702,0.6836000084877014,0.6844000220298767,0,0.00015000000000000001
2022-12-27 00:00:00+00:00,0.6873700022697449,0.689300000667572,0.6847000122070312,0.6873700022697449,0,0.00015000000000000001
2022-12-28 00:00:00+00:00,0.6871500015258789,0.6876400113105774,0.6817299723625183,0.6871500015258789,0,0.00015000000000000001
2022-12-29 00:00:00+00:00,0.6821600198745728,0.6829000115394592,0.6790000200271606,0.6821600198745728,0,0.00015000000000000001
2022-12-30 00:00:00+00:00,0.680899977684021,0.6837900280952454,0.6794999837875366,0.680899977684021,0,0.00015000000000000001
2023-01-02 00:00:00+00:00,0.6823700070381165,0.683210015296936,0.6797999739646912,0.6823700070381165,0,0.00015000000000000001
2023-01-03 00:00:00+00:00,0.6812800168991089,0.6894500255584717,0.6784999966621399,0.6812800168991089,0,0.00015000000000000001
2023-01-04 00:00:00+00:00,0.6845099925994873,0.6878299713134766,0.6805999875068665,0.6845099925994873,0,0.00015000000000000001
2023-01-05 00:00:00+00:00,0.6893399953842163,0.691070020198822,0.6856799721717834,0.6893399953842163,0,0.00015000000000000001
2023-01-06 00:00:00+00:00,0.6902099847793579,0.6931399703025818,0.6870999932289124,0.6902099847793579,0,0.00015000000000000001
2023-01-09 00:00:00+00:00,0.6898199915885925,0.6910099983215332,0.6850000023841858,0.6898199915885925,0,0.00015000000000000001
2023-01-10 00:00:00+00:00,0.6876000165939331,0.6895599961280823,0.6865000128746033,0.6876000165939331,0,0.00015000000000000001
2023-01-11 00:00:00+00:00,0.6865900158882141,0.693340003490448,0.685699999332428,0.6865900158882141,0,0.00015000000000000001
2023-01-12 00:00:00+00:00,0.6931399703025818,0.6969199776649475,0.6916800141334534,0.6931399703025818,0,0.00015000000000000001
2023-01-13 00:00:00+00:00,0.6930999755859375,0.6972299814224243,0.6901000142097473,0.6930999755859375,0,0.00015000000000000001
2023-01-16 00:00:00+00:00,0.6916800141334534,0.6924099922180176,0.6898999810218811,0.6916800141334534,0,0.00015000000000000001
2023-01-17 00:00:00+00:00,0.6907299757003784,0.6913400292396545,0.6851000189781189,0.6907299757003784,0,0.00015000000000000001
2023-01-18 00:00:00+00:00,0.6884099841117859,0.6902199983596802,0.6792399883270264,0.6884099841117859,0,0.00015000000000000001
2023-01-19 00:00:00+00:00,0.6786100268363953,0.6814600229263306,0.6771000027656555,0.6786100268363953,0,0.00015000000000000001
2023-01-20 00:00:00+00:00,0.6801199913024902,0.6872699856758118,0.6796000003814697,0.6801199913024902,0,0.00015000000000000001
2023-01-23 00:00:00+00:00,0.6879600286483765,0.6899600028991699,0.6854000091552734,0.6879100203514099,0,0.00015000000000000001
2023-01-24 00:00:00+00:00,0.6892300248146057,0.6929799914360046,0.6873000264167786,0.6892300248146057,0,0.00015000000000000001
2023-01-25 00:00:00+00:00,0.6896299719810486,0.6915199756622314,0.6843000054359436,0.6896299719810486,0,0.00015000000000000001
2023-01-26 00:00:00+00:00,0.6852800250053406,0.6901100277900696,0.6837999820709229,0.6852800250053406,0,0.00015000000000000001
2023-01-27 00:00:00+00:00,0.6909199953079224,0.6934099793434143,0.6898999810218811,0.6909199953079224,0,0.00015000000000000001
2023-01-30 00:00:00+00:00,0.6921399831771851,0.692579984664917,0.6888999938964844,0.6921399831771851,0,0.00015000000000000001
2023-01-31 00:00:00+00:00,0.69132000207901,0.6913700103759766,0.6873599886894226,0.69132000207901,0,0.00015000000000000001
2023-02-01 00:00:00+00:00,0.6885499954223633,0.68954998254776,0.6854000091552734,0.6885499954223633,0,0.00015000000000000001
2023-02-02 00:00:00+00:00,0.6833900213241577,0.685230016708374,0.6819999814033508,0.6833900213241577,0,0.00015000000000000001
2023-02-03 00:00:00+00:00,0.6855000257492065,0.6913800239562988,0.6830000281333923,0.6855000257492065,0,0.00015000000000000001
2023-02-06 00:00:00+00:00,0.6912400126457214,0.6917999982833862,0.6869699954986572,0.6912400126457214,0,0.00015000000000000001
2023-02-07 00:00:00+00:00,0.6901699900627136,0.6912599802017212,0.6862999796867371,0.6901699900627136,0,0.00015000000000000001
2023-02-08 00:00:00+00:00,0.6882299780845642,0.6884999871253967,0.6843000054359436,0.6882299780845642,0,0.00015000000000000001
2023-02-09 00:00:00+00:00,0.6848499774932861,0.6861000061035156,0.6833999752998352,0.6848499774932861,0,0.00015000000000000001
2023-02-10 00:00:00+00:00,0.6851000189781189,0.6922600269317627,0.684660017490387,0.6851000189781189,0,0.00015000000000000001
2023-02-13 00:00:00+00:00,0.6915199756622314,0.6924600005149841,0.689300000667572,0.6915199756622314,0,0.00015000000000000001
2023-02-14 00:00:00+00:00,0.688979983329773,0.6909499764442444,0.6862000226974487,0.688979983329773,0,0.00015000000000000001
2023-02-15 00:00:00+00:00,0.6906999945640564,0.6912500262260437,0.6870999932289124,0.6906999945640564,0,0.00015000000000000001
2023-02-16 00:00:00+00:00,0.6894299983978271,0.6901299953460693,0.6870999932289124,0.6894299983978271,0,0.00015000000000000001
2023-02-17 00:00:00+00:00,0.6876999735832214,0.690559983253479,0.6862000226974487,0.6876999735832214,0,0.00015000000000000001
2023-02-20 00:00:00+00:00,0.6862800121307373,0.6870200037956238,0.6845999956130981,0.6861100196838379,0,0.00015000000000000001
2023-02-21 00:00:00+00:00,0.6862000226974487,0.6876500248908997,0.6851000189781189,0.6862000226974487,0,0.00015000000000000001
2023-02-22 00:00:00+00:00,0.6852200031280518,0.6867499947547913,0.6830999851226807,0.6852200031280518,0,0.00015000000000000001
2023-02-23 00:00:00+00:00,0.6874300241470337,0.6898099780082703,0.6866000294685364,0.6874300241470337,0,0.00015000000000000001
2023-02-24 00:00:00+00:00,0.6893500089645386,0.6906499862670898,0.6870200037956238,0.6893500089645386,0,0.00015000000000000001
2023-02-27 00:00:00+00:00,0.6912599802017212,0.6934000253677368,0.6894000172615051,0.6912599802017212,0,0.00015000000000000001
2023-02-28 00:00:00+00:00,0.6887999773025513,0.691860020160675,0.6865000128746033,0.6887999773025513,0,0.00015000000000000001
2023-03-01 00:00:00+00:00,0.690280020236969,0.6910799741744995,0.6873000264167786,0.690280020236969,0,0.00015000000000000001
2023-03-02 00:00:00+00:00,0.6912599802017212,0.6931300163269043,0.6899999976158142,0.6912599802017212,0,0.00015000000000000001
2023-03-03 00:00:00+00:00,0.6927400231361389,0.6929600238800049,0.6873000264167786,0.6927400231361389,0,0.00015000000000000001
2023-03-06 00:00:00+00:00,0.6884099841117859,0.6885499954223633,0.6834999918937683,0.6884099841117859,0,0.00015000000000000001
2023-03-07 00:00:00+00:00,0.683489978313446,0.6853600144386292,0.6821900010108948,0.683489978313446,0,0.00015000000000000001
2023-03-08 00:00:00+00:00,0.685230016708374,0.6858000159263611,0.6811000108718872,0.685230016708374,0,0.00015000000000000001
2023-03-09 00:00:00+00:00,0.6817799806594849,0.68163001537323,0.6787099838256836,0.6817799806594849,0,0.00015000000000000001
2023-03-10 00:00:00+00:00,0.6744400262832642,0.6743999719619751,0.6651999950408936,0.6744400262832642,0,0.00015000000000000001
2023-03-13 00:00:00+00:00,0.6670200228691101,0.6681200265884399,0.6596800088882446,0.6670200228691101,0,0.00015000000000000001
2023-03-14 00:00:00+00:00,0.6642500162124634,0.6704999804496765,0.6625999808311462,0.6642500162124634,0,0.00015000000000000001
2023-03-15 00:00:00+00:00,0.6680300235748291,0.6728100180625916,0.6672000288963318,0.6680300235748291,0,0.00015000000000000001
2023-03-16 00:00:00+00:00,0.6764500141143799,0.6779900193214417,0.6722400188446045,0.6764500141143799,0,0.00015000000000000001
2023-03-17 00:00:00+00:00,0.6772800087928772,0.6773099899291992,0.673799991607666,0.6772800087928772,0,0.00015000000000000001
2023-03-20 00:00:00+00:00,0.6757199764251709,0.6781299710273743,0.6729000210762024,0.6757199764251709,0,0.00015000000000000001
2023-03-21 00:00:00+00:00,0.6791999936103821,0.6806600093841553,0.6716700196266174,0.6791999936103821,0,0.00015000000000000001
2023-03-22 00:00:00+00:00,0.6721400022506714,0.6742900013923645,0.671500027179718,0.6721400022506714,0,0.00015000000000000001
2023-03-23 00:00:00+00:00,0.6681699752807617,0.6712700128555298,0.6669600009918213,0.6681699752807617,0,0.00015000000000000001
2023-03-24 00:00:00+00:00,0.6675999760627747,0.669219970703125,0.6652100086212158,0.6675999760627747,0,0.00015000000000000001
2023-03-26 23:00:00+00:00,0.6690400242805481,0.6696199774742126,0.666700005531311,0.6690599918365479,0,0.00015000000000000001
2023-03-27 23:00:00+00:00,0.6701200008392334,0.6763799786567688,0.6693999767303467,0.6701200008392334,0,0.00015000000000000001
2023-03-28 23:00:00+00:00,0.6770300269126892,0.678380012512207,0.6743000149726868,0.6770300269126892,0,0.00015000000000000001
2023-03-29 23:00:00+00:00,0.6769199967384338,0.6776800155639648,0.673799991607666,0.6769199967384338,0,0.00015000000000000001
2023-03-30 23:00:00+00:00,0.6754199862480164,0.6774500012397766,0.673229992389679,0.6754199862480164,0,0.00015000000000000001
2023-04-02 23:00:00+00:00,0.6792799830436707,0.6809200048446655,0.6779000163078308,0.6792799830436707,0,0.00015000000000000001
2023-04-03 23:00:00+00:00,0.6793599724769592,0.6804199814796448,0.6738700270652771,0.6793599724769592,0,0.00015000000000000001
2023-04-04 23:00:00+00:00,0.6733999848365784,0.6743299961090088,0.6708999872207642,0.6733999848365784,0,0.00015000000000000001
2023-04-05 23:00:00+00:00,0.6736199855804443,0.6736199855804443,0.6700999736785889,0.6735799908638,0,0.00015000000000000001
2023-04-06 23:00:00+00:00,0.6697999835014343,0.6713600158691406,0.6685000061988831,0.6697999835014343,0,0.00015000000000000001
2023-04-09 23:00:00+00:00,0.6694499850273132,0.6734499931335449,0.6692000031471252,0.6694499850273132,0,0.00015000000000000001
2023-04-10 23:00:00+00:00,0.6729599833488464,0.6731299757957458,0.6690000295639038,0.6729599833488464,0,0.00015000000000000001
2023-04-11 23:00:00+00:00,0.670710027217865,0.670960009098053,0.6646999716758728,0.670710027217865,0,0.00015000000000000001
2023-04-12 23:00:00+00:00,0.6658999919891357,0.6682800054550171,0.6618000268936157,0.6658999919891357,0,0.00015000000000000001
2023-04-13 23:00:00+00:00,0.666379988193512,0.6696799993515015,0.6654999852180481,0.666379988193512,0,0.00015000000000000001
2023-04-16 23:00:00+00:00,0.6693999767303467,0.671019971370697,0.6679999828338623,0.6693999767303467,0,0.00015000000000000001
2023-04-17 23:00:00+00:00,0.670799970626831,0.6716099977493286,0.6689000129699707,0.670799970626831,0,0.00015000000000000001
2023-04-18 23:00:00+00:00,0.6690499782562256,0.670229971408844,0.6666600108146667,0.6690499782562256,0,0.00015000000000000001
2023-04-19 23:00:00+00:00,0.6664000153541565,0.6669800281524658,0.6617000102996826,0.6664000153541565,0,0.00015000000000000001
2023-04-20 23:00:00+00:00,0.6618899703025818,0.6624699831008911,0.657800018787384,0.6618899703025818,0,0.00015000000000000001
2023-04-23 23:00:00+00:00,0.6587600111961365,0.6589999794960022,0.6557999849319458,0.6587600111961365,0,0.00015000000000000001
2023-04-24 23:00:00+00:00,0.6553999781608582,0.6557499766349792,0.6521000266075134,0.6553999781608582,0,0.00015000000000000001
2023-04-25 23:00:00+00:00,0.6547899842262268,0.6548699736595154,0.6499599814414978,0.6547899842262268,0,0.00015000000000000001
2023-04-26 23:00:00+00:00,0.6535199880599976,0.6594099998474121,0.6524999737739563,0.6535400152206421,0,0.00015000000000000001
2023-04-27 23:00:00+00:00,0.6572499871253967,0.6578099727630615,0.6539999842643738,0.6572499871253967,0,0.00015000000000000001
2023-04-30 23:00:00+00:00,0.6598600149154663,0.66184002161026,0.6570000052452087,0.6598600149154663,0,0.00015000000000000001
2023-05-01 23:00:00+00:00,0.6610400080680847,0.6627299785614014,0.6551100015640259,0.6610400080680847,0,0.00015000000000000001
2023-05-02 23:00:00+00:00,0.6551300287246704,0.6549599766731262,0.6503999829292297,0.6551300287246704,0,0.00015000000000000001
2023-05-03 23:00:00+00:00,0.6479899883270264,0.6535900235176086,0.6473000049591064,0.6479899883270264,0,0.00015000000000000001
2023-05-04 23:00:00+00:00,0.6546499729156494,0.6655600070953369,0.6534000039100647,0.6546499729156494,0,0.00015000000000000001
2023-05-07 23:00:00+00:00,0.6659799814224243,0.6676200032234192,0.6639000177383423,0.6659799814224243,0,0.00015000000000000001
2023-05-08 23:00:00+00:00,0.6654599905014038,0.6673700213432312,0.6639999747276306,0.6654599905014038,0,0.00015000000000000001
2023-05-09 23:00:00+00:00,0.6654599905014038,0.6669700145721436,0.6636999845504761,0.6654599905014038,0,0.00015000000000000001
2023-05-10 23:00:00+00:00,0.6649699807167053,0.6674000024795532,0.6628999710083008,0.6649699807167053,0,0.00015000000000000001
2023-05-11 23:00:00+00:00,0.6625800132751465,0.664139986038208,0.659500002861023,0.6625800132751465,0,0.00015000000000000001
2023-05-14 23:00:00+00:00,0.6626899838447571,0.6643900275230408,0.6617000102996826,0.6626899838447571,0,0.00015000000000000001
2023-05-15 23:00:00+00:00,0.6649199724197388,0.667389988899231,0.6622999906539917,0.6649199724197388,0,0.00015000000000000001
2023-05-16 23:00:00+00:00,0.6650300025939941,0.6699900031089783,0.6636499762535095,0.6650300025939941,0,0.00015000000000000001
2023-05-17 23:00:00+00:00,0.666700005531311,0.6718900203704834,0.6664999723434448,0.666700005531311,0,0.00015000000000000001
2023-05-18 23:00:00+00:00,0.6703199744224548,0.6708800196647644,0.6639800071716309,0.6703199744224548,0,0.00015000000000000001
2023-05-21 23:00:00+00:00,0.6657900214195251,0.6658899784088135,0.6621800065040588,0.6657900214195251,0,0.00015000000000000001
2023-05-22 23:00:00+00:00,0.6652100086212158,0.6684600114822388,0.6642000079154968,0.6652100086212158,0,0.00015000000000000001
2023-05-23 23:00:00+00:00,0.6676700115203857,0.6676200032234192,0.6646999716758728,0.6676700115203857,0,0.00015000000000000001
2023-05-24 23:00:00+00:00,0.6650000214576721,0.6666200160980225,0.6632000207901001,0.6650000214576721,0,0.00015000000000000001
2023-05-25 23:00:00+00:00,0.6633099913597107,0.6655399799346924,0.6619399785995483,0.6633099913597107,0,0.00015000000000000001
2023-05-28 23:00:00+00:00,0.6650000214576721,0.6658499836921692,0.6633999943733215,0.6650000214576721,0,0.00015000000000000001
2023-05-29 23:00:00+00:00,0.6648200154304504,0.6678199768066406,0.6634299755096436,0.6648200154304504,0,0.00015000000000000001
2023-05-30 23:00:00+00:00,0.6661700010299683,0.6728600263595581,0.664900004863739,0.6661700010299683,0,0.00015000000000000001
2023-05-31 23:00:00+00:00,0.6706900000572205,0.6753299832344055,0.6689500212669373,0.6706900000572205,0,0.00015000000000000001
2023-06-01 23:00:00+00:00,0.6734899878501892,0.6762099862098694,0.6725999712944031,0.6734899878501892,0,0.00015000000000000001
2023-06-04 23:00:00+00:00,0.6773899793624878,0.6787800192832947,0.6728000044822693,0.6773899793624878,0,0.00015000000000000001
2023-06-05 23:00:00+00:00,0.6735699772834778,0.67808997631073,0.67330002784729,0.6735699772834778,0,0.00015000000000000001
2023-06-06 23:00:00+00:00,0.6770600080490112,0.6804599761962891,0.6751999855041504,0.6770600080490112,0,0.00015000000000000001
2023-06-07 23:00:00+00:00,0.6801699995994568,0.6820899844169617,0.6723999977111816,0.6801699995994568,0,0.00015000000000000001
2023-06-08 23:00:00+00:00,0.6726499795913696,0.677619993686676,0.6721000075340271,0.6726499795913696,0,0.00015000000000000001
2023-06-11 23:00:00+00:00,0.6771399974822998,0.6805400252342224,0.6762999892234802,0.6771399974822998,0,0.00015000000000000001
2023-06-12 23:00:00+00:00,0.6797299981117249,0.6815400123596191,0.6765000224113464,0.6797299981117249,0,0.00015000000000000001
2023-06-13 23:00:00+00:00,0.679830014705658,0.6805999875068665,0.6747999787330627,0.679830014705658,0,0.00015000000000000001
2023-06-14 23:00:00+00:00,0.6754199862480164,0.6785500049591064,0.673799991607666,0.6754199862480164,0,0.00015000000000000001
2023-06-15 23:00:00+00:00,0.674340009689331,0.67781001329422,0.6725000143051147,0.674340009689331,0,0.00015000000000000001
2023-06-18 23:00:00+00:00,0.6772000193595886,0.67985999584198,0.6754000186920166,0.6772000193595886,0,0.00015000000000000001
2023-06-19 23:00:00+00:00,0.6781399846076965,0.6794700026512146,0.6769000291824341,0.6781399846076965,0,0.00015000000000000001
2023-06-20 23:00:00+00:00,0.6786999702453613,0.6806700229644775,0.6772000193595886,0.6786999702453613,0,0.00015000000000000001
2023-06-21 23:00:00+00:00,0.6780200004577637,0.6812999844551086,0.6771900057792664,0.6780200004577637,0,0.00015000000000000001
2023-06-22 23:00:00+00:00,0.6807199716567993,0.6830599904060364,0.677299976348877,0.6807199716567993,0,0.00015000000000000001
2023-06-25 23:00:00+00:00,0.6803699731826782,0.6814299821853638,0.677370011806488,0.6803699731826782,0,0.00015000000000000001
2023-06-26 23:00:00+00:00,0.6810799837112427,0.6826500296592712,0.6778299808502197,0.6810799837112427,0,0.00015000000000000001
2023-06-27 23:00:00+00:00,0.6771399974822998,0.6780200004577637,0.6754000186920166,0.6771399974822998,0,0.00015000000000000001
2023-06-28 23:00:00+00:00,0.6765900254249573,0.6781799793243408,0.6740999817848206,0.6765900254249573,0,0.00015000000000000001
2023-06-29 23:00:00+00:00,0.6785399913787842,0.6802099943161011,0.6747999787330627,0.6785399913787842,0,0.00015000000000000001
2023-07-02 23:00:00+00:00,0.6755399703979492,0.6788899898529053,0.6747999787330627,0.6755399703979492,0,0.00015000000000000001
2023-07-03 23:00:00+00:00,0.6762099862098694,0.6782400012016296,0.6754999756813049,0.6762099862098694,0,0.00015000000000000001
2023-07-04 23:00:00+00:00,0.6780499815940857,0.6784700155258179,0.6751999855041504,0.6780499815940857,0,0.00015000000000000001
2023-07-05 23:00:00+00:00,0.6762300133705139,0.6764400005340576,0.6711000204086304,0.6762300133705139,0,0.00015000000000000001
2023-07-06 23:00:00+00:00,0.6697999835014343,0.6712499856948853,0.6686000227928162,0.6697999835014343,0,0.00015000000000000001
2023-07-09 23:00:00+00:00,0.6693999767303467,0.670769989490509,0.6669999957084656,0.6693999767303467,0,0.00015000000000000001
2023-07-10 23:00:00+00:00,0.6667400002479553,0.6673499941825867,0.6632000207901001,0.6667400002479553,0,0.00015000000000000001
2023-07-11 23:00:00+00:00,0.6642100214958191,0.6651800274848938,0.657800018787384,0.6642100214958191,0,0.00015000000000000001
2023-07-12 23:00:00+00:00,0.6573799848556519,0.6575000286102295,0.6535800099372864,0.6573799848556519,0,0.00015000000000000001
2023-07-13 23:00:00+00:00,0.6551499962806702,0.6567100286483765,0.6524099707603455,0.6551499962806702,0,0.00015000000000000001
2023-07-16 23:00:00+00:00,0.6516799926757812,0.6537600159645081,0.6485000252723694,0.6516799926757812,0,0.00015000000000000001
2023-07-17 23:00:00+00:00,0.6516900062561035,0.6519899964332581,0.6478999853134155,0.6516900062561035,0,0.00015000000000000001
2023-07-18 23:00:00+00:00,0.6513800024986267,0.6538199782371521,0.6500999927520752,0.6513800024986267,0,0.00015000000000000001
2023-07-19 23:00:00+00:00,0.6517599821090698,0.6578199863433838,0.6507999897003174,0.6517599821090698,0,0.00015000000000000001
2023-07-20 23:00:00+00:00,0.6575199961662292,0.6585100293159485,0.6539999842643738,0.6575199961662292,0,0.00015000000000000001
2023-07-23 23:00:00+00:00,0.6549500226974487,0.6586700081825256,0.6545000076293945,0.6549500226974487,0,0.00015000000000000001
2023-07-24 23:00:00+00:00,0.6602200269699097,0.6607199907302856,0.6543099880218506,0.6602200269699097,0,0.00015000000000000001
2023-07-25 23:00:00+00:00,0.6555500030517578,0.656279981136322,0.6514300107955933,0.6555500030517578,0,0.00015000000000000001
2023-07-26 23:00:00+00:00,0.65242999792099,0.6586599946022034,0.6484000086784363,0.65242999792099,0,0.00015000000000000001
2023-07-27 23:00:00+00:00,0.6567800045013428,0.6595799922943115,0.6546400189399719,0.6567800045013428,0,0.00015000000000000001
2023-07-30 23:00:00+00:00,0.6563699841499329,0.6607499718666077,0.6560999751091003,0.6563699841499329,0,0.00015000000000000001
2023-07-31 23:00:00+00:00,0.6606000065803528,0.6612200140953064,0.6584799885749817,0.6606000065803528,0,0.00015000000000000001
2023-08-01 23:00:00+00:00,0.6575400233268738,0.6608399748802185,0.6567999720573425,0.6575400233268738,0,0.00015000000000000001
2023-08-02 23:00:00+00:00,0.6574500203132629,0.6584600210189819,0.6539999842643738,0.6574500203132629,0,0.00015000000000000001
2023-08-03 23:00:00+00:00,0.6547899842262268,0.6568400263786316,0.6514099836349487,0.6547899842262268,0,0.00015000000000000001
2023-08-06 23:00:00+00:00,0.6535500288009644,0.6555799841880798,0.652899980545044,0.6535500288009644,0,0.00015000000000000001
2023-08-07 23:00:00+00:00,0.6527900099754333,0.6533499956130981,0.6492000222206116,0.6527900099754333,0,0.00015000000000000001
2023-08-08 23:00:00+00:00,0.6520699858665466,0.6535199880599976,0.6503999829292297,0.6520699858665466,0,0.00015000000000000001
2023-08-09 23:00:00+00:00,0.6534900069236755,0.6539499759674072,0.6498100161552429,0.6534900069236755,0,0.00015000000000000001
2023-08-10 23:00:00+00:00,0.6520100235939026,0.6529800295829773,0.6494899988174438,0.6520100235939026,0,0.00015000000000000001
2023-08-13 23:00:00+00:00,0.652209997177124,0.6549400091171265,0.6499999761581421,0.652209997177124,0,0.00015000000000000001
2023-08-14 23:00:00+00:00,0.6520000100135803,0.6528499722480774,0.6480000019073486,0.6520000100135803,0,0.00015000000000000001
2023-08-15 23:00:00+00:00,0.6512799859046936,0.6525800228118896,0.6496000289916992,0.6512799859046936,0,0.00015000000000000001
2023-08-16 23:00:00+00:00,0.6501200199127197,0.6507999897003174,0.6485000252723694,0.6501200199127197,0,0.00015000000000000001
2023-08-17 23:00:00+00:00,0.6483399868011475,0.65065997838974,0.6477000117301941,0.6483399868011475,0,0.00015000000000000001
2023-08-20 23:00:00+00:00,0.6514800190925598,0.6515799760818481,0.6481999754905701,0.6514800190925598,0,0.00015000000000000001
2023-08-21 23:00:00+00:00,0.6485300064086914,0.6504999995231628,0.6473000049591064,0.6485300064086914,0,0.00015000000000000001
2023-08-22 23:00:00+00:00,0.6494799852371216,0.6501500010490417,0.645799994468689,0.6494799852371216,0,0.00015000000000000001
2023-08-23 23:00:00+00:00,0.6487299799919128,0.6517199873924255,0.6474999785423279,0.6487299799919128,0,0.00015000000000000001
2023-08-24 23:00:00+00:00,0.6514999866485596,0.6527199745178223,0.6492999792098999,0.6514999866485596,0,0.00015000000000000001
2023-08-27 23:00:00+00:00,0.6507899761199951,0.6518599987030029,0.6485000252723694,0.6507899761199951,0,0.00015000000000000001
2023-08-28 23:00:00+00:00,0.6495299935340881,0.6505600214004517,0.6470000147819519,0.6495299935340881,0,0.00015000000000000001
2023-08-29 23:00:00+00:00,0.6482200026512146,0.6490600109100342,0.645799994468689,0.6482200026512146,0,0.00015000000000000001
2023-08-30 23:00:00+00:00,0.6487200260162354,0.6534199714660645,0.6481999754905701,0.6487200260162354,0,0.00015000000000000001
2023-08-31 23:00:00+00:00,0.6537200212478638,0.6544700264930725,0.6495599746704102,0.6537200212478638,0,0.00015000000000000001
2023-09-03 23:00:00+00:00,0.6511399745941162,0.651449978351593,0.6492999792098999,0.6511399745941162,0,0.00015000000000000001
2023-09-04 23:00:00+00:00,0.6505799889564514,0.6530500054359436,0.6488999724388123,0.6505799889564514,0,0.00015000000000000001
2023-09-05 23:00:00+00:00,0.6520799994468689,0.6548399925231934,0.6506999731063843,0.6520799994468689,0,0.00015000000000000001
2023-09-06 23:00:00+00:00,0.6534900069236755,0.6543599963188171,0.652400016784668,0.6534900069236755,0,0.00015000000000000001
2023-09-07 23:00:00+00:00,0.6523399949073792,0.6554800271987915,0.6509000062942505,0.6523399949073792,0,0.00015000000000000001
2023-09-10 23:00:00+00:00,0.65447998046875,0.657010018825531,0.6538000106811523,0.65447998046875,0,0.00015000000000000001
2023-09-11 23:00:00+00:00,0.6562899947166443,0.6589800119400024,0.654699981212616,0.6562899947166443,0,0.00015000000000000001
2023-09-12 23:00:00+00:00,0.6577000021934509,0.6599299907684326,0.6565999984741211,0.6577000021934509,0,0.00015000000000000001
2023-09-13 23:00:00+00:00,0.6592400074005127,0.6624600291252136,0.6583999991416931,0.6592400074005127,0,0.00015000000000000001
2023-09-14 23:00:00+00:00,0.6630600094795227,0.6634600162506104,0.6607400178909302,0.6630600094795227,0,0.00015000000000000001
2023-09-17 23:00:00+00:00,0.6632500290870667,0.6658599972724915,0.6621999740600586,0.6632500290870667,0,0.00015000000000000001
2023-09-18 23:00:00+00:00,0.6652399897575378,0.6702499985694885,0.6647999882698059,0.6652399897575378,0,0.00015000000000000001
2023-09-19 23:00:00+00:00,0.667460024356842,0.6685000061988831,0.666100025177002,0.667460024356842,0,0.00015000000000000001
2023-09-20 23:00:00+00:00,0.6672999858856201,0.6727100014686584,0.6657999753952026,0.6672999858856201,0,0.00015000000000000001
2023-09-21 23:00:00+00:00,0.6711999773979187,0.6748700141906738,0.670799970626831,0.6711999773979187,0,0.00015000000000000001
2023-09-24 23:00:00+00:00,0.673039972782135,0.677649974822998,0.6721000075340271,0.673039972782135,0,0.00015000000000000001
2023-09-25 23:00:00+00:00,0.6780700087547302,0.6783300042152405,0.675000011920929,0.6780700087547302,0,0.00015000000000000001
2023-09-26 23:00:00+00:00,0.6773200035095215,0.6807299852371216,0.6765999794006348,0.6773200035095215,0,0.00015000000000000001
2023-09-27 23:00:00+00:00,0.6819900274276733,0.6828500032424927,0.6783000230789185,0.6819900274276733,0,0.00015000000000000001
2023-09-28 23:00:00+00:00,0.6780499815940857,0.6799899935722351,0.6746000051498413,0.6780499815940857,0,0.00015000000000000001
2023-10-01 23:00:00+00:00,0.6743999719619751,0.6749699711799622,0.6699000000953674,0.6743999719619751,0,0.00015000000000000001
2023-10-02 23:00:00+00:00,0.6711199879646301,0.6737300157546997,0.6699000000953674,0.6711199879646301,0,0.00015000000000000001
2023-10-03 23:00:00+00:00,0.6717900037765503,0.6729300022125244,0.6660000085830688,0.6717900037765503,0,0.00015000000000000001
2023-10-04 23:00:00+00:00,0.666949987411499,0.6672599911689758,0.6642000079154968,0.666949987411499,0,0.00015000000000000001
2023-10-05 23:00:00+00:00,0.6658300161361694,0.6687800288200378,0.6639000177383423,0.6658300161361694,0,0.00015000000000000001
2023-10-08 23:00:00+00:00,0.6647999882698059,0.6672499775886536,0.6647099852561951,0.6647999882698059,0,0.00015000000000000001
2023-10-09 23:00:00+00:00,0.6662799715995789,0.6675400137901306,0.6643999814987183,0.6662799715995789,0,0.00015000000000000001
2023-10-10 23:00:00+00:00,0.6658200025558472,0.6660500168800354,0.6620000004768372,0.6658200025558472,0,0.00015000000000000001
2023-10-11 23:00:00+00:00,0.6627200245857239,0.6646699905395508,0.6614000201225281,0.6627200245857239,0,0.00015000000000000001
2023-10-12 23:00:00+00:00,0.6633800268173218,0.6639299988746643,0.6602399945259094,0.6633800268173218,0,0.00015000000000000001
2023-10-15 23:00:00+00:00,0.6613799929618835,0.6631799936294556,0.6599000096321106,0.6613799929618835,0,0.00015000000000000001
2023-10-16 23:00:00+00:00,0.6613199710845947,0.6621900200843811,0.65829998254776,0.6613199710845947,0,0.00015000000000000001
2023-10-17 23:00:00+00:00,0.6592299938201904,0.6599500179290771,0.655019998550415,0.6592299938201904,0,0.00015000000000000001
2023-10-18 23:00:00+00:00,0.6553199887275696,0.6553999781608582,0.6523000001907349,0.6553199887275696,0,0.00015000000000000001
2023-10-19 23:00:00+00:00,0.6496999859809875,0.6527400016784668,0.649370014667511,0.6496999859809875,0,0.00015000000000000001
2023-10-22 23:00:00+00:00,0.6516900062561035,0.6530699729919434,0.6488999724388123,0.6516900062561035,0,0.00015000000000000001
2023-10-23 23:00:00+00:00,0.6507200002670288,0.6527400016784668,0.649399995803833,0.6507200002670288,0,0.00015000000000000001
2023-10-24 23:00:00+00:00,0.6498500108718872,0.6512500047683716,0.6484000086784363,0.6498500108718872,0,0.00015000000000000001
2023-10-25 23:00:00+00:00,0.6495500206947327,0.6523799896240234,0.6485000252723694,0.6495500206947327,0,0.00015000000000000001
2023-10-26 23:00:00+00:00,0.6505200266838074,0.6531500220298767,0.6496000289916992,0.6505200266838074,0,0.00015000000000000001
2023-10-30 00:00:00+00:00,0.6508600115776062,0.6538299918174744,0.6504999995231628,0.6508600115776062,0,0.00015000000000000001
2023-10-31 00:00:00+00:00,0.6521900296211243,0.6555100083351135,0.6509000062942505,0.6522899866104126,0,0.00015000000000000001
2023-11-01 00:00:00+00:00,0.6555799841880798,0.656029999256134,0.6536999940872192,0.6555799841880798,0,0.00015000000000000001
2023-11-02 00:00:00+00:00,0.6544899940490723,0.6574400067329407,0.6520000100135803,0.6544899940490723,0,0.00015000000000000001
2023-11-03 00:00:00+00:00,0.6590700149536133,0.6599599719047546,0.6554999947547913,0.6590700149536133,0,0.00015000000000000001
2023-11-06 00:00:00+00:00,0.6581699848175049,0.6584500074386597,0.6553999781608582,0.6581699848175049,0,0.00015000000000000001
2023-11-07 00:00:00+00:00,0.6559000015258789,0.656440019607544,0.6534000039100647,0.6559000015258789,0,0.00015000000000000001
2023-11-08 00:00:00+00:00,0.6535999774932861,0.6548799872398376,0.6503000259399414,0.6535999774932861,0,0.00015000000000000001
2023-11-09 00:00:00+00:00,0.6517800092697144,0.6543999910354614,0.6514000296592712,0.6517800092697144,0,0.00015000000000000001
2023-11-10 00:00:00+00:00,0.654009997844696,0.6553199887275696,0.6514999866485596,0.654009997844696,0,0.00015000000000000001
2023-11-13 00:00:00+00:00,0.6535900235176086,0.6547200083732605,0.6523000001907349,0.6535900235176086,0,0.00015000000000000001
2023-11-14 00:00:00+00:00,0.6524999737739563,0.6535800099372864,0.6484000086784363,0.6524999737739563,0,0.00015000000000000001
2023-11-15 00:00:00+00:00,0.6488699913024902,0.6502199769020081,0.6474000215530396,0.6488699913024902,0,0.00015000000000000001
2023-11-16 00:00:00+00:00,0.6482599973678589,0.649370014667511,0.6438000202178955,0.6482599973678589,0,0.00015000000000000001
2023-11-17 00:00:00+00:00,0.6460000276565552,0.6475300192832947,0.6449000239372253,0.6460000276565552,0,0.00015000000000000001
2023-11-20 00:00:00+00:00,0.6456900238990784,0.6458600163459778,0.6421999931335449,0.6456900238990784,0,0.00015000000000000001
2023-11-21 00:00:00+00:00,0.6443099975585938,0.6452699899673462,0.6430000066757202,0.6443099975585938,0,0.00015000000000000001
2023-11-22 00:00:00+00:00,0.6446800231933594,0.6454899907112122,0.6421999931335449,0.6446800231933594,0,0.00015000000000000001
2023-11-23 00:00:00+00:00,0.6455900073051453,0.6465100049972534,0.6439999938011169,0.6455900073051453,0,0.00015000000000000001
2023-11-24 00:00:00+00:00,0.6456500291824341,0.6485900282859802,0.64410001039505,0.6456500291824341,0,0.00015000000000000001
2023-11-27 00:00:00+00:00,0.6471999883651733,0.6473199725151062,0.6442999839782715,0.6471999883651733,0,0.00015000000000000001
2023-11-28 00:00:00+00:00,0.6467199921607971,0.6490499973297119,0.6453999876976013,0.6467199921607971,0,0.00015000000000000001
2023-11-29 00:00:00+00:00,0.6464800238609314,0.6475300192832947,0.6425999999046326,0.6464800238609314,0,0.00015000000000000001
2023-11-30 00:00:00+00:00,0.6425300240516663,0.6449499726295471,0.6410300135612488,0.6425300240516663,0,0.00015000000000000001
2023-12-01 00:00:00+00:00,0.6451699733734131,0.6488400101661682,0.6437000036239624,0.6451699733734131,0,0.00015000000000000001
2023-12-04 00:00:00+00:00,0.6433299779891968,0.6467199921607971,0.642799973487854,0.6433299779891968,0,0.00015000000000000001
2023-12-05 00:00:00+00:00,0.6443600058555603,0.6453499794006348,0.6421999931335449,0.6443600058555603,0,0.00015000000000000001
2023-12-06 00:00:00+00:00,0.643750011920929,0.6454200148582458,0.642799973487854,0.643750011920929,0,0.00015000000000000001
2023-12-07 00:00:00+00:00,0.6434299945831299,0.6453400254249573,0.6420000195503235,0.6434299945831299,0,0.00015000000000000001
2023-12-08 00:00:00+00:00,0.6436899900436401,0.6482300162315369,0.6431000232696533,0.6436899900436401,0,0.00015000000000000001
2023-12-11 00:00:00+00:00,0.6475899815559387,0.6494600176811218,0.6459000110626221,0.6475899815559387,0,0.00015000000000000001
2023-12-12 00:00:00+00:00,0.6463000178337097,0.6472200155258179,0.6431999802589417,0.6463000178337097,0,0.00015000000000000001
2023-12-13 00:00:00+00:00,0.6437000036239624,0.6462000012397766,0.6434000134468079,0.6437000036239624,0,0.00015000000000000001
2023-12-14 00:00:00+00:00,0.6447100043296814,0.6487399935722351,0.6435999870300293,0.6447100043296814,0,0.00015000000000000001
2023-12-15 00:00:00+00:00,0.6466900110244751,0.6501100063323975,0.6459000110626221,0.6466900110244751,0,0.00015000000000000001
2023-12-18 00:00:00+00:00,0.6505699753761292,0.6508600115776062,0.646399974822998,0.6505699753761292,0,0.00015000000000000001
2023-12-19 00:00:00+00:00,0.6471700072288513,0.6479099988937378,0.6438000202178955,0.6471700072288513,0,0.00015000000000000001
2023-12-20 00:00:00+00:00,0.6451799869537354,0.6480500102043152,0.64410001039505,0.6452699899673462,0,0.00015000000000000001
2023-12-21 00:00:00+00:00,0.6456999778747559,0.6469799876213074,0.641700029373169,0.6456999778747559,0,0.00015000000000000001
2023-12-22 00:00:00+00:00,0.6445299983024597,0.6460400223731995,0.6419000029563904,0.6445299983024597,0,0.00015000000000000001
2023-12-25 00:00:00+00:00,0.6436399817466736,0.646399974822998,0.6436399817466736,0.6436399817466736,0,0.00015000000000000001
2023-12-26 00:00:00+00:00,0.6458600163459778,0.6478599905967712,0.6445000171661377,0.6458600163459778,0,0.00015000000000000001
2023-12-27 00:00:00+00:00,0.646399974822998,0.6478300094604492,0.636900007724762,0.646399974822998,0,0.00015000000000000001
2023-12-28 00:00:00+00:00,0.6379500031471252,0.6379299759864807,0.6310999989509583,0.6379500031471252,0,0.00015000000000000001
2023-12-29 00:00:00+00:00,0.6374300122261047,0.638949990272522,0.6299999952316284,0.6374300122261047,0,0.00015000000000000001
2024-01-01 00:00:00+00:00,0.634119987487793,0.6349999904632568,0.6341000199317932,0.634119987487793,0,0.00015000000000000001
2024-01-02 00:00:00+00:00,0.635640025138855,0.6407399773597717,0.6352999806404114,0.635640025138855,0,0.00015000000000000001
2024-01-03 00:00:00+00:00,0.6380400061607361,0.6409599781036377,0.6365000009536743,0.6380400061607361,0,0.00015000000000000001
2024-01-04 00:00:00+00:00,0.636139988899231,0.6386600136756897,0.6352999806404114,0.636139988899231,0,0.00015000000000000001
2024-01-05 00:00:00+00:00,0.6365500092506409,0.6398299932479858,0.6345999836921692,0.6365500092506409,0,0.00015000000000000001
2024-01-08 00:00:00+00:00,0.6367300152778625,0.6371300220489502,0.6322000026702881,0.6367300152778625,0,0.00015000000000000001
2024-01-09 00:00:00+00:00,0.6351400017738342,0.6375600099563599,0.6338000297546387,0.6351400017738342,0,0.00015000000000000001
2024-01-10 00:00:00+00:00,0.6365299820899963,0.6378600001335144,0.6355000138282776,0.6365299820899963,0,0.00015000000000000001
2024-01-11 00:00:00+00:00,0.635640025138855,0.6383699774742126,0.6349999904632568,0.635640025138855,0,0.00015000000000000001
2024-01-12 00:00:00+00:00,0.6359699964523315,0.6392199993133545,0.635200023651123,0.6359699964523315,0,0.00015000000000000001
2024-01-15 00:00:00+00:00,0.636489987373352,0.6368299722671509,0.6351000070571899,0.6362900137901306,0,0.00015000000000000001
2024-01-16 00:00:00+00:00,0.6370099782943726,0.6394500136375427,0.6360999941825867,0.6370099782943726,0,0.00015000000000000001
2024-01-17 00:00:00+00:00,0.6381999850273132,0.6423299908638,0.6363999843597412,0.6381999850273132,0,0.00015000000000000001
2024-01-18 00:00:00+00:00,0.6400499939918518,0.6435499787330627,0.6394000053405762,0.6400499939918518,0,0.00015000000000000001
2024-01-19 00:00:00+00:00,0.6436200141906738,0.645579993724823,0.6428999900817871,0.6436200141906738,0,0.00015000000000000001
2024-01-22 00:00:00+00:00,0.6465100049972534,0.6471499800682068,0.6450999975204468,0.6463900208473206,0,0.00015000000000000001
2024-01-23 00:00:00+00:00,0.64478999376297,0.6473100185394287,0.642300009727478,0.64478999376297,0,0.00015000000000000001
2024-01-24 00:00:00+00:00,0.6462100148200989,0.6462000012397766,0.6395999789237976,0.6462100148200989,0,0.00015000000000000001
2024-01-25 00:00:00+00:00,0.6380100250244141,0.6431099772453308,0.6376000046730042,0.6380100250244141,0,0.00015000000000000001
2024-01-26 00:00:00+00:00,0.6432099938392639,0.6442999839782715,0.6403999924659729,0.6432099938392639,0,0.00015000000000000001
2024-01-29 00:00:00+00:00,0.6422299742698669,0.6429299712181091,0.6401000022888184,0.6422299742698669,0,0.00015000000000000001
2024-01-30 00:00:00+00:00,0.6421700119972229,0.6444299817085266,0.6412000060081482,0.6421700119972229,0,0.00015000000000000001
2024-01-31 00:00:00+00:00,0.6430299878120422,0.6437900066375732,0.6388000249862671,0.6430299878120422,0,0.00015000000000000001
2024-02-01 00:00:00+00:00,0.6417700052261353,0.6426500082015991,0.6396999955177307,0.6417700052261353,0,0.00015000000000000001
2024-02-02 00:00:00+00:00,0.640749990940094,0.6446200013160706,0.6391000151634216,0.640749990940094,0,0.00015000000000000001
2024-02-05 00:00:00+00:00,0.6435700058937073,0.6453400254249573,0.6426500082015991,0.6435700058937073,0,0.00015000000000000001
2024-02-06 00:00:00+00:00,0.6428499817848206,0.6457300186157227,0.6424000263214111,0.6428499817848206,0,0.00015000000000000001
2024-02-07 00:00:00+00:00,0.6445299983024597,0.6480399966239929,0.6438999772071838,0.6445299983024597,0,0.00015000000000000001
2024-02-08 00:00:00+00:00,0.6492400169372559,0.650189995765686,0.6474999785423279,0.6492400169372559,0,0.00015000000000000001
2024-02-09 00:00:00+00:00,0.6488699913024902,0.6511899828910828,0.6482999920845032,0.6488699913024902,0,0.00015000000000000001
2024-02-12 00:00:00+00:00,0.6495000123977661,0.6518499851226807,0.6482999920845032,0.6495000123977661,0,0.00015000000000000001
2024-02-13 00:00:00+00:00,0.6508399844169617,0.6557000279426575,0.6504999995231628,0.6509199738502502,0,0.00015000000000000001
2024-02-14 00:00:00+00:00,0.6541000008583069,0.6557999849319458,0.6528000235557556,0.6541000008583069,0,0.00015000000000000001
2024-02-15 00:00:00+00:00,0.6537700295448303,0.6540600061416626,0.6506999731063843,0.6537700295448303,0,0.00015000000000000001
2024-02-16 00:00:00+00:00,0.6533399820327759,0.6545699834823608,0.6525999903678894,0.6533399820327759,0,0.00015000000000000001
2024-02-19 00:00:00+00:00,0.6533899903297424,0.6541100144386292,0.6525999903678894,0.6533399820327759,0,0.00015000000000000001
2024-02-20 00:00:00+00:00,0.6538599729537964,0.6545000076293945,0.6499000191688538,0.6538599729537964,0,0.00015000000000000001
2024-02-21 00:00:00+00:00,0.6520599722862244,0.6523000001907349,0.6499000191688538,0.6520599722862244,0,0.00015000000000000001
2024-02-22 00:00:00+00:00,0.6513800024986267,0.6534199714660645,0.6499000191688538,0.6513800024986267,0,0.00015000000000000001
2024-02-23 00:00:00+00:00,0.6527400016784668,0.6535000205039978,0.6513000130653381,0.6527400016784668,0,0.00015000000000000001
2024-02-26 00:00:00+00:00,0.6522200107574463,0.6526200175285339,0.6498000025749207,0.6523699760437012,0,0.00015000000000000001
2024-02-27 00:00:00+00:00,0.6514000296592712,0.652459979057312,0.6492999792098999,0.6516199707984924,0,0.00015000000000000001
2024-02-28 00:00:00+00:00,0.6488999724388123,0.6500399708747864,0.6466000080108643,0.6488999724388123,0,0.00015000000000000001
2024-02-29 00:00:00+00:00,0.647130012512207,0.6510800123214722,0.6456999778747559,0.6467000246047974,0,0.00015000000000000001
2024-03-01 00:00:00+00:00,0.6516100168228149,0.6538299918174744,0.6507999897003174,0.6516100168228149,0,0.00015000000000000001
2024-03-04 00:00:00+00:00,0.6517199873924255,0.6527799963951111,0.6489999890327454,0.6517199873924255,0,0.00015000000000000001
2024-03-05 00:00:00+00:00,0.6520799994468689,0.6525400280952454,0.6499000191688538,0.6520799994468689,0,0.00015000000000000001
2024-03-06 00:00:00+00:00,0.6501200199127197,0.6530100107192993,0.649619996547699,0.6501200199127197,0,0.00015000000000000001
2024-03-07 00:00:00+00:00,0.6527900099754333,0.6527600288391113,0.6507999897003174,0.6527900099754333,0,0.00015000000000000001
2024-03-08 00:00:00+00:00,0.6520599722862244,0.6527199745178223,0.6498000025749207,0.6520599722862244,0,0.00015000000000000001
2024-03-11 00:00:00+00:00,0.6506900191307068,0.6512699723243713,0.6491000056266785,0.6506900191307068,0,0.00015000000000000001
2024-03-12 00:00:00+00:00,0.6508899927139282,0.6513599753379822,0.6488000154495239,0.6508299708366394,0,0.00015000000000000001
2024-03-13 00:00:00+00:00,0.6502000093460083,0.6517999768257141,0.6494100093841553,0.6502000093460083,0,0.00015000000000000001
2024-03-14 00:00:00+00:00,0.652209997177124,0.653659999370575,0.6516000032424927,0.652209997177124,0,0.00015000000000000001
2024-03-15 00:00:00+00:00,0.6531299948692322,0.6537799835205078,0.6513000130653381,0.6531299948692322,0,0.00015000000000000001
2024-03-18 00:00:00+00:00,0.6522200107574463,0.654420018196106,0.6510999798774719,0.6522200107574463,0,0.00015000000000000001
2024-03-19 00:00:00+00:00,0.6556599736213684,0.6560900211334229,0.6514999866485596,0.6556599736213684,0,0.00015000000000000001
2024-03-20 00:00:00+00:00,0.6545699834823608,0.6570900082588196,0.6539000272750854,0.6545699834823608,0,0.00015000000000000001
2024-03-21 00:00:00+00:00,0.6573200225830078,0.665369987487793,0.656000018119812,0.6573200225830078,0,0.00015000000000000001
2024-03-22 00:00:00+00:00,0.6636000275611877,0.6645399928092957,0.659500002861023,0.6636000275611877,0,0.00015000000000000001
2024-03-25 00:00:00+00:00,0.6593800187110901,0.6614099740982056,0.6589999794960022,0.6593800187110901,0,0.00015000000000000001
2024-03-26 00:00:00+00:00,0.6620799899101257,0.6670299768447876,0.6615999937057495,0.6620799899101257,0,0.00015000000000000001
2024-03-27 00:00:00+00:00,0.6653199791908264,0.6674500107765198,0.6642000079154968,0.6653199791908264,0,0.00015000000000000001
2024-03-28 00:00:00+00:00,0.6664999723434448,0.6668800115585327,0.6642000079154968,0.6664999723434448,0,0.00015000000000000001
2024-03-29 00:00:00+00:00,0.6656100153923035,0.6664000153541565,0.6642699837684631,0.6656100153923035,0,0.00015000000000000001
2024-03-31 23:00:00+00:00,0.6669899821281433,0.6670600175857544,0.6646000146865845,0.6669899821281433,0,0.00015000000000000001
2024-04-01 23:00:00+00:00,0.666700005531311,0.6703500151634216,0.6664999723434448,0.666700005531311,0,0.00015000000000000001
2024-04-02 23:00:00+00:00,0.6692100167274475,0.6705999970436096,0.6676999926567078,0.6692100167274475,0,0.00015000000000000001
2024-04-03 23:00:00+00:00,0.6675900220870972,0.6720799803733826,0.6671000123023987,0.6675900220870972,0,0.00015000000000000001
2024-04-04 23:00:00+00:00,0.6654599905014038,0.6666899919509888,0.6614999771118164,0.6654599905014038,0,0.00015000000000000001
2024-04-07 23:00:00+00:00,0.6638299822807312,0.6667900085449219,0.663100004196167,0.6638299822807312,0,0.00015000000000000001
2024-04-08 23:00:00+00:00,0.6668400168418884,0.6671900153160095,0.6640999913215637,0.6668400168418884,0,0.00015000000000000001
2024-04-09 23:00:00+00:00,0.6652600169181824,0.6682999730110168,0.664900004863739,0.6652600169181824,0,0.00015000000000000001
2024-04-10 23:00:00+00:00,0.6669300198554993,0.6681900024414062,0.6635000109672546,0.6669300198554993,0,0.00015000000000000001
2024-04-11 23:00:00+00:00,0.664680004119873,0.6651899814605713,0.6610000133514404,0.664680004119873,0,0.00015000000000000001
2024-04-14 23:00:00+00:00,0.664080023765564,0.6655700206756592,0.6628000140190125,0.664080023765564,0,0.00015000000000000001
2024-04-15 23:00:00+00:00,0.6613500118255615,0.6624100208282471,0.6588000059127808,0.6613500118255615,0,0.00015000000000000001
2024-04-16 23:00:00+00:00,0.6603500247001648,0.661549985408783,0.65829998254776,0.6603500247001648,0,0.00015000000000000001
2024-04-17 23:00:00+00:00,0.6611499786376953,0.6632000207901001,0.6597999930381775,0.6611499786376953,0,0.00015000000000000001
2024-04-18 23:00:00+00:00,0.6625800132751465,0.662559986114502,0.6534199714660645,0.6625800132751465,0,0.00015000000000000001
2024-04-21 23:00:00+00:00,0.6631600260734558,0.6647700071334839,0.6620000004768372,0.6630200147628784,0,0.00015000000000000001
2024-04-22 23:00:00+00:00,0.6655300259590149,0.6666600108146667,0.6642000079154968,0.6655300259590149,0,0.00015000000000000001
2024-04-23 23:00:00+00:00,0.6672899723052979,0.6685900092124939,0.6647700071334839,0.6672899723052979,0,0.00015000000000000001
2024-04-24 23:00:00+00:00,0.6672099828720093,0.6681699752807617,0.6660000085830688,0.6672099828720093,0,0.00015000000000000001
2024-04-25 23:00:00+00:00,0.6680600047111511,0.669160008430481,0.666700005531311,0.6680600047111511,0,0.00015000000000000001
2024-04-28 23:00:00+00:00,0.6686999797821045,0.6696699857711792,0.6661999821662903,0.6686999797821045,0,0.00015000000000000001
2024-04-29 23:00:00+00:00,0.6663299798965454,0.6678799986839294,0.6639999747276306,0.6663299798965454,0,0.00015000000000000001
2024-04-30 23:00:00+00:00,0.6673600077629089,0.6692900061607361,0.6669999957084656,0.6673600077629089,0,0.00015000000000000001
2024-05-01 23:00:00+00:00,0.6677600145339966,0.668179988861084,0.6636000275611877,0.6677600145339966,0,0.00015000000000000001
2024-05-02 23:00:00+00:00,0.6656399965286255,0.6659600138664246,0.6603000164031982,0.6656399965286255,0,0.00015000000000000001
2024-05-05 23:00:00+00:00,0.661620020866394,0.663320004940033,0.6607000231742859,0.661620020866394,0,0.00015000000000000001
2024-05-06 23:00:00+00:00,0.6631699800491333,0.6637700200080872,0.6608999967575073,0.6631699800491333,0,0.00015000000000000001
2024-05-07 23:00:00+00:00,0.6614699959754944,0.6620200276374817,0.659500002861023,0.6614699959754944,0,0.00015000000000000001
2024-05-08 23:00:00+00:00,0.6613799929618835,0.6627900004386902,0.6607000231742859,0.6613799929618835,0,0.00015000000000000001
2024-05-09 23:00:00+00:00,0.6622300148010254,0.6650300025939941,0.6615999937057495,0.6622300148010254,0,0.00015000000000000001
2024-05-12 23:00:00+00:00,0.6626899838447571,0.663569986820221,0.661300003528595,0.6626899838447571,0,0.00015000000000000001
2024-05-13 23:00:00+00:00,0.6643199920654297,0.665120005607605,0.6628999710083008,0.6643199920654297,0,0.00015000000000000001
2024-05-14 23:00:00+00:00,0.6640999913215637,0.664359986782074,0.6622999906539917,0.6640999913215637,0,0.00015000000000000001
2024-05-15 23:00:00+00:00,0.6622400283813477,0.6647099852561951,0.6603999733924866,0.6622400283813477,0,0.00015000000000000001
2024-05-16 23:00:00+00:00,0.6654300093650818,0.6673300266265869,0.664900004863739,0.6654300093650818,0,0.00015000000000000001
2024-05-19 23:00:00+00:00,0.6678400039672852,0.668470025062561,0.6664999723434448,0.6678400039672852,0,0.00015000000000000001
2024-05-20 23:00:00+00:00,0.6679900288581848,0.6683400273323059,0.6654999852180481,0.6679900288581848,0,0.00015000000000000001
2024-05-21 23:00:00+00:00,0.667959988117218,0.6698499917984009,0.6672999858856201,0.667959988117218,0,0.00015000000000000001
2024-05-22 23:00:00+00:00,0.6684799790382385,0.6689299941062927,0.6664999723434448,0.6684799790382385,0,0.00015000000000000001
2024-05-23 23:00:00+00:00,0.6657999753952026,0.6692000031471252,0.6654999852180481,0.6657999753952026,0,0.00015000000000000001
2024-05-26 23:00:00+00:00,0.668910026550293,0.6704999804496765,0.6682999730110168,0.668910026550293,0,0.00015000000000000001
2024-05-27 23:00:00+00:00,0.6700199842453003,0.6700400114059448,0.6665999889373779,0.6700199842453003,0,0.00015000000000000001
2024-05-28 23:00:00+00:00,0.668429970741272,0.6685400009155273,0.6654000282287598,0.6684600114822388,0,0.00015000000000000001
2024-05-29 23:00:00+00:00,0.6656100153923035,0.6661800146102905,0.6599000096321106,0.6656100153923035,0,0.00015000000000000001
2024-05-30 23:00:00+00:00,0.6601399779319763,0.6647599935531616,0.6590999960899353,0.6601399779319763,0,0.00015000000000000001
2024-06-02 23:00:00+00:00,0.6617500185966492,0.6621599793434143,0.656499981880188,0.6617500185966492,0,0.00015000000000000001
2024-06-03 23:00:00+00:00,0.6566600203514099,0.657010018825531,0.6496999859809875,0.6566600203514099,0,0.00015000000000000001
2024-06-04 23:00:00+00:00,0.65065997838974,0.6530600190162659,0.6503000259399414,0.65065997838974,0,0.00015000000000000001
2024-06-05 23:00:00+00:00,0.6519700288772583,0.652239978313446,0.6498000025749207,0.6519700288772583,0,0.00015000000000000001
2024-06-06 23:00:00+00:00,0.6508600115776062,0.6535099744796753,0.6492000222206116,0.6508600115776062,0,0.00015000000000000001
2024-06-09 23:00:00+00:00,0.6512899994850159,0.65242999792099,0.6500999927520752,0.6512899994850159,0,0.00015000000000000001
2024-06-10 23:00:00+00:00,0.6514700055122375,0.6529200077056885,0.6500999927520752,0.6514700055122375,0,0.00015000000000000001
2024-06-11 23:00:00+00:00,0.6526399850845337,0.6529800295829773,0.6489999890327454,0.6526399850845337,0,0.00015000000000000001
2024-06-12 23:00:00+00:00,0.6516600251197815,0.6522700190544128,0.6492999792098999,0.6516600251197815,0,0.00015000000000000001
2024-06-13 23:00:00+00:00,0.650409996509552,0.6508100032806396,0.6462000012397766,0.650409996509552,0,0.00015000000000000001
2024-06-16 23:00:00+00:00,0.6484599709510803,0.6495599746704102,0.6471999883651733,0.6484599709510803,0,0.00015000000000000001
2024-06-17 23:00:00+00:00,0.6477400064468384,0.6480699777603149,0.6432999968528748,0.6477400064468384,0,0.00015000000000000001
2024-06-18 23:00:00+00:00,0.6445500254631042,0.6456699967384338,0.6435999870300293,0.6445800065994263,0,0.00015000000000000001
2024-06-19 23:00:00+00:00,0.6452199816703796,0.6517099738121033,0.6435999870300293,0.6452199816703796,0,0.00015000000000000001
2024-06-20 23:00:00+00:00,0.6514000296592712,0.6525599956512451,0.6498000025749207,0.6514000296592712,0,0.00015000000000000001
2024-06-23 23:00:00+00:00,0.6527000069618225,0.6545500159263611,0.6514999866485596,0.6527000069618225,0,0.00015000000000000001
2024-06-24 23:00:00+00:00,0.6539300084114075,0.6553199887275696,0.6525999903678894,0.6539300084114075,0,0.00015000000000000001
2024-06-25 23:00:00+00:00,0.6552900075912476,0.6566299796104431,0.6539000272750854,0.6552900075912476,0,0.00015000000000000001
2024-06-26 23:00:00+00:00,0.6541000008583069,0.6560800075531006,0.6536999940872192,0.6541000008583069,0,0.00015000000000000001
2024-06-27 23:00:00+00:00,0.6558499932289124,0.657230019569397,0.6543999910354614,0.6558499932289124,0,0.00015000000000000001
2024-06-30 23:00:00+00:00,0.6583899855613708,0.6589699983596802,0.6568999886512756,0.6583899855613708,0,0.00015000000000000001
2024-07-01 23:00:00+00:00,0.6568999886512756,0.660610020160675,0.656499981880188,0.6568999886512756,0,0.00015000000000000001
2024-07-02 23:00:00+00:00,0.6606900095939636,0.6617299914360046,0.6593999862670898,0.6606900095939636,0,0.00015000000000000001
2024-07-03 23:00:00+00:00,0.6607000231742859,0.6632300019264221,0.6599000096321106,0.6607000231742859,0,0.00015000000000000001
2024-07-04 23:00:00+00:00,0.6611400246620178,0.6613199710845947,0.6577000021934509,0.6611400246620178,0,0.00015000000000000001
2024-07-07 23:00:00+00:00,0.6562600135803223,0.6581100225448608,0.6550999879837036,0.6562600135803223,0,0.00015000000000000001
2024-07-08 23:00:00+00:00,0.6586300134658813,0.6592199802398682,0.6571999788284302,0.6586300134658813,0,0.00015000000000000001
2024-07-09 23:00:00+00:00,0.6578999757766724,0.6608099937438965,0.6568999886512756,0.6578999757766724,0,0.00015000000000000001
2024-07-10 23:00:00+00:00,0.6603299975395203,0.6603299975395203,0.6550999879837036,0.6603299975395203,0,0.00015000000000000001
2024-07-11 23:00:00+00:00,0.6576200127601624,0.6583700180053711,0.6553000211715698,0.6576200127601624,0,0.00015000000000000001
2024-07-14 23:00:00+00:00,0.6571199893951416,0.6571800112724304,0.6541000008583069,0.6571199893951416,0,0.00015000000000000001
2024-07-15 23:00:00+00:00,0.6546599864959717,0.6551200151443481,0.652999997138977,0.6546599864959717,0,0.00015000000000000001
2024-07-16 23:00:00+00:00,0.6534799933433533,0.6539599895477295,0.6459000110626221,0.6534799933433533,0,0.00015000000000000001
2024-07-17 23:00:00+00:00,0.6449499726295471,0.6467400193214417,0.6449000239372253,0.6449499726295471,0,0.00015000000000000001
2024-07-18 23:00:00+00:00,0.6475600004196167,0.6489700078964233,0.6463000178337097,0.6475600004196167,0,0.00015000000000000001
2024-07-21 23:00:00+00:00,0.6477599740028381,0.647849977016449,0.6450999975204468,0.6477599740028381,0,0.00015000000000000001
2024-07-22 23:00:00+00:00,0.6463900208473206,0.6481199860572815,0.6452900171279907,0.6463900208473206,0,0.00015000000000000001
2024-07-23 23:00:00+00:00,0.6466100215911865,0.647130012512207,0.6398000121116638,0.6466100215911865,0,0.00015000000000000001
2024-07-24 23:00:00+00:00,0.6407600045204163,0.6409100294113159,0.6337000131607056,0.6407600045204163,0,0.00015000000000000001
2024-07-25 23:00:00+00:00,0.6372299790382385,0.6399499773979187,0.6366999745368958,0.6372299790382385,0,0.00015000000000000001
2024-07-28 23:00:00+00:00,0.639460027217865,0.6401600241661072,0.6377999782562256,0.639460027217865,0,0.00015000000000000001
2024-07-29 23:00:00+00:00,0.639460027217865,0.6409400105476379,0.6381999850273132,0.639460027217865,0,0.00015000000000000001
2024-07-30 23:00:00+00:00,0.6367899775505066,0.6377300024032593,0.6344000101089478,0.6367899775505066,0,0.00015000000000000001
2024-07-31 23:00:00+00:00,0.635890007019043,0.6359500288963318,0.6309999823570251,0.635890007019043,0,0.00015000000000000001
2024-08-01 23:00:00+00:00,0.6287999749183655,0.6297199726104736,0.6187000274658203,0.6287999749183655,0,0.00015000000000000001
2024-08-04 23:00:00+00:00,0.6165900230407715,0.6173499822616577,0.6062999963760376,0.6165900230407715,0,0.00015000000000000001
2024-08-05 23:00:00+00:00,0.6191400289535522,0.6202300190925598,0.614799976348877,0.6191400289535522,0,0.00015000000000000001
2024-08-06 23:00:00+00:00,0.6184099912643433,0.6309800148010254,0.6176999807357788,0.6184099912643433,0,0.00015000000000000001
2024-08-07 23:00:00+00:00,0.6247000098228455,0.6307799816131592,0.6223000288009644,0.6247000098228455,0,0.00015000000000000001
2024-08-08 23:00:00+00:00,0.631089985370636,0.6315900087356567,0.628000020980835,0.631089985370636,0,0.00015000000000000001
2024-08-11 23:00:00+00:00,0.6296499967575073,0.6344299912452698,0.6291000247001648,0.6296499967575073,0,0.00015000000000000001
2024-08-12 23:00:00+00:00,0.6292700171470642,0.6319800019264221,0.6291000247001648,0.6292700171470642,0,0.00015000000000000001
2024-08-13 23:00:00+00:00,0.6310300230979919,0.6314799785614014,0.6284000277519226,0.6310300230979919,0,0.00015000000000000001
2024-08-14 23:00:00+00:00,0.6305699944496155,0.6368200182914734,0.6301000118255615,0.6305699944496155,0,0.00015000000000000001
2024-08-15 23:00:00+00:00,0.6352800130844116,0.6352400183677673,0.6308000087738037,0.6352800130844116,0,0.00015000000000000001
2024-08-18 23:00:00+00:00,0.6342099905014038,0.6345000267028809,0.6302000284194946,0.6342099905014038,0,0.00015000000000000001
2024-08-19 23:00:00+00:00,0.6326900124549866,0.6327099800109863,0.6280999779701233,0.6326900124549866,0,0.00015000000000000001
2024-08-20 23:00:00+00:00,0.6268100142478943,0.6292099952697754,0.6258000135421753,0.6268100142478943,0,0.00015000000000000001
2024-08-21 23:00:00+00:00,0.6265000104904175,0.6275100111961365,0.6251000165939331,0.6265000104904175,0,0.00015000000000000001
2024-08-22 23:00:00+00:00,0.6260499954223633,0.6288599967956543,0.6252999901771545,0.6260499954223633,0,0.00015000000000000001
2024-08-25 23:00:00+00:00,0.6271499991416931,0.629010021686554,0.6256999969482422,0.6271499991416931,0,0.00015000000000000001
2024-08-26 23:00:00+00:00,0.6282600164413452,0.6292799711227417,0.6255999803543091,0.6282600164413452,0,0.00015000000000000001
2024-08-27 23:00:00+00:00,0.6258999705314636,0.6273599863052368,0.6244999766349792,0.6258999705314636,0,0.00015000000000000001
2024-08-28 23:00:00+00:00,0.6245800256729126,0.6298999786376953,0.6237000226974487,0.6245800256729126,0,0.00015000000000000001
2024-08-29 23:00:00+00:00,0.627810001373291,0.6310700178146362,0.6276000142097473,0.627810001373291,0,0.00015000000000000001
2024-09-01 23:00:00+00:00,0.6304500102996826,0.6320599913597107,0.6281999945640564,0.6304500102996826,0,0.00015000000000000001
2024-09-02 23:00:00+00:00,0.6306800246238708,0.631820023059845,0.6255000233650208,0.6306800246238708,0,0.00015000000000000001
2024-09-03 23:00:00+00:00,0.6274999976158142,0.6291700005531311,0.6248999834060669,0.6274999976158142,0,0.00015000000000000001
2024-09-04 23:00:00+00:00,0.626259982585907,0.6281399726867676,0.6240000128746033,0.626259982585907,0,0.00015000000000000001
2024-09-05 23:00:00+00:00,0.624970018863678,0.6269299983978271,0.6202999949455261,0.624970018863678,0,0.00015000000000000001
2024-09-08 23:00:00+00:00,0.6222100257873535,0.6263399720191956,0.6218000054359436,0.6222100257873535,0,0.00015000000000000001
2024-09-09 23:00:00+00:00,0.6261900067329407,0.6263899803161621,0.621399998664856,0.6261100172996521,0,0.00015000000000000001
2024-09-10 23:00:00+00:00,0.6219900250434875,0.6263899803161621,0.6190000176429749,0.6219900250434875,0,0.00015000000000000001
2024-09-11 23:00:00+00:00,0.6278700232505798,0.6299399733543396,0.6265000104904175,0.6278700232505798,0,0.00015000000000000001
2024-09-12 23:00:00+00:00,0.6259599924087524,0.6263599991798401,0.6216999888420105,0.6259599924087524,0,0.00015000000000000001
2024-09-15 23:00:00+00:00,0.6244800090789795,0.6245200037956238,0.6205000281333923,0.6244800090789795,0,0.00015000000000000001
2024-09-16 23:00:00+00:00,0.6215900182723999,0.6230999827384949,0.6200000047683716,0.6215800046920776,0,0.00015000000000000001
2024-09-17 23:00:00+00:00,0.6225600242614746,0.6226099729537964,0.6195999979972839,0.6225600242614746,0,0.00015000000000000001
2024-09-18 23:00:00+00:00,0.6224899888038635,0.6268600225448608,0.6223999857902527,0.6224899888038635,0,0.00015000000000000001
2024-09-19 23:00:00+00:00,0.6250399947166443,0.6267300248146057,0.6230999827384949,0.6250399947166443,0,0.00015000000000000001
2024-09-22 23:00:00+00:00,0.6272000074386597,0.6291000247001648,0.6258000135421753,0.6272000074386597,0,0.00015000000000000001
2024-09-23 23:00:00+00:00,0.6261900067329407,0.6287699937820435,0.6255000233650208,0.6261900067329407,0,0.00015000000000000001
2024-09-24 23:00:00+00:00,0.6269599795341492,0.6325299739837646,0.6259999871253967,0.6269599795341492,0,0.00015000000000000001
2024-09-25 23:00:00+00:00,0.630840003490448,0.6320300102233887,0.6269400119781494,0.630840003490448,0,0.00015000000000000001
2024-09-26 23:00:00+00:00,0.6279500126838684,0.6291800141334534,0.6230999827384949,0.6279500126838684,0,0.00015000000000000001
2024-09-29 23:00:00+00:00,0.6226099729537964,0.6256800293922424,0.6219000220298767,0.6226099729537964,0,0.00015000000000000001
2024-09-30 23:00:00+00:00,0.6244000196456909,0.6270700097084045,0.6241999864578247,0.6244000196456909,0,0.00015000000000000001
2024-10-01 23:00:00+00:00,0.6271200180053711,0.6308799982070923,0.6259999871253967,0.6271200180053711,0,0.00015000000000000001
2024-10-02 23:00:00+00:00,0.6292600035667419,0.6317800283432007,0.6270999908447266,0.6292600035667419,0,0.00015000000000000001
2024-10-03 23:00:00+00:00,0.6286500096321106,0.6333299875259399,0.6266999840736389,0.6286500096321106,0,0.00015000000000000001
2024-10-06 23:00:00+00:00,0.6322699785232544,0.6322600245475769,0.6269999742507935,0.6322699785232544,0,0.00015000000000000001
2024-10-07 23:00:00+00:00,0.6273499727249146,0.628600001335144,0.6251000165939331,0.6273499727249146,0,0.00015000000000000001
2024-10-08 23:00:00+00:00,0.6278700232505798,0.6286100149154663,0.6262000203132629,0.6278700232505798,0,0.00015000000000000001
2024-10-09 23:00:00+00:00,0.6276199817657471,0.6280400156974792,0.6219000220298767,0.6276199817657471,0,0.00015000000000000001
2024-10-10 23:00:00+00:00,0.6230999827384949,0.6244800090789795,0.621399998664856,0.6230700016021729,0,0.00015000000000000001
2024-10-13 23:00:00+00:00,0.6226900219917297,0.6263399720191956,0.621999979019165,0.6226900219917297,0,0.00015000000000000001
2024-10-14 23:00:00+00:00,0.6246500015258789,0.625540018081665,0.6220999956130981,0.6246500015258789,0,0.00015000000000000001
2024-10-15 23:00:00+00:00,0.6258100271224976,0.6281700134277344,0.6244000196456909,0.6258100271224976,0,0.00015000000000000001
2024-10-16 23:00:00+00:00,0.6284000277519226,0.6297500133514404,0.6258000135421753,0.6284000277519226,0,0.00015000000000000001
2024-10-17 23:00:00+00:00,0.6276999711990356,0.6285099983215332,0.6261000037193298,0.6276999711990356,0,0.00015000000000000001
2024-10-20 23:00:00+00:00,0.6267200112342834,0.6267899870872498,0.6241999864578247,0.6267200112342834,0,0.00015000000000000001
2024-10-21 23:00:00+00:00,0.6255699992179871,0.6264500021934509,0.6245999932289124,0.6255699992179871,0,0.00015000000000000001
2024-10-22 23:00:00+00:00,0.6263499855995178,0.6283299922943115,0.6252999901771545,0.6263499855995178,0,0.00015000000000000001
2024-10-23 23:00:00+00:00,0.6263200044631958,0.6273499727249146,0.6247000098228455,0.6263200044631958,0,0.00015000000000000001
2024-10-24 23:00:00+00:00,0.625,0.6262400150299072,0.623520016670227,0.625,0,0.00015000000000000001
2024-10-28 00:00:00+00:00,0.6249200105667114,0.6259499788284302,0.6219000220298767,0.6249200105667114,0,0.00015000000000000001
2024-10-29 00:00:00+00:00,0.6226000189781189,0.6255099773406982,0.6216999888420105,0.6226000189781189,0,0.00015000000000000001
2024-10-30 00:00:00+00:00,0.6229000091552734,0.6239100098609924,0.6215999722480774,0.6229000091552734,0,0.00015000000000000001
2024-10-31 00:00:00+00:00,0.6229000091552734,0.6229100227355957,0.6194000244140625,0.6229000091552734,0,0.00015000000000000001
2024-11-01 00:00:00+00:00,0.619629979133606,0.6250500082969666,0.6191999912261963,0.619629979133606,0,0.00015000000000000001
2024-11-04 00:00:00+00:00,0.6232699751853943,0.6232900023460388,0.6194999814033508,0.6232699751853943,0,0.00015000000000000001
2024-11-05 00:00:00+00:00,0.6215999722480774,0.6240699887275696,0.620199978351593,0.6215999722480774,0,0.00015000000000000001
2024-11-06 00:00:00+00:00,0.6233400106430054,0.6305599808692932,0.6231399774551392,0.6233400106430054,0,0.00015000000000000001
2024-11-07 00:00:00+00:00,0.6277599930763245,0.6316199898719788,0.6277999877929688,0.6277599930763245,0,0.00015000000000000001
2024-11-08 00:00:00+00:00,0.6293200254440308,0.629580020904541,0.6259999871253967,0.6293200254440308,0,0.00015000000000000001
2024-11-11 00:00:00+00:00,0.629800021648407,0.6324399709701538,0.6290000081062317,0.629800021648407,0,0.00015000000000000001
2024-11-12 00:00:00+00:00,0.6322600245475769,0.6330000162124634,0.6304000020027161,0.6322600245475769,0,0.00015000000000000001
2024-11-13 00:00:00+00:00,0.6322000026702881,0.6332499980926514,0.6309000253677368,0.6322000026702881,0,0.00015000000000000001
2024-11-14 00:00:00+00:00,0.6329799890518188,0.6355299949645996,0.632099986076355,0.6329799890518188,0,0.00015000000000000001
2024-11-15 00:00:00+00:00,0.6331899762153625,0.6331999897956848,0.6292999982833862,0.6331899762153625,0,0.00015000000000000001
2024-11-18 00:00:00+00:00,0.630810022354126,0.6311600208282471,0.6281999945640564,0.630810022354126,0,0.00015000000000000001
2024-11-19 00:00:00+00:00,0.629800021648407,0.6315400004386902,0.6283000111579895,0.629800021648407,0,0.00015000000000000001
2024-11-20 00:00:00+00:00,0.6319800019264221,0.6337900161743164,0.6302000284194946,0.6319800019264221,0,0.00015000000000000001
2024-11-21 00:00:00+00:00,0.6324899792671204,0.6351199746131897,0.6312000155448914,0.6324899792671204,0,0.00015000000000000001
2024-11-22 00:00:00+00:00,0.6343600153923035,0.6406400203704834,0.633400022983551,0.6343600153923035,0,0.00015000000000000001
2024-11-25 00:00:00+00:00,0.6390399932861328,0.6394199728965759,0.6331999897956848,0.6390399932861328,0,0.00015000000000000001
2024-11-26 00:00:00+00:00,0.6303600072860718,0.6313999891281128,0.6263999938964844,0.6303600072860718,0,0.00015000000000000001
2024-11-27 00:00:00+00:00,0.6306300163269043,0.630620002746582,0.6266000270843506,0.6306300163269043,0,0.00015000000000000001
2024-11-28 00:00:00+00:00,0.6289799809455872,0.6316199898719788,0.628600001335144,0.6289399862289429,0,0.00015000000000000001
2024-11-29 00:00:00+00:00,0.6298199892044067,0.6301800012588501,0.6266999840736389,0.6298199892044067,0,0.00015000000000000001
2024-12-02 00:00:00+00:00,0.6293699741363525,0.6318600177764893,0.6290000081062317,0.6294199824333191,0,0.00015000000000000001
2024-12-03 00:00:00+00:00,0.6309599876403809,0.6325700283050537,0.6287000179290771,0.6309599876403809,0,0.00015000000000000001
2024-12-04 00:00:00+00:00,0.6301000118255615,0.6308000087738037,0.6266999840736389,0.6301000118255615,0,0.00015000000000000001
2024-12-05 00:00:00+00:00,0.6279299855232239,0.6296799778938293,0.6258999705314636,0.6279299855232239,0,0.00015000000000000001
2024-12-06 00:00:00+00:00,0.6263899803161621,0.6265199780464172,0.6193000078201294,0.6263899803161621,0,0.00015000000000000001
2024-12-09 00:00:00+00:00,0.6209999918937683,0.6234300136566162,0.6198999881744385,0.6209999918937683,0,0.00015000000000000001
2024-12-10 00:00:00+00:00,0.6198099851608276,0.6230800151824951,0.6182000041007996,0.6198099851608276,0,0.00015000000000000001
2024-12-11 00:00:00+00:00,0.6226599812507629,0.6254799962043762,0.621999979019165,0.6226599812507629,0,0.00015000000000000001
2024-12-12 00:00:00+00:00,0.6241599917411804,0.6288099884986877,0.6230000257492065,0.6241599917411804,0,0.00015000000000000001
2024-12-13 00:00:00+00:00,0.6273000240325928,0.628849983215332,0.6262000203132629,0.6273000240325928,0,0.00015000000000000001
2024-12-16 00:00:00+00:00,0.626800000667572,0.6284899711608887,0.6251000165939331,0.626800000667572,0,0.00015000000000000001
2024-12-17 00:00:00+00:00,0.6274999976158142,0.6284400224685669,0.6233999729156494,0.6274999976158142,0,0.00015000000000000001
2024-12-18 00:00:00+00:00,0.6236199736595154,0.624750018119812,0.621999979019165,0.6236199736595154,0,0.00015000000000000001
2024-12-19 00:00:00+00:00,0.6229000091552734,0.6261000037193298,0.6218000054359436,0.6229000091552734,0,0.00015000000000000001
2024-12-20 00:00:00+00:00,0.6241000294685364,0.6241099834442139,0.6205000281333923,0.6241000294685364,0,0.00015000000000000001
2024-12-23 00:00:00+00:00,0.6217899918556213,0.624970018863678,0.6209999918937683,0.6217899918556213,0,0.00015000000000000001
2024-12-24 00:00:00+00:00,0.6249200105667114,0.6267799735069275,0.6237000226974487,0.6249200105667114,0,0.00015000000000000001
2024-12-25 00:00:00+00:00,0.6263999938964844,0.635200023651123,0.6158999800682068,0.6263999938964844,0,0.00015000000000000001
2024-12-26 00:00:00+00:00,0.6265400052070618,0.626800000667572,0.6241999864578247,0.6265400052070618,0,0.00015000000000000001
2024-12-27 00:00:00+00:00,0.623740017414093,0.6264200210571289,0.6232600212097168,0.623740017414093,0,0.00015000000000000001
2024-12-30 00:00:00+00:00,0.6260600090026855,0.6306999921798706,0.6254000067710876,0.6260600090026855,0,0.00015000000000000001
2024-12-31 00:00:00+00:00,0.6293699741363525,0.6304399967193604,0.6277999877929688,0.6293699741363525,0,0.00015000000000000001
2025-01-02 00:00:00+00:00,0.6314200162887573,0.6330000162124634,0.6269000172615051,0.6314200162887573,0,0.00015000000000000001
2025-01-03 00:00:00+00:00,0.633080005645752,0.6341099739074707,0.6287000179290771,0.633080005645752,0,0.00015000000000000001
2025-01-06 00:00:00+00:00,0.6296200156211853,0.6321200132369995,0.6287999749183655,0.6296200156211853,0,0.00015000000000000001
2025-01-07 00:00:00+00:00,0.6311600208282471,0.6339799761772156,0.6298999786376953,0.6311600208282471,0,0.00015000000000000001
2025-01-08 00:00:00+00:00,0.6330500245094299,0.6350700259208679,0.6316999793052673,0.6330500245094299,0,0.00015000000000000001
2025-01-09 00:00:00+00:00,0.6334900259971619,0.6342899799346924,0.6323000192642212,0.6334900259971619,0,0.00015000000000000001
2025-01-10 00:00:00+00:00,0.6332799792289734,0.6371200084686279,0.6323999762535095,0.6332799792289734,0,0.00015000000000000001
2025-01-13 00:00:00+00:00,0.6359099745750427,0.6380599737167358,0.6342999935150146,0.6359099745750427,0,0.00015000000000000001
2025-01-14 00:00:00+00:00,0.6375499963760376,0.6377500295639038,0.6353999972343445,0.6375499963760376,0,0.00015000000000000001
2025-01-15 00:00:00+00:00,0.6357300281524658,0.6368100047111511,0.6338300108909607,0.6357300281524658,0,0.00015000000000000001
2025-01-16 00:00:00+00:00,0.6366199851036072,0.636709988117218,0.6323999762535095,0.6366199851036072,0,0.00015000000000000001
2025-01-17 00:00:00+00:00,0.6328700184822083,0.6345800161361694,0.6312000155448914,0.6328700184822083,0,0.00015000000000000001
2025-01-20 00:00:00+00:00,0.6317999958992004,0.6358000040054321,0.6305000185966492,0.6317999958992004,0,0.00015000000000000001
2025-01-21 00:00:00+00:00,0.633430004119873,0.6335399746894836,0.6263300180435181,0.633430004119873,0,0.00015000000000000001
2025-01-22 00:00:00+00:00,0.6320499777793884,0.6328099966049194,0.6301000118255615,0.6320499777793884,0,0.00015000000000000001
2025-01-23 00:00:00+00:00,0.6295999884605408,0.6326500177383423,0.6291000247001648,0.6295999884605408,0,0.00015000000000000001
2025-01-24 00:00:00+00:00,0.6310799717903137,0.6332200169563293,0.629800021648407,0.6310799717903137,0,0.00015000000000000001
2025-01-27 00:00:00+00:00,0.6303099989891052,0.6306700110435486,0.6241999864578247,0.6303099989891052,0,0.00015000000000000001
2025-01-28 00:00:00+00:00,0.6276599764823914,0.629800021648407,0.6276999711990356,0.6276599764823914,0,0.00015000000000000001
2025-01-29 00:00:00+00:00,0.6277899742126465,0.6295400261878967,0.6266000270843506,0.6277899742126465,0,0.00015000000000000001
2025-01-30 00:00:00+00:00,0.6293100118637085,0.6307899951934814,0.6276999711990356,0.6293100118637085,0,0.00015000000000000001
2025-01-31 00:00:00+00:00,0.6274799704551697,0.630050003528595,0.6257699728012085,0.6274799704551697,0,0.00015000000000000001
2025-02-03 00:00:00+00:00,0.621749997138977,0.6259899735450745,0.6190000176429749,0.621749997138977,0,0.00015000000000000001
2025-02-04 00:00:00+00:00,0.6321499943733215,0.6326199769973755,0.6288999915122986,0.6321499943733215,0,0.00015000000000000001
2025-02-05 00:00:00+00:00,0.6314700245857239,0.6329900026321411,0.6288899779319763,0.6314700245857239,0,0.00015000000000000001
2025-02-06 00:00:00+00:00,0.6295199990272522,0.6326299905776978,0.6284000277519226,0.6295199990272522,0,0.00015000000000000001
2025-02-07 00:00:00+00:00,0.6325600147247314,0.6359400153160095,0.6320000290870667,0.6325600147247314,0,0.00015000000000000001
2025-02-10 00:00:00+00:00,0.6353600025177002,0.6363300085067749,0.633899986743927,0.6353600025177002,0,0.00015000000000000001
2025-02-11 00:00:00+00:00,0.6355599761009216,0.6385200023651123,0.635200023651123,0.6355599761009216,0,0.00015000000000000001
2025-02-12 00:00:00+00:00,0.6390299797058105,0.6392499804496765,0.6358000040054321,0.6390299797058105,0,0.00015000000000000001
2025-02-13 00:00:00+00:00,0.6386399865150452,0.6393499970436096,0.6338000297546387,0.6386399865150452,0,0.00015000000000000001
2025-02-14 00:00:00+00:00,0.6363499760627747,0.6387900114059448,0.6330999732017517,0.6363499760627747,0,0.00015000000000000001
2025-02-17 00:00:00+00:00,0.6343299746513367,0.635640025138855,0.6337000131607056,0.6343299746513367,0,0.00015000000000000001
2025-02-18 00:00:00+00:00,0.63441002368927,0.635919988155365,0.633899986743927,0.63441002368927,0,0.00015000000000000001
2025-02-19 00:00:00+00:00,0.6367400288581848,0.6376399993896484,0.6348999738693237,0.6367400288581848,0,0.00015000000000000001
2025-02-20 00:00:00+00:00,0.6347000002861023,0.6356199979782104,0.6330000162124634,0.6347000002861023,0,0.00015000000000000001
2025-02-21 00:00:00+00:00,0.6334800124168396,0.6346700191497803,0.632099986076355,0.6334800124168396,0,0.00015000000000000001
2025-02-24 00:00:00+00:00,0.6321200132369995,0.6330999732017517,0.6294000148773193,0.6321200132369995,0,0.00015000000000000001
2025-02-25 00:00:00+00:00,0.6284599900245667,0.6297900080680847,0.6230999827384949,0.6284599900245667,0,0.00015000000000000001
2025-02-26 00:00:00+00:00,0.623960018157959,0.6248599886894226,0.6219000220298767,0.623960018157959,0,0.00015000000000000001
2025-02-27 00:00:00+00:00,0.6236900091171265,0.6267799735069275,0.6223000288009644,0.6236900091171265,0,0.00015000000000000001
2025-02-28 00:00:00+00:00,0.6230000257492065,0.6264500021934509,0.6216999888420105,0.6230000257492065,0,0.00015000000000000001
2025-03-03 00:00:00+00:00,0.6249399781227112,0.6251299977302551,0.6220999956130981,0.6249399781227112,0,0.00015000000000000001
2025-03-04 00:00:00+00:00,0.6187400221824646,0.6187899708747864,0.6128000020980835,0.6187400221824646,0,0.00015000000000000001
2025-03-05 00:00:00+00:00,0.6178399920463562,0.6202600002288818,0.6151999831199646,0.6178399920463562,0,0.00015000000000000001
2025-03-06 00:00:00+00:00,0.6211100220680237,0.6228500008583069,0.6151999831199646,0.6211100220680237,0,0.00015000000000000001
2025-03-07 00:00:00+00:00,0.6179999709129333,0.6179199814796448,0.6087999939918518,0.6179999709129333,0,0.00015000000000000001
2025-03-10 00:00:00+00:00,0.6104400157928467,0.6130099892616272,0.6071000099182129,0.6104400157928467,0,0.00015000000000000001
2025-03-11 00:00:00+00:00,0.6098099946975708,0.6126300096511841,0.6053000092506409,0.6098099946975708,0,0.00015000000000000001
2025-03-12 00:00:00+00:00,0.612030029296875,0.6143100261688232,0.6086000204086304,0.612030029296875,0,0.00015000000000000001
2025-03-13 00:00:00+00:00,0.6139100193977356,0.6149700284004211,0.6111800074577332,0.6139100193977356,0,0.00015000000000000001
2025-03-14 00:00:00+00:00,0.61176997423172,0.6158199906349182,0.6111999750137329,0.61176997423172,0,0.00015000000000000001
2025-03-17 00:00:00+00:00,0.6151999831199646,0.6168199777603149,0.6142600178718567,0.6151999831199646,0,0.00015000000000000001
2025-03-18 00:00:00+00:00,0.616379976272583,0.6168100237846375,0.6122999787330627,0.616379976272583,0,0.00015000000000000001
2025-03-19 00:00:00+00:00,0.6129900217056274,0.6150500178337097,0.6116999983787537,0.6129900217056274,0,0.00015000000000000001
2025-03-20 00:00:00+00:00,0.612060010433197,0.6160899996757507,0.6104999780654907,0.612060010433197,0,0.00015000000000000001
2025-03-21 00:00:00+00:00,0.6153200268745422,0.617139995098114,0.6129000186920166,0.6153200268745422,0,0.00015000000000000001
2025-03-24 00:00:00+00:00,0.6159600019454956,0.6188499927520752,0.6141999959945679,0.6159600019454956,0,0.00015000000000000001
2025-03-25 00:00:00+00:00,0.6165099740028381,0.6177200078964233,0.6150000095367432,0.6165099740028381,0,0.00015000000000000001
2025-03-26 00:00:00+00:00,0.6183099746704102,0.6209700107574463,0.6176000237464905,0.6183099746704102,0,0.00015000000000000001
2025-03-27 00:00:00+00:00,0.6184399724006653,0.6193199753761292,0.6154000163078308,0.6184399724006653,0,0.00015000000000000001
2025-03-28 00:00:00+00:00,0.6160600185394287,0.6172599792480469,0.6144000291824341,0.6160600185394287,0,0.00015000000000000001
2025-03-30 23:00:00+00:00,0.6154999732971191,0.61531001329422,0.6122999787330627,0.6154999732971191,0,0.00015000000000000001
2025-03-31 23:00:00+00:00,0.614139974117279,0.6168000102043152,0.6116999983787537,0.614139974117279,0,0.00015000000000000001
2025-04-01 23:00:00+00:00,0.6182299852371216,0.6184599995613098,0.6152999997138977,0.6182299852371216,0,0.00015000000000000001
2025-04-02 23:00:00+00:00,0.6166800260543823,0.6170099973678589,0.6080999970436096,0.6166800260543823,0,0.00015000000000000001
2025-04-03 23:00:00+00:00,0.609969973564148,0.6105999946594238,0.597100019454956,0.610040009021759,0,0.00015000000000000001
2025-04-06 23:00:00+00:00,0.5978800058364868,0.6105700135231018,0.5935400128364563,0.5978800058364868,0,0.00015000000000000001
2025-04-07 23:00:00+00:00,0.6036900281906128,0.6063799858093262,0.6013000011444092,0.6036900281906128,0,0.00015000000000000001
2025-04-08 23:00:00+00:00,0.5932400226593018,0.5958899855613708,0.5890600085258484,0.5932400226593018,0,0.00015000000000000001
2025-04-09 23:00:00+00:00,0.6065099835395813,0.6095899939537048,0.5889999866485596,0.6065099835395813,0,0.00015000000000000001
2025-04-10 23:00:00+00:00,0.58815997838974,0.5905200242996216,0.5827999711036682,0.58815997838974,0,0.00015000000000000001
2025-04-13 23:00:00+00:00,0.5895500183105469,0.5950199961662292,0.5849199891090393,0.5895500183105469,0,0.00015000000000000001
2025-04-14 23:00:00+00:00,0.5869500041007996,0.5900800228118896,0.5867999792098999,0.5869500041007996,0,0.00015000000000000001
2025-04-15 23:00:00+00:00,0.5879300236701965,0.5890700221061707,0.5835000276565552,0.5879300236701965,0,0.00015000000000000001
2025-04-16 23:00:00+00:00,0.5870599746704102,0.5923299789428711,0.587090015411377,0.5870599746704102,0,0.00015000000000000001
2025-04-21 23:00:00+00:00,0.5846999883651733,0.5910999774932861,0.5843999981880188,0.5846999883651733,0,0.00015000000000000001
2025-04-22 23:00:00+00:00,0.5964599847793579,0.5980299711227417,0.5928999781608582,0.5964599847793579,0,0.00015000000000000001
2025-04-23 23:00:00+00:00,0.5980100035667419,0.5980899930000305,0.5945000052452087,0.5980100035667419,0,0.00015000000000000001
2025-04-24 23:00:00+00:00,0.5979400277137756,0.6002500057220459,0.5963000059127808,0.5979400277137756,0,0.00015000000000000001
2025-04-27 23:00:00+00:00,0.5971500277519226,0.5990599989891052,0.5950999855995178,0.5971500277519226,0,0.00015000000000000001
2025-04-28 23:00:00+00:00,0.5936899781227112,0.5967400074005127,0.5929999947547913,0.5936899781227112,0,0.00015000000000000001
2025-04-29 23:00:00+00:00,0.5954300165176392,0.5971199870109558,0.5936999917030334,0.5954300165176392,0,0.00015000000000000001
2025-04-30 23:00:00+00:00,0.5988600254058838,0.602370023727417,0.5974000096321106,0.5988600254058838,0,0.00015000000000000001
2025-05-01 23:00:00+00:00,0.598609983921051,0.6007199883460999,0.5944600105285645,0.598609983921051,0,0.00015000000000000001
2025-05-04 23:00:00+00:00,0.5960999727249146,0.5990300178527832,0.593999981880188,0.5960999727249146,0,0.00015000000000000001
2025-05-05 23:00:00+00:00,0.5946400165557861,0.598829984664917,0.5945000052452087,0.5946400165557861,0,0.00015000000000000001
2025-05-06 23:00:00+00:00,0.5995299816131592,0.6001799702644348,0.5942000150680542,0.5995299816131592,0,0.00015000000000000001
2025-05-07 23:00:00+00:00,0.5950999855995178,0.5970500111579895,0.5929999947547913,0.5950999855995178,0,0.00015000000000000001
2025-05-08 23:00:00+00:00,0.5972700119018555,0.5980899930000305,0.593500018119812,0.5972700119018555,0,0.00015000000000000001
2025-05-11 23:00:00+00:00,0.5985699892044067,0.6058700084686279,0.5976999998092651,0.5985699892044067,0,0.00015000000000000001
2025-05-12 23:00:00+00:00,0.6045100092887878,0.6043999791145325,0.5996999740600586,0.6045100092887878,0,0.00015000000000000001
2025-05-13 23:00:00+00:00,0.602429986000061,0.6028500199317932,0.5985000133514404,0.602429986000061,0,0.00015000000000000001
2025-05-14 23:00:00+00:00,0.6017299890518188,0.602180004119873,0.5964999794960022,0.6017299890518188,0,0.00015000000000000001
2025-05-15 23:00:00+00:00,0.5981600284576416,0.6005300283432007,0.5965999960899353,0.5981600284576416,0,0.00015000000000000001
2025-05-18 23:00:00+00:00,0.5986700057983398,0.5987399816513062,0.5960999727249146,0.5986700057983398,0,0.00015000000000000001
2025-05-19 23:00:00+00:00,0.5982000231742859,0.5989900231361389,0.5952000021934509,0.5982000231742859,0,0.00015000000000000001
2025-05-20 23:00:00+00:00,0.5942999720573425,0.5970199704170227,0.5911999940872192,0.5942999720573425,0,0.00015000000000000001
2025-05-21 23:00:00+00:00,0.5951300263404846,0.5982999801635742,0.5942999720573425,0.5951300263404846,0,0.00015000000000000001
2025-05-22 23:00:00+00:00,0.5976899862289429,0.5985000133514404,0.5943999886512756,0.5976899862289429,0,0.00015000000000000001
2025-05-25 23:00:00+00:00,0.598609983921051,0.5999500155448914,0.5965999960899353,0.598609983921051,0,0.00015000000000000001
2025-05-26 23:00:00+00:00,0.5972099900245667,0.6010299921035767,0.59579998254776,0.5972099900245667,0,0.00015000000000000001
2025-05-27 23:00:00+00:00,0.5989199876785278,0.5996099710464478,0.5960999727249146,0.5989199876785278,0,0.00015000000000000001
2025-05-28 23:00:00+00:00,0.6009600162506104,0.6022199988365173,0.5953999757766724,0.6009600162506104,0,0.00015000000000000001
2025-05-29 23:00:00+00:00,0.595300018787384,0.5986599922180176,0.5939800143241882,0.595300018787384,0,0.00015000000000000001
2025-06-01 23:00:00+00:00,0.5989699959754944,0.5994499921798706,0.5950000286102295,0.5989699959754944,0,0.00015000000000000001
2025-06-02 23:00:00+00:00,0.5950199961662292,0.6006100177764893,0.5945000052452087,0.5950199961662292,0,0.00015000000000000001
2025-06-03 23:00:00+00:00,0.5999400019645691,0.6009500026702881,0.5976999998092651,0.5999400019645691,0,0.00015000000000000001
2025-06-04 23:00:00+00:00,0.5978800058364868,0.6013799905776978,0.5975000262260437,0.5978800058364868,0,0.00015000000000000001
2025-06-05 23:00:00+00:00,0.5993599891662598,0.6023899912834167,0.5994700193405151,0.5993599891662598,0,0.00015000000000000001
2025-06-08 23:00:00+00:00,0.5997800230979919,0.6006600260734558,0.5981000065803528,0.5997800230979919,0,0.00015000000000000001
2025-06-09 23:00:00+00:00,0.599399983882904,0.6015400290489197,0.5978000164031982,0.599399983882904,0,0.00015000000000000001
2025-06-10 23:00:00+00:00,0.6012499928474426,0.6018099784851074,0.5986999869346619,0.6012499928474426,0,0.00015000000000000001
2025-06-11 23:00:00+00:00,0.5988699793815613,0.5989900231361389,0.5943999886512756,0.5988699793815613,0,0.00015000000000000001
2025-06-12 23:00:00+00:00,0.5950000286102295,0.5978299975395203,0.5912299752235413,0.5950000286102295,0,0.00015000000000000001
2025-06-15 23:00:00+00:00,0.5968999862670898,0.5989699959754944,0.5963000059127808,0.5968999862670898,0,0.00015000000000000001
2025-06-16 23:00:00+00:00,0.599370002746582,0.6003400087356567,0.597599983215332,0.599370002746582,0,0.00015000000000000001
2025-06-17 23:00:00+00:00,0.596809983253479,0.5989800095558167,0.5964999794960022,0.596809983253479,0,0.00015000000000000001
2025-06-18 23:00:00+00:00,0.5979099869728088,0.598580002784729,0.5946000218391418,0.5979099869728088,0,0.00015000000000000001
2025-06-19 23:00:00+00:00,0.595990002155304,0.5965800285339355,0.593999981880188,0.595990002155304,0,0.00015000000000000001
2025-06-22 23:00:00+00:00,0.5951099991798401,0.5954099893569946,0.5903000235557556,0.5951099991798401,0,0.00015000000000000001
2025-06-23 23:00:00+00:00,0.5917800068855286,0.5921000242233276,0.5861999988555908,0.5917800068855286,0,0.00015000000000000001
2025-06-24 23:00:00+00:00,0.5864700078964233,0.5882800221443176,0.5855000019073486,0.5864700078964233,0,0.00015000000000000001
2025-06-25 23:00:00+00:00,0.5860400199890137,0.5871400237083435,0.583299994468689,0.5860400199890137,0,0.00015000000000000001
2025-06-26 23:00:00+00:00,0.5869100093841553,0.5874199867248535,0.5831000208854675,0.5869100093841553,0,0.00015000000000000001
2025-06-29 23:00:00+00:00,0.5833699703216553,0.5844500064849854,0.5820000171661377,0.5833699703216553,0,0.00015000000000000001
2025-06-30 23:00:00+00:00,0.5826399922370911,0.5825499892234802,0.5784000158309937,0.5826399922370911,0,0.00015000000000000001
2025-07-01 23:00:00+00:00,0.5795199871063232,0.5821400284767151,0.5788999795913696,0.5795199871063232,0,0.00015000000000000001
2025-07-02 23:00:00+00:00,0.582099974155426,0.5865399837493896,0.5809000134468079,0.582099974155426,0,0.00015000000000000001
2025-07-03 23:00:00+00:00,0.5849300026893616,0.5853999853134155,0.582099974155426,0.5849300026893616,0,0.00015000000000000001
2025-07-06 23:00:00+00:00,0.583620011806488,0.5848299860954285,0.5813999772071838,0.583620011806488,0,0.00015000000000000001
2025-07-07 23:00:00+00:00,0.5832700133323669,0.5847300291061401,0.58160001039505,0.5832700133323669,0,0.00015000000000000001
2025-07-08 23:00:00+00:00,0.5821899771690369,0.5829499959945679,0.5792999863624573,0.5821899771690369,0,0.00015000000000000001
2025-07-09 23:00:00+00:00,0.5793099999427795,0.5828400254249573,0.5787000060081482,0.5793099999427795,0,0.00015000000000000001
2025-07-10 23:00:00+00:00,0.5833399891853333,0.583549976348877,0.579800009727478,0.5833399891853333,0,0.00015000000000000001
2025-07-13 23:00:00+00:00,0.5821200013160706,0.5829799771308899,0.5806999802589417,0.5821200013160706,0,0.00015000000000000001
2025-07-14 23:00:00+00:00,0.5821099877357483,0.5842300057411194,0.5800999999046326,0.5821099877357483,0,0.00015000000000000001
2025-07-15 23:00:00+00:00,0.5842000246047974,0.5861999988555908,0.5811100006103516,0.5842000246047974,0,0.00015000000000000001
2025-07-16 23:00:00+00:00,0.5849999785423279,0.5863999724388123,0.5835999846458435,0.5849999785423279,0,0.00015000000000000001
2025-07-17 23:00:00+00:00,0.5844200253486633,0.584879994392395,0.5820000171661377,0.5844200253486633,0,0.00015000000000000001
2025-07-20 23:00:00+00:00,0.5837000012397766,0.5842000246047974,0.58160001039505,0.5837000012397766,0,0.00015000000000000001
2025-07-21 23:00:00+00:00,0.5835199952125549,0.5840200185775757,0.5813999772071838,0.5835199952125549,0,0.00015000000000000001
2025-07-22 23:00:00+00:00,0.5833100080490112,0.5844100117683411,0.5817000269889832,0.5833100080490112,0,0.00015000000000000001
2025-07-23 23:00:00+00:00,0.5822799801826477,0.5842199921607971,0.5813999772071838,0.5822799801826477,0,0.00015000000000000001
2025-07-24 23:00:00+00:00,0.5826299786567688,0.5835400223731995,0.580299973487854,0.5826299786567688,0,0.00015000000000000001
2025-07-27 23:00:00+00:00,0.5803999900817871,0.5850099921226501,0.579800009727478,0.5803999900817871,0,0.00015000000000000001
2025-07-28 23:00:00+00:00,0.5847600102424622,0.5868300199508667,0.5839999914169312,0.5847600102424622,0,0.00015000000000000001
2025-07-29 23:00:00+00:00,0.5847399830818176,0.5881800055503845,0.5831000208854675,0.5847399830818176,0,0.00015000000000000001
2025-07-30 23:00:00+00:00,0.5881400108337402,0.588699996471405,0.5860000252723694,0.5881400108337402,0,0.00015000000000000001
2025-07-31 23:00:00+00:00,0.5872600078582764,0.5888400077819824,0.5831000208854675,0.5872600078582764,0,0.00015000000000000001
2025-08-03 23:00:00+00:00,0.5834900140762329,0.5872600078582764,0.5834199786186218,0.5834900140762329,0,0.00015000000000000001
2025-08-04 23:00:00+00:00,0.5860900282859802,0.5878199934959412,0.5846999883651733,0.5860900282859802,0,0.00015000000000000001
2025-08-05 23:00:00+00:00,0.5858700275421143,0.5874800086021423,0.5853000283241272,0.5858700275421143,0,0.00015000000000000001
2025-08-06 23:00:00+00:00,0.5866100192070007,0.5885199904441833,0.5856000185012817,0.5866100192070007,0,0.00015000000000000001
2025-08-07 23:00:00+00:00,0.586650013923645,0.5887500047683716,0.5860999822616577,0.586650013923645,0,0.00015000000000000001
2025-08-10 23:00:00+00:00,0.5870800018310547,0.589680016040802,0.5856999754905701,0.5870800018310547,0,0.00015000000000000001
2025-08-11 23:00:00+00:00,0.5894100069999695,0.5894799828529358,0.5861999988555908,0.5894100069999695,0,0.00015000000000000001
2025-08-12 23:00:00+00:00,0.5853899717330933,0.5858100056648254,0.5825999975204468,0.5853899717330933,0,0.00015000000000000001
2025-08-13 23:00:00+00:00,0.5850899815559387,0.5857599973678589,0.5835999846458435,0.5850899815559387,0,0.00015000000000000001
2025-08-14 23:00:00+00:00,0.5845299959182739,0.5847799777984619,0.5824999809265137,0.5845299959182739,0,0.00015000000000000001
2025-08-17 23:00:00+00:00,0.5837600231170654,0.5859400033950806,0.5825999975204468,0.5837600231170654,0,0.00015000000000000001
2025-08-18 23:00:00+00:00,0.584879994392395,0.585099995136261,0.5809999704360962,0.584879994392395,0,0.00015000000000000001
2025-08-19 23:00:00+00:00,0.5824400186538696,0.5832700133323669,0.5788999795913696,0.5824400186538696,0,0.00015000000000000001
2025-08-20 23:00:00+00:00,0.5795599818229675,0.5818300247192383,0.5789999961853027,0.5795599818229675,0,0.00015000000000000001
2025-08-21 23:00:00+00:00,0.5816599726676941,0.5823500156402588,0.5778999924659729,0.5816599726676941,0,0.00015000000000000001
2025-08-24 23:00:00+00:00,0.5800700187683105,0.5809199810028076,0.579200029373169,0.5800700187683105,0,0.00015000000000000001
2025-08-25 23:00:00+00:00,0.5816199779510498,0.58228999376297,0.579770028591156,0.5816199779510498,0,0.00015000000000000001
2025-08-26 23:00:00+00:00,0.5810099840164185,0.5827900171279907,0.5802000164985657,0.5810099840164185,0,0.00015000000000000001
2025-08-27 23:00:00+00:00,0.581529974937439,0.5832599997520447,0.5803999900817871,0.581529974937439,0,0.00015000000000000001
2025-08-28 23:00:00+00:00,0.582889974117279,0.5841400027275085,0.5813000202178955,0.582889974117279,0,0.00015000000000000001
2025-08-31 23:00:00+00:00,0.5826799869537354,0.5831000208854675,0.5806000232696533,0.5826799869537354,0,0.00015000000000000001
2025-09-01 23:00:00+00:00,0.5819399952888489,0.5848100185394287,0.5813000202178955,0.5819399952888489,0,0.00015000000000000001
2025-09-02 23:00:00+00:00,0.5841100215911865,0.584309995174408,0.58160001039505,0.5841100215911865,0,0.00015000000000000001
2025-09-03 23:00:00+00:00,0.5827100276947021,0.5832399725914001,0.5814999938011169,0.5827100276947021,0,0.00015000000000000001
2025-09-04 23:00:00+00:00,0.5827000141143799,0.5829399824142456,0.5752000212669373,0.5827000141143799,0,0.00015000000000000001
2025-09-07 23:00:00+00:00,0.5776000022888184,0.5775499939918518,0.5720999836921692,0.5776000022888184,0,0.00015000000000000001
2025-09-08 23:00:00+00:00,0.5745999813079834,0.575659990310669,0.5716999769210815,0.5745999813079834,0,0.00015000000000000001
2025-09-09 23:00:00+00:00,0.5758900046348572,0.5763599872589111,0.5730000138282776,0.5758900046348572,0,0.00015000000000000001
2025-09-10 23:00:00+00:00,0.5761200189590454,0.5763599872589111,0.5726000070571899,0.5761200189590454,0,0.00015000000000000001
2025-09-11 23:00:00+00:00,0.5752400159835815,0.5764399766921997,0.5742999911308289,0.5752400159835815,0,0.00015000000000000001
2025-09-14 23:00:00+00:00,0.5755599737167358,0.5761299729347229,0.5738999843597412,0.5755599737167358,0,0.00015000000000000001
2025-09-15 23:00:00+00:00,0.5768200159072876,0.5769500136375427,0.5722000002861023,0.5768200159072876,0,0.00015000000000000001
2025-09-16 23:00:00+00:00,0.5719599723815918,0.5725200176239014,0.5708000063896179,0.5719599723815918,0,0.00015000000000000001
2025-09-17 23:00:00+00:00,0.5724200010299683,0.574970006942749,0.5712000131607056,0.5724200010299683,0,0.00015000000000000001
2025-09-18 23:00:00+00:00,0.5745499730110168,0.577459990978241,0.5737000107765198,0.5745499730110168,0,0.00015000000000000001
2025-09-21 23:00:00+00:00,0.5776000022888184,0.578029990196228,0.573199987411499,0.5776000022888184,0,0.00015000000000000001
2025-09-22 23:00:00+00:00,0.5730699896812439,0.5735200047492981,0.5710999965667725,0.5730699896812439,0,0.00015000000000000001
2025-09-23 23:00:00+00:00,0.5717800259590149,0.5730100274085999,0.5708000063896179,0.5717800259590149,0,0.00015000000000000001
2025-09-24 23:00:00+00:00,0.5717999935150146,0.574999988079071,0.5710999965667725,0.5717999935150146,0,0.00015000000000000001
2025-09-25 23:00:00+00:00,0.5738000273704529,0.574150025844574,0.5713000297546387,0.5738000273704529,0,0.00015000000000000001
2025-09-28 23:00:00+00:00,0.5720999836921692,0.5732399821281433,0.5705000162124634,0.5720999836921692,0,0.00015000000000000001
2025-09-29 23:00:00+00:00,0.5728899836540222,0.5732899904251099,0.570900022983551,0.5728899836540222,0,0.00015000000000000001
2025-09-30 23:00:00+00:00,0.5718799829483032,0.5732399821281433,0.5692999958992004,0.5718799829483032,0,0.00015000000000000001
2025-10-01 23:00:00+00:00,0.5716099739074707,0.5721200108528137,0.5698999762535095,0.5716099739074707,0,0.00015000000000000001
2025-10-02 23:00:00+00:00,0.5708299875259399,0.5713899731636047,0.5690000057220459,0.5708299875259399,0,0.00015000000000000001
2025-10-05 23:00:00+00:00,0.5707499980926514,0.5726900100708008,0.5687999725341797,0.5707499980926514,0,0.00015000000000000001
2025-10-06 23:00:00+00:00,0.5699300169944763,0.572409987449646,0.5694000124931335,0.5699300169944763,0,0.00015000000000000001
2025-10-07 23:00:00+00:00,0.5722799897193909,0.5748900175094604,0.5719000101089478,0.5722799897193909,0,0.00015000000000000001
2025-10-08 23:00:00+00:00,0.5743100047111511,0.5760400295257568,0.5730999708175659,0.5743100047111511,0,0.00015000000000000001
2025-10-09 23:00:00+00:00,0.5749899744987488,0.5762400031089783,0.5705000162124634,0.5749899744987488,0,0.00015000000000000001
2025-10-12 23:00:00+00:00,0.5731199979782104,0.5744699835777283,0.5713000297546387,0.5731199979782104,0,0.00015000000000000001
2025-10-13 23:00:00+00:00,0.5728499889373779,0.5734300017356873,0.5698999762535095,0.5728499889373779,0,0.00015000000000000001
2025-10-14 23:00:00+00:00,0.5706499814987183,0.570580005645752,0.5666000247001648,0.5706499814987183,0,0.00015000000000000001
2025-10-15 23:00:00+00:00,0.5670199990272522,0.56836998462677,0.5655999779701233,0.5670199990272522,0,0.00015000000000000001
2025-10-16 23:00:00+00:00,0.5637400150299072,0.5646899938583374,0.5600000023841858,0.5637400150299072,0,0.00015000000000000001
2025-10-19 23:00:00+00:00,0.5661399960517883,0.566349983215332,0.5619000196456909,0.5661399960517883,0,0.00015000000000000001
2025-10-20 23:00:00+00:00,0.5646200180053711,0.5674999952316284,0.5618000030517578,0.5646200180053711,0,0.00015000000000000001
2025-10-21 23:00:00+00:00,0.5681899785995483,0.5694500207901001,0.5659999847412109,0.5681899785995483,0,0.00015000000000000001
2025-10-22 23:00:00+00:00,0.5690199732780457,0.570580005645752,0.5666999816894531,0.5690199732780457,0,0.00015000000000000001
2025-10-23 23:00:00+00:00,0.56836998462677,0.5686699748039246,0.5648000240325928,0.56836998462677,0,0.00015000000000000001
2025-10-27 00:00:00+00:00,0.5687999725341797,0.5703499913215637,0.5679000020027161,0.5687999725341797,0,0.00015000000000000001
2025-10-28 00:00:00+00:00,0.5678499937057495,0.5690900087356567,0.5662000179290771,0.5678499937057495,0,0.00015000000000000001
2025-10-29 00:00:00+00:00,0.5687500238418579,0.5738199949264526,0.5683000087738037,0.5687500238418579,0,0.00015000000000000001
2025-10-30 00:00:00+00:00,0.5738199949264526,0.5741400122642517,0.5715000033378601,0.5738199949264526,0,0.00015000000000000001
2025-10-31 00:00:00+00:00,0.5733299851417542,0.5740500092506409,0.5717999935150146,0.5733299851417542,0,0.00015000000000000001
2025-11-03 00:00:00+00:00,0.5741699934005737,0.5753300189971924,0.5733000040054321,0.5741699934005737,0,0.00015000000000000001
2025-11-04 00:00:00+00:00,0.5748999714851379,0.5755500197410583,0.573199987411499,0.5748999714851379,0,0.00015000000000000001
2025-11-05 00:00:00+00:00,0.5745499730110168,0.574720025062561,0.5720999836921692,0.5745499730110168,0,0.00015000000000000001
2025-11-06 00:00:00+00:00,0.5740699768066406,0.5741900205612183,0.5703999996185303,0.5740699768066406,0,0.00015000000000000001
2025-11-07 00:00:00+00:00,0.5711299777030945,0.5727999806404114,0.5702000260353088,0.5711299777030945,0,0.00015000000000000001
2025-11-10 00:00:00+00:00,0.5740399956703186,0.5753300189971924,0.5724999904632568,0.5745800137519836,0,0.00015000000000000001
2025-11-11 00:00:00+00:00,0.5739799737930298,0.5744500160217285,0.5690000057220459,0.573989987373352,0,0.00015000000000000001
2025-11-12 00:00:00+00:00,0.5708600282669067,0.5716699957847595,0.5673999786376953,0.5709400177001953,0,0.00015000000000000001
2025-11-13 00:00:00+00:00,0.5694900155067444,0.5705500245094299,0.564300000667572,0.5694100260734558,0,0.00015000000000000001
2025-11-14 00:00:00+00:00,0.5650500059127808,0.5658299922943115,0.5612999796867371,0.5651299953460693,0,0.00015000000000000001
2025-11-17 00:00:00+00:00,0.5664600133895874,0.5673999786376953,0.5640000104904175,0.5665599703788757,0,0.00015000000000000001
2025-11-18 00:00:00+00:00,0.566510021686554,0.5714899897575378,0.5629000067710876,0.5666099786758423,0,0.00015000000000000001
2025-11-19 00:00:00+00:00,0.5720800161361694,0.5739700198173523,0.5702999830245972,0.5720999836921692,0,0.00015000000000000001
2025-11-20 00:00:00+00:00,0.5735200047492981,0.5743299722671509,0.571399986743927,0.5734800100326538,0,0.00015000000000000001
2025-11-21 00:00:00+00:00,0.5715399980545044,0.5738499760627747,0.569599986076355,0.5715299844741821,0,0.00015000000000000001
2025-11-24 00:00:00+00:00,0.5736500024795532,0.5741999745368958,0.5701000094413757,0.5736899971961975,0,0.00015000000000000001
2025-11-25 00:00:00+00:00,0.572920024394989,0.5739700198173523,0.5705000162124634,0.5730299949645996,0,0.00015000000000000001
2025-11-26 00:00:00+00:00,0.5728399753570557,0.5735099911689758,0.5706999897956848,0.5728700160980225,0,0.00015000000000000001
2025-11-27 00:00:00+00:00,0.5719000101089478,0.5741699934005737,0.571399986743927,0.5722299814224243,0,0.00015000000000000001
2025-11-28 00:00:00+00:00,0.5736100077629089,0.5766900181770325,0.5720999836921692,0.5735599994659424,0,0.00015000000000000001
2025-12-01 00:00:00+00:00,0.5749899744987488,0.5752599835395813,0.5716000199317932,0.5749899744987488,0,0.00015000000000000001
2025-12-02 00:00:00+00:00,0.5747100114822388,0.5755900144577026,0.5723000168800354,0.5742999911308289,0,0.00015000000000000001
2025-12-03 00:00:00+00:00,0.5745900273323059,0.5746300220489502,0.571399986743927,0.5746300220489502,0,0.00015000000000000001
2025-12-04 00:00:00+00:00,0.5730900168418884,0.5755100250244141,0.5708000063896179,0.5730999708175659,0,0.00015000000000000001
2025-12-05 00:00:00+00:00,0.5756300091743469,0.5809599757194519,0.5734999775886536,0.575689971446991,0,0.00015000000000000001
2025-12-08 00:00:00+00:00,0.5816799998283386,0.5846899747848511,0.5794000029563904,0.5816799998283386,0,0.00015000000000000001
2025-12-09 00:00:00+00:00,0.5824000239372253,0.5835899710655212,0.579800009727478,0.5824199914932251,0,0.00015000000000000001
2025-12-10 00:00:00+00:00,0.5820500254631042,0.5821700096130371,0.5777999758720398,0.5820500254631042,0,0.00015000000000000001
2025-12-11 00:00:00+00:00,0.5795699954032898,0.5796899795532227,0.5745999813079834,0.579200029373169,0,0.00015000000000000001
2025-12-12 00:00:00+00:00,0.576740026473999,0.5786200165748596,0.576200008392334,0.5768499970436096,0,0.00015000000000000001
2025-12-15 00:00:00+00:00,0.5781700015068054,0.5793799757957458,0.5748999714851379,0.5781499743461609,0,0.00015000000000000001
2025-12-16 00:00:00+00:00,0.5781599879264832,0.5788599848747253,0.5752999782562256,0.578029990196228,0,0.00015000000000000001
2025-12-17 00:00:00+00:00,0.57805997133255,0.5798199772834778,0.5741999745368958,0.5780199766159058,0,0.00015000000000000001
2025-12-18 00:00:00+00:00,0.5768399834632874,0.5780199766159058,0.574400007724762,0.5768200159072876,0,0.00015000000000000001
2025-12-19 00:00:00+00:00,0.5763300061225891,0.5780500173568726,0.5741000175476074,0.576200008392334,0,0.00015000000000000001
2025-12-22 00:00:00+00:00,0.5764899849891663,0.5767899751663208,0.5748000144958496,0.5767899751663208,0,0.00015000000000000001
2025-12-23 00:00:00+00:00,0.5755699872970581,0.5765100121498108,0.5733000040054321,0.5755299925804138,0,0.00015000000000000001
2025-12-24 00:00:00+00:00,0.5753399729728699,0.577210009098053,0.574400007724762,0.5753200054168701,0,0.00015000000000000001
2025-12-26 00:00:00+00:00,0.5763900279998779,0.5780900120735168,0.5756000280380249,0.5762699842453003,0,0.00015000000000000001
2025-12-29 00:00:00+00:00,0.5771899819374084,0.5780199766159058,0.5748000144958496,0.5773199796676636,0,0.00015000000000000001
2025-12-30 00:00:00+00:00,0.576229989528656,0.5783200263977051,0.5746999979019165,0.576259970664978,0,0.00015000000000000001
2025-12-31 00:00:00+00:00,0.578220009803772,0.579259991645813,0.5774999856948853,0.5780900120735168,0,0.00015000000000000001
2026-01-02 00:00:00+00:00,0.5773100256919861,0.5791199803352356,0.5755000114440918,0.5773100256919861,0,0.00015000000000000001
2026-01-05 00:00:00+00:00,0.5769699811935425,0.578249990940094,0.5745000243186951,0.577049970626831,0,0.00015000000000000001
2026-01-06 00:00:00+00:00,0.5750200152397156,0.5771700143814087,0.573199987411499,0.5750600099563599,0,0.00015000000000000001
2026-01-07 00:00:00+00:00,0.5758600234985352,0.5773299932479858,0.5735999941825867,0.5758799910545349,0,0.00015000000000000001
2026-01-08 00:00:00+00:00,0.5755100250244141,0.5765500068664551,0.5727999806404114,0.5751000046730042,0,0.00015000000000000001
2026-01-09 00:00:00+00:00,0.5762199759483337,0.576960027217865,0.574400007724762,0.5762400031089783,0,0.00015000000000000001
2026-01-12 00:00:00+00:00,0.5761200189590454,0.5761200189590454,0.5722000002861023,0.5760200023651123,0,0.00015000000000000001
2026-01-13 00:00:00+00:00,0.5745000243186951,0.5768700242042542,0.5730000138282776,0.5745499730110168,0,0.00015000000000000001
2026-01-14 00:00:00+00:00,0.576740026473999,0.5778200030326843,0.5738999843597412,0.5767599940299988,0,0.00015000000000000001
2026-01-15 00:00:00+00:00,0.5758200287818909,0.5783299803733826,0.574400007724762,0.5759000182151794,0,0.00015000000000000001
2026-01-16 00:00:00+00:00,0.5783100128173828,0.5783900022506714,0.5748999714851379,0.5784100294113159,0,0.00015000000000000001
2026-01-19 00:00:00+00:00,0.5745400190353394,0.5757499933242798,0.5735999941825867,0.5745300054550171,0,0.00015000000000000001
2026-01-20 00:00:00+00:00,0.5750499963760376,0.5752699971199036,0.5697000026702881,0.5750200152397156,0,0.00015000000000000001
2026-01-21 00:00:00+00:00,0.5708199739456177,0.5753999948501587,0.5702999830245972,0.5707600116729736,0,0.00015000000000000001
2026-01-22 00:00:00+00:00,0.5746999979019165,0.5755000114440918,0.5720999836921692,0.5752099752426147,0,0.00015000000000000001
2026-01-23 00:00:00+00:00,0.5723400115966797,0.5748999714851379,0.5716999769210815,0.5723400115966797,0,0.00015000000000000001
2026-01-26 00:00:00+00:00,0.5677800178527832,0.5689200162887573,0.5630000233650208,0.5677300095558167,0,0.00015000000000000001
2026-01-27 00:00:00+00:00,0.5666999816894531,0.5668399930000305,0.5622000098228455,0.5667700171470642,0,0.00015000000000000001
2026-01-28 00:00:00+00:00,0.5611600279808044,0.5684999823570251,0.5608000159263611,0.561460018157959,0,0.00015000000000000001
2026-01-29 00:00:00+00:00,0.5654100179672241,0.568340003490448,0.5649300217628479,0.565530002117157,0,0.00015000000000000001
2026-01-30 00:00:00+00:00,0.566540002822876,0.5691900253295898,0.5663599967956543,0.5664700269699097,0,0.00015000000000000001
2026-02-02 00:00:00+00:00,0.5671799778938293,0.5714600086212158,0.5649999976158142,0.5672100186347961,0,0.00015000000000000001
2026-02-03 00:00:00+00:00,0.5696799755096436,0.569890022277832,0.5672000050544739,0.5696300268173218,0,0.00015000000000000001
2026-02-04 00:00:00+00:00,0.5685999989509583,0.5694299936294556,0.5673999786376953,0.5686900019645691,0,0.00015000000000000001
2026-02-05 00:00:00+00:00,0.5685700178146362,0.5688899755477905,0.5663999915122986,0.5685300230979919,0,0.00015000000000000001
2026-02-06 00:00:00+00:00,0.5670700073242188,0.5694699883460999,0.5662000179290771,0.567110002040863,0,0.00015000000000000001
2026-02-09 00:00:00+00:00,0.5679799914360046,0.5682500004768372,0.5638999938964844,0.5679600238800049,0,0.00015000000000000001
2026-02-10 00:00:00+00:00,0.5655800104141235,0.566569983959198,0.5633999705314636,0.5655699968338013,0,0.00015000000000000001
2026-02-11 00:00:00+00:00,0.5670499801635742,0.568560004234314,0.5651000142097473,0.5670400261878967,0,0.00015000000000000001
2026-02-12 00:00:00+00:00,0.5679100155830383,0.5684900283813477,0.5637000203132629,0.5676000118255615,0,0.00015000000000000001
2026-02-13 00:00:00+00:00,0.5651999711990356,0.5659700036048889,0.5634999871253967,0.5648000240325928,0,0.00015000000000000001
2026-02-16 00:00:00+00:00,0.5640299916267395,0.5655999779701233,0.5636000037193298,0.5639899969100952,0,0.00015000000000000001
2026-02-17 00:00:00+00:00,0.5643500089645386,0.5655999779701233,0.5629000067710876,0.5643799901008606,0,0.00015000000000000001
2026-02-18 00:00:00+00:00,0.5646700263023376,0.5652899742126465,0.5637000203132629,0.5646799802780151,0,0.00015000000000000001
2026-02-19 00:00:00+00:00,0.5639299750328064,0.5667099952697754,0.5633999705314636,0.5639100074768066,0,0.00015000000000000001
2026-02-20 00:00:00+00:00,0.5664100050926208,0.5673999786376953,0.5648999810218811,0.5664600133895874,0,0.00015000000000000001
2026-02-23 00:00:00+00:00,0.5654000043869019,0.5672500133514404,0.5638999938964844,0.5652999877929688,0,0.00015000000000000001
2026-02-24 00:00:00+00:00,0.5652899742126465,0.5665199756622314,0.5637000203132629,0.5652999877929688,0,0.00015000000000000001
2026-02-25 00:00:00+00:00,0.5645999908447266,0.5659599900245667,0.5638999938964844,0.5646799802780151,0,0.00015000000000000001
2026-02-26 00:00:00+00:00,0.5645099878311157,0.5667200088500977,0.5637999773025513,0.5645099878311157,0,0.00015000000000000001
2026-02-27 00:00:00+00:00,0.5653200149536133,0.5658599734306335,0.5620999932289124,0.5653300285339355,0,0.00015000000000000001
2026-03-02 00:00:00+00:00,0.5629100203514099,0.5700299739837646,0.5620999932289124,0.5629199743270874,0,0.00015000000000000001
2026-03-03 00:00:00+00:00,0.5695499777793884,0.5742499828338623,0.5695000290870667,0.5695300102233887,0,0.00015000000000000001
2026-03-04 00:00:00+00:00,0.5717899799346924,0.5728099942207336,0.5697000026702881,0.5717599987983704,0,0.00015000000000000001
2026-03-05 00:00:00+00:00,0.5709900259971619,0.5730699896812439,0.5699999928474426,0.5709800124168396,0,0.00015000000000000001
2026-03-06 00:00:00+00:00,0.5706999897956848,0.5730000138282776,0.5703999996185303,0.5710200071334839,0,0.00015000000000000001
2026-03-09 00:00:00+00:00,0.5741599798202515,0.5762400031089783,0.5723000168800354,0.5742599964141846,0,0.00015000000000000001
2026-03-10 00:00:00+00:00,0.5723699927330017,0.5730900168418884,0.5705000162124634,0.5724300146102905,0,0.00015000000000000001
2026-03-11 00:00:00+00:00,0.5731599926948547,0.5742999911308289,0.5722000002861023,0.5731099843978882,0,0.00015000000000000001
2026-03-12 00:00:00+00:00,0.5747600197792053,0.576259970664978,0.5737000107765198,0.5746600031852722,0,0.00015000000000000001
2026-03-13 00:00:00+00:00,0.5761299729347229,0.5775700211524963,0.5735999941825867,0.57600998878479,0,0.00015000000000000001
2026-03-16 00:00:00+00:00,0.5759900212287903,0.5775399804115295,0.5745000243186951,0.5760499835014343,0,0.00015000000000000001
2026-03-17 00:00:00+00:00,0.5757399797439575,0.5767300128936768,0.5723000168800354,0.5757399797439575,0,0.00015000000000000001
2026-03-18 00:00:00+00:00,0.5731599926948547,0.5758600234985352,0.5723000168800354,0.573170006275177,0,0.00015000000000000001
2026-03-19 00:00:00+00:00,0.577239990234375,0.5792199969291687,0.5753999948501587,0.577239990234375,0,0.00015000000000000001
2026-03-20 00:00:00+00:00,0.5737000107765198,0.5756499767303467,0.5726000070571899,0.5741900205612183,0,0.00015000000000000001
2026-03-23 00:00:00+00:00,0.5745300054550171,0.5773299932479858,0.5720000267028809,0.5745900273323059,0,0.00015000000000000001
2026-03-24 00:00:00+00:00,0.5728899836540222,0.5754500031471252,0.5715000033378601,0.5728499889373779,0,0.00015000000000000001
2026-03-25 00:00:00+00:00,0.5727099776268005,0.5744600296020508,0.5710999965667725,0.5727199912071228,0,0.00015000000000000001
2026-03-26 00:00:00+00:00,0.5728999972343445,0.5739099979400635,0.5716999769210815,0.5729399919509888,0,0.00015000000000000001
2026-03-27 00:00:00+00:00,0.5735999941825867,0.5758000016212463,0.5730999708175659,0.5733000040054321,0,0.00015000000000000001
2026-03-29 23:00:00+00:00,0.5753600001335144,0.5753999948501587,0.5733000040054321,0.5753399729728699,0,0.00015000000000000001
2026-03-30 23:00:00+00:00,0.574150025844574,0.5759900212287903,0.572700023651123,0.574209988117218,0,0.00015000000000000001
2026-03-31 23:00:00+00:00,0.5736899971961975,0.573989987373352,0.569100022315979,0.5737500190734863,0,0.00015000000000000001
2026-04-01 23:00:00+00:00,0.5720900297164917,0.5749800205230713,0.5712000131607056,0.5720700025558472,0,0.00015000000000000001
2026-04-02 23:00:00+00:00,0.5737299919128418,0.573889970779419,0.5722299814224243,0.5737699866294861,0,0.00015000000000000001
2026-04-05 23:00:00+00:00,0.574400007724762,0.5748000144958496,0.5720000267028809,0.574400007724762,0,0.00015000000000000001
2026-04-06 23:00:00+00:00,0.5736299753189087,0.5756000280380249,0.572700023651123,0.5736200213432312,0,0.00015000000000000001
2026-04-07 23:00:00+00:00,0.5708199739456177,0.5714899897575378,0.567799985408783,0.5709400177001953,0,0.00015000000000000001
2026-04-08 23:00:00+00:00,0.5713499784469604,0.57191002368927,0.5701000094413757,0.5713199973106384,0,0.00015000000000000001
2026-04-09 23:00:00+00:00,0.5720999836921692,0.5723400115966797,0.5687999725341797,0.5720700025558472,0,0.00015000000000000001
2026-04-12 23:00:00+00:00,0.5713800191879272,0.5716800093650818,0.5695000290870667,0.5712800025939941,0,0.00015000000000000001
2026-04-13 23:00:00+00:00,0.568149983882904,0.5684000253677368,0.566100001335144,0.5680299997329712,0,0.00015000000000000001
2026-04-14 23:00:00+00:00,0.5672600269317627,0.5687500238418579,0.5662000179290771,0.5671899914741516,0,0.00015000000000000001
2026-04-15 23:00:00+00:00,0.5689100027084351,0.5717999935150146,0.5681999921798706,0.5689200162887573,0,0.00015000000000000001
2026-04-16 23:00:00+00:00,0.5716400146484375,0.5728200078010559,0.5688999891281128,0.5716000199317932,0,0.00015000000000000001
2026-04-19 23:00:00+00:00,0.5717499852180481,0.5718799829483032,0.5691999793052673,0.5716999769210815,0,0.00015000000000000001
2026-04-20 23:00:00+00:00,0.5705900192260742,0.5717999935150146,0.5699999928474426,0.5704900026321411,0,0.00015000000000000001
2026-04-21 23:00:00+00:00,0.5713499784469604,0.5735099911689758,0.5703999996185303,0.5714300274848938,0,0.00015000000000000001
2026-04-22 23:00:00+00:00,0.5740500092506409,0.5746600031852722,0.5722000002861023,0.5740500092506409,0,0.00015000000000000001
2026-04-23 23:00:00+00:00,0.5739099979400635,0.5749300122261047,0.5727400183677673,0.573889970779419,0,0.00015000000000000001
2026-04-26 23:00:00+00:00,0.5749199986457825,0.5766500234603882,0.5735999941825867,0.5745999813079834,0,0.00015000000000000001
2026-04-27 23:00:00+00:00,0.5764200091362,0.5789200067520142,0.5759999752044678,0.5764300227165222,0,0.00015000000000000001
2026-04-28 23:00:00+00:00,0.5766400098800659,0.5781099796295166,0.5757799744606018,0.5766599774360657,0,0.00015000000000000001
2026-04-29 23:00:00+00:00,0.5781800150871277,0.5788999795913696,0.572700023651123,0.5777999758720398,0,0.00015000000000000001
2026-04-30 23:00:00+00:00,0.5755100250244141,0.5762900114059448,0.5728999972343445,0.5755199790000916,0,0.00015000000000000001
2026-05-03 23:00:00+00:00,0.5748599767684937,0.5762699842453003,0.5737000107765198,0.5748100280761719,0,0.00015000000000000001
2026-05-04 23:00:00+00:00,0.5755400061607361,0.575950026512146,0.5734999775886536,0.5754899978637695,0,0.00015000000000000001
2026-05-05 23:00:00+00:00,0.5743100047111511,0.575160026550293,0.5712000131607056,0.5743100047111511,0,0.00015000000000000001
2026-05-06 23:00:00+00:00,0.5710700154304504,0.5713800191879272,0.569100022315979,0.5710600018501282,0,0.00015000000000000001
2026-05-07 23:00:00+00:00,0.5712500214576721,0.5715000033378601,0.5663999915122986,0.5712400078773499,0,0.00015000000000000001
2026-05-10 23:00:00+00:00,0.567799985408783,0.5698800086975098,0.5677000284194946,0.5683299899101257,0,0.00015000000000000001
2026-05-11 23:00:00+00:00,0.5688599944114685,0.5702499747276306,0.5683000087738037,0.5688300132751465,0,0.00015000000000000001
2026-05-12 23:00:00+00:00,0.5697600245475769,0.5716689825057983,0.569100022315979,0.5697699785232544,0,0.00015000000000000001
2026-05-13 23:00:00+00:00,0.5698999762535095,0.5706700086593628,0.569100022315979,0.5702900290489197,0,0.00015000000000000001
2026-05-14 23:00:00+00:00,0.571340024471283,0.5722900032997131,0.5701000094413757,0.5713499784469604,0,0.00015000000000000001
2026-05-17 23:00:00+00:00,0.5720300078392029,0.5724300146102905,0.5703999996185303,0.5720099806785583,0,0.00015000000000000001
2026-05-18 23:00:00+00:00,0.5710300207138062,0.5741099715232849,0.5705000162124634,0.5709199905395508,0,0.00015000000000000001
2026-05-19 23:00:00+00:00,0.573639988899231,0.5745300054550171,0.5720000267028809,0.5736600160598755,0,0.00015000000000000001
2026-05-20 23:00:00+00:00,0.5724700093269348,0.5731499791145325,0.5703999996185303,0.5724700093269348,0,0.00015000000000000001
2026-05-21 23:00:00+00:00,0.5708400011062622,0.570900022983551,0.5680000185966492,0.5708699822425842,0,0.00015000000000000001
2026-05-24 23:00:00+00:00,0.5666499733924866,0.5676500201225281,0.5648000240325928,0.5662999749183655,0,0.00015000000000000001
2026-05-25 23:00:00+00:00,0.5672600269317627,0.5694299936294556,0.5665000081062317,0.5672500133514404,0,0.00015000000000000001
2026-05-26 23:00:00+00:00,0.5684800148010254,0.569100022315979,0.5669000148773193,0.568560004234314,0,0.00015000000000000001
2026-05-27 23:00:00+00:00,0.5690699815750122,0.5697500109672546,0.5672000050544739,0.5690199732780457,0,0.00015000000000000001
2026-05-28 23:00:00+00:00,0.5685799717903137,0.5688899755477905,0.5648999810218811,0.5685999989509583,0,0.00015000000000000001
2026-05-31 23:00:00+00:00,0.5667300224304199,0.5693600177764893,0.5659000277519226,0.5666199922561646,0,0.00015000000000000001
2026-06-01 23:00:00+00:00,0.56809002161026,0.5689399838447571,0.5662999749183655,0.5680299997329712,0,0.00015000000000000001
2026-06-02 23:00:00+00:00,0.5693399906158447,0.570169985294342,0.5684999823570251,0.5692999958992004,0,0.00015000000000000001
2026-06-03 23:00:00+00:00,0.5693899989128113,0.5694699883460999,0.5658000111579895,0.5692899823188782,0,0.00015000000000000001
2026-06-04 23:00:00+00:00,0.5673900246620178,0.5710399746894836,0.5663999915122986,0.5673499703407288,0,0.00015000000000000001
2026-06-07 23:00:00+00:00,0.5710999965667725,0.5723400115966797,0.5698999762535095,0.5710899829864502,0,0.00015000000000000001
2026-06-08 23:00:00+00:00,0.5718600153923035,0.5720800161361694,0.5702999830245972,0.5717800259590149,0,0.00015000000000000001
2026-06-09 23:00:00+00:00,0.5727199912071228,0.5738400220870972,0.5716999769210815,0.5727099776268005,0,0.00015000000000000001
2026-06-10 23:00:00+00:00,0.5734800100326538,0.5734800100326538,0.5703999996185303,0.5734999775886536,0,0.00015000000000000001
2026-06-11 23:00:00+00:00,0.5690699815750122,0.5703799724578857,0.5680999755859375,0.5689399838447571,0,0.00015000000000000001
2026-06-14 23:00:00+00:00,0.5683599710464478,0.5686900019645691,0.566100001335144,0.5684999823570251,0,0.00015000000000000001
2026-06-15 23:00:00+00:00,0.5677400231361389,0.5680699944496155,0.5662999749183655,0.5677199959754944,0,0.00015000000000000001
2026-06-16 23:00:00+00:00,0.5666000247001648,0.5666000247001648,0.564300000667572,0.5666599869728088,0,0.00015000000000000001
2026-06-17 23:00:00+00:00,0.5665500164031982,0.5695400238037109,0.5655999779701233,0.5668299794197083,0,0.00015000000000000001
2026-06-18 23:00:00+00:00,0.5690199732780457,0.5713599920272827,0.5684999823570251,0.569130003452301,0,0.00015000000000000001
2026-06-21 23:00:00+00:00,0.5695000290870667,0.5716000199317932,0.5687999725341797,0.5699899792671204,0,0.00015000000000000001
2026-06-22 23:00:00+00:00,0.571179986000061,0.5713199973106384,0.5690000057220459,0.571179986000061,0,0.00015000000000000001
2026-06-23 23:00:00+00:00,0.5697500109672546,0.5713899731636047,0.5694000124931335,0.5697500109672546,0,0.00015000000000000001
2026-06-24 23:00:00+00:00,0.5707200169563293,0.5710800290107727,0.5690000057220459,0.5707499980926514,0,0.00015000000000000001
2026-06-25 23:00:00+00:00,0.5707600116729736,0.5709999799728394,0.5687000155448914,0.5708000063896179,0,0.00015000000000000001
2026-06-28 23:00:00+00:00,0.5707799792289734,0.5707799792289734,0.5679000020027161,0.5708000063896179,0,0.00015000000000000001
2026-06-29 23:00:00+00:00,0.5683599710464478,0.5692999958992004,0.5676000118255615,0.56836998462677,0,0.00015000000000000001
2026-06-30 23:00:00+00:00,0.5692300200462341,0.5703999996185303,0.5684000253677368,0.569130003452301,0,0.00015000000000000001
2026-07-01 23:00:00+00:00,0.5690299868583679,0.569320023059845,0.5648999810218811,0.5690400004386902,0,0.00015000000000000001
2026-07-02 23:00:00+00:00,0.5667300224304199,0.5668299794197083,0.5647000074386597,0.5667999982833862,0,0.00015000000000000001
2026-07-05 23:00:00+00:00,0.565750002861023,0.5673499703407288,0.5651000142097473,0.5658000111579895,0,0.00015000000000000001
2026-07-06 23:00:00+00:00,0.5666300058364868,0.5685520172119141,0.5659999847412109,0.5665900111198425,0,0.00015000000000000001
2026-07-07 23:00:00+00:00,0.569570004940033,0.5713000297546387,0.5685999989509583,0.5694500207901001,0,0.00015000000000000001
2026-07-08 23:00:00+00:00,0.5702000260353088,0.5702000260353088,0.567799985408783,0.5702999830245972,0,0.00015000000000000001
2026-07-09 23:00:00+00:00,0.5691900253295898,0.5709699988365173,0.5674999952316284,0.5692300200462341,0,0.00015000000000000001
2026-07-12 23:00:00+00:00,0.5712699890136719,0.5746399760246277,0.5708000063896179,0.571399986743927,0,0.00015000000000000001
2026-07-13 23:00:00+00:00,0.575659990310669,0.5770999789237976,0.5728999972343445,0.5752000212669373,0,0.00015000000000000001
2026-07-14 23:00:00+00:00,0.5755800008773804,0.5767300128936768,0.5734000205993652,0.5757099986076355,0,0.00015000000000000001
2026-07-15 23:00:00+00:00,0.573140025138855,0.5766599774360657,0.5726000070571899,0.5732200145721436,0,0.00015000000000000001
2026-07-16 23:00:00+00:00,0.5758500099182129,0.5765100121498108,0.5742999911308289,0.5758500099182129,0,0.00015000000000000001
2026-07-19 23:00:00+00:00,0.5766299962997437,0.5768399834632874,0.5745999813079834,0.5766100287437439,0,0.00015000000000000001
2026-07-20 23:00:00+00:00,0.5755500197410583,0.5766900181770325,0.5748000144958496,0.5755900144577026,0,0.00015000000000000001
2026-07-21 23:00:00+00:00,0.5760400295257568,0.5776699781417847,0.5753999948501587,0.5760400295257568,0,0.00015000000000000001
2026-07-22 23:00:00+00:00,0.5779200196266174,0.5805699825286865,0.5774999856948853,0.577970027923584,0,0.00015000000000000001
2026-07-23 23:00:00+00:00,0.579990029335022,0.5805799961090088,0.5791000127792358,0.5799199938774109,0,0.00015000000000000001
2026-07-26 23:00:00+00:00,0.5793700218200684,0.5803899765014648,0.5767999887466431,0.5794100165367126,0,0.00015000000000000001
2026-07-27 23:00:00+00:00,0.5800600051879883,0.5813000202178955,0.579200029373169,0.5800600051879883,0,0.00015000000000000001
2026-07-28 23:00:00+00:00,0.5809500217437744,0.5821999907493591,0.5792999863624573,0.5808699727058411,0,0.00015000000000000001
2026-07-29 23:00:00+00:00,0.5794100165367126,0.581059992313385,0.5742999911308289,0.579479992389679,0,0.00015000000000000001
2026-07-30 23:00:00+00:00,0.5750700235366821,0.5787100195884705,0.5745000243186951,0.5746999979019165,0,0.00015000000000000001
2026-08-02 23:00:00+00:00,0.5759599804878235,0.5777599811553955,0.5746999979019165,0.5758299827575684,0,0.00015000000000000001
2026-08-03 23:00:00+00:00,0.5768399834632874,0.5771499872207642,0.5741000175476074,0.5768700242042542,0,0.00015000000000000001
2026-08-04 23:00:00+00:00,0.5751500129699707,0.5761399865150452,0.5733000040054321,0.575190007686615,0,0.00015000000000000001
2026-08-05 23:00:00+00:00,0.5758500099182129,0.5796200037002563,0.5748999714851379,0.5757700204849243,0,0.00015000000000000001
2026-08-06 23:00:00+00:00,0.5797799825668335,0.5799400210380554,0.5771999955177307,0.5796700119972229,0,0.00015000000000000001
2026-08-09 23:00:00+00:00,0.579259991645813,0.5810099840164185,0.5782999992370605,0.579259991645813,0,0.00015000000000000001
2026-08-10 23:00:00+00:00,0.5811499953269958,0.5826900005340576,0.5806000232696533,0.5811499953269958,0,0.00015000000000000001
2026-08-11 23:00:00+00:00,0.5826299786567688,0.5834800004959106,0.5814999938011169,0.5823000073432922,0,0.00015000000000000001
2026-08-12 23:00:00+00:00,0.5832800269126892,0.5838000178337097,0.5814999938011169,0.5833200216293335,0,0.00015000000000000001
2026-08-13 23:00:00+00:00,0.5844900012016296,0.5859299898147583,0.5838000178337097,0.5845000147819519,0,0.00015000000000000001
2026-08-16 23:00:00+00:00,0.5857700109481812,0.5857800245285034,0.5823000073432922,0.5857800245285034,0,0.00015000000000000001
2026-08-17 23:00:00+00:00,0.5843899846076965,0.5860400199890137,0.583899974822998,0.5843899846076965,0,0.00015000000000000001
2026-08-18 23:00:00+00:00,0.5843700170516968,0.5848000049591064,0.578000009059906,0.58433997631073,0,0.00015000000000000001
2026-08-19 23:00:00+00:00,0.5776399970054626,0.580590009689331,0.5771999955177307,0.5770999789237976,0,0.00015000000000000001
2026-08-20 23:00:00+00:00,0.5803200006484985,0.582319974899292,0.579800009727478,0.5801600217819214,0,0.00015000000000000001
2026-08-23 23:00:00+00:00,0.5803499817848206,0.5804499983787537,0.5785999894142151,0.5804499983787537,0,0.00015000000000000001
2026-08-24 23:00:00+00:00,0.579509973526001,0.5804200172424316,0.5784000158309937,0.5795900225639343,0,0.00015000000000000001
2026-08-25 23:00:00+00:00,0.5794199705123901,0.5808600187301636,0.578499972820282,0.5794100165367126,0,0.00015000000000000001
2026-08-26 23:00:00+00:00,0.5801900029182434,0.5807300209999084,0.579200029373169,0.5802000164985657,0,0.00015000000000000001
2026-08-27 23:00:00+00:00,0.5799999833106995,0.5818600058555603,0.5795000195503235,0.5802500247955322,0,0.00015000000000000001
2026-08-30 23:00:00+00:00,0.5817999839782715,0.5832300186157227,0.5806000232696533,0.5819100141525269,0,0.00015000000000000001
2026-08-31 23:00:00+00:00,0.5831000208854675,0.584309995174408,0.5825999975204468,0.5830000042915344,0,0.00015000000000000001
2026-09-01 23:00:00+00:00,0.5842199921607971,0.5873600244522095,0.583299994468689,0.5841900110244751,0,0.00015000000000000001
2026-09-02 23:00:00+00:00,0.5871999859809875,0.5875300168991089,0.5842999815940857,0.5872300267219543,0,0.00015000000000000001
2026-09-03 23:00:00+00:00,0.5854899883270264,0.5865300297737122,0.5838000178337097,0.5855200290679932,0,0.00015000000000000001
2026-09-06 23:00:00+00:00,0.5853800177574158,0.58610999584198,0.5845000147819519,0.5854300260543823,0,0.00015000000000000001
2026-09-07 23:00:00+00:00,0.5859400033950806,0.5881999731063843,0.5853000283241272,0.5859500169754028,0,0.00015000000000000001
2026-09-08 23:00:00+00:00,0.5871700048446655,0.587939977645874,0.5845999717712402,0.5872099995613098,0,0.00015000000000000001
2026-09-09 23:00:00+00:00,0.5867400169372559,0.5889400243759155,0.5849999785423279,0.5867499709129333,0,0.00015000000000000001
2026-09-10 23:00:00+00:00,0.5876200199127197,0.5886300206184387,0.5864999890327454,0.5874000191688538,0,0.00015000000000000001
2026-09-13 23:00:00+00:00,0.5887899994850159,0.5901600122451782,0.586899995803833,0.5888400077819824,0,0.00015000000000000001
2026-09-14 23:00:00+00:00,0.5875999927520752,0.5890200138092041,0.5870000123977661,0.5878900289535522,0,0.00015000000000000001
2026-09-15 23:00:00+00:00,0.5877299904823303,0.5884000062942505,0.5865399837493896,0.5878000259399414,0,0.00015000000000000001
