time,open,high,low,close,volume,spread
2023-11-30 00:00:00+00:00,90.49500274658203,90.91699981689453,90.46499633789062,90.8759994506836,0,0.015
2023-11-30 04:00:00+00:00,90.8740005493164,90.90699768066406,90.64900207519531,90.79499816894531,0,0.015
2023-11-30 08:00:00+00:00,90.79000091552734,90.8270034790039,90.552001953125,90.69499969482422,0,0.015
2023-11-30 12:00:00+00:00,90.7040023803711,91.38200378417969,90.6969985961914,91.28800201416016,0,0.015
2023-11-30 16:00:00+00:00,91.28800201416016,91.31800079345703,90.99500274658203,91.28099822998047,0,0.015
2023-11-30 20:00:00+00:00,91.28199768066406,91.302001953125,91.09500122070312,91.125,0,0.015
2023-12-01 00:00:00+00:00,91.11699676513672,91.51399993896484,91.10800170898438,91.26399993896484,0,0.015
2023-12-01 04:00:00+00:00,91.26300048828125,91.3030014038086,91.13400268554688,91.26200103759766,0,0.015
2023-12-01 08:00:00+00:00,91.26000213623047,91.41600036621094,91.22200012207031,91.39299774169922,0,0.015
2023-12-01 12:00:00+00:00,91.3949966430664,91.43099975585938,90.98799896240234,91.15899658203125,0,0.015
2023-12-01 16:00:00+00:00,91.16200256347656,91.24400329589844,90.95800018310547,91.05799865722656,0,0.015
2023-12-01 20:00:00+00:00,91.06400299072266,91.16699981689453,91.04299926757812,91.1520004272461,0,0.015
2023-12-04 00:00:00+00:00,90.95800018310547,91.06700134277344,90.88500213623047,90.89900207519531,0,0.015
2023-12-04 04:00:00+00:00,90.90499877929688,90.98899841308594,90.64600372314453,90.75499725341797,0,0.015
2023-12-04 08:00:00+00:00,90.75399780273438,90.86399841308594,90.677001953125,90.76499938964844,0,0.015
2023-12-04 12:00:00+00:00,90.76599884033203,90.86799621582031,90.51000213623047,90.66699981689453,0,0.015
2023-12-04 16:00:00+00:00,90.6729965209961,90.83399963378906,90.62899780273438,90.78299713134766,0,0.015
2023-12-04 20:00:00+00:00,90.77999877929688,90.8489990234375,90.60600280761719,90.81700134277344,0,0.015
2023-12-05 00:00:00+00:00,90.802001953125,90.83399963378906,90.3550033569336,90.43000030517578,0,0.015
2023-12-05 04:00:00+00:00,90.43199920654297,90.5510025024414,90.23400115966797,90.26000213623047,0,0.015
2023-12-05 08:00:00+00:00,90.25599670410156,90.56199645996094,90.25,90.28600311279297,0,0.015
2023-12-05 12:00:00+00:00,90.28399658203125,90.37300109863281,90.07499694824219,90.36799621582031,0,0.015
2023-12-05 16:00:00+00:00,90.36699676513672,90.3759994506836,90.21900177001953,90.2239990234375,0,0.015
2023-12-05 20:00:00+00:00,90.2239990234375,90.3239974975586,90.09700012207031,90.26599884033203,0,0.015
2023-12-06 00:00:00+00:00,90.26499938964844,90.89900207519531,90.25800323486328,90.83000183105469,0,0.015
2023-12-06 04:00:00+00:00,90.83200073242188,90.87999725341797,90.5770034790039,90.73600006103516,0,0.015
2023-12-06 08:00:00+00:00,90.74199676513672,90.75199890136719,90.48400115966797,90.6510009765625,0,0.015
2023-12-06 12:00:00+00:00,90.65299987792969,90.8219985961914,90.52999877929688,90.6500015258789,0,0.015
2023-12-06 16:00:00+00:00,90.64600372314453,90.72200012207031,90.42900085449219,90.4800033569336,0,0.015
2023-12-06 20:00:00+00:00,90.4800033569336,90.53099822998047,90.27300262451172,90.35399627685547,0,0.015
2023-12-07 00:00:00+00:00,90.36499786376953,90.38500213623047,89.7300033569336,89.81199645996094,0,0.015
2023-12-07 04:00:00+00:00,89.81199645996094,89.90499877929688,89.33300018310547,89.41899871826172,0,0.015
2023-12-07 08:00:00+00:00,89.41899871826172,89.4280014038086,88.9000015258789,89.07499694824219,0,0.015
2023-12-07 12:00:00+00:00,89.07499694824219,89.2300033569336,88.62999725341797,88.72000122070312,0,0.015
2023-12-07 16:00:00+00:00,88.71600341796875,88.93199920654297,87.6709976196289,88.52799987792969,0,0.015
2023-12-07 20:00:00+00:00,88.52200317382812,88.98100280761719,88.51200103759766,88.87799835205078,0,0.015
2023-12-08 00:00:00+00:00,88.8550033569336,88.89199829101562,87.95600128173828,88.6050033569336,0,0.015
2023-12-08 04:00:00+00:00,88.60700225830078,88.85399627685547,88.52200317382812,88.66999816894531,0,0.015
2023-12-08 08:00:00+00:00,88.66799926757812,88.97100067138672,88.4020004272461,88.80500030517578,0,0.015
2023-12-08 12:00:00+00:00,88.80500030517578,88.82099914550781,88.22699737548828,88.53399658203125,0,0.015
2023-12-08 16:00:00+00:00,88.53600311279297,88.7979965209961,88.4209976196289,88.76799774169922,0,0.015
2023-12-08 20:00:00+00:00,88.77300262451172,88.78900146484375,88.6709976196289,88.7239990234375,0,0.015
2023-12-11 00:00:00+00:00,88.78399658203125,89.10600280761719,88.76699829101562,88.91999816894531,0,0.015
2023-12-11 04:00:00+00:00,88.92400360107422,89.4229965209961,88.84400177001953,89.37899780273438,0,0.015
2023-12-11 08:00:00+00:00,89.38099670410156,89.50599670410156,89.21499633789062,89.5,0,0.015
2023-12-11 12:00:00+00:00,89.5,89.65699768066406,89.39700317382812,89.59700012207031,0,0.015
2023-12-11 16:00:00+00:00,89.5979995727539,89.62999725341797,89.48799896240234,89.50399780273438,0,0.015
2023-12-11 20:00:00+00:00,89.49800109863281,89.58399963378906,89.39399719238281,89.43099975585938,0,0.015
2023-12-12 00:00:00+00:00,89.41300201416016,89.5780029296875,89.23699951171875,89.46700286865234,0,0.015
2023-12-12 04:00:00+00:00,89.46499633789062,89.59400177001953,89.43099975585938,89.51100158691406,0,0.015
2023-12-12 08:00:00+00:00,89.51100158691406,89.5270004272461,89.1760025024414,89.24800109863281,0,0.015
2023-12-12 12:00:00+00:00,89.24500274658203,89.37200164794922,88.9489974975586,89.23799896240234,0,0.015
2023-12-12 16:00:00+00:00,89.23799896240234,89.31400299072266,89.11399841308594,89.20500183105469,0,0.015
2023-12-12 20:00:00+00:00,89.20500183105469,89.2509994506836,89.08300018310547,89.15799713134766,0,0.015
2023-12-13 00:00:00+00:00,89.15599822998047,89.30699920654297,88.83300018310547,88.88400268554688,0,0.015
2023-12-13 04:00:00+00:00,88.89099884033203,88.90599822998047,88.71499633789062,88.84200286865234,0,0.015
2023-12-13 08:00:00+00:00,88.84200286865234,88.94100189208984,88.72000122070312,88.78700256347656,0,0.015
2023-12-13 12:00:00+00:00,88.78600311279297,88.93099975585938,88.75,88.89399719238281,0,0.015
2023-12-13 16:00:00+00:00,88.89700317382812,89.0979995727539,88.57499694824219,88.75800323486328,0,0.015
2023-12-13 20:00:00+00:00,88.76200103759766,88.84100341796875,87.70600128173828,88.4209976196289,0,0.015
2023-12-14 00:00:00+00:00,88.4010009765625,88.78700256347656,88.0739974975586,88.21700286865234,0,0.015
2023-12-14 04:00:00+00:00,88.21199798583984,88.4219970703125,88.16999816894531,88.2750015258789,0,0.015
2023-12-14 08:00:00+00:00,88.27999877929688,88.28800201416016,87.7959976196289,87.86000061035156,0,0.015
2023-12-14 12:00:00+00:00,87.86000061035156,88.12300109863281,87.85099792480469,87.90599822998047,0,0.015
2023-12-14 16:00:00+00:00,87.91100311279297,88.2300033569336,87.88500213623047,88.06600189208984,0,0.015
2023-12-14 20:00:00+00:00,88.06600189208984,88.40899658203125,87.9540023803711,88.3949966430664,0,0.015
2023-12-15 00:00:00+00:00,88.39900207519531,88.43499755859375,88.13099670410156,88.21800231933594,0,0.015
2023-12-15 04:00:00+00:00,88.2239990234375,88.22899627685547,87.89800262451172,88.13999938964844,0,0.015
2023-12-15 08:00:00+00:00,88.13999938964844,88.25,88.04000091552734,88.16500091552734,0,0.015
2023-12-15 12:00:00+00:00,88.16400146484375,88.19000244140625,87.85800170898438,88.16100311279297,0,0.015
2023-12-15 16:00:00+00:00,88.16300201416016,88.28700256347656,88.09600067138672,88.27300262451172,0,0.015
2023-12-15 20:00:00+00:00,88.27200317382812,88.39900207519531,88.22899627685547,88.26499938964844,0,0.015
2023-12-18 00:00:00+00:00,88.36900329589844,88.71199798583984,88.33100128173828,88.68800354003906,0,0.015
2023-12-18 04:00:00+00:00,88.69000244140625,88.88300323486328,88.61199951171875,88.85900115966797,0,0.015
2023-12-18 08:00:00+00:00,88.86100006103516,88.99400329589844,88.81700134277344,88.95700073242188,0,0.015
2023-12-18 12:00:00+00:00,88.95800018310547,89.09600067138672,88.76100158691406,88.79299926757812,0,0.015
2023-12-18 16:00:00+00:00,88.79199981689453,88.83699798583984,88.65499877929688,88.71299743652344,0,0.015
2023-12-18 20:00:00+00:00,88.71299743652344,88.80400085449219,88.55500030517578,88.63400268554688,0,0.015
2023-12-19 00:00:00+00:00,88.66999816894531,89.50399780273438,88.4540023803711,89.37100219726562,0,0.015
2023-12-19 04:00:00+00:00,89.3759994506836,89.75800323486328,88.77100372314453,89.68299865722656,0,0.015
2023-12-19 08:00:00+00:00,89.67500305175781,90.36399841308594,89.67500305175781,90.27999877929688,0,0.015
2023-12-19 12:00:00+00:00,90.27799987792969,90.31300354003906,90.04299926757812,90.1259994506836,0,0.015
2023-12-19 16:00:00+00:00,90.13099670410156,90.22100067138672,90.0009994506836,90.16000366210938,0,0.015
2023-12-19 20:00:00+00:00,90.16200256347656,90.27200317382812,90.02200317382812,90.2040023803711,0,0.015
2023-12-20 00:00:00+00:00,90.1729965209961,90.28399658203125,89.98400115966797,90.19100189208984,0,0.015
2023-12-20 04:00:00+00:00,90.19200134277344,90.21199798583984,90.01200103759766,90.1729965209961,0,0.015
2023-12-20 08:00:00+00:00,90.1719970703125,90.3290023803711,90.07099914550781,90.16600036621094,0,0.015
2023-12-20 12:00:00+00:00,90.1709976196289,90.40499877929688,90.11599731445312,90.375,0,0.015
2023-12-20 16:00:00+00:00,90.37300109863281,90.43299865722656,90.0459976196289,90.06099700927734,0,0.015
2023-12-20 20:00:00+00:00,90.05699920654297,90.12799835205078,89.53399658203125,89.72599792480469,0,0.015
2023-12-21 00:00:00+00:00,89.73799896240234,89.8010025024414,89.26200103759766,89.32599639892578,0,0.015
2023-12-21 04:00:00+00:00,89.3270034790039,89.46099853515625,89.24500274658203,89.4469985961914,0,0.015
2023-12-21 08:00:00+00:00,89.447998046875,89.56099700927734,89.31999969482422,89.38400268554688,0,0.015
2023-12-21 12:00:00+00:00,89.38400268554688,89.46499633789062,89.23799896240234,89.2979965209961,0,0.015
2023-12-21 16:00:00+00:00,89.2959976196289,89.4530029296875,89.2300033569336,89.37999725341797,0,0.015
2023-12-21 20:00:00+00:00,89.37799835205078,89.55000305175781,89.33499908447266,89.37200164794922,0,0.015
2023-12-22 00:00:00+00:00,89.37899780273438,89.59300231933594,89.27799987792969,89.48400115966797,0,0.015
2023-12-22 04:00:00+00:00,89.48200225830078,89.55899810791016,89.23600006103516,89.31400299072266,0,0.015
2023-12-22 08:00:00+00:00,89.31900024414062,89.53800201416016,89.24299621582031,89.46499633789062,0,0.015
2023-12-22 12:00:00+00:00,89.45999908447266,89.83999633789062,89.41300201416016,89.75900268554688,0,0.015
2023-12-22 16:00:00+00:00,89.75900268554688,89.8290023803711,89.56700134277344,89.677001953125,0,0.015
2023-12-22 20:00:00+00:00,89.677001953125,89.72699737548828,89.6050033569336,89.63300323486328,0,0.015
2023-12-25 04:00:00+00:00,89.56400299072266,89.62799835205078,89.46800231933594,89.60900115966797,0,0.015
2023-12-25 08:00:00+00:00,89.81099700927734,89.81099700927734,89.77899932861328,89.80999755859375,0,0.015
2023-12-25 16:00:00+00:00,89.66600036621094,89.69200134277344,89.62000274658203,89.6500015258789,0,0.015
2023-12-25 20:00:00+00:00,89.6500015258789,89.78500366210938,89.50499725341797,89.65799713134766,0,0.015
2023-12-26 00:00:00+00:00,89.65499877929688,89.92900085449219,89.63400268554688,89.9010009765625,0,0.015
2023-12-26 04:00:00+00:00,89.90299987792969,89.99600219726562,89.78800201416016,89.7979965209961,0,0.015
2023-12-26 08:00:00+00:00,89.80500030517578,89.91000366210938,89.70700073242188,89.8479995727539,0,0.015
2023-12-26 12:00:00+00:00,89.8489990234375,90.0739974975586,89.83300018310547,90.05699920654297,0,0.015
2023-12-26 16:00:00+00:00,90.05899810791016,90.19499969482422,89.96499633789062,90.18699645996094,0,0.015
2023-12-26 20:00:00+00:00,90.18199920654297,90.197998046875,89.98799896240234,90.18099975585938,0,0.015
2023-12-27 00:00:00+00:00,90.18399810791016,90.3219985961914,90.16500091552734,90.24800109863281,0,0.015
2023-12-27 04:00:00+00:00,90.25499725341797,90.41500091552734,90.24500274658203,90.33200073242188,0,0.015
2023-12-27 08:00:00+00:00,90.33000183105469,90.34700012207031,90.06700134277344,90.24600219726562,0,0.015
2023-12-27 12:00:00+00:00,90.24500274658203,90.33300018310547,90.12699890136719,90.15299987792969,0,0.015
2023-12-27 16:00:00+00:00,90.15299987792969,90.15699768066406,89.64900207519531,89.77100372314453,0,0.015
2023-12-27 20:00:00+00:00,89.76699829101562,89.9280014038086,89.6510009765625,89.77300262451172,0,0.015
2023-12-28 00:00:00+00:00,89.78299713134766,90.06800079345703,89.697998046875,89.83499908447266,0,0.015
2023-12-28 04:00:00+00:00,89.83699798583984,89.84100341796875,89.30999755859375,89.45899963378906,0,0.015
2023-12-28 08:00:00+00:00,89.46099853515625,89.46499633789062,89.03399658203125,89.26799774169922,0,0.015
2023-12-28 12:00:00+00:00,89.26799774169922,89.56700134277344,89.16500091552734,89.552001953125,0,0.015
2023-12-28 16:00:00+00:00,89.55400085449219,89.78800201416016,89.4530029296875,89.53500366210938,0,0.015
2023-12-28 20:00:00+00:00,89.52899932861328,89.58899688720703,89.4000015258789,89.58000183105469,0,0.015
2023-12-29 00:00:00+00:00,89.58899688720703,89.8280029296875,89.54399871826172,89.7979965209961,0,0.015
2023-12-29 04:00:00+00:00,89.79900360107422,89.89199829101562,89.62799835205078,89.68399810791016,0,0.015
2023-12-29 08:00:00+00:00,89.68299865722656,89.77400207519531,89.37799835205078,89.44200134277344,0,0.015
2023-12-29 12:00:00+00:00,89.44100189208984,89.66699981689453,89.17400360107422,89.25499725341797,0,0.015
2023-12-29 16:00:00+00:00,89.25700378417969,89.37200164794922,89.0510025024414,89.12799835205078,0,0.015
2023-12-29 20:00:00+00:00,89.1259994506836,89.17500305175781,89.0199966430664,89.11100006103516,0,0.015
2024-01-01 16:00:00+00:00,88.85600280761719,88.98999786376953,88.8280029296875,88.96700286865234,0,0.015
2024-01-01 20:00:00+00:00,88.96700286865234,89.16100311279297,88.94499969482422,89.10099792480469,0,0.015
2024-01-02 00:00:00+00:00,89.0999984741211,89.26499938964844,89.04299926757812,89.15799713134766,0,0.015
2024-01-02 04:00:00+00:00,89.16400146484375,89.33100128173828,89.13099670410156,89.2020034790039,0,0.015
2024-01-02 08:00:00+00:00,89.20500183105469,89.38300323486328,89.02899932861328,89.08100128173828,0,0.015
2024-01-02 12:00:00+00:00,89.07499694824219,89.21399688720703,88.6989974975586,88.86299896240234,0,0.015
2024-01-02 16:00:00+00:00,88.86199951171875,88.9280014038086,88.71800231933594,88.72599792480469,0,0.015
2024-01-02 20:00:00+00:00,88.72599792480469,88.87100219726562,88.62999725341797,88.8280029296875,0,0.015
2024-01-03 00:00:00+00:00,88.875,88.927001953125,88.70700073242188,88.92400360107422,0,0.015
2024-01-03 04:00:00+00:00,88.9229965209961,89.27899932861328,88.90599822998047,89.16400146484375,0,0.015
2024-01-03 08:00:00+00:00,89.16400146484375,89.29499816894531,89.14099884033203,89.2239990234375,0,0.015
2024-01-03 12:00:00+00:00,89.22699737548828,89.47200012207031,88.98500061035156,89.41500091552734,0,0.015
2024-01-03 16:00:00+00:00,89.41600036621094,89.63500213623047,89.35600280761719,89.35800170898438,0,0.015
2024-01-03 20:00:00+00:00,89.36100006103516,89.56199645996094,89.29900360107422,89.38999938964844,0,0.015
2024-01-04 00:00:00+00:00,89.39099884033203,89.82499694824219,89.1989974975586,89.79900360107422,0,0.015
2024-01-04 04:00:00+00:00,89.802001953125,90.11399841308594,89.79000091552734,89.88999938964844,0,0.015
2024-01-04 08:00:00+00:00,89.89399719238281,90.2509994506836,89.87999725341797,90.13400268554688,0,0.015
2024-01-04 12:00:00+00:00,90.12899780273438,90.22599792480469,89.9729995727539,90.13500213623047,0,0.015
2024-01-04 16:00:00+00:00,90.13800048828125,90.17400360107422,89.94499969482422,90.03500366210938,0,0.015
2024-01-04 20:00:00+00:00,90.03199768066406,90.20700073242188,90.00499725341797,90.18900299072266,0,0.015
2024-01-05 00:00:00+00:00,90.19400024414062,90.36799621582031,90.16500091552734,90.2770004272461,0,0.015
2024-01-05 04:00:00+00:00,90.27400207519531,90.46299743652344,90.06999969482422,90.29900360107422,0,0.015
2024-01-05 08:00:00+00:00,90.30400085449219,90.43000030517578,90.18499755859375,90.27799987792969,0,0.015
2024-01-05 12:00:00+00:00,90.28199768066406,90.51200103759766,90.14099884033203,90.33899688720703,0,0.015
2024-01-05 16:00:00+00:00,90.33899688720703,90.47599792480469,90.28900146484375,90.34600067138672,0,0.015
2024-01-05 20:00:00+00:00,90.34500122070312,90.4020004272461,90.22200012207031,90.2249984741211,0,0.015
2024-01-08 00:00:00+00:00,90.41600036621094,90.48100280761719,90.06400299072266,90.08499908447266,0,0.015
2024-01-08 04:00:00+00:00,90.08499908447266,90.13700103759766,89.98100280761719,90.03299713134766,0,0.015
2024-01-08 08:00:00+00:00,90.03099822998047,90.08200073242188,89.81199645996094,89.86799621582031,0,0.015
2024-01-08 12:00:00+00:00,89.8740005493164,89.97000122070312,89.75599670410156,89.83499908447266,0,0.015
2024-01-08 16:00:00+00:00,89.83399963378906,90.08899688720703,89.76599884033203,90.0510025024414,0,0.015
2024-01-08 20:00:00+00:00,90.0479965209961,90.19200134277344,90.00199890136719,90.13700103759766,0,0.015
2024-01-09 00:00:00+00:00,90.13999938964844,90.15699768066406,89.78199768066406,89.89900207519531,0,0.015
2024-01-09 04:00:00+00:00,89.89800262451172,90.0009994506836,89.7040023803711,89.99199676513672,0,0.015
2024-01-09 08:00:00+00:00,89.98999786376953,90.0469970703125,89.84600067138672,89.86499786376953,0,0.015
2024-01-09 12:00:00+00:00,89.8740005493164,89.97899627685547,89.6780014038086,89.95800018310547,0,0.015
2024-01-09 16:00:00+00:00,89.95999908447266,90.1520004272461,89.89900207519531,90.14800262451172,0,0.015
2024-01-09 20:00:00+00:00,90.14900207519531,90.177001953125,89.97100067138672,90.08499908447266,0,0.015
2024-01-10 00:00:00+00:00,90.08899688720703,90.48600006103516,90.0790023803711,90.39600372314453,0,0.015
2024-01-10 04:00:00+00:00,90.39800262451172,90.47100067138672,90.28399658203125,90.41200256347656,0,0.015
2024-01-10 08:00:00+00:00,90.41600036621094,90.66100311279297,90.34100341796875,90.44499969482422,0,0.015
2024-01-10 12:00:00+00:00,90.44499969482422,90.70800018310547,90.39800262451172,90.69100189208984,0,0.015
2024-01-10 16:00:00+00:00,90.69400024414062,90.72799682617188,90.55000305175781,90.66400146484375,0,0.015
2024-01-10 20:00:00+00:00,90.66500091552734,90.81199645996094,90.52400207519531,90.76300048828125,0,0.015
2024-01-11 00:00:00+00:00,90.75900268554688,90.87899780273438,90.63200378417969,90.802001953125,0,0.015
2024-01-11 04:00:00+00:00,90.80400085449219,90.9739990234375,90.802001953125,90.86100006103516,0,0.015
2024-01-11 08:00:00+00:00,90.86399841308594,90.98300170898438,90.8219985961914,90.9000015258789,0,0.015
2024-01-11 12:00:00+00:00,90.90299987792969,90.94100189208984,90.55999755859375,90.677001953125,0,0.015
2024-01-11 16:00:00+00:00,90.677001953125,90.77300262451172,90.61599731445312,90.68699645996094,0,0.015
2024-01-11 20:00:00+00:00,90.69100189208984,90.70500183105469,90.35900115966797,90.55999755859375,0,0.015
2024-01-12 00:00:00+00:00,90.5739974975586,90.80699920654297,90.5479965209961,90.56900024414062,0,0.015
2024-01-12 04:00:00+00:00,90.56999969482422,90.67400360107422,90.48899841308594,90.58699798583984,0,0.015
2024-01-12 08:00:00+00:00,90.58899688720703,90.68800354003906,90.49400329589844,90.59100341796875,0,0.015
2024-01-12 12:00:00+00:00,90.58899688720703,90.81700134277344,90.47000122070312,90.5009994506836,0,0.015
2024-01-12 16:00:00+00:00,90.50199890136719,90.60800170898438,90.42900085449219,90.48200225830078,0,0.015
2024-01-12 20:00:00+00:00,90.48200225830078,90.50199890136719,90.36299896240234,90.47599792480469,0,0.015
2024-01-15 00:00:00+00:00,90.44499969482422,90.54100036621094,90.30699920654297,90.48999786376953,0,0.015
2024-01-15 04:00:00+00:00,90.49099731445312,90.49199676513672,90.28099822998047,90.29199981689453,0,0.015
2024-01-15 08:00:00+00:00,90.29100036621094,90.31400299072266,90.08399963378906,90.24199676513672,0,0.015
2024-01-15 12:00:00+00:00,90.24600219726562,90.35800170898438,90.22699737548828,90.34600067138672,0,0.015
2024-01-15 16:00:00+00:00,90.34300231933594,90.4280014038086,90.28900146484375,90.2959976196289,0,0.015
2024-01-15 20:00:00+00:00,90.29499816894531,90.43900299072266,90.20999908447266,90.23600006103516,0,0.015
2024-01-16 00:00:00+00:00,90.24199676513672,90.25199890136719,89.88400268554688,90.06300354003906,0,0.015
2024-01-16 04:00:00+00:00,90.06300354003906,90.18099975585938,90.00700378417969,90.11499786376953,0,0.015
2024-01-16 08:00:00+00:00,90.11900329589844,90.33799743652344,90.0459976196289,90.23899841308594,0,0.015
2024-01-16 12:00:00+00:00,90.23999786376953,90.34700012207031,90.13700103759766,90.27799987792969,0,0.015
2024-01-16 16:00:00+00:00,90.27799987792969,90.42500305175781,90.21499633789062,90.35399627685547,0,0.015
2024-01-16 20:00:00+00:00,90.35199737548828,90.44100189208984,90.2509994506836,90.41200256347656,0,0.015
2024-01-17 00:00:00+00:00,90.41600036621094,90.54399871826172,90.31500244140625,90.31900024414062,0,0.015
2024-01-17 04:00:00+00:00,90.322998046875,90.55400085449219,90.28500366210938,90.48899841308594,0,0.015
2024-01-17 08:00:00+00:00,90.48500061035156,90.50399780273438,90.29499816894531,90.36900329589844,0,0.015
2024-01-17 12:00:00+00:00,90.36900329589844,90.49700164794922,90.1729965209961,90.46399688720703,0,0.015
2024-01-17 16:00:00+00:00,90.46299743652344,90.54100036621094,90.3740005493164,90.43299865722656,0,0.015
2024-01-17 20:00:00+00:00,90.43199920654297,90.63200378417969,90.4010009765625,90.53900146484375,0,0.015
2024-01-18 00:00:00+00:00,90.54299926757812,90.80000305175781,90.43099975585938,90.60299682617188,0,0.015
2024-01-18 04:00:00+00:00,90.60299682617188,90.60399627685547,90.34300231933594,90.375,0,0.015
2024-01-18 08:00:00+00:00,90.3759994506836,90.59200286865234,90.26100158691406,90.4749984741211,0,0.015
2024-01-18 12:00:00+00:00,90.4749984741211,90.53299713134766,90.21700286865234,90.40399932861328,0,0.015
2024-01-18 16:00:00+00:00,90.40799713134766,90.51499938964844,90.31600189208984,90.40499877929688,0,0.015
2024-01-18 20:00:00+00:00,90.40699768066406,90.64099884033203,90.4020004272461,90.625,0,0.015
2024-01-19 00:00:00+00:00,90.63099670410156,90.7020034790039,90.45999908447266,90.46499633789062,0,0.015
2024-01-19 04:00:00+00:00,90.46399688720703,90.65799713134766,90.41400146484375,90.47799682617188,0,0.015
2024-01-19 08:00:00+00:00,90.47799682617188,90.59400177001953,90.3489990234375,90.54399871826172,0,0.015
2024-01-19 12:00:00+00:00,90.53800201416016,90.61100006103516,90.31500244140625,90.3280029296875,0,0.015
2024-01-19 16:00:00+00:00,90.32599639892578,90.5719985961914,90.3010025024414,90.56199645996094,0,0.015
2024-01-19 20:00:00+00:00,90.56099700927734,90.62100219726562,90.49600219726562,90.52899932861328,0,0.015
2024-01-22 00:00:00+00:00,90.61199951171875,90.80699920654297,90.54000091552734,90.56800079345703,0,0.015
2024-01-22 04:00:00+00:00,90.5719985961914,90.58300018310547,90.3489990234375,90.41600036621094,0,0.015
2024-01-22 08:00:00+00:00,90.41400146484375,90.55599975585938,90.3949966430664,90.43800354003906,0,0.015
2024-01-22 12:00:00+00:00,90.43599700927734,90.50800323486328,90.23999786376953,90.25199890136719,0,0.015
2024-01-22 16:00:00+00:00,90.25199890136719,90.28199768066406,90.01200103759766,90.01599884033203,0,0.015
2024-01-22 20:00:00+00:00,90.01399993896484,90.02899932861328,89.81099700927734,89.98500061035156,0,0.015
2024-01-23 00:00:00+00:00,89.96399688720703,90.42400360107422,89.9520034790039,90.12999725341797,0,0.015
2024-01-23 04:00:00+00:00,90.12699890136719,90.4010009765625,89.88500213623047,90.0469970703125,0,0.015
2024-01-23 08:00:00+00:00,90.0469970703125,90.06400299072266,89.73600006103516,89.99199676513672,0,0.015
2024-01-23 12:00:00+00:00,89.99199676513672,90.28900146484375,89.98799896240234,90.16600036621094,0,0.015
2024-01-23 16:00:00+00:00,90.16400146484375,90.26799774169922,90.0999984741211,90.22699737548828,0,0.015
2024-01-23 20:00:00+00:00,90.23200225830078,90.6050033569336,90.1780014038086,90.46700286865234,0,0.015
2024-01-24 00:00:00+00:00,90.45999908447266,90.46499633789062,90.08300018310547,90.09700012207031,0,0.015
2024-01-24 04:00:00+00:00,90.09600067138672,90.37699890136719,90.0780029296875,90.322998046875,0,0.015
2024-01-24 08:00:00+00:00,90.3270034790039,90.5530014038086,90.25299835205078,90.41799926757812,0,0.015
2024-01-24 12:00:00+00:00,90.41500091552734,90.4260025024414,90.01599884033203,90.0530014038086,0,0.015
2024-01-24 16:00:00+00:00,90.04900360107422,90.25700378417969,90.04199981689453,90.13400268554688,0,0.015
2024-01-24 20:00:00+00:00,90.13899993896484,90.27400207519531,89.9990005493164,90.11799621582031,0,0.015
2024-01-25 00:00:00+00:00,90.12899780273438,90.25599670410156,90.072998046875,90.2239990234375,0,0.015
2024-01-25 04:00:00+00:00,90.2239990234375,90.32599639892578,90.14600372314453,90.27899932861328,0,0.015
2024-01-25 08:00:00+00:00,90.29000091552734,90.43599700927734,90.26499938964844,90.322998046875,0,0.015
2024-01-25 12:00:00+00:00,90.3280029296875,90.41899871826172,90.1050033569336,90.22200012207031,0,0.015
2024-01-25 16:00:00+00:00,90.2239990234375,90.4219970703125,90.177001953125,90.32099914550781,0,0.015
2024-01-25 20:00:00+00:00,90.32099914550781,90.35099792480469,90.09100341796875,90.22100067138672,0,0.015
2024-01-26 00:00:00+00:00,90.20500183105469,90.25499725341797,90.04299926757812,90.1709976196289,0,0.015
2024-01-26 04:00:00+00:00,90.1709976196289,90.2699966430664,90.0479965209961,90.06900024414062,0,0.015
2024-01-26 08:00:00+00:00,90.06500244140625,90.2969970703125,90.04299926757812,90.25700378417969,0,0.015
2024-01-26 12:00:00+00:00,90.25800323486328,90.41000366210938,90.15699768066406,90.38600158691406,0,0.015
2024-01-26 16:00:00+00:00,90.39099884033203,90.39299774169922,90.1969985961914,90.24600219726562,0,0.015
2024-01-26 20:00:00+00:00,90.24600219726562,90.26300048828125,90.16799926757812,90.2509994506836,0,0.015
2024-01-29 00:00:00+00:00,90.24700164794922,90.44599914550781,90.21600341796875,90.30799865722656,0,0.015
2024-01-29 04:00:00+00:00,90.30400085449219,90.38800048828125,90.1780014038086,90.3219985961914,0,0.015
2024-01-29 08:00:00+00:00,90.3270034790039,90.48899841308594,90.2969970703125,90.38700103759766,0,0.015
2024-01-29 12:00:00+00:00,90.38899993896484,90.51100158691406,90.19200134277344,90.21499633789062,0,0.015
2024-01-29 16:00:00+00:00,90.21199798583984,90.28399658203125,90.07499694824219,90.26899719238281,0,0.015
2024-01-29 20:00:00+00:00,90.26699829101562,90.49500274658203,90.25800323486328,90.46900177001953,0,0.015
2024-01-30 00:00:00+00:00,90.447998046875,90.51000213623047,90.29900360107422,90.46800231933594,0,0.015
2024-01-30 04:00:00+00:00,90.46900177001953,90.58599853515625,90.39199829101562,90.48500061035156,0,0.015
2024-01-30 08:00:00+00:00,90.48600006103516,90.5530014038086,90.23600006103516,90.28099822998047,0,0.015
2024-01-30 12:00:00+00:00,90.27799987792969,90.40499877929688,90.22899627685547,90.39700317382812,0,0.015
2024-01-30 16:00:00+00:00,90.39700317382812,90.55899810791016,90.38300323486328,90.51699829101562,0,0.015
2024-01-30 20:00:00+00:00,90.5199966430664,90.5780029296875,90.33799743652344,90.3479995727539,0,0.015
2024-01-31 00:00:00+00:00,90.34200286865234,90.46600341796875,90.21900177001953,90.31600189208984,0,0.015
2024-01-31 04:00:00+00:00,90.31999969482422,90.42400360107422,90.23100280761719,90.40899658203125,0,0.015
2024-01-31 08:00:00+00:00,90.40899658203125,90.552001953125,90.33100128173828,90.4489974975586,0,0.015
2024-01-31 12:00:00+00:00,90.44599914550781,90.71800231933594,89.95700073242188,89.98300170898438,0,0.015
2024-01-31 16:00:00+00:00,89.9800033569336,90.0739974975586,89.77899932861328,89.93299865722656,0,0.015
2024-01-31 20:00:00+00:00,89.94200134277344,90.06099700927734,89.7300033569336,89.8740005493164,0,0.015
2024-02-01 00:00:00+00:00,89.8550033569336,90.00800323486328,89.76599884033203,89.9540023803711,0,0.015
2024-02-01 04:00:00+00:00,89.95700073242188,89.98600006103516,89.56500244140625,89.5790023803711,0,0.015
2024-02-01 08:00:00+00:00,89.5770034790039,89.58300018310547,89.25499725341797,89.41200256347656,0,0.015
2024-02-01 12:00:00+00:00,89.40499877929688,89.60800170898438,89.25199890136719,89.48999786376953,0,0.015
2024-02-01 16:00:00+00:00,89.49700164794922,89.8489990234375,89.43000030517578,89.72200012207031,0,0.015
2024-02-01 20:00:00+00:00,89.70999908447266,90.03199768066406,89.70899963378906,89.96800231933594,0,0.015
2024-02-02 00:00:00+00:00,89.98300170898438,90.10900115966797,89.9000015258789,90.03399658203125,0,0.015
2024-02-02 04:00:00+00:00,90.03700256347656,90.14600372314453,89.99600219726562,90.0999984741211,0,0.015
2024-02-02 08:00:00+00:00,90.0989990234375,90.34200286865234,90.08300018310547,90.22100067138672,0,0.015
2024-02-02 12:00:00+00:00,90.2229995727539,90.30699920654297,89.88099670410156,90.0479965209961,0,0.015
2024-02-02 16:00:00+00:00,90.04900360107422,90.08200073242188,89.94300079345703,90.03500366210938,0,0.015
2024-02-02 20:00:00+00:00,90.03500366210938,90.09600067138672,89.90499877929688,89.9739990234375,0,0.015
2024-02-05 00:00:00+00:00,90.01399993896484,90.09100341796875,89.84400177001953,90.07599639892578,0,0.015
2024-02-05 04:00:00+00:00,90.0719985961914,90.22000122070312,90.03099822998047,90.2030029296875,0,0.015
2024-02-05 08:00:00+00:00,90.20700073242188,90.2750015258789,89.93800354003906,89.99099731445312,0,0.015
2024-02-05 12:00:00+00:00,89.98999786376953,90.00800323486328,89.75700378417969,89.9749984741211,0,0.015
2024-02-05 16:00:00+00:00,89.97699737548828,90.03800201416016,89.90499877929688,89.97000122070312,0,0.015
2024-02-05 20:00:00+00:00,89.96900177001953,90.06199645996094,89.9260025024414,89.96499633789062,0,0.015
2024-02-06 00:00:00+00:00,89.97899627685547,90.19300079345703,89.91100311279297,90.10199737548828,0,0.015
2024-02-06 04:00:00+00:00,90.10199737548828,90.23300170898438,90.01100158691406,90.14299774169922,0,0.015
2024-02-06 08:00:00+00:00,90.14700317382812,90.16300201416016,89.92500305175781,89.97899627685547,0,0.015
2024-02-06 12:00:00+00:00,89.9800033569336,90.0790023803711,89.80699920654297,89.81800079345703,0,0.015
2024-02-06 16:00:00+00:00,89.81800079345703,89.94200134277344,89.7969970703125,89.88099670410156,0,0.015
2024-02-06 20:00:00+00:00,89.87899780273438,90.22699737548828,89.86199951171875,90.14900207519531,0,0.015
2024-02-07 00:00:00+00:00,90.15499877929688,90.37200164794922,90.08200073242188,90.30500030517578,0,0.015
2024-02-07 04:00:00+00:00,90.30000305175781,90.38700103759766,90.197998046875,90.24099731445312,0,0.015
2024-02-07 08:00:00+00:00,90.24099731445312,90.52300262451172,90.23400115966797,90.48899841308594,0,0.015
2024-02-07 12:00:00+00:00,90.49099731445312,90.69300079345703,90.31400299072266,90.40599822998047,0,0.015
2024-02-07 16:00:00+00:00,90.40499877929688,90.5,90.33499908447266,90.42500305175781,0,0.015
2024-02-07 20:00:00+00:00,90.42900085449219,90.5999984741211,90.38700103759766,90.46199798583984,0,0.015
2024-02-08 00:00:00+00:00,90.46299743652344,90.82499694824219,90.4540023803711,90.71700286865234,0,0.015
2024-02-08 04:00:00+00:00,90.71499633789062,90.93099975585938,90.70999908447266,90.8740005493164,0,0.015
2024-02-08 08:00:00+00:00,90.875,90.95899963378906,90.75,90.86399841308594,0,0.015
2024-02-08 12:00:00+00:00,90.86299896240234,90.98699951171875,90.80899810791016,90.96700286865234,0,0.015
2024-02-08 16:00:00+00:00,90.96600341796875,91.00800323486328,90.86900329589844,90.98400115966797,0,0.015
2024-02-08 20:00:00+00:00,90.98400115966797,91.20800018310547,90.91200256347656,91.19499969482422,0,0.015
2024-02-09 00:00:00+00:00,91.24700164794922,91.56600189208984,91.13300323486328,91.52100372314453,0,0.015
2024-02-09 04:00:00+00:00,91.5199966430664,91.59200286865234,91.36599731445312,91.56300354003906,0,0.015
2024-02-09 08:00:00+00:00,91.56900024414062,91.8290023803711,91.55500030517578,91.71399688720703,0,0.015
2024-02-09 12:00:00+00:00,91.71499633789062,91.822998046875,91.62899780273438,91.73200225830078,0,0.015
2024-02-09 16:00:00+00:00,91.72899627685547,91.85900115966797,91.677001953125,91.822998046875,0,0.015
2024-02-09 20:00:00+00:00,91.81999969482422,91.86299896240234,91.72599792480469,91.7750015258789,0,0.015
2024-02-12 00:00:00+00:00,91.7040023803711,91.75499725341797,91.38600158691406,91.4540023803711,0,0.015
2024-02-12 04:00:00+00:00,91.4520034790039,91.56099700927734,91.40599822998047,91.52799987792969,0,0.015
2024-02-12 08:00:00+00:00,91.5270004272461,91.53299713134766,91.23400115966797,91.2760009765625,0,0.015
2024-02-12 12:00:00+00:00,91.27400207519531,91.62699890136719,91.23100280761719,91.61599731445312,0,0.015
2024-02-12 16:00:00+00:00,91.61699676513672,91.6719970703125,91.48999786376953,91.54399871826172,0,0.015
2024-02-12 20:00:00+00:00,91.54399871826172,91.57599639892578,91.4530029296875,91.53900146484375,0,0.015
2024-02-13 00:00:00+00:00,91.54299926757812,91.57099914550781,91.125,91.17400360107422,0,0.015
2024-02-13 04:00:00+00:00,91.1719970703125,91.42500305175781,91.16000366210938,91.35700225830078,0,0.015
2024-02-13 08:00:00+00:00,91.36100006103516,91.41000366210938,91.23600006103516,91.30699920654297,0,0.015
2024-02-13 12:00:00+00:00,91.30799865722656,91.49400329589844,91.03299713134766,91.27200317382812,0,0.015
2024-02-13 16:00:00+00:00,91.2760009765625,91.36900329589844,91.22100067138672,91.26000213623047,0,0.015
2024-02-13 20:00:00+00:00,91.26000213623047,91.43099975585938,91.19200134277344,91.28900146484375,0,0.015
2024-02-14 00:00:00+00:00,91.28600311279297,91.40399932861328,91.12799835205078,91.36900329589844,0,0.015
2024-02-14 04:00:00+00:00,91.37200164794922,91.55000305175781,91.3270034790039,91.51699829101562,0,0.015
2024-02-14 08:00:00+00:00,91.51300048828125,91.58100128173828,91.3759994506836,91.52100372314453,0,0.015
2024-02-14 12:00:00+00:00,91.52100372314453,91.63300323486328,91.49700164794922,91.61199951171875,0,0.015
2024-02-14 16:00:00+00:00,91.61199951171875,91.64700317382812,91.48200225830078,91.53900146484375,0,0.015
2024-02-14 20:00:00+00:00,91.53500366210938,91.69200134277344,91.48899841308594,91.68800354003906,0,0.015
2024-02-15 00:00:00+00:00,91.6719970703125,91.6989974975586,91.33200073242188,91.4010009765625,0,0.015
2024-02-15 04:00:00+00:00,91.4020004272461,91.4469985961914,91.27100372314453,91.41999816894531,0,0.015
2024-02-15 08:00:00+00:00,91.4229965209961,91.51300048828125,91.25700378417969,91.46199798583984,0,0.015
2024-02-15 12:00:00+00:00,91.46299743652344,91.83399963378906,91.40899658203125,91.7300033569336,0,0.015
2024-02-15 16:00:00+00:00,91.72200012207031,91.7699966430664,91.58100128173828,91.65599822998047,0,0.015
2024-02-15 20:00:00+00:00,91.65599822998047,91.66699981689453,91.49199676513672,91.62200164794922,0,0.015
2024-02-16 00:00:00+00:00,91.625,91.67900085449219,91.44000244140625,91.61399841308594,0,0.015
2024-02-16 04:00:00+00:00,91.60900115966797,91.69200134277344,91.52200317382812,91.66999816894531,0,0.015
2024-02-16 08:00:00+00:00,91.6709976196289,91.8479995727539,91.56300354003906,91.7300033569336,0,0.015
2024-02-16 12:00:00+00:00,91.73600006103516,91.88200378417969,91.6719970703125,91.86000061035156,0,0.015
2024-02-16 16:00:00+00:00,91.86000061035156,92.11499786376953,91.83100128173828,92.06199645996094,0,0.015
2024-02-16 20:00:00+00:00,92.06199645996094,92.0739974975586,91.9209976196289,92.00599670410156,0,0.015
2024-02-19 00:00:00+00:00,92.10600280761719,92.13899993896484,91.96399688720703,92.02100372314453,0,0.015
2024-02-19 04:00:00+00:00,92.01699829101562,92.25,92.01399993896484,92.21700286865234,0,0.015
2024-02-19 08:00:00+00:00,92.21800231933594,92.24600219726562,92.04499816894531,92.05000305175781,0,0.015
2024-02-19 12:00:00+00:00,92.0510025024414,92.25199890136719,92.02899932861328,92.22899627685547,0,0.015
2024-02-19 16:00:00+00:00,92.23200225830078,92.33200073242188,92.20700073242188,92.29199981689453,0,0.015
2024-02-19 20:00:00+00:00,92.29399871826172,92.35700225830078,92.23200225830078,92.2969970703125,0,0.015
2024-02-20 00:00:00+00:00,92.29900360107422,92.31500244140625,92.14099884033203,92.26200103759766,0,0.015
2024-02-20 04:00:00+00:00,92.25800323486328,92.38500213623047,92.23699951171875,92.302001953125,0,0.015
2024-02-20 08:00:00+00:00,92.3030014038086,92.66300201416016,92.27100372314453,92.65699768066406,0,0.015
2024-02-20 12:00:00+00:00,92.66000366210938,92.80500030517578,92.4229965209961,92.58599853515625,0,0.015
2024-02-20 16:00:00+00:00,92.58799743652344,92.5989990234375,92.41000366210938,92.47200012207031,0,0.015
2024-02-20 20:00:00+00:00,92.47200012207031,92.55599975585938,92.3550033569336,92.48400115966797,0,0.015
2024-02-21 00:00:00+00:00,92.47899627685547,92.78500366210938,92.45800018310547,92.75800323486328,0,0.015
2024-02-21 04:00:00+00:00,92.75599670410156,92.94599914550781,92.72000122070312,92.93099975585938,0,0.015
2024-02-21 08:00:00+00:00,92.93199920654297,92.98999786376953,92.72100067138672,92.77799987792969,0,0.015
2024-02-21 12:00:00+00:00,92.77899932861328,92.822998046875,92.66300201416016,92.69200134277344,0,0.015
2024-02-21 16:00:00+00:00,92.69300079345703,92.79100036621094,92.64299774169922,92.74700164794922,0,0.015
2024-02-21 20:00:00+00:00,92.75800323486328,92.96099853515625,92.70500183105469,92.91200256347656,0,0.015
2024-02-22 00:00:00+00:00,92.91600036621094,93.20999908447266,92.86000061035156,93.06099700927734,0,0.015
2024-02-22 04:00:00+00:00,93.06600189208984,93.31099700927734,93.03199768066406,93.2959976196289,0,0.015
2024-02-22 08:00:00+00:00,93.29199981689453,93.35700225830078,93.15899658203125,93.20500183105469,0,0.015
2024-02-22 12:00:00+00:00,93.20500183105469,93.3010025024414,93.00599670410156,93.08999633789062,0,0.015
2024-02-22 16:00:00+00:00,93.09100341796875,93.3479995727539,93.05999755859375,93.3239974975586,0,0.015
2024-02-22 20:00:00+00:00,93.32499694824219,93.36299896240234,93.13999938964844,93.1969985961914,0,0.015
2024-02-23 00:00:00+00:00,93.197998046875,93.36199951171875,93.1240005493164,93.33999633789062,0,0.015
2024-02-23 04:00:00+00:00,93.33999633789062,93.44499969482422,93.29900360107422,93.36299896240234,0,0.015
2024-02-23 08:00:00+00:00,93.36000061035156,93.41799926757812,93.1719970703125,93.31700134277344,0,0.015
2024-02-23 12:00:00+00:00,93.31300354003906,93.4489974975586,93.125,93.19200134277344,0,0.015
2024-02-23 16:00:00+00:00,93.19300079345703,93.22000122070312,93.05799865722656,93.2020034790039,0,0.015
2024-02-23 20:00:00+00:00,93.20700073242188,93.29299926757812,93.14399719238281,93.2249984741211,0,0.015
2024-02-26 00:00:00+00:00,93.07499694824219,93.10299682617188,92.65299987792969,92.80599975585938,0,0.015
2024-02-26 04:00:00+00:00,92.80500030517578,92.87200164794922,92.73400115966797,92.79100036621094,0,0.015
2024-02-26 08:00:00+00:00,92.79000091552734,93.0979995727539,92.72200012207031,93.08399963378906,0,0.015
2024-02-26 12:00:00+00:00,93.08000183105469,93.13700103759766,92.927001953125,93.0479965209961,0,0.015
2024-02-26 16:00:00+00:00,93.04900360107422,93.1050033569336,93.0009994506836,93.0199966430664,0,0.015
2024-02-26 20:00:00+00:00,93.02400207519531,93.08399963378906,92.79100036621094,92.83499908447266,0,0.015
2024-02-27 00:00:00+00:00,92.84500122070312,92.84600067138672,92.5719985961914,92.66100311279297,0,0.015
2024-02-27 04:00:00+00:00,92.66699981689453,92.85700225830078,92.66200256347656,92.78500366210938,0,0.015
2024-02-27 08:00:00+00:00,92.78500366210938,92.79399871826172,92.572998046875,92.66600036621094,0,0.015
2024-02-27 12:00:00+00:00,92.66400146484375,92.83100128173828,92.56700134277344,92.82499694824219,0,0.015
2024-02-27 16:00:00+00:00,92.8270034790039,92.91200256347656,92.77799987792969,92.86399841308594,0,0.015
2024-02-27 20:00:00+00:00,92.86799621582031,92.90499877929688,92.79299926757812,92.85299682617188,0,0.015
2024-02-28 00:00:00+00:00,92.8489990234375,92.94000244140625,91.83100128173828,91.93000030517578,0,0.015
2024-02-28 04:00:00+00:00,91.93299865722656,92.12699890136719,91.89800262451172,92.08100128173828,0,0.015
2024-02-28 08:00:00+00:00,92.0790023803711,92.09400177001953,91.8270034790039,91.87899780273438,0,0.015
2024-02-28 12:00:00+00:00,91.87100219726562,91.90499877929688,91.77400207519531,91.81999969482422,0,0.015
2024-02-28 16:00:00+00:00,91.81500244140625,91.85700225830078,91.6719970703125,91.75900268554688,0,0.015
2024-02-28 20:00:00+00:00,91.75800323486328,91.91400146484375,91.74299621582031,91.8290023803711,0,0.015
2024-02-29 00:00:00+00:00,91.84100341796875,91.84400177001953,91.38600158691406,91.46499633789062,0,0.015
2024-02-29 04:00:00+00:00,91.46800231933594,91.55999755859375,91.2300033569336,91.24299621582031,0,0.015
2024-02-29 08:00:00+00:00,91.23999786376953,91.34200286865234,91.13700103759766,91.20600128173828,0,0.015
2024-02-29 12:00:00+00:00,91.20899963378906,91.33999633789062,91.0469970703125,91.14600372314453,0,0.015
2024-02-29 16:00:00+00:00,91.15399932861328,91.29199981689453,91.13999938964844,91.19000244140625,0,0.015
2024-02-29 20:00:00+00:00,91.19000244140625,91.40899658203125,91.1709976196289,91.33399963378906,0,0.015
2024-03-01 00:00:00+00:00,91.3499984741211,91.65399932861328,91.34100341796875,91.63300323486328,0,0.015
2024-03-01 04:00:00+00:00,91.63600158691406,91.69200134277344,91.5780029296875,91.59400177001953,0,0.015
2024-03-01 08:00:00+00:00,91.5979995727539,91.77200317382812,91.5770034790039,91.677001953125,0,0.015
2024-03-01 12:00:00+00:00,91.6729965209961,91.77400207519531,91.49500274658203,91.6969985961914,0,0.015
2024-03-01 16:00:00+00:00,91.6969985961914,91.73799896240234,91.59200286865234,91.6520004272461,0,0.015
2024-03-01 20:00:00+00:00,91.6510009765625,91.71399688720703,91.60600280761719,91.66100311279297,0,0.015
2024-03-04 00:00:00+00:00,91.61699676513672,91.63999938964844,91.50299835205078,91.58499908447266,0,0.015
2024-03-04 04:00:00+00:00,91.58000183105469,91.75700378417969,91.54199981689453,91.73999786376953,0,0.015
2024-03-04 08:00:00+00:00,91.74400329589844,91.8270034790039,91.51200103759766,91.76899719238281,0,0.015
2024-03-04 12:00:00+00:00,91.76899719238281,91.8030014038086,91.6510009765625,91.75599670410156,0,0.015
2024-03-04 16:00:00+00:00,91.75499725341797,91.81700134277344,91.66500091552734,91.7300033569336,0,0.015
2024-03-04 20:00:00+00:00,91.73400115966797,91.81500244140625,91.63899993896484,91.71800231933594,0,0.015
2024-03-05 00:00:00+00:00,91.6969985961914,91.71399688720703,91.54199981689453,91.66500091552734,0,0.015
2024-03-05 04:00:00+00:00,91.66999816894531,91.68000030517578,91.36900329589844,91.39900207519531,0,0.015
2024-03-05 08:00:00+00:00,91.40299987792969,91.51799774169922,91.2770004272461,91.46299743652344,0,0.015
2024-03-05 12:00:00+00:00,91.47000122070312,91.5459976196289,91.28500366210938,91.51699829101562,0,0.015
2024-03-05 16:00:00+00:00,91.51499938964844,91.53700256347656,91.18099975585938,91.21299743652344,0,0.015
2024-03-05 20:00:00+00:00,91.21099853515625,91.38999938964844,91.13200378417969,91.3270034790039,0,0.015
2024-03-06 00:00:00+00:00,91.3270034790039,91.33499908447266,91.03299713134766,91.30799865722656,0,0.015
2024-03-06 04:00:00+00:00,91.30599975585938,91.39299774169922,91.07099914550781,91.13999938964844,0,0.015
2024-03-06 08:00:00+00:00,91.13700103759766,91.39299774169922,91.12899780273438,91.36900329589844,0,0.015
2024-03-06 12:00:00+00:00,91.37000274658203,91.53099822998047,91.26000213623047,91.51100158691406,0,0.015
2024-03-06 16:00:00+00:00,91.51000213623047,91.66300201416016,91.44400024414062,91.48999786376953,0,0.015
2024-03-06 20:00:00+00:00,91.49099731445312,91.58100128173828,91.41899871826172,91.46700286865234,0,0.015
2024-03-07 00:00:00+00:00,91.46499633789062,91.48300170898438,91.10700225830078,91.302001953125,0,0.015
2024-03-07 04:00:00+00:00,91.302001953125,91.34600067138672,90.97000122070312,90.97599792480469,0,0.015
2024-03-07 08:00:00+00:00,90.97699737548828,91.16500091552734,90.94000244140625,91.0459976196289,0,0.015
2024-03-07 12:00:00+00:00,91.04399871826172,91.38999938964844,90.98200225830078,91.3499984741211,0,0.015
2024-03-07 16:00:00+00:00,91.34500122070312,91.44400024414062,91.31700134277344,91.36900329589844,0,0.015
2024-03-07 20:00:00+00:00,91.36299896240234,91.43599700927734,91.25499725341797,91.34700012207031,0,0.015
2024-03-08 00:00:00+00:00,91.35399627685547,91.37100219726562,91.1449966430664,91.22899627685547,0,0.015
2024-03-08 04:00:00+00:00,91.22799682617188,91.41300201416016,91.21700286865234,91.38800048828125,0,0.015
2024-03-08 08:00:00+00:00,91.38400268554688,91.41000366210938,90.87200164794922,90.97799682617188,0,0.015
2024-03-08 12:00:00+00:00,90.97100067138672,91.16400146484375,90.9260025024414,91.03700256347656,0,0.015
2024-03-08 16:00:00+00:00,91.03900146484375,91.05999755859375,90.70999908447266,90.83599853515625,0,0.015
2024-03-08 20:00:00+00:00,90.83599853515625,90.85700225830078,90.76399993896484,90.81300354003906,0,0.015
2024-03-11 00:00:00+00:00,90.70600128173828,90.77899932861328,90.5530014038086,90.68800354003906,0,0.015
2024-03-11 04:00:00+00:00,90.68900299072266,90.81700134277344,90.62699890136719,90.63300323486328,0,0.015
2024-03-11 08:00:00+00:00,90.62799835205078,90.6510009765625,90.43299865722656,90.5999984741211,0,0.015
2024-03-11 12:00:00+00:00,90.60099792480469,90.72799682617188,90.51499938964844,90.56900024414062,0,0.015
2024-03-11 16:00:00+00:00,90.56999969482422,90.65899658203125,90.49700164794922,90.62000274658203,0,0.015
2024-03-11 20:00:00+00:00,90.61599731445312,90.69999694824219,90.47899627685547,90.52999877929688,0,0.015
2024-03-12 00:00:00+00:00,90.53299713134766,91.01000213623047,90.47899627685547,91.00199890136719,0,0.015
2024-03-12 04:00:00+00:00,90.9990005493164,91.0530014038086,90.81900024414062,90.91000366210938,0,0.015
2024-03-12 08:00:00+00:00,90.90499877929688,90.98899841308594,90.75299835205078,90.86699676513672,0,0.015
2024-03-12 12:00:00+00:00,90.86599731445312,91.052001953125,90.7229995727539,90.80500030517578,0,0.015
2024-03-12 16:00:00+00:00,90.80699920654297,90.86599731445312,90.7229995727539,90.82499694824219,0,0.015
2024-03-12 20:00:00+00:00,90.82599639892578,90.85600280761719,90.7030029296875,90.78099822998047,0,0.015
2024-03-13 00:00:00+00:00,90.77200317382812,90.81700134277344,90.5250015258789,90.81199645996094,0,0.015
2024-03-13 04:00:00+00:00,90.81099700927734,91.08200073242188,90.8030014038086,91.04499816894531,0,0.015
2024-03-13 08:00:00+00:00,91.04299926757812,91.125,90.9530029296875,91.09200286865234,0,0.015
2024-03-13 12:00:00+00:00,91.09600067138672,91.11699676513672,90.93000030517578,90.94599914550781,0,0.015
2024-03-13 16:00:00+00:00,90.94599914550781,91.09100341796875,90.89900207519531,90.94499969482422,0,0.015
2024-03-13 20:00:00+00:00,90.95099639892578,91.00800323486328,90.82099914550781,91.00399780273438,0,0.015
2024-03-14 00:00:00+00:00,90.9800033569336,91.19599914550781,90.9260025024414,91.03500366210938,0,0.015
2024-03-14 04:00:00+00:00,91.03800201416016,91.14900207519531,90.99299621582031,91.11299896240234,0,0.015
2024-03-14 08:00:00+00:00,91.11299896240234,91.21199798583984,91.03900146484375,91.13300323486328,0,0.015
2024-03-14 12:00:00+00:00,91.13300323486328,91.13999938964844,90.77899932861328,90.85099792480469,0,0.015
2024-03-14 16:00:00+00:00,90.85199737548828,90.96900177001953,90.7509994506836,90.8759994506836,0,0.015
2024-03-14 20:00:00+00:00,90.86799621582031,90.9489974975586,90.75900268554688,90.80699920654297,0,0.015
2024-03-15 00:00:00+00:00,90.81400299072266,90.8499984741211,90.48699951171875,90.52300262451172,0,0.015
2024-03-15 04:00:00+00:00,90.5260009765625,90.64199829101562,90.35700225830078,90.58100128173828,0,0.015
2024-03-15 08:00:00+00:00,90.58100128173828,90.71299743652344,90.54100036621094,90.66000366210938,0,0.015
2024-03-15 12:00:00+00:00,90.66300201416016,90.83699798583984,90.61799621582031,90.802001953125,0,0.015
2024-03-15 16:00:00+00:00,90.80400085449219,90.83799743652344,90.6259994506836,90.69999694824219,0,0.015
2024-03-15 20:00:00+00:00,90.697998046875,90.73200225830078,90.61599731445312,90.66100311279297,0,0.015
2024-03-18 00:00:00+00:00,90.66899871826172,90.88700103759766,90.62799835205078,90.84300231933594,0,0.015
2024-03-18 04:00:00+00:00,90.8479995727539,90.96700286865234,90.8219985961914,90.89199829101562,0,0.015
2024-03-18 08:00:00+00:00,90.89199829101562,90.98200225830078,90.7979965209961,90.81800079345703,0,0.015
2024-03-18 12:00:00+00:00,90.81600189208984,90.91799926757812,90.71199798583984,90.73500061035156,0,0.015
2024-03-18 16:00:00+00:00,90.73799896240234,90.76000213623047,90.58300018310547,90.70600128173828,0,0.015
2024-03-18 20:00:00+00:00,90.70800018310547,90.80500030517578,90.65399932861328,90.71099853515625,0,0.015
2024-03-19 00:00:00+00:00,90.70600128173828,90.9530029296875,90.48400115966797,90.86699676513672,0,0.015
2024-03-19 04:00:00+00:00,90.86699676513672,91.09300231933594,90.7750015258789,90.9469985961914,0,0.015
2024-03-19 08:00:00+00:00,90.9520034790039,91.04299926757812,90.81400299072266,91.01100158691406,0,0.015
2024-03-19 12:00:00+00:00,91.01100158691406,91.28299713134766,90.9800033569336,91.16000366210938,0,0.015
2024-03-19 16:00:00+00:00,91.16000366210938,91.37300109863281,91.15299987792969,91.34700012207031,0,0.015
2024-03-19 20:00:00+00:00,91.3499984741211,91.38800048828125,91.21199798583984,91.35099792480469,0,0.015
2024-03-20 00:00:00+00:00,91.322998046875,91.61199951171875,91.30799865722656,91.56099700927734,0,0.015
2024-03-20 04:00:00+00:00,91.56199645996094,91.6449966430664,91.45999908447266,91.55699920654297,0,0.015
2024-03-20 08:00:00+00:00,91.55899810791016,91.56300354003906,91.39299774169922,91.49600219726562,0,0.015
2024-03-20 12:00:00+00:00,91.49500274658203,91.5459976196289,91.4260025024414,91.50499725341797,0,0.015
2024-03-20 16:00:00+00:00,91.4990005493164,91.98699951171875,91.3740005493164,91.93699645996094,0,0.015
2024-03-20 20:00:00+00:00,91.94200134277344,92.03299713134766,91.62799835205078,91.8010025024414,0,0.015
2024-03-21 00:00:00+00:00,91.7959976196289,91.81199645996094,91.56999969482422,91.72599792480469,0,0.015
2024-03-21 04:00:00+00:00,91.72899627685547,92.19999694824219,91.70999908447266,92.1760025024414,0,0.015
2024-03-21 08:00:00+00:00,92.1780014038086,92.18699645996094,91.81400299072266,91.82499694824219,0,0.015
2024-03-21 12:00:00+00:00,91.822998046875,91.93900299072266,91.61699676513672,91.62100219726562,0,0.015
2024-03-21 16:00:00+00:00,91.61699676513672,91.75299835205078,91.5780029296875,91.62200164794922,0,0.015
2024-03-21 20:00:00+00:00,91.62200164794922,91.7030029296875,91.56800079345703,91.67400360107422,0,0.015
2024-03-22 00:00:00+00:00,91.6729965209961,91.76399993896484,91.10299682617188,91.1520004272461,0,0.015
2024-03-22 04:00:00+00:00,91.15599822998047,91.20700073242188,90.89900207519531,90.96800231933594,0,0.015
2024-03-22 08:00:00+00:00,90.95999908447266,91.0770034790039,90.86299896240234,90.90299987792969,0,0.015
2024-03-22 12:00:00+00:00,90.90299987792969,90.95600128173828,90.70600128173828,90.74600219726562,0,0.015
2024-03-22 16:00:00+00:00,90.74600219726562,90.80400085449219,90.7040023803711,90.7229995727539,0,0.015
2024-03-22 20:00:00+00:00,90.72699737548828,90.76399993896484,90.68499755859375,90.76399993896484,0,0.015
2024-03-25 00:00:00+00:00,90.625,90.85600280761719,90.58799743652344,90.69100189208984,0,0.015
2024-03-25 04:00:00+00:00,90.68699645996094,90.79399871826172,90.61100006103516,90.72200012207031,0,0.015
2024-03-25 08:00:00+00:00,90.72100067138672,90.93099975585938,90.697998046875,90.86000061035156,0,0.015
2024-03-25 12:00:00+00:00,90.85800170898438,90.93599700927734,90.73999786376953,90.87100219726562,0,0.015
2024-03-25 16:00:00+00:00,90.87200164794922,90.96600341796875,90.8489990234375,90.87799835205078,0,0.015
2024-03-25 20:00:00+00:00,90.87100219726562,90.9260025024414,90.82599639892578,90.8280029296875,0,0.015
2024-03-26 00:00:00+00:00,90.83100128173828,91.00700378417969,90.7760009765625,90.8949966430664,0,0.015
2024-03-26 04:00:00+00:00,90.89900207519531,91.04100036621094,90.86900329589844,90.99400329589844,0,0.015
2024-03-26 08:00:00+00:00,90.99199676513672,91.24600219726562,90.94000244140625,91.18000030517578,0,0.015
2024-03-26 12:00:00+00:00,91.1780014038086,91.19100189208984,90.9520034790039,91.09200286865234,0,0.015
2024-03-26 16:00:00+00:00,91.08999633789062,91.10700225830078,90.86100006103516,90.87799835205078,0,0.015
2024-03-26 20:00:00+00:00,90.87899780273438,91.02200317382812,90.86299896240234,90.96299743652344,0,0.015
2024-03-27 00:00:00+00:00,90.9530029296875,91.01699829101562,90.78800201416016,90.84500122070312,0,0.015
2024-03-27 04:00:00+00:00,90.84500122070312,91.11699676513672,90.83000183105469,91.02899932861328,0,0.015
2024-03-27 08:00:00+00:00,91.03099822998047,91.09200286865234,90.65899658203125,90.68199920654297,0,0.015
2024-03-27 12:00:00+00:00,90.68099975585938,90.88300323486328,90.60099792480469,90.73699951171875,0,0.015
2024-03-27 16:00:00+00:00,90.73899841308594,90.8270034790039,90.68699645996094,90.73899841308594,0,0.015
2024-03-27 20:00:00+00:00,90.73500061035156,90.87300109863281,90.58699798583984,90.63300323486328,0,0.015
2024-03-28 00:00:00+00:00,90.625,90.81999969482422,90.48300170898438,90.63099670410156,0,0.015
2024-03-28 04:00:00+00:00,90.63800048828125,90.71600341796875,90.44300079345703,90.46900177001953,0,0.015
2024-03-28 08:00:00+00:00,90.46600341796875,90.5,90.17500305175781,90.2020034790039,0,0.015
2024-03-28 12:00:00+00:00,90.20500183105469,90.51699829101562,90.16000366210938,90.48999786376953,0,0.015
2024-03-28 16:00:00+00:00,90.49299621582031,90.55799865722656,90.38999938964844,90.40699768066406,0,0.015
2024-03-28 20:00:00+00:00,90.4020004272461,90.49800109863281,90.3270034790039,90.44000244140625,0,0.015
2024-03-29 00:00:00+00:00,90.447998046875,90.48600006103516,90.29100036621094,90.3550033569336,0,0.015
2024-03-29 04:00:00+00:00,90.35700225830078,90.41500091552734,90.28900146484375,90.31500244140625,0,0.015
2024-03-29 08:00:00+00:00,90.31999969482422,90.48799896240234,90.2979965209961,90.43599700927734,0,0.015
2024-03-29 12:00:00+00:00,90.43800354003906,90.57599639892578,90.3290023803711,90.46299743652344,0,0.015
2024-03-29 16:00:00+00:00,90.46800231933594,90.5989990234375,90.4010009765625,90.45500183105469,0,0.015
2024-03-29 20:00:00+00:00,90.47100067138672,90.58200073242188,90.44100189208984,90.48300170898438,0,0.015
2024-03-31 20:00:00+00:00,90.52999877929688,90.64800262451172,90.51200103759766,90.63300323486328,0,0.015
2024-04-01 00:00:00+00:00,90.62999725341797,90.70500183105469,90.45700073242188,90.55000305175781,0,0.015
2024-04-01 04:00:00+00:00,90.5530014038086,90.58000183105469,90.43199920654297,90.53399658203125,0,0.015
2024-04-01 08:00:00+00:00,90.53700256347656,90.5719985961914,90.44100189208984,90.4540023803711,0,0.015
2024-04-01 12:00:00+00:00,90.4540023803711,90.46199798583984,90.12899780273438,90.14199829101562,0,0.015
2024-04-01 16:00:00+00:00,90.14099884033203,90.23699951171875,90.0989990234375,90.21399688720703,0,0.015
2024-04-01 20:00:00+00:00,90.21099853515625,90.30799865722656,90.18699645996094,90.21600341796875,0,0.015
2024-04-02 00:00:00+00:00,90.21700286865234,90.37000274658203,90.13200378417969,90.23999786376953,0,0.015
2024-04-02 04:00:00+00:00,90.24299621582031,90.28900146484375,90.16799926757812,90.25800323486328,0,0.015
2024-04-02 08:00:00+00:00,90.25900268554688,90.39600372314453,90.22899627685547,90.375,0,0.015
2024-04-02 12:00:00+00:00,90.3759994506836,90.47799682617188,90.29100036621094,90.40499877929688,0,0.015
2024-04-02 16:00:00+00:00,90.4020004272461,90.4749984741211,90.35099792480469,90.45899963378906,0,0.015
2024-04-02 20:00:00+00:00,90.45899963378906,90.53700256347656,90.4229965209961,90.44999694824219,0,0.015
2024-04-03 00:00:00+00:00,90.44300079345703,90.49600219726562,90.21800231933594,90.4800033569336,0,0.015
2024-04-03 04:00:00+00:00,90.48100280761719,90.62100219726562,90.4520034790039,90.49700164794922,0,0.015
2024-04-03 08:00:00+00:00,90.49600219726562,90.62300109863281,90.40899658203125,90.5989990234375,0,0.015
2024-04-03 12:00:00+00:00,90.5999984741211,91.00499725341797,90.5510025024414,90.97200012207031,0,0.015
2024-04-03 16:00:00+00:00,90.96900177001953,91.1709976196289,90.9010009765625,91.06400299072266,0,0.015
2024-04-03 20:00:00+00:00,91.06300354003906,91.2040023803711,91.03099822998047,91.15499877929688,0,0.015
2024-04-04 00:00:00+00:00,91.1520004272461,91.40799713134766,91.12799835205078,91.38899993896484,0,0.015
2024-04-04 04:00:00+00:00,91.38999938964844,91.6719970703125,91.37300109863281,91.52799987792969,0,0.015
2024-04-04 08:00:00+00:00,91.52999877929688,91.7030029296875,91.52300262451172,91.55899810791016,0,0.015
2024-04-04 12:00:00+00:00,91.56099700927734,91.65499877929688,91.43699645996094,91.59600067138672,0,0.015
2024-04-04 16:00:00+00:00,91.59400177001953,91.697998046875,90.98600006103516,91.03099822998047,0,0.015
2024-04-04 20:00:00+00:00,91.03199768066406,91.20999908447266,91.00499725341797,91.16999816894531,0,0.015
2024-04-05 00:00:00+00:00,91.1760025024414,91.18000030517578,90.80599975585938,90.9530029296875,0,0.015
2024-04-05 04:00:00+00:00,90.9530029296875,91.10700225830078,90.80599975585938,91.10299682617188,0,0.015
2024-04-05 08:00:00+00:00,91.10099792480469,91.20899963378906,91.0270004272461,91.1520004272461,0,0.015
2024-04-05 12:00:00+00:00,91.14900207519531,91.26300048828125,90.81600189208984,91.22599792480469,0,0.015
2024-04-05 16:00:00+00:00,91.2249984741211,91.23500061035156,91.10299682617188,91.20600128173828,0,0.015
2024-04-05 20:00:00+00:00,91.2030029296875,91.20999908447266,91.11000061035156,91.16799926757812,0,0.015
2024-04-07 20:00:00+00:00,91.10399627685547,91.15799713134766,91.04299926757812,91.06199645996094,0,0.015
2024-04-08 00:00:00+00:00,91.05899810791016,91.31800079345703,91.0,91.1760025024414,0,0.015
2024-04-08 04:00:00+00:00,91.17500305175781,91.35600280761719,91.15499877929688,91.33100128173828,0,0.015
2024-04-08 08:00:00+00:00,91.33000183105469,91.53600311279297,91.24700164794922,91.44300079345703,0,0.015
2024-04-08 12:00:00+00:00,91.44300079345703,91.63899993896484,91.37200164794922,91.51300048828125,0,0.015
2024-04-08 16:00:00+00:00,91.51699829101562,91.60199737548828,91.48799896240234,91.5770034790039,0,0.015
2024-04-08 20:00:00+00:00,91.56900024414062,91.6729965209961,91.50299835205078,91.625,0,0.015
2024-04-09 00:00:00+00:00,91.62200164794922,91.85399627685547,91.60299682617188,91.66500091552734,0,0.015
2024-04-09 04:00:00+00:00,91.66999816894531,91.8010025024414,91.64600372314453,91.7040023803711,0,0.015
2024-04-09 08:00:00+00:00,91.7040023803711,91.9530029296875,91.66000366210938,91.91799926757812,0,0.015
2024-04-09 12:00:00+00:00,91.91999816894531,92.18599700927734,91.7750015258789,91.86199951171875,0,0.015
2024-04-09 16:00:00+00:00,91.85700225830078,91.97699737548828,91.76300048828125,91.93199920654297,0,0.015
2024-04-09 20:00:00+00:00,91.93699645996094,92.06900024414062,91.86699676513672,92.05400085449219,0,0.015
2024-04-10 00:00:00+00:00,92.05400085449219,92.2020034790039,91.72899627685547,92.1709976196289,0,0.015
2024-04-10 04:00:00+00:00,92.1760025024414,92.2490005493164,92.06800079345703,92.18099975585938,0,0.015
2024-04-10 08:00:00+00:00,92.18099975585938,92.31099700927734,92.13300323486328,92.29299926757812,0,0.015
2024-04-10 12:00:00+00:00,92.28900146484375,92.36900329589844,91.33000183105469,91.39199829101562,0,0.015
2024-04-10 16:00:00+00:00,91.39199829101562,91.46199798583984,91.22000122070312,91.37300109863281,0,0.015
2024-04-10 20:00:00+00:00,91.37300109863281,91.55400085449219,91.3290023803711,91.38099670410156,0,0.015
2024-04-11 00:00:00+00:00,91.37899780273438,91.49400329589844,91.27100372314453,91.48899841308594,0,0.015
2024-04-11 04:00:00+00:00,91.48999786376953,91.7249984741211,91.44999694824219,91.70999908447266,0,0.015
2024-04-11 08:00:00+00:00,91.71099853515625,91.7760009765625,91.60700225830078,91.63800048828125,0,0.015
2024-04-11 12:00:00+00:00,91.63099670410156,91.96499633789062,91.44499969482422,91.63800048828125,0,0.015
2024-04-11 16:00:00+00:00,91.63800048828125,91.92500305175781,91.60099792480469,91.89800262451172,0,0.015
2024-04-11 20:00:00+00:00,91.8949966430664,92.01200103759766,91.83499908447266,91.93399810791016,0,0.015
2024-04-12 00:00:00+00:00,91.9280014038086,92.01000213623047,91.8270034790039,91.875,0,0.015
2024-04-12 04:00:00+00:00,91.8740005493164,91.90599822998047,91.52300262451172,91.6709976196289,0,0.015
2024-04-12 08:00:00+00:00,91.6719970703125,91.68199920654297,91.29900360107422,91.31099700927734,0,0.015
2024-04-12 12:00:00+00:00,91.31300354003906,91.33999633789062,90.69599914550781,91.0719985961914,0,0.015
2024-04-12 16:00:00+00:00,91.0770034790039,91.0790023803711,90.85600280761719,90.94400024414062,0,0.015
2024-04-12 20:00:00+00:00,90.947998046875,91.02200317382812,90.90599822998047,90.99299621582031,0,0.015
2024-04-14 20:00:00+00:00,91.10199737548828,91.17400360107422,91.01799774169922,91.1259994506836,0,0.015
2024-04-15 00:00:00+00:00,91.11699676513672,91.48999786376953,91.0,91.4530029296875,0,0.015
2024-04-15 04:00:00+00:00,91.45500183105469,91.55000305175781,91.29299926757812,91.39600372314453,0,0.015
2024-04-15 08:00:00+00:00,91.3949966430664,91.5009994506836,91.33399963378906,91.43599700927734,0,0.015
2024-04-15 12:00:00+00:00,91.43499755859375,91.60199737548828,91.125,91.4020004272461,0,0.015
2024-04-15 16:00:00+00:00,91.40299987792969,91.44000244140625,90.99199676513672,91.02400207519531,0,0.015
2024-04-15 20:00:00+00:00,91.0260009765625,91.0989990234375,90.96499633789062,91.01100158691406,0,0.015
2024-04-16 00:00:00+00:00,91.02300262451172,91.06800079345703,90.63600158691406,90.76000213623047,0,0.015
2024-04-16 04:00:00+00:00,90.76100158691406,90.99600219726562,90.7030029296875,90.89800262451172,0,0.015
2024-04-16 08:00:00+00:00,90.90399932861328,91.16100311279297,90.86299896240234,91.12799835205078,0,0.015
2024-04-16 12:00:00+00:00,91.1259994506836,91.13200378417969,90.50299835205078,90.96600341796875,0,0.015
2024-04-16 16:00:00+00:00,90.97000122070312,91.14199829101562,90.8219985961914,90.96700286865234,0,0.015
2024-04-16 20:00:00+00:00,90.96700286865234,91.26200103759766,90.63500213623047,91.13400268554688,0,0.015
2024-04-17 00:00:00+00:00,91.13099670410156,91.36599731445312,91.12799835205078,91.31900024414062,0,0.015
2024-04-17 04:00:00+00:00,91.32099914550781,91.41799926757812,91.10299682617188,91.26799774169922,0,0.015
2024-04-17 08:00:00+00:00,91.2770004272461,91.4280014038086,91.23200225830078,91.35700225830078,0,0.015
2024-04-17 12:00:00+00:00,91.35199737548828,91.44000244140625,91.20999908447266,91.23699951171875,0,0.015
2024-04-17 16:00:00+00:00,91.23600006103516,91.43599700927734,91.00199890136719,91.26000213623047,0,0.015
2024-04-17 20:00:00+00:00,91.26000213623047,91.37899780273438,91.21099853515625,91.26300048828125,0,0.015
2024-04-18 00:00:00+00:00,91.26200103759766,91.40599822998047,91.16400146484375,91.39099884033203,0,0.015
2024-04-18 04:00:00+00:00,91.39099884033203,91.50599670410156,91.28600311279297,91.47899627685547,0,0.015
2024-04-18 08:00:00+00:00,91.48200225830078,91.61100006103516,91.44400024414062,91.51799774169922,0,0.015
2024-04-18 12:00:00+00:00,91.5199966430664,91.5530014038086,91.33000183105469,91.47599792480469,0,0.015
2024-04-18 16:00:00+00:00,91.47599792480469,91.50599670410156,91.21099853515625,91.24199676513672,0,0.015
2024-04-18 20:00:00+00:00,91.24199676513672,91.29299926757812,91.19200134277344,91.24500274658203,0,0.015
2024-04-19 00:00:00+00:00,91.24299621582031,91.25900268554688,89.947998046875,90.7040023803711,0,0.015
2024-04-19 04:00:00+00:00,90.7020034790039,91.09500122070312,90.63200378417969,91.06800079345703,0,0.015
2024-04-19 08:00:00+00:00,91.06999969482422,91.10700225830078,90.90299987792969,90.98100280761719,0,0.015
2024-04-19 12:00:00+00:00,90.98300170898438,91.24099731445312,90.94100189208984,91.0780029296875,0,0.015
2024-04-19 16:00:00+00:00,91.0780029296875,91.12899780273438,90.93299865722656,90.99600219726562,0,0.015
2024-04-19 20:00:00+00:00,90.99199676513672,91.07099914550781,90.98600006103516,91.07099914550781,0,0.015
2024-04-21 20:00:00+00:00,91.10900115966797,91.24600219726562,91.08399963378906,91.2249984741211,0,0.015
2024-04-22 00:00:00+00:00,91.22100067138672,91.68900299072266,91.19599914550781,91.46399688720703,0,0.015
2024-04-22 04:00:00+00:00,91.46499633789062,91.51200103759766,91.25499725341797,91.35399627685547,0,0.015
2024-04-22 08:00:00+00:00,91.35700225830078,91.47000122070312,91.31099700927734,91.41500091552734,0,0.015
2024-04-22 12:00:00+00:00,91.41500091552734,91.46700286865234,91.20800018310547,91.44599914550781,0,0.015
2024-04-22 16:00:00+00:00,91.4469985961914,91.68599700927734,91.43299865722656,91.60299682617188,0,0.015
2024-04-22 20:00:00+00:00,91.60299682617188,91.6760025024414,91.53700256347656,91.6510009765625,0,0.015
2024-04-23 00:00:00+00:00,91.64600372314453,91.74400329589844,91.52100372314453,91.55400085449219,0,0.015
2024-04-23 04:00:00+00:00,91.55599975585938,91.64199829101562,91.375,91.46299743652344,0,0.015
2024-04-23 08:00:00+00:00,91.46600341796875,91.56500244140625,91.36799621582031,91.5250015258789,0,0.015
2024-04-23 12:00:00+00:00,91.52100372314453,92.00599670410156,91.49500274658203,91.84100341796875,0,0.015
2024-04-23 16:00:00+00:00,91.83599853515625,91.96399688720703,91.73799896240234,91.74400329589844,0,0.015
2024-04-23 20:00:00+00:00,91.7490005493164,91.88800048828125,91.72100067138672,91.78700256347656,0,0.015
2024-04-24 00:00:00+00:00,91.79399871826172,92.11299896240234,91.78399658203125,91.94400024414062,0,0.015
2024-04-24 04:00:00+00:00,91.94300079345703,92.09600067138672,91.78800201416016,91.89600372314453,0,0.015
2024-04-24 08:00:00+00:00,91.8949966430664,92.03500366210938,91.81199645996094,91.875,0,0.015
2024-04-24 12:00:00+00:00,91.875,92.01200103759766,91.73200225830078,91.802001953125,0,0.015
2024-04-24 16:00:00+00:00,91.802001953125,92.2300033569336,91.78700256347656,92.15399932861328,0,0.015
2024-04-24 20:00:00+00:00,92.1520004272461,92.21800231933594,92.0530014038086,92.16000366210938,0,0.015
2024-04-25 00:00:00+00:00,92.15899658203125,92.4020004272461,92.15899658203125,92.322998046875,0,0.015
2024-04-25 04:00:00+00:00,92.32499694824219,92.73600006103516,92.31099700927734,92.71499633789062,0,0.015
2024-04-25 08:00:00+00:00,92.71800231933594,92.83699798583984,92.63099670410156,92.7030029296875,0,0.015
2024-04-25 12:00:00+00:00,92.70500183105469,92.73500061035156,91.9800033569336,92.37100219726562,0,0.015
2024-04-25 16:00:00+00:00,92.36900329589844,92.5999984741211,92.31600189208984,92.5459976196289,0,0.015
2024-04-25 20:00:00+00:00,92.5479965209961,92.77200317382812,92.47200012207031,92.6969985961914,0,0.015
2024-04-26 00:00:00+00:00,92.697998046875,93.01799774169922,92.62999725341797,92.87799835205078,0,0.015
2024-04-26 04:00:00+00:00,92.87899780273438,93.4540023803711,92.8759994506836,93.37799835205078,0,0.015
2024-04-26 08:00:00+00:00,93.38600158691406,93.46299743652344,92.46399688720703,93.29100036621094,0,0.015
2024-04-26 12:00:00+00:00,93.29000091552734,93.60600280761719,93.25199890136719,93.5770034790039,0,0.015
2024-04-26 16:00:00+00:00,93.5739974975586,93.8239974975586,93.56099700927734,93.81500244140625,0,0.015
2024-04-26 20:00:00+00:00,93.81400299072266,94.08699798583984,93.77899932861328,94.03600311279297,0,0.015
2024-04-28 20:00:00+00:00,94.03399658203125,94.12000274658203,94.03199768066406,94.08699798583984,0,0.015
2024-04-29 00:00:00+00:00,94.08799743652344,95.39299774169922,93.92400360107422,95.03299713134766,0,0.015
2024-04-29 04:00:00+00:00,95.03500366210938,95.14700317382812,92.16300201416016,92.79000091552734,0,0.015
2024-04-29 08:00:00+00:00,92.79199981689453,93.45899963378906,92.54900360107422,93.3270034790039,0,0.015
2024-04-29 12:00:00+00:00,93.33000183105469,93.59600067138672,93.21600341796875,93.58000183105469,0,0.015
2024-04-29 16:00:00+00:00,93.5790023803711,93.625,92.76499938964844,93.28600311279297,0,0.015
2024-04-29 20:00:00+00:00,93.29000091552734,93.47699737548828,93.2750015258789,93.3290023803711,0,0.015
2024-04-30 00:00:00+00:00,93.3219985961914,93.64700317382812,93.21099853515625,93.24600219726562,0,0.015
2024-04-30 04:00:00+00:00,93.24500274658203,93.31199645996094,92.91999816894531,93.15699768066406,0,0.015
2024-04-30 08:00:00+00:00,93.15599822998047,93.40499877929688,93.05599975585938,93.32099914550781,0,0.015
2024-04-30 12:00:00+00:00,93.31700134277344,93.39399719238281,92.97200012207031,93.0999984741211,0,0.015
2024-04-30 16:00:00+00:00,93.0999984741211,93.13400268554688,92.83100128173828,92.85299682617188,0,0.015
2024-04-30 20:00:00+00:00,92.85099792480469,92.95999908447266,92.62799835205078,92.71099853515625,0,0.015
2024-05-01 00:00:00+00:00,92.70700073242188,92.96499633789062,92.68399810791016,92.9280014038086,0,0.015
2024-05-01 04:00:00+00:00,92.93099975585938,93.01000213623047,92.86599731445312,92.92900085449219,0,0.015
2024-05-01 08:00:00+00:00,92.93499755859375,93.08599853515625,92.92900085449219,93.0510025024414,0,0.015
2024-05-01 12:00:00+00:00,93.052001953125,93.12799835205078,92.86900329589844,93.02300262451172,0,0.015
2024-05-01 16:00:00+00:00,93.01899719238281,93.30699920654297,92.88099670410156,93.01100158691406,0,0.015
2024-05-01 20:00:00+00:00,93.01100158691406,93.11199951171875,90.77799987792969,92.31800079345703,0,0.015
2024-05-02 00:00:00+00:00,92.31700134277344,92.56099700927734,92.2490005493164,92.39900207519531,0,0.015
2024-05-02 04:00:00+00:00,92.39399719238281,92.48999786376953,92.07099914550781,92.34200286865234,0,0.015
2024-05-02 08:00:00+00:00,92.33699798583984,92.40599822998047,91.65299987792969,91.75199890136719,0,0.015
2024-05-02 12:00:00+00:00,91.74600219726562,91.86100006103516,91.16899871826172,91.35700225830078,0,0.015
2024-05-02 16:00:00+00:00,91.35700225830078,91.52899932861328,91.24500274658203,91.31300354003906,0,0.015
2024-05-02 20:00:00+00:00,91.31500244140625,91.677001953125,91.18499755859375,91.322998046875,0,0.015
2024-05-03 00:00:00+00:00,91.3219985961914,91.50800323486328,91.18099975585938,91.3270034790039,0,0.015
2024-05-03 04:00:00+00:00,91.33300018310547,91.58000183105469,91.19599914550781,91.5469970703125,0,0.015
2024-05-03 08:00:00+00:00,91.5469970703125,91.70500183105469,91.4520034790039,91.68000030517578,0,0.015
2024-05-03 12:00:00+00:00,91.68199920654297,92.0739974975586,91.66500091552734,91.99400329589844,0,0.015
2024-05-03 16:00:00+00:00,91.9990005493164,92.04399871826172,91.84600067138672,91.93499755859375,0,0.015
2024-05-03 20:00:00+00:00,91.9260025024414,91.94300079345703,91.85099792480469,91.93900299072266,0,0.015
2024-05-05 20:00:00+00:00,92.10399627685547,92.32499694824219,92.04100036621094,92.29399871826172,0,0.015
2024-05-06 00:00:00+00:00,92.29399871826172,92.40599822998047,92.09300231933594,92.35700225830078,0,0.015
2024-05-06 04:00:00+00:00,92.35700225830078,92.51599884033203,92.27200317382812,92.48999786376953,0,0.015
2024-05-06 08:00:00+00:00,92.48600006103516,92.60900115966797,92.44100189208984,92.5780029296875,0,0.015
2024-05-06 12:00:00+00:00,92.58000183105469,92.62999725341797,92.47200012207031,92.50199890136719,0,0.015
2024-05-06 16:00:00+00:00,92.50599670410156,92.58100128173828,92.45600128173828,92.47699737548828,0,0.015
2024-05-06 20:00:00+00:00,92.48100280761719,92.7040023803711,92.40599822998047,92.6729965209961,0,0.015
2024-05-07 00:00:00+00:00,92.67500305175781,92.95800018310547,92.62699890136719,92.94599914550781,0,0.015
2024-05-07 04:00:00+00:00,92.947998046875,92.96700286865234,92.53800201416016,92.58200073242188,0,0.015
2024-05-07 08:00:00+00:00,92.58100128173828,92.88099670410156,92.45999908447266,92.84600067138672,0,0.015
2024-05-07 12:00:00+00:00,92.84400177001953,92.95500183105469,92.7770004272461,92.90799713134766,0,0.015
2024-05-07 16:00:00+00:00,92.9010009765625,92.9229965209961,92.74600219726562,92.8010025024414,0,0.015
2024-05-07 20:00:00+00:00,92.8030014038086,92.875,92.71700286865234,92.80500030517578,0,0.015
2024-05-08 00:00:00+00:00,92.8010025024414,92.95700073242188,92.73200225830078,92.93199920654297,0,0.015
2024-05-08 04:00:00+00:00,92.93599700927734,93.09100341796875,92.87899780273438,93.01300048828125,0,0.015
2024-05-08 08:00:00+00:00,93.01499938964844,93.12999725341797,92.93599700927734,93.08200073242188,0,0.015
2024-05-08 12:00:00+00:00,93.08200073242188,93.33999633789062,93.0719985961914,93.28700256347656,0,0.015
2024-05-08 16:00:00+00:00,93.29000091552734,93.39700317382812,93.27200317382812,93.33100128173828,0,0.015
2024-05-08 20:00:00+00:00,93.33499908447266,93.45700073242188,93.23899841308594,93.2760009765625,0,0.015
2024-05-09 00:00:00+00:00,93.27899932861328,93.45099639892578,93.13300323486328,93.4260025024414,0,0.015
2024-05-09 04:00:00+00:00,93.42400360107422,93.48500061035156,93.33399963378906,93.46900177001953,0,0.015
2024-05-09 08:00:00+00:00,93.47100067138672,93.61100006103516,93.38800048828125,93.53700256347656,0,0.015
2024-05-09 12:00:00+00:00,93.53900146484375,93.7239990234375,93.48899841308594,93.68000030517578,0,0.015
2024-05-09 16:00:00+00:00,93.67500305175781,93.80999755859375,93.65299987792969,93.75800323486328,0,0.015
2024-05-09 20:00:00+00:00,93.76000213623047,93.83399963378906,93.72000122070312,93.77400207519531,0,0.015
2024-05-10 00:00:00+00:00,93.7770004272461,93.87899780273438,93.64600372314453,93.76200103759766,0,0.015
2024-05-10 04:00:00+00:00,93.76200103759766,93.8239974975586,93.65499877929688,93.70899963378906,0,0.015
2024-05-10 08:00:00+00:00,93.70800018310547,93.74700164794922,93.64099884033203,93.6520004272461,0,0.015
2024-05-10 12:00:00+00:00,93.64900207519531,93.90799713134766,93.625,93.78800201416016,0,0.015
2024-05-10 16:00:00+00:00,93.79199981689453,93.8280029296875,93.73100280761719,93.79100036621094,0,0.015
2024-05-10 20:00:00+00:00,93.8030014038086,93.80799865722656,93.71099853515625,93.75299835205078,0,0.015
2024-05-12 20:00:00+00:00,93.74500274658203,93.8219985961914,93.73799896240234,93.75800323486328,0,0.015
2024-05-13 00:00:00+00:00,93.76100158691406,93.88300323486328,93.46900177001953,93.5979995727539,0,0.015
2024-05-13 04:00:00+00:00,93.5979995727539,93.68099975585938,93.54199981689453,93.65399932861328,0,0.015
2024-05-13 08:00:00+00:00,93.66000366210938,93.85900115966797,93.61299896240234,93.83699798583984,0,0.015
2024-05-13 12:00:00+00:00,93.83699798583984,94.01100158691406,93.802001953125,93.97000122070312,0,0.015
2024-05-13 16:00:00+00:00,93.9729995727539,94.01899719238281,93.91000366210938,93.96800231933594,0,0.015
2024-05-13 20:00:00+00:00,93.96800231933594,94.12999725341797,93.88999938964844,94.09100341796875,0,0.015
2024-05-14 00:00:00+00:00,94.08899688720703,94.12799835205078,94.01399993896484,94.09200286865234,0,0.015
2024-05-14 04:00:00+00:00,94.09500122070312,94.30899810791016,94.03800201416016,94.28299713134766,0,0.015
2024-05-14 08:00:00+00:00,94.28800201416016,94.29199981689453,94.1240005493164,94.16699981689453,0,0.015
2024-05-14 12:00:00+00:00,94.16799926757812,94.4729995727539,93.91600036621094,94.4219970703125,0,0.015
2024-05-14 16:00:00+00:00,94.42400360107422,94.52799987792969,94.38700103759766,94.48400115966797,0,0.015
2024-05-14 20:00:00+00:00,94.48200225830078,94.58000183105469,94.40299987792969,94.57099914550781,0,0.015
2024-05-15 00:00:00+00:00,94.56400299072266,94.80400085449219,94.46199798583984,94.72100067138672,0,0.015
2024-05-15 04:00:00+00:00,94.72200012207031,94.76399993896484,94.51200103759766,94.56999969482422,0,0.015
2024-05-15 08:00:00+00:00,94.56900024414062,94.60399627685547,94.3010025024414,94.37200164794922,0,0.015
2024-05-15 12:00:00+00:00,94.37100219726562,94.62300109863281,94.16100311279297,94.58200073242188,0,0.015
2024-05-15 16:00:00+00:00,94.58200073242188,94.87000274658203,94.46800231933594,94.83100128173828,0,0.015
2024-05-15 20:00:00+00:00,94.82599639892578,94.8759994506836,94.4990005493164,94.56700134277344,0,0.015
2024-05-16 00:00:00+00:00,94.56300354003906,94.65899658203125,94.14600372314453,94.34500122070312,0,0.015
2024-05-16 04:00:00+00:00,94.33899688720703,94.40399932861328,94.18499755859375,94.38800048828125,0,0.015
2024-05-16 08:00:00+00:00,94.39299774169922,94.60199737548828,94.38099670410156,94.53099822998047,0,0.015
2024-05-16 12:00:00+00:00,94.53199768066406,95.0479965209961,94.4800033569336,95.03099822998047,0,0.015
2024-05-16 16:00:00+00:00,95.02999877929688,95.11799621582031,94.94000244140625,95.08399963378906,0,0.015
2024-05-16 20:00:00+00:00,95.0790023803711,95.21099853515625,95.0009994506836,95.15799713134766,0,0.015
2024-05-17 00:00:00+00:00,95.16100311279297,95.28600311279297,95.07099914550781,95.20600128173828,0,0.015
2024-05-17 04:00:00+00:00,95.20600128173828,95.3550033569336,95.14199829101562,95.26300048828125,0,0.015
2024-05-17 08:00:00+00:00,95.26300048828125,95.29000091552734,95.10900115966797,95.17500305175781,0,0.015
2024-05-17 12:00:00+00:00,95.17900085449219,95.38400268554688,95.14099884033203,95.35399627685547,0,0.015
2024-05-17 16:00:00+00:00,95.35199737548828,95.57099914550781,95.3030014038086,95.51000213623047,0,0.015
2024-05-17 20:00:00+00:00,95.51599884033203,95.54900360107422,95.40899658203125,95.48600006103516,0,0.015
2024-05-19 20:00:00+00:00,95.4729995727539,95.61399841308594,95.46199798583984,95.55400085449219,0,0.015
2024-05-20 00:00:00+00:00,95.55599975585938,95.60700225830078,95.34400177001953,95.4229965209961,0,0.015
2024-05-20 04:00:00+00:00,95.42400360107422,95.53900146484375,95.1780014038086,95.32599639892578,0,0.015
2024-05-20 08:00:00+00:00,95.33000183105469,95.34700012207031,95.19599914550781,95.2040023803711,0,0.015
2024-05-20 12:00:00+00:00,95.20700073242188,95.51399993896484,95.05699920654297,95.38999938964844,0,0.015
2024-05-20 16:00:00+00:00,95.38899993896484,95.46399688720703,95.35199737548828,95.43000030517578,0,0.015
2024-05-20 20:00:00+00:00,95.4260025024414,95.52400207519531,95.3010025024414,95.50499725341797,0,0.015
2024-05-21 00:00:00+00:00,95.50599670410156,95.58399963378906,95.26599884033203,95.3949966430664,0,0.015
2024-05-21 04:00:00+00:00,95.39099884033203,95.4520034790039,95.21499633789062,95.28700256347656,0,0.015
2024-05-21 08:00:00+00:00,95.28900146484375,95.40499877929688,95.23100280761719,95.36199951171875,0,0.015
2024-05-21 12:00:00+00:00,95.36900329589844,95.4209976196289,95.0719985961914,95.12100219726562,0,0.015
2024-05-21 16:00:00+00:00,95.11699676513672,95.23799896240234,95.09600067138672,95.19400024414062,0,0.015
2024-05-21 20:00:00+00:00,95.19300079345703,95.25399780273438,95.06700134277344,95.20099639892578,0,0.015
2024-05-22 00:00:00+00:00,95.2030029296875,96.10399627685547,95.18499755859375,95.73100280761719,0,0.015
2024-05-22 04:00:00+00:00,95.73500061035156,95.82599639892578,95.5780029296875,95.66500091552734,0,0.015
2024-05-22 08:00:00+00:00,95.66699981689453,95.80500030517578,95.572998046875,95.63800048828125,0,0.015
2024-05-22 12:00:00+00:00,95.6449966430664,95.76399993896484,95.50399780273438,95.53099822998047,0,0.015
2024-05-22 16:00:00+00:00,95.53399658203125,95.63600158691406,95.23999786376953,95.3949966430664,0,0.015
2024-05-22 20:00:00+00:00,95.39600372314453,95.69400024414062,95.38899993896484,95.59200286865234,0,0.015
2024-05-23 00:00:00+00:00,95.59300231933594,95.93299865722656,95.57599639892578,95.9280014038086,0,0.015
2024-05-23 04:00:00+00:00,95.93099975585938,95.97100067138672,95.61000061035156,95.75599670410156,0,0.015
2024-05-23 08:00:00+00:00,95.75599670410156,96.0530014038086,95.73200225830078,95.96099853515625,0,0.015
2024-05-23 12:00:00+00:00,95.95999908447266,96.1240005493164,95.80999755859375,96.00900268554688,0,0.015
2024-05-23 16:00:00+00:00,96.01200103759766,96.03500366210938,95.56199645996094,95.66400146484375,0,0.015
2024-05-23 20:00:00+00:00,95.66100311279297,95.76699829101562,95.63500213623047,95.6989974975586,0,0.015
2024-05-24 00:00:00+00:00,95.69499969482422,95.79299926757812,95.6050033569336,95.71199798583984,0,0.015
2024-05-24 04:00:00+00:00,95.71499633789062,95.86499786376953,95.6500015258789,95.83399963378906,0,0.015
2024-05-24 08:00:00+00:00,95.83499908447266,95.95800018310547,95.78600311279297,95.93199920654297,0,0.015
2024-05-24 12:00:00+00:00,95.93299865722656,96.0979995727539,95.88899993896484,95.99700164794922,0,0.015
2024-05-24 16:00:00+00:00,96.00399780273438,96.14600372314453,95.9749984741211,96.08799743652344,0,0.015
2024-05-24 20:00:00+00:00,96.08699798583984,96.12300109863281,96.0250015258789,96.08599853515625,0,0.015
2024-05-26 20:00:00+00:00,96.06800079345703,96.08599853515625,95.98799896240234,96.00499725341797,0,0.015
2024-05-27 00:00:00+00:00,96.01100158691406,96.12000274658203,95.96399688720703,96.04399871826172,0,0.015
2024-05-27 04:00:00+00:00,96.04199981689453,96.24600219726562,96.01100158691406,96.1780014038086,0,0.015
2024-05-27 08:00:00+00:00,96.18499755859375,96.39600372314453,96.13600158691406,96.3489990234375,0,0.015
2024-05-27 12:00:00+00:00,96.3489990234375,96.51300048828125,96.25399780273438,96.50499725341797,0,0.015
2024-05-27 16:00:00+00:00,96.50900268554688,96.53700256347656,96.41400146484375,96.50800323486328,0,0.015
2024-05-27 20:00:00+00:00,96.50399780273438,96.55999755859375,96.37300109863281,96.4749984741211,0,0.015
2024-05-28 00:00:00+00:00,96.4729995727539,96.65299987792969,96.46800231933594,96.5270004272461,0,0.015
2024-05-28 04:00:00+00:00,96.52400207519531,96.73899841308594,96.4739990234375,96.70800018310547,0,0.015
2024-05-28 08:00:00+00:00,96.70899963378906,96.72899627685547,96.55599975585938,96.63099670410156,0,0.015
2024-05-28 12:00:00+00:00,96.62999725341797,96.64900207519531,96.45999908447266,96.56800079345703,0,0.015
2024-05-28 16:00:00+00:00,96.56700134277344,96.58799743652344,96.42900085449219,96.5199966430664,0,0.015
2024-05-28 20:00:00+00:00,96.5199966430664,96.60299682617188,96.42500305175781,96.55899810791016,0,0.015
2024-05-29 00:00:00+00:00,96.55999755859375,96.6989974975586,96.39299774169922,96.5009994506836,0,0.015
2024-05-29 04:00:00+00:00,96.5009994506836,96.52300262451172,96.21499633789062,96.4739990234375,0,0.015
2024-05-29 08:00:00+00:00,96.4749984741211,96.49500274658203,96.28099822998047,96.36199951171875,0,0.015
2024-05-29 12:00:00+00:00,96.36199951171875,96.45899963378906,96.23899841308594,96.4000015258789,0,0.015
2024-05-29 16:00:00+00:00,96.40299987792969,96.49700164794922,96.33899688720703,96.4020004272461,0,0.015
2024-05-29 20:00:00+00:00,96.39800262451172,96.47000122070312,96.25399780273438,96.33699798583984,0,0.015
2024-05-30 00:00:00+00:00,96.33200073242188,96.34100341796875,95.99500274658203,96.04100036621094,0,0.015
2024-05-30 04:00:00+00:00,96.04199981689453,96.11399841308594,95.41999816894531,95.75399780273438,0,0.015
2024-05-30 08:00:00+00:00,95.75700378417969,95.8949966430664,95.65799713134766,95.76200103759766,0,0.015
2024-05-30 12:00:00+00:00,95.75900268554688,96.05899810791016,95.68699645996094,95.93900299072266,0,0.015
2024-05-30 16:00:00+00:00,95.94300079345703,96.05400085449219,95.81600189208984,95.88500213623047,0,0.015
2024-05-30 20:00:00+00:00,95.88500213623047,95.99800109863281,95.78700256347656,95.98699951171875,0,0.015
2024-05-31 00:00:00+00:00,95.9800033569336,96.11100006103516,95.83399963378906,96.04900360107422,0,0.015
2024-05-31 04:00:00+00:00,96.05000305175781,96.21199798583984,95.93199920654297,96.13400268554688,0,0.015
2024-05-31 08:00:00+00:00,96.12699890136719,96.48899841308594,96.1240005493164,96.37100219726562,0,0.015
2024-05-31 12:00:00+00:00,96.3740005493164,96.60299682617188,96.26399993896484,96.41500091552734,0,0.015
2024-05-31 16:00:00+00:00,96.41600036621094,96.68000030517578,96.36000061035156,96.64800262451172,0,0.015
2024-05-31 20:00:00+00:00,96.65399932861328,96.70500183105469,96.54299926757812,96.6510009765625,0,0.015
2024-06-02 20:00:00+00:00,96.66999816894531,96.69300079345703,96.58699798583984,96.62799835205078,0,0.015
2024-06-03 00:00:00+00:00,96.62999725341797,96.76200103759766,96.59300231933594,96.71700286865234,0,0.015
2024-06-03 04:00:00+00:00,96.71600341796875,96.80400085449219,96.38400268554688,96.39800262451172,0,0.015
2024-06-03 08:00:00+00:00,96.4010009765625,96.60199737548828,96.2760009765625,96.572998046875,0,0.015
2024-06-03 12:00:00+00:00,96.57499694824219,96.70899963378906,96.40299987792969,96.46700286865234,0,0.015
2024-06-03 16:00:00+00:00,96.46700286865234,96.59700012207031,96.28299713134766,96.56800079345703,0,0.015
2024-06-03 20:00:00+00:00,96.56999969482422,96.73200225830078,96.552001953125,96.6500015258789,0,0.015
2024-06-04 00:00:00+00:00,96.65299987792969,96.85600280761719,96.59700012207031,96.77400207519531,0,0.015
2024-06-04 04:00:00+00:00,96.77200317382812,96.84100341796875,96.02100372314453,96.04900360107422,0,0.015
2024-06-04 08:00:00+00:00,96.04399871826172,96.0510025024414,95.26000213623047,95.45999908447266,0,0.015
2024-06-04 12:00:00+00:00,95.46099853515625,95.76000213623047,95.42900085449219,95.58899688720703,0,0.015
2024-06-04 16:00:00+00:00,95.58999633789062,95.64399719238281,95.48100280761719,95.60600280761719,0,0.015
2024-06-04 20:00:00+00:00,95.6050033569336,95.79100036621094,95.53900146484375,95.7699966430664,0,0.015
2024-06-05 00:00:00+00:00,95.77300262451172,96.25299835205078,95.75199890136719,96.17400360107422,0,0.015
2024-06-05 04:00:00+00:00,96.1719970703125,96.65699768066406,96.10600280761719,96.63400268554688,0,0.015
2024-06-05 08:00:00+00:00,96.63500213623047,96.74600219726562,96.40399932861328,96.552001953125,0,0.015
2024-06-05 12:00:00+00:00,96.552001953125,96.677001953125,96.33699798583984,96.58999633789062,0,0.015
2024-06-05 16:00:00+00:00,96.58999633789062,96.6989974975586,96.4990005493164,96.63600158691406,0,0.015
2024-06-05 20:00:00+00:00,96.63300323486328,96.69100189208984,96.51399993896484,96.60199737548828,0,0.015
2024-06-06 00:00:00+00:00,96.60600280761719,96.68699645996094,96.4280014038086,96.45700073242188,0,0.015
2024-06-06 04:00:00+00:00,96.45600128173828,96.73899841308594,96.447998046875,96.70500183105469,0,0.015
2024-06-06 08:00:00+00:00,96.7030029296875,96.71700286865234,96.41200256347656,96.50900268554688,0,0.015
2024-06-06 12:00:00+00:00,96.51100158691406,96.697998046875,96.44400024414062,96.61900329589844,0,0.015
2024-06-06 16:00:00+00:00,96.62000274658203,96.6449966430664,96.39800262451172,96.47599792480469,0,0.015
2024-06-06 20:00:00+00:00,96.47599792480469,96.53399658203125,96.3759994506836,96.47200012207031,0,0.015
2024-06-07 00:00:00+00:00,96.45500183105469,96.60199737548828,96.36900329589844,96.52300262451172,0,0.015
2024-06-07 04:00:00+00:00,96.52300262451172,96.55000305175781,96.12899780273438,96.25399780273438,0,0.015
2024-06-07 08:00:00+00:00,96.25199890136719,96.40299987792969,96.13600158691406,96.36499786376953,0,0.015
2024-06-07 12:00:00+00:00,96.35800170898438,96.46099853515625,95.53700256347656,95.68900299072266,0,0.015
2024-06-07 16:00:00+00:00,95.68599700927734,95.75299835205078,95.63700103759766,95.68499755859375,0,0.015
2024-06-07 20:00:00+00:00,95.68099975585938,95.70500183105469,95.60900115966797,95.66600036621094,0,0.015
2024-06-09 20:00:00+00:00,95.76699829101562,95.81500244140625,95.71900177001953,95.74199676513672,0,0.015
2024-06-10 00:00:00+00:00,95.74199676513672,95.96600341796875,95.66999816894531,95.90399932861328,0,0.015
2024-06-10 04:00:00+00:00,95.90499877929688,95.98400115966797,95.85199737548828,95.93499755859375,0,0.015
2024-06-10 08:00:00+00:00,95.93399810791016,95.97200012207031,95.71299743652344,95.85299682617188,0,0.015
2024-06-10 12:00:00+00:00,95.85099792480469,96.10700225830078,95.74600219726562,96.10199737548828,0,0.015
2024-06-10 16:00:00+00:00,96.10399627685547,96.21800231933594,96.03900146484375,96.15799713134766,0,0.015
2024-06-10 20:00:00+00:00,96.15299987792969,96.29900360107422,96.13099670410156,96.23899841308594,0,0.015
2024-06-11 00:00:00+00:00,96.24299621582031,96.35700225830078,96.17400360107422,96.21800231933594,0,0.015
2024-06-11 04:00:00+00:00,96.21800231933594,96.40299987792969,96.19300079345703,96.37899780273438,0,0.015
2024-06-11 08:00:00+00:00,96.38200378417969,96.40399932861328,96.13099670410156,96.19000244140625,0,0.015
2024-06-11 12:00:00+00:00,96.19000244140625,96.48600006103516,96.09500122070312,96.4520034790039,0,0.015
2024-06-11 16:00:00+00:00,96.45600128173828,96.58000183105469,96.43900299072266,96.51599884033203,0,0.015
2024-06-11 20:00:00+00:00,96.51599884033203,96.61100006103516,96.427001953125,96.5459976196289,0,0.015
2024-06-12 00:00:00+00:00,96.54900360107422,96.63999938964844,96.38500213623047,96.5780029296875,0,0.015
2024-06-12 04:00:00+00:00,96.57599639892578,96.69300079345703,96.52899932861328,96.6449966430664,0,0.015
2024-06-12 08:00:00+00:00,96.64800262451172,96.7239990234375,96.58599853515625,96.6520004272461,0,0.015
2024-06-12 12:00:00+00:00,96.6500015258789,97.08599853515625,96.52999877929688,96.9020004272461,0,0.015
2024-06-12 16:00:00+00:00,96.90799713134766,97.02200317382812,96.64900207519531,96.88200378417969,0,0.015
2024-06-12 20:00:00+00:00,96.87899780273438,97.01399993896484,96.79199981689453,96.99500274658203,0,0.015
2024-06-13 00:00:00+00:00,96.99700164794922,97.01399993896484,96.76399993896484,96.95800018310547,0,0.015
2024-06-13 04:00:00+00:00,96.95800018310547,97.1780014038086,96.8489990234375,97.10399627685547,0,0.015
2024-06-13 08:00:00+00:00,97.10199737548828,97.21900177001953,96.97000122070312,96.9739990234375,0,0.015
2024-06-13 12:00:00+00:00,96.97100067138672,97.1780014038086,96.73999786376953,96.7490005493164,0,0.015
2024-06-13 16:00:00+00:00,96.74700164794922,96.91600036621094,96.55599975585938,96.88800048828125,0,0.015
2024-06-13 20:00:00+00:00,96.88300323486328,96.91799926757812,96.75599670410156,96.76499938964844,0,0.015
2024-06-14 00:00:00+00:00,96.76300048828125,97.18000030517578,96.56500244140625,97.08699798583984,0,0.015
2024-06-14 04:00:00+00:00,97.08699798583984,97.24800109863281,96.8030014038086,96.83100128173828,0,0.015
2024-06-14 08:00:00+00:00,96.83000183105469,96.90299987792969,96.08899688720703,96.36100006103516,0,0.015
2024-06-14 12:00:00+00:00,96.36199951171875,96.62200164794922,96.11799621582031,96.572998046875,0,0.015
2024-06-14 16:00:00+00:00,96.57099914550781,96.63999938964844,96.4530029296875,96.60299682617188,0,0.015
2024-06-14 20:00:00+00:00,96.5989990234375,96.72200012207031,96.56300354003906,96.6520004272461,0,0.015
2024-06-16 20:00:00+00:00,96.70800018310547,96.73500061035156,96.6449966430664,96.677001953125,0,0.015
2024-06-17 00:00:00+00:00,96.67500305175781,96.68000030517578,96.39700317382812,96.41999816894531,0,0.015
2024-06-17 04:00:00+00:00,96.41899871826172,96.46199798583984,96.08599853515625,96.36000061035156,0,0.015
2024-06-17 08:00:00+00:00,96.35800170898438,96.55699920654297,96.34100341796875,96.45800018310547,0,0.015
2024-06-17 12:00:00+00:00,96.46099853515625,96.60399627685547,96.39800262451172,96.51000213623047,0,0.015
2024-06-17 16:00:00+00:00,96.51100158691406,96.74099731445312,96.48400115966797,96.6969985961914,0,0.015
2024-06-17 20:00:00+00:00,96.6969985961914,96.76300048828125,96.54100036621094,96.73699951171875,0,0.015
2024-06-18 00:00:00+00:00,96.73400115966797,96.78700256347656,96.4260025024414,96.45600128173828,0,0.015
2024-06-18 04:00:00+00:00,96.45600128173828,96.73999786376953,96.35099792480469,96.47000122070312,0,0.015
2024-06-18 08:00:00+00:00,96.47000122070312,96.5770034790039,96.38099670410156,96.41899871826172,0,0.015
2024-06-18 12:00:00+00:00,96.42500305175781,96.93299865722656,96.30899810791016,96.84600067138672,0,0.015
2024-06-18 16:00:00+00:00,96.84500122070312,97.00900268554688,96.83999633789062,97.0009994506836,0,0.015
2024-06-18 20:00:00+00:00,96.9990005493164,97.03700256347656,96.88999938964844,96.9229965209961,0,0.015
2024-06-19 00:00:00+00:00,96.93099975585938,96.96499633789062,96.80400085449219,96.81500244140625,0,0.015
2024-06-19 04:00:00+00:00,96.81600189208984,96.87100219726562,96.65399932861328,96.80899810791016,0,0.015
2024-06-19 08:00:00+00:00,96.81500244140625,96.93199920654297,96.78700256347656,96.86599731445312,0,0.015
2024-06-19 12:00:00+00:00,96.86900329589844,96.91300201416016,96.80400085449219,96.86699676513672,0,0.015
2024-06-19 16:00:00+00:00,96.86799621582031,96.87899780273438,96.77899932861328,96.81400299072266,0,0.015
2024-06-19 20:00:00+00:00,96.80799865722656,97.14600372314453,96.78500366210938,96.94300079345703,0,0.015
2024-06-20 00:00:00+00:00,96.94400024414062,97.00700378417969,96.80899810791016,96.96199798583984,0,0.015
2024-06-20 04:00:00+00:00,96.96399688720703,97.0790023803711,96.91000366210938,97.0250015258789,0,0.015
2024-06-20 08:00:00+00:00,97.0199966430664,97.13999938964844,96.99099731445312,97.02899932861328,0,0.015
2024-06-20 12:00:00+00:00,97.02799987792969,97.30599975585938,97.01499938964844,97.15799713134766,0,0.015
2024-06-20 16:00:00+00:00,97.15499877929688,97.3010025024414,97.05799865722656,97.29100036621094,0,0.015
2024-06-20 20:00:00+00:00,97.29000091552734,97.33300018310547,97.14800262451172,97.29399871826172,0,0.015
2024-06-21 00:00:00+00:00,97.29399871826172,97.37200164794922,97.23600006103516,97.30699920654297,0,0.015
2024-06-21 04:00:00+00:00,97.31500244140625,97.39600372314453,97.0739974975586,97.1780014038086,0,0.015
2024-06-21 08:00:00+00:00,97.1760025024414,97.45999908447266,97.14199829101562,97.4260025024414,0,0.015
2024-06-21 12:00:00+00:00,97.42900085449219,97.59500122070312,97.21499633789062,97.53700256347656,0,0.015
2024-06-21 16:00:00+00:00,97.53800201416016,97.71399688720703,97.48500061035156,97.6780014038086,0,0.015
2024-06-21 20:00:00+00:00,97.6760025024414,97.79100036621094,97.64700317382812,97.7750015258789,0,0.015
2024-06-23 20:00:00+00:00,97.69599914550781,97.74500274658203,97.65899658203125,97.6969985961914,0,0.015
2024-06-24 00:00:00+00:00,97.70600128173828,97.75700378417969,97.47799682617188,97.58300018310547,0,0.015
2024-06-24 04:00:00+00:00,97.58300018310547,97.76200103759766,97.56600189208984,97.75900268554688,0,0.015
2024-06-24 08:00:00+00:00,97.75900268554688,97.92900085449219,97.26899719238281,97.59300231933594,0,0.015
2024-06-24 12:00:00+00:00,97.59100341796875,97.91899871826172,97.48999786376953,97.80799865722656,0,0.015
2024-06-24 16:00:00+00:00,97.80999755859375,97.8759994506836,97.70800018310547,97.77300262451172,0,0.015
2024-06-24 20:00:00+00:00,97.76799774169922,97.80400085449219,97.64900207519531,97.70700073242188,0,0.015
2024-06-25 00:00:00+00:00,97.71600341796875,97.75900268554688,97.44999694824219,97.63700103759766,0,0.015
2024-06-25 04:00:00+00:00,97.63700103759766,97.75,97.53700256347656,97.69499969482422,0,0.015
2024-06-25 08:00:00+00:00,97.69100189208984,97.75599670410156,97.52200317382812,97.59100341796875,0,0.015
2024-06-25 12:00:00+00:00,97.58399963378906,97.7249984741211,97.51200103759766,97.60900115966797,0,0.015
2024-06-25 16:00:00+00:00,97.61199951171875,97.73400115966797,97.5479965209961,97.63400268554688,0,0.015
2024-06-25 20:00:00+00:00,97.63099670410156,97.7760009765625,97.58599853515625,97.64099884033203,0,0.015
2024-06-26 00:00:00+00:00,97.64299774169922,97.9020004272461,97.56700134277344,97.66400146484375,0,0.015
2024-06-26 04:00:00+00:00,97.66400146484375,97.80699920654297,97.5790023803711,97.69100189208984,0,0.015
2024-06-26 08:00:00+00:00,97.68800354003906,97.75299835205078,97.48600006103516,97.65699768066406,0,0.015
2024-06-26 12:00:00+00:00,97.65799713134766,97.79900360107422,97.43099975585938,97.60099792480469,0,0.015
2024-06-26 16:00:00+00:00,97.60199737548828,97.82499694824219,97.55699920654297,97.75499725341797,0,0.015
2024-06-26 20:00:00+00:00,97.75700378417969,97.84200286865234,97.60700225830078,97.63999938964844,0,0.015
2024-06-27 00:00:00+00:00,97.63999938964844,97.6520004272461,97.4469985961914,97.59300231933594,0,0.015
2024-06-27 04:00:00+00:00,97.60199737548828,97.8270034790039,97.52999877929688,97.78600311279297,0,0.015
2024-06-27 08:00:00+00:00,97.79100036621094,97.94499969482422,97.72699737548828,97.81999969482422,0,0.015
2024-06-27 12:00:00+00:00,97.82499694824219,97.97100067138672,97.75800323486328,97.8010025024414,0,0.015
2024-06-27 16:00:00+00:00,97.80799865722656,97.875,97.76100158691406,97.80799865722656,0,0.015
2024-06-27 20:00:00+00:00,97.81199645996094,97.86599731445312,97.69100189208984,97.76399993896484,0,0.015
2024-06-28 00:00:00+00:00,97.76499938964844,97.86799621582031,97.58200073242188,97.64399719238281,0,0.015
2024-06-28 04:00:00+00:00,97.64800262451172,97.6719970703125,97.50599670410156,97.64199829101562,0,0.015
2024-06-28 08:00:00+00:00,97.64299774169922,97.7229995727539,97.572998046875,97.64600372314453,0,0.015
2024-06-28 12:00:00+00:00,97.64900207519531,98.08899688720703,97.625,98.02200317382812,0,0.015
2024-06-28 16:00:00+00:00,98.01899719238281,98.14399719238281,97.89700317382812,97.97899627685547,0,0.015
2024-06-28 20:00:00+00:00,97.97899627685547,98.01899719238281,97.93900299072266,97.99400329589844,0,0.015
2024-06-30 20:00:00+00:00,98.0770034790039,98.18800354003906,98.05500030517578,98.13099670410156,0,0.015
2024-07-01 00:00:00+00:00,98.13300323486328,98.2979965209961,98.06300354003906,98.22799682617188,0,0.015
2024-07-01 04:00:00+00:00,98.2249984741211,98.28500366210938,98.15599822998047,98.19999694824219,0,0.015
2024-07-01 08:00:00+00:00,98.19999694824219,98.31700134277344,98.1520004272461,98.19999694824219,0,0.015
2024-07-01 12:00:00+00:00,98.1969985961914,98.36399841308594,98.01899719238281,98.06199645996094,0,0.015
2024-07-01 16:00:00+00:00,98.05699920654297,98.1240005493164,97.9739990234375,98.05799865722656,0,0.015
2024-07-01 20:00:00+00:00,98.05799865722656,98.20500183105469,97.89700317382812,97.93699645996094,0,0.015
2024-07-02 00:00:00+00:00,97.93699645996094,98.02300262451172,97.73999786376953,97.86399841308594,0,0.015
2024-07-02 04:00:00+00:00,97.86299896240234,97.927001953125,97.75499725341797,97.83300018310547,0,0.015
2024-07-02 08:00:00+00:00,97.83599853515625,97.92500305175781,97.79900360107422,97.91799926757812,0,0.015
2024-07-02 12:00:00+00:00,97.91899871826172,98.1050033569336,97.91500091552734,98.04900360107422,0,0.015
2024-07-02 16:00:00+00:00,98.0479965209961,98.20500183105469,98.03399658203125,98.1969985961914,0,0.015
2024-07-02 20:00:00+00:00,98.19499969482422,98.25199890136719,98.0270004272461,98.2030029296875,0,0.015
2024-07-03 00:00:00+00:00,98.20800018310547,98.31700134277344,98.18099975585938,98.27899932861328,0,0.015
2024-07-03 04:00:00+00:00,98.28199768066406,98.46700286865234,98.22699737548828,98.37100219726562,0,0.015
2024-07-03 08:00:00+00:00,98.36799621582031,98.41600036621094,98.2509994506836,98.31199645996094,0,0.015
2024-07-03 12:00:00+00:00,98.31300354003906,98.71700286865234,98.2509994506836,98.68900299072266,0,0.015
2024-07-03 16:00:00+00:00,98.68900299072266,98.73799896240234,98.51200103759766,98.61299896240234,0,0.015
2024-07-03 20:00:00+00:00,98.61199951171875,98.7229995727539,98.51499938964844,98.68399810791016,0,0.015
2024-07-04 00:00:00+00:00,98.67900085449219,98.72799682617188,98.56999969482422,98.66899871826172,0,0.015
2024-07-04 04:00:00+00:00,98.6729965209961,98.71399688720703,98.56999969482422,98.59400177001953,0,0.015
2024-07-04 08:00:00+00:00,98.59100341796875,98.66000366210938,98.51100158691406,98.51799774169922,0,0.015
2024-07-04 12:00:00+00:00,98.5199966430664,98.64199829101562,98.48500061035156,98.58000183105469,0,0.015
2024-07-04 16:00:00+00:00,98.58300018310547,98.64600372314453,98.552001953125,98.59500122070312,0,0.015
2024-07-04 20:00:00+00:00,98.59200286865234,98.69100189208984,98.51699829101562,98.62899780273438,0,0.015
2024-07-05 00:00:00+00:00,98.63200378417969,98.67500305175781,98.24400329589844,98.33599853515625,0,0.015
2024-07-05 04:00:00+00:00,98.33499908447266,98.39800262451172,98.26000213623047,98.3550033569336,0,0.015
2024-07-05 08:00:00+00:00,98.3550033569336,98.48999786376953,98.30400085449219,98.44100189208984,0,0.015
2024-07-05 12:00:00+00:00,98.44000244140625,98.78099822998047,98.26899719238281,98.64800262451172,0,0.015
2024-07-05 16:00:00+00:00,98.6449966430664,98.83999633789062,98.62799835205078,98.83999633789062,0,0.015
2024-07-05 20:00:00+00:00,98.83599853515625,98.85900115966797,98.73899841308594,98.79100036621094,0,0.015
2024-07-07 20:00:00+00:00,98.71700286865234,98.75,98.62200164794922,98.63200378417969,0,0.015
2024-07-08 00:00:00+00:00,98.63400268554688,98.75900268554688,98.46600341796875,98.69300079345703,0,0.015
2024-07-08 04:00:00+00:00,98.69200134277344,98.83499908447266,98.59600067138672,98.8010025024414,0,0.015
2024-07-08 08:00:00+00:00,98.80599975585938,98.84200286865234,98.66500091552734,98.78099822998047,0,0.015
2024-07-08 12:00:00+00:00,98.78399658203125,98.80000305175781,98.5270004272461,98.59200286865234,0,0.015
2024-07-08 16:00:00+00:00,98.59400177001953,98.61199951171875,98.4260025024414,98.48500061035156,0,0.015
2024-07-08 20:00:00+00:00,98.47699737548828,98.63200378417969,98.43000030517578,98.61000061035156,0,0.015
2024-07-09 00:00:00+00:00,98.61199951171875,98.63300323486328,98.46600341796875,98.56500244140625,0,0.015
2024-07-09 04:00:00+00:00,98.56500244140625,98.61699676513672,98.44400024414062,98.4800033569336,0,0.015
2024-07-09 08:00:00+00:00,98.48200225830078,98.58100128173828,98.44100189208984,98.52799987792969,0,0.015
2024-07-09 12:00:00+00:00,98.5270004272461,98.81099700927734,98.46700286865234,98.77799987792969,0,0.015
2024-07-09 16:00:00+00:00,98.78299713134766,98.81300354003906,98.71600341796875,98.78900146484375,0,0.015
2024-07-09 20:00:00+00:00,98.79100036621094,98.89600372314453,98.71299743652344,98.83599853515625,0,0.015
2024-07-10 00:00:00+00:00,98.83999633789062,99.01599884033203,98.12200164794922,98.36599731445312,0,0.015
2024-07-10 04:00:00+00:00,98.37000274658203,98.45600128173828,98.04299926757812,98.08999633789062,0,0.015
2024-07-10 08:00:00+00:00,98.08599853515625,98.14700317382812,97.96299743652344,98.13500213623047,0,0.015
2024-07-10 12:00:00+00:00,98.13400268554688,98.40399932861328,98.11399841308594,98.35199737548828,0,0.015
2024-07-10 16:00:00+00:00,98.35700225830078,98.37300109863281,98.19999694824219,98.30500030517578,0,0.015
2024-07-10 20:00:00+00:00,98.2959976196289,98.40399932861328,98.1760025024414,98.36100006103516,0,0.015
2024-07-11 00:00:00+00:00,98.36000061035156,98.59300231933594,98.29299926757812,98.55899810791016,0,0.015
2024-07-11 04:00:00+00:00,98.55799865722656,98.58899688720703,98.38400268554688,98.45500183105469,0,0.015
2024-07-11 08:00:00+00:00,98.45899963378906,98.47599792480469,98.25700378417969,98.31999969482422,0,0.015
2024-07-11 12:00:00+00:00,98.322998046875,98.52899932861328,96.49299621582031,96.91000366210938,0,0.015
2024-07-11 16:00:00+00:00,96.90799713134766,96.93000030517578,96.69100189208984,96.77100372314453,0,0.015
2024-07-11 20:00:00+00:00,96.76499938964844,97.04499816894531,96.06400299072266,96.45700073242188,0,0.015
2024-07-12 00:00:00+00:00,96.45600128173828,97.12999725341797,96.26799774169922,97.0999984741211,0,0.015
2024-07-12 04:00:00+00:00,97.10399627685547,97.197998046875,96.9469985961914,97.16500091552734,0,0.015
2024-07-12 08:00:00+00:00,97.15899658203125,97.25199890136719,97.09500122070312,97.11599731445312,0,0.015
2024-07-12 12:00:00+00:00,97.11599731445312,97.13200378417969,96.3280029296875,96.65499877929688,0,0.015
2024-07-12 16:00:00+00:00,96.6500015258789,96.72599792480469,96.52100372314453,96.5510025024414,0,0.015
2024-07-12 20:00:00+00:00,96.53900146484375,96.63500213623047,96.49099731445312,96.60700225830078,0,0.015
2024-07-14 20:00:00+00:00,96.5009994506836,96.5469970703125,96.427001953125,96.47799682617188,0,0.015
2024-07-15 00:00:00+00:00,96.47599792480469,96.5270004272461,96.25299835205078,96.33000183105469,0,0.015
2024-07-15 04:00:00+00:00,96.33300018310547,96.38700103759766,96.13099670410156,96.21600341796875,0,0.015
2024-07-15 08:00:00+00:00,96.21600341796875,96.33799743652344,96.18800354003906,96.28099822998047,0,0.015
2024-07-15 12:00:00+00:00,96.28299713134766,96.32099914550781,96.10800170898438,96.18399810791016,0,0.015
2024-07-15 16:00:00+00:00,96.18599700927734,96.19200134277344,95.81900024414062,95.96499633789062,0,0.015
2024-07-15 20:00:00+00:00,95.97200012207031,96.13999938964844,95.91799926757812,96.08499908447266,0,0.015
2024-07-16 00:00:00+00:00,96.08899688720703,96.197998046875,95.98899841308594,96.10199737548828,0,0.015
2024-07-16 04:00:00+00:00,96.10199737548828,96.13500213623047,95.93299865722656,96.04100036621094,0,0.015
2024-07-16 08:00:00+00:00,96.04000091552734,96.16100311279297,95.97000122070312,96.08300018310547,0,0.015
2024-07-16 12:00:00+00:00,96.09100341796875,96.14800262451172,95.78299713134766,95.81999969482422,0,0.015
2024-07-16 16:00:00+00:00,95.8219985961914,95.85600280761719,95.70999908447266,95.85600280761719,0,0.015
2024-07-16 20:00:00+00:00,95.8290023803711,96.13200378417969,95.52899932861328,96.125,0,0.015
2024-07-17 00:00:00+00:00,96.11900329589844,96.4020004272461,96.05999755859375,96.08799743652344,0,0.015
2024-07-17 04:00:00+00:00,96.09300231933594,96.16400146484375,95.41699981689453,95.44200134277344,0,0.015
2024-07-17 08:00:00+00:00,95.44400024414062,95.46399688720703,94.9729995727539,95.25700378417969,0,0.015
2024-07-17 12:00:00+00:00,95.26399993896484,95.2979965209961,94.98100280761719,95.04299926757812,0,0.015
2024-07-17 16:00:00+00:00,95.04000091552734,95.06600189208984,94.76799774169922,94.875,0,0.015
2024-07-17 20:00:00+00:00,94.875,95.08000183105469,94.427001953125,94.64800262451172,0,0.015
2024-07-18 00:00:00+00:00,94.64299774169922,95.08999633789062,94.45899963378906,94.96700286865234,0,0.015
2024-07-18 04:00:00+00:00,94.96499633789062,95.01399993896484,94.68499755859375,94.87999725341797,0,0.015
2024-07-18 08:00:00+00:00,94.8759994506836,95.08000183105469,94.85900115966797,94.96800231933594,0,0.015
2024-07-18 12:00:00+00:00,94.96700286865234,95.21600341796875,94.85099792480469,95.177001953125,0,0.015
2024-07-18 16:00:00+00:00,95.1760025024414,95.28900146484375,95.06600189208984,95.13099670410156,0,0.015
2024-07-18 20:00:00+00:00,95.13200378417969,95.1969985961914,94.94499969482422,94.96900177001953,0,0.015
2024-07-19 00:00:00+00:00,94.96700286865234,95.06900024414062,94.78600311279297,94.86000061035156,0,0.015
2024-07-19 04:00:00+00:00,94.86499786376953,95.18000030517578,94.76799774169922,94.86299896240234,0,0.015
2024-07-19 08:00:00+00:00,94.86000061035156,94.91100311279297,94.6989974975586,94.87699890136719,0,0.015
2024-07-19 12:00:00+00:00,94.8740005493164,94.93299865722656,94.61699676513672,94.70700073242188,0,0.015
2024-07-19 16:00:00+00:00,94.697998046875,94.71900177001953,94.5739974975586,94.61499786376953,0,0.015
2024-07-19 20:00:00+00:00,94.6050033569336,94.63600158691406,94.55400085449219,94.63300323486328,0,0.015
2024-07-21 20:00:00+00:00,94.75499725341797,94.83100128173828,94.69100189208984,94.81900024414062,0,0.015
2024-07-22 00:00:00+00:00,94.82099914550781,94.8239974975586,94.44999694824219,94.46600341796875,0,0.015
2024-07-22 04:00:00+00:00,94.47200012207031,94.47200012207031,93.7760009765625,94.04499816894531,0,0.015
2024-07-22 08:00:00+00:00,94.04499816894531,94.18199920654297,93.90299987792969,94.01899719238281,0,0.015
2024-07-22 12:00:00+00:00,94.02200317382812,94.06999969482422,93.6500015258789,93.86000061035156,0,0.015
2024-07-22 16:00:00+00:00,93.86100006103516,93.96800231933594,93.80899810791016,93.8949966430664,0,0.015
2024-07-22 20:00:00+00:00,93.90399932861328,93.9209976196289,93.76499938964844,93.76799774169922,0,0.015
2024-07-23 00:00:00+00:00,93.76799774169922,93.78800201416016,93.22100067138672,93.2750015258789,0,0.015
2024-07-23 04:00:00+00:00,93.27999877929688,93.44000244140625,93.01000213623047,93.052001953125,0,0.015
2024-07-23 08:00:00+00:00,93.04900360107422,93.16899871826172,92.9219970703125,93.0989990234375,0,0.015
2024-07-23 12:00:00+00:00,93.10600280761719,93.19100189208984,92.8280029296875,92.95899963378906,0,0.015
2024-07-23 16:00:00+00:00,92.95800018310547,92.9729995727539,92.60299682617188,92.63600158691406,0,0.015
2024-07-23 20:00:00+00:00,92.62999725341797,92.78900146484375,92.58000183105469,92.7020034790039,0,0.015
2024-07-24 00:00:00+00:00,92.70800018310547,92.78900146484375,91.88800048828125,91.93399810791016,0,0.015
2024-07-24 04:00:00+00:00,91.93399810791016,91.93699645996094,91.3949966430664,91.66799926757812,0,0.015
2024-07-24 08:00:00+00:00,91.66400146484375,91.86900329589844,91.48699951171875,91.58699798583984,0,0.015
2024-07-24 12:00:00+00:00,91.59200286865234,91.60399627685547,90.98899841308594,91.18399810791016,0,0.015
2024-07-24 16:00:00+00:00,91.18399810791016,91.375,91.13099670410156,91.22000122070312,0,0.015
2024-07-24 20:00:00+00:00,91.2239990234375,91.31800079345703,90.98999786376953,91.20099639892578,0,0.015
2024-07-25 00:00:00+00:00,91.2030029296875,91.2229995727539,90.09100341796875,90.13899993896484,0,0.015
2024-07-25 04:00:00+00:00,90.13999938964844,90.47000122070312,89.89299774169922,90.03299713134766,0,0.015
2024-07-25 08:00:00+00:00,90.03199768066406,90.302001953125,89.78700256347656,90.02999877929688,0,0.015
2024-07-25 12:00:00+00:00,90.02799987792969,90.96199798583984,89.9260025024414,90.85299682617188,0,0.015
2024-07-25 16:00:00+00:00,90.8499984741211,91.08399963378906,90.53800201416016,90.62200164794922,0,0.015
2024-07-25 20:00:00+00:00,90.6240005493164,90.68299865722656,90.31199645996094,90.51200103759766,0,0.015
2024-07-26 00:00:00+00:00,90.50599670410156,90.75800323486328,90.31199645996094,90.49400329589844,0,0.015
2024-07-26 04:00:00+00:00,90.49400329589844,90.91000366210938,90.39800262451172,90.80500030517578,0,0.015
2024-07-26 08:00:00+00:00,90.80400085449219,91.18599700927734,90.74500274658203,91.13500213623047,0,0.015
2024-07-26 12:00:00+00:00,91.13500213623047,91.14199829101562,90.25599670410156,90.6989974975586,0,0.015
2024-07-26 16:00:00+00:00,90.69400024414062,90.71900177001953,90.50399780273438,90.53299713134766,0,0.015
2024-07-26 20:00:00+00:00,90.52899932861328,90.5739974975586,90.47899627685547,90.5250015258789,0,0.015
2024-07-28 20:00:00+00:00,90.6719970703125,90.89399719238281,90.65799713134766,90.76100158691406,0,0.015
2024-07-29 00:00:00+00:00,90.76300048828125,90.93299865722656,90.25800323486328,90.53399658203125,0,0.015
2024-07-29 04:00:00+00:00,90.53900146484375,90.58399963378906,90.19400024414062,90.34700012207031,0,0.015
2024-07-29 08:00:00+00:00,90.34200286865234,90.55599975585938,90.2699966430664,90.33499908447266,0,0.015
2024-07-29 12:00:00+00:00,90.33699798583984,90.47799682617188,90.18299865722656,90.36900329589844,0,0.015
2024-07-29 16:00:00+00:00,90.37000274658203,90.53500366210938,90.35099792480469,90.4729995727539,0,0.015
2024-07-29 20:00:00+00:00,90.46900177001953,90.60700225830078,90.38400268554688,90.39900207519531,0,0.015
2024-07-30 00:00:00+00:00,90.39199829101562,90.69999694824219,90.23899841308594,90.69499969482422,0,0.015
2024-07-30 04:00:00+00:00,90.6989974975586,91.52100372314453,90.68599700927734,91.26499938964844,0,0.015
2024-07-30 08:00:00+00:00,91.2699966430664,91.37899780273438,91.13300323486328,91.18800354003906,0,0.015
2024-07-30 12:00:00+00:00,91.19400024414062,91.25199890136719,90.5989990234375,90.64399719238281,0,0.015
2024-07-30 16:00:00+00:00,90.64399719238281,90.73200225830078,90.29199981689453,90.43800354003906,0,0.015
2024-07-30 20:00:00+00:00,90.43599700927734,90.46099853515625,89.98200225830078,90.10299682617188,0,0.015
2024-07-31 00:00:00+00:00,90.10199737548828,90.81600189208984,89.51799774169922,90.67900085449219,0,0.015
2024-07-31 04:00:00+00:00,90.68299865722656,90.84600067138672,89.26300048828125,89.39700317382812,0,0.015
2024-07-31 08:00:00+00:00,89.4020004272461,89.42400360107422,88.68199920654297,88.9000015258789,0,0.015
2024-07-31 12:00:00+00:00,88.90599822998047,89.47000122070312,88.80699920654297,89.41899871826172,0,0.015
2024-07-31 16:00:00+00:00,89.4209976196289,89.7750015258789,89.0459976196289,89.1050033569336,0,0.015
2024-07-31 20:00:00+00:00,89.0999984741211,89.47599792480469,89.05699920654297,89.14099884033203,0,0.015
2024-08-01 00:00:00+00:00,89.1449966430664,89.2490005493164,88.53600311279297,89.00700378417969,0,0.015
2024-08-01 04:00:00+00:00,89.00299835205078,89.37000274658203,88.90899658203125,89.13300323486328,0,0.015
2024-08-01 08:00:00+00:00,89.13400268554688,89.55699920654297,88.7770004272461,89.4729995727539,0,0.015
2024-08-01 12:00:00+00:00,89.47599792480469,89.94499969482422,89.30400085449219,89.43199920654297,0,0.015
2024-08-01 16:00:00+00:00,89.43399810791016,89.51599884033203,88.8010025024414,89.08799743652344,0,0.015
2024-08-01 20:00:00+00:00,89.08599853515625,89.0979995727539,88.46900177001953,88.55999755859375,0,0.015
2024-08-02 00:00:00+00:00,88.55899810791016,89.06900024414062,88.35099792480469,88.88200378417969,0,0.015
2024-08-02 04:00:00+00:00,88.88500213623047,89.03600311279297,88.43800354003906,88.75299835205078,0,0.015
2024-08-02 08:00:00+00:00,88.75,88.81300354003906,88.43499755859375,88.68800354003906,0,0.015
2024-08-02 12:00:00+00:00,88.69400024414062,88.81700134277344,87.33999633789062,87.75800323486328,0,0.015
2024-08-02 16:00:00+00:00,87.75599670410156,87.96499633789062,87.27999877929688,87.43399810791016,0,0.015
2024-08-02 20:00:00+00:00,87.43699645996094,87.45800018310547,87.22699737548828,87.2959976196289,0,0.015
2024-08-04 20:00:00+00:00,87.06900024414062,87.0780029296875,86.33399963378906,86.56900024414062,0,0.015
2024-08-05 00:00:00+00:00,86.56999969482422,86.7770004272461,85.75499725341797,85.91600036621094,0,0.015
2024-08-05 04:00:00+00:00,85.91699981689453,85.9530029296875,83.03399658203125,85.01599884033203,0,0.015
2024-08-05 08:00:00+00:00,85.01599884033203,85.05500030517578,84.0260009765625,84.49600219726562,0,0.015
2024-08-05 12:00:00+00:00,84.49700164794922,85.73400115966797,84.20700073242188,85.3489990234375,0,0.015
2024-08-05 16:00:00+00:00,85.34700012207031,86.00599670410156,84.96600341796875,85.28500366210938,0,0.015
2024-08-05 20:00:00+00:00,85.28600311279297,86.78600311279297,85.25499725341797,86.74600219726562,0,0.015
2024-08-06 00:00:00+00:00,86.74400329589844,87.21900177001953,85.84500122070312,86.41300201416016,0,0.015
2024-08-06 04:00:00+00:00,86.40799713134766,86.6719970703125,85.90399932861328,85.9729995727539,0,0.015
2024-08-06 08:00:00+00:00,85.9749984741211,86.125,85.47699737548828,85.89299774169922,0,0.015
2024-08-06 12:00:00+00:00,85.88800048828125,86.41799926757812,85.34700012207031,86.33499908447266,0,0.015
2024-08-06 16:00:00+00:00,86.33399963378906,86.6510009765625,86.16000366210938,86.16300201416016,0,0.015
2024-08-06 20:00:00+00:00,86.15499877929688,86.5739974975586,85.7959976196289,86.4520034790039,0,0.015
2024-08-07 00:00:00+00:00,86.4520034790039,88.62699890136719,86.39900207519531,88.44400024414062,0,0.015
2024-08-07 04:00:00+00:00,88.44200134277344,88.9749984741211,87.71199798583984,88.1510009765625,0,0.015
2024-08-07 08:00:00+00:00,88.15499877929688,88.84500122070312,88.09200286865234,88.58000183105469,0,0.015
2024-08-07 12:00:00+00:00,88.58100128173828,88.88800048828125,88.09500122070312,88.62200164794922,0,0.015
2024-08-07 16:00:00+00:00,88.61799621582031,88.68699645996094,87.88800048828125,87.98200225830078,0,0.015
2024-08-07 20:00:00+00:00,87.98200225830078,88.0780029296875,87.09200286865234,87.60900115966797,0,0.015
2024-08-08 00:00:00+00:00,87.60800170898438,88.177001953125,87.11399841308594,87.88500213623047,0,0.015
2024-08-08 04:00:00+00:00,87.89600372314453,87.93699645996094,87.24299621582031,87.41999816894531,0,0.015
2024-08-08 08:00:00+00:00,87.427001953125,87.78500366210938,87.37799835205078,87.58899688720703,0,0.015
2024-08-08 12:00:00+00:00,87.58100128173828,88.53700256347656,87.49099731445312,88.26499938964844,0,0.015
2024-08-08 16:00:00+00:00,88.26300048828125,88.5250015258789,88.22200012207031,88.36699676513672,0,0.015
2024-08-08 20:00:00+00:00,88.36699676513672,88.84100341796875,88.35399627685547,88.6969985961914,0,0.015
2024-08-09 00:00:00+00:00,88.69599914550781,88.96299743652344,88.37699890136719,88.80699920654297,0,0.015
2024-08-09 04:00:00+00:00,88.81500244140625,88.83799743652344,88.30799865722656,88.62899780273438,0,0.015
2024-08-09 08:00:00+00:00,88.62799835205078,88.73500061035156,88.28600311279297,88.43299865722656,0,0.015
2024-08-09 12:00:00+00:00,88.44100189208984,88.45500183105469,87.98200225830078,88.06099700927734,0,0.015
2024-08-09 16:00:00+00:00,88.05899810791016,88.13500213623047,87.91000366210938,87.99700164794922,0,0.015
2024-08-09 20:00:00+00:00,87.99199676513672,88.01799774169922,87.88099670410156,87.9729995727539,0,0.015
2024-08-11 20:00:00+00:00,88.10800170898438,88.2229995727539,87.99400329589844,88.12799835205078,0,0.015
2024-08-12 00:00:00+00:00,88.12899780273438,88.48500061035156,88.05400085449219,88.4749984741211,0,0.015
2024-08-12 04:00:00+00:00,88.47899627685547,88.73799896240234,88.36499786376953,88.71399688720703,0,0.015
2024-08-12 08:00:00+00:00,88.71299743652344,89.02300262451172,88.697998046875,88.9749984741211,0,0.015
2024-08-12 12:00:00+00:00,88.9749984741211,89.36900329589844,88.64199829101562,88.82499694824219,0,0.015
2024-08-12 16:00:00+00:00,88.82599639892578,88.83200073242188,88.47899627685547,88.56400299072266,0,0.015
2024-08-12 20:00:00+00:00,88.56300354003906,88.6989974975586,88.45800018310547,88.53600311279297,0,0.015
2024-08-13 00:00:00+00:00,88.53600311279297,88.94999694824219,88.46800231933594,88.91000366210938,0,0.015
2024-08-13 04:00:00+00:00,88.91300201416016,89.38999938964844,88.90799713134766,89.33999633789062,0,0.015
2024-08-13 08:00:00+00:00,89.33999633789062,89.38899993896484,88.98600006103516,89.01799774169922,0,0.015
2024-08-13 12:00:00+00:00,89.01200103759766,89.26499938964844,88.78700256347656,89.04000091552734,0,0.015
2024-08-13 16:00:00+00:00,89.03299713134766,89.24299621582031,88.95600128173828,89.22799682617188,0,0.015
2024-08-13 20:00:00+00:00,89.22599792480469,89.35199737548828,89.09100341796875,89.31500244140625,0,0.015
2024-08-14 00:00:00+00:00,89.31400299072266,89.5,87.99299621582031,88.25299835205078,0,0.015
2024-08-14 04:00:00+00:00,88.25900268554688,88.697998046875,88.11900329589844,88.63600158691406,0,0.015
2024-08-14 08:00:00+00:00,88.62699890136719,88.68599700927734,88.33599853515625,88.39299774169922,0,0.015
2024-08-14 12:00:00+00:00,88.38899993896484,88.70600128173828,88.22100067138672,88.40899658203125,0,0.015
2024-08-14 16:00:00+00:00,88.40799713134766,88.41799926757812,88.23200225830078,88.3270034790039,0,0.015
2024-08-14 20:00:00+00:00,88.3239974975586,88.43399810791016,88.25399780273438,88.33000183105469,0,0.015
2024-08-15 00:00:00+00:00,88.33499908447266,88.54299926757812,88.14199829101562,88.48899841308594,0,0.015
2024-08-15 04:00:00+00:00,88.48500061035156,88.5270004272461,88.29499816894531,88.42500305175781,0,0.015
2024-08-15 08:00:00+00:00,88.4280014038086,88.58399963378906,88.3550033569336,88.5250015258789,0,0.015
2024-08-15 12:00:00+00:00,88.52100372314453,89.56999969482422,88.46299743652344,89.4209976196289,0,0.015
2024-08-15 16:00:00+00:00,89.42500305175781,89.51200103759766,89.1989974975586,89.23699951171875,0,0.015
2024-08-15 20:00:00+00:00,89.22599792480469,89.41799926757812,89.1780014038086,89.23200225830078,0,0.015
2024-08-16 00:00:00+00:00,89.24099731445312,89.5199966430664,89.08300018310547,89.47599792480469,0,0.015
2024-08-16 04:00:00+00:00,89.47599792480469,89.77200317382812,89.46199798583984,89.63800048828125,0,0.015
2024-08-16 08:00:00+00:00,89.64299774169922,89.66600036621094,89.11299896240234,89.23699951171875,0,0.015
2024-08-16 12:00:00+00:00,89.23799896240234,89.43900299072266,88.93399810791016,89.37899780273438,0,0.015
2024-08-16 16:00:00+00:00,89.38300323486328,89.44200134277344,89.29900360107422,89.38800048828125,0,0.015
2024-08-16 20:00:00+00:00,89.38999938964844,89.40799713134766,89.28500366210938,89.36699676513672,0,0.015
2024-08-18 20:00:00+00:00,89.51100158691406,89.66699981689453,89.49400329589844,89.61299896240234,0,0.015
2024-08-19 00:00:00+00:00,89.61499786376953,89.6729965209961,88.94000244140625,89.02200317382812,0,0.015
2024-08-19 04:00:00+00:00,89.0250015258789,89.18699645996094,88.23200225830078,88.71199798583984,0,0.015
2024-08-19 08:00:00+00:00,88.71199798583984,88.94300079345703,88.55400085449219,88.74400329589844,0,0.015
2024-08-19 12:00:00+00:00,88.74700164794922,89.3759994506836,88.69000244140625,89.20800018310547,0,0.015
2024-08-19 16:00:00+00:00,89.21099853515625,89.61699676513672,89.17900085449219,89.5790023803711,0,0.015
2024-08-19 20:00:00+00:00,89.57099914550781,89.81099700927734,89.51200103759766,89.74500274658203,0,0.015
2024-08-20 00:00:00+00:00,89.73899841308594,89.97799682617188,89.30000305175781,89.9209976196289,0,0.015
2024-08-20 04:00:00+00:00,89.91500091552734,90.22000122070312,89.73500061035156,89.85399627685547,0,0.015
2024-08-20 08:00:00+00:00,89.85299682617188,89.98600006103516,89.71900177001953,89.89399719238281,0,0.015
2024-08-20 12:00:00+00:00,89.89700317382812,89.91500091552734,89.4260025024414,89.5009994506836,0,0.015
2024-08-20 16:00:00+00:00,89.5009994506836,89.54499816894531,89.2760009765625,89.41200256347656,0,0.015
2024-08-20 20:00:00+00:00,89.41799926757812,89.48699951171875,89.2030029296875,89.45999908447266,0,0.015
2024-08-21 00:00:00+00:00,89.45800018310547,89.69000244140625,89.31800079345703,89.43699645996094,0,0.015
2024-08-21 04:00:00+00:00,89.43299865722656,89.7229995727539,89.31500244140625,89.6719970703125,0,0.015
2024-08-21 08:00:00+00:00,89.68000030517578,89.81400299072266,89.55899810791016,89.68199920654297,0,0.015
2024-08-21 12:00:00+00:00,89.68800354003906,90.1259994506836,89.38899993896484,89.44400024414062,0,0.015
2024-08-21 16:00:00+00:00,89.44300079345703,89.44999694824219,89.1709976196289,89.26599884033203,0,0.015
2024-08-21 20:00:00+00:00,89.27100372314453,89.45099639892578,89.26300048828125,89.41600036621094,0,0.015
2024-08-22 00:00:00+00:00,89.41799926757812,89.56999969482422,89.26300048828125,89.32499694824219,0,0.015
2024-08-22 04:00:00+00:00,89.32599639892578,89.6510009765625,89.18000030517578,89.5479965209961,0,0.015
2024-08-22 08:00:00+00:00,89.54399871826172,89.87000274658203,89.54399871826172,89.7979965209961,0,0.015
2024-08-22 12:00:00+00:00,89.8030014038086,89.96399688720703,89.5009994506836,89.61100006103516,0,0.015
2024-08-22 16:00:00+00:00,89.61000061035156,89.927001953125,89.5999984741211,89.75499725341797,0,0.015
2024-08-22 20:00:00+00:00,89.74600219726562,89.85099792480469,89.69000244140625,89.79100036621094,0,0.015
2024-08-23 00:00:00+00:00,89.79199981689453,89.88899993896484,89.4020004272461,89.5790023803711,0,0.015
2024-08-23 04:00:00+00:00,89.58100128173828,89.7770004272461,89.48300170898438,89.70600128173828,0,0.015
2024-08-23 08:00:00+00:00,89.70600128173828,89.96499633789062,89.63600158691406,89.9209976196289,0,0.015
2024-08-23 12:00:00+00:00,89.9219970703125,90.27200317382812,89.86100006103516,89.97799682617188,0,0.015
2024-08-23 16:00:00+00:00,89.9739990234375,90.0770034790039,89.74700164794922,89.89900207519531,0,0.015
2024-08-23 20:00:00+00:00,89.89900207519531,90.02999877929688,89.88600158691406,90.00499725341797,0,0.015
2024-08-25 20:00:00+00:00,89.56300354003906,89.625,89.33300018310547,89.57099914550781,0,0.015
2024-08-26 00:00:00+00:00,89.56700134277344,89.6520004272461,89.3479995727539,89.48699951171875,0,0.015
2024-08-26 04:00:00+00:00,89.48300170898438,89.59200286865234,89.12200164794922,89.3290023803711,0,0.015
2024-08-26 08:00:00+00:00,89.3270034790039,89.44599914550781,89.25,89.36599731445312,0,0.015
2024-08-26 12:00:00+00:00,89.37000274658203,89.73200225830078,89.26899719238281,89.64700317382812,0,0.015
2024-08-26 16:00:00+00:00,89.64299774169922,89.81600189208984,89.62899780273438,89.74199676513672,0,0.015
2024-08-26 20:00:00+00:00,89.73200225830078,89.75299835205078,89.52999877929688,89.65799713134766,0,0.015
2024-08-27 00:00:00+00:00,89.66799926757812,90.09300231933594,89.62799835205078,90.02400207519531,0,0.015
2024-08-27 04:00:00+00:00,90.02200317382812,90.20099639892578,89.93199920654297,90.10600280761719,0,0.015
2024-08-27 08:00:00+00:00,90.10600280761719,90.30599975585938,90.02899932861328,90.04199981689453,0,0.015
2024-08-27 12:00:00+00:00,90.04399871826172,90.04399871826172,89.75499725341797,89.94100189208984,0,0.015
2024-08-27 16:00:00+00:00,89.94499969482422,90.07499694824219,89.8499984741211,89.98500061035156,0,0.015
2024-08-27 20:00:00+00:00,89.9800033569336,90.02400207519531,89.75199890136719,89.86699676513672,0,0.015
2024-08-28 00:00:00+00:00,89.86199951171875,90.25700378417969,89.83699798583984,90.25499725341797,0,0.015
2024-08-28 04:00:00+00:00,90.2509994506836,90.31700134277344,89.94999694824219,90.18900299072266,0,0.015
2024-08-28 08:00:00+00:00,90.18299865722656,90.23300170898438,90.0009994506836,90.0530014038086,0,0.015
2024-08-28 12:00:00+00:00,90.05400085449219,90.4540023803711,90.04199981689453,90.16200256347656,0,0.015
2024-08-28 16:00:00+00:00,90.16000366210938,90.37799835205078,90.05400085449219,90.25700378417969,0,0.015
2024-08-28 20:00:00+00:00,90.31099700927734,90.38200378417969,90.0770034790039,90.2229995727539,0,0.015
2024-08-29 00:00:00+00:00,90.2239990234375,90.96900177001953,90.15699768066406,90.86900329589844,0,0.015
2024-08-29 04:00:00+00:00,90.87200164794922,91.16500091552734,90.7959976196289,90.91500091552734,0,0.015
2024-08-29 08:00:00+00:00,90.91500091552734,90.9209976196289,90.60900115966797,90.74299621582031,0,0.015
2024-08-29 12:00:00+00:00,90.73999786376953,91.03700256347656,90.67400360107422,90.83999633789062,0,0.015
2024-08-29 16:00:00+00:00,90.83899688720703,90.87999725341797,90.55500030517578,90.6709976196289,0,0.015
2024-08-29 20:00:00+00:00,90.66799926757812,90.84500122070312,90.6259994506836,90.73300170898438,0,0.015
2024-08-30 00:00:00+00:00,90.73699951171875,90.88500213623047,90.64700317382812,90.70700073242188,0,0.015
2024-08-30 04:00:00+00:00,90.7030029296875,90.80000305175781,90.59700012207031,90.77100372314453,0,0.015
2024-08-30 08:00:00+00:00,90.77100372314453,91.01399993896484,90.7249984741211,90.98100280761719,0,0.015
2024-08-30 12:00:00+00:00,90.98200225830078,91.2020034790039,90.81199645996094,91.08799743652344,0,0.015
2024-08-30 16:00:00+00:00,91.08699798583984,91.39900207519531,91.0260009765625,91.36599731445312,0,0.015
2024-08-30 20:00:00+00:00,91.36699676513672,91.41000366210938,91.27899932861328,91.35299682617188,0,0.015
2024-09-01 20:00:00+00:00,91.53800201416016,91.61399841308594,91.41300201416016,91.44599914550781,0,0.015
2024-09-02 00:00:00+00:00,91.44499969482422,91.51499938964844,90.91200256347656,91.03399658203125,0,0.015
2024-09-02 04:00:00+00:00,91.03600311279297,91.26799774169922,90.88300323486328,91.2249984741211,0,0.015
2024-09-02 08:00:00+00:00,91.22100067138672,91.53299713134766,91.21299743652344,91.48300170898438,0,0.015
2024-09-02 12:00:00+00:00,91.47699737548828,91.65299987792969,91.40499877929688,91.52899932861328,0,0.015
2024-09-02 16:00:00+00:00,91.53399658203125,91.60099792480469,91.42500305175781,91.58399963378906,0,0.015
2024-09-02 20:00:00+00:00,91.58000183105469,91.61799621582031,91.34600067138672,91.41699981689453,0,0.015
2024-09-03 00:00:00+00:00,91.41500091552734,91.61399841308594,90.76000213623047,90.83999633789062,0,0.015
2024-09-03 04:00:00+00:00,90.84400177001953,90.85099792480469,90.35399627685547,90.43699645996094,0,0.015
2024-09-03 08:00:00+00:00,90.43399810791016,90.4749984741211,90.22000122070312,90.41500091552734,0,0.015
2024-09-03 12:00:00+00:00,90.41699981689453,90.53500366210938,89.91600036621094,90.23999786376953,0,0.015
2024-09-03 16:00:00+00:00,90.23600006103516,90.2979965209961,90.00700378417969,90.0770034790039,0,0.015
2024-09-03 20:00:00+00:00,90.07499694824219,90.12899780273438,89.75900268554688,89.91799926757812,0,0.015
2024-09-04 00:00:00+00:00,89.91799926757812,90.00700378417969,89.50900268554688,89.7770004272461,0,0.015
2024-09-04 04:00:00+00:00,89.77300262451172,89.96499633789062,89.47599792480469,89.63500213623047,0,0.015
2024-09-04 08:00:00+00:00,89.64099884033203,89.88300323486328,89.58399963378906,89.64299774169922,0,0.015
2024-09-04 12:00:00+00:00,89.64800262451172,89.89700317382812,89.38999938964844,89.43800354003906,0,0.015
2024-09-04 16:00:00+00:00,89.44300079345703,89.47100067138672,89.01699829101562,89.1050033569336,0,0.015
2024-09-04 20:00:00+00:00,89.10199737548828,89.18800354003906,88.61799621582031,88.66000366210938,0,0.015
2024-09-05 00:00:00+00:00,88.66100311279297,89.19999694824219,88.61399841308594,89.11299896240234,0,0.015
2024-09-05 04:00:00+00:00,89.11900329589844,89.15899658203125,88.77100372314453,89.00499725341797,0,0.015
2024-09-05 08:00:00+00:00,89.00399780273438,89.14399719238281,88.94999694824219,89.03700256347656,0,0.015
2024-09-05 12:00:00+00:00,89.03399658203125,89.51499938964844,88.81400299072266,89.072998046875,0,0.015
2024-09-05 16:00:00+00:00,89.072998046875,89.26599884033203,89.02100372314453,89.21900177001953,0,0.015
2024-09-05 20:00:00+00:00,89.22000122070312,89.27799987792969,89.16699981689453,89.23400115966797,0,0.015
2024-09-06 00:00:00+00:00,89.23899841308594,89.2509994506836,88.86199951171875,88.88099670410156,0,0.015
2024-09-06 04:00:00+00:00,88.88200378417969,88.94599914550781,88.37799835205078,88.73999786376953,0,0.015
2024-09-06 08:00:00+00:00,88.7490005493164,89.05799865722656,88.68900299072266,89.02200317382812,0,0.015
2024-09-06 12:00:00+00:00,89.02300262451172,89.39299774169922,87.7249984741211,87.79399871826172,0,0.015
2024-09-06 16:00:00+00:00,87.7959976196289,87.97599792480469,87.68800354003906,87.93800354003906,0,0.015
2024-09-06 20:00:00+00:00,87.93399810791016,87.94000244140625,87.77799987792969,87.8479995727539,0,0.015
2024-09-08 20:00:00+00:00,87.73100280761719,87.94599914550781,87.69100189208984,87.9020004272461,0,0.015
2024-09-09 00:00:00+00:00,87.9010009765625,88.41400146484375,87.88400268554688,88.11900329589844,0,0.015
2024-09-09 04:00:00+00:00,88.12000274658203,88.28500366210938,87.89199829101562,88.06300354003906,0,0.015
2024-09-09 08:00:00+00:00,88.05999755859375,88.21099853515625,87.9010009765625,88.12300109863281,0,0.015
2024-09-09 12:00:00+00:00,88.12100219726562,88.14700317382812,87.60600280761719,87.86599731445312,0,0.015
2024-09-09 16:00:00+00:00,87.86799621582031,87.98500061035156,87.65899658203125,87.802001953125,0,0.015
2024-09-09 20:00:00+00:00,87.802001953125,88.05400085449219,87.78199768066406,87.93199920654297,0,0.015
2024-09-10 00:00:00+00:00,87.93900299072266,88.06600189208984,87.80599975585938,87.98100280761719,0,0.015
2024-09-10 04:00:00+00:00,87.98500061035156,88.3489990234375,87.94999694824219,88.31800079345703,0,0.015
2024-09-10 08:00:00+00:00,88.31800079345703,88.39800262451172,88.04199981689453,88.08300018310547,0,0.015
2024-09-10 12:00:00+00:00,88.08399963378906,88.11699676513672,87.54499816894531,87.56099700927734,0,0.015
2024-09-10 16:00:00+00:00,87.55599975585938,87.68900299072266,87.45899963378906,87.56099700927734,0,0.015
2024-09-10 20:00:00+00:00,87.55699920654297,87.6449966430664,87.44499969482422,87.46199798583984,0,0.015
2024-09-11 00:00:00+00:00,87.46299743652344,87.48699951171875,86.76699829101562,86.8290023803711,0,0.015
2024-09-11 04:00:00+00:00,86.83300018310547,87.08200073242188,86.45600128173828,86.9260025024414,0,0.015
2024-09-11 08:00:00+00:00,86.927001953125,87.18000030517578,86.85299682617188,87.11799621582031,0,0.015
2024-09-11 12:00:00+00:00,87.11699676513672,87.32099914550781,86.30500030517578,86.74600219726562,0,0.015
2024-09-11 16:00:00+00:00,86.73899841308594,87.37100219726562,86.73200225830078,87.28700256347656,0,0.015
2024-09-11 20:00:00+00:00,87.28800201416016,87.52899932861328,87.23200225830078,87.45700073242188,0,0.015
2024-09-12 00:00:00+00:00,87.46099853515625,87.72000122070312,87.19100189208984,87.61000061035156,0,0.015
2024-09-12 04:00:00+00:00,87.61100006103516,87.96499633789062,87.58499908447266,87.61399841308594,0,0.015
2024-09-12 08:00:00+00:00,87.60900115966797,87.61199951171875,87.34300231933594,87.4280014038086,0,0.015
2024-09-12 12:00:00+00:00,87.42400360107422,87.71499633789062,87.14900207519531,87.49800109863281,0,0.015
2024-09-12 16:00:00+00:00,87.5,87.84100341796875,87.47799682617188,87.6709976196289,0,0.015
2024-09-12 20:00:00+00:00,87.677001953125,87.72799682617188,87.48300170898438,87.55400085449219,0,0.015
2024-09-13 00:00:00+00:00,87.55000305175781,87.5719985961914,87.01300048828125,87.13800048828125,0,0.015
2024-09-13 04:00:00+00:00,87.13700103759766,87.35600280761719,86.98200225830078,87.16200256347656,0,0.015
2024-09-13 08:00:00+00:00,87.16100311279297,87.19400024414062,86.72899627685547,86.81400299072266,0,0.015
2024-09-13 12:00:00+00:00,86.81500244140625,86.93399810791016,86.51200103759766,86.72100067138672,0,0.015
2024-09-13 16:00:00+00:00,86.72200012207031,86.8489990234375,86.65899658203125,86.77200317382812,0,0.015
2024-09-13 20:00:00+00:00,86.77200317382812,86.77899932861328,86.66000366210938,86.68199920654297,0,0.015
2024-09-15 20:00:00+00:00,86.70099639892578,86.82599639892578,86.68900299072266,86.7959976196289,0,0.015
2024-09-16 00:00:00+00:00,86.802001953125,86.80699920654297,86.4530029296875,86.56800079345703,0,0.015
2024-09-16 04:00:00+00:00,86.56700134277344,86.62200164794922,86.26499938964844,86.46299743652344,0,0.015
2024-09-16 08:00:00+00:00,86.46900177001953,86.79100036621094,86.43499755859375,86.68199920654297,0,0.015
2024-09-16 12:00:00+00:00,86.68599700927734,87.10399627685547,86.58999633789062,87.0719985961914,0,0.015
2024-09-16 16:00:00+00:00,87.0739974975586,87.17500305175781,86.99199676513672,87.13099670410156,0,0.015
2024-09-16 20:00:00+00:00,87.12699890136719,87.41699981689453,87.08599853515625,87.2229995727539,0,0.015
2024-09-17 00:00:00+00:00,87.22100067138672,87.26599884033203,86.83599853515625,87.02100372314453,0,0.015
2024-09-17 04:00:00+00:00,87.02400207519531,87.25,86.95999908447266,87.2239990234375,0,0.015
2024-09-17 08:00:00+00:00,87.22599792480469,87.3030014038086,87.13600158691406,87.22200012207031,0,0.015
2024-09-17 12:00:00+00:00,87.22200012207031,87.84500122070312,87.10199737548828,87.6449966430664,0,0.015
2024-09-17 16:00:00+00:00,87.64600372314453,88.00199890136719,87.56900024414062,87.95500183105469,0,0.015
2024-09-17 20:00:00+00:00,87.95600128173828,88.0999984741211,87.86199951171875,87.92900085449219,0,0.015
2024-09-18 00:00:00+00:00,87.927001953125,87.94599914550781,87.66699981689453,87.68800354003906,0,0.015
2024-09-18 04:00:00+00:00,87.69400024414062,88.1760025024414,87.48699951171875,88.16699981689453,0,0.015
2024-09-18 08:00:00+00:00,88.1709976196289,88.31900024414062,88.05799865722656,88.26200103759766,0,0.015
2024-09-18 12:00:00+00:00,88.26300048828125,88.37999725341797,88.01399993896484,88.0250015258789,0,0.015
2024-09-18 16:00:00+00:00,88.0250015258789,88.37000274658203,87.87300109863281,88.125,0,0.015
2024-09-18 20:00:00+00:00,88.1240005493164,88.65299987792969,88.06999969482422,88.60199737548828,0,0.015
2024-09-19 00:00:00+00:00,88.61399841308594,89.24199676513672,88.60299682617188,89.05699920654297,0,0.015
2024-09-19 04:00:00+00:00,89.06300354003906,89.0739974975586,88.59600067138672,89.0,0,0.015
2024-09-19 08:00:00+00:00,89.00199890136719,89.69000244140625,88.97599792480469,89.33399963378906,0,0.015
2024-09-19 12:00:00+00:00,89.34100341796875,89.57599639892578,88.92500305175781,89.1520004272461,0,0.015
2024-09-19 16:00:00+00:00,89.15699768066406,89.36599731445312,88.97100067138672,89.05000305175781,0,0.015
2024-09-19 20:00:00+00:00,89.05799865722656,89.15299987792969,88.88899993896484,89.08799743652344,0,0.015
2024-09-20 00:00:00+00:00,89.09300231933594,89.10299682617188,88.56400299072266,88.83599853515625,0,0.015
2024-09-20 04:00:00+00:00,88.84500122070312,89.64600372314453,88.66699981689453,89.63899993896484,0,0.015
2024-09-20 08:00:00+00:00,89.63400268554688,89.9020004272461,89.48400115966797,89.81700134277344,0,0.015
2024-09-20 12:00:00+00:00,89.822998046875,89.91699981689453,89.41899871826172,89.69100189208984,0,0.015
2024-09-20 16:00:00+00:00,89.697998046875,89.94599914550781,89.62699890136719,89.78600311279297,0,0.015
2024-09-20 20:00:00+00:00,89.78500366210938,89.85199737548828,89.65899658203125,89.72599792480469,0,0.015
2024-09-22 20:00:00+00:00,89.77300262451172,89.85800170898438,89.68900299072266,89.83799743652344,0,0.015
2024-09-23 00:00:00+00:00,89.83000183105469,90.11000061035156,89.79000091552734,90.01699829101562,0,0.015
2024-09-23 04:00:00+00:00,90.01799774169922,90.12699890136719,89.45099639892578,89.4739990234375,0,0.015
2024-09-23 08:00:00+00:00,89.47899627685547,89.88200378417969,89.36399841308594,89.8550033569336,0,0.015
2024-09-23 12:00:00+00:00,89.86399841308594,90.34700012207031,89.76300048828125,90.02799987792969,0,0.015
2024-09-23 16:00:00+00:00,90.02999877929688,90.0530014038086,89.77799987792969,90.00599670410156,0,0.015
2024-09-23 20:00:00+00:00,90.00499725341797,90.0739974975586,89.88600158691406,90.00499725341797,0,0.015
2024-09-24 00:00:00+00:00,90.00399780273438,90.18000030517578,89.78600311279297,90.09300231933594,0,0.015
2024-09-24 04:00:00+00:00,90.08599853515625,90.73699951171875,90.04499816894531,90.45700073242188,0,0.015
2024-09-24 08:00:00+00:00,90.45500183105469,90.68099975585938,90.22699737548828,90.46600341796875,0,0.015
2024-09-24 12:00:00+00:00,90.47200012207031,91.09500122070312,90.41100311279297,90.84200286865234,0,0.015
2024-09-24 16:00:00+00:00,90.8489990234375,90.91999816894531,90.69200134277344,90.80599975585938,0,0.015
2024-09-24 20:00:00+00:00,90.7979965209961,90.86799621582031,90.6449966430664,90.79499816894531,0,0.015
2024-09-25 00:00:00+00:00,90.7969970703125,91.052001953125,90.77200317382812,90.78700256347656,0,0.015
2024-09-25 04:00:00+00:00,90.78900146484375,90.97200012207031,90.58999633789062,90.9489974975586,0,0.015
2024-09-25 08:00:00+00:00,90.9530029296875,91.21800231933594,90.91400146484375,91.14600372314453,0,0.015
2024-09-25 12:00:00+00:00,91.14600372314453,91.17400360107422,90.62899780273438,90.6510009765625,0,0.015
2024-09-25 16:00:00+00:00,90.65699768066406,90.73999786376953,90.5469970703125,90.61000061035156,0,0.015
2024-09-25 20:00:00+00:00,90.61399841308594,90.74099731445312,90.46399688720703,90.51699829101562,0,0.015
2024-09-26 00:00:00+00:00,90.51599884033203,90.85700225830078,90.43000030517578,90.8479995727539,0,0.015
2024-09-26 04:00:00+00:00,90.8499984741211,91.18900299072266,90.56700134277344,91.1050033569336,0,0.015
2024-09-26 08:00:00+00:00,91.10600280761719,91.1780014038086,90.89800262451172,90.90399932861328,0,0.015
2024-09-26 12:00:00+00:00,90.90699768066406,91.59200286865234,90.86900329589844,91.5250015258789,0,0.015
2024-09-26 16:00:00+00:00,91.52400207519531,91.5979995727539,91.37200164794922,91.5260009765625,0,0.015
2024-09-26 20:00:00+00:00,91.5260009765625,91.89199829101562,91.51200103759766,91.84300231933594,0,0.015
2024-09-27 00:00:00+00:00,91.84300231933594,91.98699951171875,91.40399932861328,91.60600280761719,0,0.015
2024-09-27 04:00:00+00:00,91.60900115966797,92.28800201416016,90.03600311279297,90.2750015258789,0,0.015
2024-09-27 08:00:00+00:00,90.2760009765625,90.64600372314453,90.1709976196289,90.43699645996094,0,0.015
2024-09-27 12:00:00+00:00,90.43699645996094,91.02799987792969,90.31700134277344,90.4260025024414,0,0.015
2024-09-27 16:00:00+00:00,90.427001953125,90.51899719238281,90.08100128173828,90.20600128173828,0,0.015
2024-09-27 20:00:00+00:00,90.2030029296875,90.27400207519531,90.11100006103516,90.15699768066406,0,0.015
2024-09-29 20:00:00+00:00,90.59100341796875,90.76599884033203,90.53199768066406,90.65899658203125,0,0.015
2024-09-30 00:00:00+00:00,90.65799713134766,90.9469985961914,90.4219970703125,90.71700286865234,0,0.015
2024-09-30 04:00:00+00:00,90.71199798583984,90.7979965209961,90.09400177001953,90.5530014038086,0,0.015
2024-09-30 08:00:00+00:00,90.55899810791016,90.67500305175781,90.43199920654297,90.55500030517578,0,0.015
2024-09-30 12:00:00+00:00,90.552001953125,91.18800354003906,90.54399871826172,91.1510009765625,0,0.015
2024-09-30 16:00:00+00:00,91.13999938964844,91.34500122070312,91.08300018310547,91.30000305175781,0,0.015
2024-09-30 20:00:00+00:00,91.3010025024414,91.3010025024414,90.97200012207031,91.18199920654297,0,0.015
2024-10-01 00:00:00+00:00,91.1760025024414,91.41600036621094,90.97000122070312,91.20600128173828,0,0.015
2024-10-01 04:00:00+00:00,91.20600128173828,91.50299835205078,90.86000061035156,90.98699951171875,0,0.015
2024-10-01 08:00:00+00:00,90.99500274658203,91.00700378417969,90.62999725341797,90.802001953125,0,0.015
2024-10-01 12:00:00+00:00,90.8030014038086,90.96299743652344,90.06700134277344,90.2750015258789,0,0.015
2024-10-01 16:00:00+00:00,90.26799774169922,90.55699920654297,89.85700225830078,90.3479995727539,0,0.015
2024-10-01 20:00:00+00:00,90.36100006103516,90.37899780273438,90.05599975585938,90.29000091552734,0,0.015
2024-10-02 00:00:00+00:00,90.28199768066406,90.95500183105469,90.2699966430664,90.8949966430664,0,0.015
2024-10-02 04:00:00+00:00,90.89900207519531,90.93800354003906,90.23699951171875,90.56900024414062,0,0.015
2024-10-02 08:00:00+00:00,90.5719985961914,91.09100341796875,90.48999786376953,90.9489974975586,0,0.015
2024-10-02 12:00:00+00:00,90.94599914550781,91.7249984741211,90.927001953125,91.63999938964844,0,0.015
2024-10-02 16:00:00+00:00,91.63700103759766,91.7770004272461,91.4469985961914,91.71399688720703,0,0.015
2024-10-02 20:00:00+00:00,91.70800018310547,91.95999908447266,91.58699798583984,91.72599792480469,0,0.015
2024-10-03 00:00:00+00:00,91.7249984741211,91.9260025024414,91.52100372314453,91.68000030517578,0,0.015
2024-10-03 04:00:00+00:00,91.6760025024414,91.71700286865234,91.18099975585938,91.29199981689453,0,0.015
2024-10-03 08:00:00+00:00,91.30000305175781,91.45700073242188,91.20500183105469,91.2770004272461,0,0.015
2024-10-03 12:00:00+00:00,91.27999877929688,91.56400299072266,91.1510009765625,91.25199890136719,0,0.015
2024-10-03 16:00:00+00:00,91.25800323486328,91.41400146484375,91.125,91.25499725341797,0,0.015
2024-10-03 20:00:00+00:00,91.25499725341797,91.34200286865234,91.15499877929688,91.27899932861328,0,0.015
2024-10-04 00:00:00+00:00,91.2770004272461,91.3499984741211,90.86100006103516,90.91100311279297,0,0.015
2024-10-04 04:00:00+00:00,90.90499877929688,90.93199920654297,90.63400268554688,90.7509994506836,0,0.015
2024-10-04 08:00:00+00:00,90.75700378417969,90.98300170898438,90.69200134277344,90.97000122070312,0,0.015
2024-10-04 12:00:00+00:00,90.96800231933594,91.6520004272461,90.80699920654297,91.52899932861328,0,0.015
2024-10-04 16:00:00+00:00,91.52799987792969,91.75900268554688,91.48999786376953,91.66699981689453,0,0.015
2024-10-04 20:00:00+00:00,91.66000366210938,91.66799926757812,91.50299835205078,91.58499908447266,0,0.015
2024-10-06 20:00:00+00:00,91.76899719238281,91.83799743652344,91.62300109863281,91.63099670410156,0,0.015
2024-10-07 00:00:00+00:00,91.62999725341797,91.66899871826172,91.38800048828125,91.4990005493164,0,0.015
2024-10-07 04:00:00+00:00,91.49700164794922,91.55999755859375,91.06400299072266,91.1500015258789,0,0.015
2024-10-07 08:00:00+00:00,91.15499877929688,91.25199890136719,91.03700256347656,91.15899658203125,0,0.015
2024-10-07 12:00:00+00:00,91.1520004272461,91.1719970703125,90.61100006103516,90.68900299072266,0,0.015
2024-10-07 16:00:00+00:00,90.68499755859375,90.71800231933594,90.48100280761719,90.62899780273438,0,0.015
2024-10-07 20:00:00+00:00,90.63800048828125,90.81900024414062,90.46199798583984,90.75900268554688,0,0.015
2024-10-08 00:00:00+00:00,90.76399993896484,90.8949966430664,90.11199951171875,90.58000183105469,0,0.015
2024-10-08 04:00:00+00:00,90.58899688720703,90.81099700927734,90.26899719238281,90.48899841308594,0,0.015
2024-10-08 08:00:00+00:00,90.47799682617188,90.61299896240234,90.34200286865234,90.56900024414062,0,0.015
2024-10-08 12:00:00+00:00,90.56999969482422,90.77200317382812,90.54299926757812,90.7249984741211,0,0.015
2024-10-08 16:00:00+00:00,90.72899627685547,90.98699951171875,90.60700225830078,90.95899963378906,0,0.015
2024-10-08 20:00:00+00:00,90.96499633789062,91.0790023803711,90.79199981689453,90.81199645996094,0,0.015
2024-10-09 00:00:00+00:00,90.81600189208984,90.93599700927734,90.08499908447266,90.27999877929688,0,0.015
2024-10-09 04:00:00+00:00,90.28500366210938,90.74700164794922,90.11000061035156,90.39299774169922,0,0.015
2024-10-09 08:00:00+00:00,90.39399719238281,90.50900268554688,90.20500183105469,90.27300262451172,0,0.015
2024-10-09 12:00:00+00:00,90.27200317382812,90.54900360107422,90.18099975585938,90.47000122070312,0,0.015
2024-10-09 16:00:00+00:00,90.47000122070312,90.51599884033203,90.24199676513672,90.40399932861328,0,0.015
2024-10-09 20:00:00+00:00,90.4010009765625,90.5989990234375,90.30500030517578,90.51000213623047,0,0.015
2024-10-10 00:00:00+00:00,90.50700378417969,90.86799621582031,90.375,90.83200073242188,0,0.015
2024-10-10 04:00:00+00:00,90.83399963378906,91.05500030517578,90.52799987792969,90.56800079345703,0,0.015
2024-10-10 08:00:00+00:00,90.56199645996094,90.60399627685547,90.43699645996094,90.45099639892578,0,0.015
2024-10-10 12:00:00+00:00,90.45500183105469,90.58999633789062,90.18399810791016,90.39700317382812,0,0.015
2024-10-10 16:00:00+00:00,90.40399932861328,90.56500244140625,90.33300018310547,90.45500183105469,0,0.015
2024-10-10 20:00:00+00:00,90.45899963378906,90.65399932861328,90.4260025024414,90.63300323486328,0,0.015
2024-10-11 00:00:00+00:00,90.6449966430664,90.77799987792969,90.46399688720703,90.76200103759766,0,0.015
2024-10-11 04:00:00+00:00,90.76499938964844,90.79000091552734,90.56500244140625,90.73999786376953,0,0.015
2024-10-11 08:00:00+00:00,90.73600006103516,90.8550033569336,90.6500015258789,90.73300170898438,0,0.015
2024-10-11 12:00:00+00:00,90.73400115966797,91.16000366210938,90.65699768066406,91.11399841308594,0,0.015
2024-10-11 16:00:00+00:00,91.11299896240234,91.23200225830078,91.07099914550781,91.13099670410156,0,0.015
2024-10-11 20:00:00+00:00,91.12000274658203,91.16600036621094,91.04199981689453,91.14299774169922,0,0.015
2024-10-13 20:00:00+00:00,90.95800018310547,91.04199981689453,90.87999725341797,90.9260025024414,0,0.015
2024-10-14 00:00:00+00:00,90.9260025024414,91.06500244140625,90.76699829101562,90.96499633789062,0,0.015
2024-10-14 04:00:00+00:00,90.97100067138672,91.03800201416016,90.88700103759766,90.93599700927734,0,0.015
2024-10-14 08:00:00+00:00,90.94100189208984,91.03399658203125,90.85800170898438,90.9749984741211,0,0.015
2024-10-14 12:00:00+00:00,90.9749984741211,91.35600280761719,90.89199829101562,91.23300170898438,0,0.015
2024-10-14 16:00:00+00:00,91.23600006103516,91.2959976196289,91.15499877929688,91.2030029296875,0,0.015
2024-10-14 20:00:00+00:00,91.2040023803711,91.30799865722656,91.1259994506836,91.17400360107422,0,0.015
2024-10-15 00:00:00+00:00,91.1729965209961,91.21800231933594,90.94300079345703,91.14399719238281,0,0.015
2024-10-15 04:00:00+00:00,91.1449966430664,91.15399932861328,90.6259994506836,90.70999908447266,0,0.015
2024-10-15 08:00:00+00:00,90.71700286865234,91.0250015258789,90.59700012207031,90.96800231933594,0,0.015
2024-10-15 12:00:00+00:00,90.96399688720703,91.08200073242188,90.6729965209961,90.80500030517578,0,0.015
2024-10-15 16:00:00+00:00,90.80799865722656,90.92900085449219,90.66200256347656,90.71199798583984,0,0.015
2024-10-15 20:00:00+00:00,90.70899963378906,90.82499694824219,90.20999908447266,90.2239990234375,0,0.015
2024-10-16 00:00:00+00:00,90.2249984741211,90.59600067138672,90.06099700927734,90.47100067138672,0,0.015
2024-10-16 04:00:00+00:00,90.47599792480469,90.71199798583984,90.36599731445312,90.6780014038086,0,0.015
2024-10-16 08:00:00+00:00,90.67400360107422,90.75399780273438,90.552001953125,90.65299987792969,0,0.015
2024-10-16 12:00:00+00:00,90.65899658203125,90.76699829101562,90.52999877929688,90.66400146484375,0,0.015
2024-10-16 16:00:00+00:00,90.66200256347656,90.78600311279297,90.63400268554688,90.66300201416016,0,0.015
2024-10-16 20:00:00+00:00,90.66799926757812,90.68800354003906,90.53500366210938,90.60399627685547,0,0.015
2024-10-17 00:00:00+00:00,90.60600280761719,90.75399780273438,90.44100189208984,90.61499786376953,0,0.015
2024-10-17 04:00:00+00:00,90.62000274658203,90.7509994506836,90.4800033569336,90.64199829101562,0,0.015
2024-10-17 08:00:00+00:00,90.64099884033203,90.85900115966797,90.58999633789062,90.74500274658203,0,0.015
2024-10-17 12:00:00+00:00,90.74600219726562,91.03800201416016,90.63899993896484,91.0,0,0.015
2024-10-17 16:00:00+00:00,91.00700378417969,91.10900115966797,90.96800231933594,91.00599670410156,0,0.015
2024-10-17 20:00:00+00:00,91.00599670410156,91.03399658203125,90.92400360107422,90.95700073242188,0,0.015
2024-10-18 00:00:00+00:00,90.9540023803711,91.0459976196289,90.79900360107422,90.83799743652344,0,0.015
2024-10-18 04:00:00+00:00,90.84400177001953,91.12999725341797,90.74299621582031,91.05699920654297,0,0.015
2024-10-18 08:00:00+00:00,91.05799865722656,91.16100311279297,90.802001953125,91.09400177001953,0,0.015
2024-10-18 12:00:00+00:00,91.0999984741211,91.13600158691406,90.69100189208984,90.70099639892578,0,0.015
2024-10-18 16:00:00+00:00,90.7020034790039,90.78800201416016,90.66699981689453,90.75800323486328,0,0.015
2024-10-18 20:00:00+00:00,90.75499725341797,90.8010025024414,90.72000122070312,90.76899719238281,0,0.015
2024-10-20 20:00:00+00:00,90.8489990234375,90.9000015258789,90.80400085449219,90.89199829101562,0,0.015
2024-10-21 00:00:00+00:00,90.89700317382812,90.91100311279297,90.61900329589844,90.74299621582031,0,0.015
2024-10-21 04:00:00+00:00,90.74700164794922,90.88300323486328,90.55599975585938,90.8479995727539,0,0.015
2024-10-21 08:00:00+00:00,90.85099792480469,90.89800262451172,90.6969985961914,90.78700256347656,0,0.015
2024-10-21 12:00:00+00:00,90.79199981689453,90.95800018310547,90.61399841308594,90.7699966430664,0,0.015
2024-10-21 16:00:00+00:00,90.77100372314453,90.98699951171875,90.70600128173828,90.93499755859375,0,0.015
2024-10-21 20:00:00+00:00,90.93499755859375,90.98500061035156,90.69100189208984,90.71499633789062,0,0.015
2024-10-22 00:00:00+00:00,90.71399688720703,91.3280029296875,90.677001953125,91.30799865722656,0,0.015
2024-10-22 04:00:00+00:00,91.30699920654297,91.48799896240234,91.20500183105469,91.41100311279297,0,0.015
2024-10-22 08:00:00+00:00,91.41000366210938,91.42400360107422,91.2300033569336,91.29299926757812,0,0.015
2024-10-22 12:00:00+00:00,91.29000091552734,91.3740005493164,91.18299865722656,91.31500244140625,0,0.015
2024-10-22 16:00:00+00:00,91.31800079345703,91.40799713134766,91.24800109863281,91.30999755859375,0,0.015
2024-10-22 20:00:00+00:00,91.31600189208984,91.36699676513672,91.1989974975586,91.33000183105469,0,0.015
2024-10-23 00:00:00+00:00,91.34200286865234,91.88400268554688,91.3010025024414,91.69300079345703,0,0.015
2024-10-23 04:00:00+00:00,91.69300079345703,91.97699737548828,91.67400360107422,91.83699798583984,0,0.015
2024-10-23 08:00:00+00:00,91.83899688720703,92.04499816894531,91.80400085449219,91.97000122070312,0,0.015
2024-10-23 12:00:00+00:00,91.96700286865234,92.0250015258789,91.71900177001953,91.76799774169922,0,0.015
2024-10-23 16:00:00+00:00,91.76799774169922,91.78099822998047,91.34100341796875,91.59100341796875,0,0.015
2024-10-23 20:00:00+00:00,91.59600067138672,91.75599670410156,91.5719985961914,91.72899627685547,0,0.015
2024-10-24 00:00:00+00:00,91.73100280761719,91.81600189208984,91.56800079345703,91.60700225830078,0,0.015
2024-10-24 04:00:00+00:00,91.6050033569336,91.76100158691406,91.46600341796875,91.62899780273438,0,0.015
2024-10-24 08:00:00+00:00,91.62999725341797,91.70500183105469,91.49600219726562,91.63300323486328,0,0.015
2024-10-24 12:00:00+00:00,91.63099670410156,91.69300079345703,91.10700225830078,91.20999908447266,0,0.015
2024-10-24 16:00:00+00:00,91.21399688720703,91.38700103759766,91.03600311279297,91.33000183105469,0,0.015
2024-10-24 20:00:00+00:00,91.3270034790039,91.37999725341797,91.03299713134766,91.177001953125,0,0.015
2024-10-25 00:00:00+00:00,91.16899871826172,91.29399871826172,90.91699981689453,90.98600006103516,0,0.015
2024-10-25 04:00:00+00:00,90.99700164794922,91.21399688720703,90.76799774169922,91.12000274658203,0,0.015
2024-10-25 08:00:00+00:00,91.11599731445312,91.30799865722656,91.06800079345703,91.13200378417969,0,0.015
2024-10-25 12:00:00+00:00,91.13400268554688,91.47200012207031,91.10299682617188,91.11399841308594,0,0.015
2024-10-25 16:00:00+00:00,91.11399841308594,91.16400146484375,90.87200164794922,90.95700073242188,0,0.015
2024-10-25 20:00:00+00:00,90.95600128173828,91.05400085449219,90.90699768066406,91.0270004272461,0,0.015
2024-10-28 00:00:00+00:00,91.43299865722656,91.85700225830078,91.36900329589844,91.58899688720703,0,0.015
2024-10-28 04:00:00+00:00,91.58599853515625,91.68099975585938,91.39700317382812,91.5530014038086,0,0.015
2024-10-28 08:00:00+00:00,91.55400085449219,91.61299896240234,91.16000366210938,91.41200256347656,0,0.015
2024-10-28 12:00:00+00:00,91.41300201416016,91.71099853515625,91.25199890136719,91.60099792480469,0,0.015
2024-10-28 16:00:00+00:00,91.60099792480469,91.66600036621094,91.53199768066406,91.6259994506836,0,0.015
2024-10-28 20:00:00+00:00,91.62999725341797,91.75,91.5719985961914,91.71199798583984,0,0.015
2024-10-29 00:00:00+00:00,91.7040023803711,91.71800231933594,91.33100128173828,91.35600280761719,0,0.015
2024-10-29 04:00:00+00:00,91.35099792480469,91.58200073242188,91.22699737548828,91.50700378417969,0,0.015
2024-10-29 08:00:00+00:00,91.51000213623047,91.7699966430664,91.46600341796875,91.71900177001953,0,0.015
2024-10-29 12:00:00+00:00,91.72100067138672,91.73300170898438,91.4000015258789,91.48400115966797,0,0.015
2024-10-29 16:00:00+00:00,91.48600006103516,91.55999755859375,91.4260025024414,91.51300048828125,0,0.015
2024-10-29 20:00:00+00:00,91.51100158691406,91.61799621582031,91.447998046875,91.50599670410156,0,0.015
2024-10-30 00:00:00+00:00,91.48899841308594,91.63200378417969,91.2249984741211,91.30999755859375,0,0.015
2024-10-30 04:00:00+00:00,91.31099700927734,91.68800354003906,91.24600219726562,91.66799926757812,0,0.015
2024-10-30 08:00:00+00:00,91.6729965209961,91.81800079345703,91.48799896240234,91.56600189208984,0,0.015
2024-10-30 12:00:00+00:00,91.56500244140625,91.75499725341797,91.4739990234375,91.66500091552734,0,0.015
2024-10-30 16:00:00+00:00,91.66799926757812,91.73200225830078,91.54199981689453,91.59600067138672,0,0.015
2024-10-30 20:00:00+00:00,91.59500122070312,91.6780014038086,91.45800018310547,91.48699951171875,0,0.015
2024-10-31 00:00:00+00:00,91.49099731445312,91.81999969482422,91.34300231933594,91.39600372314453,0,0.015
2024-10-31 04:00:00+00:00,91.39199829101562,91.4540023803711,90.86799621582031,91.0770034790039,0,0.015
2024-10-31 08:00:00+00:00,91.072998046875,91.24700164794922,90.84200286865234,91.2300033569336,0,0.015
2024-10-31 12:00:00+00:00,91.23600006103516,91.34200286865234,90.41400146484375,90.64900207519531,0,0.015
2024-10-31 16:00:00+00:00,90.64900207519531,90.88800048828125,90.5479965209961,90.78700256347656,0,0.015
2024-10-31 20:00:00+00:00,90.7760009765625,90.93599700927734,90.66400146484375,90.71199798583984,0,0.015
2024-11-01 00:00:00+00:00,90.74199676513672,91.11100006103516,90.65599822998047,91.08699798583984,0,0.015
2024-11-01 04:00:00+00:00,91.09200286865234,91.25,90.83799743652344,91.00800323486328,0,0.015
2024-11-01 08:00:00+00:00,91.00700378417969,91.22100067138672,90.9749984741211,91.16400146484375,0,0.015
2024-11-01 12:00:00+00:00,91.16799926757812,91.49700164794922,90.95500183105469,91.45099639892578,0,0.015
2024-11-01 16:00:00+00:00,91.45800018310547,91.4800033569336,91.13200378417969,91.1719970703125,0,0.015
2024-11-01 20:00:00+00:00,91.18099975585938,91.23500061035156,91.14399719238281,91.23200225830078,0,0.015
2024-11-04 00:00:00+00:00,91.15399932861328,91.21800231933594,90.96700286865234,91.2020034790039,0,0.015
2024-11-04 04:00:00+00:00,91.20500183105469,91.23400115966797,91.08499908447266,91.08599853515625,0,0.015
2024-11-04 08:00:00+00:00,91.08799743652344,91.10900115966797,90.77899932861328,90.83599853515625,0,0.015
2024-11-04 12:00:00+00:00,90.84300231933594,91.14700317382812,90.81400299072266,91.04399871826172,0,0.015
2024-11-04 16:00:00+00:00,91.04199981689453,91.08300018310547,90.79000091552734,90.88500213623047,0,0.015
2024-11-04 20:00:00+00:00,90.88099670410156,90.94499969482422,90.77999877929688,90.93599700927734,0,0.015
2024-11-05 00:00:00+00:00,90.94100189208984,91.09500122070312,90.83200073242188,90.98400115966797,0,0.015
2024-11-05 04:00:00+00:00,90.98699951171875,91.27200317382812,90.9800033569336,91.26699829101562,0,0.015
2024-11-05 08:00:00+00:00,91.26799774169922,91.38200378417969,91.22599792480469,91.29100036621094,0,0.015
2024-11-05 12:00:00+00:00,91.28700256347656,91.35700225830078,91.09700012207031,91.19499969482422,0,0.015
2024-11-05 16:00:00+00:00,91.19499969482422,91.26200103759766,90.74299621582031,90.80599975585938,0,0.015
2024-11-05 20:00:00+00:00,90.80699920654297,91.1719970703125,90.73500061035156,91.12100219726562,0,0.015
2024-11-06 00:00:00+00:00,91.09300231933594,91.64700317382812,91.03399658203125,91.11499786376953,0,0.015
2024-11-06 04:00:00+00:00,91.10700225830078,91.375,91.00800323486328,91.30599975585938,0,0.015
2024-11-06 08:00:00+00:00,91.30500030517578,91.96499633789062,91.28600311279297,91.5989990234375,0,0.015
2024-11-06 12:00:00+00:00,91.60299682617188,91.85099792480469,91.55400085449219,91.83599853515625,0,0.015
2024-11-06 16:00:00+00:00,91.83499908447266,92.01200103759766,91.69599914550781,91.83300018310547,0,0.015
2024-11-06 20:00:00+00:00,91.83000183105469,91.94400024414062,91.61000061035156,91.62000274658203,0,0.015
2024-11-07 00:00:00+00:00,91.62799835205078,92.39900207519531,91.59100341796875,92.3270034790039,0,0.015
2024-11-07 04:00:00+00:00,92.32499694824219,92.37200164794922,92.13999938964844,92.26300048828125,0,0.015
2024-11-07 08:00:00+00:00,92.25900268554688,92.4280014038086,92.15399932861328,92.24400329589844,0,0.015
2024-11-07 12:00:00+00:00,92.24400329589844,92.45999908447266,92.13999938964844,92.28399658203125,0,0.015
2024-11-07 16:00:00+00:00,92.28600311279297,92.31700134277344,92.02100372314453,92.11499786376953,0,0.015
2024-11-07 20:00:00+00:00,92.10199737548828,92.24700164794922,92.0199966430664,92.22799682617188,0,0.015
2024-11-08 00:00:00+00:00,92.22899627685547,92.27899932861328,91.6989974975586,91.70800018310547,0,0.015
2024-11-08 04:00:00+00:00,91.7020034790039,91.88899993896484,91.60199737548828,91.71900177001953,0,0.015
2024-11-08 08:00:00+00:00,91.71900177001953,91.7490005493164,91.31600189208984,91.46099853515625,0,0.015
2024-11-08 12:00:00+00:00,91.46399688720703,91.46700286865234,91.13700103759766,91.13800048828125,0,0.015
2024-11-08 16:00:00+00:00,91.14199829101562,91.1510009765625,90.80999755859375,90.98999786376953,0,0.015
2024-11-08 20:00:00+00:00,90.99099731445312,91.12100219726562,90.91799926757812,91.12100219726562,0,0.015
2024-11-11 00:00:00+00:00,91.1969985961914,91.67400360107422,91.16899871826172,91.66600036621094,0,0.015
2024-11-11 04:00:00+00:00,91.66899871826172,91.83699798583984,91.47100067138672,91.64199829101562,0,0.015
2024-11-11 08:00:00+00:00,91.64299774169922,91.79399871826172,91.58699798583984,91.76599884033203,0,0.015
2024-11-11 12:00:00+00:00,91.77400207519531,91.80400085449219,91.5270004272461,91.66699981689453,0,0.015
2024-11-11 16:00:00+00:00,91.6709976196289,91.72100067138672,91.53900146484375,91.62200164794922,0,0.015
2024-11-11 20:00:00+00:00,91.62200164794922,91.71099853515625,91.56199645996094,91.61399841308594,0,0.015
2024-11-12 00:00:00+00:00,91.63200378417969,91.89800262451172,91.47699737548828,91.49299621582031,0,0.015
2024-11-12 04:00:00+00:00,91.48999786376953,91.63099670410156,91.34700012207031,91.56999969482422,0,0.015
2024-11-12 08:00:00+00:00,91.5719985961914,91.66999816894531,91.4520034790039,91.58899688720703,0,0.015
2024-11-12 12:00:00+00:00,91.58999633789062,91.83200073242188,91.56199645996094,91.64900207519531,0,0.015
2024-11-12 16:00:00+00:00,91.66000366210938,91.68299865722656,91.47599792480469,91.62699890136719,0,0.015
2024-11-12 20:00:00+00:00,91.62799835205078,91.69200134277344,91.47200012207031,91.58899688720703,0,0.015
2024-11-13 00:00:00+00:00,91.59700012207031,91.8479995727539,91.5469970703125,91.75299835205078,0,0.015
2024-11-13 04:00:00+00:00,91.75900268554688,91.93800354003906,91.69599914550781,91.87999725341797,0,0.015
2024-11-13 08:00:00+00:00,91.88099670410156,91.94499969482422,91.75599670410156,91.81400299072266,0,0.015
2024-11-13 12:00:00+00:00,91.81199645996094,91.91999816894531,91.26899719238281,91.45899963378906,0,0.015
2024-11-13 16:00:00+00:00,91.45800018310547,91.60199737548828,91.35399627685547,91.46900177001953,0,0.015
2024-11-13 20:00:00+00:00,91.4749984741211,91.51399993896484,91.30799865722656,91.4280014038086,0,0.015
2024-11-14 00:00:00+00:00,91.43099975585938,91.58999633789062,91.35800170898438,91.43000030517578,0,0.015
2024-11-14 04:00:00+00:00,91.4280014038086,91.4739990234375,91.28600311279297,91.41200256347656,0,0.015
2024-11-14 08:00:00+00:00,91.41300201416016,91.51200103759766,91.27799987792969,91.4209976196289,0,0.015
2024-11-14 12:00:00+00:00,91.4219970703125,91.70500183105469,91.37999725341797,91.66100311279297,0,0.015
2024-11-14 16:00:00+00:00,91.65799713134766,91.68399810791016,91.42500305175781,91.44499969482422,0,0.015
2024-11-14 20:00:00+00:00,91.44000244140625,91.53900146484375,91.28299713134766,91.53099822998047,0,0.015
2024-11-15 00:00:00+00:00,91.52200317382812,91.69300079345703,91.42500305175781,91.65299987792969,0,0.015
2024-11-15 04:00:00+00:00,91.64700317382812,91.71299743652344,91.34600067138672,91.3489990234375,0,0.015
2024-11-15 08:00:00+00:00,91.3499984741211,91.4489974975586,91.11599731445312,91.32599639892578,0,0.015
2024-11-15 12:00:00+00:00,91.3239974975586,91.34100341796875,90.63700103759766,90.8239974975586,0,0.015
2024-11-15 16:00:00+00:00,90.82499694824219,90.86699676513672,90.23300170898438,90.35099792480469,0,0.015
2024-11-15 20:00:00+00:00,90.3489990234375,90.56600189208984,90.2969970703125,90.51799774169922,0,0.015
2024-11-18 00:00:00+00:00,90.67400360107422,91.00700378417969,90.35399627685547,90.53299713134766,0,0.015
2024-11-18 04:00:00+00:00,90.53600311279297,90.6500015258789,90.31999969482422,90.36599731445312,0,0.015
2024-11-18 08:00:00+00:00,90.37000274658203,90.62000274658203,90.35600280761719,90.53600311279297,0,0.015
2024-11-18 12:00:00+00:00,90.53600311279297,90.96199798583984,90.52200317382812,90.91899871826172,0,0.015
2024-11-18 16:00:00+00:00,90.91899871826172,91.16300201416016,90.89900207519531,91.11900329589844,0,0.015
2024-11-18 20:00:00+00:00,91.11900329589844,91.15299987792969,90.95700073242188,91.06700134277344,0,0.015
2024-11-19 00:00:00+00:00,91.06600189208984,91.072998046875,90.61100006103516,90.93399810791016,0,0.015
2024-11-19 04:00:00+00:00,90.93599700927734,91.1709976196289,90.83599853515625,91.07599639892578,0,0.015
2024-11-19 08:00:00+00:00,91.07499694824219,91.08799743652344,90.11599731445312,90.6259994506836,0,0.015
2024-11-19 12:00:00+00:00,90.61900329589844,90.9219970703125,90.43800354003906,90.85800170898438,0,0.015
2024-11-19 16:00:00+00:00,90.85900115966797,91.42900085449219,90.822998046875,91.42400360107422,0,0.015
2024-11-19 20:00:00+00:00,91.41999816894531,91.58399963378906,91.3270034790039,91.55699920654297,0,0.015
2024-11-20 00:00:00+00:00,91.5739974975586,91.68000030517578,91.43399810791016,91.51000213623047,0,0.015
2024-11-20 04:00:00+00:00,91.51200103759766,91.80400085449219,91.4990005493164,91.7300033569336,0,0.015
2024-11-20 08:00:00+00:00,91.7300033569336,91.78299713134766,91.52300262451172,91.5979995727539,0,0.015
2024-11-20 12:00:00+00:00,91.5999984741211,91.6520004272461,90.947998046875,91.31400299072266,0,0.015
2024-11-20 16:00:00+00:00,91.30799865722656,91.38500213623047,91.0780029296875,91.16600036621094,0,0.015
2024-11-20 20:00:00+00:00,91.17400360107422,91.34500122070312,91.15499877929688,91.30899810791016,0,0.015
2024-11-21 00:00:00+00:00,91.29399871826172,91.31999969482422,91.02200317382812,91.08100128173828,0,0.015
2024-11-21 04:00:00+00:00,91.0790023803711,91.19599914550781,90.63800048828125,90.83599853515625,0,0.015
2024-11-21 08:00:00+00:00,90.83799743652344,90.90799713134766,90.3280029296875,90.70800018310547,0,0.015
2024-11-21 12:00:00+00:00,90.70899963378906,90.82099914550781,90.43000030517578,90.5009994506836,0,0.015
2024-11-21 16:00:00+00:00,90.50700378417969,90.69499969482422,90.427001953125,90.62100219726562,0,0.015
2024-11-21 20:00:00+00:00,90.62000274658203,90.6449966430664,90.2699966430664,90.27400207519531,0,0.015
2024-11-22 00:00:00+00:00,90.28199768066406,90.41699981689453,90.0260009765625,90.13899993896484,0,0.015
2024-11-22 04:00:00+00:00,90.14399719238281,90.41600036621094,90.072998046875,90.35099792480469,0,0.015
2024-11-22 08:00:00+00:00,90.3489990234375,90.48899841308594,89.98300170898438,90.09300231933594,0,0.015
2024-11-22 12:00:00+00:00,90.09600067138672,90.40299987792969,90.06400299072266,90.23999786376953,0,0.015
2024-11-22 16:00:00+00:00,90.25399780273438,90.28399658203125,90.06400299072266,90.22699737548828,0,0.015
2024-11-22 20:00:00+00:00,90.2249984741211,90.33300018310547,90.16600036621094,90.30699920654297,0,0.015
2024-11-25 00:00:00+00:00,90.34600067138672,90.4209976196289,90.01200103759766,90.09400177001953,0,0.015
2024-11-25 04:00:00+00:00,90.0979995727539,90.49099731445312,90.08699798583984,90.33599853515625,0,0.015
2024-11-25 08:00:00+00:00,90.33599853515625,90.41400146484375,90.18800354003906,90.32499694824219,0,0.015
2024-11-25 12:00:00+00:00,90.3290023803711,90.33699798583984,89.91699981689453,90.25800323486328,0,0.015
2024-11-25 16:00:00+00:00,90.25800323486328,90.29499816894531,90.03900146484375,90.13899993896484,0,0.015
2024-11-25 20:00:00+00:00,90.13500213623047,90.18199920654297,89.47200012207031,89.74700164794922,0,0.015
2024-11-26 00:00:00+00:00,89.69300079345703,89.81800079345703,89.34100341796875,89.76000213623047,0,0.015
2024-11-26 04:00:00+00:00,89.76000213623047,90.072998046875,89.69000244140625,89.84600067138672,0,0.015
2024-11-26 08:00:00+00:00,89.84600067138672,90.06700134277344,89.77300262451172,89.98400115966797,0,0.015
2024-11-26 12:00:00+00:00,89.98400115966797,89.98400115966797,89.40399932861328,89.44999694824219,0,0.015
2024-11-26 16:00:00+00:00,89.45099639892578,89.51599884033203,89.16699981689453,89.20899963378906,0,0.015
2024-11-26 20:00:00+00:00,89.20999908447266,89.40399932861328,89.1520004272461,89.26499938964844,0,0.015
2024-11-27 00:00:00+00:00,89.2490005493164,89.88400268554688,89.08300018310547,89.44200134277344,0,0.015
2024-11-27 04:00:00+00:00,89.44200134277344,89.4540023803711,89.21600341796875,89.43000030517578,0,0.015
2024-11-27 08:00:00+00:00,89.43000030517578,89.44300079345703,89.10399627685547,89.1760025024414,0,0.015
2024-11-27 12:00:00+00:00,89.177001953125,89.47899627685547,89.04000091552734,89.20999908447266,0,0.015
2024-11-27 16:00:00+00:00,89.20899963378906,89.31400299072266,88.84300231933594,89.02400207519531,0,0.015
2024-11-27 20:00:00+00:00,89.0270004272461,89.22000122070312,88.88600158691406,89.20099639892578,0,0.015
2024-11-28 00:00:00+00:00,89.1729965209961,89.47899627685547,89.12899780273438,89.31199645996094,0,0.015
2024-11-28 04:00:00+00:00,89.31300354003906,89.38099670410156,89.13099670410156,89.30500030517578,0,0.015
2024-11-28 08:00:00+00:00,89.30599975585938,89.51100158691406,89.26100158691406,89.38899993896484,0,0.015
2024-11-28 12:00:00+00:00,89.39099884033203,89.4010009765625,89.11000061035156,89.16300201416016,0,0.015
2024-11-28 16:00:00+00:00,89.16899871826172,89.27300262451172,89.1510009765625,89.23699951171875,0,0.015
2024-11-28 20:00:00+00:00,89.23699951171875,89.31600189208984,88.98100280761719,89.14399719238281,0,0.015
2024-11-29 00:00:00+00:00,89.1259994506836,89.14600372314453,88.45600128173828,88.75499725341797,0,0.015
2024-11-29 04:00:00+00:00,88.7509994506836,88.83100128173828,88.58000183105469,88.80799865722656,0,0.015
2024-11-29 08:00:00+00:00,88.8030014038086,88.90399932861328,88.5530014038086,88.73999786376953,0,0.015
2024-11-29 12:00:00+00:00,88.73799896240234,89.01899719238281,88.66300201416016,88.83599853515625,0,0.015
2024-11-29 16:00:00+00:00,88.83399963378906,88.99500274658203,88.54199981689453,88.6780014038086,0,0.015
2024-11-29 20:00:00+00:00,88.66400146484375,88.75399780273438,88.58000183105469,88.75399780273438,0,0.015
2024-12-02 00:00:00+00:00,88.50199890136719,88.87300109863281,88.44999694824219,88.73999786376953,0,0.015
2024-12-02 04:00:00+00:00,88.73799896240234,88.9020004272461,88.56199645996094,88.66200256347656,0,0.015
2024-12-02 08:00:00+00:00,88.66500091552734,88.83200073242188,88.5469970703125,88.64199829101562,0,0.015
2024-12-02 12:00:00+00:00,88.64600372314453,88.66400146484375,87.87100219726562,87.95600128173828,0,0.015
2024-12-02 16:00:00+00:00,87.95600128173828,88.03299713134766,87.6240005493164,87.9530029296875,0,0.015
2024-12-02 20:00:00+00:00,87.9530029296875,88.16300201416016,87.91600036621094,87.95500183105469,0,0.015
2024-12-03 00:00:00+00:00,87.96600341796875,88.21199798583984,87.86000061035156,88.18599700927734,0,0.015
2024-12-03 04:00:00+00:00,88.18900299072266,88.32599639892578,88.14399719238281,88.30000305175781,0,0.015
2024-12-03 08:00:00+00:00,88.3010025024414,88.52999877929688,88.177001953125,88.22100067138672,0,0.015
2024-12-03 12:00:00+00:00,88.21800231933594,88.2229995727539,87.3280029296875,87.66100311279297,0,0.015
2024-12-03 16:00:00+00:00,87.66500091552734,87.91799926757812,87.60800170898438,87.81400299072266,0,0.015
2024-12-03 20:00:00+00:00,87.81400299072266,88.04000091552734,87.79399871826172,88.01300048828125,0,0.015
2024-12-04 00:00:00+00:00,87.99400329589844,88.0999984741211,87.26899719238281,87.58300018310547,0,0.015
2024-12-04 04:00:00+00:00,87.58599853515625,88.08799743652344,87.5790023803711,88.06700134277344,0,0.015
2024-12-04 08:00:00+00:00,88.06900024414062,88.16799926757812,87.88800048828125,88.10199737548828,0,0.015
2024-12-04 12:00:00+00:00,88.1050033569336,88.19400024414062,87.98799896240234,88.13600158691406,0,0.015
2024-12-04 16:00:00+00:00,88.13400268554688,88.16400146484375,87.95500183105469,88.1259994506836,0,0.015
2024-12-04 20:00:00+00:00,88.1240005493164,88.26899719238281,87.96700286865234,88.18000030517578,0,0.015
2024-12-05 00:00:00+00:00,88.16999816894531,88.33000183105469,87.93900299072266,88.21299743652344,0,0.015
2024-12-05 04:00:00+00:00,88.21099853515625,88.25399780273438,87.85600280761719,88.01799774169922,0,0.015
2024-12-05 08:00:00+00:00,88.0199966430664,88.20700073242188,87.94300079345703,88.05999755859375,0,0.015
2024-12-05 12:00:00+00:00,88.05799865722656,88.46800231933594,88.0009994506836,88.21600341796875,0,0.015
2024-12-05 16:00:00+00:00,88.20099639892578,88.29000091552734,88.05999755859375,88.25499725341797,0,0.015
2024-12-05 20:00:00+00:00,88.25399780273438,88.4020004272461,88.23200225830078,88.33999633789062,0,0.015
2024-12-06 00:00:00+00:00,88.30799865722656,88.35900115966797,87.90799713134766,87.93699645996094,0,0.015
2024-12-06 04:00:00+00:00,87.93800354003906,87.97000122070312,87.73699951171875,87.93599700927734,0,0.015
2024-12-06 08:00:00+00:00,87.93800354003906,88.13899993896484,87.90299987792969,87.9469985961914,0,0.015
2024-12-06 12:00:00+00:00,87.947998046875,88.16000366210938,87.35199737548828,87.41699981689453,0,0.015
2024-12-06 16:00:00+00:00,87.41699981689453,87.4990005493164,87.2699966430664,87.41300201416016,0,0.015
2024-12-06 20:00:00+00:00,87.41200256347656,87.51399993896484,87.4010009765625,87.46199798583984,0,0.015
2024-12-09 00:00:00+00:00,87.5009994506836,87.5510025024414,87.18900299072266,87.19000244140625,0,0.015
2024-12-09 04:00:00+00:00,87.19200134277344,87.82499694824219,87.01100158691406,87.81600189208984,0,0.015
2024-12-09 08:00:00+00:00,87.81500244140625,88.28399658203125,87.75800323486328,88.2040023803711,0,0.015
2024-12-09 12:00:00+00:00,88.20600128173828,88.96600341796875,88.15299987792969,88.86299896240234,0,0.015
2024-12-09 16:00:00+00:00,88.86499786376953,88.98500061035156,88.7040023803711,88.73699951171875,0,0.015
2024-12-09 20:00:00+00:00,88.73899841308594,88.75599670410156,88.58699798583984,88.6989974975586,0,0.015
2024-12-10 00:00:00+00:00,88.6760025024414,88.68599700927734,88.01399993896484,88.08300018310547,0,0.015
2024-12-10 04:00:00+00:00,88.08000183105469,88.27899932861328,88.01499938964844,88.19400024414062,0,0.015
2024-12-10 08:00:00+00:00,88.197998046875,88.34700012207031,88.177001953125,88.33599853515625,0,0.015
2024-12-10 12:00:00+00:00,88.33799743652344,88.38899993896484,88.10399627685547,88.19100189208984,0,0.015
2024-12-10 16:00:00+00:00,88.19100189208984,88.21499633789062,88.0999984741211,88.12200164794922,0,0.015
2024-12-10 20:00:00+00:00,88.12000274658203,88.19400024414062,88.05899810791016,88.08200073242188,0,0.015
2024-12-11 00:00:00+00:00,88.08300018310547,88.08999633789062,87.85399627685547,87.93000030517578,0,0.015
2024-12-11 04:00:00+00:00,87.92500305175781,87.93599700927734,87.35600280761719,87.46299743652344,0,0.015
2024-12-11 08:00:00+00:00,87.46299743652344,88.13099670410156,87.20600128173828,88.08999633789062,0,0.015
2024-12-11 12:00:00+00:00,88.08899688720703,88.38500213623047,87.9219970703125,88.22000122070312,0,0.015
2024-12-11 16:00:00+00:00,88.21800231933594,88.33300018310547,88.11399841308594,88.28399658203125,0,0.015
2024-12-11 20:00:00+00:00,88.28399658203125,88.3280029296875,88.08699798583984,88.20700073242188,0,0.015
2024-12-12 00:00:00+00:00,88.19499969482422,88.50700378417969,88.01000213623047,88.45600128173828,0,0.015
2024-12-12 04:00:00+00:00,88.45500183105469,88.71199798583984,88.35299682617188,88.61299896240234,0,0.015
2024-12-12 08:00:00+00:00,88.60900115966797,88.65799713134766,88.19100189208984,88.21199798583984,0,0.015
2024-12-12 12:00:00+00:00,88.20899963378906,88.33499908447266,87.86499786376953,88.03199768066406,0,0.015
2024-12-12 16:00:00+00:00,88.03199768066406,88.13500213623047,87.93699645996094,87.93699645996094,0,0.015
2024-12-12 20:00:00+00:00,87.94400024414062,88.08300018310547,87.88099670410156,88.03299713134766,0,0.015
2024-12-13 00:00:00+00:00,88.03800201416016,88.23300170898438,87.90699768066406,88.12300109863281,0,0.015
2024-12-13 04:00:00+00:00,88.12699890136719,88.26000213623047,87.97599792480469,88.09100341796875,0,0.015
2024-12-13 08:00:00+00:00,88.09100341796875,88.56099700927734,88.0790023803711,88.53700256347656,0,0.015
2024-12-13 12:00:00+00:00,88.53900146484375,88.66799926757812,88.37799835205078,88.48999786376953,0,0.015
2024-12-13 16:00:00+00:00,88.49500274658203,88.60099792480469,88.42500305175781,88.47599792480469,0,0.015
2024-12-13 20:00:00+00:00,88.47799682617188,88.58699798583984,88.44599914550781,88.58699798583984,0,0.015
2024-12-16 00:00:00+00:00,88.53099822998047,88.927001953125,88.4800033569336,88.8489990234375,0,0.015
2024-12-16 04:00:00+00:00,88.85199737548828,88.98100280761719,88.69000244140625,88.71800231933594,0,0.015
2024-12-16 08:00:00+00:00,88.71800231933594,88.92500305175781,88.61499786376953,88.68800354003906,0,0.015
2024-12-16 12:00:00+00:00,88.68599700927734,89.21499633789062,88.67900085449219,89.17500305175781,0,0.015
2024-12-16 16:00:00+00:00,89.17500305175781,89.18399810791016,88.99600219726562,89.05899810791016,0,0.015
2024-12-16 20:00:00+00:00,89.06099700927734,89.2699966430664,89.00199890136719,89.23300170898438,0,0.015
2024-12-17 00:00:00+00:00,89.23300170898438,89.2969970703125,88.81300354003906,88.9020004272461,0,0.015
2024-12-17 04:00:00+00:00,88.9020004272461,89.00900268554688,88.68499755859375,88.79000091552734,0,0.015
2024-12-17 08:00:00+00:00,88.79100036621094,88.81700134277344,88.47899627685547,88.63099670410156,0,0.015
2024-12-17 12:00:00+00:00,88.63300323486328,88.67900085449219,88.322998046875,88.41000366210938,0,0.015
2024-12-17 16:00:00+00:00,88.40599822998047,88.43199920654297,88.19200134277344,88.22100067138672,0,0.015
2024-12-17 20:00:00+00:00,88.2229995727539,88.42400360107422,88.20500183105469,88.41600036621094,0,0.015
2024-12-18 00:00:00+00:00,88.4229965209961,88.53099822998047,88.16000366210938,88.16300201416016,0,0.015
2024-12-18 04:00:00+00:00,88.16100311279297,88.21299743652344,87.9209976196289,88.11100006103516,0,0.015
2024-12-18 08:00:00+00:00,88.11199951171875,88.12300109863281,87.93199920654297,88.0270004272461,0,0.015
2024-12-18 12:00:00+00:00,88.03099822998047,88.26699829101562,88.02400207519531,88.10700225830078,0,0.015
2024-12-18 16:00:00+00:00,88.10600280761719,88.12999725341797,87.55000305175781,87.58000183105469,0,0.015
2024-12-18 20:00:00+00:00,87.5770034790039,87.58399963378906,86.71299743652344,86.85800170898438,0,0.015
2024-12-19 00:00:00+00:00,86.85399627685547,87.48300170898438,86.73600006103516,87.40699768066406,0,0.015
2024-12-19 04:00:00+00:00,87.40799713134766,88.40299987792969,87.28600311279297,88.25199890136719,0,0.015
2024-12-19 08:00:00+00:00,88.25499725341797,88.89299774169922,88.24500274658203,88.63700103759766,0,0.015
2024-12-19 12:00:00+00:00,88.63800048828125,89.12699890136719,88.47899627685547,89.09100341796875,0,0.015
2024-12-19 16:00:00+00:00,89.0979995727539,89.19300079345703,88.6719970703125,88.69300079345703,0,0.015
2024-12-19 20:00:00+00:00,88.69100189208984,88.73200225830078,88.52899932861328,88.7040023803711,0,0.015
2024-12-20 00:00:00+00:00,88.69400024414062,88.79900360107422,88.21700286865234,88.31999969482422,0,0.015
2024-12-20 04:00:00+00:00,88.322998046875,88.54499816894531,88.1989974975586,88.447998046875,0,0.015
2024-12-20 08:00:00+00:00,88.4489974975586,88.58799743652344,88.21600341796875,88.23899841308594,0,0.015
2024-12-20 12:00:00+00:00,88.24099731445312,88.5530014038086,88.10600280761719,88.34500122070312,0,0.015
2024-12-20 16:00:00+00:00,88.34300231933594,88.50800323486328,88.3030014038086,88.39700317382812,0,0.015
2024-12-20 20:00:00+00:00,88.39600372314453,88.49199676513672,88.34700012207031,88.4540023803711,0,0.015
2024-12-23 00:00:00+00:00,88.47799682617188,88.59600067138672,88.35199737548828,88.46399688720703,0,0.015
2024-12-23 04:00:00+00:00,88.46299743652344,88.64399719238281,88.447998046875,88.51899719238281,0,0.015
2024-12-23 08:00:00+00:00,88.5199966430664,88.67900085449219,88.41200256347656,88.55699920654297,0,0.015
2024-12-23 12:00:00+00:00,88.55599975585938,88.69400024414062,88.48899841308594,88.60600280761719,0,0.015
2024-12-23 16:00:00+00:00,88.60800170898438,88.80999755859375,88.53700256347656,88.74299621582031,0,0.015
2024-12-23 20:00:00+00:00,88.74099731445312,88.80899810791016,88.58899688720703,88.68499755859375,0,0.015
2024-12-24 00:00:00+00:00,88.68800354003906,88.81099700927734,88.47699737548828,88.572998046875,0,0.015
2024-12-24 04:00:00+00:00,88.57599639892578,88.7760009765625,88.50299835205078,88.63099670410156,0,0.015
2024-12-24 08:00:00+00:00,88.63500213623047,88.70600128173828,88.50199890136719,88.55999755859375,0,0.015
2024-12-24 12:00:00+00:00,88.55699920654297,88.80500030517578,88.4800033569336,88.6240005493164,0,0.015
2024-12-24 16:00:00+00:00,88.62300109863281,88.89399719238281,88.56600189208984,88.75900268554688,0,0.015
2024-12-24 20:00:00+00:00,88.71800231933594,88.9010009765625,88.58300018310547,88.85900115966797,0,0.015
2024-12-25 00:00:00+00:00,88.69000244140625,88.82499694824219,88.66000366210938,88.77999877929688,0,0.015
2024-12-25 04:00:00+00:00,88.78500366210938,88.91400146484375,88.70099639892578,88.81400299072266,0,0.015
2024-12-25 08:00:00+00:00,88.74199676513672,88.85199737548828,88.74199676513672,88.85199737548828,0,0.015
2024-12-25 16:00:00+00:00,88.947998046875,88.95899963378906,88.947998046875,88.9540023803711,0,0.015
2024-12-25 20:00:00+00:00,88.97899627685547,88.98300170898438,88.60299682617188,88.78299713134766,0,0.015
2024-12-26 00:00:00+00:00,88.7760009765625,89.08499908447266,88.75299835205078,88.97799682617188,0,0.015
2024-12-26 04:00:00+00:00,88.9800033569336,88.99400329589844,88.68099975585938,88.80699920654297,0,0.015
2024-12-26 08:00:00+00:00,88.81199645996094,88.87999725341797,88.63500213623047,88.85800170898438,0,0.015
2024-12-26 12:00:00+00:00,88.86900329589844,88.94499969482422,88.75900268554688,88.87699890136719,0,0.015
2024-12-26 16:00:00+00:00,88.8759994506836,89.00399780273438,88.73500061035156,88.75199890136719,0,0.015
2024-12-26 20:00:00+00:00,88.75399780273438,88.87699890136719,88.66400146484375,88.72200012207031,0,0.015
2024-12-27 00:00:00+00:00,88.73500061035156,88.80400085449219,88.47899627685547,88.53099822998047,0,0.015
2024-12-27 04:00:00+00:00,88.52899932861328,88.90899658203125,88.46700286865234,88.86599731445312,0,0.015
2024-12-27 08:00:00+00:00,88.87799835205078,88.96800231933594,88.72200012207031,88.85600280761719,0,0.015
2024-12-27 12:00:00+00:00,88.8550033569336,89.00599670410156,88.69200134277344,88.81099700927734,0,0.015
2024-12-27 16:00:00+00:00,88.80899810791016,89.02999877929688,88.677001953125,89.0260009765625,0,0.015
2024-12-27 20:00:00+00:00,89.0250015258789,89.0270004272461,88.8489990234375,88.89099884033203,0,0.015
2024-12-30 00:00:00+00:00,89.03900146484375,89.302001953125,88.90399932861328,89.27999877929688,0,0.015
2024-12-30 04:00:00+00:00,89.2770004272461,89.43099975585938,89.21299743652344,89.41100311279297,0,0.015
2024-12-30 08:00:00+00:00,89.41100311279297,89.41400146484375,89.15499877929688,89.2509994506836,0,0.015
2024-12-30 12:00:00+00:00,89.25399780273438,89.26100158691406,88.33399963378906,88.59700012207031,0,0.015
2024-12-30 16:00:00+00:00,88.60099792480469,88.71700286865234,88.49400329589844,88.60399627685547,0,0.015
2024-12-30 20:00:00+00:00,88.59700012207031,88.60800170898438,88.36100006103516,88.52200317382812,0,0.015
2024-12-31 00:00:00+00:00,88.5270004272461,88.54900360107422,88.0270004272461,88.03900146484375,0,0.015
2024-12-31 04:00:00+00:00,88.03700256347656,88.06300354003906,87.81400299072266,87.99299621582031,0,0.015
2024-12-31 08:00:00+00:00,87.99400329589844,88.2249984741211,87.76000213623047,88.10800170898438,0,0.015
2024-12-31 12:00:00+00:00,88.10600280761719,88.11299896240234,87.83599853515625,88.05500030517578,0,0.015
2024-12-31 16:00:00+00:00,88.05999755859375,88.11399841308594,87.9260025024414,87.98699951171875,0,0.015
2024-12-31 20:00:00+00:00,87.98500061035156,88.10099792480469,87.86799621582031,87.9000015258789,0,0.015
2025-01-01 16:00:00+00:00,87.99500274658203,88.00700378417969,87.93399810791016,87.95700073242188,0,0.015
2025-01-01 20:00:00+00:00,87.95700073242188,88.30599975585938,87.87100219726562,88.28700256347656,0,0.015
2025-01-02 00:00:00+00:00,88.26899719238281,88.47599792480469,88.07499694824219,88.26000213623047,0,0.015
2025-01-02 04:00:00+00:00,88.26000213623047,88.27799987792969,87.75900268554688,87.85399627685547,0,0.015
2025-01-02 08:00:00+00:00,87.85900115966797,88.2770004272461,87.71399688720703,88.24199676513672,0,0.015
2025-01-02 12:00:00+00:00,88.24099731445312,88.27200317382812,87.88300323486328,88.03500366210938,0,0.015
2025-01-02 16:00:00+00:00,88.03199768066406,88.41600036621094,87.98999786376953,88.06600189208984,0,0.015
2025-01-02 20:00:00+00:00,88.06700134277344,88.2040023803711,87.98500061035156,88.00599670410156,0,0.015
2025-01-03 00:00:00+00:00,88.00800323486328,88.24400329589844,87.96900177001953,88.15699768066406,0,0.015
2025-01-03 04:00:00+00:00,88.15899658203125,88.24700164794922,87.90799713134766,88.01799774169922,0,0.015
2025-01-03 08:00:00+00:00,88.01499938964844,88.19100189208984,87.99600219726562,88.1520004272461,0,0.015
2025-01-03 12:00:00+00:00,88.15299987792969,88.23799896240234,88.03199768066406,88.13999938964844,0,0.015
2025-01-03 16:00:00+00:00,88.13700103759766,88.21299743652344,88.03500366210938,88.16400146484375,0,0.015
2025-01-03 20:00:00+00:00,88.15499877929688,88.33599853515625,88.14700317382812,88.30400085449219,0,0.015
2025-01-06 00:00:00+00:00,88.46199798583984,88.75700378417969,88.44599914550781,88.65799713134766,0,0.015
2025-01-06 04:00:00+00:00,88.66200256347656,88.79499816894531,88.59400177001953,88.70500183105469,0,0.015
2025-01-06 08:00:00+00:00,88.7020034790039,89.25900268554688,88.677001953125,89.1989974975586,0,0.015
2025-01-06 12:00:00+00:00,89.19499969482422,89.22200012207031,88.60900115966797,88.85700225830078,0,0.015
2025-01-06 16:00:00+00:00,88.8479995727539,88.9219970703125,88.68699645996094,88.80899810791016,0,0.015
2025-01-06 20:00:00+00:00,88.80500030517578,88.99800109863281,88.79199981689453,88.9209976196289,0,0.015
2025-01-07 00:00:00+00:00,88.91899871826172,89.55400085449219,88.91899871826172,89.51799774169922,0,0.015
2025-01-07 04:00:00+00:00,89.5199966430664,89.53900146484375,89.28900146484375,89.38700103759766,0,0.015
2025-01-07 08:00:00+00:00,89.39099884033203,89.6989974975586,89.36399841308594,89.54000091552734,0,0.015
2025-01-07 12:00:00+00:00,89.54000091552734,89.59700012207031,89.13200378417969,89.18399810791016,0,0.015
2025-01-07 16:00:00+00:00,89.18599700927734,89.19999694824219,88.95500183105469,88.97699737548828,0,0.015
2025-01-07 20:00:00+00:00,88.98200225830078,89.16400146484375,88.84200286865234,89.1449966430664,0,0.015
2025-01-08 00:00:00+00:00,89.13600158691406,89.16000366210938,88.86699676513672,89.10800170898438,0,0.015
2025-01-08 04:00:00+00:00,89.11199951171875,89.19400024414062,88.91799926757812,88.98699951171875,0,0.015
2025-01-08 08:00:00+00:00,88.98500061035156,89.06400299072266,88.61399841308594,88.7020034790039,0,0.015
2025-01-08 12:00:00+00:00,88.7020034790039,88.80999755859375,88.5469970703125,88.78199768066406,0,0.015
2025-01-08 16:00:00+00:00,88.77799987792969,88.88099670410156,88.64700317382812,88.75299835205078,0,0.015
2025-01-08 20:00:00+00:00,88.7509994506836,88.8550033569336,88.65499877929688,88.65699768066406,0,0.015
2025-01-09 00:00:00+00:00,88.66100311279297,88.68499755859375,88.40899658203125,88.41699981689453,0,0.015
2025-01-09 04:00:00+00:00,88.41699981689453,88.56400299072266,88.20099639892578,88.24600219726562,0,0.015
2025-01-09 08:00:00+00:00,88.24400329589844,88.4489974975586,88.1780014038086,88.33699798583984,0,0.015
2025-01-09 12:00:00+00:00,88.33599853515625,88.40299987792969,88.13200378417969,88.34500122070312,0,0.015
2025-01-09 16:00:00+00:00,88.34500122070312,88.58200073242188,88.30000305175781,88.51899719238281,0,0.015
2025-01-09 20:00:00+00:00,88.50900268554688,88.58999633789062,88.36900329589844,88.38200378417969,0,0.015
2025-01-10 00:00:00+00:00,88.38899993896484,88.61299896240234,88.3280029296875,88.50700378417969,0,0.015
2025-01-10 04:00:00+00:00,88.50599670410156,88.61199951171875,88.375,88.53600311279297,0,0.015
2025-01-10 08:00:00+00:00,88.53299713134766,88.53900146484375,87.927001953125,88.18599700927734,0,0.015
2025-01-10 12:00:00+00:00,88.18599700927734,88.2750015258789,87.58699798583984,87.63099670410156,0,0.015
2025-01-10 16:00:00+00:00,87.63099670410156,87.82599639892578,87.4729995727539,87.75800323486328,0,0.015
2025-01-10 20:00:00+00:00,87.75199890136719,87.78500366210938,87.51899719238281,87.62000274658203,0,0.015
2025-01-13 00:00:00+00:00,87.84200286865234,87.90599822998047,87.50800323486328,87.52400207519531,0,0.015
2025-01-13 04:00:00+00:00,87.5260009765625,87.58100128173828,87.30799865722656,87.45500183105469,0,0.015
2025-01-13 08:00:00+00:00,87.4530029296875,87.65599822998047,87.0479965209961,87.27200317382812,0,0.015
2025-01-13 12:00:00+00:00,87.27400207519531,87.50800323486328,87.18099975585938,87.4260025024414,0,0.015
2025-01-13 16:00:00+00:00,87.4260025024414,87.69599914550781,87.38800048828125,87.68499755859375,0,0.015
2025-01-13 20:00:00+00:00,87.68900299072266,88.26699829101562,87.6240005493164,88.15299987792969,0,0.015
2025-01-14 00:00:00+00:00,88.11199951171875,88.52999877929688,87.9469985961914,88.33499908447266,0,0.015
2025-01-14 04:00:00+00:00,88.33599853515625,88.51100158691406,88.20500183105469,88.50700378417969,0,0.015
2025-01-14 08:00:00+00:00,88.50599670410156,88.72599792480469,88.35900115966797,88.4489974975586,0,0.015
2025-01-14 12:00:00+00:00,88.44599914550781,88.68099975585938,88.14099884033203,88.51599884033203,0,0.015
2025-01-14 16:00:00+00:00,88.51499938964844,88.55899810791016,88.30400085449219,88.39600372314453,0,0.015
2025-01-14 20:00:00+00:00,88.39600372314453,88.56099700927734,88.33799743652344,88.53900146484375,0,0.015
2025-01-15 00:00:00+00:00,88.54399871826172,88.5530014038086,88.41100311279297,88.50800323486328,0,0.015
2025-01-15 04:00:00+00:00,88.50800323486328,88.53399658203125,88.01200103759766,88.11699676513672,0,0.015
2025-01-15 08:00:00+00:00,88.11499786376953,88.25299835205078,87.97200012207031,88.0790023803711,0,0.015
2025-01-15 12:00:00+00:00,88.0790023803711,88.33000183105469,87.85600280761719,87.8740005493164,0,0.015
2025-01-15 16:00:00+00:00,87.87799835205078,88.00700378417969,87.76100158691406,87.83899688720703,0,0.015
2025-01-15 20:00:00+00:00,87.83899688720703,87.95899963378906,87.7300033569336,87.93199920654297,0,0.015
2025-01-16 00:00:00+00:00,87.91200256347656,88.08100128173828,87.23699951171875,87.36499786376953,0,0.015
2025-01-16 04:00:00+00:00,87.36799621582031,87.66000366210938,87.33799743652344,87.6240005493164,0,0.015
2025-01-16 08:00:00+00:00,87.625,87.6510009765625,87.1709976196289,87.28399658203125,0,0.015
2025-01-16 12:00:00+00:00,87.28299713134766,87.36299896240234,87.16200256347656,87.2509994506836,0,0.015
2025-01-16 16:00:00+00:00,87.25299835205078,87.35299682617188,87.03399658203125,87.09100341796875,0,0.015
2025-01-16 20:00:00+00:00,87.09300231933594,87.11699676513672,86.9000015258789,87.10600280761719,0,0.015
2025-01-17 00:00:00+00:00,87.11000061035156,87.2040023803711,86.90699768066406,87.10800170898438,0,0.015
2025-01-17 04:00:00+00:00,87.11000061035156,87.13300323486328,86.85700225830078,87.02899932861328,0,0.015
2025-01-17 08:00:00+00:00,87.03099822998047,87.23300170898438,86.96399688720703,87.12300109863281,0,0.015
2025-01-17 12:00:00+00:00,87.12200164794922,87.52100372314453,86.67900085449219,87.46199798583984,0,0.015
2025-01-17 16:00:00+00:00,87.45700073242188,87.55400085449219,87.19200134277344,87.19999694824219,0,0.015
2025-01-17 20:00:00+00:00,87.1969985961914,87.26399993896484,87.1719970703125,87.26399993896484,0,0.015
2025-01-20 00:00:00+00:00,87.35600280761719,87.44300079345703,87.20700073242188,87.41699981689453,0,0.015
2025-01-20 04:00:00+00:00,87.4209976196289,87.69100189208984,87.4020004272461,87.68699645996094,0,0.015
2025-01-20 08:00:00+00:00,87.69400024414062,87.6969985961914,87.47899627685547,87.62699890136719,0,0.015
2025-01-20 12:00:00+00:00,87.6259994506836,88.3479995727539,87.58899688720703,88.03600311279297,0,0.015
2025-01-20 16:00:00+00:00,88.03500366210938,88.33599853515625,87.88300323486328,88.31600189208984,0,0.015
2025-01-20 20:00:00+00:00,88.31900024414062,88.38500213623047,88.16300201416016,88.19999694824219,0,0.015
2025-01-21 00:00:00+00:00,88.20700073242188,88.22200012207031,87.58200073242188,87.75599670410156,0,0.015
2025-01-21 04:00:00+00:00,87.75700378417969,87.83899688720703,87.58799743652344,87.79299926757812,0,0.015
2025-01-21 08:00:00+00:00,87.79299926757812,87.84200286865234,87.58999633789062,87.66200256347656,0,0.015
2025-01-21 12:00:00+00:00,87.66500091552734,87.92400360107422,87.58599853515625,87.8489990234375,0,0.015
2025-01-21 16:00:00+00:00,87.8499984741211,88.18199920654297,87.83200073242188,88.1259994506836,0,0.015
2025-01-21 20:00:00+00:00,88.12699890136719,88.33100128173828,88.09500122070312,88.16999816894531,0,0.015
2025-01-22 00:00:00+00:00,88.1510009765625,88.21099853515625,87.96700286865234,88.18599700927734,0,0.015
2025-01-22 04:00:00+00:00,88.18699645996094,88.25499725341797,88.04499816894531,88.24299621582031,0,0.015
2025-01-22 08:00:00+00:00,88.24099731445312,88.60399627685547,88.10900115966797,88.46199798583984,0,0.015
2025-01-22 12:00:00+00:00,88.46099853515625,88.62100219726562,88.35600280761719,88.5989990234375,0,0.015
2025-01-22 16:00:00+00:00,88.5979995727539,88.79299926757812,88.54900360107422,88.68900299072266,0,0.015
2025-01-22 20:00:00+00:00,88.68900299072266,88.73300170898438,88.48100280761719,88.56700134277344,0,0.015
2025-01-23 00:00:00+00:00,88.56199645996094,88.74700164794922,88.51499938964844,88.63400268554688,0,0.015
2025-01-23 04:00:00+00:00,88.63500213623047,88.82499694824219,88.58200073242188,88.65299987792969,0,0.015
2025-01-23 08:00:00+00:00,88.6520004272461,88.66600036621094,88.37899780273438,88.53700256347656,0,0.015
2025-01-23 12:00:00+00:00,88.54000091552734,88.62100219726562,88.38600158691406,88.4000015258789,0,0.015
2025-01-23 16:00:00+00:00,88.39800262451172,88.63300323486328,88.30400085449219,88.42500305175781,0,0.015
2025-01-23 20:00:00+00:00,88.427001953125,88.62300109863281,88.4010009765625,88.60199737548828,0,0.015
2025-01-24 00:00:00+00:00,88.58499908447266,89.10099792480469,88.4990005493164,88.69999694824219,0,0.015
2025-01-24 04:00:00+00:00,88.6989974975586,88.99099731445312,88.3759994506836,88.68000030517578,0,0.015
2025-01-24 08:00:00+00:00,88.6780014038086,89.14299774169922,88.49099731445312,89.08699798583984,0,0.015
2025-01-24 12:00:00+00:00,89.08499908447266,89.27300262451172,88.95800018310547,89.0469970703125,0,0.015
2025-01-24 16:00:00+00:00,89.0479965209961,89.11699676513672,88.92500305175781,88.99700164794922,0,0.015
2025-01-24 20:00:00+00:00,89.0009994506836,89.0739974975586,88.95999908447266,89.03500366210938,0,0.015
2025-01-27 00:00:00+00:00,88.65799713134766,88.71099853515625,88.27200317382812,88.63099670410156,0,0.015
2025-01-27 04:00:00+00:00,88.63800048828125,88.84100341796875,88.48500061035156,88.49800109863281,0,0.015
2025-01-27 08:00:00+00:00,88.49400329589844,88.52799987792969,87.6050033569336,87.73200225830078,0,0.015
2025-01-27 12:00:00+00:00,87.73300170898438,87.93900299072266,87.62899780273438,87.73699951171875,0,0.015
2025-01-27 16:00:00+00:00,87.73200225830078,87.97799682617188,87.56700134277344,87.90799713134766,0,0.015
2025-01-27 20:00:00+00:00,87.90799713134766,88.03199768066406,87.69000244140625,87.75900268554688,0,0.015
2025-01-28 00:00:00+00:00,87.74500274658203,88.20800018310547,87.71499633789062,88.125,0,0.015
2025-01-28 04:00:00+00:00,88.1240005493164,88.24299621582031,88.04100036621094,88.2030029296875,0,0.015
2025-01-28 08:00:00+00:00,88.20800018310547,88.23799896240234,87.8010025024414,87.88600158691406,0,0.015
2025-01-28 12:00:00+00:00,87.88800048828125,88.12899780273438,87.6989974975586,88.10099792480469,0,0.015
2025-01-28 16:00:00+00:00,88.0999984741211,88.18599700927734,88.05899810791016,88.14399719238281,0,0.015
2025-01-28 20:00:00+00:00,88.1510009765625,88.18299865722656,88.03700256347656,88.11399841308594,0,0.015
2025-01-29 00:00:00+00:00,88.10199737548828,88.18099975585938,87.88700103759766,87.93199920654297,0,0.015
2025-01-29 04:00:00+00:00,87.93299865722656,88.01699829101562,87.79900360107422,87.8489990234375,0,0.015
2025-01-29 08:00:00+00:00,87.85199737548828,87.88200378417969,87.68000030517578,87.76300048828125,0,0.015
2025-01-29 12:00:00+00:00,87.76699829101562,87.76699829101562,87.5270004272461,87.62300109863281,0,0.015
2025-01-29 16:00:00+00:00,87.62200164794922,87.83200073242188,87.59600067138672,87.74600219726562,0,0.015
2025-01-29 20:00:00+00:00,87.74700164794922,87.9000015258789,87.68900299072266,87.89900207519531,0,0.015
2025-01-30 00:00:00+00:00,87.9020004272461,87.91999816894531,87.31099700927734,87.38200378417969,0,0.015
2025-01-30 04:00:00+00:00,87.37899780273438,87.40599822998047,87.08599853515625,87.19400024414062,0,0.015
2025-01-30 08:00:00+00:00,87.1989974975586,87.3219985961914,87.1760025024414,87.30500030517578,0,0.015
2025-01-30 12:00:00+00:00,87.30699920654297,87.31400299072266,86.9540023803711,87.13200378417969,0,0.015
2025-01-30 16:00:00+00:00,87.13300323486328,87.33899688720703,87.09600067138672,87.13899993896484,0,0.015
2025-01-30 20:00:00+00:00,87.13700103759766,87.16400146484375,86.7490005493164,86.82599639892578,0,0.015
2025-01-31 00:00:00+00:00,86.8239974975586,87.10299682617188,86.6449966430664,87.05799865722656,0,0.015
2025-01-31 04:00:00+00:00,87.05699920654297,87.55599975585938,87.0250015258789,87.5199966430664,0,0.015
2025-01-31 08:00:00+00:00,87.52300262451172,87.572998046875,87.20899963378906,87.34100341796875,0,0.015
2025-01-31 12:00:00+00:00,87.34200286865234,87.59200286865234,87.19400024414062,87.52400207519531,0,0.015
2025-01-31 16:00:00+00:00,87.52100372314453,87.94999694824219,87.3550033569336,87.49099731445312,0,0.015
2025-01-31 20:00:00+00:00,87.48999786376953,87.5989990234375,87.34300231933594,87.4729995727539,0,0.015
2025-02-03 00:00:00+00:00,86.50700378417969,86.76599884033203,85.83399963378906,85.99600219726562,0,0.015
2025-02-03 04:00:00+00:00,85.99700164794922,86.5009994506836,85.98899841308594,86.39399719238281,0,0.015
2025-02-03 08:00:00+00:00,86.39600372314453,86.56400299072266,85.8949966430664,86.00199890136719,0,0.015
2025-02-03 12:00:00+00:00,86.00499725341797,86.74500274658203,85.68699645996094,86.69100189208984,0,0.015
2025-02-03 16:00:00+00:00,86.69300079345703,86.76599884033203,86.1719970703125,86.58499908447266,0,0.015
2025-02-03 20:00:00+00:00,86.58599853515625,87.46600341796875,86.49400329589844,87.36100006103516,0,0.015
2025-02-04 00:00:00+00:00,87.36000061035156,87.42500305175781,86.97799682617188,86.98400115966797,0,0.015
2025-02-04 04:00:00+00:00,86.98200225830078,87.09300231933594,86.43800354003906,87.0719985961914,0,0.015
2025-02-04 08:00:00+00:00,87.072998046875,87.18800354003906,86.90499877929688,87.0530014038086,0,0.015
2025-02-04 12:00:00+00:00,87.04900360107422,87.34200286865234,87.01899719238281,87.25499725341797,0,0.015
2025-02-04 16:00:00+00:00,87.25399780273438,87.33999633789062,87.02100372314453,87.18299865722656,0,0.015
2025-02-04 20:00:00+00:00,87.18000030517578,87.26200103759766,86.98999786376953,87.01599884033203,0,0.015
2025-02-05 00:00:00+00:00,86.9990005493164,87.20099639892578,86.55400085449219,86.66200256347656,0,0.015
2025-02-05 04:00:00+00:00,86.66400146484375,86.93900299072266,86.59700012207031,86.9020004272461,0,0.015
2025-02-05 08:00:00+00:00,86.90399932861328,87.05000305175781,86.71700286865234,86.89099884033203,0,0.015
2025-02-05 12:00:00+00:00,86.89800262451172,87.03700256347656,86.60700225830078,86.63300323486328,0,0.015
2025-02-05 16:00:00+00:00,86.63400268554688,86.79299926757812,86.61599731445312,86.6969985961914,0,0.015
2025-02-05 20:00:00+00:00,86.69300079345703,86.8759994506836,86.64900207519531,86.81099700927734,0,0.015
2025-02-06 00:00:00+00:00,86.81300354003906,86.84400177001953,86.24299621582031,86.33999633789062,0,0.015
2025-02-06 04:00:00+00:00,86.34300231933594,86.49600219726562,86.24700164794922,86.33499908447266,0,0.015
2025-02-06 08:00:00+00:00,86.33599853515625,86.44300079345703,86.24600219726562,86.27300262451172,0,0.015
2025-02-06 12:00:00+00:00,86.27400207519531,86.28900146484375,85.95500183105469,86.0,0,0.015
2025-02-06 16:00:00+00:00,86.00399780273438,86.23600006103516,85.74700164794922,85.84100341796875,0,0.015
2025-02-06 20:00:00+00:00,85.83399963378906,86.00700378417969,85.76499938964844,85.78600311279297,0,0.015
2025-02-07 00:00:00+00:00,85.76599884033203,86.33000183105469,85.66899871826172,86.11699676513672,0,0.015
2025-02-07 04:00:00+00:00,86.11799621582031,86.24299621582031,86.00599670410156,86.21299743652344,0,0.015
2025-02-07 08:00:00+00:00,86.21099853515625,86.43599700927734,86.18499755859375,86.34300231933594,0,0.015
2025-02-07 12:00:00+00:00,86.34500122070312,86.35900115966797,85.49600219726562,85.68399810791016,0,0.015
2025-02-07 16:00:00+00:00,85.68800354003906,85.8280029296875,85.26200103759766,85.65499877929688,0,0.015
2025-02-07 20:00:00+00:00,85.65399932861328,85.69999694824219,85.5739974975586,85.69999694824219,0,0.015
2025-02-10 00:00:00+00:00,85.73100280761719,85.91100311279297,85.63999938964844,85.86399841308594,0,0.015
2025-02-10 04:00:00+00:00,85.86799621582031,86.06800079345703,85.7249984741211,86.05400085449219,0,0.015
2025-02-10 08:00:00+00:00,86.05400085449219,86.22799682617188,85.97899627685547,85.98899841308594,0,0.015
2025-02-10 12:00:00+00:00,85.98899841308594,86.00800323486328,85.70600128173828,85.75199890136719,0,0.015
2025-02-10 16:00:00+00:00,85.7490005493164,85.81300354003906,85.66699981689453,85.74500274658203,0,0.015
2025-02-10 20:00:00+00:00,85.74700164794922,85.84600067138672,85.47599792480469,85.51499938964844,0,0.015
2025-02-11 00:00:00+00:00,85.51300048828125,85.71900177001953,85.40699768066406,85.69999694824219,0,0.015
2025-02-11 04:00:00+00:00,85.697998046875,85.89700317382812,85.69400024414062,85.82099914550781,0,0.015
2025-02-11 08:00:00+00:00,85.81800079345703,85.99299621582031,85.72100067138672,85.96399688720703,0,0.015
2025-02-11 12:00:00+00:00,85.96399688720703,86.22000122070312,85.9000015258789,86.15799713134766,0,0.015
2025-02-11 16:00:00+00:00,86.15899658203125,86.23300170898438,86.06700134277344,86.16500091552734,0,0.015
2025-02-11 20:00:00+00:00,86.16899871826172,86.43900299072266,86.10700225830078,86.4229965209961,0,0.015
2025-02-12 00:00:00+00:00,86.4280014038086,87.09400177001953,86.38800048828125,87.00399780273438,0,0.015
2025-02-12 04:00:00+00:00,87.0,87.06999969482422,86.66799926757812,86.85399627685547,0,0.015
2025-02-12 08:00:00+00:00,86.85299682617188,86.98100280761719,86.53600311279297,86.61399841308594,0,0.015
2025-02-12 12:00:00+00:00,86.61399841308594,87.0459976196289,86.40599822998047,86.96600341796875,0,0.015
2025-02-12 16:00:00+00:00,86.96900177001953,87.39600372314453,86.90899658203125,87.14199829101562,0,0.015
2025-02-12 20:00:00+00:00,87.13999938964844,87.19000244140625,86.96700286865234,87.00900268554688,0,0.015
2025-02-13 00:00:00+00:00,86.99500274658203,87.21099853515625,86.94400024414062,87.13899993896484,0,0.015
2025-02-13 04:00:00+00:00,87.14299774169922,87.39299774169922,87.0479965209961,87.1510009765625,0,0.015
2025-02-13 08:00:00+00:00,87.1520004272461,87.15799713134766,86.56500244140625,86.6729965209961,0,0.015
2025-02-13 12:00:00+00:00,86.6729965209961,86.83799743652344,86.30000305175781,86.5790023803711,0,0.015
2025-02-13 16:00:00+00:00,86.58000183105469,86.62799835205078,86.34300231933594,86.58300018310547,0,0.015
2025-02-13 20:00:00+00:00,86.58399963378906,86.94200134277344,86.58000183105469,86.87000274658203,0,0.015
2025-02-14 00:00:00+00:00,86.87899780273438,87.0479965209961,86.6510009765625,86.96700286865234,0,0.015
2025-02-14 04:00:00+00:00,86.96800231933594,87.00599670410156,86.69999694824219,86.9229965209961,0,0.015
2025-02-14 08:00:00+00:00,86.9219970703125,87.15799713134766,86.85199737548828,87.09200286865234,0,0.015
2025-02-14 12:00:00+00:00,87.09200286865234,87.2699966430664,86.9489974975586,87.13600158691406,0,0.015
2025-02-14 16:00:00+00:00,87.13700103759766,87.38200378417969,87.08000183105469,87.32499694824219,0,0.015
2025-02-14 20:00:00+00:00,87.3270034790039,87.39900207519531,87.20600128173828,87.24400329589844,0,0.015
2025-02-17 00:00:00+00:00,87.13400268554688,87.28099822998047,86.91799926757812,86.97699737548828,0,0.015
2025-02-17 04:00:00+00:00,86.97899627685547,87.13200378417969,86.88500213623047,87.0739974975586,0,0.015
2025-02-17 08:00:00+00:00,87.07499694824219,87.10800170898438,86.89299774169922,86.927001953125,0,0.015
2025-02-17 12:00:00+00:00,86.92400360107422,86.93599700927734,86.79499816894531,86.80999755859375,0,0.015
2025-02-17 16:00:00+00:00,86.81300354003906,86.91100311279297,86.79199981689453,86.81600189208984,0,0.015
2025-02-17 20:00:00+00:00,86.81099700927734,86.9229965209961,86.63800048828125,86.77899932861328,0,0.015
2025-02-18 00:00:00+00:00,86.78199768066406,86.89399719238281,86.61599731445312,86.81900024414062,0,0.015
2025-02-18 04:00:00+00:00,86.8219985961914,86.87799835205078,86.65599822998047,86.83200073242188,0,0.015
2025-02-18 08:00:00+00:00,86.83200073242188,86.88200378417969,86.5739974975586,86.63300323486328,0,0.015
2025-02-18 12:00:00+00:00,86.63700103759766,86.69100189208984,86.37100219726562,86.47200012207031,0,0.015
2025-02-18 16:00:00+00:00,86.47000122070312,86.63999938964844,86.45899963378906,86.5999984741211,0,0.015
2025-02-18 20:00:00+00:00,86.60099792480469,86.78900146484375,86.59400177001953,86.65699768066406,0,0.015
2025-02-19 00:00:00+00:00,86.6500015258789,87.02400207519531,86.16400146484375,86.86000061035156,0,0.015
2025-02-19 04:00:00+00:00,86.86000061035156,86.93499755859375,86.76200103759766,86.8499984741211,0,0.015
2025-02-19 08:00:00+00:00,86.84700012207031,86.9489974975586,86.72000122070312,86.73899841308594,0,0.015
2025-02-19 12:00:00+00:00,86.73500061035156,86.80999755859375,86.3759994506836,86.4530029296875,0,0.015
2025-02-19 16:00:00+00:00,86.45800018310547,86.53199768066406,86.34600067138672,86.38300323486328,0,0.015
2025-02-19 20:00:00+00:00,86.38300323486328,86.4489974975586,86.13500213623047,86.1969985961914,0,0.015
2025-02-20 00:00:00+00:00,86.2030029296875,86.25199890136719,85.72000122070312,85.9530029296875,0,0.015
2025-02-20 04:00:00+00:00,85.94999694824219,86.04100036621094,85.76699829101562,85.90599822998047,0,0.015
2025-02-20 08:00:00+00:00,85.90399932861328,86.19599914550781,85.89800262451172,85.9739990234375,0,0.015
2025-02-20 12:00:00+00:00,85.9739990234375,86.2030029296875,85.85099792480469,86.04499816894531,0,0.015
2025-02-20 16:00:00+00:00,86.04499816894531,86.36399841308594,86.01499938964844,86.30500030517578,0,0.015
2025-02-20 20:00:00+00:00,86.30899810791016,86.33100128173828,86.06700134277344,86.11599731445312,0,0.015
2025-02-21 00:00:00+00:00,86.16100311279297,86.89399719238281,86.14600372314453,86.7030029296875,0,0.015
2025-02-21 04:00:00+00:00,86.70500183105469,86.78800201416016,86.5770034790039,86.74199676513672,0,0.015
2025-02-21 08:00:00+00:00,86.74500274658203,86.80999755859375,86.49800109863281,86.51699829101562,0,0.015
2025-02-21 12:00:00+00:00,86.51200103759766,86.63600158691406,85.93800354003906,85.98500061035156,0,0.015
2025-02-21 16:00:00+00:00,85.98699951171875,86.03099822998047,85.4489974975586,85.51899719238281,0,0.015
2025-02-21 20:00:00+00:00,85.51699829101562,85.74400329589844,85.50499725341797,85.7020034790039,0,0.015
2025-02-24 00:00:00+00:00,85.88200378417969,86.14600372314453,85.61100006103516,85.94300079345703,0,0.015
2025-02-24 04:00:00+00:00,85.9469985961914,86.09500122070312,85.81900024414062,85.94599914550781,0,0.015
2025-02-24 08:00:00+00:00,85.94599914550781,86.06099700927734,85.76100158691406,86.01699829101562,0,0.015
2025-02-24 12:00:00+00:00,86.01499938964844,86.15599822998047,85.56400299072266,85.70999908447266,0,0.015
2025-02-24 16:00:00+00:00,85.72599792480469,86.03900146484375,85.71499633789062,85.93299865722656,0,0.015
2025-02-24 20:00:00+00:00,85.93499755859375,85.94400024414062,85.71600341796875,85.80599975585938,0,0.015
2025-02-25 00:00:00+00:00,85.83200073242188,86.02999877929688,85.7770004272461,85.78700256347656,0,0.015
2025-02-25 04:00:00+00:00,85.79199981689453,85.94599914550781,85.44599914550781,85.45800018310547,0,0.015
2025-02-25 08:00:00+00:00,85.45700073242188,85.72599792480469,85.39600372314453,85.70999908447266,0,0.015
2025-02-25 12:00:00+00:00,85.71299743652344,85.75199890136719,84.92400360107422,85.197998046875,0,0.015
2025-02-25 16:00:00+00:00,85.19599914550781,85.37799835205078,84.98400115966797,85.26599884033203,0,0.015
2025-02-25 20:00:00+00:00,85.26599884033203,85.44599914550781,85.1969985961914,85.41400146484375,0,0.015
2025-02-26 00:00:00+00:00,85.40399932861328,85.45899963378906,85.08999633789062,85.32099914550781,0,0.015
2025-02-26 04:00:00+00:00,85.31999969482422,85.447998046875,85.26000213623047,85.36000061035156,0,0.015
2025-02-26 08:00:00+00:00,85.36199951171875,85.37899780273438,85.13400268554688,85.18099975585938,0,0.015
2025-02-26 12:00:00+00:00,85.18299865722656,85.33799743652344,84.97699737548828,85.26399993896484,0,0.015
2025-02-26 16:00:00+00:00,85.26499938964844,85.29900360107422,84.7249984741211,84.79499816894531,0,0.015
2025-02-26 20:00:00+00:00,84.79900360107422,84.95899963378906,84.7249984741211,84.81500244140625,0,0.015
2025-02-27 00:00:00+00:00,84.83000183105469,85.072998046875,84.73799896240234,84.82499694824219,0,0.015
2025-02-27 04:00:00+00:00,84.822998046875,84.91500091552734,84.60600280761719,84.83999633789062,0,0.015
2025-02-27 08:00:00+00:00,84.83799743652344,85.26200103759766,84.76399993896484,85.10399627685547,0,0.015
2025-02-27 12:00:00+00:00,85.10700225830078,85.13800048828125,84.44100189208984,84.6510009765625,0,0.015
2025-02-27 16:00:00+00:00,84.6520004272461,84.76699829101562,84.41200256347656,84.46399688720703,0,0.015
2025-02-27 20:00:00+00:00,84.46299743652344,84.47000122070312,84.18900299072266,84.41600036621094,0,0.015
2025-02-28 00:00:00+00:00,84.43399810791016,84.4749984741211,83.65299987792969,83.80899810791016,0,0.015
2025-02-28 04:00:00+00:00,83.81099700927734,84.32099914550781,83.73899841308594,84.25199890136719,0,0.015
2025-02-28 08:00:00+00:00,84.25199890136719,84.44300079345703,84.11199951171875,84.25700378417969,0,0.015
2025-02-28 12:00:00+00:00,84.25800323486328,84.5979995727539,84.16799926757812,84.4280014038086,0,0.015
2025-02-28 16:00:00+00:00,84.43000030517578,84.47200012207031,83.9739990234375,84.12999725341797,0,0.015
2025-02-28 20:00:00+00:00,84.12899780273438,84.3499984741211,84.08699798583984,84.3499984741211,0,0.015
2025-03-03 00:00:00+00:00,84.50399780273438,84.55500030517578,84.1449966430664,84.2760009765625,0,0.015
2025-03-03 04:00:00+00:00,84.27999877929688,84.3280029296875,84.10800170898438,84.11299896240234,0,0.015
2025-03-03 08:00:00+00:00,84.11699676513672,84.75499725341797,83.98500061035156,84.7490005493164,0,0.015
2025-03-03 12:00:00+00:00,84.7490005493164,84.86900329589844,84.45700073242188,84.52300262451172,0,0.015
2025-03-03 16:00:00+00:00,84.52400207519531,84.71299743652344,84.302001953125,84.38300323486328,0,0.015
2025-03-03 20:00:00+00:00,84.37899780273438,84.38999938964844,83.55400085449219,83.79499816894531,0,0.015
2025-03-04 00:00:00+00:00,83.79199981689453,83.93399810791016,83.4530029296875,83.5719985961914,0,0.015
2025-03-04 04:00:00+00:00,83.56999969482422,83.947998046875,83.41899871826172,83.79000091552734,0,0.015
2025-03-04 08:00:00+00:00,83.78900146484375,83.96600341796875,83.49800109863281,83.61299896240234,0,0.015
2025-03-04 12:00:00+00:00,83.60600280761719,83.68900299072266,83.14299774169922,83.3499984741211,0,0.015
2025-03-04 16:00:00+00:00,83.3489990234375,84.28800201416016,83.23500061035156,84.26000213623047,0,0.015
2025-03-04 20:00:00+00:00,84.26000213623047,85.01200103759766,84.15699768066406,84.7509994506836,0,0.015
2025-03-05 00:00:00+00:00,84.80400085449219,85.01000213623047,84.40299987792969,84.7040023803711,0,0.015
2025-03-05 04:00:00+00:00,84.7030029296875,84.90699768066406,84.50800323486328,84.68900299072266,0,0.015
2025-03-05 08:00:00+00:00,84.68800354003906,84.93099975585938,84.59500122070312,84.86100006103516,0,0.015
2025-03-05 12:00:00+00:00,84.85900115966797,85.1760025024414,84.64199829101562,84.89800262451172,0,0.015
2025-03-05 16:00:00+00:00,84.8949966430664,85.29000091552734,84.65799713134766,85.19499969482422,0,0.015
2025-03-05 20:00:00+00:00,85.19000244140625,85.33599853515625,85.13300323486328,85.29199981689453,0,0.015
2025-03-06 00:00:00+00:00,85.27200317382812,85.61499786376953,85.2490005493164,85.50800323486328,0,0.015
2025-03-06 04:00:00+00:00,85.50900268554688,85.63099670410156,85.01599884033203,85.02400207519531,0,0.015
2025-03-06 08:00:00+00:00,85.02300262451172,85.12799835205078,84.63600158691406,84.80400085449219,0,0.015
2025-03-06 12:00:00+00:00,84.80599975585938,85.21299743652344,84.52300262451172,85.18599700927734,0,0.015
2025-03-06 16:00:00+00:00,85.18800354003906,85.40699768066406,84.65599822998047,84.76399993896484,0,0.015
2025-03-06 20:00:00+00:00,84.76200103759766,84.96900177001953,84.61900329589844,84.9489974975586,0,0.015
2025-03-07 00:00:00+00:00,84.96700286865234,84.9729995727539,84.36100006103516,84.37999725341797,0,0.015
2025-03-07 04:00:00+00:00,84.37899780273438,84.54900360107422,84.16000366210938,84.46499633789062,0,0.015
2025-03-07 08:00:00+00:00,84.46099853515625,84.60199737548828,84.31400299072266,84.36499786376953,0,0.015
2025-03-07 12:00:00+00:00,84.36199951171875,84.5479965209961,83.83999633789062,84.3270034790039,0,0.015
2025-03-07 16:00:00+00:00,84.3290023803711,84.58200073242188,83.77100372314453,84.50800323486328,0,0.015
2025-03-07 20:00:00+00:00,84.51399993896484,84.5989990234375,84.45700073242188,84.49500274658203,0,0.015
2025-03-10 00:00:00+00:00,84.24299621582031,84.41300201416016,84.09700012207031,84.3270034790039,0,0.015
2025-03-10 04:00:00+00:00,84.3270034790039,84.64199829101562,84.29499816894531,84.56199645996094,0,0.015
2025-03-10 08:00:00+00:00,84.56600189208984,84.60800170898438,84.13800048828125,84.36799621582031,0,0.015
2025-03-10 12:00:00+00:00,84.37000274658203,84.44000244140625,83.96499633789062,84.22100067138672,0,0.015
2025-03-10 16:00:00+00:00,84.22100067138672,84.31700134277344,83.68800354003906,83.927001953125,0,0.015
2025-03-10 20:00:00+00:00,83.9280014038086,84.00199890136719,83.48899841308594,83.74299621582031,0,0.015
2025-03-11 00:00:00+00:00,83.75499725341797,83.88300323486328,83.302001953125,83.73899841308594,0,0.015
2025-03-11 04:00:00+00:00,83.73699951171875,83.81900024414062,83.59600067138672,83.77799987792969,0,0.015
2025-03-11 08:00:00+00:00,83.7760009765625,84.24600219726562,83.74099731445312,84.197998046875,0,0.015
2025-03-11 12:00:00+00:00,84.2020034790039,84.54399871826172,83.85399627685547,84.2040023803711,0,0.015
2025-03-11 16:00:00+00:00,84.2040023803711,84.6510009765625,83.85700225830078,84.447998046875,0,0.015
2025-03-11 20:00:00+00:00,84.4469985961914,84.5770034790039,84.31400299072266,84.56199645996094,0,0.015
2025-03-12 00:00:00+00:00,84.55599975585938,84.6510009765625,84.3280029296875,84.41000366210938,0,0.015
2025-03-12 04:00:00+00:00,84.41100311279297,84.83899688720703,84.40499877929688,84.80899810791016,0,0.015
2025-03-12 08:00:00+00:00,84.81099700927734,84.99400329589844,84.63400268554688,84.86499786376953,0,0.015
2025-03-12 12:00:00+00:00,84.86599731445312,85.16400146484375,84.58399963378906,84.86499786376953,0,0.015
2025-03-12 16:00:00+00:00,84.86499786376953,85.0260009765625,84.71900177001953,84.94999694824219,0,0.015
2025-03-12 20:00:00+00:00,84.9530029296875,85.06999969482422,84.81800079345703,85.06099700927734,0,0.015
2025-03-13 00:00:00+00:00,85.072998046875,85.16300201416016,84.8280029296875,84.83699798583984,0,0.015
2025-03-13 04:00:00+00:00,84.83599853515625,84.8759994506836,84.29199981689453,84.34100341796875,0,0.015
2025-03-13 08:00:00+00:00,84.34200286865234,84.5,84.2490005493164,84.31400299072266,0,0.015
2025-03-13 12:00:00+00:00,84.31300354003906,84.48500061035156,84.18599700927734,84.3030014038086,0,0.015
2025-03-13 16:00:00+00:00,84.30000305175781,84.40399932861328,84.01000213623047,84.20600128173828,0,0.015
2025-03-13 20:00:00+00:00,84.19999694824219,84.37799835205078,84.08799743652344,84.33999633789062,0,0.015
2025-03-14 00:00:00+00:00,84.3499984741211,84.70600128173828,84.27100372314453,84.68499755859375,0,0.015
2025-03-14 04:00:00+00:00,84.68299865722656,85.18900299072266,84.65799713134766,85.12000274658203,0,0.015
2025-03-14 08:00:00+00:00,85.12000274658203,85.3030014038086,85.00299835205078,85.16600036621094,0,0.015
2025-03-14 12:00:00+00:00,85.16899871826172,85.46499633789062,85.13700103759766,85.24400329589844,0,0.015
2025-03-14 16:00:00+00:00,85.23999786376953,85.48600006103516,85.0979995727539,85.46900177001953,0,0.015
2025-03-14 20:00:00+00:00,85.46800231933594,85.54199981689453,85.33300018310547,85.40799713134766,0,0.015
2025-03-17 00:00:00+00:00,85.45899963378906,85.66600036621094,85.36100006103516,85.65299987792969,0,0.015
2025-03-17 04:00:00+00:00,85.65499877929688,85.93399810791016,85.65299987792969,85.8550033569336,0,0.015
2025-03-17 08:00:00+00:00,85.86000061035156,86.0199966430664,85.77799987792969,85.9280014038086,0,0.015
2025-03-17 12:00:00+00:00,85.927001953125,86.41799926757812,85.83699798583984,86.2979965209961,0,0.015
2025-03-17 16:00:00+00:00,86.30000305175781,86.90599822998047,86.28600311279297,86.822998046875,0,0.015
2025-03-17 20:00:00+00:00,86.8219985961914,87.03299713134766,86.71099853515625,86.98799896240234,0,0.015
2025-03-18 00:00:00+00:00,86.98699951171875,87.16899871826172,86.91300201416016,87.0199966430664,0,0.015
2025-03-18 04:00:00+00:00,87.0199966430664,87.28900146484375,86.9739990234375,87.24400329589844,0,0.015
2025-03-18 08:00:00+00:00,87.24299621582031,87.36900329589844,86.98100280761719,87.05500030517578,0,0.015
2025-03-18 12:00:00+00:00,87.05799865722656,87.16200256347656,86.71800231933594,86.8489990234375,0,0.015
2025-03-18 16:00:00+00:00,86.84500122070312,86.97899627685547,86.66799926757812,86.83200073242188,0,0.015
2025-03-18 20:00:00+00:00,86.83300018310547,86.96499633789062,86.75900268554688,86.94999694824219,0,0.015
2025-03-19 00:00:00+00:00,86.9469985961914,87.04199981689453,86.76899719238281,86.78399658203125,0,0.015
2025-03-19 04:00:00+00:00,86.77999877929688,87.1729965209961,86.30999755859375,86.41400146484375,0,0.015
2025-03-19 08:00:00+00:00,86.41699981689453,86.81099700927734,86.40799713134766,86.77400207519531,0,0.015
2025-03-19 12:00:00+00:00,86.77100372314453,86.822998046875,86.63400268554688,86.74700164794922,0,0.015
2025-03-19 16:00:00+00:00,86.7509994506836,86.78500366210938,86.30599975585938,86.42900085449219,0,0.015
2025-03-19 20:00:00+00:00,86.42500305175781,86.65399932861328,86.34700012207031,86.4219970703125,0,0.015
2025-03-20 00:00:00+00:00,86.38099670410156,86.38999938964844,85.81400299072266,85.99400329589844,0,0.015
2025-03-20 04:00:00+00:00,85.98999786376953,86.00900268554688,85.59400177001953,85.74800109863281,0,0.015
2025-03-20 08:00:00+00:00,85.7490005493164,85.8010025024414,85.13400268554688,85.16699981689453,0,0.015
2025-03-20 12:00:00+00:00,85.16300201416016,85.62200164794922,85.03299713134766,85.5739974975586,0,0.015
2025-03-20 16:00:00+00:00,85.57599639892578,85.73699951171875,85.4260025024414,85.6969985961914,0,0.015
2025-03-20 20:00:00+00:00,85.70500183105469,85.71700286865234,85.52400207519531,85.60299682617188,0,0.015
2025-03-21 00:00:00+00:00,85.61599731445312,85.95099639892578,85.59200286865234,85.80599975585938,0,0.015
2025-03-21 04:00:00+00:00,85.80699920654297,86.14099884033203,85.80699920654297,85.97100067138672,0,0.015
2025-03-21 08:00:00+00:00,85.97000122070312,86.11799621582031,85.7490005493164,85.77100372314453,0,0.015
2025-03-21 12:00:00+00:00,85.7699966430664,85.84300231933594,85.19999694824219,85.35700225830078,0,0.015
2025-03-21 16:00:00+00:00,85.35900115966797,85.66999816894531,85.31400299072266,85.63700103759766,0,0.015
2025-03-21 20:00:00+00:00,85.63099670410156,85.63700103759766,85.52300262451172,85.5999984741211,0,0.015
2025-03-24 00:00:00+00:00,85.96900177001953,86.072998046875,85.6719970703125,85.71199798583984,0,0.015
2025-03-24 04:00:00+00:00,85.71199798583984,85.90899658203125,85.58699798583984,85.79000091552734,0,0.015
2025-03-24 08:00:00+00:00,85.79100036621094,85.95800018310547,85.75700378417969,85.85299682617188,0,0.015
2025-03-24 12:00:00+00:00,85.85299682617188,86.23100280761719,85.7040023803711,86.1989974975586,0,0.015
2025-03-24 16:00:00+00:00,86.197998046875,86.23799896240234,85.95500183105469,86.22799682617188,0,0.015
2025-03-24 20:00:00+00:00,86.22599792480469,86.36299896240234,86.18199920654297,86.34700012207031,0,0.015
2025-03-25 00:00:00+00:00,86.33999633789062,86.39099884033203,86.16999816894531,86.18599700927734,0,0.015
2025-03-25 04:00:00+00:00,86.19100189208984,86.22100067138672,86.05699920654297,86.177001953125,0,0.015
2025-03-25 08:00:00+00:00,86.17900085449219,86.30699920654297,86.01899719238281,86.25800323486328,0,0.015
2025-03-25 12:00:00+00:00,86.26100158691406,86.2760009765625,85.81400299072266,85.90399932861328,0,0.015
2025-03-25 16:00:00+00:00,85.89800262451172,86.01000213623047,85.83200073242188,85.90299987792969,0,0.015
2025-03-25 20:00:00+00:00,85.9020004272461,86.03700256347656,85.86399841308594,85.94599914550781,0,0.015
2025-03-26 00:00:00+00:00,85.9520034790039,86.48999786376953,85.78700256347656,86.43399810791016,0,0.015
2025-03-26 04:00:00+00:00,86.43099975585938,86.62799835205078,86.4280014038086,86.5199966430664,0,0.015
2025-03-26 08:00:00+00:00,86.52200317382812,86.53900146484375,86.322998046875,86.427001953125,0,0.015
2025-03-26 12:00:00+00:00,86.4280014038086,86.65499877929688,86.31300354003906,86.50700378417969,0,0.015
2025-03-26 16:00:00+00:00,86.51000213623047,86.51000213623047,86.04900360107422,86.177001953125,0,0.015
2025-03-26 20:00:00+00:00,86.17900085449219,86.33999633789062,85.87799835205078,86.03099822998047,0,0.015
2025-03-27 00:00:00+00:00,86.0250015258789,86.2750015258789,85.95800018310547,86.11399841308594,0,0.015
2025-03-27 04:00:00+00:00,86.11699676513672,86.48899841308594,86.1050033569336,86.36100006103516,0,0.015
2025-03-27 08:00:00+00:00,86.36599731445312,86.78800201416016,86.33999633789062,86.78700256347656,0,0.015
2025-03-27 12:00:00+00:00,86.78500366210938,86.8239974975586,86.38999938964844,86.7490005493164,0,0.015
2025-03-27 16:00:00+00:00,86.74800109863281,86.86699676513672,86.61900329589844,86.63400268554688,0,0.015
2025-03-27 20:00:00+00:00,86.62999725341797,86.73300170898438,86.45700073242188,86.51599884033203,0,0.015
2025-03-28 00:00:00+00:00,86.51100158691406,86.61499786376953,86.12899780273438,86.18000030517578,0,0.015
2025-03-28 04:00:00+00:00,86.18000030517578,86.27300262451172,86.00900268554688,86.02200317382812,0,0.015
2025-03-28 08:00:00+00:00,86.02100372314453,86.23400115966797,85.98600006103516,86.19200134277344,0,0.015
2025-03-28 12:00:00+00:00,86.19100189208984,86.39900207519531,85.79499816894531,86.06800079345703,0,0.015
2025-03-28 16:00:00+00:00,86.06500244140625,86.09500122070312,85.54900360107422,85.56600189208984,0,0.015
2025-03-28 20:00:00+00:00,85.56400299072266,85.69200134277344,85.48899841308594,85.63999938964844,0,0.015
2025-03-30 20:00:00+00:00,85.25399780273438,85.37799835205078,85.02999877929688,85.37200164794922,0,0.015
2025-03-31 00:00:00+00:00,85.36599731445312,85.38899993896484,84.88200378417969,84.99600219726562,0,0.015
2025-03-31 04:00:00+00:00,85.0009994506836,85.23699951171875,84.91500091552734,84.99700164794922,0,0.015
2025-03-31 08:00:00+00:00,84.99700164794922,85.03199768066406,84.74099731445312,84.93900299072266,0,0.015
2025-03-31 12:00:00+00:00,84.93900299072266,84.98200225830078,84.63800048828125,84.9010009765625,0,0.015
2025-03-31 16:00:00+00:00,84.9010009765625,85.2760009765625,84.87200164794922,85.12799835205078,0,0.015
2025-03-31 20:00:00+00:00,85.1259994506836,85.1760025024414,84.96700286865234,84.99700164794922,0,0.015
2025-04-01 00:00:00+00:00,85.0,85.1050033569336,84.74500274658203,84.90299987792969,0,0.015
2025-04-01 04:00:00+00:00,84.9020004272461,85.15499877929688,84.81500244140625,84.87300109863281,0,0.015
2025-04-01 08:00:00+00:00,84.87100219726562,85.0999984741211,84.5790023803711,84.65599822998047,0,0.015
2025-04-01 12:00:00+00:00,84.65699768066406,85.24299621582031,84.6510009765625,85.18599700927734,0,0.015
2025-04-01 16:00:00+00:00,85.18499755859375,85.36599731445312,84.9219970703125,85.25499725341797,0,0.015
2025-04-01 20:00:00+00:00,85.25199890136719,85.5999984741211,85.1709976196289,85.52999877929688,0,0.015
2025-04-02 00:00:00+00:00,85.52799987792969,85.75299835205078,85.43499755859375,85.66200256347656,0,0.015
2025-04-02 04:00:00+00:00,85.66200256347656,85.98200225830078,85.64199829101562,85.85800170898438,0,0.015
2025-04-02 08:00:00+00:00,85.85900115966797,85.96499633789062,85.6719970703125,85.7249984741211,0,0.015
2025-04-02 12:00:00+00:00,85.72599792480469,86.11399841308594,85.58300018310547,86.07599639892578,0,0.015
2025-04-02 16:00:00+00:00,86.0770034790039,86.21700286865234,85.9229965209961,86.05899810791016,0,0.015
2025-04-02 20:00:00+00:00,86.05899810791016,86.75199890136719,84.25,84.68099975585938,0,0.015
2025-04-03 00:00:00+00:00,84.66999816894531,85.01899719238281,84.4280014038086,84.47200012207031,0,0.015
2025-04-03 04:00:00+00:00,84.4749984741211,85.10800170898438,84.39299774169922,84.9520034790039,0,0.015
2025-04-03 08:00:00+00:00,84.9469985961914,85.25900268554688,84.89700317382812,85.06400299072266,0,0.015
2025-04-03 12:00:00+00:00,85.06199645996094,85.23200225830078,84.77300262451172,84.89099884033203,0,0.015
2025-04-03 16:00:00+00:00,84.89099884033203,85.11399841308594,84.552001953125,84.58200073242188,0,0.015
2025-04-03 20:00:00+00:00,84.58200073242188,84.66500091552734,84.26200103759766,84.64099884033203,0,0.015
2025-04-04 00:00:00+00:00,84.64099884033203,84.73999786376953,83.47599792480469,83.51599884033203,0,0.015
2025-04-04 04:00:00+00:00,83.51599884033203,83.64199829101562,83.06700134277344,83.21199798583984,0,0.015
2025-04-04 08:00:00+00:00,83.21099853515625,83.41200256347656,81.3489990234375,82.03399658203125,0,0.015
2025-04-04 12:00:00+00:00,82.03500366210938,82.46800231933594,81.08499908447266,81.60399627685547,0,0.015
2025-04-04 16:00:00+00:00,81.6050033569336,82.40899658203125,81.4530029296875,82.02899932861328,0,0.015
2025-04-04 20:00:00+00:00,82.02999877929688,82.27200317382812,81.96099853515625,82.23500061035156,0,0.015
2025-04-06 20:00:00+00:00,80.55999755859375,80.87100219726562,80.45899963378906,80.56999969482422,0,0.015
2025-04-07 00:00:00+00:00,80.57099914550781,81.70899963378906,80.31300354003906,81.64099884033203,0,0.015
2025-04-07 04:00:00+00:00,81.64399719238281,81.86699676513672,80.65899658203125,81.3759994506836,0,0.015
2025-04-07 08:00:00+00:00,81.37799835205078,82.07499694824219,80.98899841308594,81.7020034790039,0,0.015
2025-04-07 12:00:00+00:00,81.7040023803711,83.31600189208984,81.30400085449219,81.87999725341797,0,0.015
2025-04-07 16:00:00+00:00,81.87999725341797,82.18499755859375,81.46299743652344,81.80799865722656,0,0.015
2025-04-07 20:00:00+00:00,81.80999755859375,82.06999969482422,81.73500061035156,81.81700134277344,0,0.015
2025-04-08 00:00:00+00:00,81.81700134277344,82.29199981689453,81.61699676513672,82.21600341796875,0,0.015
2025-04-08 04:00:00+00:00,82.2239990234375,82.85600280761719,82.20600128173828,82.48400115966797,0,0.015
2025-04-08 08:00:00+00:00,82.47799682617188,82.62899780273438,82.01899719238281,82.25700378417969,0,0.015
2025-04-08 12:00:00+00:00,82.26399993896484,82.9260025024414,81.75499725341797,81.95600128173828,0,0.015
2025-04-08 16:00:00+00:00,81.947998046875,82.03299713134766,80.72599792480469,81.00900268554688,0,0.015
2025-04-08 20:00:00+00:00,81.01200103759766,81.09700012207031,80.19599914550781,80.41400146484375,0,0.015
2025-04-09 00:00:00+00:00,80.41600036621094,80.9749984741211,79.77999877929688,80.34100341796875,0,0.015
2025-04-09 04:00:00+00:00,80.33499908447266,80.99099731445312,79.95999908447266,80.947998046875,0,0.015
2025-04-09 08:00:00+00:00,80.9530029296875,81.08999633789062,80.2229995727539,80.31400299072266,0,0.015
2025-04-09 12:00:00+00:00,80.31300354003906,81.11399841308594,80.18699645996094,80.64800262451172,0,0.015
2025-04-09 16:00:00+00:00,80.65499877929688,83.7770004272461,80.4530029296875,83.3949966430664,0,0.015
2025-04-09 20:00:00+00:00,83.39299774169922,83.51799774169922,83.04499816894531,83.07499694824219,0,0.015
2025-04-10 00:00:00+00:00,83.072998046875,83.53099822998047,82.62000274658203,83.4800033569336,0,0.015
2025-04-10 04:00:00+00:00,83.48200225830078,83.83899688720703,82.92900085449219,83.09200286865234,0,0.015
2025-04-10 08:00:00+00:00,83.09700012207031,83.19300079345703,82.76799774169922,83.0009994506836,0,0.015
2025-04-10 12:00:00+00:00,82.99800109863281,83.20999908447266,82.42400360107422,82.56700134277344,0,0.015
2025-04-10 16:00:00+00:00,82.56900024414062,83.37200164794922,82.20500183105469,83.03399658203125,0,0.015
2025-04-10 20:00:00+00:00,83.03399658203125,83.23500061035156,82.56900024414062,82.60299682617188,0,0.015
2025-04-11 00:00:00+00:00,82.6050033569336,83.25,82.24500274658203,82.9729995727539,0,0.015
2025-04-11 04:00:00+00:00,82.9739990234375,83.10800170898438,82.39700317382812,82.7750015258789,0,0.015
2025-04-11 08:00:00+00:00,82.77999877929688,83.00599670410156,82.43900299072266,82.7030029296875,0,0.015
2025-04-11 12:00:00+00:00,82.70099639892578,83.58699798583984,82.69300079345703,83.19000244140625,0,0.015
2025-04-11 16:00:00+00:00,83.18399810791016,83.82099914550781,83.08899688720703,83.69200134277344,0,0.015
2025-04-11 20:00:00+00:00,83.70500183105469,83.72599792480469,83.51300048828125,83.59400177001953,0,0.015
2025-04-13 20:00:00+00:00,83.74199676513672,84.03399658203125,83.65399932861328,83.83999633789062,0,0.015
2025-04-14 00:00:00+00:00,83.83599853515625,83.927001953125,83.24299621582031,83.56600189208984,0,0.015
2025-04-14 04:00:00+00:00,83.56600189208984,84.07599639892578,83.4749984741211,84.04499816894531,0,0.015
2025-04-14 08:00:00+00:00,84.0469970703125,84.20700073242188,83.90799713134766,83.97599792480469,0,0.015
2025-04-14 12:00:00+00:00,83.9739990234375,84.3280029296875,83.83899688720703,83.85800170898438,0,0.015
2025-04-14 16:00:00+00:00,83.85700225830078,84.24099731445312,83.75599670410156,84.14299774169922,0,0.015
2025-04-14 20:00:00+00:00,84.14199829101562,84.197998046875,83.88500213623047,83.98699951171875,0,0.015
2025-04-15 00:00:00+00:00,83.98400115966797,84.66699981689453,83.98400115966797,84.59600067138672,0,0.015
2025-04-15 04:00:00+00:00,84.59500122070312,84.89700317382812,84.35199737548828,84.78099822998047,0,0.015
2025-04-15 08:00:00+00:00,84.78199768066406,84.78299713134766,84.29000091552734,84.63899993896484,0,0.015
2025-04-15 12:00:00+00:00,84.63500213623047,85.02300262451172,84.53399658203125,84.64099884033203,0,0.015
2025-04-15 16:00:00+00:00,84.63899993896484,84.76000213623047,84.31199645996094,84.41500091552734,0,0.015
2025-04-15 20:00:00+00:00,84.41500091552734,84.625,84.13300323486328,84.34100341796875,0,0.015
2025-04-16 00:00:00+00:00,84.33300018310547,84.42900085449219,84.0790023803711,84.22200012207031,0,0.015
2025-04-16 04:00:00+00:00,84.21700286865234,84.43399810791016,84.00199890136719,84.05799865722656,0,0.015
2025-04-16 08:00:00+00:00,84.05400085449219,84.63300323486328,83.9990005493164,84.322998046875,0,0.015
2025-04-16 12:00:00+00:00,84.3280029296875,84.62300109863281,84.05000305175781,84.47100067138672,0,0.015
2025-04-16 16:00:00+00:00,84.47100067138672,84.56600189208984,83.9280014038086,84.2249984741211,0,0.015
2025-04-16 20:00:00+00:00,84.2229995727539,84.34300231933594,83.93900299072266,84.21600341796875,0,0.015
2025-04-17 00:00:00+00:00,84.21800231933594,84.55599975585938,84.15599822998047,84.31099700927734,0,0.015
2025-04-17 04:00:00+00:00,84.30799865722656,84.5469970703125,84.16699981689453,84.53099822998047,0,0.015
2025-04-17 08:00:00+00:00,84.53299713134766,84.68000030517578,84.47000122070312,84.64399719238281,0,0.015
2025-04-17 12:00:00+00:00,84.64399719238281,84.93800354003906,84.5979995727539,84.9209976196289,0,0.015
2025-04-17 16:00:00+00:00,84.91999816894531,85.22699737548828,84.88800048828125,85.01200103759766,0,0.015
2025-04-17 20:00:00+00:00,85.00800323486328,85.09700012207031,84.76699829101562,84.92400360107422,0,0.015
2025-04-18 00:00:00+00:00,84.95999908447266,85.03600311279297,84.29199981689453,84.43299865722656,0,0.015
2025-04-18 04:00:00+00:00,84.4209976196289,84.63899993896484,84.3010025024414,84.38700103759766,0,0.015
2025-04-18 08:00:00+00:00,84.38400268554688,84.53299713134766,84.30000305175781,84.37200164794922,0,0.015
2025-04-18 12:00:00+00:00,84.39600372314453,84.43800354003906,84.31300354003906,84.35399627685547,0,0.015
2025-04-18 16:00:00+00:00,84.3550033569336,84.45899963378906,84.24700164794922,84.3270034790039,0,0.015
2025-04-18 20:00:00+00:00,84.3239974975586,84.48400115966797,84.322998046875,84.48400115966797,0,0.015
2025-04-20 20:00:00+00:00,84.34500122070312,84.40599822998047,84.23799896240234,84.375,0,0.015
2025-04-21 00:00:00+00:00,84.3740005493164,84.50700378417969,84.01200103759766,84.47599792480469,0,0.015
2025-04-21 04:00:00+00:00,84.4729995727539,84.61100006103516,84.35700225830078,84.53299713134766,0,0.015
2025-04-21 08:00:00+00:00,84.53199768066406,84.76599884033203,84.49500274658203,84.61000061035156,0,0.015
2025-04-21 12:00:00+00:00,84.61299896240234,84.7699966430664,84.4489974975586,84.47200012207031,0,0.015
2025-04-21 16:00:00+00:00,84.4729995727539,84.58300018310547,84.30000305175781,84.52400207519531,0,0.015
2025-04-21 20:00:00+00:00,84.52200317382812,84.59600067138672,84.36699676513672,84.52100372314453,0,0.015
2025-04-22 00:00:00+00:00,84.5199966430664,84.68299865722656,84.26200103759766,84.36100006103516,0,0.015
2025-04-22 04:00:00+00:00,84.36199951171875,84.43199920654297,84.16999816894531,84.25299835205078,0,0.015
2025-04-22 08:00:00+00:00,84.25800323486328,84.44400024414062,84.04399871826172,84.08100128173828,0,0.015
2025-04-22 12:00:00+00:00,84.08300018310547,84.46499633789062,84.06400299072266,84.41400146484375,0,0.015
2025-04-22 16:00:00+00:00,84.41799926757812,84.7229995727539,84.35700225830078,84.4729995727539,0,0.015
2025-04-22 20:00:00+00:00,84.47200012207031,85.14099884033203,84.35900115966797,85.00700378417969,0,0.015
2025-04-23 00:00:00+00:00,85.0009994506836,85.09300231933594,84.61900329589844,84.87699890136719,0,0.015
2025-04-23 04:00:00+00:00,84.87799835205078,85.06199645996094,84.71399688720703,84.87300109863281,0,0.015
2025-04-23 08:00:00+00:00,84.875,85.07499694824219,84.7249984741211,84.7959976196289,0,0.015
2025-04-23 12:00:00+00:00,84.79900360107422,85.5459976196289,84.74400329589844,85.0260009765625,0,0.015
2025-04-23 16:00:00+00:00,85.02400207519531,85.48400115966797,84.91799926757812,85.28399658203125,0,0.015
2025-04-23 20:00:00+00:00,85.28399658203125,85.375,84.99700164794922,85.18900299072266,0,0.015
2025-04-24 00:00:00+00:00,85.18499755859375,85.31400299072266,84.80500030517578,85.0250015258789,0,0.015
2025-04-24 04:00:00+00:00,85.02200317382812,85.18299865722656,84.80999755859375,85.13700103759766,0,0.015
2025-04-24 08:00:00+00:00,85.13999938964844,85.27999877929688,85.08499908447266,85.16899871826172,0,0.015
2025-04-24 12:00:00+00:00,85.16600036621094,85.39299774169922,85.01100158691406,85.34300231933594,0,0.015
2025-04-24 16:00:00+00:00,85.33999633789062,85.56900024414062,85.32599639892578,85.54199981689453,0,0.015
2025-04-24 20:00:00+00:00,85.54199981689453,85.63800048828125,85.37699890136719,85.53199768066406,0,0.015
2025-04-25 00:00:00+00:00,85.53600311279297,86.00599670410156,85.48600006103516,85.98400115966797,0,0.015
2025-04-25 04:00:00+00:00,85.98200225830078,86.06099700927734,85.58399963378906,85.65899658203125,0,0.015
2025-04-25 08:00:00+00:00,85.66100311279297,85.75299835205078,85.28500366210938,85.38800048828125,0,0.015
2025-04-25 12:00:00+00:00,85.38800048828125,85.8949966430664,85.35600280761719,85.7760009765625,0,0.015
2025-04-25 16:00:00+00:00,85.77200317382812,85.85800170898438,85.52100372314453,85.68000030517578,0,0.015
2025-04-25 20:00:00+00:00,85.677001953125,85.75800323486328,85.61399841308594,85.64399719238281,0,0.015
2025-04-27 20:00:00+00:00,85.5989990234375,85.61699676513672,85.53299713134766,85.5719985961914,0,0.015
2025-04-28 00:00:00+00:00,85.56900024414062,85.58300018310547,85.37799835205078,85.49800109863281,0,0.015
2025-04-28 04:00:00+00:00,85.49800109863281,85.677001953125,85.25700378417969,85.26100158691406,0,0.015
2025-04-28 08:00:00+00:00,85.25800323486328,85.42900085449219,85.16899871826172,85.2509994506836,0,0.015
2025-04-28 12:00:00+00:00,85.25299835205078,85.40599822998047,85.06999969482422,85.09700012207031,0,0.015
2025-04-28 16:00:00+00:00,85.09700012207031,85.11699676513672,84.76200103759766,84.9229965209961,0,0.015
2025-04-28 20:00:00+00:00,84.9209976196289,84.99500274658203,84.84600067138672,84.88800048828125,0,0.015
2025-04-29 00:00:00+00:00,84.88899993896484,85.09600067138672,84.70700073242188,84.80000305175781,0,0.015
2025-04-29 04:00:00+00:00,84.80000305175781,85.11399841308594,84.68900299072266,85.09500122070312,0,0.015
2025-04-29 08:00:00+00:00,85.0989990234375,85.11199951171875,84.81999969482422,84.927001953125,0,0.015
2025-04-29 12:00:00+00:00,84.92400360107422,84.97699737548828,84.20500183105469,84.4990005493164,0,0.015
2025-04-29 16:00:00+00:00,84.49500274658203,84.58699798583984,84.37699890136719,84.48600006103516,0,0.015
2025-04-29 20:00:00+00:00,84.4800033569336,84.59500122070312,84.27400207519531,84.47699737548828,0,0.015
2025-04-30 00:00:00+00:00,84.4739990234375,84.58899688720703,84.36699676513672,84.51200103759766,0,0.015
2025-04-30 04:00:00+00:00,84.51499938964844,84.80500030517578,84.48799896240234,84.60399627685547,0,0.015
2025-04-30 08:00:00+00:00,84.6050033569336,84.81300354003906,84.51799774169922,84.68099975585938,0,0.015
2025-04-30 12:00:00+00:00,84.68199920654297,84.80500030517578,84.19999694824219,84.5979995727539,0,0.015
2025-04-30 16:00:00+00:00,84.60099792480469,84.9739990234375,84.53399658203125,84.83300018310547,0,0.015
2025-04-30 20:00:00+00:00,84.83100128173828,85.01200103759766,84.7750015258789,84.89099884033203,0,0.015
2025-05-01 00:00:00+00:00,84.89399719238281,85.4540023803711,84.86900329589844,85.38899993896484,0,0.015
2025-05-01 04:00:00+00:00,85.38800048828125,85.8010025024414,85.3479995727539,85.53199768066406,0,0.015
2025-05-01 08:00:00+00:00,85.53099822998047,85.64700317382812,85.36199951171875,85.5989990234375,0,0.015
2025-05-01 12:00:00+00:00,85.59500122070312,85.97599792480469,85.41400146484375,85.81999969482422,0,0.015
2025-05-01 16:00:00+00:00,85.8219985961914,86.09100341796875,85.73899841308594,85.96399688720703,0,0.015
2025-05-01 20:00:00+00:00,85.96399688720703,86.02200317382812,85.76699829101562,85.97200012207031,0,0.015
2025-05-02 00:00:00+00:00,85.97000122070312,86.43800354003906,85.94599914550781,86.14600372314453,0,0.015
2025-05-02 04:00:00+00:00,86.14399719238281,86.2750015258789,85.91999816894531,85.93199920654297,0,0.015
2025-05-02 08:00:00+00:00,85.9229965209961,85.9739990234375,85.7770004272461,85.88300323486328,0,0.015
2025-05-02 12:00:00+00:00,85.88700103759766,86.125,85.79199981689453,86.04299926757812,0,0.015
2025-05-02 16:00:00+00:00,86.04100036621094,86.27300262451172,86.01699829101562,86.19599914550781,0,0.015
2025-05-02 20:00:00+00:00,86.20099639892578,86.27400207519531,86.09700012207031,86.19200134277344,0,0.015
2025-05-04 20:00:00+00:00,86.22699737548828,86.25399780273438,86.04299926757812,86.0510025024414,0,0.015
2025-05-05 00:00:00+00:00,86.05599975585938,86.26799774169922,85.95700073242188,86.125,0,0.015
2025-05-05 04:00:00+00:00,86.1240005493164,86.3499984741211,86.04000091552734,86.0790023803711,0,0.015
2025-05-05 08:00:00+00:00,86.07499694824219,86.16799926757812,85.98400115966797,86.09600067138672,0,0.015
2025-05-05 12:00:00+00:00,86.09700012207031,86.18800354003906,85.83100128173828,85.97899627685547,0,0.015
2025-05-05 16:00:00+00:00,85.97899627685547,86.03600311279297,85.73300170898438,85.76000213623047,0,0.015
2025-05-05 20:00:00+00:00,85.76000213623047,85.8270034790039,85.5790023803711,85.65499877929688,0,0.015
2025-05-06 00:00:00+00:00,85.65699768066406,85.84500122070312,85.54900360107422,85.83599853515625,0,0.015
2025-05-06 04:00:00+00:00,85.83999633789062,86.01100158691406,85.70999908447266,85.79399871826172,0,0.015
2025-05-06 08:00:00+00:00,85.79199981689453,85.81199645996094,85.39900207519531,85.43599700927734,0,0.015
2025-05-06 12:00:00+00:00,85.43399810791016,85.78800201416016,85.26000213623047,85.68800354003906,0,0.015
2025-05-06 16:00:00+00:00,85.69000244140625,85.81199645996094,85.48300170898438,85.5770034790039,0,0.015
2025-05-06 20:00:00+00:00,85.57599639892578,86.177001953125,85.47100067138672,86.01899719238281,0,0.015
2025-05-07 00:00:00+00:00,86.02200317382812,86.1240005493164,85.73200225830078,85.91100311279297,0,0.015
2025-05-07 04:00:00+00:00,85.91200256347656,86.0199966430664,85.74400329589844,85.95099639892578,0,0.015
2025-05-07 08:00:00+00:00,85.95099639892578,86.05999755859375,85.71600341796875,85.83200073242188,0,0.015
2025-05-07 12:00:00+00:00,85.83200073242188,85.87300109863281,85.61900329589844,85.7249984741211,0,0.015
2025-05-07 16:00:00+00:00,85.72599792480469,85.75199890136719,85.26799774169922,85.46299743652344,0,0.015
2025-05-07 20:00:00+00:00,85.46099853515625,85.5719985961914,85.31400299072266,85.43000030517578,0,0.015
2025-05-08 00:00:00+00:00,85.43399810791016,85.79000091552734,85.36399841308594,85.68499755859375,0,0.015
2025-05-08 04:00:00+00:00,85.68699645996094,85.8489990234375,85.46700286865234,85.52799987792969,0,0.015
2025-05-08 08:00:00+00:00,85.5270004272461,85.89700317382812,85.50399780273438,85.69200134277344,0,0.015
2025-05-08 12:00:00+00:00,85.69400024414062,86.19000244140625,85.66799926757812,86.12699890136719,0,0.015
2025-05-08 16:00:00+00:00,86.12799835205078,86.2750015258789,86.05799865722656,86.12699890136719,0,0.015
2025-05-08 20:00:00+00:00,86.12899780273438,86.18599700927734,86.01200103759766,86.10299682617188,0,0.015
2025-05-09 00:00:00+00:00,86.0999984741211,86.1500015258789,85.68099975585938,85.8499984741211,0,0.015
2025-05-09 04:00:00+00:00,85.8489990234375,85.85900115966797,85.55400085449219,85.68599700927734,0,0.015
2025-05-09 08:00:00+00:00,85.68499755859375,85.6989974975586,85.43099975585938,85.53199768066406,0,0.015
2025-05-09 12:00:00+00:00,85.52899932861328,85.91300201416016,85.51000213623047,85.9010009765625,0,0.015
2025-05-09 16:00:00+00:00,85.90399932861328,85.98100280761719,85.83499908447266,85.92500305175781,0,0.015
2025-05-09 20:00:00+00:00,85.9229965209961,85.9520034790039,85.80699920654297,85.88899993896484,0,0.015
2025-05-11 20:00:00+00:00,86.31099700927734,86.41699981689453,86.24299621582031,86.30400085449219,0,0.015
2025-05-12 00:00:00+00:00,86.302001953125,86.70800018310547,86.20700073242188,86.45600128173828,0,0.015
2025-05-12 04:00:00+00:00,86.45999908447266,87.05799865722656,86.40899658203125,87.0009994506836,0,0.015
2025-05-12 08:00:00+00:00,87.0009994506836,87.2229995727539,86.83499908447266,86.96099853515625,0,0.015
2025-05-12 12:00:00+00:00,86.97000122070312,87.15299987792969,86.77799987792969,86.81500244140625,0,0.015
2025-05-12 16:00:00+00:00,86.81800079345703,86.97000122070312,86.79100036621094,86.91100311279297,0,0.015
2025-05-12 20:00:00+00:00,86.91100311279297,86.98100280761719,86.78299713134766,86.88899993896484,0,0.015
2025-05-13 00:00:00+00:00,86.88600158691406,86.91000366210938,86.49700164794922,86.86399841308594,0,0.015
2025-05-13 04:00:00+00:00,86.86399841308594,87.24600219726562,86.85800170898438,87.09500122070312,0,0.015
2025-05-13 08:00:00+00:00,87.09400177001953,87.33499908447266,87.02300262451172,87.25299835205078,0,0.015
2025-05-13 12:00:00+00:00,87.25700378417969,87.7249984741211,87.23500061035156,87.6989974975586,0,0.015
2025-05-13 16:00:00+00:00,87.70099639892578,87.71900177001953,87.48799896240234,87.52799987792969,0,0.015
2025-05-13 20:00:00+00:00,87.52899932861328,87.68199920654297,87.4540023803711,87.56600189208984,0,0.015
2025-05-14 00:00:00+00:00,87.56400299072266,87.67900085449219,87.3550033569336,87.447998046875,0,0.015
2025-05-14 04:00:00+00:00,87.4469985961914,87.50900268554688,87.25599670410156,87.44499969482422,0,0.015
2025-05-14 08:00:00+00:00,87.4469985961914,87.45099639892578,86.78099822998047,86.927001953125,0,0.015
2025-05-14 12:00:00+00:00,86.9280014038086,86.9749984741211,86.55799865722656,86.69300079345703,0,0.015
2025-05-14 16:00:00+00:00,86.69300079345703,86.79199981689453,86.43499755859375,86.5510025024414,0,0.015
2025-05-14 20:00:00+00:00,86.54900360107422,86.7249984741211,86.28399658203125,86.45899963378906,0,0.015
2025-05-15 00:00:00+00:00,86.46399688720703,86.52300262451172,86.2239990234375,86.26499938964844,0,0.015
2025-05-15 04:00:00+00:00,86.26699829101562,86.26799774169922,85.86799621582031,85.89099884033203,0,0.015
2025-05-15 08:00:00+00:00,85.88800048828125,85.96399688720703,85.68299865722656,85.80799865722656,0,0.015
2025-05-15 12:00:00+00:00,85.80999755859375,85.8489990234375,85.4209976196289,85.50700378417969,0,0.015
2025-05-15 16:00:00+00:00,85.50700378417969,85.5739974975586,85.41899871826172,85.5469970703125,0,0.015
2025-05-15 20:00:00+00:00,85.54900360107422,85.625,85.4469985961914,85.48100280761719,0,0.015
2025-05-16 00:00:00+00:00,85.47899627685547,85.79000091552734,85.06099700927734,85.70700073242188,0,0.015
2025-05-16 04:00:00+00:00,85.70899963378906,85.91400146484375,85.63400268554688,85.88800048828125,0,0.015
2025-05-16 08:00:00+00:00,85.88999938964844,85.96099853515625,85.80799865722656,85.9219970703125,0,0.015
2025-05-16 12:00:00+00:00,85.9219970703125,85.94599914550781,85.66300201416016,85.71800231933594,0,0.015
2025-05-16 16:00:00+00:00,85.71800231933594,85.8030014038086,85.66699981689453,85.78199768066406,0,0.015
2025-05-16 20:00:00+00:00,85.78199768066406,85.80400085449219,85.56600189208984,85.6510009765625,0,0.015
2025-05-18 20:00:00+00:00,85.47200012207031,85.61100006103516,85.44999694824219,85.48400115966797,0,0.015
2025-05-19 00:00:00+00:00,85.48500061035156,85.60600280761719,85.322998046875,85.53700256347656,0,0.015
2025-05-19 04:00:00+00:00,85.54000091552734,85.5790023803711,85.3479995727539,85.41500091552734,0,0.015
2025-05-19 08:00:00+00:00,85.41100311279297,85.76499938964844,85.36299896240234,85.71099853515625,0,0.015
2025-05-19 12:00:00+00:00,85.70700073242188,85.96299743652344,85.59500122070312,85.89800262451172,0,0.015
2025-05-19 16:00:00+00:00,85.9000015258789,85.9489974975586,85.7760009765625,85.87300109863281,0,0.015
2025-05-19 20:00:00+00:00,85.8740005493164,85.97899627685547,85.80000305175781,85.94499969482422,0,0.015
2025-05-20 00:00:00+00:00,85.94599914550781,86.1760025024414,85.68099975585938,85.75700378417969,0,0.015
2025-05-20 04:00:00+00:00,85.75800323486328,85.7760009765625,85.36799621582031,85.41000366210938,0,0.015
2025-05-20 08:00:00+00:00,85.40899658203125,85.56099700927734,85.37100219726562,85.4260025024414,0,0.015
2025-05-20 12:00:00+00:00,85.42400360107422,85.61100006103516,85.32099914550781,85.49099731445312,0,0.015
2025-05-20 16:00:00+00:00,85.49400329589844,85.73100280761719,85.43399810791016,85.56300354003906,0,0.015
2025-05-20 20:00:00+00:00,85.55999755859375,85.68599700927734,85.36100006103516,85.53700256347656,0,0.015
2025-05-21 00:00:00+00:00,85.54199981689453,85.68599700927734,85.41600036621094,85.51100158691406,0,0.015
2025-05-21 04:00:00+00:00,85.51100158691406,85.55999755859375,85.33300018310547,85.41699981689453,0,0.015
2025-05-21 08:00:00+00:00,85.41999816894531,85.47799682617188,85.26899719238281,85.3270034790039,0,0.015
2025-05-21 12:00:00+00:00,85.32499694824219,85.69999694824219,85.31800079345703,85.68900299072266,0,0.015
2025-05-21 16:00:00+00:00,85.68800354003906,85.74400329589844,85.24800109863281,85.26399993896484,0,0.015
2025-05-21 20:00:00+00:00,85.26399993896484,85.625,85.18099975585938,85.24800109863281,0,0.015
2025-05-22 00:00:00+00:00,85.2509994506836,85.2959976196289,84.80500030517578,84.91799926757812,0,0.015
2025-05-22 04:00:00+00:00,84.91699981689453,85.0199966430664,84.75199890136719,84.81800079345703,0,0.015
2025-05-22 08:00:00+00:00,84.81900024414062,84.93000030517578,84.60299682617188,84.66899871826172,0,0.015
2025-05-22 12:00:00+00:00,84.66899871826172,84.99600219726562,84.59500122070312,84.97699737548828,0,0.015
2025-05-22 16:00:00+00:00,84.9739990234375,85.13600158691406,84.91000366210938,84.94400024414062,0,0.015
2025-05-22 20:00:00+00:00,84.94599914550781,85.0739974975586,84.78199768066406,84.83200073242188,0,0.015
2025-05-23 00:00:00+00:00,84.84100341796875,85.01300048828125,84.80699920654297,84.8489990234375,0,0.015
2025-05-23 04:00:00+00:00,84.8489990234375,85.19599914550781,84.81199645996094,85.1719970703125,0,0.015
2025-05-23 08:00:00+00:00,85.1729965209961,85.44300079345703,84.8270034790039,84.89900207519531,0,0.015
2025-05-23 12:00:00+00:00,84.89800262451172,85.30400085449219,84.68900299072266,85.1989974975586,0,0.015
2025-05-23 16:00:00+00:00,85.2020034790039,85.41400146484375,85.19599914550781,85.3219985961914,0,0.015
2025-05-23 20:00:00+00:00,85.322998046875,85.36000061035156,85.25700378417969,85.34200286865234,0,0.015
2025-05-25 20:00:00+00:00,85.5510025024414,85.66200256347656,85.52799987792969,85.56900024414062,0,0.015
2025-05-26 00:00:00+00:00,85.56999969482422,85.8550033569336,85.43800354003906,85.77899932861328,0,0.015
2025-05-26 04:00:00+00:00,85.78399658203125,86.03900146484375,85.7490005493164,85.9729995727539,0,0.015
2025-05-26 08:00:00+00:00,85.9739990234375,86.02100372314453,85.87699890136719,85.93900299072266,0,0.015
2025-05-26 12:00:00+00:00,85.94100189208984,85.95800018310547,85.76100158691406,85.79000091552734,0,0.015
2025-05-26 16:00:00+00:00,85.7959976196289,85.802001953125,85.61599731445312,85.66799926757812,0,0.015
2025-05-26 20:00:00+00:00,85.66799926757812,85.72899627685547,85.48300170898438,85.48899841308594,0,0.015
2025-05-27 00:00:00+00:00,85.48699951171875,85.50700378417969,85.177001953125,85.29900360107422,0,0.015
2025-05-27 04:00:00+00:00,85.29900360107422,85.83300018310547,85.2979965209961,85.68299865722656,0,0.015
2025-05-27 08:00:00+00:00,85.68199920654297,85.87300109863281,85.65699768066406,85.81700134277344,0,0.015
2025-05-27 12:00:00+00:00,85.81600189208984,85.96600341796875,85.73799896240234,85.79299926757812,0,0.015
2025-05-27 16:00:00+00:00,85.79199981689453,85.88999938964844,85.75199890136719,85.8219985961914,0,0.015
2025-05-27 20:00:00+00:00,85.822998046875,85.89800262451172,85.7239990234375,85.72599792480469,0,0.015
2025-05-28 00:00:00+00:00,85.72200012207031,86.38899993896484,85.47000122070312,86.26300048828125,0,0.015
2025-05-28 04:00:00+00:00,86.26200103759766,86.2770004272461,85.83499908447266,86.04199981689453,0,0.015
2025-05-28 08:00:00+00:00,86.04499816894531,86.16300201416016,85.94499969482422,86.11799621582031,0,0.015
2025-05-28 12:00:00+00:00,86.12100219726562,86.34400177001953,86.03399658203125,86.30699920654297,0,0.015
2025-05-28 16:00:00+00:00,86.30699920654297,86.41200256347656,86.25399780273438,86.30500030517578,0,0.015
2025-05-28 20:00:00+00:00,86.302001953125,86.90299987792969,86.25399780273438,86.77400207519531,0,0.015
2025-05-29 00:00:00+00:00,86.7770004272461,86.99700164794922,86.39399719238281,86.53600311279297,0,0.015
2025-05-29 04:00:00+00:00,86.53900146484375,86.80699920654297,86.4749984741211,86.65899658203125,0,0.015
2025-05-29 08:00:00+00:00,86.66300201416016,86.69000244140625,86.41100311279297,86.45899963378906,0,0.015
2025-05-29 12:00:00+00:00,86.45999908447266,86.53399658203125,86.08699798583984,86.13099670410156,0,0.015
2025-05-29 16:00:00+00:00,86.13099670410156,86.23200225830078,86.09700012207031,86.1520004272461,0,0.015
2025-05-29 20:00:00+00:00,86.14800262451172,86.21399688720703,85.89600372314453,85.89900207519531,0,0.015
2025-05-30 00:00:00+00:00,85.89800262451172,86.05500030517578,85.73300170898438,85.79900360107422,0,0.015
2025-05-30 04:00:00+00:00,85.7979965209961,86.0530014038086,85.7239990234375,85.79900360107422,0,0.015
2025-05-30 08:00:00+00:00,85.81099700927734,85.84200286865234,85.66100311279297,85.67900085449219,0,0.015
2025-05-30 12:00:00+00:00,85.68299865722656,86.1729965209961,85.44000244140625,86.06700134277344,0,0.015
2025-05-30 16:00:00+00:00,86.06800079345703,86.07499694824219,85.7509994506836,85.94100189208984,0,0.015
2025-05-30 20:00:00+00:00,85.94100189208984,85.99099731445312,85.86299896240234,85.86299896240234,0,0.015
2025-06-01 20:00:00+00:00,85.93299865722656,85.97599792480469,85.8759994506836,85.88999938964844,0,0.015
2025-06-02 00:00:00+00:00,85.89299774169922,86.23400115966797,85.87200164794922,86.01599884033203,0,0.015
2025-06-02 04:00:00+00:00,86.01399993896484,86.13800048828125,85.8740005493164,86.02799987792969,0,0.015
2025-06-02 08:00:00+00:00,86.03099822998047,86.08100128173828,85.78900146484375,85.84700012207031,0,0.015
2025-06-02 12:00:00+00:00,85.84100341796875,86.18000030517578,85.8010025024414,86.12799835205078,0,0.015
2025-06-02 16:00:00+00:00,86.13200378417969,86.22699737548828,86.0479965209961,86.22100067138672,0,0.015
2025-06-02 20:00:00+00:00,86.22200012207031,86.25,86.00499725341797,86.13800048828125,0,0.015
2025-06-03 00:00:00+00:00,86.13899993896484,86.52899932861328,86.00700378417969,86.09700012207031,0,0.015
2025-06-03 04:00:00+00:00,86.09500122070312,86.10600280761719,85.55999755859375,85.6729965209961,0,0.015
2025-06-03 08:00:00+00:00,85.6719970703125,85.87799835205078,85.53099822998047,85.81300354003906,0,0.015
2025-06-03 12:00:00+00:00,85.81500244140625,86.4280014038086,85.77899932861328,86.3280029296875,0,0.015
2025-06-03 16:00:00+00:00,86.32599639892578,86.44499969482422,86.30999755859375,86.40599822998047,0,0.015
2025-06-03 20:00:00+00:00,86.40699768066406,86.47000122070312,86.22100067138672,86.36199951171875,0,0.015
2025-06-04 00:00:00+00:00,86.35800170898438,86.51799774169922,86.26699829101562,86.45800018310547,0,0.015
2025-06-04 04:00:00+00:00,86.45700073242188,86.54000091552734,86.35199737548828,86.47699737548828,0,0.015
2025-06-04 08:00:00+00:00,86.47799682617188,86.81800079345703,86.4469985961914,86.75299835205078,0,0.015
2025-06-04 12:00:00+00:00,86.75499725341797,86.7760009765625,86.09400177001953,86.18299865722656,0,0.015
2025-06-04 16:00:00+00:00,86.18199920654297,86.19200134277344,86.05799865722656,86.10199737548828,0,0.015
2025-06-04 20:00:00+00:00,86.10099792480469,86.12699890136719,85.9280014038086,85.99500274658203,0,0.015
2025-06-05 00:00:00+00:00,85.9990005493164,86.30899810791016,85.99299621582031,86.2239990234375,0,0.015
2025-06-05 04:00:00+00:00,86.2249984741211,86.55599975585938,86.1719970703125,86.49299621582031,0,0.015
2025-06-05 08:00:00+00:00,86.49500274658203,86.66200256347656,86.45700073242188,86.61499786376953,0,0.015
2025-06-05 12:00:00+00:00,86.61699676513672,87.01399993896484,86.4800033569336,86.93399810791016,0,0.015
2025-06-05 16:00:00+00:00,86.93399810791016,86.9800033569336,86.62899780273438,86.73699951171875,0,0.015
2025-06-05 20:00:00+00:00,86.73699951171875,86.77899932861328,86.49600219726562,86.72000122070312,0,0.015
2025-06-06 00:00:00+00:00,86.72100067138672,86.93199920654297,86.7040023803711,86.85399627685547,0,0.015
2025-06-06 04:00:00+00:00,86.85099792480469,87.03299713134766,86.84600067138672,86.9229965209961,0,0.015
2025-06-06 08:00:00+00:00,86.92500305175781,87.01399993896484,86.75399780273438,86.93299865722656,0,0.015
2025-06-06 12:00:00+00:00,86.93000030517578,87.26200103759766,86.8949966430664,87.18299865722656,0,0.015
2025-06-06 16:00:00+00:00,87.18599700927734,87.23799896240234,87.08999633789062,87.14700317382812,0,0.015
2025-06-06 20:00:00+00:00,87.14099884033203,87.21199798583984,87.08499908447266,87.11000061035156,0,0.015
2025-06-08 20:00:00+00:00,87.15799713134766,87.19599914550781,87.12200164794922,87.13200378417969,0,0.015
2025-06-09 00:00:00+00:00,87.12999725341797,87.2750015258789,87.05400085449219,87.2040023803711,0,0.015
2025-06-09 04:00:00+00:00,87.2040023803711,87.26100158691406,87.10800170898438,87.18299865722656,0,0.015
2025-06-09 08:00:00+00:00,87.18199920654297,87.44599914550781,87.1709976196289,87.40899658203125,0,0.015
2025-06-09 12:00:00+00:00,87.41200256347656,87.46399688720703,87.302001953125,87.41600036621094,0,0.015
2025-06-09 16:00:00+00:00,87.41000366210938,87.54199981689453,87.36399841308594,87.4729995727539,0,0.015
2025-06-09 20:00:00+00:00,87.47799682617188,87.48999786376953,87.31700134277344,87.4469985961914,0,0.015
2025-06-10 00:00:00+00:00,87.447998046875,87.69499969482422,87.44100189208984,87.68800354003906,0,0.015
2025-06-10 04:00:00+00:00,87.69000244140625,87.7300033569336,87.20099639892578,87.31600189208984,0,0.015
2025-06-10 08:00:00+00:00,87.3219985961914,87.55400085449219,87.24099731445312,87.48999786376953,0,0.015
2025-06-10 12:00:00+00:00,87.49099731445312,87.62999725341797,87.40799713134766,87.56400299072266,0,0.015
2025-06-10 16:00:00+00:00,87.56099700927734,87.65899658203125,87.5009994506836,87.65399932861328,0,0.015
2025-06-10 20:00:00+00:00,87.6510009765625,87.91100311279297,87.59100341796875,87.76300048828125,0,0.015
2025-06-11 00:00:00+00:00,87.75900268554688,87.7770004272461,87.34500122070312,87.50800323486328,0,0.015
2025-06-11 04:00:00+00:00,87.51000213623047,87.5989990234375,87.46099853515625,87.53600311279297,0,0.015
2025-06-11 08:00:00+00:00,87.53299713134766,87.60199737548828,87.45899963378906,87.58100128173828,0,0.015
2025-06-11 12:00:00+00:00,87.58100128173828,87.73300170898438,87.31800079345703,87.34600067138672,0,0.015
2025-06-11 16:00:00+00:00,87.34500122070312,87.44000244140625,87.05899810791016,87.1510009765625,0,0.015
2025-06-11 20:00:00+00:00,87.14700317382812,87.20700073242188,86.98100280761719,87.01799774169922,0,0.015
2025-06-12 00:00:00+00:00,87.01699829101562,87.07599639892578,86.55999755859375,86.88999938964844,0,0.015
2025-06-12 04:00:00+00:00,86.89099884033203,86.94300079345703,86.51000213623047,86.52100372314453,0,0.015
2025-06-12 08:00:00+00:00,86.52100372314453,87.0260009765625,86.50700378417969,86.92500305175781,0,0.015
2025-06-12 12:00:00+00:00,86.9209976196289,87.23600006103516,86.78900146484375,87.06099700927734,0,0.015
2025-06-12 16:00:00+00:00,87.06199645996094,87.11900329589844,86.98400115966797,87.05699920654297,0,0.015
2025-06-12 20:00:00+00:00,87.05699920654297,87.11299896240234,86.7750015258789,86.7770004272461,0,0.015
2025-06-13 00:00:00+00:00,86.78299713134766,86.8290023803711,85.83499908447266,86.45600128173828,0,0.015
2025-06-13 04:00:00+00:00,86.44999694824219,86.55699920654297,86.25499725341797,86.4739990234375,0,0.015
2025-06-13 08:00:00+00:00,86.47200012207031,86.74500274658203,86.45500183105469,86.56500244140625,0,0.015
2025-06-13 12:00:00+00:00,86.56099700927734,87.00700378417969,86.5459976196289,86.9209976196289,0,0.015
2025-06-13 16:00:00+00:00,86.92400360107422,86.98999786376953,86.51300048828125,86.66999816894531,0,0.015
2025-06-13 20:00:00+00:00,86.6709976196289,86.73200225830078,86.59400177001953,86.69400024414062,0,0.015
2025-06-15 20:00:00+00:00,86.83799743652344,87.0260009765625,86.80999755859375,86.98899841308594,0,0.015
2025-06-16 00:00:00+00:00,86.98300170898438,87.04299926757812,86.71700286865234,86.82599639892578,0,0.015
2025-06-16 04:00:00+00:00,86.822998046875,87.09200286865234,86.73699951171875,86.92500305175781,0,0.015
2025-06-16 08:00:00+00:00,86.91999816894531,87.25199890136719,86.91300201416016,87.23100280761719,0,0.015
2025-06-16 12:00:00+00:00,87.2300033569336,87.54900360107422,87.2030029296875,87.5009994506836,0,0.015
2025-06-16 16:00:00+00:00,87.50800323486328,87.80400085449219,87.49700164794922,87.72000122070312,0,0.015
2025-06-16 20:00:00+00:00,87.7239990234375,87.7750015258789,87.48799896240234,87.53500366210938,0,0.015
2025-06-17 00:00:00+00:00,87.53099822998047,87.92400360107422,87.50900268554688,87.7490005493164,0,0.015
2025-06-17 04:00:00+00:00,87.7509994506836,87.98600006103516,87.59200286865234,87.69300079345703,0,0.015
2025-06-17 08:00:00+00:00,87.68900299072266,87.99800109863281,87.65299987792969,87.8030014038086,0,0.015
2025-06-17 12:00:00+00:00,87.80000305175781,88.00399780273438,87.65299987792969,87.77400207519531,0,0.015
2025-06-17 16:00:00+00:00,87.77300262451172,87.84200286865234,87.2760009765625,87.3219985961914,0,0.015
2025-06-17 20:00:00+00:00,87.32099914550781,87.48999786376953,87.24400329589844,87.46600341796875,0,0.015
2025-06-18 00:00:00+00:00,87.46399688720703,87.56800079345703,87.35399627685547,87.38999938964844,0,0.015
2025-06-18 04:00:00+00:00,87.38600158691406,87.53600311279297,87.3280029296875,87.3479995727539,0,0.015
2025-06-18 08:00:00+00:00,87.34700012207031,87.45800018310547,87.11399841308594,87.25599670410156,0,0.015
2025-06-18 12:00:00+00:00,87.25700378417969,87.5009994506836,87.14199829101562,87.3550033569336,0,0.015
2025-06-18 16:00:00+00:00,87.35900115966797,87.4800033569336,87.28099822998047,87.3949966430664,0,0.015
2025-06-18 20:00:00+00:00,87.4000015258789,87.51499938964844,87.3030014038086,87.35900115966797,0,0.015
2025-06-19 00:00:00+00:00,87.36799621582031,87.39399719238281,86.83499908447266,86.97000122070312,0,0.015
2025-06-19 04:00:00+00:00,86.96800231933594,87.02999877929688,86.64399719238281,86.78299713134766,0,0.015
2025-06-19 08:00:00+00:00,86.78199768066406,87.1500015258789,86.73400115966797,87.11000061035156,0,0.015
2025-06-19 12:00:00+00:00,87.1050033569336,87.12799835205078,86.78500366210938,86.90699768066406,0,0.015
2025-06-19 16:00:00+00:00,86.90799713134766,87.14199829101562,86.875,87.13099670410156,0,0.015
2025-06-19 20:00:00+00:00,87.1259994506836,87.23899841308594,86.93499755859375,87.13400268554688,0,0.015
2025-06-20 00:00:00+00:00,87.13300323486328,87.24299621582031,87.01000213623047,87.22699737548828,0,0.015
2025-06-20 04:00:00+00:00,87.22699737548828,87.38300323486328,87.08799743652344,87.18699645996094,0,0.015
2025-06-20 08:00:00+00:00,87.18499755859375,87.28700256347656,87.09100341796875,87.22799682617188,0,0.015
2025-06-20 12:00:00+00:00,87.2229995727539,87.28700256347656,86.9749984741211,87.0739974975586,0,0.015
2025-06-20 16:00:00+00:00,87.0739974975586,87.21800231933594,87.052001953125,87.19499969482422,0,0.015
2025-06-20 20:00:00+00:00,87.19499969482422,87.21800231933594,87.0770034790039,87.11199951171875,0,0.015
2025-06-22 20:00:00+00:00,87.18599700927734,87.2770004272461,87.13800048828125,87.15499877929688,0,0.015
2025-06-23 00:00:00+00:00,87.15299987792969,87.29100036621094,86.80699920654297,86.88400268554688,0,0.015
2025-06-23 04:00:00+00:00,86.88700103759766,87.36599731445312,86.87899780273438,87.35900115966797,0,0.015
2025-06-23 08:00:00+00:00,87.35199737548828,87.39199829101562,86.9020004272461,87.0459976196289,0,0.015
2025-06-23 12:00:00+00:00,87.0459976196289,87.18699645996094,86.85600280761719,86.9800033569336,0,0.015
2025-06-23 16:00:00+00:00,86.9800033569336,87.34100341796875,86.81400299072266,87.31600189208984,0,0.015
2025-06-23 20:00:00+00:00,87.31500244140625,87.48400115966797,87.21600341796875,87.44999694824219,0,0.015
2025-06-24 00:00:00+00:00,87.45500183105469,87.47799682617188,87.21700286865234,87.33899688720703,0,0.015
2025-06-24 04:00:00+00:00,87.33300018310547,87.57599639892578,87.30000305175781,87.38200378417969,0,0.015
2025-06-24 08:00:00+00:00,87.38500213623047,87.59700012207031,87.24400329589844,87.43000030517578,0,0.015
2025-06-24 12:00:00+00:00,87.4280014038086,87.48799896240234,87.11100006103516,87.13800048828125,0,0.015
2025-06-24 16:00:00+00:00,87.14299774169922,87.1719970703125,87.00299835205078,87.0199966430664,0,0.015
2025-06-24 20:00:00+00:00,87.01300048828125,87.125,86.92400360107422,87.11699676513672,0,0.015
2025-06-25 00:00:00+00:00,87.11900329589844,87.49299621582031,87.06400299072266,87.4010009765625,0,0.015
2025-06-25 04:00:00+00:00,87.4010009765625,87.61699676513672,87.3239974975586,87.51699829101562,0,0.015
2025-06-25 08:00:00+00:00,87.52300262451172,87.77799987792969,87.45099639892578,87.72100067138672,0,0.015
2025-06-25 12:00:00+00:00,87.7229995727539,87.79299926757812,87.60399627685547,87.62300109863281,0,0.015
2025-06-25 16:00:00+00:00,87.6240005493164,87.7030029296875,87.58899688720703,87.66600036621094,0,0.015
2025-06-25 20:00:00+00:00,87.66699981689453,87.76200103759766,87.56300354003906,87.71800231933594,0,0.015
2025-06-26 00:00:00+00:00,87.71700286865234,87.76300048828125,87.33000183105469,87.74800109863281,0,0.015
2025-06-26 04:00:00+00:00,87.75199890136719,87.77300262451172,87.15599822998047,87.21600341796875,0,0.015
2025-06-26 08:00:00+00:00,87.21700286865234,87.40299987792969,87.17900085449219,87.35299682617188,0,0.015
2025-06-26 12:00:00+00:00,87.34700012207031,87.64700317382812,87.31700134277344,87.56500244140625,0,0.015
2025-06-26 16:00:00+00:00,87.56999969482422,87.5979995727539,87.4739990234375,87.51499938964844,0,0.015
2025-06-26 20:00:00+00:00,87.51399993896484,87.6729965209961,87.3489990234375,87.65499877929688,0,0.015
2025-06-27 00:00:00+00:00,87.65699768066406,87.8030014038086,87.52100372314453,87.63800048828125,0,0.015
2025-06-27 04:00:00+00:00,87.63600158691406,87.76100158691406,87.5,87.68599700927734,0,0.015
2025-06-27 08:00:00+00:00,87.68800354003906,87.72200012207031,87.53099822998047,87.60900115966797,0,0.015
2025-06-27 12:00:00+00:00,87.61399841308594,87.80599975585938,87.5250015258789,87.70999908447266,0,0.015
2025-06-27 16:00:00+00:00,87.71099853515625,87.72100067138672,87.39399719238281,87.60299682617188,0,0.015
2025-06-27 20:00:00+00:00,87.60600280761719,87.62799835205078,87.5459976196289,87.60199737548828,0,0.015
2025-06-29 20:00:00+00:00,87.59300231933594,87.64900207519531,87.5719985961914,87.59500122070312,0,0.015
2025-06-30 00:00:00+00:00,87.5999984741211,87.77200317382812,87.4209976196289,87.46700286865234,0,0.015
2025-06-30 04:00:00+00:00,87.46800231933594,87.55999755859375,87.28500366210938,87.40699768066406,0,0.015
2025-06-30 08:00:00+00:00,87.4010009765625,87.54100036621094,87.33200073242188,87.49099731445312,0,0.015
2025-06-30 12:00:00+00:00,87.49299621582031,87.80500030517578,87.447998046875,87.79900360107422,0,0.015
2025-06-30 16:00:00+00:00,87.7959976196289,87.88899993896484,87.73899841308594,87.78700256347656,0,0.015
2025-06-30 20:00:00+00:00,87.78399658203125,87.80799865722656,87.5790023803711,87.58699798583984,0,0.015
2025-07-01 00:00:00+00:00,87.58599853515625,87.59200286865234,87.35199737548828,87.56800079345703,0,0.015
2025-07-01 04:00:00+00:00,87.56900024414062,87.6780014038086,87.41999816894531,87.4540023803711,0,0.015
2025-07-01 08:00:00+00:00,87.4540023803711,87.49199676513672,87.23400115966797,87.2490005493164,0,0.015
2025-07-01 12:00:00+00:00,87.24700164794922,87.44000244140625,87.21099853515625,87.38400268554688,0,0.015
2025-07-01 16:00:00+00:00,87.38899993896484,87.5999984741211,87.37999725341797,87.56300354003906,0,0.015
2025-07-01 20:00:00+00:00,87.56300354003906,87.58999633789062,87.34600067138672,87.44200134277344,0,0.015
2025-07-02 00:00:00+00:00,87.44599914550781,87.66300201416016,87.43099975585938,87.58599853515625,0,0.015
2025-07-02 04:00:00+00:00,87.58100128173828,87.68599700927734,87.46700286865234,87.4749984741211,0,0.015
2025-07-02 08:00:00+00:00,87.4729995727539,87.61399841308594,87.36199951171875,87.36499786376953,0,0.015
2025-07-02 12:00:00+00:00,87.37000274658203,87.4229965209961,87.02200317382812,87.33899688720703,0,0.015
2025-07-02 16:00:00+00:00,87.34400177001953,87.49800109863281,87.302001953125,87.49299621582031,0,0.015
2025-07-02 20:00:00+00:00,87.48799896240234,87.53099822998047,87.35399627685547,87.37999725341797,0,0.015
2025-07-03 00:00:00+00:00,87.38200378417969,87.43800354003906,87.24600219726562,87.26399993896484,0,0.015
2025-07-03 04:00:00+00:00,87.26200103759766,87.4209976196289,87.23699951171875,87.38800048828125,0,0.015
2025-07-03 08:00:00+00:00,87.38800048828125,87.45700073242188,87.2770004272461,87.28700256347656,0,0.015
2025-07-03 12:00:00+00:00,87.28900146484375,87.95800018310547,87.22899627685547,87.94499969482422,0,0.015
2025-07-03 16:00:00+00:00,87.94300079345703,88.04499816894531,87.92500305175781,87.95500183105469,0,0.015
2025-07-03 20:00:00+00:00,87.95500183105469,88.01499938964844,87.87999725341797,87.95600128173828,0,0.015
2025-07-04 00:00:00+00:00,87.95500183105469,88.0199966430664,87.6760025024414,87.71900177001953,0,0.015
2025-07-04 04:00:00+00:00,87.72000122070312,87.74400329589844,87.45899963378906,87.51699829101562,0,0.015
2025-07-04 08:00:00+00:00,87.51499938964844,87.58100128173828,87.4800033569336,87.54299926757812,0,0.015
2025-07-04 12:00:00+00:00,87.54499816894531,87.55000305175781,87.43699645996094,87.50299835205078,0,0.015
2025-07-04 16:00:00+00:00,87.4990005493164,87.52200317382812,87.44499969482422,87.49099731445312,0,0.015
2025-07-04 20:00:00+00:00,87.48899841308594,87.60199737548828,87.41200256347656,87.60199737548828,0,0.015
2025-07-06 20:00:00+00:00,87.48200225830078,87.53399658203125,87.37200164794922,87.40599822998047,0,0.015
2025-07-07 00:00:00+00:00,87.40699768066406,87.41300201416016,87.06900024414062,87.1760025024414,0,0.015
2025-07-07 04:00:00+00:00,87.17900085449219,87.2490005493164,87.09100341796875,87.19300079345703,0,0.015
2025-07-07 08:00:00+00:00,87.19000244140625,87.3219985961914,87.03700256347656,87.29000091552734,0,0.015
2025-07-07 12:00:00+00:00,87.29000091552734,87.7229995727539,87.24700164794922,87.68800354003906,0,0.015
2025-07-07 16:00:00+00:00,87.68900299072266,87.76899719238281,87.53099822998047,87.63999938964844,0,0.015
2025-07-07 20:00:00+00:00,87.64299774169922,87.69999694824219,87.48500061035156,87.63300323486328,0,0.015
2025-07-08 00:00:00+00:00,87.63400268554688,87.95800018310547,87.61399841308594,87.83899688720703,0,0.015
2025-07-08 04:00:00+00:00,87.83699798583984,88.06300354003906,87.75900268554688,88.00299835205078,0,0.015
2025-07-08 08:00:00+00:00,88.00700378417969,88.21299743652344,87.92400360107422,88.1240005493164,0,0.015
2025-07-08 12:00:00+00:00,88.12699890136719,88.15499877929688,87.83999633789062,87.9729995727539,0,0.015
2025-07-08 16:00:00+00:00,87.97000122070312,88.0989990234375,87.84500122070312,87.89800262451172,0,0.015
2025-07-08 20:00:00+00:00,87.89700317382812,88.03399658203125,87.81199645996094,88.01000213623047,0,0.015
2025-07-09 00:00:00+00:00,88.01200103759766,88.33399963378906,87.9020004272461,88.03800201416016,0,0.015
2025-07-09 04:00:00+00:00,88.0469970703125,88.2959976196289,87.94499969482422,88.00900268554688,0,0.015
2025-07-09 08:00:00+00:00,88.00700378417969,88.052001953125,87.78800201416016,87.78900146484375,0,0.015
2025-07-09 12:00:00+00:00,87.79299926757812,87.91200256347656,87.73699951171875,87.78199768066406,0,0.015
2025-07-09 16:00:00+00:00,87.77799987792969,87.87699890136719,87.69499969482422,87.8239974975586,0,0.015
2025-07-09 20:00:00+00:00,87.8270034790039,87.90699768066406,87.62100219726562,87.63999938964844,0,0.015
2025-07-10 00:00:00+00:00,87.64399719238281,87.8550033569336,87.5469970703125,87.81500244140625,0,0.015
2025-07-10 04:00:00+00:00,87.81600189208984,88.07499694824219,87.7770004272461,87.9729995727539,0,0.015
2025-07-10 08:00:00+00:00,87.97599792480469,88.06300354003906,87.91300201416016,87.93199920654297,0,0.015
2025-07-10 12:00:00+00:00,87.93299865722656,88.18099975585938,87.87799835205078,88.15299987792969,0,0.015
2025-07-10 16:00:00+00:00,88.14299774169922,88.23400115966797,88.11199951171875,88.20999908447266,0,0.015
2025-07-10 20:00:00+00:00,88.21299743652344,88.37200164794922,88.11699676513672,88.3550033569336,0,0.015
2025-07-11 00:00:00+00:00,88.35600280761719,88.62100219726562,87.97100067138672,88.48500061035156,0,0.015
2025-07-11 04:00:00+00:00,88.48600006103516,88.50499725341797,88.28099822998047,88.46199798583984,0,0.015
2025-07-11 08:00:00+00:00,88.46099853515625,88.51100158691406,88.29499816894531,88.40799713134766,0,0.015
2025-07-11 12:00:00+00:00,88.41000366210938,88.60099792480469,88.24400329589844,88.50900268554688,0,0.015
2025-07-11 16:00:00+00:00,88.50800323486328,88.61499786376953,88.447998046875,88.49700164794922,0,0.015
2025-07-11 20:00:00+00:00,88.49700164794922,88.6240005493164,88.45500183105469,88.5479965209961,0,0.015
2025-07-13 20:00:00+00:00,88.4530029296875,88.49700164794922,88.35700225830078,88.45899963378906,0,0.015
2025-07-14 00:00:00+00:00,88.4530029296875,88.49199676513672,87.97799682617188,88.19400024414062,0,0.015
2025-07-14 04:00:00+00:00,88.18800354003906,88.28600311279297,88.00800323486328,88.2770004272461,0,0.015
2025-07-14 08:00:00+00:00,88.28199768066406,88.32599639892578,88.1719970703125,88.28700256347656,0,0.015
2025-07-14 12:00:00+00:00,88.29000091552734,88.3030014038086,88.11799621582031,88.18800354003906,0,0.015
2025-07-14 16:00:00+00:00,88.19000244140625,88.31199645996094,88.16100311279297,88.25,0,0.015
2025-07-14 20:00:00+00:00,88.25299835205078,88.2969970703125,88.15499877929688,88.22799682617188,0,0.015
2025-07-15 00:00:00+00:00,88.2300033569336,88.44499969482422,88.19000244140625,88.25900268554688,0,0.015
2025-07-15 04:00:00+00:00,88.26499938964844,88.552001953125,88.23100280761719,88.5479965209961,0,0.015
2025-07-15 08:00:00+00:00,88.54900360107422,88.677001953125,88.48300170898438,88.63400268554688,0,0.015
2025-07-15 12:00:00+00:00,88.63300323486328,88.9000015258789,88.46199798583984,88.49500274658203,0,0.015
2025-07-15 16:00:00+00:00,88.49500274658203,88.5790023803711,88.43299865722656,88.45099639892578,0,0.015
2025-07-15 20:00:00+00:00,88.4530029296875,88.61100006103516,88.41799926757812,88.5780029296875,0,0.015
2025-07-16 00:00:00+00:00,88.58499908447266,88.84400177001953,88.51599884033203,88.60900115966797,0,0.015
2025-07-16 04:00:00+00:00,88.60700225830078,88.71800231933594,88.40399932861328,88.5270004272461,0,0.015
2025-07-16 08:00:00+00:00,88.52400207519531,88.54299926757812,88.27300262451172,88.38300323486328,0,0.015
2025-07-16 12:00:00+00:00,88.38400268554688,88.39399719238281,87.52200317382812,87.9489974975586,0,0.015
2025-07-16 16:00:00+00:00,87.94999694824219,88.0469970703125,87.73999786376953,87.86799621582031,0,0.015
2025-07-16 20:00:00+00:00,87.86900329589844,88.02400207519531,87.83599853515625,87.96399688720703,0,0.015
2025-07-17 00:00:00+00:00,87.96700286865234,88.16799926757812,87.7699966430664,88.00700378417969,0,0.015
2025-07-17 04:00:00+00:00,88.00599670410156,88.06600189208984,87.85299682617188,87.96499633789062,0,0.015
2025-07-17 08:00:00+00:00,87.96499633789062,88.10800170898438,87.86499786376953,87.89800262451172,0,0.015
2025-07-17 12:00:00+00:00,87.89700317382812,88.08899688720703,87.81999969482422,88.06800079345703,0,0.015
2025-07-17 16:00:00+00:00,88.06700134277344,88.1500015258789,88.01799774169922,88.11399841308594,0,0.015
2025-07-17 20:00:00+00:00,88.10700225830078,88.23400115966797,88.05500030517578,88.2249984741211,0,0.015
2025-07-18 00:00:00+00:00,88.2239990234375,88.60199737548828,88.18499755859375,88.5270004272461,0,0.015
2025-07-18 04:00:00+00:00,88.52799987792969,88.67500305175781,88.46800231933594,88.66000366210938,0,0.015
2025-07-18 08:00:00+00:00,88.66000366210938,88.7699966430664,88.59300231933594,88.71800231933594,0,0.015
2025-07-18 12:00:00+00:00,88.72000122070312,88.80400085449219,88.66600036621094,88.7770004272461,0,0.015
2025-07-18 16:00:00+00:00,88.77999877929688,88.79199981689453,88.64600372314453,88.66999816894531,0,0.015
2025-07-18 20:00:00+00:00,88.6709976196289,88.71600341796875,88.63400268554688,88.71600341796875,0,0.015
2025-07-20 20:00:00+00:00,88.36399841308594,88.40899658203125,88.25,88.35299682617188,0,0.015
2025-07-21 00:00:00+00:00,88.3550033569336,88.37899780273438,88.11000061035156,88.3270034790039,0,0.015
2025-07-21 04:00:00+00:00,88.322998046875,88.3759994506836,88.14800262451172,88.20500183105469,0,0.015
2025-07-21 08:00:00+00:00,88.20700073242188,88.23400115966797,88.0459976196289,88.0999984741211,0,0.015
2025-07-21 12:00:00+00:00,88.0979995727539,88.13099670410156,87.9749984741211,88.02100372314453,0,0.015
2025-07-21 16:00:00+00:00,88.01599884033203,88.04900360107422,87.91100311279297,87.96199798583984,0,0.015
2025-07-21 20:00:00+00:00,87.96499633789062,88.05899810791016,87.7979965209961,87.9739990234375,0,0.015
2025-07-22 00:00:00+00:00,87.97699737548828,88.08799743652344,87.84400177001953,87.94400024414062,0,0.015
2025-07-22 04:00:00+00:00,87.94200134277344,88.02899932861328,87.75499725341797,87.75700378417969,0,0.015
2025-07-22 08:00:00+00:00,87.76000213623047,87.88200378417969,87.64399719238281,87.69599914550781,0,0.015
2025-07-22 12:00:00+00:00,87.7030029296875,87.83899688720703,87.43699645996094,87.81199645996094,0,0.015
2025-07-22 16:00:00+00:00,87.80999755859375,87.98100280761719,87.80999755859375,87.95600128173828,0,0.015
2025-07-22 20:00:00+00:00,87.96600341796875,88.1729965209961,87.81300354003906,88.02200317382812,0,0.015
2025-07-23 00:00:00+00:00,88.02999877929688,88.33699798583984,87.76399993896484,88.24800109863281,0,0.015
2025-07-23 04:00:00+00:00,88.24800109863281,88.56800079345703,88.24800109863281,88.50599670410156,0,0.015
2025-07-23 08:00:00+00:00,88.50499725341797,88.63899993896484,88.3239974975586,88.36000061035156,0,0.015
2025-07-23 12:00:00+00:00,88.36000061035156,88.56099700927734,88.29100036621094,88.47599792480469,0,0.015
2025-07-23 16:00:00+00:00,88.47799682617188,88.5719985961914,88.33200073242188,88.53500366210938,0,0.015
2025-07-23 20:00:00+00:00,88.53299713134766,88.5790023803711,88.40899658203125,88.49500274658203,0,0.015
2025-07-24 00:00:00+00:00,88.5,88.54199981689453,88.2770004272461,88.36000061035156,0,0.015
2025-07-24 04:00:00+00:00,88.36199951171875,88.5790023803711,88.31300354003906,88.55699920654297,0,0.015
2025-07-24 08:00:00+00:00,88.55500030517578,88.75900268554688,88.50599670410156,88.63500213623047,0,0.015
2025-07-24 12:00:00+00:00,88.63700103759766,88.76399993896484,88.56800079345703,88.73699951171875,0,0.015
2025-07-24 16:00:00+00:00,88.73799896240234,88.76399993896484,88.63300323486328,88.66999816894531,0,0.015
2025-07-24 20:00:00+00:00,88.66899871826172,88.75900268554688,88.53700256347656,88.72000122070312,0,0.015
2025-07-25 00:00:00+00:00,88.72000122070312,88.89299774169922,88.71399688720703,88.74099731445312,0,0.015
2025-07-25 04:00:00+00:00,88.73899841308594,88.76200103759766,88.51300048828125,88.5999984741211,0,0.015
2025-07-25 08:00:00+00:00,88.5989990234375,88.87699890136719,88.59200286865234,88.8219985961914,0,0.015
2025-07-25 12:00:00+00:00,88.8219985961914,88.83100128173828,88.64700317382812,88.75499725341797,0,0.015
2025-07-25 16:00:00+00:00,88.75399780273438,88.81500244140625,88.72000122070312,88.79199981689453,0,0.015
2025-07-25 20:00:00+00:00,88.78900146484375,88.85199737548828,88.77100372314453,88.84200286865234,0,0.015
2025-07-27 20:00:00+00:00,88.97000122070312,89.0199966430664,88.93299865722656,88.93800354003906,0,0.015
2025-07-28 00:00:00+00:00,88.94200134277344,89.06300354003906,88.81300354003906,88.83899688720703,0,0.015
2025-07-28 04:00:00+00:00,88.83799743652344,88.9010009765625,88.56400299072266,88.5739974975586,0,0.015
2025-07-28 08:00:00+00:00,88.57499694824219,88.75800323486328,88.51699829101562,88.61000061035156,0,0.015
2025-07-28 12:00:00+00:00,88.60900115966797,88.73799896240234,88.49400329589844,88.65599822998047,0,0.015
2025-07-28 16:00:00+00:00,88.65899658203125,88.70099639892578,88.59100341796875,88.69999694824219,0,0.015
2025-07-28 20:00:00+00:00,88.69999694824219,88.74600219726562,88.5989990234375,88.65599822998047,0,0.015
2025-07-29 00:00:00+00:00,88.65799713134766,88.73300170898438,88.49299621582031,88.52999877929688,0,0.015
2025-07-29 04:00:00+00:00,88.5270004272461,88.58799743652344,88.375,88.38300323486328,0,0.015
2025-07-29 08:00:00+00:00,88.38500213623047,88.58599853515625,88.33699798583984,88.4520034790039,0,0.015
2025-07-29 12:00:00+00:00,88.4469985961914,88.47799682617188,88.33499908447266,88.447998046875,0,0.015
2025-07-29 16:00:00+00:00,88.44400024414062,88.48600006103516,88.37799835205078,88.43900299072266,0,0.015
2025-07-29 20:00:00+00:00,88.44200134277344,88.45800018310547,88.33499908447266,88.37100219726562,0,0.015
2025-07-30 00:00:00+00:00,88.37699890136719,88.45500183105469,88.22599792480469,88.27899932861328,0,0.015
2025-07-30 04:00:00+00:00,88.2770004272461,88.35099792480469,88.14600372314453,88.20899963378906,0,0.015
2025-07-30 08:00:00+00:00,88.21099853515625,88.23300170898438,88.09500122070312,88.18099975585938,0,0.015
2025-07-30 12:00:00+00:00,88.18199920654297,88.26200103759766,88.0469970703125,88.11399841308594,0,0.015
2025-07-30 16:00:00+00:00,88.11199951171875,88.18499755859375,87.89900207519531,88.00900268554688,0,0.015
2025-07-30 20:00:00+00:00,88.01200103759766,88.2249984741211,87.99400329589844,88.14800262451172,0,0.015
2025-07-31 00:00:00+00:00,88.1449966430664,88.22799682617188,87.85299682617188,87.98600006103516,0,0.015
2025-07-31 04:00:00+00:00,87.98400115966797,88.60299682617188,87.98400115966797,88.44999694824219,0,0.015
2025-07-31 08:00:00+00:00,88.4469985961914,88.59400177001953,88.35600280761719,88.54900360107422,0,0.015
2025-07-31 12:00:00+00:00,88.5510025024414,88.875,88.49400329589844,88.74299621582031,0,0.015
2025-07-31 16:00:00+00:00,88.74299621582031,88.9010009765625,88.68000030517578,88.81700134277344,0,0.015
2025-07-31 20:00:00+00:00,88.81800079345703,88.875,88.68399810791016,88.77999877929688,0,0.015
2025-08-01 00:00:00+00:00,88.77999877929688,88.85199737548828,88.55999755859375,88.56999969482422,0,0.015
2025-08-01 04:00:00+00:00,88.56999969482422,88.61799621582031,88.28500366210938,88.33200073242188,0,0.015
2025-08-01 08:00:00+00:00,88.33300018310547,88.39399719238281,88.13899993896484,88.25399780273438,0,0.015
2025-08-01 12:00:00+00:00,88.25800323486328,88.2750015258789,87.26599884033203,87.49700164794922,0,0.015
2025-08-01 16:00:00+00:00,87.49700164794922,87.51399993896484,87.0459976196289,87.125,0,0.015
2025-08-01 20:00:00+00:00,87.125,87.2699966430664,87.09400177001953,87.21800231933594,0,0.015
2025-08-03 20:00:00+00:00,86.99800109863281,87.1520004272461,86.97899627685547,87.14199829101562,0,0.015
2025-08-04 00:00:00+00:00,87.14199829101562,87.51599884033203,87.08699798583984,87.39600372314453,0,0.015
2025-08-04 04:00:00+00:00,87.39900207519531,87.4530029296875,87.25800323486328,87.3489990234375,0,0.015
2025-08-04 08:00:00+00:00,87.35099792480469,87.45999908447266,87.22799682617188,87.23200225830078,0,0.015
2025-08-04 12:00:00+00:00,87.23400115966797,87.2750015258789,86.86199951171875,86.86499786376953,0,0.015
2025-08-04 16:00:00+00:00,86.86799621582031,86.91699981689453,86.65899658203125,86.78500366210938,0,0.015
2025-08-04 20:00:00+00:00,86.78800201416016,86.9800033569336,86.75299835205078,86.83999633789062,0,0.015
2025-08-05 00:00:00+00:00,86.84300231933594,86.9520034790039,86.75700378417969,86.77300262451172,0,0.015
2025-08-05 04:00:00+00:00,86.77400207519531,86.91400146484375,86.66200256347656,86.84600067138672,0,0.015
2025-08-05 08:00:00+00:00,86.8489990234375,87.0479965209961,86.79900360107422,86.95500183105469,0,0.015
2025-08-05 12:00:00+00:00,86.95700073242188,87.09200286865234,86.79399871826172,87.00199890136719,0,0.015
2025-08-05 16:00:00+00:00,87.0009994506836,87.09400177001953,86.96600341796875,86.99700164794922,0,0.015
2025-08-05 20:00:00+00:00,86.99800109863281,87.24700164794922,86.94300079345703,87.15599822998047,0,0.015
2025-08-06 00:00:00+00:00,87.15299987792969,87.38999938964844,87.13999938964844,87.28399658203125,0,0.015
2025-08-06 04:00:00+00:00,87.28800201416016,87.45999908447266,87.22000122070312,87.41799926757812,0,0.015
2025-08-06 08:00:00+00:00,87.41999816894531,87.57599639892578,87.39399719238281,87.52100372314453,0,0.015
2025-08-06 12:00:00+00:00,87.52200317382812,87.5270004272461,87.24400329589844,87.42500305175781,0,0.015
2025-08-06 16:00:00+00:00,87.4280014038086,87.45899963378906,87.24099731445312,87.29399871826172,0,0.015
2025-08-06 20:00:00+00:00,87.29299926757812,87.5,87.22899627685547,87.2509994506836,0,0.015
2025-08-07 00:00:00+00:00,87.25299835205078,87.69499969482422,87.23799896240234,87.68399810791016,0,0.015
2025-08-07 04:00:00+00:00,87.68499755859375,87.73600006103516,87.41799926757812,87.54900360107422,0,0.015
2025-08-07 08:00:00+00:00,87.5459976196289,87.79299926757812,87.53600311279297,87.66000366210938,0,0.015
2025-08-07 12:00:00+00:00,87.65799713134766,87.75199890136719,87.51000213623047,87.58300018310547,0,0.015
2025-08-07 16:00:00+00:00,87.58100128173828,87.68499755859375,87.51300048828125,87.5999984741211,0,0.015
2025-08-07 20:00:00+00:00,87.60399627685547,87.72000122070312,87.53700256347656,87.62300109863281,0,0.015
2025-08-08 00:00:00+00:00,87.61699676513672,87.83899688720703,87.59200286865234,87.72899627685547,0,0.015
2025-08-08 04:00:00+00:00,87.73100280761719,87.9000015258789,87.66300201416016,87.8499984741211,0,0.015
2025-08-08 08:00:00+00:00,87.8479995727539,88.07599639892578,87.79499816894531,88.01300048828125,0,0.015
2025-08-08 12:00:00+00:00,88.01000213623047,88.12799835205078,87.90299987792969,87.94300079345703,0,0.015
2025-08-08 16:00:00+00:00,87.94000244140625,88.00499725341797,87.87100219726562,87.91100311279297,0,0.015
2025-08-08 20:00:00+00:00,87.91000366210938,87.98100280761719,87.87999725341797,87.94100189208984,0,0.015
2025-08-10 20:00:00+00:00,87.9280014038086,87.9469985961914,87.80500030517578,87.80599975585938,0,0.015
2025-08-11 00:00:00+00:00,87.80999755859375,87.90699768066406,87.7699966430664,87.84600067138672,0,0.015
2025-08-11 04:00:00+00:00,87.84300231933594,87.87100219726562,87.53800201416016,87.55500030517578,0,0.015
2025-08-11 08:00:00+00:00,87.55599975585938,87.81800079345703,87.53900146484375,87.71499633789062,0,0.015
2025-08-11 12:00:00+00:00,87.71099853515625,87.8270034790039,87.62899780273438,87.81900024414062,0,0.015
2025-08-11 16:00:00+00:00,87.8239974975586,87.99400329589844,87.78800201416016,87.9739990234375,0,0.015
2025-08-11 20:00:00+00:00,87.9749984741211,88.03900146484375,87.86199951171875,87.98300170898438,0,0.015
2025-08-12 00:00:00+00:00,87.98500061035156,88.2020034790039,87.97200012207031,88.10700225830078,0,0.015
2025-08-12 04:00:00+00:00,88.10800170898438,88.11900329589844,87.83200073242188,87.97100067138672,0,0.015
2025-08-12 08:00:00+00:00,87.97200012207031,87.9990005493164,87.78800201416016,87.84700012207031,0,0.015
2025-08-12 12:00:00+00:00,87.8489990234375,88.16699981689453,87.7969970703125,88.02799987792969,0,0.015
2025-08-12 16:00:00+00:00,88.02899932861328,88.04000091552734,87.9209976196289,87.95999908447266,0,0.015
2025-08-12 20:00:00+00:00,87.9520034790039,88.08999633789062,87.91100311279297,88.02999877929688,0,0.015
2025-08-13 00:00:00+00:00,88.03199768066406,88.2509994506836,87.91799926757812,88.18199920654297,0,0.015
2025-08-13 04:00:00+00:00,88.1760025024414,88.3499984741211,88.06700134277344,88.26000213623047,0,0.015
2025-08-13 08:00:00+00:00,88.26100158691406,88.30000305175781,88.08000183105469,88.18299865722656,0,0.015
2025-08-13 12:00:00+00:00,88.18099975585938,88.197998046875,87.94000244140625,87.98899841308594,0,0.015
2025-08-13 16:00:00+00:00,87.99099731445312,88.08100128173828,87.98699951171875,88.04399871826172,0,0.015
2025-08-13 20:00:00+00:00,88.04299926757812,88.11000061035156,87.9469985961914,87.9749984741211,0,0.015
2025-08-14 00:00:00+00:00,87.9739990234375,87.97599792480469,87.54000091552734,87.54499816894531,0,0.015
2025-08-14 04:00:00+00:00,87.54199981689453,87.55400085449219,87.16799926757812,87.24800109863281,0,0.015
2025-08-14 08:00:00+00:00,87.24800109863281,87.29000091552734,87.14299774169922,87.14700317382812,0,0.015
2025-08-14 12:00:00+00:00,87.14900207519531,87.50700378417969,87.0989990234375,87.35199737548828,0,0.015
2025-08-14 16:00:00+00:00,87.3489990234375,87.51000213623047,87.34500122070312,87.47100067138672,0,0.015
2025-08-14 20:00:00+00:00,87.46800231933594,87.56500244140625,87.37699890136719,87.43000030517578,0,0.015
2025-08-15 00:00:00+00:00,87.43499755859375,87.46600341796875,87.04199981689453,87.20800018310547,0,0.015
2025-08-15 04:00:00+00:00,87.20700073242188,87.2229995727539,87.05999755859375,87.1500015258789,0,0.015
2025-08-15 08:00:00+00:00,87.1500015258789,87.15699768066406,86.9739990234375,87.12100219726562,0,0.015
2025-08-15 12:00:00+00:00,87.12000274658203,87.24500274658203,87.05699920654297,87.14900207519531,0,0.015
2025-08-15 16:00:00+00:00,87.1520004272461,87.28700256347656,87.14399719238281,87.2249984741211,0,0.015
2025-08-15 20:00:00+00:00,87.2249984741211,87.2490005493164,87.09600067138672,87.16500091552734,0,0.015
2025-08-17 20:00:00+00:00,87.25199890136719,87.33999633789062,87.24700164794922,87.28500366210938,0,0.015
2025-08-18 00:00:00+00:00,87.28600311279297,87.56900024414062,87.27999877929688,87.44599914550781,0,0.015
2025-08-18 04:00:00+00:00,87.44400024414062,87.5979995727539,87.3550033569336,87.48999786376953,0,0.015
2025-08-18 08:00:00+00:00,87.49099731445312,87.58100128173828,87.427001953125,87.55500030517578,0,0.015
2025-08-18 12:00:00+00:00,87.55400085449219,87.69300079345703,87.43900299072266,87.51100158691406,0,0.015
2025-08-18 16:00:00+00:00,87.51399993896484,87.60800170898438,87.45500183105469,87.55999755859375,0,0.015
2025-08-18 20:00:00+00:00,87.55799865722656,87.64800262451172,87.46399688720703,87.61299896240234,0,0.015
2025-08-19 00:00:00+00:00,87.61000061035156,87.68699645996094,87.44100189208984,87.54900360107422,0,0.015
2025-08-19 04:00:00+00:00,87.55000305175781,87.6050033569336,87.34200286865234,87.45899963378906,0,0.015
2025-08-19 08:00:00+00:00,87.4530029296875,87.53700256347656,87.33999633789062,87.5270004272461,0,0.015
2025-08-19 12:00:00+00:00,87.52300262451172,87.58999633789062,87.14700317382812,87.15299987792969,0,0.015
2025-08-19 16:00:00+00:00,87.1520004272461,87.16400146484375,86.89099884033203,86.99099731445312,0,0.015
2025-08-19 20:00:00+00:00,87.01100158691406,87.125,86.93199920654297,87.12100219726562,0,0.015
2025-08-20 00:00:00+00:00,87.11599731445312,87.13800048828125,85.85199737548828,85.97100067138672,0,0.015
2025-08-20 04:00:00+00:00,85.97000122070312,86.11900329589844,85.71900177001953,85.96499633789062,0,0.015
2025-08-20 08:00:00+00:00,85.96399688720703,86.03800201416016,85.79399871826172,85.8949966430664,0,0.015
2025-08-20 12:00:00+00:00,85.89199829101562,86.0479965209961,85.55000305175781,85.6780014038086,0,0.015
2025-08-20 16:00:00+00:00,85.67900085449219,85.86000061035156,85.6760025024414,85.81300354003906,0,0.015
2025-08-20 20:00:00+00:00,85.81199645996094,85.88600158691406,85.68499755859375,85.83599853515625,0,0.015
2025-08-21 00:00:00+00:00,85.83599853515625,85.97200012207031,85.70999908447266,85.75299835205078,0,0.015
2025-08-21 04:00:00+00:00,85.75299835205078,85.93900299072266,85.69999694824219,85.9010009765625,0,0.015
2025-08-21 08:00:00+00:00,85.9000015258789,86.20600128173828,85.85600280761719,86.09500122070312,0,0.015
2025-08-21 12:00:00+00:00,86.09600067138672,86.33100128173828,85.95600128173828,86.28199768066406,0,0.015
2025-08-21 16:00:00+00:00,86.27899932861328,86.35900115966797,86.20500183105469,86.28099822998047,0,0.015
2025-08-21 20:00:00+00:00,86.27899932861328,86.4209976196289,86.17400360107422,86.3759994506836,0,0.015
2025-08-22 00:00:00+00:00,86.375,86.45500183105469,86.23400115966797,86.41500091552734,0,0.015
2025-08-22 04:00:00+00:00,86.41600036621094,86.45700073242188,86.1259994506836,86.3270034790039,0,0.015
2025-08-22 08:00:00+00:00,86.33000183105469,86.41799926757812,86.25299835205078,86.35600280761719,0,0.015
2025-08-22 12:00:00+00:00,86.36000061035156,86.45099639892578,85.98500061035156,86.04199981689453,0,0.015
2025-08-22 16:00:00+00:00,86.04199981689453,86.21299743652344,86.03099822998047,86.19499969482422,0,0.015
2025-08-22 20:00:00+00:00,86.19300079345703,86.23699951171875,86.14900207519531,86.21800231933594,0,0.015
2025-08-24 20:00:00+00:00,86.23699951171875,86.40899658203125,86.23200225830078,86.3550033569336,0,0.015
2025-08-25 00:00:00+00:00,86.35900115966797,86.49299621582031,86.26599884033203,86.3740005493164,0,0.015
2025-08-25 04:00:00+00:00,86.37699890136719,86.52300262451172,86.3219985961914,86.39800262451172,0,0.015
2025-08-25 08:00:00+00:00,86.39600372314453,86.51499938964844,86.31199645996094,86.51000213623047,0,0.015
2025-08-25 12:00:00+00:00,86.51000213623047,86.6500015258789,86.41799926757812,86.58599853515625,0,0.015
2025-08-25 16:00:00+00:00,86.58499908447266,86.59500122070312,86.40599822998047,86.40899658203125,0,0.015
2025-08-25 20:00:00+00:00,86.41000366210938,86.52999877929688,86.33200073242188,86.44000244140625,0,0.015
2025-08-26 00:00:00+00:00,86.44400024414062,86.46399688720703,85.99299621582031,86.15899658203125,0,0.015
2025-08-26 04:00:00+00:00,86.16100311279297,86.37799835205078,86.14900207519531,86.29199981689453,0,0.015
2025-08-26 08:00:00+00:00,86.28900146484375,86.39299774169922,86.13899993896484,86.34600067138672,0,0.015
2025-08-26 12:00:00+00:00,86.34400177001953,86.51000213623047,86.2699966430664,86.37899780273438,0,0.015
2025-08-26 16:00:00+00:00,86.37699890136719,86.44499969482422,86.28600311279297,86.3759994506836,0,0.015
2025-08-26 20:00:00+00:00,86.37200164794922,86.44200134277344,86.19400024414062,86.36699676513672,0,0.015
2025-08-27 00:00:00+00:00,86.36900329589844,86.49800109863281,86.31900024414062,86.43599700927734,0,0.015
2025-08-27 04:00:00+00:00,86.44000244140625,86.49199676513672,86.17900085449219,86.19300079345703,0,0.015
2025-08-27 08:00:00+00:00,86.19599914550781,86.2979965209961,86.15899658203125,86.24199676513672,0,0.015
2025-08-27 12:00:00+00:00,86.23999786376953,86.38700103759766,86.18499755859375,86.3759994506836,0,0.015
2025-08-27 16:00:00+00:00,86.37699890136719,86.43499755859375,86.3280029296875,86.39600372314453,0,0.015
2025-08-27 20:00:00+00:00,86.38400268554688,86.4209976196289,86.17500305175781,86.34700012207031,0,0.015
2025-08-28 00:00:00+00:00,86.34300231933594,86.46099853515625,86.23400115966797,86.26000213623047,0,0.015
2025-08-28 04:00:00+00:00,86.25199890136719,86.3489990234375,86.12000274658203,86.26100158691406,0,0.015
2025-08-28 08:00:00+00:00,86.26100158691406,86.3759994506836,86.20800018310547,86.28800201416016,0,0.015
2025-08-28 12:00:00+00:00,86.29100036621094,86.50900268554688,86.23899841308594,86.47200012207031,0,0.015
2025-08-28 16:00:00+00:00,86.4739990234375,86.50399780273438,86.38200378417969,86.4530029296875,0,0.015
2025-08-28 20:00:00+00:00,86.45700073242188,86.49800109863281,86.31700134277344,86.37999725341797,0,0.015
2025-08-29 00:00:00+00:00,86.37799835205078,86.61599731445312,86.36799621582031,86.5719985961914,0,0.015
2025-08-29 04:00:00+00:00,86.56800079345703,86.72000122070312,86.50800323486328,86.68000030517578,0,0.015
2025-08-29 08:00:00+00:00,86.6760025024414,86.68900299072266,86.55799865722656,86.65799713134766,0,0.015
2025-08-29 12:00:00+00:00,86.65799713134766,86.77200317382812,86.5780029296875,86.66200256347656,0,0.015
2025-08-29 16:00:00+00:00,86.66100311279297,86.75399780273438,86.63300323486328,86.697998046875,0,0.015
2025-08-29 20:00:00+00:00,86.69300079345703,86.71900177001953,86.59500122070312,86.70600128173828,0,0.015
2025-08-31 20:00:00+00:00,86.7239990234375,86.76200103759766,86.70700073242188,86.73500061035156,0,0.015
2025-09-01 00:00:00+00:00,86.73999786376953,86.99500274658203,86.72699737548828,86.7509994506836,0,0.015
2025-09-01 04:00:00+00:00,86.75399780273438,86.8010025024414,86.58399963378906,86.78500366210938,0,0.015
2025-09-01 08:00:00+00:00,86.78700256347656,86.97699737548828,86.7750015258789,86.89199829101562,0,0.015
2025-09-01 12:00:00+00:00,86.89199829101562,86.97100067138672,86.81800079345703,86.89199829101562,0,0.015
2025-09-01 16:00:00+00:00,86.89399719238281,86.89600372314453,86.82099914550781,86.88999938964844,0,0.015
2025-09-01 20:00:00+00:00,86.88800048828125,86.8949966430664,86.79499816894531,86.8479995727539,0,0.015
2025-09-02 00:00:00+00:00,86.85299682617188,87.04199981689453,86.83499908447266,86.9530029296875,0,0.015
2025-09-02 04:00:00+00:00,86.9530029296875,87.16699981689453,86.89900207519531,86.98999786376953,0,0.015
2025-09-02 08:00:00+00:00,86.98999786376953,87.05699920654297,86.86299896240234,87.00800323486328,0,0.015
2025-09-02 12:00:00+00:00,87.01100158691406,87.052001953125,86.79399871826172,86.89299774169922,0,0.015
2025-09-02 16:00:00+00:00,86.89299774169922,87.03800201416016,86.89099884033203,86.98799896240234,0,0.015
2025-09-02 20:00:00+00:00,86.99099731445312,87.10099792480469,86.88700103759766,87.0790023803711,0,0.015
2025-09-03 00:00:00+00:00,87.08200073242188,87.2509994506836,86.98799896240234,87.23500061035156,0,0.015
2025-09-03 04:00:00+00:00,87.23200225830078,87.26000213623047,86.93199920654297,87.12100219726562,0,0.015
2025-09-03 08:00:00+00:00,87.11799621582031,87.20899963378906,87.03399658203125,87.16500091552734,0,0.015
2025-09-03 12:00:00+00:00,87.16200256347656,87.27400207519531,86.98799896240234,86.9990005493164,0,0.015
2025-09-03 16:00:00+00:00,86.99099731445312,87.03600311279297,86.89399719238281,86.98999786376953,0,0.015
2025-09-03 20:00:00+00:00,86.98999786376953,87.10299682617188,86.93900299072266,87.01499938964844,0,0.015
2025-09-04 00:00:00+00:00,87.01499938964844,87.13200378417969,86.99299621582031,87.06199645996094,0,0.015
2025-09-04 04:00:00+00:00,87.06099700927734,87.0989990234375,86.90899658203125,87.00199890136719,0,0.015
2025-09-04 08:00:00+00:00,87.00299835205078,87.04499816894531,86.83499908447266,86.86399841308594,0,0.015
2025-09-04 12:00:00+00:00,86.86399841308594,86.96600341796875,86.65799713134766,86.74700164794922,0,0.015
2025-09-04 16:00:00+00:00,86.74400329589844,86.7959976196289,86.70999908447266,86.78700256347656,0,0.015
2025-09-04 20:00:00+00:00,86.78099822998047,86.83599853515625,86.65399932861328,86.83300018310547,0,0.015
2025-09-05 00:00:00+00:00,86.83399963378906,86.89900207519531,86.74600219726562,86.88899993896484,0,0.015
2025-09-05 04:00:00+00:00,86.89099884033203,87.10099792480469,86.822998046875,87.0989990234375,0,0.015
2025-09-05 08:00:00+00:00,87.0979995727539,87.10900115966797,87.01899719238281,87.02999877929688,0,0.015
2025-09-05 12:00:00+00:00,87.02999877929688,87.1050033569336,86.62100219726562,86.74700164794922,0,0.015
2025-09-05 16:00:00+00:00,86.75,86.8499984741211,86.72100067138672,86.84100341796875,0,0.015
2025-09-05 20:00:00+00:00,86.84100341796875,86.90699768066406,86.80599975585938,86.90699768066406,0,0.015
2025-09-07 20:00:00+00:00,87.31999969482422,87.38600158691406,87.25499725341797,87.3270034790039,0,0.015
2025-09-08 00:00:00+00:00,87.33000183105469,87.46900177001953,87.27999877929688,87.4209976196289,0,0.015
2025-09-08 04:00:00+00:00,87.4229965209961,87.51000213623047,87.36199951171875,87.42500305175781,0,0.015
2025-09-08 08:00:00+00:00,87.42500305175781,87.74600219726562,87.41000366210938,87.73500061035156,0,0.015
2025-09-08 12:00:00+00:00,87.73400115966797,87.78800201416016,87.61699676513672,87.65499877929688,0,0.015
2025-09-08 16:00:00+00:00,87.65299987792969,87.66400146484375,87.52300262451172,87.572998046875,0,0.015
2025-09-08 20:00:00+00:00,87.5780029296875,87.64299774169922,87.49500274658203,87.61199951171875,0,0.015
2025-09-09 00:00:00+00:00,87.60600280761719,87.64800262451172,87.48100280761719,87.5790023803711,0,0.015
2025-09-09 04:00:00+00:00,87.5790023803711,87.59300231933594,87.4280014038086,87.51300048828125,0,0.015
2025-09-09 08:00:00+00:00,87.51499938964844,87.56700134277344,87.15599822998047,87.29299926757812,0,0.015
2025-09-09 12:00:00+00:00,87.29100036621094,87.36699676513672,87.21199798583984,87.30000305175781,0,0.015
2025-09-09 16:00:00+00:00,87.302001953125,87.35800170898438,87.29199981689453,87.33999633789062,0,0.015
2025-09-09 20:00:00+00:00,87.33100128173828,87.41000366210938,87.25499725341797,87.3499984741211,0,0.015
2025-09-10 00:00:00+00:00,87.3489990234375,87.572998046875,87.31500244140625,87.56800079345703,0,0.015
2025-09-10 04:00:00+00:00,87.57099914550781,87.73699951171875,87.55999755859375,87.64700317382812,0,0.015
2025-09-10 08:00:00+00:00,87.64900207519531,87.71399688720703,87.53099822998047,87.63999938964844,0,0.015
2025-09-10 12:00:00+00:00,87.64199829101562,87.85600280761719,87.53800201416016,87.73799896240234,0,0.015
2025-09-10 16:00:00+00:00,87.73799896240234,87.75,87.53299713134766,87.58399963378906,0,0.015
2025-09-10 20:00:00+00:00,87.58499908447266,87.64800262451172,87.45500183105469,87.56800079345703,0,0.015
2025-09-11 00:00:00+00:00,87.56700134277344,87.62799835205078,87.50199890136719,87.56600189208984,0,0.015
2025-09-11 04:00:00+00:00,87.56199645996094,87.6989974975586,87.47599792480469,87.66300201416016,0,0.015
2025-09-11 08:00:00+00:00,87.66100311279297,87.76100158691406,87.5770034790039,87.68399810791016,0,0.015
2025-09-11 12:00:00+00:00,87.68199920654297,87.89199829101562,87.52400207519531,87.8759994506836,0,0.015
2025-09-11 16:00:00+00:00,87.875,87.99199676513672,87.80799865722656,87.94100189208984,0,0.015
2025-09-11 20:00:00+00:00,87.94200134277344,88.01699829101562,87.85199737548828,88.0009994506836,0,0.015
2025-09-12 00:00:00+00:00,87.9990005493164,88.08399963378906,87.91699981689453,88.02999877929688,0,0.015
2025-09-12 04:00:00+00:00,88.03199768066406,88.09300231933594,87.90599822998047,88.01499938964844,0,0.015
2025-09-12 08:00:00+00:00,88.01300048828125,88.1240005493164,87.91400146484375,87.9739990234375,0,0.015
2025-09-12 12:00:00+00:00,87.97599792480469,87.99299621582031,87.86599731445312,87.9229965209961,0,0.015
2025-09-12 16:00:00+00:00,87.9219970703125,87.93599700927734,87.84500122070312,87.91799926757812,0,0.015
2025-09-12 20:00:00+00:00,87.91699981689453,87.95700073242188,87.87999725341797,87.93299865722656,0,0.015
2025-09-14 20:00:00+00:00,87.93499755859375,87.94000244140625,87.87000274658203,87.9219970703125,0,0.015
2025-09-15 00:00:00+00:00,87.91999816894531,87.98400115966797,87.83799743652344,87.9020004272461,0,0.015
2025-09-15 04:00:00+00:00,87.90399932861328,87.93599700927734,87.8239974975586,87.9260025024414,0,0.015
2025-09-15 08:00:00+00:00,87.927001953125,87.93000030517578,87.73899841308594,87.87200164794922,0,0.015
2025-09-15 12:00:00+00:00,87.8759994506836,87.94599914550781,87.78700256347656,87.9219970703125,0,0.015
2025-09-15 16:00:00+00:00,87.92500305175781,87.99800109863281,87.86599731445312,87.9800033569336,0,0.015
2025-09-15 20:00:00+00:00,87.9800033569336,88.0250015258789,87.9000015258789,87.9729995727539,0,0.015
2025-09-16 00:00:00+00:00,87.90599822998047,87.94400024414062,87.66000366210938,87.76599884033203,0,0.015
2025-09-16 04:00:00+00:00,87.76699829101562,87.7760009765625,87.5999984741211,87.71099853515625,0,0.015
2025-09-16 08:00:00+00:00,87.7040023803711,87.8759994506836,87.67400360107422,87.83000183105469,0,0.015
2025-09-16 12:00:00+00:00,87.83100128173828,87.87999725341797,87.53199768066406,87.61499786376953,0,0.015
2025-09-16 16:00:00+00:00,87.61499786376953,87.68099975585938,87.57499694824219,87.66999816894531,0,0.015
2025-09-16 20:00:00+00:00,87.6709976196289,87.74199676513672,87.51499938964844,87.6780014038086,0,0.015
2025-09-17 00:00:00+00:00,87.67500305175781,87.69499969482422,87.55699920654297,87.58200073242188,0,0.015
2025-09-17 04:00:00+00:00,87.58200073242188,87.5989990234375,87.43599700927734,87.57099914550781,0,0.015
2025-09-17 08:00:00+00:00,87.56600189208984,87.58000183105469,87.3550033569336,87.50900268554688,0,0.015
2025-09-17 12:00:00+00:00,87.50900268554688,87.65399932861328,87.34500122070312,87.37799835205078,0,0.015
2025-09-17 16:00:00+00:00,87.3759994506836,87.63099670410156,87.26599884033203,87.5790023803711,0,0.015
2025-09-17 20:00:00+00:00,87.5790023803711,87.68699645996094,87.11299896240234,87.15599822998047,0,0.015
2025-09-18 00:00:00+00:00,87.15399932861328,87.21399688720703,86.93299865722656,87.13300323486328,0,0.015
2025-09-18 04:00:00+00:00,87.13500213623047,87.1709976196289,86.86799621582031,86.95500183105469,0,0.015
2025-09-18 08:00:00+00:00,86.95500183105469,87.06300354003906,86.83000183105469,87.03099822998047,0,0.015
2025-09-18 12:00:00+00:00,87.03199768066406,87.18499755859375,86.94599914550781,86.9800033569336,0,0.015
2025-09-18 16:00:00+00:00,86.9800033569336,87.02100372314453,86.93199920654297,86.9990005493164,0,0.015
2025-09-18 20:00:00+00:00,86.9990005493164,87.19000244140625,86.95099639892578,87.13999938964844,0,0.015
2025-09-19 00:00:00+00:00,87.14099884033203,87.15899658203125,86.72000122070312,86.8030014038086,0,0.015
2025-09-19 04:00:00+00:00,86.8030014038086,86.9000015258789,86.47899627685547,86.85700225830078,0,0.015
2025-09-19 08:00:00+00:00,86.85900115966797,86.95999908447266,86.78399658203125,86.84500122070312,0,0.015
2025-09-19 12:00:00+00:00,86.84500122070312,86.84500122070312,86.58300018310547,86.58699798583984,0,0.015
2025-09-19 16:00:00+00:00,86.58899688720703,86.69499969482422,86.58000183105469,86.6520004272461,0,0.015
2025-09-19 20:00:00+00:00,86.65699768066406,86.6729965209961,86.59600067138672,86.66200256347656,0,0.015
2025-09-21 20:00:00+00:00,86.677001953125,86.68800354003906,86.63500213623047,86.64399719238281,0,0.015
2025-09-22 00:00:00+00:00,86.64399719238281,86.96099853515625,86.60800170898438,86.927001953125,0,0.015
2025-09-22 04:00:00+00:00,86.92900085449219,86.93599700927734,86.48799896240234,86.56800079345703,0,0.015
2025-09-22 08:00:00+00:00,86.56999969482422,86.69999694824219,86.54199981689453,86.65899658203125,0,0.015
2025-09-22 12:00:00+00:00,86.66200256347656,86.70099639892578,86.56099700927734,86.6510009765625,0,0.015
2025-09-22 16:00:00+00:00,86.64700317382812,86.72899627685547,86.61599731445312,86.71299743652344,0,0.015
2025-09-22 20:00:00+00:00,86.71399688720703,86.76899719238281,86.56099700927734,86.69000244140625,0,0.015
2025-09-23 00:00:00+00:00,86.69200134277344,86.70600128173828,86.4209976196289,86.50700378417969,0,0.015
2025-09-23 04:00:00+00:00,86.50900268554688,86.51899719238281,86.36799621582031,86.4260025024414,0,0.015
2025-09-23 08:00:00+00:00,86.4260025024414,86.68399810791016,86.41799926757812,86.64299774169922,0,0.015
2025-09-23 12:00:00+00:00,86.63700103759766,86.69100189208984,86.46600341796875,86.57499694824219,0,0.015
2025-09-23 16:00:00+00:00,86.57499694824219,86.61000061035156,86.34500122070312,86.47799682617188,0,0.015
2025-09-23 20:00:00+00:00,86.47799682617188,86.50199890136719,86.31800079345703,86.44200134277344,0,0.015
2025-09-24 00:00:00+00:00,86.44200134277344,86.66100311279297,86.33699798583984,86.60700225830078,0,0.015
2025-09-24 04:00:00+00:00,86.60900115966797,86.73600006103516,86.5510025024414,86.65799713134766,0,0.015
2025-09-24 08:00:00+00:00,86.66000366210938,86.70899963378906,86.58699798583984,86.62799835205078,0,0.015
2025-09-24 12:00:00+00:00,86.625,86.72899627685547,86.37899780273438,86.44400024414062,0,0.015
2025-09-24 16:00:00+00:00,86.44599914550781,86.53299713134766,86.40399932861328,86.50700378417969,0,0.015
2025-09-24 20:00:00+00:00,86.51100158691406,86.6449966430664,86.46099853515625,86.51599884033203,0,0.015
2025-09-25 00:00:00+00:00,86.51699829101562,86.64299774169922,86.375,86.62999725341797,0,0.015
2025-09-25 04:00:00+00:00,86.63099670410156,86.63999938964844,86.49800109863281,86.55699920654297,0,0.015
2025-09-25 08:00:00+00:00,86.552001953125,86.71499633789062,86.4729995727539,86.48799896240234,0,0.015
2025-09-25 12:00:00+00:00,86.48699951171875,86.53199768066406,86.22599792480469,86.50599670410156,0,0.015
2025-09-25 16:00:00+00:00,86.50599670410156,86.5469970703125,86.27300262451172,86.31700134277344,0,0.015
2025-09-25 20:00:00+00:00,86.31400299072266,86.47899627685547,86.30699920654297,86.36199951171875,0,0.015
2025-09-26 00:00:00+00:00,86.36399841308594,86.37899780273438,86.25299835205078,86.33300018310547,0,0.015
2025-09-26 04:00:00+00:00,86.33399963378906,86.41999816894531,86.2760009765625,86.3290023803711,0,0.015
2025-09-26 08:00:00+00:00,86.3290023803711,86.36199951171875,86.24400329589844,86.26399993896484,0,0.015
2025-09-26 12:00:00+00:00,86.26399993896484,86.34600067138672,86.21099853515625,86.23300170898438,0,0.015
2025-09-26 16:00:00+00:00,86.23300170898438,86.34100341796875,86.22899627685547,86.33399963378906,0,0.015
2025-09-26 20:00:00+00:00,86.33399963378906,86.3479995727539,86.26799774169922,86.29499816894531,0,0.015
2025-09-28 20:00:00+00:00,86.2979965209961,86.31999969482422,86.23200225830078,86.31500244140625,0,0.015
2025-09-29 00:00:00+00:00,86.31600189208984,86.322998046875,86.03800201416016,86.1449966430664,0,0.015
2025-09-29 04:00:00+00:00,86.14900207519531,86.26000213623047,86.00900268554688,86.07499694824219,0,0.015
2025-09-29 08:00:00+00:00,86.07099914550781,86.08499908447266,85.96499633789062,85.99099731445312,0,0.015
2025-09-29 12:00:00+00:00,85.99099731445312,86.0469970703125,85.85399627685547,85.94400024414062,0,0.015
2025-09-29 16:00:00+00:00,85.93900299072266,85.97200012207031,85.81600189208984,85.87899780273438,0,0.015
2025-09-29 20:00:00+00:00,85.87999725341797,85.94300079345703,85.76200103759766,85.89299774169922,0,0.015
2025-09-30 00:00:00+00:00,85.89600372314453,86.13099670410156,85.8270034790039,85.97599792480469,0,0.015
2025-09-30 04:00:00+00:00,85.97799682617188,86.04299926757812,85.72699737548828,85.86299896240234,0,0.015
2025-09-30 08:00:00+00:00,85.86599731445312,85.89600372314453,85.6500015258789,85.74199676513672,0,0.015
2025-09-30 12:00:00+00:00,85.73600006103516,85.85099792480469,85.6760025024414,85.79100036621094,0,0.015
2025-09-30 16:00:00+00:00,85.79000091552734,85.79399871826172,85.6449966430664,85.70999908447266,0,0.015
2025-09-30 20:00:00+00:00,85.71299743652344,85.78900146484375,85.60800170898438,85.78199768066406,0,0.015
2025-10-01 00:00:00+00:00,85.77899932861328,85.84100341796875,85.59100341796875,85.66200256347656,0,0.015
2025-10-01 04:00:00+00:00,85.66200256347656,85.70600128173828,85.41300201416016,85.48500061035156,0,0.015
2025-10-01 08:00:00+00:00,85.4800033569336,85.5999984741211,85.40499877929688,85.46299743652344,0,0.015
2025-10-01 12:00:00+00:00,85.46499633789062,85.59600067138672,85.37100219726562,85.48699951171875,0,0.015
2025-10-01 16:00:00+00:00,85.48699951171875,85.61599731445312,85.46800231933594,85.5260009765625,0,0.015
2025-10-01 20:00:00+00:00,85.52799987792969,85.63400268554688,85.35800170898438,85.625,0,0.015
2025-10-02 00:00:00+00:00,85.62799835205078,85.80599975585938,85.53900146484375,85.70600128173828,0,0.015
2025-10-02 04:00:00+00:00,85.70999908447266,85.98600006103516,85.68699645996094,85.88999938964844,0,0.015
2025-10-02 08:00:00+00:00,85.89099884033203,85.89099884033203,85.4520034790039,85.5260009765625,0,0.015
2025-10-02 12:00:00+00:00,85.5270004272461,85.70999908447266,85.51699829101562,85.62200164794922,0,0.015
2025-10-02 16:00:00+00:00,85.62300109863281,85.68099975585938,85.58499908447266,85.64299774169922,0,0.015
2025-10-02 20:00:00+00:00,85.64299774169922,85.7229995727539,85.5479965209961,85.63099670410156,0,0.015
2025-10-03 00:00:00+00:00,85.63200378417969,86.00299835205078,85.6259994506836,85.90799713134766,0,0.015
2025-10-03 04:00:00+00:00,85.91100311279297,86.00199890136719,85.86799621582031,85.9469985961914,0,0.015
2025-10-03 08:00:00+00:00,85.94599914550781,85.98300170898438,85.87000274658203,85.91699981689453,0,0.015
2025-10-03 12:00:00+00:00,85.91699981689453,86.01300048828125,85.70700073242188,85.99199676513672,0,0.015
2025-10-03 16:00:00+00:00,85.98999786376953,86.05999755859375,85.93199920654297,86.01799774169922,0,0.015
2025-10-03 20:00:00+00:00,86.01799774169922,86.02200317382812,85.93399810791016,85.98100280761719,0,0.015
2025-10-05 20:00:00+00:00,86.86499786376953,87.1510009765625,86.83200073242188,87.1050033569336,0,0.015
2025-10-06 00:00:00+00:00,87.1050033569336,87.59300231933594,87.02899932861328,87.55899810791016,0,0.015
2025-10-06 04:00:00+00:00,87.55500030517578,87.71499633789062,87.42400360107422,87.427001953125,0,0.015
2025-10-06 08:00:00+00:00,87.42500305175781,87.55999755859375,87.33699798583984,87.50800323486328,0,0.015
2025-10-06 12:00:00+00:00,87.51200103759766,87.63400268554688,87.2490005493164,87.56700134277344,0,0.015
2025-10-06 16:00:00+00:00,87.56500244140625,87.822998046875,87.51899719238281,87.80599975585938,0,0.015
2025-10-06 20:00:00+00:00,87.8030014038086,87.85900115966797,87.62999725341797,87.81300354003906,0,0.015
2025-10-07 00:00:00+00:00,87.81099700927734,87.93299865722656,87.66300201416016,87.6709976196289,0,0.015
2025-10-07 04:00:00+00:00,87.66999816894531,87.68199920654297,87.43199920654297,87.46399688720703,0,0.015
2025-10-07 08:00:00+00:00,87.46299743652344,87.63800048828125,87.41200256347656,87.5989990234375,0,0.015
2025-10-07 12:00:00+00:00,87.59400177001953,87.81199645996094,87.5270004272461,87.74800109863281,0,0.015
2025-10-07 16:00:00+00:00,87.75,88.1050033569336,87.73799896240234,88.04399871826172,0,0.015
2025-10-07 20:00:00+00:00,88.04199981689453,88.2020034790039,87.98799896240234,88.14399719238281,0,0.015
2025-10-08 00:00:00+00:00,88.1449966430664,88.32499694824219,87.47899627685547,87.61599731445312,0,0.015
2025-10-08 04:00:00+00:00,87.61900329589844,87.74099731445312,87.43900299072266,87.72599792480469,0,0.015
2025-10-08 08:00:00+00:00,87.72899627685547,88.26899719238281,87.7030029296875,88.21299743652344,0,0.015
2025-10-08 12:00:00+00:00,88.21199798583984,88.29299926757812,88.06700134277344,88.2229995727539,0,0.015
2025-10-08 16:00:00+00:00,88.22200012207031,88.34100341796875,88.1719970703125,88.302001953125,0,0.015
2025-10-08 20:00:00+00:00,88.302001953125,88.37100219726562,88.20700073242188,88.31800079345703,0,0.015
2025-10-09 00:00:00+00:00,88.30999755859375,88.52300262451172,88.23100280761719,88.4489974975586,0,0.015
2025-10-09 04:00:00+00:00,88.4540023803711,88.5739974975586,88.21600341796875,88.31900024414062,0,0.015
2025-10-09 08:00:00+00:00,88.3239974975586,88.34100341796875,88.05699920654297,88.30699920654297,0,0.015
2025-10-09 12:00:00+00:00,88.30599975585938,88.36599731445312,87.86100006103516,87.90399932861328,0,0.015
2025-10-09 16:00:00+00:00,87.90699768066406,87.96499633789062,87.80500030517578,87.9000015258789,0,0.015
2025-10-09 20:00:00+00:00,87.9000015258789,88.0270004272461,87.8550033569336,88.0199966430664,0,0.015
2025-10-10 00:00:00+00:00,88.01599884033203,88.0530014038086,87.86000061035156,87.88099670410156,0,0.015
2025-10-10 04:00:00+00:00,87.88099670410156,87.99199676513672,87.56999969482422,87.9000015258789,0,0.015
2025-10-10 08:00:00+00:00,87.89900207519531,87.94400024414062,87.71199798583984,87.7490005493164,0,0.015
2025-10-10 12:00:00+00:00,87.75399780273438,87.81800079345703,86.75800323486328,87.08899688720703,0,0.015
2025-10-10 16:00:00+00:00,87.08499908447266,87.14199829101562,86.73999786376953,86.77200317382812,0,0.015
2025-10-10 20:00:00+00:00,86.77300262451172,86.86399841308594,86.41799926757812,86.48600006103516,0,0.015
2025-10-12 20:00:00+00:00,87.10800170898438,87.11299896240234,86.95600128173828,87.06700134277344,0,0.015
2025-10-13 00:00:00+00:00,87.06500244140625,87.28399658203125,86.95899963378906,87.1240005493164,0,0.015
2025-10-13 04:00:00+00:00,87.12300109863281,87.4520034790039,87.03299713134766,87.35700225830078,0,0.015
2025-10-13 08:00:00+00:00,87.35700225830078,87.39700317382812,86.99800109863281,87.00800323486328,0,0.015
2025-10-13 12:00:00+00:00,87.01200103759766,87.31500244140625,86.98200225830078,87.26399993896484,0,0.015
2025-10-13 16:00:00+00:00,87.26300048828125,87.33200073242188,87.21099853515625,87.22100067138672,0,0.015
2025-10-13 20:00:00+00:00,87.2239990234375,87.2490005493164,87.08499908447266,87.1520004272461,0,0.015
2025-10-14 00:00:00+00:00,87.15299987792969,87.3270034790039,86.83300018310547,86.88500213623047,0,0.015
2025-10-14 04:00:00+00:00,86.88400268554688,86.89199829101562,86.32599639892578,86.45800018310547,0,0.015
2025-10-14 08:00:00+00:00,86.4540023803711,86.61100006103516,86.35099792480469,86.51100158691406,0,0.015
2025-10-14 12:00:00+00:00,86.50900268554688,86.83399963378906,86.42500305175781,86.77300262451172,0,0.015
2025-10-14 16:00:00+00:00,86.7760009765625,86.8270034790039,86.56300354003906,86.6259994506836,0,0.015
2025-10-14 20:00:00+00:00,86.62899780273438,86.82499694824219,86.61000061035156,86.65299987792969,0,0.015
2025-10-15 00:00:00+00:00,86.65399932861328,86.72899627685547,86.35700225830078,86.47599792480469,0,0.015
2025-10-15 04:00:00+00:00,86.4739990234375,86.6520004272461,86.37799835205078,86.55400085449219,0,0.015
2025-10-15 08:00:00+00:00,86.5530014038086,86.76000213623047,86.53199768066406,86.70700073242188,0,0.015
2025-10-15 12:00:00+00:00,86.70600128173828,86.77899932861328,86.48600006103516,86.53500366210938,0,0.015
2025-10-15 16:00:00+00:00,86.53099822998047,86.57599639892578,86.23200225830078,86.50700378417969,0,0.015
2025-10-15 20:00:00+00:00,86.50599670410156,86.5469970703125,86.20800018310547,86.28800201416016,0,0.015
2025-10-16 00:00:00+00:00,86.29100036621094,86.68399810791016,86.02200317382812,86.60800170898438,0,0.015
2025-10-16 04:00:00+00:00,86.60800170898438,86.87300109863281,86.59700012207031,86.78299713134766,0,0.015
2025-10-16 08:00:00+00:00,86.78399658203125,86.83100128173828,86.72100067138672,86.802001953125,0,0.015
2025-10-16 12:00:00+00:00,86.802001953125,86.81900024414062,86.37300109863281,86.38899993896484,0,0.015
2025-10-16 16:00:00+00:00,86.38700103759766,86.46900177001953,85.927001953125,86.08599853515625,0,0.015
2025-10-16 20:00:00+00:00,86.08300018310547,86.15399932861328,85.87000274658203,85.97000122070312,0,0.015
2025-10-17 00:00:00+00:00,85.9729995727539,86.18000030517578,85.81300354003906,85.90499877929688,0,0.015
2025-10-17 04:00:00+00:00,85.90299987792969,86.0790023803711,85.34300231933594,85.63700103759766,0,0.015
2025-10-17 08:00:00+00:00,85.63899993896484,86.30599975585938,85.53500366210938,86.06900024414062,0,0.015
2025-10-17 12:00:00+00:00,86.07099914550781,86.22599792480469,85.79900360107422,86.00399780273438,0,0.015
2025-10-17 16:00:00+00:00,86.0009994506836,86.35900115966797,85.99800109863281,86.33899688720703,0,0.015
2025-10-17 20:00:00+00:00,86.33899688720703,86.37100219726562,86.14900207519531,86.2490005493164,0,0.015
2025-10-19 20:00:00+00:00,86.48500061035156,86.52100372314453,86.41100311279297,86.48300170898438,0,0.015
2025-10-20 00:00:00+00:00,86.48500061035156,86.78900146484375,86.4000015258789,86.46399688720703,0,0.015
2025-10-20 04:00:00+00:00,86.46199798583984,86.50800323486328,86.30799865722656,86.4209976196289,0,0.015
2025-10-20 08:00:00+00:00,86.4209976196289,86.54199981689453,86.21800231933594,86.33599853515625,0,0.015
2025-10-20 12:00:00+00:00,86.33799743652344,86.625,86.30699920654297,86.58100128173828,0,0.015
2025-10-20 16:00:00+00:00,86.58100128173828,86.68399810791016,86.55500030517578,86.55899810791016,0,0.015
2025-10-20 20:00:00+00:00,86.55899810791016,86.64800262451172,86.47599792480469,86.61499786376953,0,0.015
2025-10-21 00:00:00+00:00,86.61399841308594,86.73799896240234,86.4749984741211,86.55899810791016,0,0.015
2025-10-21 04:00:00+00:00,86.55699920654297,86.72100067138672,86.37100219726562,86.41000366210938,0,0.015
2025-10-21 08:00:00+00:00,86.41100311279297,86.98400115966797,86.3219985961914,86.95600128173828,0,0.015
2025-10-21 12:00:00+00:00,86.95600128173828,87.21800231933594,86.66300201416016,87.1729965209961,0,0.015
2025-10-21 16:00:00+00:00,87.16999816894531,87.29399871826172,87.14399719238281,87.26000213623047,0,0.015
2025-10-21 20:00:00+00:00,87.26000213623047,87.26899719238281,87.11000061035156,87.197998046875,0,0.015
2025-10-22 00:00:00+00:00,87.19999694824219,87.25900268554688,87.00800323486328,87.23899841308594,0,0.015
2025-10-22 04:00:00+00:00,87.23799896240234,87.48300170898438,87.23500061035156,87.32499694824219,0,0.015
2025-10-22 08:00:00+00:00,87.32499694824219,87.3290023803711,87.06600189208984,87.09700012207031,0,0.015
2025-10-22 12:00:00+00:00,87.09600067138672,87.33200073242188,87.09400177001953,87.28500366210938,0,0.015
2025-10-22 16:00:00+00:00,87.28700256347656,87.2959976196289,86.91300201416016,87.20099639892578,0,0.015
2025-10-22 20:00:00+00:00,87.197998046875,87.24299621582031,87.08799743652344,87.16699981689453,0,0.015
2025-10-23 00:00:00+00:00,87.16400146484375,87.48300170898438,87.13700103759766,87.27300262451172,0,0.015
2025-10-23 04:00:00+00:00,87.2770004272461,87.6760025024414,87.27300262451172,87.61900329589844,0,0.015
2025-10-23 08:00:00+00:00,87.61399841308594,87.76399993896484,87.6050033569336,87.64099884033203,0,0.015
2025-10-23 12:00:00+00:00,87.64199829101562,87.822998046875,87.5780029296875,87.7959976196289,0,0.015
2025-10-23 16:00:00+00:00,87.79399871826172,87.8499984741211,87.67900085449219,87.73899841308594,0,0.015
2025-10-23 20:00:00+00:00,87.73400115966797,87.83899688720703,87.64399719238281,87.80799865722656,0,0.015
2025-10-24 00:00:00+00:00,87.81099700927734,87.97100067138672,87.76399993896484,87.8550033569336,0,0.015
2025-10-24 04:00:00+00:00,87.85800170898438,88.01899719238281,87.80899810791016,87.87100219726562,0,0.015
2025-10-24 08:00:00+00:00,87.87300109863281,87.88899993896484,87.76000213623047,87.80699920654297,0,0.015
2025-10-24 12:00:00+00:00,87.80400085449219,87.98899841308594,87.63800048828125,87.7959976196289,0,0.015
2025-10-24 16:00:00+00:00,87.7959976196289,87.86499786376953,87.76899719238281,87.83699798583984,0,0.015
2025-10-24 20:00:00+00:00,87.83499908447266,87.8740005493164,87.79299926757812,87.86299896240234,0,0.015
2025-10-27 00:00:00+00:00,88.1500015258789,88.2490005493164,88.01200103759766,88.09100341796875,0,0.015
2025-10-27 04:00:00+00:00,88.09100341796875,88.27300262451172,88.0,88.01399993896484,0,0.015
2025-10-27 08:00:00+00:00,88.01200103759766,88.08999633789062,87.94100189208984,88.00700378417969,0,0.015
2025-10-27 12:00:00+00:00,88.01000213623047,88.23200225830078,87.9749984741211,88.18800354003906,0,0.015
2025-10-27 16:00:00+00:00,88.18800354003906,88.25499725341797,88.12799835205078,88.20099639892578,0,0.015
2025-10-27 20:00:00+00:00,88.1989974975586,88.26200103759766,88.11599731445312,88.177001953125,0,0.015
2025-10-28 00:00:00+00:00,88.16799926757812,88.19300079345703,87.91000366210938,87.9739990234375,0,0.015
2025-10-28 04:00:00+00:00,87.97200012207031,88.04299926757812,87.68299865722656,87.75499725341797,0,0.015
2025-10-28 08:00:00+00:00,87.75499725341797,87.8010025024414,87.54199981689453,87.74099731445312,0,0.015
2025-10-28 12:00:00+00:00,87.74199676513672,87.96099853515625,87.69200134277344,87.91799926757812,0,0.015
2025-10-28 16:00:00+00:00,87.91799926757812,88.09400177001953,87.86599731445312,87.89600372314453,0,0.015
2025-10-28 20:00:00+00:00,87.89800262451172,87.98999786376953,87.75299835205078,87.77899932861328,0,0.015
2025-10-29 00:00:00+00:00,87.73799896240234,87.94499969482422,87.59700012207031,87.94000244140625,0,0.015
2025-10-29 04:00:00+00:00,87.94000244140625,88.21399688720703,87.87000274658203,87.99600219726562,0,0.015
2025-10-29 08:00:00+00:00,87.99600219726562,88.1240005493164,87.9489974975586,88.00599670410156,0,0.015
2025-10-29 12:00:00+00:00,88.00599670410156,88.18800354003906,87.88400268554688,88.06400299072266,0,0.015
2025-10-29 16:00:00+00:00,88.06300354003906,88.23999786376953,87.90699768066406,88.03900146484375,0,0.015
2025-10-29 20:00:00+00:00,88.03399658203125,88.11100006103516,87.88300323486328,88.02100372314453,0,0.015
2025-10-30 00:00:00+00:00,88.01799774169922,88.4280014038086,87.96199798583984,88.36900329589844,0,0.015
2025-10-30 04:00:00+00:00,88.36599731445312,88.64199829101562,88.0719985961914,88.59500122070312,0,0.015
2025-10-30 08:00:00+00:00,88.58899688720703,88.8239974975586,88.58899688720703,88.62699890136719,0,0.015
2025-10-30 12:00:00+00:00,88.63200378417969,88.68699645996094,88.3219985961914,88.57099914550781,0,0.015
2025-10-30 16:00:00+00:00,88.57499694824219,88.58799743652344,88.36799621582031,88.38999938964844,0,0.015
2025-10-30 20:00:00+00:00,88.38800048828125,88.51300048828125,88.35700225830078,88.4000015258789,0,0.015
2025-10-31 00:00:00+00:00,88.41000366210938,88.46399688720703,88.1050033569336,88.2760009765625,0,0.015
2025-10-31 04:00:00+00:00,88.2770004272461,88.31900024414062,88.0530014038086,88.26899719238281,0,0.015
2025-10-31 08:00:00+00:00,88.26899719238281,88.28399658203125,88.15299987792969,88.20800018310547,0,0.015
2025-10-31 12:00:00+00:00,88.20500183105469,88.24600219726562,88.00800323486328,88.2030029296875,0,0.015
2025-10-31 16:00:00+00:00,88.2030029296875,88.2229995727539,88.08000183105469,88.1780014038086,0,0.015
2025-10-31 20:00:00+00:00,88.18000030517578,88.23100280761719,88.08499908447266,88.13999938964844,0,0.015
2025-11-03 00:00:00+00:00,88.2239990234375,88.24099731445312,88.04100036621094,88.17500305175781,0,0.015
2025-11-03 04:00:00+00:00,88.17500305175781,88.33300018310547,88.1500015258789,88.19999694824219,0,0.015
2025-11-03 08:00:00+00:00,88.19999694824219,88.23899841308594,88.06700134277344,88.13099670410156,0,0.015
2025-11-03 12:00:00+00:00,88.12699890136719,88.1780014038086,87.68000030517578,87.85299682617188,0,0.015
2025-11-03 16:00:00+00:00,87.85700225830078,88.06099700927734,87.83399963378906,88.01599884033203,0,0.015
2025-11-03 20:00:00+00:00,88.02100372314453,88.0530014038086,87.91300201416016,87.98100280761719,0,0.015
2025-11-04 00:00:00+00:00,87.98899841308594,87.99700164794922,87.66400146484375,87.74500274658203,0,0.015
2025-11-04 04:00:00+00:00,87.7509994506836,87.7509994506836,87.11699676513672,87.31600189208984,0,0.015
2025-11-04 08:00:00+00:00,87.31600189208984,87.36299896240234,86.8010025024414,86.93699645996094,0,0.015
2025-11-04 12:00:00+00:00,86.93800354003906,86.96800231933594,86.78099822998047,86.91400146484375,0,0.015
2025-11-04 16:00:00+00:00,86.91799926757812,86.98100280761719,86.7300033569336,86.77999877929688,0,0.015
2025-11-04 20:00:00+00:00,86.78700256347656,86.92400360107422,86.55400085449219,86.63899993896484,0,0.015
2025-11-05 00:00:00+00:00,86.625,86.83699798583984,86.14700317382812,86.79199981689453,0,0.015
2025-11-05 04:00:00+00:00,86.78900146484375,86.93399810791016,86.70099639892578,86.7750015258789,0,0.015
2025-11-05 08:00:00+00:00,86.7750015258789,86.94599914550781,86.61199951171875,86.64600372314453,0,0.015
2025-11-05 12:00:00+00:00,86.64600372314453,87.2490005493164,86.61000061035156,87.24400329589844,0,0.015
2025-11-05 16:00:00+00:00,87.24700164794922,87.302001953125,87.14199829101562,87.2020034790039,0,0.015
2025-11-05 20:00:00+00:00,87.21099853515625,87.30999755859375,87.16400146484375,87.2969970703125,0,0.015
2025-11-06 00:00:00+00:00,87.30599975585938,87.31199645996094,86.98899841308594,87.1259994506836,0,0.015
2025-11-06 04:00:00+00:00,87.12799835205078,87.2750015258789,86.98400115966797,87.05999755859375,0,0.015
2025-11-06 08:00:00+00:00,87.05999755859375,87.06400299072266,86.8740005493164,86.93599700927734,0,0.015
2025-11-06 12:00:00+00:00,86.93800354003906,87.0510025024414,86.13700103759766,86.1709976196289,0,0.015
2025-11-06 16:00:00+00:00,86.16500091552734,86.39099884033203,85.9990005493164,86.31199645996094,0,0.015
2025-11-06 20:00:00+00:00,86.31700134277344,86.35800170898438,86.15899658203125,86.23999786376953,0,0.015
2025-11-07 00:00:00+00:00,86.22899627685547,86.34300231933594,85.98300170898438,86.01100158691406,0,0.015
2025-11-07 04:00:00+00:00,86.01100158691406,86.21700286865234,85.93299865722656,85.99299621582031,0,0.015
2025-11-07 08:00:00+00:00,85.99700164794922,86.29100036621094,85.91500091552734,86.06800079345703,0,0.015
2025-11-07 12:00:00+00:00,86.06900024414062,86.27899932861328,85.87200164794922,85.95099639892578,0,0.015
2025-11-07 16:00:00+00:00,85.94999694824219,86.44400024414062,85.88200378417969,86.38800048828125,0,0.015
2025-11-07 20:00:00+00:00,86.38800048828125,86.43800354003906,86.25900268554688,86.31400299072266,0,0.015
2025-11-10 00:00:00+00:00,86.54199981689453,86.72699737548828,86.33200073242188,86.6050033569336,0,0.015
2025-11-10 04:00:00+00:00,86.60299682617188,86.84700012207031,86.60199737548828,86.7959976196289,0,0.015
2025-11-10 08:00:00+00:00,86.79399871826172,87.11599731445312,86.78299713134766,86.9489974975586,0,0.015
2025-11-10 12:00:00+00:00,86.9489974975586,87.00599670410156,86.68000030517578,86.69400024414062,0,0.015
2025-11-10 16:00:00+00:00,86.69499969482422,86.97699737548828,86.6500015258789,86.9469985961914,0,0.015
2025-11-10 20:00:00+00:00,86.94599914550781,87.0459976196289,86.9209976196289,86.9749984741211,0,0.015
2025-11-11 00:00:00+00:00,86.9729995727539,87.13500213623047,86.9469985961914,87.05599975585938,0,0.015
2025-11-11 04:00:00+00:00,87.05699920654297,87.11000061035156,86.8270034790039,86.92500305175781,0,0.015
2025-11-11 08:00:00+00:00,86.93099975585938,87.16200256347656,86.9219970703125,87.0999984741211,0,0.015
2025-11-11 12:00:00+00:00,87.09400177001953,87.28800201416016,86.98200225830078,87.02100372314453,0,0.015
2025-11-11 16:00:00+00:00,87.02300262451172,87.24600219726562,87.0199966430664,87.16999816894531,0,0.015
2025-11-11 20:00:00+00:00,87.1729965209961,87.19999694824219,87.03199768066406,87.15399932861328,0,0.015
2025-11-12 00:00:00+00:00,87.1520004272461,87.37699890136719,87.10099792480469,87.22699737548828,0,0.015
2025-11-12 04:00:00+00:00,87.2300033569336,87.50599670410156,87.22100067138672,87.46499633789062,0,0.015
2025-11-12 08:00:00+00:00,87.46499633789062,87.6259994506836,87.43000030517578,87.5719985961914,0,0.015
2025-11-12 12:00:00+00:00,87.5719985961914,87.73100280761719,87.55899810791016,87.58699798583984,0,0.015
2025-11-12 16:00:00+00:00,87.58699798583984,87.69300079345703,87.48699951171875,87.6259994506836,0,0.015
2025-11-12 20:00:00+00:00,87.62799835205078,87.76100158691406,87.5530014038086,87.59100341796875,0,0.015
2025-11-13 00:00:00+00:00,87.5780029296875,87.69200134277344,87.43900299072266,87.51200103759766,0,0.015
2025-11-13 04:00:00+00:00,87.51300048828125,87.74500274658203,87.31400299072266,87.697998046875,0,0.015
2025-11-13 08:00:00+00:00,87.6989974975586,87.84400177001953,87.58799743652344,87.6709976196289,0,0.015
2025-11-13 12:00:00+00:00,87.6709976196289,87.70800018310547,87.39199829101562,87.47200012207031,0,0.015
2025-11-13 16:00:00+00:00,87.46600341796875,87.677001953125,87.21600341796875,87.35299682617188,0,0.015
2025-11-13 20:00:00+00:00,87.35299682617188,87.61199951171875,87.26899719238281,87.3550033569336,0,0.015
2025-11-14 00:00:00+00:00,87.35099792480469,87.89900207519531,87.31700134277344,87.86699676513672,0,0.015
2025-11-14 04:00:00+00:00,87.86299896240234,87.91000366210938,87.64600372314453,87.77999877929688,0,0.015
2025-11-14 08:00:00+00:00,87.78099822998047,87.85099792480469,87.61699676513672,87.80699920654297,0,0.015
2025-11-14 12:00:00+00:00,87.80699920654297,87.89199829101562,87.29900360107422,87.77799987792969,0,0.015
2025-11-14 16:00:00+00:00,87.77300262451172,87.95600128173828,87.70500183105469,87.76799774169922,0,0.015
2025-11-14 20:00:00+00:00,87.76799774169922,87.79499816894531,87.6969985961914,87.79199981689453,0,0.015
2025-11-17 00:00:00+00:00,87.73100280761719,87.75399780273438,87.51599884033203,87.59400177001953,0,0.015
2025-11-17 04:00:00+00:00,87.59700012207031,88.0009994506836,87.58399963378906,87.9739990234375,0,0.015
2025-11-17 08:00:00+00:00,87.97799682617188,88.00800323486328,87.63700103759766,87.74299621582031,0,0.015
2025-11-17 12:00:00+00:00,87.74299621582031,88.0260009765625,87.65799713134766,88.01399993896484,0,0.015
2025-11-17 16:00:00+00:00,88.01399993896484,88.08100128173828,87.65499877929688,87.70800018310547,0,0.015
2025-11-17 20:00:00+00:00,87.70600128173828,87.88700103759766,87.66300201416016,87.77999877929688,0,0.015
2025-11-18 00:00:00+00:00,87.78900146484375,87.84300231933594,87.63700103759766,87.66400146484375,0,0.015
2025-11-18 04:00:00+00:00,87.65899658203125,87.74099731445312,87.34600067138672,87.697998046875,0,0.015
2025-11-18 08:00:00+00:00,87.697998046875,88.0979995727539,87.69499969482422,88.05799865722656,0,0.015
2025-11-18 12:00:00+00:00,88.05799865722656,88.06999969482422,87.6520004272461,87.78199768066406,0,0.015
2025-11-18 16:00:00+00:00,87.78099822998047,88.23200225830078,87.6780014038086,88.0979995727539,0,0.015
2025-11-18 20:00:00+00:00,88.0999984741211,88.12200164794922,87.87899780273438,88.01100158691406,0,0.015
2025-11-19 00:00:00+00:00,88.00199890136719,88.0250015258789,87.43900299072266,87.44999694824219,0,0.015
2025-11-19 04:00:00+00:00,87.44999694824219,87.7229995727539,87.40599822998047,87.68299865722656,0,0.015
2025-11-19 08:00:00+00:00,87.68199920654297,87.93399810791016,87.56199645996094,87.90399932861328,0,0.015
2025-11-19 12:00:00+00:00,87.90399932861328,88.09700012207031,87.71600341796875,87.73899841308594,0,0.015
2025-11-19 16:00:00+00:00,87.73899841308594,87.81999969482422,87.63999938964844,87.79499816894531,0,0.015
2025-11-19 20:00:00+00:00,87.79499816894531,88.18800354003906,87.78299713134766,88.12000274658203,0,0.015
2025-11-20 00:00:00+00:00,88.14800262451172,88.31600189208984,88.00700378417969,88.26200103759766,0,0.015
2025-11-20 04:00:00+00:00,88.26399993896484,88.51100158691406,88.2040023803711,88.2750015258789,0,0.015
2025-11-20 08:00:00+00:00,88.2760009765625,88.4489974975586,88.11100006103516,88.4000015258789,0,0.015
2025-11-20 12:00:00+00:00,88.4000015258789,88.85600280761719,88.39600372314453,88.52400207519531,0,0.015
2025-11-20 16:00:00+00:00,88.5250015258789,88.53299713134766,87.96700286865234,88.21299743652344,0,0.015
2025-11-20 20:00:00+00:00,88.20600128173828,88.24299621582031,87.802001953125,87.98300170898438,0,0.015
2025-11-21 00:00:00+00:00,87.98100280761719,88.13099670410156,87.90699768066406,87.98600006103516,0,0.015
2025-11-21 04:00:00+00:00,87.98400115966797,88.08699798583984,87.64800262451172,87.7239990234375,0,0.015
2025-11-21 08:00:00+00:00,87.72200012207031,87.98100280761719,87.48400115966797,87.6780014038086,0,0.015
2025-11-21 12:00:00+00:00,87.6780014038086,87.93299865722656,87.29399871826172,87.56300354003906,0,0.015
2025-11-21 16:00:00+00:00,87.56600189208984,87.90799713134766,87.47599792480469,87.7300033569336,0,0.015
2025-11-21 20:00:00+00:00,87.73600006103516,87.85700225830078,87.66999816894531,87.79900360107422,0,0.015
2025-11-24 00:00:00+00:00,87.92900085449219,87.98300170898438,87.8010025024414,87.81700134277344,0,0.015
2025-11-24 04:00:00+00:00,87.81700134277344,87.92500305175781,87.72899627685547,87.88800048828125,0,0.015
2025-11-24 08:00:00+00:00,87.89099884033203,88.02400207519531,87.69000244140625,87.98899841308594,0,0.015
2025-11-24 12:00:00+00:00,87.98899841308594,88.10800170898438,87.87899780273438,87.947998046875,0,0.015
2025-11-24 16:00:00+00:00,87.95099639892578,88.04000091552734,87.8949966430664,87.9209976196289,0,0.015
2025-11-24 20:00:00+00:00,87.91100311279297,88.0989990234375,87.90799713134766,88.07099914550781,0,0.015
2025-11-25 00:00:00+00:00,88.04900360107422,88.04900360107422,87.73600006103516,87.84300231933594,0,0.015
2025-11-25 04:00:00+00:00,87.84300231933594,87.88800048828125,87.62300109863281,87.67400360107422,0,0.015
2025-11-25 08:00:00+00:00,87.67400360107422,87.72000122070312,87.49099731445312,87.5199966430664,0,0.015
2025-11-25 12:00:00+00:00,87.5199966430664,87.66600036621094,87.22799682617188,87.56600189208984,0,0.015
2025-11-25 16:00:00+00:00,87.56400299072266,87.74099731445312,87.51699829101562,87.64700317382812,0,0.015
2025-11-25 20:00:00+00:00,87.64700317382812,87.86000061035156,87.55999755859375,87.83599853515625,0,0.015
2025-11-26 00:00:00+00:00,87.85299682617188,88.75900268554688,87.80899810791016,88.70500183105469,0,0.015
2025-11-26 04:00:00+00:00,88.7040023803711,88.88500213623047,88.66200256347656,88.78900146484375,0,0.015
2025-11-26 08:00:00+00:00,88.78900146484375,88.85600280761719,88.6259994506836,88.72200012207031,0,0.015
2025-11-26 12:00:00+00:00,88.7239990234375,89.0979995727539,88.63200378417969,88.98300170898438,0,0.015
2025-11-26 16:00:00+00:00,88.98300170898438,89.13300323486328,88.9469985961914,89.072998046875,0,0.015
2025-11-26 20:00:00+00:00,89.06199645996094,89.22699737548828,89.02100372314453,89.12200164794922,0,0.015
2025-11-27 00:00:00+00:00,89.10800170898438,89.4800033569336,88.98100280761719,89.38899993896484,0,0.015
2025-11-27 04:00:00+00:00,89.38999938964844,89.41600036621094,89.2239990234375,89.35700225830078,0,0.015
2025-11-27 08:00:00+00:00,89.35900115966797,89.40499877929688,89.21399688720703,89.33300018310547,0,0.015
2025-11-27 12:00:00+00:00,89.33300018310547,89.55599975585938,89.29399871826172,89.50700378417969,0,0.015
2025-11-27 16:00:00+00:00,89.50599670410156,89.53800201416016,89.4260025024414,89.43099975585938,0,0.015
2025-11-27 20:00:00+00:00,89.43699645996094,89.56500244140625,89.38300323486328,89.54499816894531,0,0.015
2025-11-28 00:00:00+00:00,89.53299713134766,89.62899780273438,89.31199645996094,89.38600158691406,0,0.015
2025-11-28 04:00:00+00:00,89.38999938964844,89.45500183105469,89.22699737548828,89.2490005493164,0,0.015
2025-11-28 08:00:00+00:00,89.24600219726562,89.33699798583984,89.08300018310547,89.12000274658203,0,0.015
2025-11-28 12:00:00+00:00,89.12699890136719,89.6259994506836,89.0719985961914,89.56400299072266,0,0.015
2025-11-28 16:00:00+00:00,89.56300354003906,89.65499877929688,89.5,89.55400085449219,0,0.015
2025-11-28 20:00:00+00:00,89.5530014038086,89.61799621582031,89.44400024414062,89.55599975585938,0,0.015
2025-12-01 00:00:00+00:00,89.41899871826172,89.4280014038086,89.03500366210938,89.16899871826172,0,0.015
2025-12-01 04:00:00+00:00,89.16799926757812,89.21299743652344,89.01599884033203,89.11499786376953,0,0.015
2025-12-01 08:00:00+00:00,89.11799621582031,89.20600128173828,88.91699981689453,88.9800033569336,0,0.015
2025-12-01 12:00:00+00:00,88.9800033569336,89.11100006103516,88.87300109863281,89.05000305175781,0,0.015
2025-12-01 16:00:00+00:00,89.04399871826172,89.15299987792969,88.9800033569336,89.0250015258789,0,0.015
2025-12-01 20:00:00+00:00,89.02200317382812,89.08699798583984,88.93399810791016,89.05500030517578,0,0.015
2025-12-02 00:00:00+00:00,89.05699920654297,89.16999816894531,89.01300048828125,89.10700225830078,0,0.015
2025-12-02 04:00:00+00:00,89.10700225830078,89.30899810791016,89.072998046875,89.25299835205078,0,0.015
2025-12-02 08:00:00+00:00,89.25299835205078,89.36599731445312,89.10399627685547,89.11799621582031,0,0.015
2025-12-02 12:00:00+00:00,89.11799621582031,89.55999755859375,89.11199951171875,89.47200012207031,0,0.015
2025-12-02 16:00:00+00:00,89.46900177001953,89.48100280761719,89.22899627685547,89.38500213623047,0,0.015
2025-12-02 20:00:00+00:00,89.37699890136719,89.46099853515625,89.33699798583984,89.42900085449219,0,0.015
2025-12-03 00:00:00+00:00,89.41699981689453,89.58499908447266,89.28199768066406,89.47799682617188,0,0.015
2025-12-03 04:00:00+00:00,89.47799682617188,89.59600067138672,89.39299774169922,89.43199920654297,0,0.015
2025-12-03 08:00:00+00:00,89.43399810791016,89.48100280761719,89.31400299072266,89.36900329589844,0,0.015
2025-12-03 12:00:00+00:00,89.36799621582031,89.55799865722656,89.0530014038086,89.44000244140625,0,0.015
2025-12-03 16:00:00+00:00,89.44000244140625,89.60099792480469,89.38300323486328,89.58999633789062,0,0.015
2025-12-03 20:00:00+00:00,89.58799743652344,89.69599914550781,89.50499725341797,89.54199981689453,0,0.015
2025-12-04 00:00:00+00:00,89.54100036621094,89.6760025024414,89.46600341796875,89.61799621582031,0,0.015
2025-12-04 04:00:00+00:00,89.61100006103516,89.7509994506836,89.5469970703125,89.62200164794922,0,0.015
2025-12-04 08:00:00+00:00,89.61699676513672,89.63200378417969,89.125,89.1719970703125,0,0.015
2025-12-04 12:00:00+00:00,89.17400360107422,89.36599731445312,89.1449966430664,89.2969970703125,0,0.015
2025-12-04 16:00:00+00:00,89.29900360107422,89.46700286865234,89.26000213623047,89.40899658203125,0,0.015
2025-12-04 20:00:00+00:00,89.41100311279297,89.44300079345703,89.24500274658203,89.34100341796875,0,0.015
2025-12-05 00:00:00+00:00,89.33200073242188,89.45899963378906,89.3010025024414,89.41000366210938,0,0.015
2025-12-05 04:00:00+00:00,89.41000366210938,89.47699737548828,89.1760025024414,89.27799987792969,0,0.015
2025-12-05 08:00:00+00:00,89.2770004272461,89.63099670410156,89.25599670410156,89.53199768066406,0,0.015
2025-12-05 12:00:00+00:00,89.53199768066406,89.79299926757812,89.5260009765625,89.75,0,0.015
2025-12-05 16:00:00+00:00,89.74600219726562,89.75,89.53099822998047,89.70700073242188,0,0.015
2025-12-05 20:00:00+00:00,89.70500183105469,89.74099731445312,89.63400268554688,89.71900177001953,0,0.015
2025-12-08 00:00:00+00:00,89.68299865722656,89.76599884033203,89.64199829101562,89.71199798583984,0,0.015
2025-12-08 04:00:00+00:00,89.71199798583984,89.83999633789062,89.68399810791016,89.75199890136719,0,0.015
2025-12-08 08:00:00+00:00,89.75199890136719,89.97599792480469,89.7300033569336,89.8759994506836,0,0.015
2025-12-08 12:00:00+00:00,89.8759994506836,90.06900024414062,89.7760009765625,89.78500366210938,0,0.015
2025-12-08 16:00:00+00:00,89.78399658203125,90.02799987792969,89.76599884033203,90.01399993896484,0,0.015
2025-12-08 20:00:00+00:00,90.01300048828125,90.08200073242188,89.91699981689453,90.00800323486328,0,0.015
2025-12-09 00:00:00+00:00,90.00800323486328,90.20600128173828,89.94300079345703,90.1520004272461,0,0.015
2025-12-09 04:00:00+00:00,90.1520004272461,90.32499694824219,90.11199951171875,90.28700256347656,0,0.015
2025-12-09 08:00:00+00:00,90.28600311279297,90.44200134277344,90.27999877929688,90.40399932861328,0,0.015
2025-12-09 12:00:00+00:00,90.40399932861328,90.80500030517578,90.36799621582031,90.7300033569336,0,0.015
2025-12-09 16:00:00+00:00,90.73100280761719,90.89199829101562,90.60399627685547,90.63300323486328,0,0.015
2025-12-09 20:00:00+00:00,90.63300323486328,90.71399688720703,90.5,90.6259994506836,0,0.015
2025-12-10 00:00:00+00:00,90.625,90.68499755859375,90.22899627685547,90.31700134277344,0,0.015
2025-12-10 04:00:00+00:00,90.31700134277344,90.63600158691406,90.31500244140625,90.58100128173828,0,0.015
2025-12-10 08:00:00+00:00,90.58100128173828,90.7760009765625,90.53299713134766,90.65799713134766,0,0.015
2025-12-10 12:00:00+00:00,90.65499877929688,90.6989974975586,90.35800170898438,90.4260025024414,0,0.015
2025-12-10 16:00:00+00:00,90.4229965209961,90.7239990234375,90.34300231933594,90.6709976196289,0,0.015
2025-12-10 20:00:00+00:00,90.6729965209961,90.77799987792969,90.46900177001953,90.59100341796875,0,0.015
2025-12-11 00:00:00+00:00,90.58000183105469,90.62200164794922,90.23899841308594,90.2490005493164,0,0.015
2025-12-11 04:00:00+00:00,90.2490005493164,90.5009994506836,90.16899871826172,90.48400115966797,0,0.015
2025-12-11 08:00:00+00:00,90.48400115966797,90.59300231933594,90.41100311279297,90.52400207519531,0,0.015
2025-12-11 12:00:00+00:00,90.52200317382812,90.57499694824219,90.13500213623047,90.3290023803711,0,0.015
2025-12-11 16:00:00+00:00,90.3290023803711,90.41400146484375,90.21600341796875,90.38200378417969,0,0.015
2025-12-11 20:00:00+00:00,90.38500213623047,90.41200256347656,90.26599884033203,90.33799743652344,0,0.015
2025-12-12 00:00:00+00:00,90.33399963378906,90.5719985961914,90.3030014038086,90.48300170898438,0,0.015
2025-12-12 04:00:00+00:00,90.48300170898438,90.60600280761719,90.39099884033203,90.4749984741211,0,0.015
2025-12-12 08:00:00+00:00,90.47200012207031,90.68199920654297,90.46499633789062,90.59500122070312,0,0.015
2025-12-12 12:00:00+00:00,90.59500122070312,90.69999694824219,90.3219985961914,90.34100341796875,0,0.015
2025-12-12 16:00:00+00:00,90.34100341796875,90.48699951171875,90.14600372314453,90.46499633789062,0,0.015
2025-12-12 20:00:00+00:00,90.45999908447266,90.4800033569336,90.37000274658203,90.4280014038086,0,0.015
2025-12-15 00:00:00+00:00,90.41699981689453,90.50199890136719,89.64199829101562,89.6729965209961,0,0.015
2025-12-15 04:00:00+00:00,89.6719970703125,89.81800079345703,89.53099822998047,89.78399658203125,0,0.015
2025-12-15 08:00:00+00:00,89.78500366210938,89.8030014038086,89.59300231933594,89.74400329589844,0,0.015
2025-12-15 12:00:00+00:00,89.73899841308594,90.02400207519531,89.72000122070312,90.02100372314453,0,0.015
2025-12-15 16:00:00+00:00,90.01599884033203,90.05899810791016,89.82099914550781,89.83799743652344,0,0.015
2025-12-15 20:00:00+00:00,89.83799743652344,89.8499984741211,89.63899993896484,89.67400360107422,0,0.015
2025-12-16 00:00:00+00:00,89.68699645996094,89.7030029296875,89.21600341796875,89.46900177001953,0,0.015
2025-12-16 04:00:00+00:00,89.47599792480469,89.64700317382812,89.37200164794922,89.5979995727539,0,0.015
2025-12-16 08:00:00+00:00,89.59400177001953,89.68399810791016,89.51399993896484,89.56400299072266,0,0.015
2025-12-16 12:00:00+00:00,89.55899810791016,89.83100128173828,89.3759994506836,89.64900207519531,0,0.015
2025-12-16 16:00:00+00:00,89.6449966430664,89.7229995727539,89.4010009765625,89.51200103759766,0,0.015
2025-12-16 20:00:00+00:00,89.51699829101562,89.60199737548828,89.3759994506836,89.51899719238281,0,0.015
2025-12-17 00:00:00+00:00,89.51000213623047,89.65399932861328,89.29399871826172,89.63400268554688,0,0.015
2025-12-17 04:00:00+00:00,89.63600158691406,89.79199981689453,89.5250015258789,89.74600219726562,0,0.015
2025-12-17 08:00:00+00:00,89.75399780273438,89.87300109863281,89.71199798583984,89.79900360107422,0,0.015
2025-12-17 12:00:00+00:00,89.7959976196289,90.06500244140625,89.71800231933594,89.87300109863281,0,0.015
2025-12-17 16:00:00+00:00,89.87799835205078,90.03099822998047,89.78600311279297,89.86900329589844,0,0.015
2025-12-17 20:00:00+00:00,89.87100219726562,90.0199966430664,89.69999694824219,89.7040023803711,0,0.015
2025-12-18 00:00:00+00:00,89.69300079345703,89.84300231933594,89.59200286865234,89.6520004272461,0,0.015
2025-12-18 04:00:00+00:00,89.64600372314453,89.90899658203125,89.6240005493164,89.86799621582031,0,0.015
2025-12-18 08:00:00+00:00,89.86900329589844,89.93000030517578,89.76000213623047,89.8290023803711,0,0.015
2025-12-18 12:00:00+00:00,89.82499694824219,89.96199798583984,89.71199798583984,89.8499984741211,0,0.015
2025-12-18 16:00:00+00:00,89.85099792480469,89.95500183105469,89.74400329589844,89.76000213623047,0,0.015
2025-12-18 20:00:00+00:00,89.75399780273438,89.88800048828125,89.69400024414062,89.84400177001953,0,0.015
2025-12-19 00:00:00+00:00,89.84200286865234,90.06900024414062,89.70600128173828,89.85199737548828,0,0.015
2025-12-19 04:00:00+00:00,89.85099792480469,90.08200073242188,89.77799987792969,90.06800079345703,0,0.015
2025-12-19 08:00:00+00:00,90.06800079345703,90.47699737548828,90.0510025024414,90.38700103759766,0,0.015
2025-12-19 12:00:00+00:00,90.38099670410156,90.66799926757812,90.197998046875,90.572998046875,0,0.015
2025-12-19 16:00:00+00:00,90.5739974975586,90.81500244140625,90.56199645996094,90.802001953125,0,0.015
2025-12-19 20:00:00+00:00,90.7979965209961,90.8219985961914,90.74099731445312,90.81099700927734,0,0.015
2025-12-22 00:00:00+00:00,90.71600341796875,90.86699676513672,90.5780029296875,90.70899963378906,0,0.015
2025-12-22 04:00:00+00:00,90.71299743652344,91.12200164794922,90.70700073242188,91.0009994506836,0,0.015
2025-12-22 08:00:00+00:00,91.00199890136719,91.13500213623047,90.94999694824219,91.11399841308594,0,0.015
2025-12-22 12:00:00+00:00,91.10900115966797,91.12100219726562,90.84400177001953,90.95099639892578,0,0.015
2025-12-22 16:00:00+00:00,90.947998046875,90.98500061035156,90.84300231933594,90.86199951171875,0,0.015
2025-12-22 20:00:00+00:00,90.86599731445312,91.01499938964844,90.83599853515625,90.91500091552734,0,0.015
2025-12-23 00:00:00+00:00,90.91100311279297,91.03500366210938,90.76699829101562,90.77100372314453,0,0.015
2025-12-23 04:00:00+00:00,90.77200317382812,90.87699890136719,90.60399627685547,90.80899810791016,0,0.015
2025-12-23 08:00:00+00:00,90.80799865722656,91.10399627685547,90.79000091552734,91.01399993896484,0,0.015
2025-12-23 12:00:00+00:00,91.01399993896484,91.19400024414062,90.98899841308594,91.14199829101562,0,0.015
2025-12-23 16:00:00+00:00,91.1449966430664,91.23799896240234,91.0459976196289,91.1719970703125,0,0.015
2025-12-23 20:00:00+00:00,91.16600036621094,91.29499816894531,91.08699798583984,91.1989974975586,0,0.015
2025-12-24 00:00:00+00:00,91.20500183105469,91.26100158691406,90.93000030517578,91.05899810791016,0,0.015
2025-12-24 04:00:00+00:00,91.05899810791016,91.12699890136719,90.93800354003906,91.02400207519531,0,0.015
2025-12-24 08:00:00+00:00,91.02400207519531,91.15899658203125,90.97899627685547,91.05699920654297,0,0.015
2025-12-24 12:00:00+00:00,91.0510025024414,91.13300323486328,90.81500244140625,90.89700317382812,0,0.015
2025-12-24 16:00:00+00:00,90.89700317382812,91.03500366210938,90.85600280761719,90.89099884033203,0,0.015
2025-12-24 20:00:00+00:00,90.90799713134766,91.09100341796875,90.86599731445312,91.0739974975586,0,0.015
2025-12-25 00:00:00+00:00,91.06700134277344,91.11100006103516,90.88800048828125,90.9010009765625,0,0.015
2025-12-25 04:00:00+00:00,90.88700103759766,91.14399719238281,90.85900115966797,91.14399719238281,0,0.015
2025-12-25 08:00:00+00:00,91.10700225830078,91.15399932861328,91.08300018310547,91.1510009765625,0,0.015
2025-12-25 16:00:00+00:00,90.97899627685547,90.97899627685547,90.97899627685547,90.97899627685547,0,0.015
2025-12-25 20:00:00+00:00,91.00399780273438,91.0999984741211,90.83399963378906,91.07599639892578,0,0.015
2025-12-26 00:00:00+00:00,91.08599853515625,91.3219985961914,90.99800109863281,91.0,0,0.015
2025-12-26 04:00:00+00:00,91.0,91.18099975585938,90.9729995727539,91.06700134277344,0,0.015
2025-12-26 08:00:00+00:00,91.06700134277344,91.0989990234375,90.98899841308594,91.03099822998047,0,0.015
2025-12-26 12:00:00+00:00,91.03099822998047,91.36000061035156,91.00700378417969,91.25700378417969,0,0.015
2025-12-26 16:00:00+00:00,91.26699829101562,91.31099700927734,91.18199920654297,91.2249984741211,0,0.015
2025-12-26 20:00:00+00:00,91.22799682617188,91.2979965209961,91.16699981689453,91.28800201416016,0,0.015
2025-12-29 00:00:00+00:00,91.18199920654297,91.25299835205078,90.94000244140625,91.18499755859375,0,0.015
2025-12-29 04:00:00+00:00,91.18299865722656,91.23300170898438,90.8219985961914,90.82499694824219,0,0.015
2025-12-29 08:00:00+00:00,90.82499694824219,90.91799926757812,90.63899993896484,90.7229995727539,0,0.015
2025-12-29 12:00:00+00:00,90.72000122070312,90.72699737548828,90.4540023803711,90.61000061035156,0,0.015
2025-12-29 16:00:00+00:00,90.61000061035156,90.6780014038086,90.5530014038086,90.58200073242188,0,0.015
2025-12-29 20:00:00+00:00,90.58200073242188,90.64900207519531,90.48400115966797,90.61100006103516,0,0.015
2025-12-30 00:00:00+00:00,90.58899688720703,90.81500244140625,90.54199981689453,90.74500274658203,0,0.015
2025-12-30 04:00:00+00:00,90.74700164794922,90.81700134277344,90.62899780273438,90.677001953125,0,0.015
2025-12-30 08:00:00+00:00,90.677001953125,90.73300170898438,90.39099884033203,90.41600036621094,0,0.015
2025-12-30 12:00:00+00:00,90.41600036621094,90.76300048828125,90.37899780273438,90.73899841308594,0,0.015
2025-12-30 16:00:00+00:00,90.73899841308594,90.75499725341797,90.61299896240234,90.63300323486328,0,0.015
2025-12-30 20:00:00+00:00,90.63300323486328,90.6520004272461,90.48200225830078,90.56999969482422,0,0.015
2025-12-31 00:00:00+00:00,90.5530014038086,90.60099792480469,90.3550033569336,90.45099639892578,0,0.015
2025-12-31 04:00:00+00:00,90.4469985961914,90.50700378417969,90.27100372314453,90.37899780273438,0,0.015
2025-12-31 08:00:00+00:00,90.37200164794922,90.39900207519531,90.21099853515625,90.33300018310547,0,0.015
2025-12-31 12:00:00+00:00,90.33699798583984,90.4749984741211,90.0469970703125,90.12200164794922,0,0.015
2025-12-31 16:00:00+00:00,90.11599731445312,90.28099822998047,90.06300354003906,90.15599822998047,0,0.015
2025-12-31 20:00:00+00:00,90.15699768066406,90.24400329589844,90.11399841308594,90.16600036621094,0,0.015
2026-01-01 00:00:00+00:00,90.14600372314453,90.14600372314453,90.14600372314453,90.14600372314453,0,0.015
2026-01-01 04:00:00+00:00,90.14600372314453,90.14600372314453,90.14600372314453,90.14600372314453,0,0.015
2026-01-01 08:00:00+00:00,90.14600372314453,90.14600372314453,90.14600372314453,90.14600372314453,0,0.015
2026-01-01 16:00:00+00:00,90.01399993896484,90.01399993896484,90.01399993896484,90.01399993896484,0,0.015
2026-01-01 20:00:00+00:00,90.21499633789062,90.3219985961914,90.12799835205078,90.23300170898438,0,0.015
2026-01-02 00:00:00+00:00,90.2229995727539,90.4010009765625,90.13600158691406,90.39399719238281,0,0.015
2026-01-02 04:00:00+00:00,90.39199829101562,90.42900085449219,90.2979965209961,90.41000366210938,0,0.015
2026-01-02 08:00:00+00:00,90.40799713134766,90.5979995727539,90.4020004272461,90.5260009765625,0,0.015
2026-01-02 12:00:00+00:00,90.5260009765625,90.58200073242188,90.36000061035156,90.3740005493164,0,0.015
2026-01-02 16:00:00+00:00,90.3740005493164,90.47000122070312,90.2969970703125,90.44499969482422,0,0.015
2026-01-02 20:00:00+00:00,90.44599914550781,90.50299835205078,90.4229965209961,90.50299835205078,0,0.015
2026-01-05 00:00:00+00:00,90.34300231933594,90.56099700927734,90.29100036621094,90.40299987792969,0,0.015
2026-01-05 04:00:00+00:00,90.39900207519531,90.48999786376953,90.24800109863281,90.25199890136719,0,0.015
2026-01-05 08:00:00+00:00,90.25299835205078,90.322998046875,90.14099884033203,90.17400360107422,0,0.015
2026-01-05 12:00:00+00:00,90.1709976196289,90.55999755859375,90.09100341796875,90.50900268554688,0,0.015
2026-01-05 16:00:00+00:00,90.50900268554688,90.55899810791016,90.35800170898438,90.45500183105469,0,0.015
2026-01-05 20:00:00+00:00,90.45700073242188,90.62899780273438,90.41500091552734,90.61499786376953,0,0.015
2026-01-06 00:00:00+00:00,90.60199737548828,90.74400329589844,90.52100372314453,90.6449966430664,0,0.015
2026-01-06 04:00:00+00:00,90.64800262451172,90.81900024414062,90.58899688720703,90.73300170898438,0,0.015
2026-01-06 08:00:00+00:00,90.73300170898438,90.77999877929688,90.48799896240234,90.55500030517578,0,0.015
2026-01-06 12:00:00+00:00,90.5530014038086,90.64600372314453,90.41999816894531,90.4540023803711,0,0.015
2026-01-06 16:00:00+00:00,90.4540023803711,90.64700317382812,90.38800048828125,90.5469970703125,0,0.015
2026-01-06 20:00:00+00:00,90.5469970703125,90.66200256347656,90.49299621582031,90.56900024414062,0,0.015
2026-01-07 00:00:00+00:00,90.56099700927734,90.76100158691406,90.5250015258789,90.60099792480469,0,0.015
2026-01-07 04:00:00+00:00,90.60700225830078,90.66300201416016,90.33899688720703,90.45999908447266,0,0.015
2026-01-07 08:00:00+00:00,90.46099853515625,90.69100189208984,90.43199920654297,90.63400268554688,0,0.015
2026-01-07 12:00:00+00:00,90.62999725341797,90.64900207519531,90.45099639892578,90.56300354003906,0,0.015
2026-01-07 16:00:00+00:00,90.56300354003906,90.62699890136719,90.48799896240234,90.53299713134766,0,0.015
2026-01-07 20:00:00+00:00,90.53299713134766,90.5780029296875,90.38099670410156,90.46800231933594,0,0.015
2026-01-08 00:00:00+00:00,90.45999908447266,90.54199981689453,90.33799743652344,90.39700317382812,0,0.015
2026-01-08 04:00:00+00:00,90.39700317382812,90.40399932861328,90.00599670410156,90.00599670410156,0,0.015
2026-01-08 08:00:00+00:00,90.00399780273438,90.14900207519531,89.96199798583984,90.13700103759766,0,0.015
2026-01-08 12:00:00+00:00,90.13500213623047,90.31199645996094,90.05799865722656,90.2699966430664,0,0.015
2026-01-08 16:00:00+00:00,90.26899719238281,90.2699966430664,90.08899688720703,90.19599914550781,0,0.015
2026-01-08 20:00:00+00:00,90.19999694824219,90.26599884033203,90.06300354003906,90.1969985961914,0,0.015
2026-01-09 00:00:00+00:00,90.1989974975586,90.30899810791016,90.13600158691406,90.302001953125,0,0.015
2026-01-09 04:00:00+00:00,90.29499816894531,90.38800048828125,90.25700378417969,90.28600311279297,0,0.015
2026-01-09 08:00:00+00:00,90.28600311279297,90.40299987792969,90.24600219726562,90.25299835205078,0,0.015
2026-01-09 12:00:00+00:00,90.2490005493164,90.54299926757812,90.14600372314453,90.4739990234375,0,0.015
2026-01-09 16:00:00+00:00,90.47200012207031,90.5979995727539,90.4229965209961,90.45999908447266,0,0.015
2026-01-09 20:00:00+00:00,90.46600341796875,90.54000091552734,90.4209976196289,90.49600219726562,0,0.015
2026-01-12 00:00:00+00:00,90.58599853515625,90.82599639892578,90.50599670410156,90.81900024414062,0,0.015
2026-01-12 04:00:00+00:00,90.81700134277344,90.89399719238281,90.73200225830078,90.7979965209961,0,0.015
2026-01-12 08:00:00+00:00,90.7979965209961,90.9520034790039,90.73500061035156,90.9020004272461,0,0.015
2026-01-12 12:00:00+00:00,90.90299987792969,91.06600189208984,90.87100219726562,91.05799865722656,0,0.015
2026-01-12 16:00:00+00:00,91.05599975585938,91.21399688720703,91.04100036621094,91.1780014038086,0,0.015
2026-01-12 20:00:00+00:00,91.1780014038086,91.33000183105469,91.15399932861328,91.177001953125,0,0.015
2026-01-13 00:00:00+00:00,91.18800354003906,91.74400329589844,91.18000030517578,91.73799896240234,0,0.015
2026-01-13 04:00:00+00:00,91.73400115966797,91.79000091552734,91.63600158691406,91.71900177001953,0,0.015
2026-01-13 08:00:00+00:00,91.72100067138672,91.75399780273438,91.50800323486328,91.56900024414062,0,0.015
2026-01-13 12:00:00+00:00,91.56900024414062,91.73799896240234,91.29100036621094,91.36100006103516,0,0.015
2026-01-13 16:00:00+00:00,91.36100006103516,91.39800262451172,91.2300033569336,91.3219985961914,0,0.015
2026-01-13 20:00:00+00:00,91.31300354003906,91.40799713134766,91.2229995727539,91.34600067138672,0,0.015
2026-01-14 00:00:00+00:00,91.3479995727539,91.47100067138672,91.2770004272461,91.4469985961914,0,0.015
2026-01-14 04:00:00+00:00,91.44400024414062,91.54199981689453,91.4209976196289,91.46499633789062,0,0.015
2026-01-14 08:00:00+00:00,91.46299743652344,91.4749984741211,91.04199981689453,91.11599731445312,0,0.015
2026-01-14 12:00:00+00:00,91.11399841308594,91.13999938964844,90.85199737548828,90.97100067138672,0,0.015
2026-01-14 16:00:00+00:00,90.97100067138672,91.08200073242188,90.80799865722656,91.00800323486328,0,0.015
2026-01-14 20:00:00+00:00,91.00800323486328,91.14700317382812,90.83899688720703,90.98100280761719,0,0.015
2026-01-15 00:00:00+00:00,90.96700286865234,91.0770034790039,90.77899932861328,90.88800048828125,0,0.015
2026-01-15 04:00:00+00:00,90.88800048828125,91.06999969482422,90.81600189208984,91.01499938964844,0,0.015
2026-01-15 08:00:00+00:00,91.02100372314453,91.20600128173828,90.9540023803711,91.08899688720703,0,0.015
2026-01-15 12:00:00+00:00,91.08899688720703,91.12799835205078,90.88800048828125,91.02300262451172,0,0.015
2026-01-15 16:00:00+00:00,91.02100372314453,91.08100128173828,90.97899627685547,91.0260009765625,0,0.015
2026-01-15 20:00:00+00:00,91.03099822998047,91.13600158691406,90.9739990234375,91.06700134277344,0,0.015
2026-01-16 00:00:00+00:00,91.07499694824219,91.16899871826172,90.8489990234375,91.01599884033203,0,0.015
2026-01-16 04:00:00+00:00,91.01899719238281,91.1709976196289,91.01100158691406,91.0780029296875,0,0.015
2026-01-16 08:00:00+00:00,91.07599639892578,91.18800354003906,91.0009994506836,91.08999633789062,0,0.015
2026-01-16 12:00:00+00:00,91.08799743652344,91.17400360107422,90.7979965209961,90.81500244140625,0,0.015
2026-01-16 16:00:00+00:00,90.81500244140625,90.99199676513672,90.81099700927734,90.95999908447266,0,0.015
2026-01-16 20:00:00+00:00,90.95999908447266,90.98999786376953,90.88099670410156,90.9209976196289,0,0.015
2026-01-19 00:00:00+00:00,90.8010025024414,91.10900115966797,90.73600006103516,91.09500122070312,0,0.015
2026-01-19 04:00:00+00:00,91.09300231933594,91.23999786376953,91.06300354003906,91.197998046875,0,0.015
2026-01-19 08:00:00+00:00,91.1989974975586,91.41200256347656,91.1719970703125,91.39099884033203,0,0.015
2026-01-19 12:00:00+00:00,91.39199829101562,91.53600311279297,91.24099731445312,91.5199966430664,0,0.015
2026-01-19 16:00:00+00:00,91.51499938964844,91.61900329589844,91.48999786376953,91.5479965209961,0,0.015
2026-01-19 20:00:00+00:00,91.54499816894531,91.75,91.52200317382812,91.61900329589844,0,0.015
2026-01-20 00:00:00+00:00,91.61000061035156,91.99299621582031,91.51599884033203,91.98300170898438,0,0.015
2026-01-20 04:00:00+00:00,91.97799682617188,92.5009994506836,91.96900177001953,92.44200134277344,0,0.015
2026-01-20 08:00:00+00:00,92.44100189208984,92.45899963378906,91.91100311279297,92.13099670410156,0,0.015
2026-01-20 12:00:00+00:00,92.13099670410156,92.38400268554688,91.98799896240234,92.34500122070312,0,0.015
2026-01-20 16:00:00+00:00,92.34500122070312,92.4209976196289,92.16000366210938,92.26399993896484,0,0.015
2026-01-20 20:00:00+00:00,92.26399993896484,92.27799987792969,92.09400177001953,92.14800262451172,0,0.015
2026-01-21 00:00:00+00:00,92.13999938964844,92.22699737548828,92.02200317382812,92.18800354003906,0,0.015
2026-01-21 04:00:00+00:00,92.18699645996094,92.5,92.08100128173828,92.38700103759766,0,0.015
2026-01-21 08:00:00+00:00,92.38999938964844,92.41200256347656,92.26799774169922,92.35399627685547,0,0.015
2026-01-21 12:00:00+00:00,92.35399627685547,92.69100189208984,92.33200073242188,92.53800201416016,0,0.015
2026-01-21 16:00:00+00:00,92.53800201416016,92.61799621582031,92.33999633789062,92.59100341796875,0,0.015
2026-01-21 20:00:00+00:00,92.59100341796875,92.61799621582031,92.40399932861328,92.5009994506836,0,0.015
2026-01-22 00:00:00+00:00,92.48899841308594,92.94599914550781,92.3759994506836,92.93900299072266,0,0.015
2026-01-22 04:00:00+00:00,92.93900299072266,93.1259994506836,92.89399719238281,93.01000213623047,0,0.015
2026-01-22 08:00:00+00:00,93.01399993896484,93.22100067138672,92.97000122070312,93.15799713134766,0,0.015
2026-01-22 12:00:00+00:00,93.15699768066406,93.48699951171875,93.14700317382812,93.35299682617188,0,0.015
2026-01-22 16:00:00+00:00,93.3550033569336,93.58499908447266,93.34300231933594,93.53500366210938,0,0.015
2026-01-22 20:00:00+00:00,93.53500366210938,93.90299987792969,93.51000213623047,93.74800109863281,0,0.015
2026-01-23 00:00:00+00:00,93.7490005493164,93.90399932861328,93.63500213623047,93.70700073242188,0,0.015
2026-01-23 04:00:00+00:00,93.70700073242188,94.02200317382812,92.94300079345703,93.48600006103516,0,0.015
2026-01-23 08:00:00+00:00,93.49500274658203,93.51799774169922,93.1510009765625,93.38600158691406,0,0.015
2026-01-23 12:00:00+00:00,93.38400268554688,93.6510009765625,93.36799621582031,93.62899780273438,0,0.015
2026-01-23 16:00:00+00:00,93.62899780273438,93.6520004272461,92.4739990234375,92.60199737548828,0,0.015
2026-01-23 20:00:00+00:00,92.60399627685547,92.6969985961914,92.55799865722656,92.6449966430664,0,0.015
2026-01-26 00:00:00+00:00,92.48100280761719,92.50599670410156,91.78600311279297,91.89900207519531,0,0.015
2026-01-26 04:00:00+00:00,91.89800262451172,91.9540023803711,91.6780014038086,91.85700225830078,0,0.015
2026-01-26 08:00:00+00:00,91.85700225830078,91.99600219726562,91.50700378417969,91.76699829101562,0,0.015
2026-01-26 12:00:00+00:00,91.76399993896484,92.18599700927734,91.76100158691406,92.18599700927734,0,0.015
2026-01-26 16:00:00+00:00,92.19000244140625,92.36000061035156,92.0780029296875,92.08300018310547,0,0.015
2026-01-26 20:00:00+00:00,92.08799743652344,92.18399810791016,91.91799926757812,92.13899993896484,0,0.015
2026-01-27 00:00:00+00:00,92.16000366210938,92.19000244140625,91.89700317382812,92.13999938964844,0,0.015
2026-01-27 04:00:00+00:00,92.13300323486328,92.36299896240234,92.11499786376953,92.31900024414062,0,0.015
2026-01-27 08:00:00+00:00,92.31800079345703,92.32499694824219,91.38899993896484,91.94300079345703,0,0.015
2026-01-27 12:00:00+00:00,91.9540023803711,92.1259994506836,91.72100067138672,92.06999969482422,0,0.015
2026-01-27 16:00:00+00:00,92.0719985961914,92.1449966430664,91.77200317382812,91.90499877929688,0,0.015
2026-01-27 20:00:00+00:00,91.91000366210938,92.10399627685547,91.73200225830078,91.89800262451172,0,0.015
2026-01-28 00:00:00+00:00,91.9229965209961,92.11000061035156,91.78399658203125,91.88400268554688,0,0.015
2026-01-28 04:00:00+00:00,91.88500213623047,92.09200286865234,91.74099731445312,92.02200317382812,0,0.015
2026-01-28 08:00:00+00:00,92.02200317382812,92.16300201416016,91.90899658203125,92.03600311279297,0,0.015
2026-01-28 12:00:00+00:00,92.03399658203125,92.63700103759766,91.95700073242188,92.5999984741211,0,0.015
2026-01-28 16:00:00+00:00,92.5979995727539,92.76699829101562,92.55699920654297,92.7229995727539,0,0.015
2026-01-28 20:00:00+00:00,92.71800231933594,92.98899841308594,92.65899658203125,92.81800079345703,0,0.015
2026-01-29 00:00:00+00:00,92.83499908447266,93.01799774169922,92.5780029296875,93.00199890136719,0,0.015
2026-01-29 04:00:00+00:00,93.00199890136719,93.23300170898438,92.96299743652344,93.14099884033203,0,0.015
2026-01-29 08:00:00+00:00,93.1449966430664,93.19400024414062,92.822998046875,92.98600006103516,0,0.015
2026-01-29 12:00:00+00:00,92.99099731445312,93.26200103759766,92.05000305175781,92.17900085449219,0,0.015
2026-01-29 16:00:00+00:00,92.1729965209961,92.94200134277344,92.14700317382812,92.81300354003906,0,0.015
2026-01-29 20:00:00+00:00,92.81400299072266,93.13899993896484,92.80799865722656,93.04499816894531,0,0.015
2026-01-30 00:00:00+00:00,93.03800201416016,93.15699768066406,92.76699829101562,93.06099700927734,0,0.015
2026-01-30 04:00:00+00:00,93.06600189208984,93.17500305175781,92.9469985961914,93.052001953125,0,0.015
2026-01-30 08:00:00+00:00,93.052001953125,93.4469985961914,92.96299743652344,93.43099975585938,0,0.015
2026-01-30 12:00:00+00:00,93.4280014038086,93.87999725341797,93.25599670410156,93.6969985961914,0,0.015
2026-02-02 16:00:00+00:00,93.3010025024414,93.41799926757812,93.3010025024414,93.36699676513672,0,0.015
2026-02-02 20:00:00+00:00,93.36599731445312,93.4749984741211,93.23799896240234,93.44599914550781,0,0.015
2026-02-03 00:00:00+00:00,93.45999908447266,93.8280029296875,93.38500213623047,93.7969970703125,0,0.015
2026-02-03 04:00:00+00:00,93.79499816894531,94.13400268554688,93.71499633789062,94.0510025024414,0,0.015
2026-02-03 08:00:00+00:00,94.05599975585938,94.1709976196289,93.95500183105469,94.00299835205078,0,0.015
2026-02-03 12:00:00+00:00,94.0009994506836,94.21900177001953,93.84500122070312,94.11499786376953,0,0.015
2026-02-03 16:00:00+00:00,94.11499786376953,94.27100372314453,93.90599822998047,94.12200164794922,0,0.015
2026-02-03 20:00:00+00:00,94.12100219726562,94.42400360107422,94.03500366210938,94.08799743652344,0,0.015
2026-02-04 00:00:00+00:00,94.08999633789062,94.40299987792969,94.03700256347656,94.25700378417969,0,0.015
2026-02-04 04:00:00+00:00,94.25599670410156,94.5510025024414,94.24299621582031,94.46800231933594,0,0.015
2026-02-04 08:00:00+00:00,94.45800018310547,94.60299682617188,94.24800109863281,94.38700103759766,0,0.015
2026-02-04 12:00:00+00:00,94.37999725341797,94.49700164794922,93.98400115966797,94.0199966430664,0,0.015
2026-02-04 16:00:00+00:00,94.0270004272461,94.19000244140625,93.7509994506836,94.15699768066406,0,0.015
2026-02-04 20:00:00+00:00,94.15399932861328,94.2249984741211,94.00800323486328,94.07499694824219,0,0.015
2026-02-05 00:00:00+00:00,94.08399963378906,94.26699829101562,93.697998046875,93.8010025024414,0,0.015
2026-02-05 04:00:00+00:00,93.79900360107422,94.1510009765625,93.79900360107422,94.04900360107422,0,0.015
2026-02-05 08:00:00+00:00,94.04900360107422,94.25900268554688,93.91500091552734,94.18000030517578,0,0.015
2026-02-05 12:00:00+00:00,94.17900085449219,94.2490005493164,93.48699951171875,93.7239990234375,0,0.015
2026-02-05 16:00:00+00:00,93.7229995727539,94.02400207519531,93.6760025024414,93.71399688720703,0,0.015
2026-02-05 20:00:00+00:00,93.7040023803711,93.822998046875,93.0469970703125,93.09400177001953,0,0.015
2026-02-06 00:00:00+00:00,93.10299682617188,93.50700378417969,92.8489990234375,93.46800231933594,0,0.015
2026-02-06 04:00:00+00:00,93.46299743652344,93.83300018310547,93.44599914550781,93.76000213623047,0,0.015
2026-02-06 08:00:00+00:00,93.74099731445312,94.1520004272461,93.71700286865234,94.12300109863281,0,0.015
2026-02-06 12:00:00+00:00,94.11699676513672,94.44300079345703,94.03299713134766,94.33499908447266,0,0.015
2026-02-06 16:00:00+00:00,94.33499908447266,94.65299987792969,94.33300018310547,94.53800201416016,0,0.015
2026-02-06 20:00:00+00:00,94.53199768066406,94.64099884033203,94.52200317382812,94.58999633789062,0,0.015
2026-02-09 00:00:00+00:00,94.8479995727539,94.86000061035156,93.98699951171875,94.3239974975586,0,0.015
2026-02-09 04:00:00+00:00,94.3219985961914,94.36199951171875,94.0979995727539,94.26499938964844,0,0.015
2026-02-09 08:00:00+00:00,94.26899719238281,94.33300018310547,93.96600341796875,94.20800018310547,0,0.015
2026-02-09 12:00:00+00:00,94.21600341796875,94.38899993896484,93.96800231933594,94.27400207519531,0,0.015
2026-02-09 16:00:00+00:00,94.27400207519531,94.41100311279297,94.27300262451172,94.3219985961914,0,0.015
2026-02-09 20:00:00+00:00,94.31199645996094,94.51699829101562,94.25900268554688,94.49400329589844,0,0.015
2026-02-10 00:00:00+00:00,94.48500061035156,94.54399871826172,93.75700378417969,93.81900024414062,0,0.015
2026-02-10 04:00:00+00:00,93.80899810791016,93.97000122070312,93.64900207519531,93.96299743652344,0,0.015
2026-02-10 08:00:00+00:00,93.95899963378906,94.05000305175781,93.6989974975586,93.8499984741211,0,0.015
2026-02-10 12:00:00+00:00,93.84500122070312,93.87000274658203,93.19999694824219,93.39099884033203,0,0.015
2026-02-10 16:00:00+00:00,93.39099884033203,93.42500305175781,93.19100189208984,93.36599731445312,0,0.015
2026-02-10 20:00:00+00:00,93.36599731445312,93.37300109863281,93.1449966430664,93.31199645996094,0,0.015
2026-02-11 00:00:00+00:00,93.31600189208984,93.33200073242188,93.0270004272461,93.09600067138672,0,0.015
2026-02-11 04:00:00+00:00,93.09600067138672,93.1449966430664,92.6240005493164,92.75800323486328,0,0.015
2026-02-11 08:00:00+00:00,92.76399993896484,93.11100006103516,92.73200225830078,93.04399871826172,0,0.015
2026-02-11 12:00:00+00:00,93.04399871826172,93.24099731445312,92.4219970703125,92.76200103759766,0,0.015
2026-02-11 16:00:00+00:00,92.76000213623047,92.79299926757812,92.43800354003906,92.58599853515625,0,0.015
2026-02-11 20:00:00+00:00,92.58599853515625,92.74400329589844,92.54199981689453,92.70099639892578,0,0.015
2026-02-12 00:00:00+00:00,92.68399810791016,92.81199645996094,92.23799896240234,92.36399841308594,0,0.015
2026-02-12 04:00:00+00:00,92.36399841308594,92.78399658203125,92.3010025024414,92.6989974975586,0,0.015
2026-02-12 08:00:00+00:00,92.69200134277344,93.11299896240234,92.58399963378906,93.09700012207031,0,0.015
2026-02-12 12:00:00+00:00,93.0979995727539,93.20899963378906,92.55000305175781,92.61199951171875,0,0.015
2026-02-12 16:00:00+00:00,92.60600280761719,92.63099670410156,91.98100280761719,92.30000305175781,0,0.015
2026-02-12 20:00:00+00:00,92.30000305175781,92.31900024414062,92.02999877929688,92.16500091552734,0,0.015
2026-02-13 00:00:00+00:00,92.15299987792969,92.55400085449219,92.08599853515625,92.25299835205078,0,0.015
2026-02-13 04:00:00+00:00,92.24800109863281,92.49400329589844,92.19999694824219,92.41500091552734,0,0.015
2026-02-13 08:00:00+00:00,92.40699768066406,92.79900360107422,92.26300048828125,92.33000183105469,0,0.015
2026-02-13 12:00:00+00:00,92.33300018310547,92.49700164794922,92.0260009765625,92.28199768066406,0,0.015
2026-02-13 16:00:00+00:00,92.27999877929688,92.44999694824219,92.18199920654297,92.25900268554688,0,0.015
2026-02-13 20:00:00+00:00,92.25900268554688,92.31700134277344,92.15699768066406,92.21199798583984,0,0.015
2026-02-16 00:00:00+00:00,92.17900085449219,92.44300079345703,92.15399932861328,92.30999755859375,0,0.015
2026-02-16 04:00:00+00:00,92.30599975585938,92.62300109863281,92.2490005493164,92.58399963378906,0,0.015
2026-02-16 08:00:00+00:00,92.58399963378906,92.85900115966797,92.55799865722656,92.6729965209961,0,0.015
2026-02-16 12:00:00+00:00,92.677001953125,92.70899963378906,92.49099731445312,92.55999755859375,0,0.015
2026-02-16 16:00:00+00:00,92.55999755859375,92.6500015258789,92.53199768066406,92.60900115966797,0,0.015
2026-02-16 20:00:00+00:00,92.60900115966797,92.71800231933594,92.5199966430664,92.61299896240234,0,0.015
2026-02-17 00:00:00+00:00,92.61000061035156,92.63200378417969,92.1240005493164,92.31099700927734,0,0.015
2026-02-17 04:00:00+00:00,92.31099700927734,92.4209976196289,92.14800262451172,92.2750015258789,0,0.015
2026-02-17 08:00:00+00:00,92.27799987792969,92.58599853515625,92.1510009765625,92.46900177001953,0,0.015
2026-02-17 12:00:00+00:00,92.46900177001953,92.55599975585938,92.19300079345703,92.49299621582031,0,0.015
2026-02-17 16:00:00+00:00,92.48899841308594,92.77300262451172,92.48300170898438,92.69300079345703,0,0.015
2026-02-17 20:00:00+00:00,92.68800354003906,92.75700378417969,92.58999633789062,92.60600280761719,0,0.015
2026-02-18 00:00:00+00:00,92.59600067138672,92.71499633789062,92.03800201416016,92.13200378417969,0,0.015
2026-02-18 04:00:00+00:00,92.1500015258789,92.18199920654297,91.97799682617188,92.13400268554688,0,0.015
2026-02-18 08:00:00+00:00,92.13899993896484,92.4530029296875,92.1240005493164,92.30999755859375,0,0.015
2026-02-18 12:00:00+00:00,92.302001953125,92.51599884033203,92.12000274658203,92.46299743652344,0,0.015
2026-02-18 16:00:00+00:00,92.46199798583984,92.52899932861328,92.18499755859375,92.24600219726562,0,0.015
2026-02-18 20:00:00+00:00,92.2509994506836,92.39399719238281,92.23400115966797,92.30799865722656,0,0.015
2026-02-19 00:00:00+00:00,92.28399658203125,92.74700164794922,92.18900299072266,92.6780014038086,0,0.015
2026-02-19 04:00:00+00:00,92.6780014038086,92.86199951171875,92.54499816894531,92.73300170898438,0,0.015
2026-02-19 08:00:00+00:00,92.72599792480469,92.80000305175781,92.21299743652344,92.30500030517578,0,0.015
2026-02-19 12:00:00+00:00,92.30599975585938,92.69000244140625,92.22799682617188,92.57099914550781,0,0.015
2026-02-19 16:00:00+00:00,92.57099914550781,92.58599853515625,92.4219970703125,92.50900268554688,0,0.015
2026-02-19 20:00:00+00:00,92.50499725341797,92.68599700927734,92.4520034790039,92.63800048828125,0,0.015
2026-02-20 00:00:00+00:00,92.64700317382812,92.66799926757812,92.1449966430664,92.2509994506836,0,0.015
2026-02-20 04:00:00+00:00,92.2509994506836,92.49199676513672,92.197998046875,92.46499633789062,0,0.015
2026-02-20 08:00:00+00:00,92.45899963378906,92.73300170898438,92.35700225830078,92.43000030517578,0,0.015
2026-02-20 12:00:00+00:00,92.43099975585938,92.87100219726562,92.34700012207031,92.54199981689453,0,0.015
2026-02-20 16:00:00+00:00,92.54299926757812,92.6969985961914,92.42400360107422,92.65299987792969,0,0.015
2026-02-20 20:00:00+00:00,92.65299987792969,92.69400024414062,92.59100341796875,92.65799713134766,0,0.015
2026-02-23 00:00:00+00:00,92.65299987792969,92.65699768066406,92.23899841308594,92.31500244140625,0,0.015
2026-02-23 04:00:00+00:00,92.31700134277344,92.53099822998047,92.2760009765625,92.41200256347656,0,0.015
2026-02-23 08:00:00+00:00,92.41200256347656,92.62899780273438,92.39099884033203,92.43399810791016,0,0.015
2026-02-23 12:00:00+00:00,92.43800354003906,92.51499938964844,92.05400085449219,92.10399627685547,0,0.015
2026-02-23 16:00:00+00:00,92.11000061035156,92.22100067138672,91.9229965209961,92.0770034790039,0,0.015
2026-02-23 20:00:00+00:00,92.0719985961914,92.18599700927734,91.96900177001953,92.16799926757812,0,0.015
2026-02-24 00:00:00+00:00,92.16200256347656,92.49400329589844,92.15499877929688,92.47799682617188,0,0.015
2026-02-24 04:00:00+00:00,92.4749984741211,93.09700012207031,92.38099670410156,93.05799865722656,0,0.015
2026-02-24 08:00:00+00:00,93.05799865722656,93.22200012207031,92.7509994506836,92.83100128173828,0,0.015
2026-02-24 12:00:00+00:00,92.8290023803711,93.01100158691406,92.69400024414062,92.91400146484375,0,0.015
2026-02-24 16:00:00+00:00,92.91300201416016,93.0260009765625,92.89900207519531,92.95800018310547,0,0.015
2026-02-24 20:00:00+00:00,92.95800018310547,93.03299713134766,92.8010025024414,92.96800231933594,0,0.015
2026-02-25 00:00:00+00:00,92.97200012207031,93.19599914550781,92.85800170898438,93.08399963378906,0,0.015
2026-02-25 04:00:00+00:00,93.08200073242188,93.33399963378906,93.02200317382812,93.29100036621094,0,0.015
2026-02-25 08:00:00+00:00,93.29100036621094,93.60900115966797,93.29100036621094,93.47799682617188,0,0.015
2026-02-25 12:00:00+00:00,93.4749984741211,93.6760025024414,93.45500183105469,93.6510009765625,0,0.015
2026-02-25 16:00:00+00:00,93.64399719238281,93.88099670410156,93.63200378417969,93.79299926757812,0,0.015
2026-02-25 20:00:00+00:00,93.79100036621094,93.88099670410156,93.66200256347656,93.7030029296875,0,0.015
2026-02-26 00:00:00+00:00,93.69300079345703,93.74500274658203,93.54100036621094,93.5780029296875,0,0.015
2026-02-26 04:00:00+00:00,93.57499694824219,93.74400329589844,93.53299713134766,93.5780029296875,0,0.015
2026-02-26 08:00:00+00:00,93.5780029296875,93.58699798583984,93.32499694824219,93.36000061035156,0,0.015
2026-02-26 12:00:00+00:00,93.35700225830078,93.51799774169922,92.9520034790039,93.28399658203125,0,0.015
2026-02-26 16:00:00+00:00,93.2770004272461,93.48400115966797,93.14800262451172,93.4260025024414,0,0.015
2026-02-26 20:00:00+00:00,93.4260025024414,93.46499633789062,93.15799713134766,93.19999694824219,0,0.015
2026-02-27 00:00:00+00:00,93.18699645996094,93.3489990234375,93.03600311279297,93.28500366210938,0,0.015
2026-02-27 04:00:00+00:00,93.27899932861328,93.51100158691406,93.1969985961914,93.48200225830078,0,0.015
2026-02-27 08:00:00+00:00,93.48400115966797,93.54499816894531,93.2509994506836,93.27799987792969,0,0.015
2026-02-27 12:00:00+00:00,93.28199768066406,93.69100189208984,93.21199798583984,93.64099884033203,0,0.015
2026-02-27 16:00:00+00:00,93.64099884033203,93.68699645996094,93.4729995727539,93.54399871826172,0,0.015
2026-02-27 20:00:00+00:00,93.54399871826172,93.69499969482422,93.51200103759766,93.5719985961914,0,0.015
2026-03-02 00:00:00+00:00,93.29000091552734,93.73600006103516,93.15699768066406,93.54499816894531,0,0.015
2026-03-02 04:00:00+00:00,93.54499816894531,93.61199951171875,93.2020034790039,93.29299926757812,0,0.015
2026-03-02 08:00:00+00:00,93.29299926757812,93.60199737548828,93.18800354003906,93.5250015258789,0,0.015
2026-03-02 12:00:00+00:00,93.5250015258789,93.74800109863281,93.4020004272461,93.48100280761719,0,0.015
2026-03-02 16:00:00+00:00,93.4800033569336,93.61499786376953,93.1969985961914,93.55799865722656,0,0.015
2026-03-02 20:00:00+00:00,93.55599975585938,93.58200073242188,93.36199951171875,93.52300262451172,0,0.015
2026-03-03 00:00:00+00:00,93.50499725341797,93.76300048828125,93.36900329589844,93.49299621582031,0,0.015
2026-03-03 04:00:00+00:00,93.49299621582031,93.54100036621094,92.99500274658203,93.04399871826172,0,0.015
2026-03-03 08:00:00+00:00,93.03800201416016,93.10600280761719,92.54199981689453,92.8740005493164,0,0.015
2026-03-03 12:00:00+00:00,92.8740005493164,93.04499816894531,92.10900115966797,92.54100036621094,0,0.015
2026-03-03 16:00:00+00:00,92.54299926757812,93.0780029296875,92.53399658203125,92.93199920654297,0,0.015
2026-03-03 20:00:00+00:00,92.93800354003906,92.96700286865234,92.71700286865234,92.90599822998047,0,0.015
2026-03-04 00:00:00+00:00,92.88200378417969,92.9010009765625,92.4219970703125,92.87100219726562,0,0.015
2026-03-04 04:00:00+00:00,92.86900329589844,93.03299713134766,92.61900329589844,92.95099639892578,0,0.015
2026-03-04 08:00:00+00:00,92.95099639892578,93.125,92.74600219726562,92.91500091552734,0,0.015
2026-03-04 12:00:00+00:00,92.91400146484375,93.22000122070312,92.84300231933594,93.1709976196289,0,0.015
2026-03-04 16:00:00+00:00,93.1709976196289,93.27400207519531,92.9800033569336,93.23400115966797,0,0.015
2026-03-04 20:00:00+00:00,93.23400115966797,93.33300018310547,93.18399810791016,93.19000244140625,0,0.015
2026-03-05 00:00:00+00:00,93.19200134277344,93.26899719238281,92.9280014038086,93.072998046875,0,0.015
2026-03-05 04:00:00+00:00,93.0719985961914,93.19100189208984,92.91500091552734,93.13899993896484,0,0.015
2026-03-05 08:00:00+00:00,93.1449966430664,93.31700134277344,92.79900360107422,93.1969985961914,0,0.015
2026-03-05 12:00:00+00:00,93.1969985961914,93.31400299072266,92.87100219726562,92.9260025024414,0,0.015
2026-03-05 16:00:00+00:00,92.9280014038086,92.93499755859375,92.6500015258789,92.75399780273438,0,0.015
2026-03-05 20:00:00+00:00,92.75599670410156,93.00700378417969,92.70999908447266,92.89099884033203,0,0.015
2026-03-06 00:00:00+00:00,92.88700103759766,93.16300201416016,92.81600189208984,93.08699798583984,0,0.015
2026-03-06 04:00:00+00:00,93.08499908447266,93.25399780273438,93.05599975585938,93.13099670410156,0,0.015
2026-03-06 08:00:00+00:00,93.13099670410156,93.14800262451172,92.6050033569336,92.62799835205078,0,0.015
2026-03-06 12:00:00+00:00,92.625,92.91100311279297,92.47200012207031,92.7490005493164,0,0.015
2026-03-06 16:00:00+00:00,92.7490005493164,93.16999816894531,92.74500274658203,93.16200256347656,0,0.015
2026-03-06 20:00:00+00:00,93.15399932861328,93.20999908447266,93.03500366210938,93.09200286865234,0,0.015
2026-03-09 00:00:00+00:00,92.6780014038086,93.31300354003906,92.63600158691406,93.22100067138672,0,0.015
2026-03-09 04:00:00+00:00,93.22100067138672,93.41100311279297,93.1449966430664,93.33799743652344,0,0.015
2026-03-09 08:00:00+00:00,93.33000183105469,93.6729965209961,93.20700073242188,93.58499908447266,0,0.015
2026-03-09 12:00:00+00:00,93.58799743652344,93.70500183105469,93.4219970703125,93.53399658203125,0,0.015
2026-03-09 16:00:00+00:00,93.53800201416016,93.73999786376953,93.44499969482422,93.53800201416016,0,0.015
2026-03-09 20:00:00+00:00,93.53800201416016,93.6709976196289,93.44300079345703,93.54399871826172,0,0.015
2026-03-10 00:00:00+00:00,93.55000305175781,93.60199737548828,93.22899627685547,93.33100128173828,0,0.015
2026-03-10 04:00:00+00:00,93.33100128173828,93.48300170898438,93.18000030517578,93.41500091552734,0,0.015
2026-03-10 08:00:00+00:00,93.41200256347656,93.78600311279297,93.2959976196289,93.74700164794922,0,0.015
2026-03-10 12:00:00+00:00,93.73899841308594,94.00399780273438,93.61000061035156,93.83899688720703,0,0.015
2026-03-10 16:00:00+00:00,93.84200286865234,93.90899658203125,93.6520004272461,93.72100067138672,0,0.015
2026-03-10 20:00:00+00:00,93.71099853515625,93.75900268554688,93.60900115966797,93.66000366210938,0,0.015
2026-03-11 00:00:00+00:00,93.64900207519531,94.03299713134766,93.63700103759766,94.0,0,0.015
2026-03-11 04:00:00+00:00,94.01000213623047,94.09600067138672,93.79199981689453,93.88400268554688,0,0.015
2026-03-11 08:00:00+00:00,93.8759994506836,93.98600006103516,93.7750015258789,93.87300109863281,0,0.015
2026-03-11 12:00:00+00:00,93.87300109863281,94.18299865722656,93.7239990234375,93.8270034790039,0,0.015
2026-03-11 16:00:00+00:00,93.8270034790039,94.0719985961914,93.80500030517578,94.05000305175781,0,0.015
2026-03-11 20:00:00+00:00,94.06099700927734,94.06800079345703,93.71900177001953,93.76200103759766,0,0.015
2026-03-12 00:00:00+00:00,93.77400207519531,93.947998046875,93.75199890136719,93.9209976196289,0,0.015
2026-03-12 04:00:00+00:00,93.9209976196289,93.93499755859375,93.72100067138672,93.76599884033203,0,0.015
2026-03-12 08:00:00+00:00,93.77300262451172,93.84500122070312,93.66500091552734,93.66999816894531,0,0.015
2026-03-12 12:00:00+00:00,93.66999816894531,93.69200134277344,93.23600006103516,93.41999816894531,0,0.015
2026-03-12 16:00:00+00:00,93.42400360107422,93.46199798583984,93.25,93.2979965209961,0,0.015
2026-03-12 20:00:00+00:00,93.2979965209961,93.32599639892578,93.14199829101562,93.19499969482422,0,0.015
2026-03-13 00:00:00+00:00,93.19300079345703,93.26799774169922,93.0780029296875,93.14399719238281,0,0.015
2026-03-13 04:00:00+00:00,93.14399719238281,93.15499877929688,92.54900360107422,92.5999984741211,0,0.015
2026-03-13 08:00:00+00:00,92.59700012207031,92.9219970703125,92.51200103759766,92.86699676513672,0,0.015
2026-03-13 12:00:00+00:00,92.86900329589844,92.97799682617188,92.56099700927734,92.56099700927734,0,0.015
2026-03-13 16:00:00+00:00,92.56300354003906,92.66799926757812,92.3290023803711,92.33499908447266,0,0.015
2026-03-13 20:00:00+00:00,92.33499908447266,92.34100341796875,92.1449966430664,92.23100280761719,0,0.015
2026-03-16 00:00:00+00:00,92.46700286865234,92.75,92.39700317382812,92.65899658203125,0,0.015
2026-03-16 04:00:00+00:00,92.65899658203125,92.73100280761719,92.38500213623047,92.48500061035156,0,0.015
2026-03-16 08:00:00+00:00,92.47699737548828,93.01399993896484,92.4729995727539,92.93099975585938,0,0.015
2026-03-16 12:00:00+00:00,92.93399810791016,93.16500091552734,92.90499877929688,93.11000061035156,0,0.015
2026-03-16 16:00:00+00:00,93.1050033569336,93.27300262451172,93.01300048828125,93.25800323486328,0,0.015
2026-03-16 20:00:00+00:00,93.26499938964844,93.27300262451172,93.08699798583984,93.11900329589844,0,0.015
2026-03-17 00:00:00+00:00,93.1259994506836,93.30899810791016,93.07599639892578,93.11499786376953,0,0.015
2026-03-17 04:00:00+00:00,93.10900115966797,93.15899658203125,92.69999694824219,92.74400329589844,0,0.015
2026-03-17 08:00:00+00:00,92.74400329589844,93.00499725341797,92.60299682617188,92.90399932861328,0,0.015
2026-03-17 12:00:00+00:00,92.9000015258789,93.15499877929688,92.89199829101562,93.14700317382812,0,0.015
2026-03-17 16:00:00+00:00,93.14099884033203,93.26100158691406,93.08999633789062,93.12000274658203,0,0.015
2026-03-17 20:00:00+00:00,93.12000274658203,93.17900085449219,92.97699737548828,93.07499694824219,0,0.015
2026-03-18 00:00:00+00:00,93.08499908447266,93.28099822998047,93.0199966430664,93.12699890136719,0,0.015
2026-03-18 04:00:00+00:00,93.125,93.16300201416016,92.98100280761719,92.99400329589844,0,0.015
2026-03-18 08:00:00+00:00,92.99400329589844,93.2300033569336,92.99199676513672,93.06300354003906,0,0.015
2026-03-18 12:00:00+00:00,93.06300354003906,93.25199890136719,92.75900268554688,93.12300109863281,0,0.015
2026-03-18 16:00:00+00:00,93.11799621582031,93.20500183105469,92.7750015258789,92.7750015258789,0,0.015
2026-03-18 20:00:00+00:00,92.7760009765625,92.89800262451172,92.42900085449219,92.60099792480469,0,0.015
2026-03-19 00:00:00+00:00,92.59600067138672,93.01000213623047,92.58399963378906,92.89099884033203,0,0.015
2026-03-19 04:00:00+00:00,92.89099884033203,92.95999908447266,92.44200134277344,92.4800033569336,0,0.015
2026-03-19 08:00:00+00:00,92.47100067138672,92.71199798583984,92.35800170898438,92.48600006103516,0,0.015
2026-03-19 12:00:00+00:00,92.48500061035156,92.57599639892578,92.11199951171875,92.23899841308594,0,0.015
2026-03-19 16:00:00+00:00,92.24500274658203,92.81700134277344,92.21399688720703,92.58599853515625,0,0.015
2026-03-19 20:00:00+00:00,92.58599853515625,92.73100280761719,92.53099822998047,92.64900207519531,0,0.015
2026-03-20 00:00:00+00:00,92.64399719238281,93.20999908447266,92.63800048828125,93.15899658203125,0,0.015
2026-03-20 04:00:00+00:00,93.16899871826172,93.2979965209961,93.01799774169922,93.19300079345703,0,0.015
2026-03-20 08:00:00+00:00,93.1989974975586,93.26599884033203,92.96900177001953,93.10700225830078,0,0.015
2026-03-20 12:00:00+00:00,93.09700012207031,93.19000244140625,92.77400207519531,92.98400115966797,0,0.015
2026-03-20 16:00:00+00:00,92.98799896240234,93.1050033569336,92.68000030517578,92.802001953125,0,0.015
2026-03-20 20:00:00+00:00,92.81099700927734,92.9280014038086,92.75299835205078,92.9280014038086,0,0.015
2026-03-23 00:00:00+00:00,92.8239974975586,93.00900268554688,92.56500244140625,92.6449966430664,0,0.015
2026-03-23 04:00:00+00:00,92.6449966430664,92.68299865722656,92.33399963378906,92.41300201416016,0,0.015
2026-03-23 08:00:00+00:00,92.41500091552734,92.70899963378906,91.947998046875,92.34400177001953,0,0.015
2026-03-23 12:00:00+00:00,92.3499984741211,93.21099853515625,92.25599670410156,92.71900177001953,0,0.015
2026-03-23 16:00:00+00:00,92.71499633789062,93.01899719238281,92.61499786376953,92.91000366210938,0,0.015
2026-03-23 20:00:00+00:00,92.90299987792969,92.93399810791016,92.62300109863281,92.75900268554688,0,0.015
2026-03-24 00:00:00+00:00,92.77300262451172,92.78299713134766,92.4530029296875,92.56500244140625,0,0.015
2026-03-24 04:00:00+00:00,92.56600189208984,92.84100341796875,92.40299987792969,92.68099975585938,0,0.015
2026-03-24 08:00:00+00:00,92.66999816894531,92.68499755859375,92.28199768066406,92.58599853515625,0,0.015
2026-03-24 12:00:00+00:00,92.58799743652344,92.62300109863281,92.34500122070312,92.4209976196289,0,0.015
2026-03-24 16:00:00+00:00,92.4219970703125,92.55500030517578,92.19400024414062,92.50599670410156,0,0.015
2026-03-24 20:00:00+00:00,92.49299621582031,92.72799682617188,92.48300170898438,92.61799621582031,0,0.015
2026-03-25 00:00:00+00:00,92.6050033569336,92.72100067138672,92.41300201416016,92.46499633789062,0,0.015
2026-03-25 04:00:00+00:00,92.45600128173828,92.55500030517578,92.33200073242188,92.54499816894531,0,0.015
2026-03-25 08:00:00+00:00,92.53500366210938,92.59600067138672,92.35800170898438,92.48999786376953,0,0.015
2026-03-25 12:00:00+00:00,92.49700164794922,92.62799835205078,92.37699890136719,92.552001953125,0,0.015
2026-03-25 16:00:00+00:00,92.5510025024414,92.73100280761719,92.4990005493164,92.58100128173828,0,0.015
2026-03-25 20:00:00+00:00,92.58100128173828,92.61599731445312,92.4520034790039,92.51399993896484,0,0.015
2026-03-26 00:00:00+00:00,92.52400207519531,92.59700012207031,92.39600372314453,92.5770034790039,0,0.015
2026-03-26 04:00:00+00:00,92.5719985961914,92.60800170898438,92.21199798583984,92.24299621582031,0,0.015
2026-03-26 08:00:00+00:00,92.24400329589844,92.38400268554688,92.1449966430664,92.14900207519531,0,0.015
2026-03-26 12:00:00+00:00,92.14900207519531,92.4010009765625,92.13999938964844,92.2229995727539,0,0.015
2026-03-26 16:00:00+00:00,92.2229995727539,92.24600219726562,91.90899658203125,91.92400360107422,0,0.015
2026-03-26 20:00:00+00:00,91.92500305175781,92.17500305175781,91.87699890136719,91.99700164794922,0,0.015
2026-03-27 00:00:00+00:00,91.98899841308594,92.1259994506836,91.76399993896484,92.11499786376953,0,0.015
2026-03-27 04:00:00+00:00,92.11000061035156,92.30799865722656,92.07099914550781,92.18800354003906,0,0.015
2026-03-27 08:00:00+00:00,92.19200134277344,92.28800201416016,92.04900360107422,92.05599975585938,0,0.015
2026-03-27 12:00:00+00:00,92.04900360107422,92.20899963378906,91.9229965209961,92.20500183105469,0,0.015
2026-03-27 16:00:00+00:00,92.2030029296875,92.26599884033203,91.98100280761719,92.00700378417969,0,0.015
2026-03-27 20:00:00+00:00,91.99600219726562,92.11299896240234,91.9729995727539,92.09400177001953,0,0.015
2026-03-29 20:00:00+00:00,91.90699768066406,91.95800018310547,91.73600006103516,91.7509994506836,0,0.015
2026-03-30 00:00:00+00:00,91.75599670410156,91.78700256347656,91.50299835205078,91.66799926757812,0,0.015
2026-03-30 04:00:00+00:00,91.66799926757812,91.83599853515625,91.4219970703125,91.49099731445312,0,0.015
2026-03-30 08:00:00+00:00,91.49600219726562,91.50900268554688,91.22000122070312,91.25599670410156,0,0.015
2026-03-30 12:00:00+00:00,91.25499725341797,91.30799865722656,90.94599914550781,91.12899780273438,0,0.015
2026-03-30 16:00:00+00:00,91.11599731445312,91.28900146484375,91.06700134277344,91.27400207519531,0,0.015
2026-03-30 20:00:00+00:00,91.28299713134766,91.4229965209961,91.24099731445312,91.36900329589844,0,0.015
2026-03-31 00:00:00+00:00,91.35800170898438,91.60199737548828,91.23500061035156,91.28700256347656,0,0.015
2026-03-31 04:00:00+00:00,91.28900146484375,91.33899688720703,90.96800231933594,91.24299621582031,0,0.015
2026-03-31 08:00:00+00:00,91.25199890136719,91.30999755859375,91.05899810791016,91.28600311279297,0,0.015
2026-03-31 12:00:00+00:00,91.28399658203125,91.41999816894531,90.66600036621094,90.7969970703125,0,0.015
2026-03-31 16:00:00+00:00,90.80699920654297,91.23200225830078,90.79000091552734,91.14900207519531,0,0.015
2026-03-31 20:00:00+00:00,91.14600372314453,91.25700378417969,91.06199645996094,91.22100067138672,0,0.015
2026-04-01 00:00:00+00:00,91.23500061035156,91.38700103759766,90.9000015258789,91.03399658203125,0,0.015
2026-04-01 04:00:00+00:00,91.02799987792969,91.35800170898438,91.01899719238281,91.3010025024414,0,0.015
2026-04-01 08:00:00+00:00,91.30000305175781,91.54499816894531,91.26000213623047,91.37999725341797,0,0.015
2026-04-01 12:00:00+00:00,91.38899993896484,91.53399658203125,91.26399993896484,91.4739990234375,0,0.015
2026-04-01 16:00:00+00:00,91.4739990234375,91.53399658203125,91.14700317382812,91.33499908447266,0,0.015
2026-04-01 20:00:00+00:00,91.33100128173828,91.39900207519531,91.16300201416016,91.21199798583984,0,0.015
2026-04-02 00:00:00+00:00,91.22000122070312,91.33899688720703,90.94599914550781,91.0270004272461,0,0.015
2026-04-02 04:00:00+00:00,91.03600311279297,91.24099731445312,90.81700134277344,91.19300079345703,0,0.015
2026-04-02 08:00:00+00:00,91.1989974975586,91.21900177001953,91.03399658203125,91.0739974975586,0,0.015
2026-04-02 12:00:00+00:00,91.072998046875,91.37300109863281,91.05000305175781,91.21700286865234,0,0.015
2026-04-02 16:00:00+00:00,91.21099853515625,91.34500122070312,91.14600372314453,91.24700164794922,0,0.015
2026-04-02 20:00:00+00:00,91.25399780273438,91.26399993896484,91.07099914550781,91.16000366210938,0,0.015
2026-04-03 00:00:00+00:00,91.1520004272461,91.23699951171875,91.08399963378906,91.0989990234375,0,0.015
2026-04-03 04:00:00+00:00,91.09200286865234,91.16799926757812,91.03700256347656,91.09500122070312,0,0.015
2026-04-03 08:00:00+00:00,91.08399963378906,91.14800262451172,91.00700378417969,91.11000061035156,0,0.015
2026-04-03 12:00:00+00:00,91.11699676513672,91.13500213623047,90.81600189208984,90.88400268554688,0,0.015
2026-04-03 16:00:00+00:00,90.88400268554688,90.90899658203125,90.68299865722656,90.81300354003906,0,0.015
2026-04-03 20:00:00+00:00,90.81300354003906,90.93499755859375,90.68199920654297,90.88800048828125,0,0.015
2026-04-05 20:00:00+00:00,90.81300354003906,90.88600158691406,90.77100372314453,90.83599853515625,0,0.015
2026-04-06 00:00:00+00:00,90.84100341796875,91.04299926757812,90.81999969482422,90.95500183105469,0,0.015
2026-04-06 04:00:00+00:00,90.947998046875,91.28399658203125,90.93299865722656,91.21399688720703,0,0.015
2026-04-06 08:00:00+00:00,91.2020034790039,91.29399871826172,91.13999938964844,91.27400207519531,0,0.015
2026-04-06 12:00:00+00:00,91.27100372314453,91.36000061035156,91.14800262451172,91.31800079345703,0,0.015
2026-04-06 16:00:00+00:00,91.31700134277344,91.3280029296875,91.15799713134766,91.23100280761719,0,0.015
2026-04-06 20:00:00+00:00,91.2239990234375,91.36399841308594,91.10600280761719,91.23500061035156,0,0.015
2026-04-07 00:00:00+00:00,91.2300033569336,91.25900268554688,90.9739990234375,91.0770034790039,0,0.015
2026-04-07 04:00:00+00:00,91.06999969482422,91.17900085449219,91.01100158691406,91.09300231933594,0,0.015
2026-04-07 08:00:00+00:00,91.09300231933594,91.2699966430664,91.01799774169922,91.1729965209961,0,0.015
2026-04-07 12:00:00+00:00,91.1719970703125,91.30699920654297,91.01399993896484,91.16899871826172,0,0.015
2026-04-07 16:00:00+00:00,91.1719970703125,91.40299987792969,91.15399932861328,91.33300018310547,0,0.015
2026-04-07 20:00:00+00:00,91.33100128173828,92.37000274658203,91.2979965209961,92.1760025024414,0,0.015
2026-04-08 00:00:00+00:00,92.18800354003906,92.29499816894531,91.74800109863281,92.24199676513672,0,0.015
2026-04-08 04:00:00+00:00,92.2509994506836,92.5469970703125,92.16899871826172,92.2040023803711,0,0.015
2026-04-08 08:00:00+00:00,92.19999694824219,92.33799743652344,92.08799743652344,92.302001953125,0,0.015
2026-04-08 12:00:00+00:00,92.3010025024414,92.52799987792969,92.24099731445312,92.41699981689453,0,0.015
2026-04-08 16:00:00+00:00,92.41699981689453,92.47799682617188,92.18399810791016,92.34600067138672,0,0.015
2026-04-08 20:00:00+00:00,92.33499908447266,92.45099639892578,92.21900177001953,92.3949966430664,0,0.015
2026-04-09 00:00:00+00:00,92.3949966430664,92.63700103759766,92.30000305175781,92.572998046875,0,0.015
2026-04-09 04:00:00+00:00,92.5719985961914,92.74400329589844,92.56199645996094,92.68000030517578,0,0.015
2026-04-09 08:00:00+00:00,92.66899871826172,92.80400085449219,92.64900207519531,92.76899719238281,0,0.015
2026-04-09 12:00:00+00:00,92.7699966430664,93.23699951171875,92.74199676513672,93.21800231933594,0,0.015
2026-04-09 16:00:00+00:00,93.21800231933594,93.24099731445312,93.0510025024414,93.21199798583984,0,0.015
2026-04-09 20:00:00+00:00,93.21099853515625,93.25599670410156,93.03700256347656,93.06700134277344,0,0.015
2026-04-10 00:00:00+00:00,93.06700134277344,93.177001953125,93.01899719238281,93.10399627685547,0,0.015
2026-04-10 04:00:00+00:00,93.10299682617188,93.18499755859375,92.9489974975586,92.95899963378906,0,0.015
2026-04-10 08:00:00+00:00,92.96499633789062,93.06700134277344,92.91799926757812,93.05599975585938,0,0.015
2026-04-10 12:00:00+00:00,93.0530014038086,93.37799835205078,92.99199676513672,93.00900268554688,0,0.015
2026-04-10 16:00:00+00:00,93.0009994506836,93.12999725341797,92.93099975585938,93.06700134277344,0,0.015
2026-04-10 20:00:00+00:00,93.06700134277344,93.10800170898438,92.91100311279297,92.94599914550781,0,0.015
2026-04-12 20:00:00+00:00,92.7030029296875,92.7239990234375,92.60299682617188,92.65399932861328,0,0.015
2026-04-13 00:00:00+00:00,92.65399932861328,93.03500366210938,92.62899780273438,93.01699829101562,0,0.015
2026-04-13 04:00:00+00:00,93.00499725341797,93.25199890136719,92.96600341796875,93.1500015258789,0,0.015
2026-04-13 08:00:00+00:00,93.1510009765625,93.18699645996094,92.98799896240234,93.01100158691406,0,0.015
2026-04-13 12:00:00+00:00,93.00299835205078,93.33000183105469,92.94100189208984,93.30799865722656,0,0.015
2026-04-13 16:00:00+00:00,93.3030014038086,93.56999969482422,93.2750015258789,93.50800323486328,0,0.015
2026-04-13 20:00:00+00:00,93.51899719238281,93.59100341796875,93.4000015258789,93.46600341796875,0,0.015
2026-04-14 00:00:00+00:00,93.46499633789062,93.5009994506836,93.21700286865234,93.31199645996094,0,0.015
2026-04-14 04:00:00+00:00,93.3239974975586,93.73400115966797,93.30799865722656,93.64399719238281,0,0.015
2026-04-14 08:00:00+00:00,93.64399719238281,93.77799987792969,93.58300018310547,93.70800018310547,0,0.015
2026-04-14 12:00:00+00:00,93.71299743652344,93.91999816894531,93.6760025024414,93.83200073242188,0,0.015
2026-04-14 16:00:00+00:00,93.83300018310547,93.8499984741211,93.68699645996094,93.74400329589844,0,0.015
2026-04-14 20:00:00+00:00,93.75599670410156,93.78700256347656,93.58599853515625,93.71800231933594,0,0.015
2026-04-15 00:00:00+00:00,93.71700286865234,93.86000061035156,93.66300201416016,93.81800079345703,0,0.015
2026-04-15 04:00:00+00:00,93.80999755859375,93.91300201416016,93.74600219726562,93.82599639892578,0,0.015
2026-04-15 08:00:00+00:00,93.8270034790039,93.84200286865234,93.677001953125,93.81700134277344,0,0.015
2026-04-15 12:00:00+00:00,93.81099700927734,93.96499633789062,93.7229995727539,93.92400360107422,0,0.015
2026-04-15 16:00:00+00:00,93.92400360107422,94.09700012207031,93.85399627685547,94.00900268554688,0,0.015
2026-04-15 20:00:00+00:00,94.00700378417969,94.06400299072266,93.86299896240234,93.86699676513672,0,0.015
2026-04-16 00:00:00+00:00,93.86799621582031,93.95899963378906,93.6719970703125,93.8949966430664,0,0.015
2026-04-16 04:00:00+00:00,93.88899993896484,93.9520034790039,93.75499725341797,93.78199768066406,0,0.015
2026-04-16 08:00:00+00:00,93.7750015258789,93.81500244140625,93.59400177001953,93.7229995727539,0,0.015
2026-04-16 12:00:00+00:00,93.70999908447266,93.83699798583984,93.63099670410156,93.75700378417969,0,0.015
2026-04-16 16:00:00+00:00,93.7509994506836,93.80799865722656,93.65799713134766,93.7229995727539,0,0.015
2026-04-16 20:00:00+00:00,93.71600341796875,93.83000183105469,93.63099670410156,93.68900299072266,0,0.015
2026-04-17 00:00:00+00:00,93.68099975585938,93.822998046875,93.65699768066406,93.78700256347656,0,0.015
2026-04-17 04:00:00+00:00,93.78700256347656,93.93800354003906,93.70899963378906,93.78199768066406,0,0.015
2026-04-17 08:00:00+00:00,93.7750015258789,93.81099700927734,93.5739974975586,93.6780014038086,0,0.015
2026-04-17 12:00:00+00:00,93.6780014038086,93.83399963378906,93.26499938964844,93.40299987792969,0,0.015
2026-04-17 16:00:00+00:00,93.40399932861328,93.42900085449219,93.27799987792969,93.35399627685547,0,0.015
2026-04-17 20:00:00+00:00,93.35399627685547,93.38500213623047,93.23500061035156,93.3270034790039,0,0.015
2026-04-19 20:00:00+00:00,93.28199768066406,93.36100006103516,93.25299835205078,93.33499908447266,0,0.015
2026-04-20 00:00:00+00:00,93.33399963378906,93.49500274658203,93.31500244140625,93.39800262451172,0,0.015
2026-04-20 04:00:00+00:00,93.38999938964844,93.45600128173828,93.21499633789062,93.23699951171875,0,0.015
2026-04-20 08:00:00+00:00,93.38899993896484,93.48899841308594,93.37000274658203,93.44400024414062,0,0.015
2026-04-20 12:00:00+00:00,93.44400024414062,93.49099731445312,93.31800079345703,93.45700073242188,0,0.015
2026-04-20 16:00:00+00:00,93.46900177001953,93.59300231933594,93.39099884033203,93.56800079345703,0,0.015
2026-04-20 20:00:00+00:00,93.56800079345703,93.9280014038086,93.3949966430664,93.79499816894531,0,0.015
2026-04-21 00:00:00+00:00,93.80500030517578,94.10299682617188,93.77999877929688,93.86599731445312,0,0.015
2026-04-21 04:00:00+00:00,93.875,93.97699737548828,93.82099914550781,93.88700103759766,0,0.015
2026-04-21 08:00:00+00:00,93.89399719238281,94.06300354003906,93.81199645996094,94.00599670410156,0,0.015
2026-04-21 12:00:00+00:00,94.00800323486328,94.18299865722656,93.91600036621094,94.08999633789062,0,0.015
2026-04-21 16:00:00+00:00,94.08999633789062,94.16100311279297,93.7040023803711,93.74600219726562,0,0.015
2026-04-21 20:00:00+00:00,93.74700164794922,94.03500366210938,93.74299621582031,93.97699737548828,0,0.015
2026-04-22 00:00:00+00:00,93.97599792480469,94.14900207519531,93.97200012207031,94.11699676513672,0,0.015
2026-04-22 04:00:00+00:00,94.12699890136719,94.27200317382812,94.06199645996094,94.24500274658203,0,0.015
2026-04-22 08:00:00+00:00,94.24400329589844,94.31900024414062,94.02100372314453,94.03900146484375,0,0.015
2026-04-22 12:00:00+00:00,94.03800201416016,94.25800323486328,93.9800033569336,94.2300033569336,0,0.015
2026-04-22 16:00:00+00:00,94.23300170898438,94.2490005493164,94.10600280761719,94.16799926757812,0,0.015
2026-04-22 20:00:00+00:00,94.16400146484375,94.2760009765625,94.04900360107422,94.16100311279297,0,0.015
2026-04-23 00:00:00+00:00,94.15299987792969,94.2040023803711,93.77400207519531,93.78700256347656,0,0.015
2026-04-23 04:00:00+00:00,93.77799987792969,94.0479965209961,93.74099731445312,94.02899932861328,0,0.015
2026-04-23 08:00:00+00:00,94.0250015258789,94.06099700927734,93.7760009765625,93.9010009765625,0,0.015
2026-04-23 12:00:00+00:00,93.9020004272461,93.91200256347656,93.63800048828125,93.6969985961914,0,0.015
2026-04-23 16:00:00+00:00,93.69000244140625,93.71499633789062,93.33000183105469,93.5260009765625,0,0.015
2026-04-23 20:00:00+00:00,93.51599884033203,93.57499694824219,93.34700012207031,93.4749984741211,0,0.015
2026-04-24 00:00:00+00:00,93.4729995727539,93.64299774169922,93.32099914550781,93.36499786376953,0,0.015
2026-04-24 04:00:00+00:00,93.36299896240234,93.5199966430664,93.33100128173828,93.45700073242188,0,0.015
2026-04-24 08:00:00+00:00,93.45700073242188,93.64600372314453,93.39700317382812,93.61699676513672,0,0.015
2026-04-24 12:00:00+00:00,93.61599731445312,93.69000244140625,93.55500030517578,93.67400360107422,0,0.015
2026-04-24 16:00:00+00:00,93.67500305175781,93.76799774169922,93.61000061035156,93.7490005493164,0,0.015
2026-04-24 20:00:00+00:00,93.73999786376953,93.7770004272461,93.6240005493164,93.68900299072266,0,0.015
2026-04-26 20:00:00+00:00,93.68299865722656,93.69100189208984,93.63400268554688,93.65799713134766,0,0.015
2026-04-27 00:00:00+00:00,93.65799713134766,93.88400268554688,93.65299987792969,93.81300354003906,0,0.015
2026-04-27 04:00:00+00:00,93.8030014038086,93.92400360107422,93.71800231933594,93.9020004272461,0,0.015
2026-04-27 08:00:00+00:00,93.91000366210938,94.1259994506836,93.88600158691406,94.11799621582031,0,0.015
2026-04-27 12:00:00+00:00,94.11100006103516,94.28600311279297,94.0989990234375,94.25599670410156,0,0.015
2026-04-27 16:00:00+00:00,94.25599670410156,94.29399871826172,94.16200256347656,94.16899871826172,0,0.015
2026-04-27 20:00:00+00:00,94.16899871826172,94.26799774169922,94.0459976196289,94.1989974975586,0,0.015
2026-04-28 00:00:00+00:00,94.19999694824219,94.2969970703125,93.8030014038086,93.875,0,0.015
2026-04-28 04:00:00+00:00,93.86399841308594,94.0260009765625,93.68699645996094,93.99199676513672,0,0.015
2026-04-28 08:00:00+00:00,93.99199676513672,94.04499816894531,93.74500274658203,93.76200103759766,0,0.015
2026-04-28 12:00:00+00:00,93.76399993896484,93.9489974975586,93.66699981689453,93.93000030517578,0,0.015
2026-04-28 16:00:00+00:00,93.94200134277344,93.95700073242188,93.86100006103516,93.93499755859375,0,0.015
2026-04-28 20:00:00+00:00,93.93599700927734,94.05699920654297,93.7760009765625,93.94100189208984,0,0.015
2026-04-29 00:00:00+00:00,93.92900085449219,94.01000213623047,93.46099853515625,93.5270004272461,0,0.015
2026-04-29 04:00:00+00:00,93.51699829101562,93.71099853515625,93.51699829101562,93.64299774169922,0,0.015
2026-04-29 08:00:00+00:00,93.63200378417969,93.66400146484375,93.52400207519531,93.61199951171875,0,0.015
2026-04-29 12:00:00+00:00,93.61299896240234,93.67400360107422,93.38099670410156,93.49400329589844,0,0.015
2026-04-29 16:00:00+00:00,93.50399780273438,93.58599853515625,93.27200317382812,93.4729995727539,0,0.015
2026-04-29 20:00:00+00:00,93.4729995727539,93.67500305175781,93.31500244140625,93.5469970703125,0,0.015
2026-04-30 00:00:00+00:00,93.53900146484375,93.6259994506836,93.39399719238281,93.61499786376953,0,0.015
2026-04-30 04:00:00+00:00,93.60299682617188,93.75399780273438,93.3280029296875,93.50299835205078,0,0.015
2026-04-30 08:00:00+00:00,93.50299835205078,93.58699798583984,91.31500244140625,91.74299621582031,0,0.015
2026-04-30 12:00:00+00:00,91.73999786376953,92.35399627685547,91.68199920654297,92.28199768066406,0,0.015
2026-04-30 16:00:00+00:00,92.2760009765625,92.48999786376953,92.18599700927734,92.46700286865234,0,0.015
2026-04-30 20:00:00+00:00,92.46700286865234,92.76000213623047,92.38300323486328,92.72000122070312,0,0.015
2026-05-01 00:00:00+00:00,92.70899963378906,92.90599822998047,92.70099639892578,92.74800109863281,0,0.015
2026-05-01 04:00:00+00:00,92.73699951171875,92.75299835205078,91.697998046875,92.3280029296875,0,0.015
2026-05-01 08:00:00+00:00,92.31600189208984,92.36100006103516,92.14399719238281,92.31300354003906,0,0.015
2026-05-01 12:00:00+00:00,92.30899810791016,92.81400299072266,92.2770004272461,92.76699829101562,0,0.015
2026-05-01 16:00:00+00:00,92.76300048828125,92.7959976196289,92.63700103759766,92.66899871826172,0,0.015
2026-05-01 20:00:00+00:00,92.65799713134766,92.68900299072266,92.5780029296875,92.59600067138672,0,0.015
2026-05-04 04:00:00+00:00,92.7229995727539,92.85299682617188,92.49299621582031,92.50399780273438,0,0.015
2026-05-04 08:00:00+00:00,92.50399780273438,92.677001953125,92.31999969482422,92.46600341796875,0,0.015
2026-05-04 12:00:00+00:00,92.45700073242188,92.61599731445312,92.26200103759766,92.28600311279297,0,0.015
2026-05-04 16:00:00+00:00,92.2979965209961,92.38800048828125,91.92900085449219,92.28299713134766,0,0.015
2026-05-04 20:00:00+00:00,92.28399658203125,92.37300109863281,92.24600219726562,92.29499816894531,0,0.015
2026-05-05 00:00:00+00:00,92.2959976196289,92.33999633789062,92.1240005493164,92.21700286865234,0,0.015
2026-05-05 04:00:00+00:00,92.21700286865234,92.41600036621094,92.10700225830078,92.3550033569336,0,0.015
2026-05-05 08:00:00+00:00,92.34500122070312,92.79900360107422,92.34100341796875,92.7760009765625,0,0.015
2026-05-05 12:00:00+00:00,92.76399993896484,93.10299682617188,92.74099731445312,93.04399871826172,0,0.015
2026-05-05 16:00:00+00:00,93.04199981689453,93.05599975585938,92.91200256347656,92.947998046875,0,0.015
2026-05-05 20:00:00+00:00,92.947998046875,93.1729965209961,92.74199676513672,93.03500366210938,0,0.015
2026-05-06 00:00:00+00:00,93.03500366210938,93.73200225830078,93.03500366210938,93.54000091552734,0,0.015
2026-05-06 04:00:00+00:00,93.53900146484375,93.64700317382812,92.22799682617188,92.7750015258789,0,0.015
2026-05-06 08:00:00+00:00,92.77200317382812,93.28399658203125,92.75299835205078,93.197998046875,0,0.015
2026-05-06 12:00:00+00:00,93.197998046875,93.21499633789062,92.9229965209961,93.15599822998047,0,0.015
2026-05-06 16:00:00+00:00,93.14800262451172,93.20500183105469,93.0250015258789,93.13300323486328,0,0.015
2026-05-06 20:00:00+00:00,93.13600158691406,93.18699645996094,92.9540023803711,93.16799926757812,0,0.015
2026-05-07 00:00:00+00:00,93.16699981689453,93.21800231933594,92.96800231933594,93.18399810791016,0,0.015
2026-05-07 04:00:00+00:00,93.18399810791016,93.37000274658203,93.08999633789062,93.35199737548828,0,0.015
2026-05-07 08:00:00+00:00,93.35199737548828,93.55500030517578,93.31600189208984,93.52999877929688,0,0.015
2026-05-07 12:00:00+00:00,93.53199768066406,93.55999755859375,93.26399993896484,93.29199981689453,0,0.015
2026-05-07 16:00:00+00:00,93.29100036621094,93.39399719238281,93.20099639892578,93.20500183105469,0,0.015
2026-05-07 20:00:00+00:00,93.21399688720703,93.28700256347656,93.06600189208984,93.12799835205078,0,0.015
2026-05-08 00:00:00+00:00,93.12699890136719,93.25800323486328,93.06199645996094,93.15699768066406,0,0.015
2026-05-08 04:00:00+00:00,93.15699768066406,93.3759994506836,93.15599822998047,93.33300018310547,0,0.015
2026-05-08 08:00:00+00:00,93.3290023803711,93.54299926757812,93.28800201416016,93.43099975585938,0,0.015
2026-05-08 12:00:00+00:00,93.427001953125,93.4530029296875,93.1969985961914,93.33000183105469,0,0.015
2026-05-08 16:00:00+00:00,93.33200073242188,93.47799682617188,93.30500030517578,93.4489974975586,0,0.015
2026-05-08 20:00:00+00:00,93.44200134277344,93.49800109863281,93.41400146484375,93.49800109863281,0,0.015
2026-05-10 20:00:00+00:00,93.35399627685547,93.38300323486328,93.30000305175781,93.31400299072266,0,0.015
2026-05-11 00:00:00+00:00,93.322998046875,93.51899719238281,93.3010025024414,93.427001953125,0,0.015
2026-05-11 04:00:00+00:00,93.4219970703125,93.45600128173828,93.30799865722656,93.44300079345703,0,0.015
2026-05-11 08:00:00+00:00,93.44400024414062,93.5250015258789,93.37899780273438,93.46399688720703,0,0.015
2026-05-11 12:00:00+00:00,93.46299743652344,93.72699737548828,93.40399932861328,93.70500183105469,0,0.015
2026-05-11 16:00:00+00:00,93.70600128173828,93.74700164794922,93.63899993896484,93.73699951171875,0,0.015
2026-05-11 20:00:00+00:00,93.73100280761719,93.81999969482422,93.57499694824219,93.78299713134766,0,0.015
2026-05-12 00:00:00+00:00,93.77799987792969,93.94100189208984,93.69499969482422,93.82499694824219,0,0.015
2026-05-12 04:00:00+00:00,93.82499694824219,93.91899871826172,93.375,93.62200164794922,0,0.015
2026-05-12 08:00:00+00:00,93.62300109863281,93.8010025024414,93.58100128173828,93.75900268554688,0,0.015
2026-05-12 12:00:00+00:00,93.76899719238281,93.86699676513672,93.59300231933594,93.71399688720703,0,0.015
2026-05-12 16:00:00+00:00,93.7040023803711,93.8290023803711,93.62300109863281,93.8219985961914,0,0.015
2026-05-12 20:00:00+00:00,93.82599639892578,93.85700225830078,93.66400146484375,93.8219985961914,0,0.015
2026-05-13 00:00:00+00:00,93.8290023803711,94.03500366210938,93.63899993896484,93.74400329589844,0,0.015
2026-05-13 04:00:00+00:00,93.73699951171875,93.76100158691406,93.58100128173828,93.61299896240234,0,0.015
2026-05-13 08:00:00+00:00,93.61499786376953,93.66000366210938,93.5,93.54299926757812,0,0.015
2026-05-13 12:00:00+00:00,93.54199981689453,93.73999786376953,93.43000030517578,93.6709976196289,0,0.015
2026-05-13 16:00:00+00:00,93.67400360107422,93.76000213623047,93.60199737548828,93.65799713134766,0,0.015
2026-05-13 20:00:00+00:00,93.65799713134766,93.7490005493164,93.5719985961914,93.61499786376953,0,0.015
2026-05-14 00:00:00+00:00,93.61499786376953,93.69200134277344,93.5530014038086,93.62200164794922,0,0.015
2026-05-14 04:00:00+00:00,93.62200164794922,93.78399658203125,93.38700103759766,93.62300109863281,0,0.015
2026-05-14 08:00:00+00:00,93.61399841308594,93.80599975585938,93.61000061035156,93.6709976196289,0,0.015
2026-05-14 12:00:00+00:00,93.66300201416016,93.70500183105469,93.20999908447266,93.60800170898438,0,0.015
2026-05-14 16:00:00+00:00,93.61599731445312,93.65799713134766,93.54499816894531,93.61799621582031,0,0.015
2026-05-14 20:00:00+00:00,93.6240005493164,93.67400360107422,93.45700073242188,93.4749984741211,0,0.015
2026-05-15 00:00:00+00:00,93.4739990234375,93.51699829101562,93.19400024414062,93.25399780273438,0,0.015
2026-05-15 04:00:00+00:00,93.2509994506836,93.25700378417969,92.7959976196289,92.83799743652344,0,0.015
2026-05-15 08:00:00+00:00,92.8290023803711,92.89199829101562,92.54900360107422,92.66799926757812,0,0.015
2026-05-15 12:00:00+00:00,92.66799926757812,92.83100128173828,92.55599975585938,92.66999816894531,0,0.015
2026-05-15 16:00:00+00:00,92.67500305175781,92.802001953125,92.6500015258789,92.69599914550781,0,0.015
2026-05-15 20:00:00+00:00,92.69599914550781,92.7239990234375,92.63200378417969,92.68099975585938,0,0.015
2026-05-17 20:00:00+00:00,92.73100280761719,92.77300262451172,92.61199951171875,92.62699890136719,0,0.015
2026-05-18 00:00:00+00:00,92.6259994506836,92.88400268554688,92.54100036621094,92.87300109863281,0,0.015
2026-05-18 04:00:00+00:00,92.86699676513672,93.00900268554688,92.7239990234375,92.97899627685547,0,0.015
2026-05-18 08:00:00+00:00,92.96399688720703,93.15799713134766,92.95899963378906,93.1050033569336,0,0.015
2026-05-18 12:00:00+00:00,93.09200286865234,93.3239974975586,93.06300354003906,93.17400360107422,0,0.015
2026-05-18 16:00:00+00:00,93.1709976196289,93.40699768066406,93.14399719238281,93.3479995727539,0,0.015
2026-05-18 20:00:00+00:00,93.34300231933594,93.36799621582031,93.19000244140625,93.302001953125,0,0.015
2026-05-19 00:00:00+00:00,93.2969970703125,93.33599853515625,93.03500366210938,93.05899810791016,0,0.015
2026-05-19 04:00:00+00:00,93.05000305175781,93.19999694824219,92.98500061035156,93.0479965209961,0,0.015
2026-05-19 08:00:00+00:00,93.04100036621094,93.052001953125,92.88999938964844,92.99099731445312,0,0.015
2026-05-19 12:00:00+00:00,92.98400115966797,93.0459976196289,92.55999755859375,92.7699966430664,0,0.015
2026-05-19 16:00:00+00:00,92.77200317382812,92.83499908447266,92.53800201416016,92.81900024414062,0,0.015
2026-05-19 20:00:00+00:00,92.81099700927734,92.91699981689453,92.73400115966797,92.7509994506836,0,0.015
2026-05-20 00:00:00+00:00,92.74800109863281,92.76000213623047,92.48200225830078,92.66500091552734,0,0.015
2026-05-20 04:00:00+00:00,92.66500091552734,92.83100128173828,92.59100341796875,92.7979965209961,0,0.015
2026-05-20 08:00:00+00:00,92.79000091552734,93.01899719238281,92.78800201416016,92.97000122070312,0,0.015
2026-05-20 12:00:00+00:00,92.96900177001953,93.39800262451172,92.84200286865234,93.21700286865234,0,0.015
2026-05-20 16:00:00+00:00,93.21199798583984,93.33000183105469,93.19100189208984,93.27400207519531,0,0.015
2026-05-20 20:00:00+00:00,93.26899719238281,93.31199645996094,93.13600158691406,93.22200012207031,0,0.015
2026-05-21 00:00:00+00:00,93.20999908447266,93.30599975585938,92.97200012207031,93.13099670410156,0,0.015
2026-05-21 04:00:00+00:00,93.13800048828125,93.23999786376953,93.02799987792969,93.16300201416016,0,0.015
2026-05-21 08:00:00+00:00,93.16899871826172,93.35900115966797,93.05599975585938,93.19300079345703,0,0.015
2026-05-21 12:00:00+00:00,93.18499755859375,93.31700134277344,93.10600280761719,93.197998046875,0,0.015
2026-05-21 16:00:00+00:00,93.19100189208984,93.52899932861328,93.18800354003906,93.38700103759766,0,0.015
2026-05-21 20:00:00+00:00,93.38700103759766,93.50399780273438,93.26699829101562,93.46800231933594,0,0.015
2026-05-22 00:00:00+00:00,93.45600128173828,93.49800109863281,93.33799743652344,93.375,0,0.015
2026-05-22 04:00:00+00:00,93.37699890136719,93.48999786376953,93.22799682617188,93.29900360107422,0,0.015
2026-05-22 08:00:00+00:00,93.29499816894531,93.36399841308594,93.08499908447266,93.13899993896484,0,0.015
2026-05-22 12:00:00+00:00,93.13300323486328,93.2969970703125,93.01699829101562,93.19000244140625,0,0.015
2026-05-22 16:00:00+00:00,93.18800354003906,93.29100036621094,93.13899993896484,93.16200256347656,0,0.015
2026-05-22 20:00:00+00:00,93.16400146484375,93.1760025024414,93.03099822998047,93.11499786376953,0,0.015
2026-05-24 20:00:00+00:00,93.36399841308594,93.41500091552734,93.3239974975586,93.33000183105469,0,0.015
2026-05-25 00:00:00+00:00,93.3270034790039,93.40399932861328,93.23400115966797,93.2509994506836,0,0.015
2026-05-25 04:00:00+00:00,93.2509994506836,93.38500213623047,93.22200012207031,93.2969970703125,0,0.015
2026-05-25 08:00:00+00:00,93.2959976196289,93.4000015258789,93.25399780273438,93.3499984741211,0,0.015
2026-05-25 12:00:00+00:00,93.35099792480469,93.40499877929688,93.27799987792969,93.31400299072266,0,0.015
2026-05-25 16:00:00+00:00,93.30999755859375,93.33399963378906,93.25499725341797,93.31199645996094,0,0.015
2026-05-25 20:00:00+00:00,93.31199645996094,93.35099792480469,93.1449966430664,93.16200256347656,0,0.015
2026-05-26 00:00:00+00:00,93.15399932861328,93.1729965209961,92.9530029296875,93.06099700927734,0,0.015
2026-05-26 04:00:00+00:00,93.06700134277344,93.13800048828125,92.94200134277344,93.06300354003906,0,0.015
2026-05-26 08:00:00+00:00,93.07099914550781,93.12699890136719,92.9749984741211,92.97699737548828,0,0.015
2026-05-26 12:00:00+00:00,92.97699737548828,93.09300231933594,92.93699645996094,92.96700286865234,0,0.015
2026-05-26 16:00:00+00:00,92.96299743652344,93.00800323486328,92.9219970703125,93.00499725341797,0,0.015
2026-05-26 20:00:00+00:00,93.00900268554688,93.05400085449219,92.90499877929688,93.01300048828125,0,0.015
2026-05-27 00:00:00+00:00,93.01300048828125,93.62000274658203,92.96299743652344,93.38300323486328,0,0.015
2026-05-27 04:00:00+00:00,93.37799835205078,93.67900085449219,93.36799621582031,93.55500030517578,0,0.015
2026-05-27 08:00:00+00:00,93.55500030517578,93.86199951171875,93.54199981689453,93.81400299072266,0,0.015
2026-05-27 12:00:00+00:00,93.80799865722656,94.21700286865234,93.76000213623047,93.96099853515625,0,0.015
2026-05-27 16:00:00+00:00,93.96800231933594,94.13800048828125,93.90299987792969,94.09400177001953,0,0.015
2026-05-27 20:00:00+00:00,94.0989990234375,94.16999816894531,93.96800231933594,93.98899841308594,0,0.015
2026-05-28 00:00:00+00:00,93.98999786376953,94.30699920654297,93.72100067138672,93.73400115966797,0,0.015
2026-05-28 04:00:00+00:00,93.72599792480469,93.96800231933594,93.55999755859375,93.88300323486328,0,0.015
2026-05-28 08:00:00+00:00,93.88200378417969,93.94300079345703,93.81199645996094,93.91600036621094,0,0.015
2026-05-28 12:00:00+00:00,93.91600036621094,94.42900085449219,93.90499877929688,94.37200164794922,0,0.015
2026-05-28 16:00:00+00:00,94.37999725341797,94.4800033569336,94.36000061035156,94.40699768066406,0,0.015
2026-05-28 20:00:00+00:00,94.41000366210938,94.68599700927734,94.33000183105469,94.66699981689453,0,0.015
2026-05-29 00:00:00+00:00,94.66400146484375,94.8479995727539,94.63999938964844,94.8219985961914,0,0.015
2026-05-29 04:00:00+00:00,94.81099700927734,94.99500274658203,94.80799865722656,94.9260025024414,0,0.015
2026-05-29 08:00:00+00:00,94.91300201416016,95.13400268554688,94.81199645996094,95.125,0,0.015
2026-05-29 12:00:00+00:00,95.12200164794922,95.41400146484375,95.08200073242188,95.37999725341797,0,0.015
2026-05-29 16:00:00+00:00,95.38600158691406,95.39800262451172,95.24700164794922,95.36199951171875,0,0.015
2026-05-29 20:00:00+00:00,95.36299896240234,95.38800048828125,95.28099822998047,95.375,0,0.015
2026-05-31 20:00:00+00:00,95.28399658203125,95.33499908447266,95.25499725341797,95.30999755859375,0,0.015
2026-06-01 00:00:00+00:00,95.2959976196289,95.34500122070312,95.11000061035156,95.15599822998047,0,0.015
2026-06-01 04:00:00+00:00,95.14700317382812,95.24500274658203,95.12100219726562,95.16100311279297,0,0.015
2026-06-01 08:00:00+00:00,95.16100311279297,95.18900299072266,94.87200164794922,94.9729995727539,0,0.015
2026-06-01 12:00:00+00:00,94.96800231933594,94.98300170898438,94.40399932861328,94.66300201416016,0,0.015
2026-06-01 16:00:00+00:00,94.65899658203125,94.87799835205078,94.59600067138672,94.76599884033203,0,0.015
2026-06-01 20:00:00+00:00,94.77100372314453,94.822998046875,94.63200378417969,94.73799896240234,0,0.015
2026-06-02 00:00:00+00:00,94.73799896240234,94.7750015258789,94.48400115966797,94.76599884033203,0,0.015
2026-06-02 04:00:00+00:00,94.76399993896484,94.95800018310547,94.7239990234375,94.77400207519531,0,0.015
2026-06-02 08:00:00+00:00,94.77300262451172,94.80799865722656,94.59400177001953,94.79499816894531,0,0.015
2026-06-02 12:00:00+00:00,94.78800201416016,94.86599731445312,94.61599731445312,94.822998046875,0,0.015
2026-06-02 16:00:00+00:00,94.8239974975586,94.86900329589844,94.67900085449219,94.76000213623047,0,0.015
2026-06-02 20:00:00+00:00,94.76000213623047,94.83499908447266,94.65299987792969,94.72699737548828,0,0.015
2026-06-03 00:00:00+00:00,94.71600341796875,94.87999725341797,94.65899658203125,94.66699981689453,0,0.015
2026-06-03 04:00:00+00:00,94.66699981689453,94.677001953125,94.24800109863281,94.2770004272461,0,0.015
2026-06-03 08:00:00+00:00,94.28299713134766,94.33300018310547,94.01499938964844,94.30699920654297,0,0.015
2026-06-03 12:00:00+00:00,94.31400299072266,94.32599639892578,93.8550033569336,93.89199829101562,0,0.015
2026-06-03 16:00:00+00:00,93.88800048828125,93.89800262451172,93.75599670410156,93.86100006103516,0,0.015
2026-06-03 20:00:00+00:00,93.85199737548828,93.9209976196289,93.6989974975586,93.88800048828125,0,0.015
2026-06-04 00:00:00+00:00,93.89199829101562,93.95800018310547,93.79399871826172,93.89099884033203,0,0.015
2026-06-04 04:00:00+00:00,93.90299987792969,93.93599700927734,93.7239990234375,93.7969970703125,0,0.015
2026-06-04 08:00:00+00:00,93.79100036621094,94.0459976196289,93.74199676513672,94.01200103759766,0,0.015
2026-06-04 12:00:00+00:00,94.01100158691406,94.12799835205078,93.95600128173828,94.02799987792969,0,0.015
2026-06-04 16:00:00+00:00,94.0260009765625,94.04900360107422,93.87000274658203,93.9010009765625,0,0.015
2026-06-04 20:00:00+00:00,93.90299987792969,93.96600341796875,93.76300048828125,93.88999938964844,0,0.015
2026-06-05 00:00:00+00:00,93.88999938964844,93.90799713134766,93.57499694824219,93.74600219726562,0,0.015
2026-06-05 04:00:00+00:00,93.74199676513672,93.947998046875,93.72100067138672,93.91100311279297,0,0.015
2026-06-05 08:00:00+00:00,93.91200256347656,94.10099792480469,93.88099670410156,93.97200012207031,0,0.015
2026-06-05 12:00:00+00:00,93.97100067138672,93.98300170898438,93.03500366210938,93.0739974975586,0,0.015
2026-06-05 16:00:00+00:00,93.0739974975586,93.12100219726562,92.76799774169922,92.84400177001953,0,0.015
2026-06-05 20:00:00+00:00,92.85099792480469,92.9229965209961,92.74600219726562,92.9229965209961,0,0.015
2026-06-07 20:00:00+00:00,92.7509994506836,92.92400360107422,92.7509994506836,92.91699981689453,0,0.015
2026-06-08 00:00:00+00:00,92.90899658203125,93.10199737548828,92.81400299072266,93.05400085449219,0,0.015
2026-06-08 04:00:00+00:00,93.05000305175781,93.10099792480469,92.85800170898438,92.9469985961914,0,0.015
2026-06-08 08:00:00+00:00,92.94599914550781,93.33799743652344,92.71099853515625,93.2020034790039,0,0.015
2026-06-08 12:00:00+00:00,93.20600128173828,93.29000091552734,93.02999877929688,93.12100219726562,0,0.015
2026-06-08 16:00:00+00:00,93.11699676513672,93.16100311279297,93.04199981689453,93.05400085449219,0,0.015
2026-06-08 20:00:00+00:00,93.06099700927734,93.1240005493164,92.93299865722656,92.94000244140625,0,0.015
2026-06-09 00:00:00+00:00,92.93599700927734,93.26399993896484,92.85399627685547,93.23899841308594,0,0.015
2026-06-09 04:00:00+00:00,93.24600219726562,93.60299682617188,93.21700286865234,93.31400299072266,0,0.015
2026-06-09 08:00:00+00:00,93.31600189208984,93.56999969482422,93.25800323486328,93.552001953125,0,0.015
2026-06-09 12:00:00+00:00,93.5479965209961,93.62000274658203,93.24500274658203,93.28600311279297,0,0.015
2026-06-09 16:00:00+00:00,93.29299926757812,93.37699890136719,93.052001953125,93.27100372314453,0,0.015
2026-06-09 20:00:00+00:00,93.27100372314453,93.40699768066406,93.09100341796875,93.14700317382812,0,0.015
2026-06-10 00:00:00+00:00,93.1520004272461,93.38300323486328,93.11299896240234,93.35199737548828,0,0.015
2026-06-10 04:00:00+00:00,93.34600067138672,93.36299896240234,93.14800262451172,93.22599792480469,0,0.015
2026-06-10 08:00:00+00:00,93.22599792480469,93.31099700927734,93.10399627685547,93.13700103759766,0,0.015
2026-06-10 12:00:00+00:00,93.13700103759766,93.53099822998047,93.12300109863281,93.41300201416016,0,0.015
2026-06-10 16:00:00+00:00,93.40599822998047,93.49099731445312,93.09600067138672,93.11000061035156,0,0.015
2026-06-10 20:00:00+00:00,93.10800170898438,93.2040023803711,92.86100006103516,92.99199676513672,0,0.015
2026-06-11 00:00:00+00:00,92.99199676513672,93.18399810791016,92.96099853515625,93.03299713134766,0,0.015
2026-06-11 04:00:00+00:00,93.03099822998047,93.08599853515625,92.89299774169922,92.93099975585938,0,0.015
2026-06-11 08:00:00+00:00,92.9219970703125,92.94599914550781,92.76200103759766,92.87000274658203,0,0.015
2026-06-11 12:00:00+00:00,92.87100219726562,92.91500091552734,92.61799621582031,92.73500061035156,0,0.015
2026-06-11 16:00:00+00:00,92.73500061035156,93.31500244140625,92.66000366210938,93.28600311279297,0,0.015
2026-06-11 20:00:00+00:00,93.28199768066406,93.45500183105469,93.18499755859375,93.38300323486328,0,0.015
2026-06-12 00:00:00+00:00,93.37899780273438,93.4010009765625,93.125,93.30599975585938,0,0.015
2026-06-12 04:00:00+00:00,93.30599975585938,93.3759994506836,93.16699981689453,93.2760009765625,0,0.015
2026-06-12 08:00:00+00:00,93.27999877929688,93.43499755859375,93.24500274658203,93.33599853515625,0,0.015
2026-06-12 12:00:00+00:00,93.33799743652344,93.51200103759766,93.24099731445312,93.37699890136719,0,0.015
2026-06-12 16:00:00+00:00,93.37899780273438,93.49500274658203,93.35700225830078,93.43000030517578,0,0.015
2026-06-12 20:00:00+00:00,93.43800354003906,93.47100067138672,93.34400177001953,93.47100067138672,0,0.015
2026-06-14 20:00:00+00:00,93.65299987792969,93.71499633789062,93.54900360107422,93.63700103759766,0,0.015
2026-06-15 00:00:00+00:00,93.63800048828125,93.73300170898438,93.53500366210938,93.65399932861328,0,0.015
2026-06-15 04:00:00+00:00,93.65299987792969,93.80899810791016,93.50299835205078,93.59300231933594,0,0.015
2026-06-15 08:00:00+00:00,93.58699798583984,93.65899658203125,93.51300048828125,93.5530014038086,0,0.015
2026-06-15 12:00:00+00:00,93.5459976196289,93.59400177001953,93.40299987792969,93.4540023803711,0,0.015
2026-06-15 16:00:00+00:00,93.4540023803711,93.48200225830078,93.33000183105469,93.36299896240234,0,0.015
2026-06-15 20:00:00+00:00,93.36100006103516,93.53099822998047,93.27799987792969,93.35800170898438,0,0.015
2026-06-16 00:00:00+00:00,93.35399627685547,93.38099670410156,92.9739990234375,93.09100341796875,0,0.015
2026-06-16 04:00:00+00:00,93.08999633789062,93.27200317382812,92.90499877929688,93.23500061035156,0,0.015
2026-06-16 08:00:00+00:00,93.24099731445312,93.55699920654297,93.21600341796875,93.4540023803711,0,0.015
2026-06-16 12:00:00+00:00,93.447998046875,93.68199920654297,93.3740005493164,93.65499877929688,0,0.015
2026-06-16 16:00:00+00:00,93.6449966430664,93.69200134277344,93.54199981689453,93.55599975585938,0,0.015
2026-06-16 20:00:00+00:00,93.56099700927734,93.5979995727539,93.38099670410156,93.52200317382812,0,0.015
2026-06-17 00:00:00+00:00,93.52200317382812,93.56800079345703,93.37999725341797,93.38099670410156,0,0.015
2026-06-17 04:00:00+00:00,93.37899780273438,93.40699768066406,93.20099639892578,93.25199890136719,0,0.015
2026-06-17 08:00:00+00:00,93.25199890136719,93.26200103759766,93.09200286865234,93.1259994506836,0,0.015
2026-06-17 12:00:00+00:00,93.12000274658203,93.30599975585938,93.11399841308594,93.1760025024414,0,0.015
2026-06-17 16:00:00+00:00,93.177001953125,93.23500061035156,92.47699737548828,92.59600067138672,0,0.015
2026-06-17 20:00:00+00:00,92.60900115966797,92.7969970703125,92.54499816894531,92.7229995727539,0,0.015
2026-06-18 00:00:00+00:00,92.72200012207031,93.10800170898438,92.72200012207031,93.09400177001953,0,0.015
2026-06-18 04:00:00+00:00,93.08999633789062,93.11399841308594,92.83200073242188,92.88700103759766,0,0.015
2026-06-18 08:00:00+00:00,92.88700103759766,92.9000015258789,92.58100128173828,92.68399810791016,0,0.015
2026-06-18 12:00:00+00:00,92.6780014038086,92.94400024414062,92.6729965209961,92.89099884033203,0,0.015
2026-06-18 16:00:00+00:00,92.89299774169922,93.05400085449219,92.55500030517578,92.87799835205078,0,0.015
2026-06-18 20:00:00+00:00,92.875,92.947998046875,92.75800323486328,92.80500030517578,0,0.015
2026-06-19 00:00:00+00:00,92.80599975585938,92.86599731445312,92.51799774169922,92.53800201416016,0,0.015
2026-06-19 04:00:00+00:00,92.54100036621094,92.62899780273438,92.3740005493164,92.48899841308594,0,0.015
2026-06-19 08:00:00+00:00,92.48899841308594,92.64199829101562,92.48300170898438,92.56099700927734,0,0.015
2026-06-19 12:00:00+00:00,92.56099700927734,92.66500091552734,92.39900207519531,92.52400207519531,0,0.015
2026-06-19 16:00:00+00:00,92.5260009765625,92.61599731445312,92.52100372314453,92.56400299072266,0,0.015
2026-06-19 20:00:00+00:00,92.57099914550781,92.61000061035156,92.49099731445312,92.59200286865234,0,0.015
2026-06-21 20:00:00+00:00,92.55799865722656,92.59600067138672,92.5009994506836,92.55400085449219,0,0.015
2026-06-22 00:00:00+00:00,92.55500030517578,92.69400024414062,92.49299621582031,92.5270004272461,0,0.015
2026-06-22 04:00:00+00:00,92.52200317382812,92.65499877929688,92.48899841308594,92.54499816894531,0,0.015
2026-06-22 08:00:00+00:00,92.53900146484375,92.6969985961914,92.48200225830078,92.60700225830078,0,0.015
2026-06-22 12:00:00+00:00,92.5999984741211,92.75900268554688,92.32099914550781,92.37000274658203,0,0.015
2026-06-22 16:00:00+00:00,92.36699676513672,92.42900085449219,92.1510009765625,92.3270034790039,0,0.015
2026-06-22 20:00:00+00:00,92.33300018310547,92.48600006103516,92.22799682617188,92.26699829101562,0,0.015
2026-06-23 00:00:00+00:00,92.26200103759766,92.26399993896484,91.98100280761719,92.12999725341797,0,0.015
2026-06-23 04:00:00+00:00,92.12200164794922,92.13700103759766,91.76000213623047,91.77300262451172,0,0.015
2026-06-23 08:00:00+00:00,91.77899932861328,91.91200256347656,91.66699981689453,91.6760025024414,0,0.015
2026-06-23 12:00:00+00:00,91.6780014038086,91.77300262451172,91.55000305175781,91.60800170898438,0,0.015
2026-06-23 16:00:00+00:00,91.60399627685547,91.6510009765625,91.47699737548828,91.54299926757812,0,0.015
2026-06-23 20:00:00+00:00,91.53299713134766,91.73699951171875,91.46099853515625,91.51599884033203,0,0.015
2026-06-24 00:00:00+00:00,91.51899719238281,91.61000061035156,91.28600311279297,91.3280029296875,0,0.015
2026-06-24 04:00:00+00:00,91.32499694824219,91.49800109863281,91.27400207519531,91.31600189208984,0,0.015
2026-06-24 08:00:00+00:00,91.31700134277344,91.34500122070312,91.052001953125,91.19000244140625,0,0.015
2026-06-24 12:00:00+00:00,91.18599700927734,91.37799835205078,91.05999755859375,91.29499816894531,0,0.015
2026-06-24 16:00:00+00:00,91.29499816894531,91.43199920654297,91.13899993896484,91.29299926757812,0,0.015
2026-06-24 20:00:00+00:00,91.29299926757812,91.63300323486328,91.27799987792969,91.28500366210938,0,0.015
2026-06-25 00:00:00+00:00,91.28500366210938,91.37000274658203,91.08799743652344,91.25900268554688,0,0.015
2026-06-25 04:00:00+00:00,91.25800323486328,91.38400268554688,91.2030029296875,91.30699920654297,0,0.015
2026-06-25 08:00:00+00:00,91.31600189208984,91.44100189208984,91.18000030517578,91.21499633789062,0,0.015
2026-06-25 12:00:00+00:00,91.21499633789062,91.47200012207031,91.1780014038086,91.46399688720703,0,0.015
2026-06-25 16:00:00+00:00,91.46099853515625,91.5260009765625,91.33599853515625,91.37300109863281,0,0.015
2026-06-25 20:00:00+00:00,91.3740005493164,91.58300018310547,91.2699966430664,91.28800201416016,0,0.015
2026-06-26 00:00:00+00:00,91.28500366210938,91.36900329589844,91.03099822998047,91.16500091552734,0,0.015
2026-06-26 04:00:00+00:00,91.16500091552734,91.36399841308594,91.1050033569336,91.24400329589844,0,0.015
2026-06-26 08:00:00+00:00,91.24400329589844,91.39800262451172,91.19200134277344,91.29900360107422,0,0.015
2026-06-26 12:00:00+00:00,91.2969970703125,91.42400360107422,91.25900268554688,91.32499694824219,0,0.015
2026-06-26 16:00:00+00:00,91.32499694824219,91.34400177001953,91.14800262451172,91.22000122070312,0,0.015
2026-06-26 20:00:00+00:00,91.21900177001953,91.25499725341797,91.12300109863281,91.21700286865234,0,0.015
2026-06-28 20:00:00+00:00,91.22699737548828,91.27400207519531,91.20700073242188,91.24099731445312,0,0.015
2026-06-29 00:00:00+00:00,91.23699951171875,91.35199737548828,91.08699798583984,91.29900360107422,0,0.015
2026-06-29 04:00:00+00:00,91.2959976196289,91.54299926757812,91.28199768066406,91.48100280761719,0,0.015
2026-06-29 08:00:00+00:00,91.47799682617188,91.53399658203125,91.38099670410156,91.51100158691406,0,0.015
2026-06-29 12:00:00+00:00,91.51200103759766,91.52999877929688,91.31700134277344,91.45600128173828,0,0.015
2026-06-29 16:00:00+00:00,91.45600128173828,91.58200073242188,91.4489974975586,91.54900360107422,0,0.015
2026-06-29 20:00:00+00:00,91.5469970703125,91.5739974975586,91.44400024414062,91.48600006103516,0,0.015
2026-06-30 00:00:00+00:00,91.48500061035156,91.66300201416016,91.40299987792969,91.572998046875,0,0.015
2026-06-30 04:00:00+00:00,91.56800079345703,91.77899932861328,91.56700134277344,91.7229995727539,0,0.015
2026-06-30 08:00:00+00:00,91.72899627685547,91.9260025024414,91.66600036621094,91.90299987792969,0,0.015
2026-06-30 12:00:00+00:00,91.90299987792969,92.47200012207031,91.6709976196289,92.26599884033203,0,0.015
2026-06-30 16:00:00+00:00,92.26599884033203,92.36900329589844,92.22599792480469,92.3219985961914,0,0.015
2026-06-30 20:00:00+00:00,92.32599639892578,92.33999633789062,92.21299743652344,92.2699966430664,0,0.015
2026-07-01 00:00:00+00:00,92.27300262451172,92.35700225830078,92.09700012207031,92.28299713134766,0,0.015
2026-07-01 04:00:00+00:00,92.2770004272461,92.38400268554688,92.17900085449219,92.34600067138672,0,0.015
2026-07-01 08:00:00+00:00,92.34100341796875,92.44100189208984,92.27400207519531,92.30899810791016,0,0.015
2026-07-01 12:00:00+00:00,92.30899810791016,92.34700012207031,92.05599975585938,92.18800354003906,0,0.015
2026-07-01 16:00:00+00:00,92.18800354003906,92.26899719238281,92.13500213623047,92.18299865722656,0,0.015
2026-07-01 20:00:00+00:00,92.177001953125,92.26599884033203,92.10600280761719,92.22799682617188,0,0.015
2026-07-02 00:00:00+00:00,92.2249984741211,92.39099884033203,92.10600280761719,92.18299865722656,0,0.015
2026-07-02 04:00:00+00:00,92.18000030517578,92.23100280761719,91.58200073242188,91.66300201416016,0,0.015
2026-07-02 08:00:00+00:00,91.66000366210938,91.77200317382812,91.56199645996094,91.57099914550781,0,0.015
2026-07-02 12:00:00+00:00,91.56600189208984,91.94200134277344,91.5510025024414,91.80400085449219,0,0.015
2026-07-02 16:00:00+00:00,91.80400085449219,91.82599639892578,91.68900299072266,91.76799774169922,0,0.015
2026-07-02 20:00:00+00:00,91.76799774169922,91.9000015258789,91.65699768066406,91.88999938964844,0,0.015
2026-07-03 00:00:00+00:00,91.88999938964844,92.05500030517578,91.79399871826172,92.00900268554688,0,0.015
2026-07-03 04:00:00+00:00,92.00900268554688,92.1520004272461,91.87999725341797,91.99299621582031,0,0.015
2026-07-03 08:00:00+00:00,91.99099731445312,92.08300018310547,91.9739990234375,92.0199966430664,0,0.015
2026-07-03 12:00:00+00:00,92.0250015258789,92.10399627685547,91.99099731445312,92.0770034790039,0,0.015
2026-07-03 16:00:00+00:00,92.0770034790039,92.12200164794922,92.052001953125,92.0739974975586,0,0.015
2026-07-03 20:00:00+00:00,92.07499694824219,92.14900207519531,92.01799774169922,92.14900207519531,0,0.015
2026-07-05 20:00:00+00:00,92.05500030517578,92.08799743652344,92.02300262451172,92.04100036621094,0,0.015
2026-07-06 00:00:00+00:00,92.04100036621094,92.1449966430664,91.95099639892578,92.03399658203125,0,0.015
2026-07-06 04:00:00+00:00,92.03399658203125,92.33699798583984,92.03199768066406,92.25499725341797,0,0.015
2026-07-06 08:00:00+00:00,92.25499725341797,92.302001953125,92.16500091552734,92.26699829101562,0,0.015
2026-07-06 12:00:00+00:00,92.26300048828125,92.3489990234375,92.16799926757812,92.3290023803711,0,0.015
2026-07-06 16:00:00+00:00,92.3290023803711,92.47699737548828,92.3290023803711,92.39399719238281,0,0.015
2026-07-06 20:00:00+00:00,92.39399719238281,92.46600341796875,92.30799865722656,92.39900207519531,0,0.015
2026-07-07 00:00:00+00:00,92.39800262451172,92.46499633789062,92.1989974975586,92.2509994506836,0,0.015
2026-07-07 04:00:00+00:00,92.25,92.26599884033203,92.02100372314453,92.10099792480469,0,0.015
2026-07-07 08:00:00+00:00,92.1050033569336,92.20899963378906,92.0719985961914,92.14299774169922,0,0.015
2026-07-07 12:00:00+00:00,92.13800048828125,92.18499755859375,92.03099822998047,92.04199981689453,0,0.015
2026-07-07 16:00:00+00:00,92.03800201416016,92.13300323486328,91.93099975585938,92.06300354003906,0,0.015
2026-07-07 20:00:00+00:00,92.06099700927734,92.20899963378906,91.927001953125,92.11900329589844,0,0.015
2026-07-08 00:00:00+00:00,92.11699676513672,92.64299774169922,92.0780029296875,92.5739974975586,0,0.015
2026-07-08 04:00:00+00:00,92.57099914550781,92.80699920654297,92.51100158691406,92.7229995727539,0,0.015
2026-07-08 08:00:00+00:00,92.72000122070312,92.76000213623047,92.35600280761719,92.45999908447266,0,0.015
2026-07-08 12:00:00+00:00,92.45999908447266,92.6449966430664,92.40299987792969,92.41100311279297,0,0.015
2026-07-08 16:00:00+00:00,92.41100311279297,92.75900268554688,92.40499877929688,92.68399810791016,0,0.015
2026-07-08 20:00:00+00:00,92.68399810791016,92.88600158691406,92.5260009765625,92.87200164794922,0,0.015
2026-07-09 00:00:00+00:00,92.8759994506836,93.0199966430664,92.86000061035156,92.96099853515625,0,0.015
2026-07-09 04:00:00+00:00,92.96099853515625,93.0780029296875,92.9010009765625,93.06700134277344,0,0.015
2026-07-09 08:00:00+00:00,93.06600189208984,93.20500183105469,93.04499816894531,93.1719970703125,0,0.015
2026-07-09 12:00:00+00:00,93.16799926757812,93.47699737548828,93.16600036621094,93.45899963378906,0,0.015
2026-07-09 16:00:00+00:00,93.45700073242188,93.5270004272461,93.42900085449219,93.44999694824219,0,0.015
2026-07-09 20:00:00+00:00,93.4489974975586,93.54900360107422,93.32499694824219,93.53700256347656,0,0.015
2026-07-10 00:00:00+00:00,93.53600311279297,93.5719985961914,93.36399841308594,93.40299987792969,0,0.015
2026-07-10 04:00:00+00:00,93.39700317382812,93.43099975585938,93.19000244140625,93.28600311279297,0,0.015
2026-07-10 08:00:00+00:00,93.28099822998047,93.40299987792969,93.16200256347656,93.37799835205078,0,0.015
2026-07-10 12:00:00+00:00,93.37899780273438,93.43699645996094,93.08999633789062,93.11900329589844,0,0.015
2026-07-10 16:00:00+00:00,93.11599731445312,93.25700378417969,93.10900115966797,93.20600128173828,0,0.015
2026-07-10 20:00:00+00:00,93.20700073242188,93.22899627685547,93.14600372314453,93.15799713134766,0,0.015
2026-07-12 20:00:00+00:00,93.16200256347656,93.22100067138672,93.12799835205078,93.2020034790039,0,0.015
2026-07-13 00:00:00+00:00,93.19999694824219,93.47000122070312,93.1449966430664,93.31700134277344,0,0.015
2026-07-13 04:00:00+00:00,93.31700134277344,93.58599853515625,93.2030029296875,93.57499694824219,0,0.015
2026-07-13 08:00:00+00:00,93.58300018310547,93.77999877929688,93.56999969482422,93.71600341796875,0,0.015
2026-07-13 12:00:00+00:00,93.71399688720703,93.83499908447266,93.61100006103516,93.64399719238281,0,0.015
2026-07-13 16:00:00+00:00,93.6449966430664,93.68499755859375,93.35700225830078,93.40499877929688,0,0.015
2026-07-13 20:00:00+00:00,93.40499877929688,93.61199951171875,93.30799865722656,93.60399627685547,0,0.015
2026-07-14 00:00:00+00:00,93.60600280761719,94.06300354003906,93.5199966430664,93.97799682617188,0,0.015
2026-07-14 04:00:00+00:00,93.9749984741211,94.09600067138672,93.88300323486328,94.0719985961914,0,0.015
2026-07-14 08:00:00+00:00,94.07499694824219,94.18000030517578,93.9800033569336,94.10600280761719,0,0.015
2026-07-14 12:00:00+00:00,94.10299682617188,94.46299743652344,94.03800201416016,94.1449966430664,0,0.015
2026-07-14 16:00:00+00:00,94.1449966430664,94.25,94.10199737548828,94.1969985961914,0,0.015
2026-07-14 20:00:00+00:00,94.19599914550781,94.34200286865234,94.15299987792969,94.26399993896484,0,0.015
2026-07-15 00:00:00+00:00,94.26399993896484,94.41600036621094,94.20099639892578,94.28700256347656,0,0.015
2026-07-15 04:00:00+00:00,94.28299713134766,94.44000244140625,94.23400115966797,94.4209976196289,0,0.015
2026-07-15 08:00:00+00:00,94.41899871826172,94.50900268554688,94.39900207519531,94.48100280761719,0,0.015
2026-07-15 12:00:00+00:00,94.48100280761719,94.69200134277344,94.4469985961914,94.64399719238281,0,0.015
2026-07-15 16:00:00+00:00,94.63999938964844,94.9260025024414,94.61000061035156,94.86599731445312,0,0.015
2026-07-15 20:00:00+00:00,94.86100006103516,94.9280014038086,94.74199676513672,94.76100158691406,0,0.015
2026-07-16 00:00:00+00:00,94.76100158691406,94.85099792480469,94.5780029296875,94.8479995727539,0,0.015
2026-07-16 04:00:00+00:00,94.84600067138672,94.97200012207031,94.7760009765625,94.88800048828125,0,0.015
2026-07-16 08:00:00+00:00,94.88800048828125,94.9530029296875,94.83100128173828,94.93399810791016,0,0.015
2026-07-16 12:00:00+00:00,94.93399810791016,95.07599639892578,94.85199737548828,94.91100311279297,0,0.015
2026-07-16 16:00:00+00:00,94.91100311279297,94.93499755859375,94.79000091552734,94.86399841308594,0,0.015
2026-07-16 20:00:00+00:00,94.85900115966797,94.88300323486328,94.73600006103516,94.85700225830078,0,0.015
2026-07-17 00:00:00+00:00,94.8550033569336,94.99600219726562,94.73400115966797,94.83000183105469,0,0.015
2026-07-17 04:00:00+00:00,94.83000183105469,94.88999938964844,94.71099853515625,94.79199981689453,0,0.015
2026-07-17 08:00:00+00:00,94.79399871826172,94.84400177001953,94.60199737548828,94.6780014038086,0,0.015
2026-07-17 12:00:00+00:00,94.67500305175781,94.9729995727539,94.60800170898438,94.97100067138672,0,0.015
2026-07-17 16:00:00+00:00,94.96399688720703,95.02100372314453,94.88099670410156,94.88700103759766,0,0.015
2026-07-17 20:00:00+00:00,94.88899993896484,94.90599822998047,94.8280029296875,94.87899780273438,0,0.015
2026-07-19 20:00:00+00:00,94.77300262451172,94.9000015258789,94.76699829101562,94.88800048828125,0,0.015
2026-07-20 00:00:00+00:00,94.88800048828125,95.12999725341797,94.78800201416016,95.10700225830078,0,0.015
2026-07-20 04:00:00+00:00,95.10299682617188,95.19100189208984,94.93599700927734,95.0979995727539,0,0.015
2026-07-20 08:00:00+00:00,95.09500122070312,95.1729965209961,94.96800231933594,95.07099914550781,0,0.015
2026-07-20 12:00:00+00:00,95.06700134277344,95.1259994506836,94.93499755859375,95.0250015258789,0,0.015
2026-07-20 16:00:00+00:00,95.0250015258789,95.07099914550781,94.875,94.91699981689453,0,0.015
2026-07-20 20:00:00+00:00,94.91200256347656,95.09400177001953,94.70899963378906,95.08499908447266,0,0.015
2026-07-21 00:00:00+00:00,95.08200073242188,95.4280014038086,95.04000091552734,95.27899932861328,0,0.015
2026-07-21 04:00:00+00:00,95.27799987792969,95.32499694824219,95.15499877929688,95.27100372314453,0,0.015
2026-07-21 08:00:00+00:00,95.26699829101562,95.37799835205078,95.14099884033203,95.1719970703125,0,0.015
2026-07-21 12:00:00+00:00,95.1760025024414,95.18000030517578,94.79499816894531,95.0459976196289,0,0.015
2026-07-21 16:00:00+00:00,95.0469970703125,95.18599700927734,95.01599884033203,95.125,0,0.015
2026-07-21 20:00:00+00:00,95.1259994506836,95.16100311279297,94.96299743652344,95.05400085449219,0,0.015
2026-07-22 00:00:00+00:00,95.052001953125,95.16600036621094,95.0,95.07499694824219,0,0.015
2026-07-22 04:00:00+00:00,95.0719985961914,95.08499908447266,94.7509994506836,94.79900360107422,0,0.015
2026-07-22 08:00:00+00:00,94.802001953125,94.89800262451172,94.7490005493164,94.86499786376953,0,0.015
2026-07-22 12:00:00+00:00,94.86100006103516,94.94000244140625,94.78099822998047,94.9209976196289,0,0.015
2026-07-22 16:00:00+00:00,94.927001953125,94.93299865722656,94.78700256347656,94.84100341796875,0,0.015
2026-07-22 20:00:00+00:00,94.83999633789062,94.95999908447266,94.73699951171875,94.80599975585938,0,0.015
2026-07-23 00:00:00+00:00,94.802001953125,94.91799926757812,94.77200317382812,94.86100006103516,0,0.015
2026-07-23 04:00:00+00:00,94.85700225830078,94.97000122070312,94.65599822998047,94.78199768066406,0,0.015
2026-07-23 08:00:00+00:00,94.77899932861328,94.7959976196289,94.48600006103516,94.6050033569336,0,0.015
2026-07-23 12:00:00+00:00,94.60700225830078,94.697998046875,94.43099975585938,94.56999969482422,0,0.015
2026-07-23 16:00:00+00:00,94.5719985961914,94.61499786376953,94.46299743652344,94.54499816894531,0,0.015
2026-07-23 20:00:00+00:00,94.5459976196289,94.64399719238281,94.43599700927734,94.58599853515625,0,0.015
2026-07-24 00:00:00+00:00,94.58200073242188,94.7699966430664,94.5739974975586,94.63899993896484,0,0.015
2026-07-24 04:00:00+00:00,94.63899993896484,94.80500030517578,94.56600189208984,94.78600311279297,0,0.015
2026-07-24 08:00:00+00:00,94.78700256347656,94.83100128173828,94.65299987792969,94.7979965209961,0,0.015
2026-07-24 12:00:00+00:00,94.7979965209961,94.96399688720703,94.63899993896484,94.947998046875,0,0.015
2026-07-24 16:00:00+00:00,94.947998046875,94.98100280761719,94.81900024414062,94.84100341796875,0,0.015
2026-07-24 20:00:00+00:00,94.84100341796875,94.87799835205078,94.76200103759766,94.81500244140625,0,0.015
2026-07-26 20:00:00+00:00,94.86299896240234,94.88600158691406,94.81400299072266,94.8489990234375,0,0.015
2026-07-27 00:00:00+00:00,94.8489990234375,95.0009994506836,94.68299865722656,94.77300262451172,0,0.015
2026-07-27 04:00:00+00:00,94.77300262451172,94.98699951171875,94.75599670410156,94.83200073242188,0,0.015
2026-07-27 08:00:00+00:00,94.83100128173828,94.86000061035156,94.7239990234375,94.74400329589844,0,0.015
2026-07-27 12:00:00+00:00,94.74500274658203,94.81500244140625,94.55999755859375,94.60199737548828,0,0.015
2026-07-27 16:00:00+00:00,94.60099792480469,94.64700317382812,94.4990005493164,94.58200073242188,0,0.015
2026-07-27 20:00:00+00:00,94.58200073242188,94.59700012207031,94.44000244140625,94.48400115966797,0,0.015
2026-07-28 00:00:00+00:00,94.48200225830078,94.5979995727539,94.41999816894531,94.50800323486328,0,0.015
2026-07-28 04:00:00+00:00,94.50599670410156,94.58899688720703,94.35199737548828,94.51399993896484,0,0.015
2026-07-28 08:00:00+00:00,94.51399993896484,94.5979995727539,94.45999908447266,94.58000183105469,0,0.015
2026-07-28 12:00:00+00:00,94.57499694824219,94.86900329589844,94.52899932861328,94.8499984741211,0,0.015
2026-07-28 16:00:00+00:00,94.8499984741211,94.89800262451172,94.76899719238281,94.79499816894531,0,0.015
2026-07-28 20:00:00+00:00,94.7969970703125,94.84400177001953,94.66699981689453,94.7229995727539,0,0.015
2026-07-29 00:00:00+00:00,94.7229995727539,94.76899719238281,94.5469970703125,94.63800048828125,0,0.015
2026-07-29 04:00:00+00:00,94.63400268554688,94.73600006103516,94.47100067138672,94.7020034790039,0,0.015
2026-07-29 08:00:00+00:00,94.6969985961914,94.71199798583984,94.53500366210938,94.55400085449219,0,0.015
2026-07-29 12:00:00+00:00,94.552001953125,94.75299835205078,94.46700286865234,94.51200103759766,0,0.015
2026-07-29 16:00:00+00:00,94.51000213623047,95.11599731445312,94.4280014038086,94.68399810791016,0,0.015
2026-07-29 20:00:00+00:00,94.68000030517578,94.85900115966797,94.552001953125,94.73799896240234,0,0.015
2026-07-30 00:00:00+00:00,94.73699951171875,95.01499938964844,94.6760025024414,94.93599700927734,0,0.015
2026-07-30 04:00:00+00:00,94.93800354003906,95.13400268554688,94.87000274658203,95.03199768066406,0,0.015
2026-07-30 08:00:00+00:00,95.02899932861328,95.3030014038086,94.83399963378906,95.177001953125,0,0.015
2026-07-30 12:00:00+00:00,95.177001953125,95.21099853515625,92.72699737548828,93.68800354003906,0,0.015
2026-07-30 16:00:00+00:00,93.68800354003906,93.91500091552734,93.16500091552734,93.67900085449219,0,0.015
2026-07-30 20:00:00+00:00,93.67900085449219,94.1500015258789,93.64299774169922,94.09300231933594,0,0.015
2026-07-31 00:00:00+00:00,94.09300231933594,94.40899658203125,94.07099914550781,94.28500366210938,0,0.015
2026-07-31 04:00:00+00:00,94.27899932861328,94.35399627685547,93.95700073242188,94.08100128173828,0,0.015
2026-07-31 08:00:00+00:00,94.0790023803711,94.19300079345703,93.322998046875,93.9020004272461,0,0.015
2026-07-31 12:00:00+00:00,93.9020004272461,94.03700256347656,93.03800201416016,93.53800201416016,0,0.015
2026-07-31 16:00:00+00:00,93.53600311279297,93.8270034790039,93.14199829101562,93.75199890136719,0,0.015
2026-07-31 20:00:00+00:00,93.76100158691406,93.76899719238281,92.49400329589844,92.49700164794922,0,0.015
2026-08-02 20:00:00+00:00,92.77400207519531,93.09700012207031,92.6259994506836,92.9229965209961,0,0.015
2026-08-03 00:00:00+00:00,92.93000030517578,93.09500122070312,91.63500213623047,92.01799774169922,0,0.015
2026-08-03 04:00:00+00:00,92.01399993896484,92.17400360107422,91.93900299072266,92.08399963378906,0,0.015
2026-08-03 08:00:00+00:00,92.08699798583984,92.20999908447266,91.87699890136719,92.00800323486328,0,0.015
2026-08-03 12:00:00+00:00,92.00800323486328,92.10600280761719,91.66699981689453,92.09100341796875,0,0.015
2026-08-03 16:00:00+00:00,92.08799743652344,92.14199829101562,91.88600158691406,92.12899780273438,0,0.015
2026-08-03 20:00:00+00:00,92.12899780273438,92.50800323486328,92.08699798583984,92.40499877929688,0,0.015
2026-08-04 00:00:00+00:00,92.40499877929688,92.57599639892578,92.26599884033203,92.49099731445312,0,0.015
2026-08-04 04:00:00+00:00,92.48500061035156,92.6449966430664,92.38999938964844,92.63200378417969,0,0.015
2026-08-04 08:00:00+00:00,92.63200378417969,92.81500244140625,92.59400177001953,92.6500015258789,0,0.015
2026-08-04 12:00:00+00:00,92.6500015258789,92.79399871826172,92.5770034790039,92.68800354003906,0,0.015
2026-08-04 16:00:00+00:00,92.69000244140625,93.00199890136719,92.6780014038086,92.9729995727539,0,0.015
2026-08-04 20:00:00+00:00,92.97000122070312,93.03099822998047,92.62000274658203,92.6510009765625,0,0.015
2026-08-05 00:00:00+00:00,92.6510009765625,92.72699737548828,92.38600158691406,92.43199920654297,0,0.015
2026-08-05 04:00:00+00:00,92.43099975585938,92.59600067138672,92.42900085449219,92.56700134277344,0,0.015
2026-08-05 08:00:00+00:00,92.56500244140625,92.59600067138672,92.41699981689453,92.46900177001953,0,0.015
2026-08-05 12:00:00+00:00,92.46900177001953,92.72599792480469,92.4540023803711,92.66300201416016,0,0.015
2026-08-05 16:00:00+00:00,92.66200256347656,92.89700317382812,92.64299774169922,92.81099700927734,0,0.015
2026-08-05 20:00:00+00:00,92.81099700927734,92.91100311279297,92.73600006103516,92.77100372314453,0,0.015
2026-08-06 00:00:00+00:00,92.77300262451172,92.91799926757812,92.72899627685547,92.81500244140625,0,0.015
2026-08-06 04:00:00+00:00,92.81700134277344,92.81900024414062,92.625,92.71099853515625,0,0.015
2026-08-06 08:00:00+00:00,92.71199798583984,92.89299774169922,92.67900085449219,92.86199951171875,0,0.015
2026-08-06 12:00:00+00:00,92.86199951171875,93.05799865722656,92.77999877929688,92.93000030517578,0,0.015
2026-08-06 16:00:00+00:00,92.93099975585938,93.01499938964844,92.79199981689453,92.97899627685547,0,0.015
2026-08-06 20:00:00+00:00,92.97699737548828,93.04100036621094,92.87999725341797,92.947998046875,0,0.015
2026-08-07 00:00:00+00:00,92.947998046875,93.02300262451172,92.83999633789062,92.89600372314453,0,0.015
2026-08-07 04:00:00+00:00,92.8949966430664,93.00700378417969,92.8290023803711,92.96499633789062,0,0.015
2026-08-07 08:00:00+00:00,92.96900177001953,93.06900024414062,92.8550033569336,92.94999694824219,0,0.015
2026-08-07 12:00:00+00:00,92.94999694824219,92.99500274658203,92.41999816894531,92.79900360107422,0,0.015
2026-08-07 16:00:00+00:00,92.7979965209961,92.96800231933594,92.70500183105469,92.89700317382812,0,0.015
2026-08-07 20:00:00+00:00,92.89700317382812,93.02200317382812,92.88099670410156,92.98799896240234,0,0.015
2026-08-09 20:00:00+00:00,93.01599884033203,93.0459976196289,92.93900299072266,92.94999694824219,0,0.015
2026-08-10 00:00:00+00:00,92.95099639892578,93.14199829101562,92.89800262451172,93.08799743652344,0,0.015
2026-08-10 04:00:00+00:00,93.08799743652344,93.44000244140625,93.08599853515625,93.43000030517578,0,0.015
2026-08-10 08:00:00+00:00,93.43099975585938,93.65599822998047,93.38999938964844,93.54299926757812,0,0.015
2026-08-10 12:00:00+00:00,93.54299926757812,93.6449966430664,93.30699920654297,93.58300018310547,0,0.015
2026-08-10 16:00:00+00:00,93.58399963378906,93.73999786376953,93.55899810791016,93.69599914550781,0,0.015
2026-08-10 20:00:00+00:00,93.69599914550781,93.7229995727539,93.5999984741211,93.69300079345703,0,0.015
2026-08-11 00:00:00+00:00,93.69300079345703,93.75199890136719,93.57099914550781,93.68199920654297,0,0.015
2026-08-11 04:00:00+00:00,93.68199920654297,93.83000183105469,93.48799896240234,93.5260009765625,0,0.015
2026-08-11 08:00:00+00:00,93.5270004272461,93.65499877929688,93.50199890136719,93.5719985961914,0,0.015
2026-08-11 12:00:00+00:00,93.5719985961914,93.73200225830078,93.56700134277344,93.64399719238281,0,0.015
2026-08-11 16:00:00+00:00,93.64399719238281,93.7030029296875,93.5979995727539,93.65399932861328,0,0.015
2026-08-11 20:00:00+00:00,93.65399932861328,93.71700286865234,93.53500366210938,93.63400268554688,0,0.015
2026-08-12 00:00:00+00:00,93.63099670410156,93.64399719238281,93.51000213623047,93.53500366210938,0,0.015
2026-08-12 04:00:00+00:00,93.53500366210938,93.55599975585938,93.39900207519531,93.41500091552734,0,0.015
2026-08-12 08:00:00+00:00,93.41500091552734,93.43699645996094,93.12999725341797,93.33999633789062,0,0.015
2026-08-12 12:00:00+00:00,93.34200286865234,93.51899719238281,93.1449966430664,93.38700103759766,0,0.015
2026-08-12 16:00:00+00:00,93.38800048828125,93.43299865722656,93.322998046875,93.39800262451172,0,0.015
2026-08-12 20:00:00+00:00,93.3949966430664,93.48300170898438,93.32099914550781,93.36599731445312,0,0.015
2026-08-13 00:00:00+00:00,93.36699676513672,93.40899658203125,92.96299743652344,92.96399688720703,0,0.015
2026-08-13 04:00:00+00:00,92.96399688720703,92.99700164794922,92.80799865722656,92.97599792480469,0,0.015
2026-08-13 08:00:00+00:00,92.97599792480469,93.14099884033203,92.93399810791016,93.11900329589844,0,0.015
2026-08-13 12:00:00+00:00,93.11900329589844,93.22200012207031,93.0459976196289,93.16699981689453,0,0.015
2026-08-13 16:00:00+00:00,93.16699981689453,93.33000183105469,93.15699768066406,93.31999969482422,0,0.015
2026-08-13 20:00:00+00:00,93.32099914550781,93.35099792480469,93.21099853515625,93.31099700927734,0,0.015
2026-08-14 00:00:00+00:00,93.30999755859375,93.50800323486328,93.30500030517578,93.5,0,0.015
2026-08-14 04:00:00+00:00,93.50199890136719,93.5510025024414,93.38400268554688,93.53299713134766,0,0.015
2026-08-14 08:00:00+00:00,93.53399658203125,93.71499633789062,93.46800231933594,93.68099975585938,0,0.015
2026-08-14 12:00:00+00:00,93.68099975585938,93.88500213623047,93.50399780273438,93.86100006103516,0,0.015
2026-08-14 16:00:00+00:00,93.86199951171875,93.91600036621094,93.77100372314453,93.8479995727539,0,0.015
2026-08-14 20:00:00+00:00,93.8479995727539,93.88400268554688,93.78700256347656,93.88400268554688,0,0.015
2026-08-16 20:00:00+00:00,93.77200317382812,93.8290023803711,93.76599884033203,93.77799987792969,0,0.015
2026-08-17 00:00:00+00:00,93.7760009765625,93.98799896240234,93.76899719238281,93.96099853515625,0,0.015
2026-08-17 04:00:00+00:00,93.96099853515625,94.16200256347656,93.94200134277344,94.10299682617188,0,0.015
2026-08-17 08:00:00+00:00,94.10399627685547,94.29399871826172,94.0780029296875,94.20500183105469,0,0.015
2026-08-17 12:00:00+00:00,94.20500183105469,94.2770004272461,94.11399841308594,94.1520004272461,0,0.015
2026-08-17 16:00:00+00:00,94.1520004272461,94.18399810791016,94.06800079345703,94.12999725341797,0,0.015
2026-08-17 20:00:00+00:00,94.12999725341797,94.15499877929688,94.0009994506836,94.08399963378906,0,0.015
2026-08-18 00:00:00+00:00,94.08399963378906,94.18000030517578,93.84300231933594,93.88300323486328,0,0.015
2026-08-18 04:00:00+00:00,93.88099670410156,93.95500183105469,93.79399871826172,93.82499694824219,0,0.015
2026-08-18 08:00:00+00:00,93.8270034790039,93.9540023803711,93.78800201416016,93.9489974975586,0,0.015
2026-08-18 12:00:00+00:00,93.947998046875,94.0459976196289,93.76899719238281,93.81400299072266,0,0.015
2026-08-18 16:00:00+00:00,93.81199645996094,93.83300018310547,93.68199920654297,93.74500274658203,0,0.015
2026-08-18 20:00:00+00:00,93.74500274658203,93.84100341796875,93.6510009765625,93.69300079345703,0,0.015
2026-08-19 00:00:00+00:00,93.69300079345703,93.69599914550781,93.4530029296875,93.5999984741211,0,0.015
2026-08-19 04:00:00+00:00,93.5999984741211,93.61299896240234,93.40499877929688,93.43699645996094,0,0.015
2026-08-19 08:00:00+00:00,93.43599700927734,93.64700317382812,93.41100311279297,93.5469970703125,0,0.015
2026-08-19 12:00:00+00:00,93.5469970703125,93.98699951171875,93.30999755859375,93.93399810791016,0,0.015
2026-08-19 16:00:00+00:00,93.93399810791016,94.00700378417969,93.77999877929688,93.8239974975586,0,0.015
2026-08-19 20:00:00+00:00,93.8239974975586,93.9729995727539,93.68900299072266,93.92500305175781,0,0.015
2026-08-20 00:00:00+00:00,93.92400360107422,94.33399963378906,93.90299987792969,94.29900360107422,0,0.015
2026-08-20 04:00:00+00:00,94.29900360107422,94.46700286865234,94.20999908447266,94.35199737548828,0,0.015
2026-08-20 08:00:00+00:00,94.35099792480469,94.4260025024414,94.29499816894531,94.33799743652344,0,0.015
2026-08-20 12:00:00+00:00,94.33799743652344,94.552001953125,94.31800079345703,94.47200012207031,0,0.015
2026-08-20 16:00:00+00:00,94.46900177001953,94.55999755859375,94.43499755859375,94.54299926757812,0,0.015
2026-08-20 20:00:00+00:00,94.54399871826172,94.61100006103516,94.43900299072266,94.58399963378906,0,0.015
2026-08-21 00:00:00+00:00,94.58499908447266,94.96099853515625,94.56999969482422,94.90699768066406,0,0.015
2026-08-21 04:00:00+00:00,94.90799713134766,94.93000030517578,94.74299621582031,94.77100372314453,0,0.015
2026-08-21 08:00:00+00:00,94.77100372314453,94.947998046875,94.69100189208984,94.94400024414062,0,0.015
2026-08-21 12:00:00+00:00,94.94400024414062,95.08200073242188,94.86799621582031,95.05999755859375,0,0.015
2026-08-21 16:00:00+00:00,95.06099700927734,95.16000366210938,95.02300262451172,95.05999755859375,0,0.015
2026-08-21 20:00:00+00:00,95.06400299072266,95.08599853515625,94.98500061035156,95.02200317382812,0,0.015
2026-08-23 20:00:00+00:00,94.93699645996094,94.9739990234375,94.86299896240234,94.95099639892578,0,0.015
2026-08-24 00:00:00+00:00,94.95099639892578,95.00499725341797,94.87000274658203,94.93699645996094,0,0.015
2026-08-24 04:00:00+00:00,94.93800354003906,95.02200317382812,94.87000274658203,94.99500274658203,0,0.015
2026-08-24 08:00:00+00:00,94.99500274658203,95.04399871826172,94.83599853515625,94.8499984741211,0,0.015
2026-08-24 12:00:00+00:00,94.8499984741211,94.98999786376953,94.78500366210938,94.79499816894531,0,0.015
2026-08-24 16:00:00+00:00,94.79499816894531,94.83100128173828,94.7239990234375,94.80699920654297,0,0.015
2026-08-24 20:00:00+00:00,94.80799865722656,94.94100189208984,94.572998046875,94.91999816894531,0,0.015
2026-08-25 00:00:00+00:00,94.91999816894531,95.05400085449219,94.84300231933594,94.9469985961914,0,0.015
2026-08-25 04:00:00+00:00,94.9469985961914,94.97799682617188,94.82599639892578,94.8759994506836,0,0.015
2026-08-25 08:00:00+00:00,94.8759994506836,95.06300354003906,94.8290023803711,94.99199676513672,0,0.015
2026-08-25 12:00:00+00:00,94.99500274658203,95.11000061035156,94.9280014038086,95.05999755859375,0,0.015
2026-08-25 16:00:00+00:00,95.06099700927734,95.15499877929688,95.02300262451172,95.15399932861328,0,0.015
2026-08-25 20:00:00+00:00,95.1510009765625,95.19499969482422,94.61199951171875,95.12200164794922,0,0.015
2026-08-26 00:00:00+00:00,95.12200164794922,95.18099975585938,94.65799713134766,94.68599700927734,0,0.015
2026-08-26 04:00:00+00:00,94.68699645996094,94.71399688720703,94.55400085449219,94.69000244140625,0,0.015
2026-08-26 08:00:00+00:00,94.69100189208984,94.77400207519531,94.63099670410156,94.76100158691406,0,0.015
2026-08-26 12:00:00+00:00,94.76200103759766,94.802001953125,94.56600189208984,94.61399841308594,0,0.015
2026-08-26 16:00:00+00:00,94.61399841308594,94.7490005493164,94.5979995727539,94.6780014038086,0,0.015
2026-08-26 20:00:00+00:00,94.67900085449219,94.75399780273438,94.01200103759766,94.70099639892578,0,0.015
2026-08-27 00:00:00+00:00,94.70099639892578,94.87799835205078,94.56999969482422,94.83899688720703,0,0.015
2026-08-27 04:00:00+00:00,94.84100341796875,94.87999725341797,94.6510009765625,94.65799713134766,0,0.015
2026-08-27 08:00:00+00:00,94.65899658203125,94.85600280761719,94.63999938964844,94.84600067138672,0,0.015
2026-08-27 12:00:00+00:00,94.84500122070312,94.94499969482422,94.71700286865234,94.78800201416016,0,0.015
2026-08-27 16:00:00+00:00,94.78900146484375,94.85399627685547,94.75599670410156,94.83599853515625,0,0.015
2026-08-27 20:00:00+00:00,94.83499908447266,94.90699768066406,94.60600280761719,94.8550033569336,0,0.015
2026-08-28 00:00:00+00:00,94.8550033569336,95.11699676513672,94.84500122070312,95.06500244140625,0,0.015
2026-08-28 04:00:00+00:00,95.06400299072266,95.11299896240234,94.96800231933594,95.04100036621094,0,0.015
2026-08-28 08:00:00+00:00,95.04100036621094,95.07099914550781,94.9000015258789,94.90399932861328,0,0.015
2026-08-28 12:00:00+00:00,94.90299987792969,95.0260009765625,94.58100128173828,94.59600067138672,0,0.015
2026-08-28 16:00:00+00:00,94.59500122070312,94.68000030517578,94.5479965209961,94.6500015258789,0,0.015
2026-08-28 20:00:00+00:00,94.6510009765625,94.69100189208984,94.51499938964844,94.63400268554688,0,0.015
2026-08-30 20:00:00+00:00,94.69400024414062,94.78299713134766,94.69400024414062,94.76799774169922,0,0.015
2026-08-31 00:00:00+00:00,94.7699966430664,94.7750015258789,94.3239974975586,94.6050033569336,0,0.015
2026-08-31 04:00:00+00:00,94.60600280761719,94.60900115966797,94.38999938964844,94.43699645996094,0,0.015
2026-08-31 08:00:00+00:00,94.43699645996094,94.52100372314453,94.38400268554688,94.45500183105469,0,0.015
2026-08-31 12:00:00+00:00,94.4530029296875,94.61900329589844,94.40599822998047,94.49500274658203,0,0.015
2026-08-31 16:00:00+00:00,94.49500274658203,94.5469970703125,94.45999908447266,94.50399780273438,0,0.015
2026-08-31 20:00:00+00:00,94.50499725341797,94.59700012207031,93.64900207519531,94.58899688720703,0,0.015
2026-09-01 00:00:00+00:00,94.59100341796875,94.7030029296875,94.375,94.38700103759766,0,0.015
2026-09-01 04:00:00+00:00,94.38800048828125,94.53900146484375,94.3759994506836,94.4229965209961,0,0.015
2026-09-01 08:00:00+00:00,94.4229965209961,94.45800018310547,94.23400115966797,94.36799621582031,0,0.015
2026-09-01 12:00:00+00:00,94.36799621582031,94.58799743652344,94.3290023803711,94.45800018310547,0,0.015
2026-09-01 16:00:00+00:00,94.45899963378906,94.46299743652344,94.33999633789062,94.35299682617188,0,0.015
2026-09-01 20:00:00+00:00,94.35700225830078,94.44200134277344,94.21600341796875,94.39800262451172,0,0.015
2026-09-02 00:00:00+00:00,94.39800262451172,94.56700134277344,93.51899719238281,93.58300018310547,0,0.015
2026-09-02 04:00:00+00:00,93.58399963378906,93.59200286865234,93.0739974975586,93.08899688720703,0,0.015
2026-09-02 08:00:00+00:00,93.08899688720703,93.1510009765625,92.75399780273438,93.00499725341797,0,0.015
2026-09-02 12:00:00+00:00,93.00499725341797,93.05500030517578,92.36900329589844,92.8290023803711,0,0.015
2026-09-02 16:00:00+00:00,92.8290023803711,92.96900177001953,92.7979965209961,92.875,0,0.015
2026-09-02 20:00:00+00:00,92.87799835205078,92.98699951171875,92.03299713134766,92.9739990234375,0,0.015
2026-09-03 00:00:00+00:00,92.9739990234375,93.04299926757812,92.40699768066406,92.47799682617188,0,0.015
2026-09-03 04:00:00+00:00,92.47699737548828,92.54499816894531,91.71800231933594,92.072998046875,0,0.015
2026-09-03 08:00:00+00:00,92.072998046875,92.125,91.51599884033203,91.63899993896484,0,0.015
2026-09-03 12:00:00+00:00,91.63899993896484,91.66699981689453,91.26000213623047,91.43299865722656,0,0.015
2026-09-03 16:00:00+00:00,91.43099975585938,91.62300109863281,91.39399719238281,91.61199951171875,0,0.015
2026-09-03 20:00:00+00:00,91.60800170898438,91.86199951171875,91.10900115966797,91.5719985961914,0,0.015
2026-09-04 00:00:00+00:00,91.5719985961914,92.197998046875,91.38899993896484,92.18399810791016,0,0.015
2026-09-04 04:00:00+00:00,92.18399810791016,92.28199768066406,91.93499755859375,91.9520034790039,0,0.015
2026-09-04 08:00:00+00:00,91.95099639892578,92.0469970703125,91.86100006103516,91.91100311279297,0,0.015
2026-09-04 12:00:00+00:00,91.90899658203125,91.98600006103516,91.19300079345703,91.927001953125,0,0.015
2026-09-04 16:00:00+00:00,91.927001953125,91.9469985961914,91.79900360107422,91.93099975585938,0,0.015
2026-09-04 20:00:00+00:00,91.93099975585938,91.93499755859375,91.77899932861328,91.88500213623047,0,0.015
2026-09-06 20:00:00+00:00,91.84400177001953,91.89600372314453,91.80500030517578,91.88099670410156,0,0.015
2026-09-07 00:00:00+00:00,91.88099670410156,91.92500305175781,91.5510025024414,91.63300323486328,0,0.015
2026-09-07 04:00:00+00:00,91.63300323486328,91.73400115966797,91.39199829101562,91.4800033569336,0,0.015
2026-09-07 08:00:00+00:00,91.48200225830078,91.48699951171875,90.7020034790039,90.90599822998047,0,0.015
2026-09-07 12:00:00+00:00,90.90499877929688,90.96700286865234,90.6760025024414,90.73999786376953,0,0.015
2026-09-07 16:00:00+00:00,90.73899841308594,90.75599670410156,90.68099975585938,90.69599914550781,0,0.015
2026-09-07 20:00:00+00:00,90.69499969482422,90.8550033569336,90.2020034790039,90.48400115966797,0,0.015
2026-09-08 00:00:00+00:00,90.48400115966797,90.5270004272461,89.68599700927734,89.79399871826172,0,0.015
2026-09-08 04:00:00+00:00,89.79299926757812,90.16400146484375,89.65799713134766,89.85600280761719,0,0.015
2026-09-08 08:00:00+00:00,89.85600280761719,90.26499938964844,89.81500244140625,90.10900115966797,0,0.015
2026-09-08 12:00:00+00:00,90.10900115966797,90.36399841308594,89.94100189208984,90.28199768066406,0,0.015
2026-09-08 16:00:00+00:00,90.28199768066406,90.43199920654297,89.89600372314453,90.13400268554688,0,0.015
2026-09-08 20:00:00+00:00,90.13500213623047,90.23999786376953,89.6050033569336,89.9000015258789,0,0.015
2026-09-09 00:00:00+00:00,89.9000015258789,90.14299774169922,89.79499816894531,89.83799743652344,0,0.015
2026-09-09 04:00:00+00:00,89.83799743652344,89.90499877929688,89.62300109863281,89.68099975585938,0,0.015
2026-09-09 08:00:00+00:00,89.68099975585938,89.85399627685547,89.55500030517578,89.61900329589844,0,0.015
2026-09-09 12:00:00+00:00,89.61699676513672,89.8270034790039,89.6050033569336,89.677001953125,0,0.015
2026-09-09 16:00:00+00:00,89.67500305175781,89.71900177001953,89.62999725341797,89.66400146484375,0,0.015
2026-09-09 20:00:00+00:00,89.66400146484375,89.77100372314453,89.36499786376953,89.72000122070312,0,0.015
2026-09-10 00:00:00+00:00,89.72000122070312,89.91500091552734,89.66200256347656,89.73699951171875,0,0.015
2026-09-10 04:00:00+00:00,89.73699951171875,89.93199920654297,89.68499755859375,89.72699737548828,0,0.015
2026-09-10 08:00:00+00:00,89.72699737548828,89.98500061035156,89.71800231933594,89.87200164794922,0,0.015
2026-09-10 12:00:00+00:00,89.8740005493164,89.90299987792969,89.32599639892578,89.47699737548828,0,0.015
2026-09-10 16:00:00+00:00,89.47699737548828,89.62000274658203,89.41899871826172,89.46399688720703,0,0.015
2026-09-10 20:00:00+00:00,89.46399688720703,89.76200103759766,89.33499908447266,89.68000030517578,0,0.015
2026-09-11 00:00:00+00:00,89.68000030517578,89.90899658203125,89.62999725341797,89.90799713134766,0,0.015
2026-09-11 04:00:00+00:00,89.90499877929688,89.98899841308594,89.81099700927734,89.90599822998047,0,0.015
2026-09-11 08:00:00+00:00,89.90799713134766,89.94400024414062,89.58300018310547,89.6719970703125,0,0.015
2026-09-11 12:00:00+00:00,89.6719970703125,89.69200134277344,89.24199676513672,89.39199829101562,0,0.015
2026-09-11 16:00:00+00:00,89.39399719238281,89.43599700927734,89.33200073242188,89.34400177001953,0,0.015
2026-09-11 20:00:00+00:00,89.34400177001953,89.35700225830078,89.14399719238281,89.2979965209961,0,0.015
2026-09-13 20:00:00+00:00,89.29900360107422,89.41000366210938,89.13300323486328,89.13999938964844,0,0.015
2026-09-14 00:00:00+00:00,89.14199829101562,89.20800018310547,89.01599884033203,89.0770034790039,0,0.015
2026-09-14 04:00:00+00:00,89.0770034790039,89.26699829101562,89.02400207519531,89.1969985961914,0,0.015
2026-09-14 08:00:00+00:00,89.197998046875,89.28700256347656,89.10800170898438,89.21900177001953,0,0.015
2026-09-14 12:00:00+00:00,89.21900177001953,89.29199981689453,89.12000274658203,89.22200012207031,0,0.015
2026-09-14 16:00:00+00:00,89.22200012207031,89.3290023803711,89.08300018310547,89.16600036621094,0,0.015
2026-09-14 20:00:00+00:00,89.16600036621094,89.26599884033203,88.72000122070312,89.20999908447266,0,0.015
2026-09-15 00:00:00+00:00,89.20899963378906,89.33599853515625,88.96299743652344,88.97000122070312,0,0.015
2026-09-15 04:00:00+00:00,88.97200012207031,89.26699829101562,88.95500183105469,89.26699829101562,0,0.015
2026-09-15 08:00:00+00:00,89.26699829101562,89.43399810791016,89.177001953125,89.22899627685547,0,0.015
2026-09-15 12:00:00+00:00,89.22799682617188,89.34500122070312,89.12000274658203,89.2760009765625,0,0.015
2026-09-15 16:00:00+00:00,89.27799987792969,89.37200164794922,89.26399993896484,89.3030014038086,0,0.015
2026-09-15 20:00:00+00:00,89.3030014038086,89.66500091552734,89.06099700927734,89.28199768066406,0,0.015
2026-09-16 00:00:00+00:00,89.28199768066406,89.29499816894531,89.13099670410156,89.15399932861328,0,0.015
2026-09-16 04:00:00+00:00,89.15399932861328,89.30500030517578,89.09600067138672,89.13899993896484,0,0.015
