time,open,high,low,close,volume,spread
2023-11-30 00:00:00+00:00,1.3592400550842285,1.3594000339508057,1.357200026512146,1.3578200340270996,0,0.00015000000000000001
2023-11-30 04:00:00+00:00,1.3578300476074219,1.360010027885437,1.3561999797821045,1.3585100173950195,0,0.00015000000000000001
2023-11-30 08:00:00+00:00,1.3585200309753418,1.3619699478149414,1.357200026512146,1.3609999418258667,0,0.00015000000000000001
2023-11-30 12:00:00+00:00,1.360949993133545,1.3626500368118286,1.354699969291687,1.3563400506973267,0,0.00015000000000000001
2023-11-30 16:00:00+00:00,1.3563499450683594,1.358929991722107,1.3550000190734863,1.3566900491714478,0,0.00015000000000000001
2023-11-30 20:00:00+00:00,1.3566900491714478,1.3575999736785889,1.3552000522613525,1.3556699752807617,0,0.00015000000000000001
2023-12-01 00:00:00+00:00,1.3557000160217285,1.355720043182373,1.3530000448226929,1.354200005531311,0,0.00015000000000000001
2023-12-01 04:00:00+00:00,1.3544000387191772,1.354990005493164,1.3531999588012695,1.3540799617767334,0,0.00015000000000000001
2023-12-01 08:00:00+00:00,1.3540300130844116,1.3540799617767334,1.3513000011444092,1.3519999980926514,0,0.00015000000000000001
2023-12-01 12:00:00+00:00,1.3521699905395508,1.3551000356674194,1.3490999937057495,1.351449966430664,0,0.00015000000000000001
2023-12-01 16:00:00+00:00,1.351099967956543,1.35207998752594,1.3481999635696411,1.3493499755859375,0,0.00015000000000000001
2023-12-01 20:00:00+00:00,1.3493200540542603,1.349910020828247,1.3487000465393066,1.3495999574661255,0,0.00015000000000000001
2023-12-04 00:00:00+00:00,1.3489500284194946,1.3517299890518188,1.3482999801635742,1.351699948310852,0,0.00015000000000000001
2023-12-04 04:00:00+00:00,1.3517099618911743,1.353760004043579,1.351099967956543,1.3535900115966797,0,0.00015000000000000001
2023-12-04 08:00:00+00:00,1.3536499738693237,1.3551299571990967,1.3529000282287598,1.3539299964904785,0,0.00015000000000000001
2023-12-04 12:00:00+00:00,1.3538999557495117,1.3561999797821045,1.3514000177383423,1.3538099527359009,0,0.00015000000000000001
2023-12-04 16:00:00+00:00,1.3537800312042236,1.3554500341415405,1.3523999452590942,1.3542100191116333,0,0.00015000000000000001
2023-12-04 20:00:00+00:00,1.3542200326919556,1.3552299737930298,1.3529000282287598,1.353909969329834,0,0.00015000000000000001
2023-12-05 00:00:00+00:00,1.353600025177002,1.3565800189971924,1.3531999588012695,1.3558599948883057,0,0.00015000000000000001
2023-12-05 04:00:00+00:00,1.3554999828338623,1.3567999601364136,1.3550000190734863,1.3566499948501587,0,0.00015000000000000001
2023-12-05 08:00:00+00:00,1.3566399812698364,1.3571799993515015,1.3545000553131104,1.357069969177246,0,0.00015000000000000001
2023-12-05 12:00:00+00:00,1.3570799827575684,1.3591599464416504,1.3554999828338623,1.355970025062561,0,0.00015000000000000001
2023-12-05 16:00:00+00:00,1.3559900522232056,1.3588000535964966,1.3551000356674194,1.3586699962615967,0,0.00015000000000000001
2023-12-05 20:00:00+00:00,1.358299970626831,1.3595000505447388,1.3580000400543213,1.3590999841690063,0,0.00015000000000000001
2023-12-06 00:00:00+00:00,1.359179973602295,1.3592000007629395,1.3562999963760376,1.3569799661636353,0,0.00015000000000000001
2023-12-06 04:00:00+00:00,1.3569799661636353,1.3579100370407104,1.3554999828338623,1.3564800024032593,0,0.00015000000000000001
2023-12-06 08:00:00+00:00,1.3564900159835815,1.3588600158691406,1.3554999828338623,1.35739004611969,0,0.00015000000000000001
2023-12-06 12:00:00+00:00,1.3574199676513672,1.357640027999878,1.3545000553131104,1.3563599586486816,0,0.00015000000000000001
2023-12-06 16:00:00+00:00,1.3563499450683594,1.358929991722107,1.3554999828338623,1.3587000370025635,0,0.00015000000000000001
2023-12-06 20:00:00+00:00,1.358680009841919,1.3596199750900269,1.3581000566482544,1.3591500520706177,0,0.00015000000000000001
2023-12-07 00:00:00+00:00,1.3591599464416504,1.360759973526001,1.3583999872207642,1.3601000308990479,0,0.00015000000000000001
2023-12-07 04:00:00+00:00,1.360200047492981,1.36080002784729,1.3580000400543213,1.3586000204086304,0,0.00015000000000000001
2023-12-07 08:00:00+00:00,1.358590006828308,1.3599599599838257,1.3579000234603882,1.3593800067901611,0,0.00015000000000000001
2023-12-07 12:00:00+00:00,1.3593900203704834,1.361930012702942,1.358590006828308,1.3601000308990479,0,0.00015000000000000001
2023-12-07 16:00:00+00:00,1.3600800037384033,1.3610600233078003,1.3579000234603882,1.3592499494552612,0,0.00015000000000000001
2023-12-07 20:00:00+00:00,1.3592599630355835,1.3603999614715576,1.358299970626831,1.359760046005249,0,0.00015000000000000001
2023-12-08 00:00:00+00:00,1.3596099615097046,1.3597899675369263,1.3566999435424805,1.357100009918213,0,0.00015000000000000001
2023-12-08 04:00:00+00:00,1.3573499917984009,1.3591699600219727,1.356600046157837,1.358780026435852,0,0.00015000000000000001
2023-12-08 08:00:00+00:00,1.3587499856948853,1.3592900037765503,1.3559999465942383,1.3581000566482544,0,0.00015000000000000001
2023-12-08 12:00:00+00:00,1.358109951019287,1.3607699871063232,1.354599952697754,1.3582099676132202,0,0.00015000000000000001
2023-12-08 16:00:00+00:00,1.3582099676132202,1.360949993133545,1.357100009918213,1.3583799600601196,0,0.00015000000000000001
2023-12-08 20:00:00+00:00,1.358199954032898,1.3590799570083618,1.357699990272522,1.3580000400543213,0,0.00015000000000000001
2023-12-11 00:00:00+00:00,1.358109951019287,1.3600300550460815,1.3573999404907227,1.3599400520324707,0,0.00015000000000000001
2023-12-11 04:00:00+00:00,1.3599300384521484,1.360450029373169,1.357699990272522,1.3591400384902954,0,0.00015000000000000001
2023-12-11 08:00:00+00:00,1.3591300249099731,1.3598999977111816,1.357990026473999,1.3591300249099731,0,0.00015000000000000001
2023-12-11 12:00:00+00:00,1.3591200113296509,1.3591599464416504,1.3545000553131104,1.356410026550293,0,0.00015000000000000001
2023-12-11 16:00:00+00:00,1.3560999631881714,1.358870029449463,1.3558000326156616,1.356969952583313,0,0.00015000000000000001
2023-12-11 20:00:00+00:00,1.3569600582122803,1.3579399585723877,1.3562999963760376,1.357800006866455,0,0.00015000000000000001
2023-12-12 00:00:00+00:00,1.3578100204467773,1.3578300476074219,1.3550000190734863,1.35562002658844,0,0.00015000000000000001
2023-12-12 04:00:00+00:00,1.3555799722671509,1.3559999465942383,1.3544000387191772,1.35548996925354,0,0.00015000000000000001
2023-12-12 08:00:00+00:00,1.35548996925354,1.3573399782180786,1.35548996925354,1.356529951095581,0,0.00015000000000000001
2023-12-12 12:00:00+00:00,1.356510043144226,1.3616900444030762,1.354449987411499,1.3601200580596924,0,0.00015000000000000001
2023-12-12 16:00:00+00:00,1.3601200580596924,1.3618299961090088,1.3589999675750732,1.3595099449157715,0,0.00015000000000000001
2023-12-12 20:00:00+00:00,1.3595199584960938,1.3595999479293823,1.3580000400543213,1.358299970626831,0,0.00015000000000000001
2023-12-13 00:00:00+00:00,1.3585200309753418,1.3599599599838257,1.3580000400543213,1.3595000505447388,0,0.00015000000000000001
2023-12-13 04:00:00+00:00,1.3595099449157715,1.3605600595474243,1.3586000204086304,1.3599300384521484,0,0.00015000000000000001
2023-12-13 08:00:00+00:00,1.3596999645233154,1.3608100414276123,1.358299970626831,1.358780026435852,0,0.00015000000000000001
2023-12-13 12:00:00+00:00,1.3588099479675293,1.358929991722107,1.354990005493164,1.3569999933242798,0,0.00015000000000000001
2023-12-13 16:00:00+00:00,1.3573299646377563,1.3591500520706177,1.3494999408721924,1.3502099514007568,0,0.00015000000000000001
2023-12-13 20:00:00+00:00,1.350219964981079,1.3518999814987183,1.3489999771118164,1.3510099649429321,0,0.00015000000000000001
2023-12-14 00:00:00+00:00,1.3509700298309326,1.3509999513626099,1.3451999425888062,1.3460999727249146,0,0.00015000000000000001
2023-12-14 04:00:00+00:00,1.3462300300598145,1.3481500148773193,1.3454999923706055,1.347480058670044,0,0.00015000000000000001
2023-12-14 08:00:00+00:00,1.3474899530410767,1.3477599620819092,1.3438999652862549,1.3445199728012085,0,0.00015000000000000001
2023-12-14 12:00:00+00:00,1.3445099592208862,1.3451199531555176,1.340999960899353,1.3420900106430054,0,0.00015000000000000001
2023-12-14 16:00:00+00:00,1.3421000242233276,1.342560052871704,1.3388999700546265,1.3408900499343872,0,0.00015000000000000001
2023-12-14 20:00:00+00:00,1.3408900499343872,1.3413699865341187,1.3398000001907349,1.3406000137329102,0,0.00015000000000000001
2023-12-15 00:00:00+00:00,1.3403899669647217,1.3414700031280518,1.3382999897003174,1.3384000062942505,0,0.00015000000000000001
2023-12-15 04:00:00+00:00,1.3388899564743042,1.340000033378601,1.3379000425338745,1.3384000062942505,0,0.00015000000000000001
2023-12-15 08:00:00+00:00,1.3387399911880493,1.338879942893982,1.336899995803833,1.3379900455474854,0,0.00015000000000000001
2023-12-15 12:00:00+00:00,1.337980031967163,1.3403400182724,1.336300015449524,1.3371200561523438,0,0.00015000000000000001
2023-12-15 16:00:00+00:00,1.336899995803833,1.3383400440216064,1.3344999551773071,1.3369699716567993,0,0.00015000000000000001
2023-12-15 20:00:00+00:00,1.3370200395584106,1.3380999565124512,1.3359999656677246,1.3376699686050415,0,0.00015000000000000001
2023-12-18 00:00:00+00:00,1.338189959526062,1.3388299942016602,1.336899995803833,1.337820053100586,0,0.00015000000000000001
2023-12-18 04:00:00+00:00,1.337820053100586,1.3381999731063843,1.336400032043457,1.338070034980774,0,0.00015000000000000001
2023-12-18 08:00:00+00:00,1.3380800485610962,1.3384000062942505,1.3361799716949463,1.3362900018692017,0,0.00015000000000000001
2023-12-18 12:00:00+00:00,1.3362400531768799,1.3403300046920776,1.3349299430847168,1.3396300077438354,0,0.00015000000000000001
2023-12-18 16:00:00+00:00,1.3396300077438354,1.3409099578857422,1.3380999565124512,1.339210033416748,0,0.00015000000000000001
2023-12-18 20:00:00+00:00,1.339210033416748,1.3401299715042114,1.3386000394821167,1.3398100137710571,0,0.00015000000000000001
2023-12-19 00:00:00+00:00,1.3397899866104126,1.340000033378601,1.3384000062942505,1.3392200469970703,0,0.00015000000000000001
2023-12-19 04:00:00+00:00,1.3392000198364258,1.340019941329956,1.3384000062942505,1.3395999670028687,0,0.00015000000000000001
2023-12-19 08:00:00+00:00,1.3395999670028687,1.3396199941635132,1.3375999927520752,1.338879942893982,0,0.00015000000000000001
2023-12-19 12:00:00+00:00,1.3388899564743042,1.3389400243759155,1.332900047302246,1.333940029144287,0,0.00015000000000000001
2023-12-19 16:00:00+00:00,1.333940029144287,1.33502995967865,1.332800030708313,1.3335700035095215,0,0.00015000000000000001
2023-12-19 20:00:00+00:00,1.3335299491882324,1.3343199491500854,1.332800030708313,1.3335000276565552,0,0.00015000000000000001
2023-12-20 00:00:00+00:00,1.3338299989700317,1.3348499536514282,1.333299994468689,1.3341000080108643,0,0.00015000000000000001
2023-12-20 04:00:00+00:00,1.334589958190918,1.335319995880127,1.333799958229065,1.3344999551773071,0,0.00015000000000000001
2023-12-20 08:00:00+00:00,1.3344199657440186,1.3345600366592407,1.3321000337600708,1.3338899612426758,0,0.00015000000000000001
2023-12-20 12:00:00+00:00,1.333899974822998,1.3350600004196167,1.3314000368118286,1.3319499492645264,0,0.00015000000000000001
2023-12-20 16:00:00+00:00,1.3319900035858154,1.3344999551773071,1.3307000398635864,1.3341599702835083,0,0.00015000000000000001
2023-12-20 20:00:00+00:00,1.334130048751831,1.3371000289916992,1.333799958229065,1.3358299732208252,0,0.00015000000000000001
2023-12-21 00:00:00+00:00,1.3359099626541138,1.3359999656677246,1.3345999717712402,1.3356300592422485,0,0.00015000000000000001
2023-12-21 04:00:00+00:00,1.3356300592422485,1.3359999656677246,1.3344000577926636,1.335319995880127,0,0.00015000000000000001
2023-12-21 08:00:00+00:00,1.3352700471878052,1.335800051689148,1.333400011062622,1.334030032157898,0,0.00015000000000000001
2023-12-21 12:00:00+00:00,1.334030032157898,1.335510015487671,1.3300000429153442,1.330399990081787,0,0.00015000000000000001
2023-12-21 16:00:00+00:00,1.3307100534439087,1.3322999477386475,1.3280999660491943,1.3290300369262695,0,0.00015000000000000001
2023-12-21 20:00:00+00:00,1.3287999629974365,1.3295799493789673,1.3271000385284424,1.3280999660491943,0,0.00015000000000000001
2023-12-22 00:00:00+00:00,1.3284300565719604,1.328909993171692,1.3272000551223755,1.3286000490188599,0,0.00015000000000000001
2023-12-22 04:00:00+00:00,1.3287899494171143,1.329300045967102,1.327299952507019,1.3273999691009521,0,0.00015000000000000001
2023-12-22 08:00:00+00:00,1.32778000831604,1.328029990196228,1.3265000581741333,1.3270699977874756,0,0.00015000000000000001
2023-12-22 12:00:00+00:00,1.3271199464797974,1.3291399478912354,1.3214000463485718,1.3266899585723877,0,0.00015000000000000001
2023-12-22 16:00:00+00:00,1.3266799449920654,1.328510046005249,1.3248000144958496,1.3259400129318237,0,0.00015000000000000001
2023-12-22 20:00:00+00:00,1.3259199857711792,1.3272000551223755,1.3250999450683594,1.3270000219345093,0,0.00015000000000000001
2023-12-25 00:00:00+00:00,1.3269000053405762,1.3291000127792358,1.3257399797439575,1.326300024986267,0,0.00015000000000000001
2023-12-25 04:00:00+00:00,1.326300024986267,1.3269000053405762,1.3250000476837158,1.3252999782562256,0,0.00015000000000000001
2023-12-25 08:00:00+00:00,1.3250999450683594,1.3255000114440918,1.3250999450683594,1.3253999948501587,0,0.00015000000000000001
2023-12-25 12:00:00+00:00,1.3253999948501587,1.3255000114440918,1.3252999782562256,1.3255000114440918,0,0.00015000000000000001
2023-12-25 16:00:00+00:00,1.3255000114440918,1.3255000114440918,1.3249000310897827,1.3251999616622925,0,0.00015000000000000001
2023-12-25 20:00:00+00:00,1.3250999450683594,1.3257999420166016,1.3245999813079834,1.3250700235366821,0,0.00015000000000000001
2023-12-26 00:00:00+00:00,1.3252099752426147,1.326200008392334,1.3246999979019165,1.3251299858093262,0,0.00015000000000000001
2023-12-26 04:00:00+00:00,1.325160026550293,1.3255000114440918,1.3244500160217285,1.3250399827957153,0,0.00015000000000000001
2023-12-26 08:00:00+00:00,1.3250399827957153,1.326200008392334,1.3246099948883057,1.3248000144958496,0,0.00015000000000000001
2023-12-26 12:00:00+00:00,1.3248000144958496,1.3249499797821045,1.3198000192642212,1.320739984512329,0,0.00015000000000000001
2023-12-26 16:00:00+00:00,1.3207299709320068,1.3215199708938599,1.319599986076355,1.320099949836731,0,0.00015000000000000001
2023-12-26 20:00:00+00:00,1.320080041885376,1.3204400539398193,1.3188999891281128,1.3193999528884888,0,0.00015000000000000001
2023-12-27 00:00:00+00:00,1.319640040397644,1.3209999799728394,1.3187999725341797,1.3194799423217773,0,0.00015000000000000001
2023-12-27 04:00:00+00:00,1.3194799423217773,1.319599986076355,1.3179999589920044,1.3195600509643555,0,0.00015000000000000001
2023-12-27 08:00:00+00:00,1.3195699453353882,1.3208999633789062,1.31850004196167,1.3198000192642212,0,0.00015000000000000001
2023-12-27 12:00:00+00:00,1.3198100328445435,1.320989966392517,1.317199945449829,1.320099949836731,0,0.00015000000000000001
2023-12-27 16:00:00+00:00,1.3204400539398193,1.3219300508499146,1.318600058555603,1.3212599754333496,0,0.00015000000000000001
2023-12-27 20:00:00+00:00,1.3213000297546387,1.3216099739074707,1.319700002670288,1.3204400539398193,0,0.00015000000000000001
2023-12-28 00:00:00+00:00,1.3205300569534302,1.3205499649047852,1.3187999725341797,1.3196500539779663,0,0.00015000000000000001
2023-12-28 04:00:00+00:00,1.319659948348999,1.3206000328063965,1.318600058555603,1.31905996799469,0,0.00015000000000000001
2023-12-28 08:00:00+00:00,1.3190699815750122,1.3225200176239014,1.3184000253677368,1.3217600584030151,0,0.00015000000000000001
2023-12-28 12:00:00+00:00,1.3217300176620483,1.3232100009918213,1.3179999589920044,1.3186399936676025,0,0.00015000000000000001
2023-12-28 16:00:00+00:00,1.3185800313949585,1.3235100507736206,1.3177000284194946,1.3230199813842773,0,0.00015000000000000001
2023-12-28 20:00:00+00:00,1.3230199813842773,1.3233000040054321,1.3217999935150146,1.3230199813842773,0,0.00015000000000000001
2023-12-29 00:00:00+00:00,1.3229999542236328,1.323199987411499,1.3217999935150146,1.3226499557495117,0,0.00015000000000000001
2023-12-29 04:00:00+00:00,1.3226100206375122,1.3241900205612183,1.3220000267028809,1.3238799571990967,0,0.00015000000000000001
2023-12-29 08:00:00+00:00,1.3238799571990967,1.3264000415802002,1.3234800100326538,1.325350046157837,0,0.00015000000000000001
2023-12-29 12:00:00+00:00,1.3253300189971924,1.326509952545166,1.3176000118255615,1.3185800313949585,0,0.00015000000000000001
2023-12-29 16:00:00+00:00,1.318560004234314,1.3251099586486816,1.3173999786376953,1.323830008506775,0,0.00015000000000000001
2023-12-29 20:00:00+00:00,1.3237899541854858,1.3256100416183472,1.3222999572753906,1.3245999813079834,0,0.00015000000000000001
2024-01-01 00:00:00+00:00,1.3244999647140503,1.3244999647140503,1.3244999647140503,1.3244999647140503,0,0.00015000000000000001
2024-01-01 04:00:00+00:00,1.3244999647140503,1.3245999813079834,1.3244999647140503,1.3244999647140503,0,0.00015000000000000001
2024-01-01 08:00:00+00:00,1.3244999647140503,1.3244999647140503,1.3244999647140503,1.3244999647140503,0,0.00015000000000000001
2024-01-01 12:00:00+00:00,1.3244999647140503,1.3244999647140503,1.3243000507354736,1.3244999647140503,0,0.00015000000000000001
2024-01-01 16:00:00+00:00,1.3244999647140503,1.3250999450683594,1.3229000568389893,1.3244999647140503,0,0.00015000000000000001
2024-01-01 20:00:00+00:00,1.3244999647140503,1.3252999782562256,1.3230799436569214,1.3243299722671509,0,0.00015000000000000001
2024-01-02 00:00:00+00:00,1.3243999481201172,1.3256399631500244,1.3224999904632568,1.3255599737167358,0,0.00015000000000000001
2024-01-02 04:00:00+00:00,1.3255200386047363,1.3257499933242798,1.323199987411499,1.3250600099563599,0,0.00015000000000000001
2024-01-02 08:00:00+00:00,1.3250600099563599,1.3270800113677979,1.3224999904632568,1.3267500400543213,0,0.00015000000000000001
2024-01-02 12:00:00+00:00,1.326799988746643,1.3328900337219238,1.326300024986267,1.3311899900436401,0,0.00015000000000000001
2024-01-02 16:00:00+00:00,1.3312000036239624,1.3332799673080444,1.3295999765396118,1.3326499462127686,0,0.00015000000000000001
2024-01-02 20:00:00+00:00,1.3327000141143799,1.333400011062622,1.3315000534057617,1.3321599960327148,0,0.00015000000000000001
2024-01-03 00:00:00+00:00,1.332110047340393,1.3331999778747559,1.3313000202178955,1.3325200080871582,0,0.00015000000000000001
2024-01-03 04:00:00+00:00,1.3325400352478027,1.333400011062622,1.3316999673843384,1.3321000337600708,0,0.00015000000000000001
2024-01-03 08:00:00+00:00,1.3324099779129028,1.3346099853515625,1.3317999839782715,1.334280014038086,0,0.00015000000000000001
2024-01-03 12:00:00+00:00,1.3343600034713745,1.3367500305175781,1.333299994468689,1.3350600004196167,0,0.00015000000000000001
2024-01-03 16:00:00+00:00,1.335070013999939,1.3371599912643433,1.333799958229065,1.3355200290679932,0,0.00015000000000000001
2024-01-03 20:00:00+00:00,1.3355200290679932,1.3358999490737915,1.3343000411987305,1.3347699642181396,0,0.00015000000000000001
2024-01-04 00:00:00+00:00,1.3348100185394287,1.3355000019073486,1.3331999778747559,1.3336000442504883,0,0.00015000000000000001
2024-01-04 04:00:00+00:00,1.3338299989700317,1.33433997631073,1.3313000202178955,1.3319499492645264,0,0.00015000000000000001
2024-01-04 08:00:00+00:00,1.3319499492645264,1.3338600397109985,1.3312000036239624,1.3331999778747559,0,0.00015000000000000001
2024-01-04 12:00:00+00:00,1.3337299823760986,1.336590051651001,1.3324999809265137,1.335360050201416,0,0.00015000000000000001
2024-01-04 16:00:00+00:00,1.3353400230407715,1.3363200426101685,1.3343000411987305,1.335610032081604,0,0.00015000000000000001
2024-01-04 20:00:00+00:00,1.3356000185012817,1.3356900215148926,1.3341000080108643,1.3351000547409058,0,0.00015000000000000001
2024-01-05 00:00:00+00:00,1.3355799913406372,1.336210012435913,1.3342000246047974,1.336050033569336,0,0.00015000000000000001
2024-01-05 04:00:00+00:00,1.3360600471496582,1.3372000455856323,1.3350000381469727,1.3360799551010132,0,0.00015000000000000001
2024-01-05 08:00:00+00:00,1.3360999822616577,1.3379600048065186,1.3351000547409058,1.3372199535369873,0,0.00015000000000000001
2024-01-05 12:00:00+00:00,1.3372199535369873,1.3398900032043457,1.3282999992370605,1.332260012626648,0,0.00015000000000000001
2024-01-05 16:00:00+00:00,1.332260012626648,1.3366999626159668,1.3312000036239624,1.3359999656677246,0,0.00015000000000000001
2024-01-05 20:00:00+00:00,1.3361599445343018,1.3368300199508667,1.3355000019073486,1.3359999656677246,0,0.00015000000000000001
2024-01-08 00:00:00+00:00,1.3359400033950806,1.3372199535369873,1.3339999914169312,1.3370399475097656,0,0.00015000000000000001
2024-01-08 04:00:00+00:00,1.3370399475097656,1.3379000425338745,1.335860013961792,1.3375600576400757,0,0.00015000000000000001
2024-01-08 08:00:00+00:00,1.3375300168991089,1.3394299745559692,1.3375300168991089,1.338819980621338,0,0.00015000000000000001
2024-01-08 12:00:00+00:00,1.3388099670410156,1.3404699563980103,1.3366999626159668,1.3373299837112427,0,0.00015000000000000001
2024-01-08 16:00:00+00:00,1.3373099565505981,1.337630033493042,1.3344000577926636,1.3351099491119385,0,0.00015000000000000001
2024-01-08 20:00:00+00:00,1.3351000547409058,1.3357800245285034,1.3341000080108643,1.3350600004196167,0,0.00015000000000000001
2024-01-09 00:00:00+00:00,1.3350800275802612,1.3353400230407715,1.3336000442504883,1.3348400592803955,0,0.00015000000000000001
2024-01-09 04:00:00+00:00,1.3348400592803955,1.3365000486373901,1.3344000577926636,1.3354400396347046,0,0.00015000000000000001
2024-01-09 08:00:00+00:00,1.3354300260543823,1.3378100395202637,1.3349000215530396,1.3374099731445312,0,0.00015000000000000001
2024-01-09 12:00:00+00:00,1.3374600410461426,1.341439962387085,1.3351999521255493,1.3401999473571777,0,0.00015000000000000001
2024-01-09 16:00:00+00:00,1.340190052986145,1.3406000137329102,1.3379000425338745,1.3394900560379028,0,0.00015000000000000001
2024-01-09 20:00:00+00:00,1.3394800424575806,1.340149998664856,1.3382999897003174,1.339020013809204,0,0.00015000000000000001
2024-01-10 00:00:00+00:00,1.338919997215271,1.33896005153656,1.3372000455856323,1.3382200002670288,0,0.00015000000000000001
2024-01-10 04:00:00+00:00,1.338230013847351,1.339460015296936,1.3375999927520752,1.338479995727539,0,0.00015000000000000001
2024-01-10 08:00:00+00:00,1.3384699821472168,1.3390400409698486,1.3360999822616577,1.3374799489974976,0,0.00015000000000000001
2024-01-10 12:00:00+00:00,1.337440013885498,1.33896005153656,1.3361999988555908,1.3377000093460083,0,0.00015000000000000001
2024-01-10 16:00:00+00:00,1.3380299806594849,1.3390799760818481,1.3372000455856323,1.3377200365066528,0,0.00015000000000000001
2024-01-10 20:00:00+00:00,1.3377399444580078,1.3384900093078613,1.3371000289916992,1.3378700017929077,0,0.00015000000000000001
2024-01-11 00:00:00+00:00,1.3379600048065186,1.3380199670791626,1.3351999521255493,1.3360400199890137,0,0.00015000000000000001
2024-01-11 04:00:00+00:00,1.335800051689148,1.3366199731826782,1.3351000547409058,1.3365000486373901,0,0.00015000000000000001
2024-01-11 08:00:00+00:00,1.3365099430084229,1.337689995765686,1.3357000350952148,1.336459994316101,0,0.00015000000000000001
2024-01-11 12:00:00+00:00,1.3360999822616577,1.343019962310791,1.3346999883651733,1.3425999879837036,0,0.00015000000000000001
2024-01-11 16:00:00+00:00,1.3428900241851807,1.344290018081665,1.3388999700546265,1.3395700454711914,0,0.00015000000000000001
2024-01-11 20:00:00+00:00,1.3395999670028687,1.3408900499343872,1.337499976158142,1.3379499912261963,0,0.00015000000000000001
2024-01-12 00:00:00+00:00,1.3377900123596191,1.3384100198745728,1.3365999460220337,1.3376200199127197,0,0.00015000000000000001
2024-01-12 04:00:00+00:00,1.337589979171753,1.3386000394821167,1.3367999792099,1.337630033493042,0,0.00015000000000000001
2024-01-12 08:00:00+00:00,1.337589979171753,1.33843994140625,1.3343000411987305,1.3372999429702759,0,0.00015000000000000001
2024-01-12 12:00:00+00:00,1.3376400470733643,1.3387000560760498,1.333899974822998,1.3385800123214722,0,0.00015000000000000001
2024-01-12 16:00:00+00:00,1.3385800123214722,1.3411600589752197,1.3376599550247192,1.3404500484466553,0,0.00015000000000000001
2024-01-12 20:00:00+00:00,1.340399980545044,1.3409099578857422,1.3395999670028687,1.3408000469207764,0,0.00015000000000000001
2024-01-15 00:00:00+00:00,1.340649962425232,1.341439962387085,1.3378000259399414,1.3385000228881836,0,0.00015000000000000001
2024-01-15 04:00:00+00:00,1.3387900590896606,1.3412100076675415,1.3384000062942505,1.3409899473190308,0,0.00015000000000000001
2024-01-15 08:00:00+00:00,1.3409600257873535,1.3425099849700928,1.339900016784668,1.341599941253662,0,0.00015000000000000001
2024-01-15 12:00:00+00:00,1.3415700197219849,1.344290018081665,1.3408900499343872,1.3435499668121338,0,0.00015000000000000001
2024-01-15 16:00:00+00:00,1.3435499668121338,1.3448100090026855,1.3428000211715698,1.3435100317001343,0,0.00015000000000000001
2024-01-15 20:00:00+00:00,1.3434900045394897,1.3436000347137451,1.3418999910354614,1.3432999849319458,0,0.00015000000000000001
2024-01-16 00:00:00+00:00,1.3435499668121338,1.3474199771881104,1.3430999517440796,1.347100019454956,0,0.00015000000000000001
2024-01-16 04:00:00+00:00,1.3473199605941772,1.3484300374984741,1.3464000225067139,1.3481500148773193,0,0.00015000000000000001
2024-01-16 08:00:00+00:00,1.3481299877166748,1.3500200510025024,1.3476999998092651,1.3486100435256958,0,0.00015000000000000001
2024-01-16 12:00:00+00:00,1.3486000299453735,1.3494000434875488,1.344099998474121,1.3473999500274658,0,0.00015000000000000001
2024-01-16 16:00:00+00:00,1.3474400043487549,1.3501700162887573,1.345639944076538,1.3493499755859375,0,0.00015000000000000001
2024-01-16 20:00:00+00:00,1.349329948425293,1.3502000570297241,1.3485000133514404,1.3488999605178833,0,0.00015000000000000001
2024-01-17 00:00:00+00:00,1.3489099740982056,1.3500299453735352,1.347599983215332,1.3496999740600586,0,0.00015000000000000001
2024-01-17 04:00:00+00:00,1.3499200344085693,1.352220058441162,1.3489999771118164,1.3517800569534302,0,0.00015000000000000001
2024-01-17 08:00:00+00:00,1.3517800569534302,1.3530499935150146,1.3507000207901,1.3525300025939941,0,0.00015000000000000001
2024-01-17 12:00:00+00:00,1.3525099754333496,1.3541699647903442,1.350000023841858,1.3518600463867188,0,0.00015000000000000001
2024-01-17 16:00:00+00:00,1.3518099784851074,1.3535499572753906,1.3507000207901,1.3517999649047852,0,0.00015000000000000001
2024-01-17 20:00:00+00:00,1.3518099784851074,1.3526500463485718,1.3496700525283813,1.3502000570297241,0,0.00015000000000000001
2024-01-18 00:00:00+00:00,1.3496999740600586,1.3507800102233887,1.3483099937438965,1.349269986152649,0,0.00015000000000000001
2024-01-18 04:00:00+00:00,1.3492900133132935,1.3497200012207031,1.347499966621399,1.3491899967193604,0,0.00015000000000000001
2024-01-18 08:00:00+00:00,1.3492000102996826,1.3503600358963013,1.3479000329971313,1.3488800525665283,0,0.00015000000000000001
2024-01-18 12:00:00+00:00,1.3488800525665283,1.3528000116348267,1.3478000164031982,1.351349949836731,0,0.00015000000000000001
2024-01-18 16:00:00+00:00,1.3513599634170532,1.3517600297927856,1.3483999967575073,1.3503299951553345,0,0.00015000000000000001
2024-01-18 20:00:00+00:00,1.3503700494766235,1.3503999710083008,1.3480000495910645,1.3487600088119507,0,0.00015000000000000001
2024-01-19 00:00:00+00:00,1.3484899997711182,1.3493000268936157,1.3476999998092651,1.3485499620437622,0,0.00015000000000000001
2024-01-19 04:00:00+00:00,1.3481999635696411,1.3502000570297241,1.3478000164031982,1.3486499786376953,0,0.00015000000000000001
2024-01-19 08:00:00+00:00,1.3486599922180176,1.3492000102996826,1.3458000421524048,1.3470300436019897,0,0.00015000000000000001
2024-01-19 12:00:00+00:00,1.3470200300216675,1.3494000434875488,1.3450000286102295,1.3463799953460693,0,0.00015000000000000001
2024-01-19 16:00:00+00:00,1.3463599681854248,1.34784996509552,1.343000054359436,1.3434200286865234,0,0.00015000000000000001
2024-01-19 20:00:00+00:00,1.3434300422668457,1.343709945678711,1.3422000408172607,1.3424999713897705,0,0.00015000000000000001
2024-01-22 00:00:00+00:00,1.3431899547576904,1.3437000513076782,1.3416999578475952,1.3432999849319458,0,0.00015000000000000001
2024-01-22 04:00:00+00:00,1.3434499502182007,1.3444600105285645,1.3425999879837036,1.3432999849319458,0,0.00015000000000000001
2024-01-22 08:00:00+00:00,1.3433300256729126,1.3438199758529663,1.3416600227355957,1.341789960861206,0,0.00015000000000000001
2024-01-22 12:00:00+00:00,1.341789960861206,1.344849944114685,1.341439962387085,1.3445700407028198,0,0.00015000000000000001
2024-01-22 16:00:00+00:00,1.3445600271224976,1.347499966621399,1.344099998474121,1.347409963607788,0,0.00015000000000000001
2024-01-22 20:00:00+00:00,1.3473999500274658,1.348330020904541,1.3468999862670898,1.347830057144165,0,0.00015000000000000001
2024-01-23 00:00:00+00:00,1.3477699756622314,1.3486100435256958,1.3459999561309814,1.3463000059127808,0,0.00015000000000000001
2024-01-23 04:00:00+00:00,1.3466600179672241,1.347000002861023,1.3447999954223633,1.3467899560928345,0,0.00015000000000000001
2024-01-23 08:00:00+00:00,1.346750020980835,1.348270058631897,1.3459999561309814,1.347730040550232,0,0.00015000000000000001
2024-01-23 12:00:00+00:00,1.347730040550232,1.3490899801254272,1.3459999561309814,1.3481099605560303,0,0.00015000000000000001
2024-01-23 16:00:00+00:00,1.3481099605560303,1.3492000102996826,1.3459999561309814,1.3468199968338013,0,0.00015000000000000001
2024-01-23 20:00:00+00:00,1.346809983253479,1.3469699621200562,1.3451999425888062,1.3453999757766724,0,0.00015000000000000001
2024-01-24 00:00:00+00:00,1.3456300497055054,1.347730040550232,1.3451999425888062,1.347499966621399,0,0.00015000000000000001
2024-01-24 04:00:00+00:00,1.3473000526428223,1.3477400541305542,1.344599962234497,1.345420002937317,0,0.00015000000000000001
2024-01-24 08:00:00+00:00,1.3453400135040283,1.3456799983978271,1.3432999849319458,1.3449599742889404,0,0.00015000000000000001
2024-01-24 12:00:00+00:00,1.3446999788284302,1.3492200374603271,1.3424999713897705,1.3485900163650513,0,0.00015000000000000001
2024-01-24 16:00:00+00:00,1.3486000299453735,1.3523600101470947,1.3467999696731567,1.351099967956543,0,0.00015000000000000001
2024-01-24 20:00:00+00:00,1.3514399528503418,1.3528200387954712,1.3509999513626099,1.3525099754333496,0,0.00015000000000000001
2024-01-25 00:00:00+00:00,1.3525199890136719,1.3534400463104248,1.3509999513626099,1.351889967918396,0,0.00015000000000000001
2024-01-25 04:00:00+00:00,1.3518500328063965,1.3524999618530273,1.3509999513626099,1.3520499467849731,0,0.00015000000000000001
2024-01-25 08:00:00+00:00,1.35207998752594,1.3530000448226929,1.3495999574661255,1.350640058517456,0,0.00015000000000000001
2024-01-25 12:00:00+00:00,1.3506499528884888,1.3519699573516846,1.3481999635696411,1.3501299619674683,0,0.00015000000000000001
2024-01-25 16:00:00+00:00,1.3501100540161133,1.350640058517456,1.3473999500274658,1.3479499816894531,0,0.00015000000000000001
2024-01-25 20:00:00+00:00,1.3479399681091309,1.3484400510787964,1.3464000225067139,1.3476999998092651,0,0.00015000000000000001
2024-01-26 00:00:00+00:00,1.34798002243042,1.3482400178909302,1.3460999727249146,1.346690058708191,0,0.00015000000000000001
2024-01-26 04:00:00+00:00,1.3466999530792236,1.3482999801635742,1.3458000421524048,1.347350001335144,0,0.00015000000000000001
2024-01-26 08:00:00+00:00,1.3473199605941772,1.3476799726486206,1.3437999486923218,1.3444499969482422,0,0.00015000000000000001
2024-01-26 12:00:00+00:00,1.3444700241088867,1.3458800315856934,1.3410999774932861,1.3446300029754639,0,0.00015000000000000001
2024-01-26 16:00:00+00:00,1.3446199893951416,1.346750020980835,1.3438999652862549,1.344499945640564,0,0.00015000000000000001
2024-01-26 20:00:00+00:00,1.3447400331497192,1.3453199863433838,1.3438999652862549,1.3447999954223633,0,0.00015000000000000001
2024-01-29 00:00:00+00:00,1.3456000089645386,1.345900058746338,1.3442000150680542,1.3448200225830078,0,0.00015000000000000001
2024-01-29 04:00:00+00:00,1.3448100090026855,1.3451600074768066,1.3430900573730469,1.343500018119812,0,0.00015000000000000001
2024-01-29 08:00:00+00:00,1.3434900045394897,1.3442000150680542,1.342900037765503,1.343250036239624,0,0.00015000000000000001
2024-01-29 12:00:00+00:00,1.3432400226593018,1.3465100526809692,1.3424999713897705,1.3452099561691284,0,0.00015000000000000001
2024-01-29 16:00:00+00:00,1.3451600074768066,1.345620036125183,1.3429700136184692,1.3431600332260132,0,0.00015000000000000001
2024-01-29 20:00:00+00:00,1.3431700468063354,1.3431700468063354,1.340399980545044,1.3411200046539307,0,0.00015000000000000001
2024-01-30 00:00:00+00:00,1.3411099910736084,1.341130018234253,1.3396999835968018,1.3409700393676758,0,0.00015000000000000001
2024-01-30 04:00:00+00:00,1.3409500122070312,1.3415100574493408,1.3401000499725342,1.3406399488449097,0,0.00015000000000000001
2024-01-30 08:00:00+00:00,1.340630054473877,1.34128999710083,1.3398300409317017,1.3410700559616089,0,0.00015000000000000001
2024-01-30 12:00:00+00:00,1.3410500288009644,1.3446400165557861,1.340499997138977,1.3429499864578247,0,0.00015000000000000001
2024-01-30 16:00:00+00:00,1.3429499864578247,1.3433500528335571,1.339400053024292,1.339840054512024,0,0.00015000000000000001
2024-01-30 20:00:00+00:00,1.3398499488830566,1.3402400016784668,1.3391000032424927,1.3401299715042114,0,0.00015000000000000001
2024-01-31 00:00:00+00:00,1.3401399850845337,1.3423999547958374,1.3393000364303589,1.3416999578475952,0,0.00015000000000000001
2024-01-31 04:00:00+00:00,1.3420699834823608,1.3422000408172607,1.34089994430542,1.3411999940872192,0,0.00015000000000000001
2024-01-31 08:00:00+00:00,1.3416800498962402,1.3431600332260132,1.340499997138977,1.3429399728775024,0,0.00015000000000000001
2024-01-31 12:00:00+00:00,1.342900037765503,1.3437199592590332,1.3353999853134155,1.335919976234436,0,0.00015000000000000001
2024-01-31 16:00:00+00:00,1.3359299898147583,1.3415900468826294,1.3355000019073486,1.3401299715042114,0,0.00015000000000000001
2024-01-31 20:00:00+00:00,1.340149998664856,1.3446099758148193,1.3395999670028687,1.343000054359436,0,0.00015000000000000001
2024-02-01 00:00:00+00:00,1.3431899547576904,1.3438400030136108,1.3415000438690186,1.3427000045776367,0,0.00015000000000000001
2024-02-01 04:00:00+00:00,1.3429399728775024,1.3464299440383911,1.3425999879837036,1.3458399772644043,0,0.00015000000000000001
2024-02-01 08:00:00+00:00,1.3458900451660156,1.3463000059127808,1.3438999652862549,1.344599962234497,0,0.00015000000000000001
2024-02-01 12:00:00+00:00,1.3446099758148193,1.3456799983978271,1.3407000303268433,1.3413000106811523,0,0.00015000000000000001
2024-02-01 16:00:00+00:00,1.3413300514221191,1.341380000114441,1.336300015449524,1.3385499715805054,0,0.00015000000000000001
2024-02-01 20:00:00+00:00,1.3385599851608276,1.3392399549484253,1.337399959564209,1.338379979133606,0,0.00015000000000000001
2024-02-02 00:00:00+00:00,1.3384100198745728,1.3384499549865723,1.3365000486373901,1.3375099897384644,0,0.00015000000000000001
2024-02-02 04:00:00+00:00,1.337499976158142,1.338170051574707,1.3367999792099,1.3380199670791626,0,0.00015000000000000001
2024-02-02 08:00:00+00:00,1.3380600214004517,1.3381600379943848,1.3360999822616577,1.3375699520111084,0,0.00015000000000000001
2024-02-02 12:00:00+00:00,1.3375799655914307,1.347540020942688,1.336400032043457,1.3452500104904175,0,0.00015000000000000001
2024-02-02 16:00:00+00:00,1.3452099561691284,1.3474700450897217,1.344599962234497,1.345900058746338,0,0.00015000000000000001
2024-02-02 20:00:00+00:00,1.346119999885559,1.3466999530792236,1.3450000286102295,1.3458000421524048,0,0.00015000000000000001
2024-02-05 00:00:00+00:00,1.3470300436019897,1.3488999605178833,1.3461999893188477,1.3475300073623657,0,0.00015000000000000001
2024-02-05 04:00:00+00:00,1.3475199937820435,1.3478699922561646,1.3461999893188477,1.3478000164031982,0,0.00015000000000000001
2024-02-05 08:00:00+00:00,1.3478100299835205,1.3492200374603271,1.3466999530792236,1.3488399982452393,0,0.00015000000000000001
2024-02-05 12:00:00+00:00,1.3488099575042725,1.3543699979782104,1.3482999801635742,1.353760004043579,0,0.00015000000000000001
2024-02-05 16:00:00+00:00,1.3537700176239014,1.3543800115585327,1.3517999649047852,1.3535100221633911,0,0.00015000000000000001
2024-02-05 20:00:00+00:00,1.3535100221633911,1.3544000387191772,1.3530000448226929,1.354099988937378,0,0.00015000000000000001
2024-02-06 00:00:00+00:00,1.3542699813842773,1.3543299436569214,1.3513000011444092,1.3521000146865845,0,0.00015000000000000001
2024-02-06 04:00:00+00:00,1.3520900011062622,1.3523199558258057,1.3504999876022339,1.351449966430664,0,0.00015000000000000001
2024-02-06 08:00:00+00:00,1.3514800071716309,1.3541699647903442,1.3512500524520874,1.3525300025939941,0,0.00015000000000000001
2024-02-06 12:00:00+00:00,1.3525700569152832,1.3542699813842773,1.3509999513626099,1.3522700071334839,0,0.00015000000000000001
2024-02-06 16:00:00+00:00,1.3522800207138062,1.3524399995803833,1.3472000360488892,1.3483500480651855,0,0.00015000000000000001
2024-02-06 20:00:00+00:00,1.3483599424362183,1.3493599891662598,1.347499966621399,1.3489500284194946,0,0.00015000000000000001
2024-02-07 00:00:00+00:00,1.3489999771118164,1.3492300510406494,1.3468999862670898,1.3483200073242188,0,0.00015000000000000001
2024-02-07 04:00:00+00:00,1.3482999801635742,1.3489799499511719,1.3472000360488892,1.3480600118637085,0,0.00015000000000000001
2024-02-07 08:00:00+00:00,1.3481099605560303,1.348889946937561,1.346500039100647,1.3476200103759766,0,0.00015000000000000001
2024-02-07 12:00:00+00:00,1.3476200103759766,1.3481199741363525,1.3450000286102295,1.3467899560928345,0,0.00015000000000000001
2024-02-07 16:00:00+00:00,1.3467999696731567,1.3479100465774536,1.3454999923706055,1.3464000225067139,0,0.00015000000000000001
2024-02-07 20:00:00+00:00,1.3465800285339355,1.3468300104141235,1.3453999757766724,1.346310019493103,0,0.00015000000000000001
2024-02-08 00:00:00+00:00,1.345900058746338,1.3463000059127808,1.3444000482559204,1.3453199863433838,0,0.00015000000000000001
2024-02-08 04:00:00+00:00,1.3452800512313843,1.3459399938583374,1.3444000482559204,1.3451999425888062,0,0.00015000000000000001
2024-02-08 08:00:00+00:00,1.345579981803894,1.3481999635696411,1.3450000286102295,1.347599983215332,0,0.00015000000000000001
2024-02-08 12:00:00+00:00,1.347640037536621,1.3493000268936157,1.345900058746338,1.3463900089263916,0,0.00015000000000000001
2024-02-08 16:00:00+00:00,1.3463300466537476,1.3474400043487549,1.3447999954223633,1.3456599712371826,0,0.00015000000000000001
2024-02-08 20:00:00+00:00,1.3456699848175049,1.3463000059127808,1.3446999788284302,1.3458000421524048,0,0.00015000000000000001
2024-02-09 00:00:00+00:00,1.346019983291626,1.3464100360870361,1.3452999591827393,1.3460999727249146,0,0.00015000000000000001
2024-02-09 04:00:00+00:00,1.3462799787521362,1.34660005569458,1.3450000286102295,1.3459199666976929,0,0.00015000000000000001
2024-02-09 08:00:00+00:00,1.3454999923706055,1.3464200496673584,1.344499945640564,1.3449000120162964,0,0.00015000000000000001
2024-02-09 12:00:00+00:00,1.345270037651062,1.3461699485778809,1.34089994430542,1.3461400270462036,0,0.00015000000000000001
2024-02-09 16:00:00+00:00,1.3461099863052368,1.3481500148773193,1.3450000286102295,1.346250057220459,0,0.00015000000000000001
2024-02-09 20:00:00+00:00,1.346269965171814,1.3465399742126465,1.3449000120162964,1.3453999757766724,0,0.00015000000000000001
2024-02-12 00:00:00+00:00,1.3457599878311157,1.3464200496673584,1.3449000120162964,1.34607994556427,0,0.00015000000000000001
2024-02-12 04:00:00+00:00,1.3458000421524048,1.3463300466537476,1.344599962234497,1.3453099727630615,0,0.00015000000000000001
2024-02-12 08:00:00+00:00,1.3452600240707397,1.3469699621200562,1.3449000120162964,1.3465800285339355,0,0.00015000000000000001
2024-02-12 12:00:00+00:00,1.3461999893188477,1.347499966621399,1.343999981880188,1.3447699546813965,0,0.00015000000000000001
2024-02-12 16:00:00+00:00,1.3444000482559204,1.345900058746338,1.3424999713897705,1.3455300331115723,0,0.00015000000000000001
2024-02-12 20:00:00+00:00,1.3455599546432495,1.345639944076538,1.3444000482559204,1.3451999425888062,0,0.00015000000000000001
2024-02-13 00:00:00+00:00,1.3455300331115723,1.3459999561309814,1.344599962234497,1.3459399938583374,0,0.00015000000000000001
2024-02-13 04:00:00+00:00,1.3459299802780151,1.3460999727249146,1.3443000316619873,1.3453700542449951,0,0.00015000000000000001
2024-02-13 08:00:00+00:00,1.3453799486160278,1.3463000059127808,1.3437000513076782,1.3448599576950073,0,0.00015000000000000001
2024-02-13 12:00:00+00:00,1.3449100255966187,1.3578399419784546,1.3433300256729126,1.355239987373352,0,0.00015000000000000001
2024-02-13 16:00:00+00:00,1.3552700281143188,1.3586000204086304,1.354200005531311,1.358199954032898,0,0.00015000000000000001
2024-02-13 20:00:00+00:00,1.3584699630737305,1.3586000204086304,1.3555899858474731,1.3565700054168701,0,0.00015000000000000001
2024-02-14 00:00:00+00:00,1.3565800189971924,1.357200026512146,1.3553999662399292,1.3560600280761719,0,0.00015000000000000001
2024-02-14 04:00:00+00:00,1.3560700416564941,1.3561999797821045,1.3543000221252441,1.3551700115203857,0,0.00015000000000000001
2024-02-14 08:00:00+00:00,1.3552099466323853,1.3561400175094604,1.3525999784469604,1.3534300327301025,0,0.00015000000000000001
2024-02-14 12:00:00+00:00,1.3534300327301025,1.3562999963760376,1.3525999784469604,1.355430006980896,0,0.00015000000000000001
2024-02-14 16:00:00+00:00,1.355389952659607,1.3560700416564941,1.353600025177002,1.354490041732788,0,0.00015000000000000001
2024-02-14 20:00:00+00:00,1.3545299768447876,1.354699969291687,1.3535000085830688,1.353700041770935,0,0.00015000000000000001
2024-02-15 00:00:00+00:00,1.35385000705719,1.3552000522613525,1.3532999753952026,1.3544700145721436,0,0.00015000000000000001
2024-02-15 04:00:00+00:00,1.3544700145721436,1.354640007019043,1.3533999919891357,1.3543699979782104,0,0.00015000000000000001
2024-02-15 08:00:00+00:00,1.3543800115585327,1.3544299602508545,1.3523999452590942,1.3540600538253784,0,0.00015000000000000001
2024-02-15 12:00:00+00:00,1.3540500402450562,1.3542399406433105,1.347100019454956,1.3499699831008911,0,0.00015000000000000001
2024-02-15 16:00:00+00:00,1.3499399423599243,1.3511099815368652,1.3464000225067139,1.34660005569458,0,0.00015000000000000001
2024-02-15 20:00:00+00:00,1.3470200300216675,1.347499966621399,1.3456000089645386,1.346619963645935,0,0.00015000000000000001
2024-02-16 00:00:00+00:00,1.3465399742126465,1.3486000299453735,1.3460999727249146,1.3483200073242188,0,0.00015000000000000001
2024-02-16 04:00:00+00:00,1.3483099937438965,1.3486000299453735,1.347100019454956,1.3477400541305542,0,0.00015000000000000001
2024-02-16 08:00:00+00:00,1.3477200269699097,1.3485100269317627,1.347000002861023,1.347540020942688,0,0.00015000000000000001
2024-02-16 12:00:00+00:00,1.347100019454956,1.3507499694824219,1.3466999530792236,1.348230004310608,0,0.00015000000000000001
2024-02-16 16:00:00+00:00,1.3481899499893188,1.3492200374603271,1.346500039100647,1.3487000465393066,0,0.00015000000000000001
2024-02-16 20:00:00+00:00,1.3489999771118164,1.3490400314331055,1.3478000164031982,1.3483999967575073,0,0.00015000000000000001
2024-02-19 00:00:00+00:00,1.3478000164031982,1.3481999635696411,1.3463000059127808,1.3479000329971313,0,0.00015000000000000001
2024-02-19 04:00:00+00:00,1.3481299877166748,1.3483400344848633,1.3466999530792236,1.3476099967956543,0,0.00015000000000000001
2024-02-19 08:00:00+00:00,1.347599983215332,1.348099946975708,1.34660005569458,1.347350001335144,0,0.00015000000000000001
2024-02-19 12:00:00+00:00,1.3473700284957886,1.3496400117874146,1.34660005569458,1.3492399454116821,0,0.00015000000000000001
2024-02-19 16:00:00+00:00,1.3488999605178833,1.349519968032837,1.3482999801635742,1.3489400148391724,0,0.00015000000000000001
2024-02-19 20:00:00+00:00,1.3489199876785278,1.3501100540161133,1.3482999801635742,1.3499000072479248,0,0.00015000000000000001
2024-02-20 00:00:00+00:00,1.3499499559402466,1.3510600328445435,1.3490999937057495,1.3506200313568115,0,0.00015000000000000001
2024-02-20 04:00:00+00:00,1.350640058517456,1.351140022277832,1.3496999740600586,1.3509900569915771,0,0.00015000000000000001
2024-02-20 08:00:00+00:00,1.350950002670288,1.3510299921035767,1.3475500345230103,1.3486900329589844,0,0.00015000000000000001
2024-02-20 12:00:00+00:00,1.348639965057373,1.3529599905014038,1.347000002861023,1.3509299755096436,0,0.00015000000000000001
2024-02-20 16:00:00+00:00,1.3509399890899658,1.3529399633407593,1.3502999544143677,1.3522700071334839,0,0.00015000000000000001
2024-02-20 20:00:00+00:00,1.3522599935531616,1.3527300357818604,1.3514000177383423,1.3521900177001953,0,0.00015000000000000001
2024-02-21 00:00:00+00:00,1.3523099422454834,1.3528399467468262,1.3502000570297241,1.3507699966430664,0,0.00015000000000000001
2024-02-21 04:00:00+00:00,1.3507699966430664,1.3517999649047852,1.350000023841858,1.351789951324463,0,0.00015000000000000001
2024-02-21 08:00:00+00:00,1.3516000509262085,1.3536100387573242,1.3509000539779663,1.3526899814605713,0,0.00015000000000000001
2024-02-21 12:00:00+00:00,1.3526699542999268,1.3531999588012695,1.350000023841858,1.3512599468231201,0,0.00015000000000000001
2024-02-21 16:00:00+00:00,1.3512599468231201,1.3520699739456177,1.3488999605178833,1.350000023841858,0,0.00015000000000000001
2024-02-21 20:00:00+00:00,1.3501900434494019,1.3514699935913086,1.3490999937057495,1.3493000268936157,0,0.00015000000000000001
2024-02-22 00:00:00+00:00,1.3494900465011597,1.3496999740600586,1.3478000164031982,1.348680019378662,0,0.00015000000000000001
2024-02-22 04:00:00+00:00,1.348680019378662,1.3488600254058838,1.3447999954223633,1.34538996219635,0,0.00015000000000000001
2024-02-22 08:00:00+00:00,1.34538996219635,1.3464900255203247,1.3436000347137451,1.3453099727630615,0,0.00015000000000000001
2024-02-22 12:00:00+00:00,1.345289945602417,1.3507499694824219,1.3447999954223633,1.3499799966812134,0,0.00015000000000000001
2024-02-22 16:00:00+00:00,1.3499499559402466,1.350450038909912,1.3476999998092651,1.348829984664917,0,0.00015000000000000001
2024-02-22 20:00:00+00:00,1.3486000299453735,1.34893000125885,1.3473999500274658,1.3482600450515747,0,0.00015000000000000001
2024-02-23 00:00:00+00:00,1.348230004310608,1.3494999408721924,1.3473999500274658,1.3482099771499634,0,0.00015000000000000001
2024-02-23 04:00:00+00:00,1.3481899499893188,1.3482600450515747,1.347100019454956,1.3476500511169434,0,0.00015000000000000001
2024-02-23 08:00:00+00:00,1.3476799726486206,1.3501800298690796,1.3466999530792236,1.3479100465774536,0,0.00015000000000000001
2024-02-23 12:00:00+00:00,1.3479100465774536,1.3503899574279785,1.3457000255584717,1.3501900434494019,0,0.00015000000000000001
2024-02-23 16:00:00+00:00,1.3501800298690796,1.3517299890518188,1.3486000299453735,1.3500200510025024,0,0.00015000000000000001
2024-02-23 20:00:00+00:00,1.3500499725341797,1.351199984550476,1.3494000434875488,1.3504999876022339,0,0.00015000000000000001
2024-02-26 00:00:00+00:00,1.3507000207901,1.3519400358200073,1.3502999544143677,1.3515199422836304,0,0.00015000000000000001
2024-02-26 04:00:00+00:00,1.3514800071716309,1.351830005645752,1.3502000570297241,1.3517299890518188,0,0.00015000000000000001
2024-02-26 08:00:00+00:00,1.351680040359497,1.352869987487793,1.3508000373840332,1.3515599966049194,0,0.00015000000000000001
2024-02-26 12:00:00+00:00,1.3515499830245972,1.3525500297546387,1.3494999408721924,1.3513000011444092,0,0.00015000000000000001
2024-02-26 16:00:00+00:00,1.3514699935913086,1.3521000146865845,1.3507000207901,1.351289987564087,0,0.00015000000000000001
2024-02-26 20:00:00+00:00,1.3512799739837646,1.351330041885376,1.3496999740600586,1.3501700162887573,0,0.00015000000000000001
2024-02-27 00:00:00+00:00,1.3497999906539917,1.3514000177383423,1.3494999408721924,1.3505799770355225,0,0.00015000000000000001
2024-02-27 04:00:00+00:00,1.3505899906158447,1.350600004196167,1.3487999439239502,1.3499300479888916,0,0.00015000000000000001
2024-02-27 08:00:00+00:00,1.3498899936676025,1.3501299619674683,1.3485000133514404,1.3492799997329712,0,0.00015000000000000001
2024-02-27 12:00:00+00:00,1.3493200540542603,1.3537100553512573,1.3480000495910645,1.3519400358200073,0,0.00015000000000000001
2024-02-27 16:00:00+00:00,1.3519599437713623,1.3539199829101562,1.351099967956543,1.3528300523757935,0,0.00015000000000000001
2024-02-27 20:00:00+00:00,1.352810025215149,1.3533300161361694,1.3517999649047852,1.3531800508499146,0,0.00015000000000000001
2024-02-28 00:00:00+00:00,1.3531099557876587,1.3545000553131104,1.3523000478744507,1.3540400266647339,0,0.00015000000000000001
2024-02-28 04:00:00+00:00,1.3540199995040894,1.3558399677276611,1.353700041770935,1.3553099632263184,0,0.00015000000000000001
2024-02-28 08:00:00+00:00,1.3552900552749634,1.3588000535964966,1.3547999858856201,1.357740044593811,0,0.00015000000000000001
2024-02-28 12:00:00+00:00,1.3577799797058105,1.3605999946594238,1.3554999828338623,1.3564800024032593,0,0.00015000000000000001
2024-02-28 16:00:00+00:00,1.356469988822937,1.358299970626831,1.3558000326156616,1.3578799962997437,0,0.00015000000000000001
2024-02-28 20:00:00+00:00,1.357890009880066,1.3581500053405762,1.356600046157837,1.3574999570846558,0,0.00015000000000000001
2024-02-29 00:00:00+00:00,1.3577200174331665,1.358530044555664,1.3565000295639038,1.3570899963378906,0,0.00015000000000000001
2024-02-29 04:00:00+00:00,1.3571200370788574,1.358049988746643,1.3565000295639038,1.3577100038528442,0,0.00015000000000000001
2024-02-29 08:00:00+00:00,1.3576699495315552,1.3592000007629395,1.3572399616241455,1.3583999872207642,0,0.00015000000000000001
2024-02-29 12:00:00+00:00,1.3583799600601196,1.3597300052642822,1.353600025177002,1.3563200235366821,0,0.00015000000000000001
2024-02-29 16:00:00+00:00,1.3563799858093262,1.358489990234375,1.3558000326156616,1.3576799631118774,0,0.00015000000000000001
2024-02-29 20:00:00+00:00,1.3576899766921997,1.358199954032898,1.3562999963760376,1.3566999435424805,0,0.00015000000000000001
2024-03-01 00:00:00+00:00,1.3567999601364136,1.3575400114059448,1.3557000160217285,1.3562999963760376,0,0.00015000000000000001
2024-03-01 04:00:00+00:00,1.3563100099563599,1.3580000400543213,1.3558000326156616,1.3579800128936768,0,0.00015000000000000001
2024-03-01 08:00:00+00:00,1.3579200506210327,1.3592000007629395,1.3564000129699707,1.357409954071045,0,0.00015000000000000001
2024-03-01 12:00:00+00:00,1.3574199676513672,1.3601499795913696,1.354599952697754,1.3551700115203857,0,0.00015000000000000001
2024-03-01 16:00:00+00:00,1.3552600145339966,1.356160044670105,1.3539999723434448,1.3558599948883057,0,0.00015000000000000001
2024-03-01 20:00:00+00:00,1.355870008468628,1.3562099933624268,1.355299949645996,1.355299949645996,0,0.00015000000000000001
2024-03-04 00:00:00+00:00,1.3551000356674194,1.356600046157837,1.354099988937378,1.3559099435806274,0,0.00015000000000000001
2024-03-04 04:00:00+00:00,1.3558900356292725,1.3566499948501587,1.3551000356674194,1.3557300567626953,0,0.00015000000000000001
2024-03-04 08:00:00+00:00,1.355679988861084,1.3572399616241455,1.355299949645996,1.3564000129699707,0,0.00015000000000000001
2024-03-04 12:00:00+00:00,1.3563899993896484,1.3583799600601196,1.3554999828338623,1.3561500310897827,0,0.00015000000000000001
2024-03-04 16:00:00+00:00,1.3561300039291382,1.3581600189208984,1.3552000522613525,1.3579699993133545,0,0.00015000000000000001
2024-03-04 20:00:00+00:00,1.3579800128936768,1.3580399751663208,1.356600046157837,1.35739004611969,0,0.00015000000000000001
2024-03-05 00:00:00+00:00,1.3575299978256226,1.3585000038146973,1.3567999601364136,1.3579100370407104,0,0.00015000000000000001
2024-03-05 04:00:00+00:00,1.3579000234603882,1.3598999977111816,1.3573999404907227,1.3596899509429932,0,0.00015000000000000001
2024-03-05 08:00:00+00:00,1.3595000505447388,1.3604999780654907,1.3574999570846558,1.3585599660873413,0,0.00015000000000000001
2024-03-05 12:00:00+00:00,1.3585799932479858,1.3597999811172485,1.3551000356674194,1.3568899631500244,0,0.00015000000000000001
2024-03-05 16:00:00+00:00,1.3568799495697021,1.3594199419021606,1.3562999963760376,1.3594199419021606,0,0.00015000000000000001
2024-03-05 20:00:00+00:00,1.3594000339508057,1.3600000143051147,1.3585000038146973,1.3590400218963623,0,0.00015000000000000001
2024-03-06 00:00:00+00:00,1.358970046043396,1.3599799871444702,1.357699990272522,1.3585200309753418,0,0.00015000000000000001
2024-03-06 04:00:00+00:00,1.3585200309753418,1.3588600158691406,1.3574999570846558,1.3587700128555298,0,0.00015000000000000001
2024-03-06 08:00:00+00:00,1.358739972114563,1.359429955482483,1.357100009918213,1.3573999404907227,0,0.00015000000000000001
2024-03-06 12:00:00+00:00,1.3576200008392334,1.3589500188827515,1.3504999876022339,1.3513400554656982,0,0.00015000000000000001
2024-03-06 16:00:00+00:00,1.351349949836731,1.352329969406128,1.3498400449752808,1.3516199588775635,0,0.00015000000000000001
2024-03-06 20:00:00+00:00,1.3516099452972412,1.3523199558258057,1.3507000207901,1.351199984550476,0,0.00015000000000000001
2024-03-07 00:00:00+00:00,1.3511799573898315,1.3525500297546387,1.3502999544143677,1.3509700298309326,0,0.00015000000000000001
2024-03-07 04:00:00+00:00,1.3509800434112549,1.3516000509262085,1.3499000072479248,1.3508000373840332,0,0.00015000000000000001
2024-03-07 08:00:00+00:00,1.3508100509643555,1.3516000509262085,1.3496299982070923,1.3499000072479248,0,0.00015000000000000001
2024-03-07 12:00:00+00:00,1.3499200344085693,1.3505300283432007,1.3472000360488892,1.3478599786758423,0,0.00015000000000000001
2024-03-07 16:00:00+00:00,1.3478399515151978,1.3479499816894531,1.3453700542449951,1.345639944076538,0,0.00015000000000000001
2024-03-07 20:00:00+00:00,1.345639944076538,1.3474400043487549,1.3447999954223633,1.3453700542449951,0,0.00015000000000000001
2024-03-08 00:00:00+00:00,1.345270037651062,1.3459999561309814,1.3442000150680542,1.3448899984359741,0,0.00015000000000000001
2024-03-08 04:00:00+00:00,1.3448599576950073,1.3449699878692627,1.343999981880188,1.3442599773406982,0,0.00015000000000000001
2024-03-08 08:00:00+00:00,1.344230055809021,1.3454999923706055,1.343150019645691,1.3451000452041626,0,0.00015000000000000001
2024-03-08 12:00:00+00:00,1.3451199531555176,1.3470100164413452,1.3419400453567505,1.3451100587844849,0,0.00015000000000000001
2024-03-08 16:00:00+00:00,1.3451199531555176,1.3497999906539917,1.344599962234497,1.3483999967575073,0,0.00015000000000000001
2024-03-08 20:00:00+00:00,1.348389983177185,1.3496999740600586,1.3476999998092651,1.3479000329971313,0,0.00015000000000000001
2024-03-11 00:00:00+00:00,1.3478000164031982,1.3487399816513062,1.3468999862670898,1.3482500314712524,0,0.00015000000000000001
2024-03-11 04:00:00+00:00,1.3482799530029297,1.3492599725723267,1.347830057144165,1.348230004310608,0,0.00015000000000000001
2024-03-11 08:00:00+00:00,1.3482099771499634,1.3483500480651855,1.3468899726867676,1.3476200103759766,0,0.00015000000000000001
2024-03-11 12:00:00+00:00,1.3476200103759766,1.3509600162506104,1.3475799560546875,1.3482999801635742,0,0.00015000000000000001
2024-03-11 16:00:00+00:00,1.3486599922180176,1.3491599559783936,1.3473000526428223,1.3481999635696411,0,0.00015000000000000001
2024-03-11 20:00:00+00:00,1.3481899499893188,1.3485000133514404,1.347499966621399,1.3477200269699097,0,0.00015000000000000001
2024-03-12 00:00:00+00:00,1.3477400541305542,1.3481999635696411,1.3466999530792236,1.347480058670044,0,0.00015000000000000001
2024-03-12 04:00:00+00:00,1.3473000526428223,1.3479399681091309,1.34660005569458,1.3473000526428223,0,0.00015000000000000001
2024-03-12 08:00:00+00:00,1.3473000526428223,1.3484300374984741,1.3461999893188477,1.348039984703064,0,0.00015000000000000001
2024-03-12 12:00:00+00:00,1.3479900360107422,1.3525400161743164,1.346500039100647,1.349679946899414,0,0.00015000000000000001
2024-03-12 16:00:00+00:00,1.3496899604797363,1.3509999513626099,1.3486000299453735,1.349179983139038,0,0.00015000000000000001
2024-03-12 20:00:00+00:00,1.3491599559783936,1.3494000434875488,1.3485000133514404,1.3492000102996826,0,0.00015000000000000001
2024-03-13 00:00:00+00:00,1.3492900133132935,1.3497200012207031,1.3485000133514404,1.3493000268936157,0,0.00015000000000000001
2024-03-13 04:00:00+00:00,1.349329948425293,1.3498300313949585,1.3486700057983398,1.348770022392273,0,0.00015000000000000001
2024-03-13 08:00:00+00:00,1.348770022392273,1.3496999740600586,1.3480000495910645,1.3486000299453735,0,0.00015000000000000001
2024-03-13 12:00:00+00:00,1.348639965057373,1.349429965019226,1.3453999757766724,1.347100019454956,0,0.00015000000000000001
2024-03-13 16:00:00+00:00,1.3471100330352783,1.3473399877548218,1.3454999923706055,1.347100019454956,0,0.00015000000000000001
2024-03-13 20:00:00+00:00,1.3471100330352783,1.3473299741744995,1.3461999893188477,1.3465499877929688,0,0.00015000000000000001
2024-03-14 00:00:00+00:00,1.3465399742126465,1.3476999998092651,1.3458000421524048,1.3475899696350098,0,0.00015000000000000001
2024-03-14 04:00:00+00:00,1.347599983215332,1.348099946975708,1.3466999530792236,1.3471599817276,0,0.00015000000000000001
2024-03-14 08:00:00+00:00,1.3471499681472778,1.347499966621399,1.3457000255584717,1.3461899757385254,0,0.00015000000000000001
2024-03-14 12:00:00+00:00,1.3461799621582031,1.3534300327301025,1.3454999923706055,1.3517500162124634,0,0.00015000000000000001
2024-03-14 16:00:00+00:00,1.3517999649047852,1.354099988937378,1.3508000373840332,1.3529599905014038,0,0.00015000000000000001
2024-03-14 20:00:00+00:00,1.352929949760437,1.3541100025177002,1.3523999452590942,1.3537700176239014,0,0.00015000000000000001
2024-03-15 00:00:00+00:00,1.3536499738693237,1.3542900085449219,1.3530000448226929,1.3530000448226929,0,0.00015000000000000001
2024-03-15 04:00:00+00:00,1.3532999753952026,1.3545500040054321,1.3526999950408936,1.354509949684143,0,0.00015000000000000001
2024-03-15 08:00:00+00:00,1.3545199632644653,1.3549699783325195,1.3519999980926514,1.3527899980545044,0,0.00015000000000000001
2024-03-15 12:00:00+00:00,1.3527899980545044,1.3535900115966797,1.3504999876022339,1.3531500101089478,0,0.00015000000000000001
2024-03-15 16:00:00+00:00,1.3531500101089478,1.3551700115203857,1.3523999452590942,1.3544600009918213,0,0.00015000000000000001
2024-03-15 20:00:00+00:00,1.3544700145721436,1.3546500205993652,1.3533999919891357,1.3538999557495117,0,0.00015000000000000001
2024-03-18 00:00:00+00:00,1.354580044746399,1.3550399541854858,1.3529000282287598,1.3538899421691895,0,0.00015000000000000001
2024-03-18 04:00:00+00:00,1.3538899421691895,1.3540400266647339,1.3516000509262085,1.3522000312805176,0,0.00015000000000000001
2024-03-18 08:00:00+00:00,1.3523600101470947,1.354599952697754,1.3517999649047852,1.3542300462722778,0,0.00015000000000000001
2024-03-18 12:00:00+00:00,1.3542200326919556,1.3551499843597412,1.3525999784469604,1.3541100025177002,0,0.00015000000000000001
2024-03-18 16:00:00+00:00,1.3540899753570557,1.3547899723052979,1.3525999784469604,1.3537399768829346,0,0.00015000000000000001
2024-03-18 20:00:00+00:00,1.3537399768829346,1.3538999557495117,1.3525999784469604,1.3535000085830688,0,0.00015000000000000001
2024-03-19 00:00:00+00:00,1.3535000085830688,1.3552000522613525,1.3530000448226929,1.354390025138855,0,0.00015000000000000001
2024-03-19 04:00:00+00:00,1.3544000387191772,1.357200026512146,1.353700041770935,1.3564300537109375,0,0.00015000000000000001
2024-03-19 08:00:00+00:00,1.3564599752426147,1.3580299615859985,1.3557000160217285,1.3565000295639038,0,0.00015000000000000001
2024-03-19 12:00:00+00:00,1.3568400144577026,1.3613300323486328,1.3560999631881714,1.3573999404907227,0,0.00015000000000000001
2024-03-19 16:00:00+00:00,1.3579299449920654,1.3583600521087646,1.3549000024795532,1.3566800355911255,0,0.00015000000000000001
2024-03-19 20:00:00+00:00,1.3564000129699707,1.3574299812316895,1.3556599617004395,1.357100009918213,0,0.00015000000000000001
2024-03-20 00:00:00+00:00,1.357450008392334,1.358199954032898,1.3564000129699707,1.3569300174713135,0,0.00015000000000000001
2024-03-20 04:00:00+00:00,1.356909990310669,1.3587599992752075,1.3564000129699707,1.3586699962615967,0,0.00015000000000000001
2024-03-20 08:00:00+00:00,1.3586699962615967,1.3604999780654907,1.358199954032898,1.3589999675750732,0,0.00015000000000000001
2024-03-20 12:00:00+00:00,1.3593699932098389,1.3596400022506714,1.3558000326156616,1.3563300371170044,0,0.00015000000000000001
2024-03-20 16:00:00+00:00,1.3563499450683594,1.3565700054168701,1.3478000164031982,1.34853994846344,0,0.00015000000000000001
2024-03-20 20:00:00+00:00,1.3485499620437622,1.3495999574661255,1.3466999530792236,1.347190022468567,0,0.00015000000000000001
2024-03-21 00:00:00+00:00,1.3473000526428223,1.3477100133895874,1.3458000421524048,1.346500039100647,0,0.00015000000000000001
2024-03-21 04:00:00+00:00,1.3465100526809692,1.3468999862670898,1.3451000452041626,1.3467899560928345,0,0.00015000000000000001
2024-03-21 08:00:00+00:00,1.346750020980835,1.3513000011444092,1.3464000225067139,1.3508000373840332,0,0.00015000000000000001
2024-03-21 12:00:00+00:00,1.3511899709701538,1.354159951210022,1.3493000268936157,1.3538399934768677,0,0.00015000000000000001
2024-03-21 16:00:00+00:00,1.353600025177002,1.353950023651123,1.3519999980926514,1.3533999919891357,0,0.00015000000000000001
2024-03-21 20:00:00+00:00,1.3533400297164917,1.3533799648284912,1.3521000146865845,1.3527300357818604,0,0.00015000000000000001
2024-03-22 00:00:00+00:00,1.3527300357818604,1.3563400506973267,1.3514000177383423,1.3558000326156616,0,0.00015000000000000001
2024-03-22 04:00:00+00:00,1.356119990348816,1.357409954071045,1.3550000190734863,1.356529951095581,0,0.00015000000000000001
2024-03-22 08:00:00+00:00,1.356529951095581,1.3588600158691406,1.3558000326156616,1.3579399585723877,0,0.00015000000000000001
2024-03-22 12:00:00+00:00,1.3579399585723877,1.3607200384140015,1.3558000326156616,1.3595999479293823,0,0.00015000000000000001
2024-03-22 16:00:00+00:00,1.3595499992370605,1.3614000082015991,1.3589999675750732,1.3610700368881226,0,0.00015000000000000001
2024-03-22 20:00:00+00:00,1.3610299825668335,1.3610999584197998,1.3597999811172485,1.3605999946594238,0,0.00015000000000000001
2024-03-25 00:00:00+00:00,1.3611500263214111,1.3614000082015991,1.3581000566482544,1.3597700595855713,0,0.00015000000000000001
2024-03-25 04:00:00+00:00,1.3597700595855713,1.3606599569320679,1.3588000535964966,1.3600599765777588,0,0.00015000000000000001
2024-03-25 08:00:00+00:00,1.3600399494171143,1.360219955444336,1.357699990272522,1.3586000204086304,0,0.00015000000000000001
2024-03-25 12:00:00+00:00,1.3585599660873413,1.3593499660491943,1.356600046157837,1.3580800294876099,0,0.00015000000000000001
2024-03-25 16:00:00+00:00,1.3580600023269653,1.3588000535964966,1.3573999404907227,1.3584500551223755,0,0.00015000000000000001
2024-03-25 20:00:00+00:00,1.3584500551223755,1.3588500022888184,1.357800006866455,1.358299970626831,0,0.00015000000000000001
2024-03-26 00:00:00+00:00,1.3585100173950195,1.3587100505828857,1.3567999601364136,1.3584799766540527,0,0.00015000000000000001
2024-03-26 04:00:00+00:00,1.3584699630737305,1.3588199615478516,1.3568999767303467,1.3586499691009521,0,0.00015000000000000001
2024-03-26 08:00:00+00:00,1.3586699962615967,1.3590600490570068,1.3553999662399292,1.356410026550293,0,0.00015000000000000001
2024-03-26 12:00:00+00:00,1.3564200401306152,1.3580199480056763,1.3547999858856201,1.357010006904602,0,0.00015000000000000001
2024-03-26 16:00:00+00:00,1.356969952583313,1.3587100505828857,1.3565000295639038,1.358680009841919,0,0.00015000000000000001
2024-03-26 20:00:00+00:00,1.3586699962615967,1.3588299751281738,1.3574999570846558,1.3580800294876099,0,0.00015000000000000001
2024-03-27 00:00:00+00:00,1.3581700325012207,1.3599300384521484,1.3581000566482544,1.3594900369644165,0,0.00015000000000000001
2024-03-27 04:00:00+00:00,1.3595199584960938,1.3596899509429932,1.3583999872207642,1.3595099449157715,0,0.00015000000000000001
2024-03-27 08:00:00+00:00,1.3595099449157715,1.3608100414276123,1.3581000566482544,1.3596500158309937,0,0.00015000000000000001
2024-03-27 12:00:00+00:00,1.3596500158309937,1.3605799674987793,1.356600046157837,1.3585000038146973,0,0.00015000000000000001
2024-03-27 16:00:00+00:00,1.3587499856948853,1.3593699932098389,1.356600046157837,1.3570799827575684,0,0.00015000000000000001
2024-03-27 20:00:00+00:00,1.3570400476455688,1.3589199781417847,1.3559999465942383,1.358530044555664,0,0.00015000000000000001
2024-03-28 00:00:00+00:00,1.3585200309753418,1.3590999841690063,1.356600046157837,1.3577500581741333,0,0.00015000000000000001
2024-03-28 04:00:00+00:00,1.3577799797058105,1.359470009803772,1.3569999933242798,1.3593000173568726,0,0.00015000000000000001
2024-03-28 08:00:00+00:00,1.359279990196228,1.3613699674606323,1.3579000234603882,1.3595000505447388,0,0.00015000000000000001
2024-03-28 12:00:00+00:00,1.3596899509429932,1.3599300384521484,1.3525999784469604,1.3531399965286255,0,0.00015000000000000001
2024-03-28 16:00:00+00:00,1.3531399965286255,1.354699969291687,1.3519999980926514,1.3543800115585327,0,0.00015000000000000001
2024-03-28 20:00:00+00:00,1.3543800115585327,1.355049967765808,1.3526999950408936,1.353600025177002,0,0.00015000000000000001
2024-03-29 00:00:00+00:00,1.3536299467086792,1.354099988937378,1.3530000448226929,1.3539600372314453,0,0.00015000000000000001
2024-03-29 04:00:00+00:00,1.353950023651123,1.3561500310897827,1.3535000085830688,1.3552000522613525,0,0.00015000000000000001
2024-03-29 08:00:00+00:00,1.3555699586868286,1.3555699586868286,1.3544000387191772,1.3550200462341309,0,0.00015000000000000001
2024-03-29 12:00:00+00:00,1.3550299406051636,1.3551900386810303,1.3530000448226929,1.3539999723434448,0,0.00015000000000000001
2024-03-29 16:00:00+00:00,1.354140043258667,1.3547300100326538,1.353600025177002,1.3543699979782104,0,0.00015000000000000001
2024-03-29 20:00:00+00:00,1.354349970817566,1.354509949684143,1.3533200025558472,1.353700041770935,0,0.00015000000000000001
2024-03-31 20:00:00+00:00,1.3530900478363037,1.3532999753952026,1.3515000343322754,1.3517999649047852,0,0.00015000000000000001
2024-04-01 00:00:00+00:00,1.3521599769592285,1.3531999588012695,1.3509999513626099,1.3524500131607056,0,0.00015000000000000001
2024-04-01 04:00:00+00:00,1.3524500131607056,1.3535200357437134,1.3519999980926514,1.3529399633407593,0,0.00015000000000000001
2024-04-01 08:00:00+00:00,1.3528900146484375,1.3551499843597412,1.3521000146865845,1.3550399541854858,0,0.00015000000000000001
2024-04-01 12:00:00+00:00,1.3550399541854858,1.3585000038146973,1.3539999723434448,1.3581199645996094,0,0.00015000000000000001
2024-04-01 16:00:00+00:00,1.3580399751663208,1.3586499691009521,1.3566999435424805,1.35739004611969,0,0.00015000000000000001
2024-04-01 20:00:00+00:00,1.3574199676513672,1.357800006866455,1.3564000129699707,1.3573700189590454,0,0.00015000000000000001
2024-04-02 00:00:00+00:00,1.3573600053787231,1.3580199480056763,1.3565000295639038,1.3579599857330322,0,0.00015000000000000001
2024-04-02 04:00:00+00:00,1.35794997215271,1.358430027961731,1.3560999631881714,1.3568400144577026,0,0.00015000000000000001
2024-04-02 08:00:00+00:00,1.3565000295639038,1.3569600582122803,1.3551000356674194,1.3558000326156616,0,0.00015000000000000001
2024-04-02 12:00:00+00:00,1.3559999465942383,1.3583600521087646,1.3554999828338623,1.3567999601364136,0,0.00015000000000000001
2024-04-02 16:00:00+00:00,1.3571699857711792,1.3578599691390991,1.3562999963760376,1.3571900129318237,0,0.00015000000000000001
2024-04-02 20:00:00+00:00,1.3569999933242798,1.3574199676513672,1.3558000326156616,1.3564300537109375,0,0.00015000000000000001
2024-04-03 00:00:00+00:00,1.3564399480819702,1.3574199676513672,1.3557000160217285,1.3560999631881714,0,0.00015000000000000001
2024-04-03 04:00:00+00:00,1.3562899827957153,1.3580000400543213,1.3559000492095947,1.3578200340270996,0,0.00015000000000000001
2024-04-03 08:00:00+00:00,1.3578399419784546,1.3588999509811401,1.3562599420547485,1.356369972229004,0,0.00015000000000000001
2024-04-03 12:00:00+00:00,1.3564300537109375,1.3572499752044678,1.3507000207901,1.3522700071334839,0,0.00015000000000000001
2024-04-03 16:00:00+00:00,1.3522499799728394,1.3538199663162231,1.351699948310852,1.353219985961914,0,0.00015000000000000001
2024-04-03 20:00:00+00:00,1.353279948234558,1.3532999753952026,1.3516000509262085,1.3523900508880615,0,0.00015000000000000001
2024-04-04 00:00:00+00:00,1.3523900508880615,1.3527400493621826,1.3508000373840332,1.351099967956543,0,0.00015000000000000001
2024-04-04 04:00:00+00:00,1.3514599800109863,1.3516000509262085,1.3499000072479248,1.3511699438095093,0,0.00015000000000000001
2024-04-04 08:00:00+00:00,1.3511699438095093,1.3512099981307983,1.3493000268936157,1.3501800298690796,0,0.00015000000000000001
2024-04-04 12:00:00+00:00,1.350219964981079,1.3503799438476562,1.3473000526428223,1.3495299816131592,0,0.00015000000000000001
2024-04-04 16:00:00+00:00,1.3495099544525146,1.3558900356292725,1.3489999771118164,1.3552900552749634,0,0.00015000000000000001
2024-04-04 20:00:00+00:00,1.3552800416946411,1.355299949645996,1.3535000085830688,1.3543299436569214,0,0.00015000000000000001
2024-04-05 00:00:00+00:00,1.3543399572372437,1.357800006866455,1.353600025177002,1.3570300340652466,0,0.00015000000000000001
2024-04-05 04:00:00+00:00,1.3570200204849243,1.3573700189590454,1.3553999662399292,1.3560600280761719,0,0.00015000000000000001
2024-04-05 08:00:00+00:00,1.3560199737548828,1.3566999435424805,1.3545000553131104,1.3558800220489502,0,0.00015000000000000001
2024-04-05 12:00:00+00:00,1.3559000492095947,1.3647199869155884,1.3550000190734863,1.358199954032898,0,0.00015000000000000001
2024-04-05 16:00:00+00:00,1.357800006866455,1.3594000339508057,1.3569999933242798,1.3585000038146973,0,0.00015000000000000001
2024-04-05 20:00:00+00:00,1.3589999675750732,1.3591500520706177,1.358199954032898,1.3585000038146973,0,0.00015000000000000001
2024-04-07 20:00:00+00:00,1.3601100444793701,1.360550045967102,1.3592000007629395,1.3604099750518799,0,0.00015000000000000001
2024-04-08 00:00:00+00:00,1.3603899478912354,1.3616399765014648,1.3580000400543213,1.3598999977111816,0,0.00015000000000000001
2024-04-08 04:00:00+00:00,1.3601399660110474,1.3605799674987793,1.3586000204086304,1.3594499826431274,0,0.00015000000000000001
2024-04-08 08:00:00+00:00,1.359429955482483,1.3602299690246582,1.358199954032898,1.3593000173568726,0,0.00015000000000000001
2024-04-08 12:00:00+00:00,1.3595999479293823,1.359969973564148,1.3565000295639038,1.3584599494934082,0,0.00015000000000000001
2024-04-08 16:00:00+00:00,1.3584400415420532,1.3593900203704834,1.3567999601364136,1.3577100038528442,0,0.00015000000000000001
2024-04-08 20:00:00+00:00,1.3577300310134888,1.3580600023269653,1.3564000129699707,1.3567999601364136,0,0.00015000000000000001
2024-04-09 00:00:00+00:00,1.3570499420166016,1.3585000038146973,1.3564000129699707,1.3579000234603882,0,0.00015000000000000001
2024-04-09 04:00:00+00:00,1.3582600355148315,1.3583099842071533,1.356600046157837,1.3579399585723877,0,0.00015000000000000001
2024-04-09 08:00:00+00:00,1.357699990272522,1.3583400249481201,1.3555999994277954,1.357640027999878,0,0.00015000000000000001
2024-04-09 12:00:00+00:00,1.357640027999878,1.3598599433898926,1.3543000221252441,1.3583500385284424,0,0.00015000000000000001
2024-04-09 16:00:00+00:00,1.3583600521087646,1.3590400218963623,1.356600046157837,1.3569999933242798,0,0.00015000000000000001
2024-04-09 20:00:00+00:00,1.3571900129318237,1.357409954071045,1.3562999963760376,1.3572900295257568,0,0.00015000000000000001
2024-04-10 00:00:00+00:00,1.3572800159454346,1.357300043106079,1.3557000160217285,1.3569200038909912,0,0.00015000000000000001
2024-04-10 04:00:00+00:00,1.3569400310516357,1.3571300506591797,1.3553999662399292,1.3559999465942383,0,0.00015000000000000001
2024-04-10 08:00:00+00:00,1.3561999797821045,1.3570400476455688,1.3551000356674194,1.356369972229004,0,0.00015000000000000001
2024-04-10 12:00:00+00:00,1.356410026550293,1.3696099519729614,1.3553999662399292,1.3690799474716187,0,0.00015000000000000001
2024-04-10 16:00:00+00:00,1.3690400123596191,1.3702499866485596,1.3667000532150269,1.3677799701690674,0,0.00015000000000000001
2024-04-10 20:00:00+00:00,1.3677899837493896,1.3689199686050415,1.3672000169754028,1.3688100576400757,0,0.00015000000000000001
2024-04-11 00:00:00+00:00,1.3688600063323975,1.3693300485610962,1.367300033569336,1.3679800033569336,0,0.00015000000000000001
2024-04-11 04:00:00+00:00,1.367959976196289,1.3695199489593506,1.3672000169754028,1.3680100440979004,0,0.00015000000000000001
2024-04-11 08:00:00+00:00,1.3680000305175781,1.3692799806594849,1.3672000169754028,1.3691099882125854,0,0.00015000000000000001
2024-04-11 12:00:00+00:00,1.36913001537323,1.3725600242614746,1.3657000064849854,1.3706799745559692,0,0.00015000000000000001
2024-04-11 16:00:00+00:00,1.3706200122833252,1.370859980583191,1.3668999671936035,1.367900013923645,0,0.00015000000000000001
2024-04-11 20:00:00+00:00,1.3682700395584106,1.3690999746322632,1.3676999807357788,1.3687000274658203,0,0.00015000000000000001
2024-04-12 00:00:00+00:00,1.3686800003051758,1.3702499866485596,1.367799997329712,1.3701200485229492,0,0.00015000000000000001
2024-04-12 04:00:00+00:00,1.3700799942016602,1.3728699684143066,1.3695000410079956,1.3723499774932861,0,0.00015000000000000001
2024-04-12 08:00:00+00:00,1.3723000288009644,1.3752000331878662,1.3717000484466553,1.374619960784912,0,0.00015000000000000001
2024-04-12 12:00:00+00:00,1.3746000528335571,1.377150058746338,1.3737000226974487,1.375730037689209,0,0.00015000000000000001
2024-04-12 16:00:00+00:00,1.3756999969482422,1.3787100315093994,1.375,1.3773000240325928,0,0.00015000000000000001
2024-04-12 20:00:00+00:00,1.377619981765747,1.377869963645935,1.3765000104904175,1.3770999908447266,0,0.00015000000000000001
2024-04-14 20:00:00+00:00,1.3760700225830078,1.3765100240707397,1.375100016593933,1.3759000301361084,0,0.00015000000000000001
2024-04-15 00:00:00+00:00,1.3759100437164307,1.378119945526123,1.374899983406067,1.375599980354309,0,0.00015000000000000001
2024-04-15 04:00:00+00:00,1.3757599592208862,1.3762999773025513,1.3738000392913818,1.3747600317001343,0,0.00015000000000000001
2024-04-15 08:00:00+00:00,1.374709963798523,1.374809980392456,1.3729000091552734,1.374150037765503,0,0.00015000000000000001
2024-04-15 12:00:00+00:00,1.3741400241851807,1.3772900104522705,1.371999979019165,1.3752599954605103,0,0.00015000000000000001
2024-04-15 16:00:00+00:00,1.3752000331878662,1.379330039024353,1.374500036239624,1.378440022468567,0,0.00015000000000000001
2024-04-15 20:00:00+00:00,1.3784799575805664,1.3793200254440308,1.3776999711990356,1.3786699771881104,0,0.00015000000000000001
2024-04-16 00:00:00+00:00,1.378640055656433,1.3813999891281128,1.378000020980835,1.380270004272461,0,0.00015000000000000001
2024-04-16 04:00:00+00:00,1.380270004272461,1.381100058555603,1.378499984741211,1.3795599937438965,0,0.00015000000000000001
2024-04-16 08:00:00+00:00,1.379539966583252,1.3803499937057495,1.3769999742507935,1.3772000074386597,0,0.00015000000000000001
2024-04-16 12:00:00+00:00,1.3776099681854248,1.3845399618148804,1.3773000240325928,1.3825900554656982,0,0.00015000000000000001
2024-04-16 16:00:00+00:00,1.382539987564087,1.3845700025558472,1.3797999620437622,1.3817700147628784,0,0.00015000000000000001
2024-04-16 20:00:00+00:00,1.381790041923523,1.3832000494003296,1.381100058555603,1.3818999528884888,0,0.00015000000000000001
2024-04-17 00:00:00+00:00,1.3818800449371338,1.3825099468231201,1.3805999755859375,1.381909966468811,0,0.00015000000000000001
2024-04-17 04:00:00+00:00,1.3819299936294556,1.3837699890136719,1.3802000284194946,1.3814200162887573,0,0.00015000000000000001
2024-04-17 08:00:00+00:00,1.3814400434494019,1.3816699981689453,1.3796000480651855,1.3809399604797363,0,0.00015000000000000001
2024-04-17 12:00:00+00:00,1.3809499740600586,1.3815699815750122,1.3779000043869019,1.3805400133132935,0,0.00015000000000000001
2024-04-17 16:00:00+00:00,1.3805400133132935,1.3818600177764893,1.375499963760376,1.3771699666976929,0,0.00015000000000000001
2024-04-17 20:00:00+00:00,1.3771899938583374,1.3777300119400024,1.3760700225830078,1.3771599531173706,0,0.00015000000000000001
2024-04-18 00:00:00+00:00,1.3771400451660156,1.377519965171814,1.374500036239624,1.374959945678711,0,0.00015000000000000001
2024-04-18 04:00:00+00:00,1.3749699592590332,1.3760000467300415,1.3737000226974487,1.3753999471664429,0,0.00015000000000000001
2024-04-18 08:00:00+00:00,1.375730037689209,1.376099944114685,1.3743000030517578,1.3751300573349,0,0.00015000000000000001
2024-04-18 12:00:00+00:00,1.3751200437545776,1.377150058746338,1.3740999698638916,1.3756699562072754,0,0.00015000000000000001
2024-04-18 16:00:00+00:00,1.3756500482559204,1.3781499862670898,1.3747999668121338,1.3767800331115723,0,0.00015000000000000001
2024-04-18 20:00:00+00:00,1.3767800331115723,1.37732994556427,1.3760000467300415,1.3770300149917603,0,0.00015000000000000001
2024-04-19 00:00:00+00:00,1.3770400285720825,1.3804199695587158,1.3763999938964844,1.3777799606323242,0,0.00015000000000000001
2024-04-19 04:00:00+00:00,1.3777999877929688,1.378999948501587,1.3740999698638916,1.3747299909591675,0,0.00015000000000000001
2024-04-19 08:00:00+00:00,1.3747199773788452,1.3775700330734253,1.374400019645691,1.376330018043518,0,0.00015000000000000001
2024-04-19 12:00:00+00:00,1.3763200044631958,1.3767999410629272,1.371899962425232,1.374400019645691,0,0.00015000000000000001
2024-04-19 16:00:00+00:00,1.374400019645691,1.3763600587844849,1.3732000589370728,1.374940037727356,0,0.00015000000000000001
2024-04-19 20:00:00+00:00,1.3749500513076782,1.3751699924468994,1.374400019645691,1.374500036239624,0,0.00015000000000000001
2024-04-21 20:00:00+00:00,1.3744299411773682,1.374500036239624,1.3733999729156494,1.3737000226974487,0,0.00015000000000000001
2024-04-22 00:00:00+00:00,1.37391996383667,1.374150037765503,1.3710999488830566,1.3726799488067627,0,0.00015000000000000001
2024-04-22 04:00:00+00:00,1.3727099895477295,1.3739099502563477,1.371399998664856,1.3735400438308716,0,0.00015000000000000001
2024-04-22 08:00:00+00:00,1.3735500574111938,1.373729944229126,1.3710999488830566,1.3716599941253662,0,0.00015000000000000001
2024-04-22 12:00:00+00:00,1.3716700077056885,1.3749699592590332,1.3704999685287476,1.3722399473190308,0,0.00015000000000000001
2024-04-22 16:00:00+00:00,1.3722000122070312,1.3722399473190308,1.3681999444961548,1.37021005153656,0,0.00015000000000000001
2024-04-22 20:00:00+00:00,1.370169997215271,1.3704700469970703,1.3690999746322632,1.3697999715805054,0,0.00015000000000000001
2024-04-23 00:00:00+00:00,1.3700000047683716,1.3704700469970703,1.368499994277954,1.369979977607727,0,0.00015000000000000001
2024-04-23 04:00:00+00:00,1.3699699640274048,1.3707400560379028,1.368399977684021,1.369879961013794,0,0.00015000000000000001
2024-04-23 08:00:00+00:00,1.369860053062439,1.3714200258255005,1.368899941444397,1.3704400062561035,0,0.00015000000000000001
2024-04-23 12:00:00+00:00,1.3701000213623047,1.370669960975647,1.3651000261306763,1.367609977722168,0,0.00015000000000000001
2024-04-23 16:00:00+00:00,1.3676600456237793,1.3677500486373901,1.3653000593185425,1.3660500049591064,0,0.00015000000000000001
2024-04-23 20:00:00+00:00,1.3661099672317505,1.3665000200271606,1.365399956703186,1.366129994392395,0,0.00015000000000000001
2024-04-24 00:00:00+00:00,1.3661500215530396,1.366529941558838,1.3650000095367432,1.3662999868392944,0,0.00015000000000000001
2024-04-24 04:00:00+00:00,1.3662699460983276,1.3681999444961548,1.3655999898910522,1.367799997329712,0,0.00015000000000000001
2024-04-24 08:00:00+00:00,1.3677799701690674,1.3690199851989746,1.3672000169754028,1.3687100410461426,0,0.00015000000000000001
2024-04-24 12:00:00+00:00,1.3687200546264648,1.372879981994629,1.3676999807357788,1.3721699714660645,0,0.00015000000000000001
2024-04-24 16:00:00+00:00,1.371999979019165,1.3723700046539307,1.3690999746322632,1.3700400590896606,0,0.00015000000000000001
2024-04-24 20:00:00+00:00,1.3700400590896606,1.3707000017166138,1.3694000244140625,1.3702000379562378,0,0.00015000000000000001
2024-04-25 00:00:00+00:00,1.3703700304031372,1.370460033416748,1.3687000274658203,1.3693599700927734,0,0.00015000000000000001
2024-04-25 04:00:00+00:00,1.3693499565124512,1.3695000410079956,1.3672000169754028,1.367959976196289,0,0.00015000000000000001
2024-04-25 08:00:00+00:00,1.3679699897766113,1.3683500289916992,1.3660999536514282,1.3668999671936035,0,0.00015000000000000001
2024-04-25 12:00:00+00:00,1.36735999584198,1.3730900287628174,1.3662999868392944,1.3692500591278076,0,0.00015000000000000001
2024-04-25 16:00:00+00:00,1.3692100048065186,1.3696099519729614,1.3645000457763672,1.366260051727295,0,0.00015000000000000001
2024-04-25 20:00:00+00:00,1.3662699460983276,1.3664100170135498,1.364799976348877,1.3659000396728516,0,0.00015000000000000001
2024-04-26 00:00:00+00:00,1.3658699989318848,1.3662999868392944,1.3645999431610107,1.3656100034713745,0,0.00015000000000000001
2024-04-26 04:00:00+00:00,1.3656699657440186,1.3657499551773071,1.3632999658584595,1.3647899627685547,0,0.00015000000000000001
2024-04-26 08:00:00+00:00,1.3647799491882324,1.3660500049591064,1.3633999824523926,1.3655999898910522,0,0.00015000000000000001
2024-04-26 12:00:00+00:00,1.3655799627304077,1.3695600032806396,1.3631600141525269,1.3679200410842896,0,0.00015000000000000001
2024-04-26 16:00:00+00:00,1.3679300546646118,1.3682399988174438,1.36489999294281,1.366629958152771,0,0.00015000000000000001
2024-04-26 20:00:00+00:00,1.3666399717330933,1.3670300245285034,1.3658000230789185,1.3667999505996704,0,0.00015000000000000001
2024-04-28 20:00:00+00:00,1.3662400245666504,1.3664000034332275,1.3651000261306763,1.3655999898910522,0,0.00015000000000000001
2024-04-29 00:00:00+00:00,1.3655500411987305,1.3659700155258179,1.363800048828125,1.3649300336837769,0,0.00015000000000000001
2024-04-29 04:00:00+00:00,1.36489999294281,1.366029977798462,1.3626999855041504,1.3656200170516968,0,0.00015000000000000001
2024-04-29 08:00:00+00:00,1.3656500577926636,1.3663100004196167,1.3640999794006348,1.3652100563049316,0,0.00015000000000000001
2024-04-29 12:00:00+00:00,1.3652000427246094,1.3676799535751343,1.3641999959945679,1.3651399612426758,0,0.00015000000000000001
2024-04-29 16:00:00+00:00,1.365090012550354,1.3672699928283691,1.3638999462127686,1.3662400245666504,0,0.00015000000000000001
2024-04-29 20:00:00+00:00,1.3659000396728516,1.3667999505996704,1.3653000593185425,1.3667999505996704,0,0.00015000000000000001
2024-04-30 00:00:00+00:00,1.3667399883270264,1.368209958076477,1.3658000230789185,1.3679800033569336,0,0.00015000000000000001
2024-04-30 04:00:00+00:00,1.3676999807357788,1.3700799942016602,1.367400050163269,1.3691999912261963,0,0.00015000000000000001
2024-04-30 08:00:00+00:00,1.369189977645874,1.3699699640274048,1.3676999807357788,1.369089961051941,0,0.00015000000000000001
2024-04-30 12:00:00+00:00,1.3690799474716187,1.3754899501800537,1.3668999671936035,1.374809980392456,0,0.00015000000000000001
2024-04-30 16:00:00+00:00,1.3747999668121338,1.3767600059509277,1.3740999698638916,1.3767499923706055,0,0.00015000000000000001
2024-04-30 20:00:00+00:00,1.376729965209961,1.378440022468567,1.376099944114685,1.3777199983596802,0,0.00015000000000000001
2024-05-01 00:00:00+00:00,1.377709984779358,1.3782999515533447,1.3768999576568604,1.3777999877929688,0,0.00015000000000000001
2024-05-01 04:00:00+00:00,1.377959966659546,1.378250002861023,1.3767000436782837,1.3769999742507935,0,0.00015000000000000001
2024-05-01 08:00:00+00:00,1.377210021018982,1.3776099681854248,1.3761999607086182,1.3770899772644043,0,0.00015000000000000001
2024-05-01 12:00:00+00:00,1.377079963684082,1.3773800134658813,1.3744900226593018,1.3760299682617188,0,0.00015000000000000001
2024-05-01 16:00:00+00:00,1.3759900331497192,1.3774700164794922,1.370300054550171,1.3759100437164307,0,0.00015000000000000001
2024-05-01 20:00:00+00:00,1.375849962234497,1.3761099576950073,1.3722100257873535,1.3724600076675415,0,0.00015000000000000001
2024-05-02 00:00:00+00:00,1.3724600076675415,1.3736599683761597,1.3711999654769897,1.3725899457931519,0,0.00015000000000000001
2024-05-02 04:00:00+00:00,1.3724000453948975,1.3725999593734741,1.3700000047683716,1.3711800575256348,0,0.00015000000000000001
2024-05-02 08:00:00+00:00,1.3711700439453125,1.3728599548339844,1.3700000047683716,1.3721200227737427,0,0.00015000000000000001
2024-05-02 12:00:00+00:00,1.372059941291809,1.3729499578475952,1.36899995803833,1.3697199821472168,0,0.00015000000000000001
2024-05-02 16:00:00+00:00,1.3697199821472168,1.370300054550171,1.3665000200271606,1.367609977722168,0,0.00015000000000000001
2024-05-02 20:00:00+00:00,1.3676400184631348,1.367900013923645,1.3660999536514282,1.3666000366210938,0,0.00015000000000000001
2024-05-03 00:00:00+00:00,1.3666499853134155,1.3673800230026245,1.3651000261306763,1.3662899732589722,0,0.00015000000000000001
2024-05-03 04:00:00+00:00,1.3662899732589722,1.3675299882888794,1.3652000427246094,1.366960048675537,0,0.00015000000000000001
2024-05-03 08:00:00+00:00,1.3669300079345703,1.3671900033950806,1.3655999898910522,1.3664400577545166,0,0.00015000000000000001
2024-05-03 12:00:00+00:00,1.3664300441741943,1.3691600561141968,1.3605999946594238,1.3683500289916992,0,0.00015000000000000001
2024-05-03 16:00:00+00:00,1.3683099746704102,1.3689299821853638,1.3671000003814697,1.3679399490356445,0,0.00015000000000000001
2024-05-03 20:00:00+00:00,1.3679300546646118,1.3686399459838867,1.3674999475479126,1.3683199882507324,0,0.00015000000000000001
2024-05-05 20:00:00+00:00,1.3681600093841553,1.3691999912261963,1.3674999475479126,1.3691400289535522,0,0.00015000000000000001
2024-05-06 00:00:00+00:00,1.3691500425338745,1.3696999549865723,1.3671000003814697,1.3683899641036987,0,0.00015000000000000001
2024-05-06 04:00:00+00:00,1.3683899641036987,1.368899941444397,1.3667999505996704,1.3680499792099,0,0.00015000000000000001
2024-05-06 08:00:00+00:00,1.3680499792099,1.368499994277954,1.366819977760315,1.3671000003814697,0,0.00015000000000000001
2024-05-06 12:00:00+00:00,1.3670599460601807,1.3673499822616577,1.364300012588501,1.3656599521636963,0,0.00015000000000000001
2024-05-06 16:00:00+00:00,1.3656500577926636,1.3672000169754028,1.3653000593185425,1.3665499687194824,0,0.00015000000000000001
2024-05-06 20:00:00+00:00,1.3665399551391602,1.367300033569336,1.3654199838638306,1.3667999505996704,0,0.00015000000000000001
2024-05-07 00:00:00+00:00,1.3670200109481812,1.3680599927902222,1.3655999898910522,1.3667000532150269,0,0.00015000000000000001
2024-05-07 04:00:00+00:00,1.3670799732208252,1.369089961051941,1.3666000366210938,1.3683099746704102,0,0.00015000000000000001
2024-05-07 08:00:00+00:00,1.3682700395584106,1.3688900470733643,1.3672000169754028,1.3679900169372559,0,0.00015000000000000001
2024-05-07 12:00:00+00:00,1.3680100440979004,1.371709942817688,1.3665000200271606,1.3712799549102783,0,0.00015000000000000001
2024-05-07 16:00:00+00:00,1.3712799549102783,1.3741199970245361,1.3700000047683716,1.372480034828186,0,0.00015000000000000001
2024-05-07 20:00:00+00:00,1.3725299835205078,1.3735100030899048,1.3717000484466553,1.3731000423431396,0,0.00015000000000000001
2024-05-08 00:00:00+00:00,1.3732999563217163,1.3753299713134766,1.3726999759674072,1.3752700090408325,0,0.00015000000000000001
2024-05-08 04:00:00+00:00,1.3752700090408325,1.375939965248108,1.374500036239624,1.375540018081665,0,0.00015000000000000001
2024-05-08 08:00:00+00:00,1.3755500316619873,1.3760499954223633,1.3740999698638916,1.375749945640564,0,0.00015000000000000001
2024-05-08 12:00:00+00:00,1.3757799863815308,1.3762500286102295,1.3711999654769897,1.3718500137329102,0,0.00015000000000000001
2024-05-08 16:00:00+00:00,1.371840000152588,1.3734999895095825,1.3712999820709229,1.3732099533081055,0,0.00015000000000000001
2024-05-08 20:00:00+00:00,1.3732099533081055,1.3734400272369385,1.3712999820709229,1.3727600574493408,0,0.00015000000000000001
2024-05-09 00:00:00+00:00,1.3727999925613403,1.3734300136566162,1.3717000484466553,1.3723200559616089,0,0.00015000000000000001
2024-05-09 04:00:00+00:00,1.3723100423812866,1.3738000392913818,1.3717000484466553,1.3732399940490723,0,0.00015000000000000001
2024-05-09 08:00:00+00:00,1.3732600212097168,1.3735400438308716,1.3717000484466553,1.372499942779541,0,0.00015000000000000001
2024-05-09 12:00:00+00:00,1.372499942779541,1.3725800514221191,1.3675999641418457,1.3691600561141968,0,0.00015000000000000001
2024-05-09 16:00:00+00:00,1.3691600561141968,1.3692400455474854,1.3669999837875366,1.3675700426101685,0,0.00015000000000000001
2024-05-09 20:00:00+00:00,1.3675700426101685,1.3680000305175781,1.3667000532150269,1.3677500486373901,0,0.00015000000000000001
2024-05-10 00:00:00+00:00,1.3677500486373901,1.3690299987792969,1.3669999837875366,1.3687900304794312,0,0.00015000000000000001
2024-05-10 04:00:00+00:00,1.368749976158142,1.3688199520111084,1.367300033569336,1.367799997329712,0,0.00015000000000000001
2024-05-10 08:00:00+00:00,1.3681000471115112,1.368899941444397,1.367300033569336,1.3681399822235107,0,0.00015000000000000001
2024-05-10 12:00:00+00:00,1.3681600093841553,1.3682700395584106,1.3629900217056274,1.3661999702453613,0,0.00015000000000000001
2024-05-10 16:00:00+00:00,1.3664100170135498,1.3676799535751343,1.3655999898910522,1.367110013961792,0,0.00015000000000000001
2024-05-10 20:00:00+00:00,1.3670599460601807,1.367400050163269,1.3665000200271606,1.3667000532150269,0,0.00015000000000000001
2024-05-12 20:00:00+00:00,1.3676999807357788,1.367799997329712,1.3667999505996704,1.3677200078964233,0,0.00015000000000000001
2024-05-13 00:00:00+00:00,1.3677300214767456,1.3689500093460083,1.3672000169754028,1.3681800365447998,0,0.00015000000000000001
2024-05-13 04:00:00+00:00,1.368149995803833,1.3684899806976318,1.3669999837875366,1.3671000003814697,0,0.00015000000000000001
2024-05-13 08:00:00+00:00,1.3675099611282349,1.3681299686431885,1.3664000034332275,1.3672800064086914,0,0.00015000000000000001
2024-05-13 12:00:00+00:00,1.3672900199890137,1.3684600591659546,1.3655999898910522,1.3675899505615234,0,0.00015000000000000001
2024-05-13 16:00:00+00:00,1.3675899505615234,1.367959976196289,1.3662999868392944,1.3668999671936035,0,0.00015000000000000001
2024-05-13 20:00:00+00:00,1.3668500185012817,1.3671599626541138,1.3660000562667847,1.3665800094604492,0,0.00015000000000000001
2024-05-14 00:00:00+00:00,1.366610050201416,1.3684699535369873,1.3660999536514282,1.3675999641418457,0,0.00015000000000000001
2024-05-14 04:00:00+00:00,1.3679300546646118,1.3680800199508667,1.3669999837875366,1.3671000003814697,0,0.00015000000000000001
2024-05-14 08:00:00+00:00,1.3675199747085571,1.3682299852371216,1.3659000396728516,1.366629958152771,0,0.00015000000000000001
2024-05-14 12:00:00+00:00,1.3666399717330933,1.3690299987792969,1.3629000186920166,1.3651800155639648,0,0.00015000000000000001
2024-05-14 16:00:00+00:00,1.365149974822998,1.3664900064468384,1.3641999959945679,1.3649400472640991,0,0.00015000000000000001
2024-05-14 20:00:00+00:00,1.36489999294281,1.3654999732971191,1.364400029182434,1.365339994430542,0,0.00015000000000000001
2024-05-15 00:00:00+00:00,1.365399956703186,1.365399956703186,1.3632999658584595,1.36381995677948,0,0.00015000000000000001
2024-05-15 04:00:00+00:00,1.363860011100769,1.3645199537277222,1.3628000020980835,1.363420009613037,0,0.00015000000000000001
2024-05-15 08:00:00+00:00,1.3634099960327148,1.3636399507522583,1.3619999885559082,1.3632899522781372,0,0.00015000000000000001
2024-05-15 12:00:00+00:00,1.3632899522781372,1.366070032119751,1.3587000370025635,1.36135995388031,0,0.00015000000000000001
2024-05-15 16:00:00+00:00,1.3609000444412231,1.361840009689331,1.3589999675750732,1.3605799674987793,0,0.00015000000000000001
2024-05-15 20:00:00+00:00,1.3602999448776245,1.36080002784729,1.3589999675750732,1.3595999479293823,0,0.00015000000000000001
2024-05-16 00:00:00+00:00,1.3597500324249268,1.361199975013733,1.3585000038146973,1.3597999811172485,0,0.00015000000000000001
2024-05-16 04:00:00+00:00,1.360200047492981,1.3624000549316406,1.3596999645233154,1.3618500232696533,0,0.00015000000000000001
2024-05-16 08:00:00+00:00,1.361840009689331,1.3634599447250366,1.3610999584197998,1.3632099628448486,0,0.00015000000000000001
2024-05-16 12:00:00+00:00,1.3631800413131714,1.3640999794006348,1.360200047492981,1.3603999614715576,0,0.00015000000000000001
2024-05-16 16:00:00+00:00,1.3606899976730347,1.362130045890808,1.3603999614715576,1.3616600036621094,0,0.00015000000000000001
2024-05-16 20:00:00+00:00,1.361680030822754,1.3619400262832642,1.360700011253357,1.3614699840545654,0,0.00015000000000000001
2024-05-17 00:00:00+00:00,1.361449956893921,1.3631199598312378,1.36080002784729,1.3622000217437744,0,0.00015000000000000001
2024-05-17 04:00:00+00:00,1.36257004737854,1.363219976425171,1.3610999584197998,1.3630499839782715,0,0.00015000000000000001
2024-05-17 08:00:00+00:00,1.3629000186920166,1.3643699884414673,1.3625999689102173,1.3635300397872925,0,0.00015000000000000001
2024-05-17 12:00:00+00:00,1.3635499477386475,1.3637900352478027,1.3595999479293823,1.3616900444030762,0,0.00015000000000000001
2024-05-17 16:00:00+00:00,1.361649990081787,1.3621400594711304,1.360200047492981,1.3608299493789673,0,0.00015000000000000001
2024-05-17 20:00:00+00:00,1.3608299493789673,1.3612099885940552,1.3604999780654907,1.3609000444412231,0,0.00015000000000000001
2024-05-19 20:00:00+00:00,1.3609999418258667,1.3610399961471558,1.3601000308990479,1.3605999946594238,0,0.00015000000000000001
2024-05-20 00:00:00+00:00,1.360859990119934,1.3614399433135986,1.3598999977111816,1.360700011253357,0,0.00015000000000000001
2024-05-20 04:00:00+00:00,1.3607100248336792,1.3618799448013306,1.3595999479293823,1.3613200187683105,0,0.00015000000000000001
2024-05-20 08:00:00+00:00,1.3613200187683105,1.3621599674224854,1.3604999780654907,1.361899971961975,0,0.00015000000000000001
2024-05-20 12:00:00+00:00,1.362089991569519,1.3635300397872925,1.3590999841690063,1.3609000444412231,0,0.00015000000000000001
2024-05-20 16:00:00+00:00,1.3612799644470215,1.3626600503921509,1.360700011253357,1.3619999885559082,0,0.00015000000000000001
2024-05-20 20:00:00+00:00,1.3622499704360962,1.3625999689102173,1.361799955368042,1.3623000383377075,0,0.00015000000000000001
2024-05-21 00:00:00+00:00,1.3623100519180298,1.364359974861145,1.361799955368042,1.3634999990463257,0,0.00015000000000000001
2024-05-21 04:00:00+00:00,1.3638499975204468,1.3639099597930908,1.3619999885559082,1.3635300397872925,0,0.00015000000000000001
2024-05-21 08:00:00+00:00,1.3635400533676147,1.3638499975204468,1.3610999584197998,1.361199975013733,0,0.00015000000000000001
2024-05-21 12:00:00+00:00,1.3615599870681763,1.367550015449524,1.3609999418258667,1.3645399808883667,0,0.00015000000000000001
2024-05-21 16:00:00+00:00,1.3645199537277222,1.3656400442123413,1.3639999628067017,1.3648699522018433,0,0.00015000000000000001
2024-05-21 20:00:00+00:00,1.3648699522018433,1.3655200004577637,1.3624000549316406,1.3640700578689575,0,0.00015000000000000001
2024-05-22 00:00:00+00:00,1.3640899658203125,1.364169955253601,1.3619999885559082,1.3640999794006348,0,0.00015000000000000001
2024-05-22 04:00:00+00:00,1.364050030708313,1.366189956665039,1.3632999658584595,1.3656599521636963,0,0.00015000000000000001
2024-05-22 08:00:00+00:00,1.3655999898910522,1.3677699565887451,1.364400029182434,1.3674399852752686,0,0.00015000000000000001
2024-05-22 12:00:00+00:00,1.3674399852752686,1.3678300380706787,1.3655999898910522,1.3668899536132812,0,0.00015000000000000001
2024-05-22 16:00:00+00:00,1.3668700456619263,1.3698099851608276,1.3652000427246094,1.368980050086975,0,0.00015000000000000001
2024-05-22 20:00:00+00:00,1.368939995765686,1.3696199655532837,1.368299961090088,1.3688000440597534,0,0.00015000000000000001
2024-05-23 00:00:00+00:00,1.3690099716186523,1.3696199655532837,1.3674999475479126,1.3679699897766113,0,0.00015000000000000001
2024-05-23 04:00:00+00:00,1.3679300546646118,1.368649959564209,1.367300033569336,1.3684300184249878,0,0.00015000000000000001
2024-05-23 08:00:00+00:00,1.36844003200531,1.3684799671173096,1.3660000562667847,1.3664000034332275,0,0.00015000000000000001
2024-05-23 12:00:00+00:00,1.3666900396347046,1.370460033416748,1.3652000427246094,1.369729995727539,0,0.00015000000000000001
2024-05-23 16:00:00+00:00,1.3697099685668945,1.3743400573730469,1.3688000440597534,1.373579978942871,0,0.00015000000000000001
2024-05-23 20:00:00+00:00,1.373579978942871,1.373710036277771,1.3723000288009644,1.3730000257492065,0,0.00015000000000000001
2024-05-24 00:00:00+00:00,1.3732500076293945,1.3738399744033813,1.3722000122070312,1.373729944229126,0,0.00015000000000000001
2024-05-24 04:00:00+00:00,1.373769998550415,1.3738499879837036,1.3717000484466553,1.3722399473190308,0,0.00015000000000000001
2024-05-24 08:00:00+00:00,1.3722000122070312,1.3729000091552734,1.3707000017166138,1.3712600469589233,0,0.00015000000000000001
2024-05-24 12:00:00+00:00,1.3711999654769897,1.372439980506897,1.3653000593185425,1.3666800260543823,0,0.00015000000000000001
2024-05-24 16:00:00+00:00,1.366629958152771,1.3668400049209595,1.364300012588501,1.3664900064468384,0,0.00015000000000000001
2024-05-24 20:00:00+00:00,1.3665000200271606,1.3666000366210938,1.3660000562667847,1.3662999868392944,0,0.00015000000000000001
2024-05-26 20:00:00+00:00,1.3664900064468384,1.367050051689148,1.3660000562667847,1.3669699430465698,0,0.00015000000000000001
2024-05-27 00:00:00+00:00,1.3666000366210938,1.3670400381088257,1.3658000230789185,1.3665599822998047,0,0.00015000000000000001
2024-05-27 04:00:00+00:00,1.366569995880127,1.366729974746704,1.365399956703186,1.3661199808120728,0,0.00015000000000000001
2024-05-27 08:00:00+00:00,1.3660399913787842,1.3665000200271606,1.364799976348877,1.3655699491500854,0,0.00015000000000000001
2024-05-27 12:00:00+00:00,1.3655699491500854,1.3664000034332275,1.3626999855041504,1.3632899522781372,0,0.00015000000000000001
2024-05-27 16:00:00+00:00,1.3632999658584595,1.3634999990463257,1.3624999523162842,1.3631700277328491,0,0.00015000000000000001
2024-05-27 20:00:00+00:00,1.3631600141525269,1.3636300563812256,1.3623000383377075,1.362820029258728,0,0.00015000000000000001
2024-05-28 00:00:00+00:00,1.3628100156784058,1.3629000186920166,1.3609999418258667,1.361549973487854,0,0.00015000000000000001
2024-05-28 04:00:00+00:00,1.3616000413894653,1.3630800247192383,1.3609999418258667,1.3621000051498413,0,0.00015000000000000001
2024-05-28 08:00:00+00:00,1.3622699975967407,1.3631999492645264,1.361299991607666,1.361899971961975,0,0.00015000000000000001
2024-05-28 12:00:00+00:00,1.3621100187301636,1.3650399446487427,1.3609999418258667,1.3631700277328491,0,0.00015000000000000001
2024-05-28 16:00:00+00:00,1.3631700277328491,1.365399956703186,1.3626999855041504,1.3643200397491455,0,0.00015000000000000001
2024-05-28 20:00:00+00:00,1.3643300533294678,1.3648200035095215,1.3636900186538696,1.3646999597549438,0,0.00015000000000000001
2024-05-29 00:00:00+00:00,1.3646899461746216,1.3665000200271606,1.3640999794006348,1.3662899732589722,0,0.00015000000000000001
2024-05-29 04:00:00+00:00,1.3662500381469727,1.367300033569336,1.3645999431610107,1.3656100034713745,0,0.00015000000000000001
2024-05-29 08:00:00+00:00,1.3656200170516968,1.367840051651001,1.3651000261306763,1.3671000003814697,0,0.00015000000000000001
2024-05-29 12:00:00+00:00,1.3670899868011475,1.3714200258255005,1.3661999702453613,1.3700000047683716,0,0.00015000000000000001
2024-05-29 16:00:00+00:00,1.3703900575637817,1.3717199563980103,1.3697999715805054,1.3715200424194336,0,0.00015000000000000001
2024-05-29 20:00:00+00:00,1.3713799715042114,1.372130036354065,1.3706300258636475,1.3717199563980103,0,0.00015000000000000001
2024-05-30 00:00:00+00:00,1.371500015258789,1.3727699518203735,1.37090003490448,1.3723200559616089,0,0.00015000000000000001
2024-05-30 04:00:00+00:00,1.3722800016403198,1.3734699487686157,1.371500015258789,1.3716000318527222,0,0.00015000000000000001
2024-05-30 08:00:00+00:00,1.3719500303268433,1.37253999710083,1.3698999881744385,1.3705799579620361,0,0.00015000000000000001
2024-05-30 12:00:00+00:00,1.3705899715423584,1.3712999820709229,1.3654999732971191,1.3669500350952148,0,0.00015000000000000001
2024-05-30 16:00:00+00:00,1.366919994354248,1.368899941444397,1.3657000064849854,1.3681700229644775,0,0.00015000000000000001
2024-05-30 20:00:00+00:00,1.3681399822235107,1.368499994277954,1.367400050163269,1.3683300018310547,0,0.00015000000000000001
2024-05-31 00:00:00+00:00,1.368340015411377,1.368939995765686,1.3668999671936035,1.3674099445343018,0,0.00015000000000000001
2024-05-31 04:00:00+00:00,1.3668999671936035,1.367799997329712,1.3655999898910522,1.3667800426483154,0,0.00015000000000000001
2024-05-31 08:00:00+00:00,1.3668099641799927,1.3668899536132812,1.3623000383377075,1.3636000156402588,0,0.00015000000000000001
2024-05-31 12:00:00+00:00,1.363919973373413,1.3652499914169312,1.3614000082015991,1.3648300170898438,0,0.00015000000000000001
2024-05-31 16:00:00+00:00,1.364799976348877,1.3653600215911865,1.3617000579833984,1.3625600337982178,0,0.00015000000000000001
2024-05-31 20:00:00+00:00,1.36257004737854,1.363070011138916,1.361799955368042,1.3625999689102173,0,0.00015000000000000001
2024-06-02 20:00:00+00:00,1.3625500202178955,1.362630009651184,1.3614000082015991,1.3618899583816528,0,0.00015000000000000001
2024-06-03 00:00:00+00:00,1.3618700504302979,1.3631700277328491,1.3601000308990479,1.3624999523162842,0,0.00015000000000000001
2024-06-03 04:00:00+00:00,1.3628300428390503,1.365839958190918,1.3619999885559082,1.3655999898910522,0,0.00015000000000000001
2024-06-03 08:00:00+00:00,1.36558997631073,1.366860032081604,1.3631000518798828,1.363800048828125,0,0.00015000000000000001
2024-06-03 12:00:00+00:00,1.3637499809265137,1.3640300035476685,1.3597999811172485,1.3627099990844727,0,0.00015000000000000001
2024-06-03 16:00:00+00:00,1.3626999855041504,1.365440011024475,1.3619999885559082,1.3633999824523926,0,0.00015000000000000001
2024-06-03 20:00:00+00:00,1.3636399507522583,1.363700032234192,1.3619999885559082,1.3628499507904053,0,0.00015000000000000001
2024-06-04 00:00:00+00:00,1.3628499507904053,1.3641999959945679,1.3616000413894653,1.3637200593948364,0,0.00015000000000000001
2024-06-04 04:00:00+00:00,1.3637399673461914,1.3671000003814697,1.3630000352859497,1.3667000532150269,0,0.00015000000000000001
2024-06-04 08:00:00+00:00,1.3669300079345703,1.3699100017547607,1.3665000200271606,1.367900013923645,0,0.00015000000000000001
2024-06-04 12:00:00+00:00,1.3678900003433228,1.3694700002670288,1.3665000200271606,1.368589997291565,0,0.00015000000000000001
2024-06-04 16:00:00+00:00,1.368589997291565,1.3691600561141968,1.3665000200271606,1.3672000169754028,0,0.00015000000000000001
2024-06-04 20:00:00+00:00,1.3676199913024902,1.3680000305175781,1.3669999837875366,1.367300033569336,0,0.00015000000000000001
2024-06-05 00:00:00+00:00,1.3676400184631348,1.3680000305175781,1.3661999702453613,1.3671000003814697,0,0.00015000000000000001
2024-06-05 04:00:00+00:00,1.3672599792480469,1.3683799505233765,1.3667000532150269,1.3672800064086914,0,0.00015000000000000001
2024-06-05 08:00:00+00:00,1.3672499656677246,1.3690299987792969,1.3664000034332275,1.3677599430084229,0,0.00015000000000000001
2024-06-05 12:00:00+00:00,1.3677799701690674,1.374150037765503,1.3660999536514282,1.3705099821090698,0,0.00015000000000000001
2024-06-05 16:00:00+00:00,1.3704700469970703,1.3714499473571777,1.3680000305175781,1.3689199686050415,0,0.00015000000000000001
2024-06-05 20:00:00+00:00,1.3689299821853638,1.3697500228881836,1.368399977684021,1.3690299987792969,0,0.00015000000000000001
2024-06-06 00:00:00+00:00,1.368980050086975,1.3690299987792969,1.3660999536514282,1.3677200078964233,0,0.00015000000000000001
2024-06-06 04:00:00+00:00,1.3676999807357788,1.368980050086975,1.3671000003814697,1.368589997291565,0,0.00015000000000000001
2024-06-06 08:00:00+00:00,1.368399977684021,1.3697400093078613,1.3681000471115112,1.3693000078201294,0,0.00015000000000000001
2024-06-06 12:00:00+00:00,1.369320034980774,1.371000051498413,1.367799997329712,1.3685499429702759,0,0.00015000000000000001
2024-06-06 16:00:00+00:00,1.3685100078582764,1.3693699836730957,1.3660000562667847,1.3669699430465698,0,0.00015000000000000001
2024-06-06 20:00:00+00:00,1.367050051689148,1.3674999475479126,1.3659000396728516,1.3668099641799927,0,0.00015000000000000001
2024-06-07 00:00:00+00:00,1.3667999505996704,1.3672000169754028,1.3660000562667847,1.3667999505996704,0,0.00015000000000000001
2024-06-07 04:00:00+00:00,1.3668099641799927,1.3675700426101685,1.3658000230789185,1.3673399686813354,0,0.00015000000000000001
2024-06-07 08:00:00+00:00,1.3673100471496582,1.3688000440597534,1.3667000532150269,1.3672499656677246,0,0.00015000000000000001
2024-06-07 12:00:00+00:00,1.3672699928283691,1.3758800029754639,1.3671000003814697,1.3749300241470337,0,0.00015000000000000001
2024-06-07 16:00:00+00:00,1.3749300241470337,1.3758699893951416,1.3738000392913818,1.3758100271224976,0,0.00015000000000000001
2024-06-07 20:00:00+00:00,1.3757699728012085,1.3767600059509277,1.3752000331878662,1.3763999938964844,0,0.00015000000000000001
2024-06-09 20:00:00+00:00,1.376170039176941,1.3763200044631958,1.3753999471664429,1.375849962234497,0,0.00015000000000000001
2024-06-10 00:00:00+00:00,1.3759000301361084,1.377120018005371,1.3752000331878662,1.377060055732727,0,0.00015000000000000001
2024-06-10 04:00:00+00:00,1.3770699501037598,1.3773399591445923,1.3756999969482422,1.376420021057129,0,0.00015000000000000001
2024-06-10 08:00:00+00:00,1.3764300346374512,1.3781100511550903,1.3763600587844849,1.3767000436782837,0,0.00015000000000000001
2024-06-10 12:00:00+00:00,1.3766800165176392,1.378159999847412,1.375,1.375540018081665,0,0.00015000000000000001
2024-06-10 16:00:00+00:00,1.375100016593933,1.3769400119781494,1.375,1.3761199712753296,0,0.00015000000000000001
2024-06-10 20:00:00+00:00,1.3761299848556519,1.3763500452041626,1.375100016593933,1.3758000135421753,0,0.00015000000000000001
2024-06-11 00:00:00+00:00,1.375599980354309,1.3769099712371826,1.375499963760376,1.3766200542449951,0,0.00015000000000000001
2024-06-11 04:00:00+00:00,1.3766599893569946,1.377020001411438,1.3754700422286987,1.3762600421905518,0,0.00015000000000000001
2024-06-11 08:00:00+00:00,1.3762500286102295,1.3784300088882446,1.376099944114685,1.3779699802398682,0,0.00015000000000000001
2024-06-11 12:00:00+00:00,1.3779699802398682,1.3791600465774536,1.376099944114685,1.3766200542449951,0,0.00015000000000000001
2024-06-11 16:00:00+00:00,1.3765900135040283,1.3774399757385254,1.3743000030517578,1.3754199743270874,0,0.00015000000000000001
2024-06-11 20:00:00+00:00,1.3753700256347656,1.375939965248108,1.3747999668121338,1.3752000331878662,0,0.00015000000000000001
2024-06-12 00:00:00+00:00,1.3754700422286987,1.3760199546813965,1.3741999864578247,1.3749500513076782,0,0.00015000000000000001
2024-06-12 04:00:00+00:00,1.3746999502182007,1.3754600286483765,1.3737000226974487,1.3744800090789795,0,0.00015000000000000001
2024-06-12 08:00:00+00:00,1.3745299577713013,1.3751200437545776,1.3736000061035156,1.374269962310791,0,0.00015000000000000001
2024-06-12 12:00:00+00:00,1.374269962310791,1.3745100498199463,1.3674999475479126,1.3691799640655518,0,0.00015000000000000001
2024-06-12 16:00:00+00:00,1.369230031967163,1.3734500408172607,1.367799997329712,1.3726199865341187,0,0.00015000000000000001
2024-06-12 20:00:00+00:00,1.3726199865341187,1.3728400468826294,1.371000051498413,1.3717999458312988,0,0.00015000000000000001
2024-06-13 00:00:00+00:00,1.3721200227737427,1.3741999864578247,1.3716000318527222,1.3739700317382812,0,0.00015000000000000001
2024-06-13 04:00:00+00:00,1.3739399909973145,1.374899983406067,1.3732000589370728,1.3740899562835693,0,0.00015000000000000001
2024-06-13 08:00:00+00:00,1.3740899562835693,1.3752299547195435,1.3726999759674072,1.3751300573349,0,0.00015000000000000001
2024-06-13 12:00:00+00:00,1.375100016593933,1.376330018043518,1.371000051498413,1.3747999668121338,0,0.00015000000000000001
2024-06-13 16:00:00+00:00,1.3747899532318115,1.3760600090026855,1.3731000423431396,1.3738399744033813,0,0.00015000000000000001
2024-06-13 20:00:00+00:00,1.373829960823059,1.374500036239624,1.3730000257492065,1.3743900060653687,0,0.00015000000000000001
2024-06-14 00:00:00+00:00,1.3743799924850464,1.3749200105667114,1.3729000091552734,1.3741600513458252,0,0.00015000000000000001
2024-06-14 04:00:00+00:00,1.3739999532699585,1.3758000135421753,1.3732000589370728,1.3750699758529663,0,0.00015000000000000001
2024-06-14 08:00:00+00:00,1.3750499486923218,1.376729965209961,1.3743000030517578,1.3755799531936646,0,0.00015000000000000001
2024-06-14 12:00:00+00:00,1.3755600452423096,1.3779300451278687,1.3732999563217163,1.373810052871704,0,0.00015000000000000001
2024-06-14 16:00:00+00:00,1.3737599849700928,1.3746000528335571,1.3723000288009644,1.3732800483703613,0,0.00015000000000000001
2024-06-14 20:00:00+00:00,1.373289942741394,1.3736000061035156,1.372499942779541,1.3729000091552734,0,0.00015000000000000001
2024-06-16 20:00:00+00:00,1.3732099533081055,1.373610019683838,1.3726999759674072,1.373479962348938,0,0.00015000000000000001
2024-06-17 00:00:00+00:00,1.3734899759292603,1.3745299577713013,1.3725999593734741,1.3742599487304688,0,0.00015000000000000001
2024-06-17 04:00:00+00:00,1.374250054359436,1.3752599954605103,1.3731000423431396,1.3743599653244019,0,0.00015000000000000001
2024-06-17 08:00:00+00:00,1.3743499517440796,1.374899983406067,1.3732000589370728,1.374690055847168,0,0.00015000000000000001
2024-06-17 12:00:00+00:00,1.3746800422668457,1.3764400482177734,1.3736000061035156,1.3752199411392212,0,0.00015000000000000001
2024-06-17 16:00:00+00:00,1.3751699924468994,1.3752199411392212,1.3716000318527222,1.3722699880599976,0,0.00015000000000000001
2024-06-17 20:00:00+00:00,1.372249960899353,1.372499942779541,1.37090003490448,1.371000051498413,0,0.00015000000000000001
2024-06-18 00:00:00+00:00,1.371340036392212,1.3740999698638916,1.3704999685287476,1.3737800121307373,0,0.00015000000000000001
2024-06-18 04:00:00+00:00,1.373710036277771,1.3746299743652344,1.3728200197219849,1.374500036239624,0,0.00015000000000000001
2024-06-18 08:00:00+00:00,1.3744900226593018,1.3756599426269531,1.3743799924850464,1.3753600120544434,0,0.00015000000000000001
2024-06-18 12:00:00+00:00,1.3753700256347656,1.3755199909210205,1.3703999519348145,1.3722800016403198,0,0.00015000000000000001
2024-06-18 16:00:00+00:00,1.3722599744796753,1.3726400136947632,1.371000051498413,1.3717600107192993,0,0.00015000000000000001
2024-06-18 20:00:00+00:00,1.3717299699783325,1.3719099760055542,1.371000051498413,1.3716200590133667,0,0.00015000000000000001
2024-06-19 00:00:00+00:00,1.371649980545044,1.3720999956130981,1.3707000017166138,1.371940016746521,0,0.00015000000000000001
2024-06-19 04:00:00+00:00,1.3719700574874878,1.3725999593734741,1.371000051498413,1.3715900182724,0,0.00015000000000000001
2024-06-19 08:00:00+00:00,1.3715499639511108,1.3718700408935547,1.3702000379562378,1.3707499504089355,0,0.00015000000000000001
2024-06-19 12:00:00+00:00,1.3707400560379028,1.371340036392212,1.3693000078201294,1.3707799911499023,0,0.00015000000000000001
2024-06-19 16:00:00+00:00,1.3707499504089355,1.3714599609375,1.370300054550171,1.37090003490448,0,0.00015000000000000001
2024-06-19 20:00:00+00:00,1.3708499670028687,1.371000051498413,1.3700000047683716,1.3706599473953247,0,0.00015000000000000001
2024-06-20 00:00:00+00:00,1.3706200122833252,1.3717000484466553,1.370300054550171,1.3711299896240234,0,0.00015000000000000001
2024-06-20 04:00:00+00:00,1.3710800409317017,1.3716700077056885,1.3701000213623047,1.3711899518966675,0,0.00015000000000000001
2024-06-20 08:00:00+00:00,1.3708000183105469,1.3720799684524536,1.3702000379562378,1.3714300394058228,0,0.00015000000000000001
2024-06-20 12:00:00+00:00,1.3714100122451782,1.3714799880981445,1.368299961090088,1.370300054550171,0,0.00015000000000000001
2024-06-20 16:00:00+00:00,1.370460033416748,1.37090003490448,1.3676999807357788,1.3682299852371216,0,0.00015000000000000001
2024-06-20 20:00:00+00:00,1.367900013923645,1.3691999912261963,1.367799997329712,1.3684699535369873,0,0.00015000000000000001
2024-06-21 00:00:00+00:00,1.3684300184249878,1.3690999746322632,1.367400050163269,1.3676999807357788,0,0.00015000000000000001
2024-06-21 04:00:00+00:00,1.3680800199508667,1.3697500228881836,1.3669999837875366,1.3693900108337402,0,0.00015000000000000001
2024-06-21 08:00:00+00:00,1.369420051574707,1.3700400590896606,1.3681999444961548,1.3691699504852295,0,0.00015000000000000001
2024-06-21 12:00:00+00:00,1.3687000274658203,1.3718500137329102,1.368299961090088,1.3701000213623047,0,0.00015000000000000001
2024-06-21 16:00:00+00:00,1.3700599670410156,1.3708699941635132,1.36899995803833,1.3696999549865723,0,0.00015000000000000001
2024-06-21 20:00:00+00:00,1.3697400093078613,1.3698099851608276,1.3687000274658203,1.3694000244140625,0,0.00015000000000000001
2024-06-23 20:00:00+00:00,1.3692200183868408,1.37021005153656,1.3687000274658203,1.3697999715805054,0,0.00015000000000000001
2024-06-24 00:00:00+00:00,1.3700200319290161,1.3708100318908691,1.368899941444397,1.369629979133606,0,0.00015000000000000001
2024-06-24 04:00:00+00:00,1.369670033454895,1.3696999549865723,1.3676999807357788,1.3682299852371216,0,0.00015000000000000001
2024-06-24 08:00:00+00:00,1.3682399988174438,1.3682700395584106,1.3665000200271606,1.367709994316101,0,0.00015000000000000001
2024-06-24 12:00:00+00:00,1.367709994316101,1.368899941444397,1.3646999597549438,1.3655999898910522,0,0.00015000000000000001
2024-06-24 16:00:00+00:00,1.3659700155258179,1.3666599988937378,1.3645000457763672,1.3654500246047974,0,0.00015000000000000001
2024-06-24 20:00:00+00:00,1.3654199838638306,1.3660099506378174,1.364799976348877,1.3654999732971191,0,0.00015000000000000001
2024-06-25 00:00:00+00:00,1.3657699823379517,1.3658000230789185,1.3636000156402588,1.3641300201416016,0,0.00015000000000000001
2024-06-25 04:00:00+00:00,1.3640799522399902,1.3656100034713745,1.3636000156402588,1.3645000457763672,0,0.00015000000000000001
2024-06-25 08:00:00+00:00,1.3648099899291992,1.3680599927902222,1.363800048828125,1.3677799701690674,0,0.00015000000000000001
2024-06-25 12:00:00+00:00,1.3677899837493896,1.3678300380706787,1.3618500232696533,1.3659600019454956,0,0.00015000000000000001
2024-06-25 16:00:00+00:00,1.3659499883651733,1.3669300079345703,1.3645000457763672,1.3654500246047974,0,0.00015000000000000001
2024-06-25 20:00:00+00:00,1.3654600381851196,1.3661999702453613,1.3648300170898438,1.3661400079727173,0,0.00015000000000000001
2024-06-26 00:00:00+00:00,1.3661199808120728,1.3667000532150269,1.3645999431610107,1.3652000427246094,0,0.00015000000000000001
2024-06-26 04:00:00+00:00,1.365689992904663,1.366860032081604,1.3650000095367432,1.3665399551391602,0,0.00015000000000000001
2024-06-26 08:00:00+00:00,1.366569995880127,1.3695600032806396,1.3659000396728516,1.3686399459838867,0,0.00015000000000000001
2024-06-26 12:00:00+00:00,1.3686200380325317,1.3703800439834595,1.3674999475479126,1.369789958000183,0,0.00015000000000000001
2024-06-26 16:00:00+00:00,1.3698300123214722,1.3708000183105469,1.3687000274658203,1.3700499534606934,0,0.00015000000000000001
2024-06-26 20:00:00+00:00,1.3700499534606934,1.3707000017166138,1.3690999746322632,1.3701000213623047,0,0.00015000000000000001
2024-06-27 00:00:00+00:00,1.3704400062561035,1.3711999654769897,1.3691999912261963,1.3699100017547607,0,0.00015000000000000001
2024-06-27 04:00:00+00:00,1.3699500560760498,1.3699500560760498,1.3685400485992432,1.3688000440597534,0,0.00015000000000000001
2024-06-27 08:00:00+00:00,1.368749976158142,1.3695199489593506,1.367840051651001,1.3695199489593506,0,0.00015000000000000001
2024-06-27 12:00:00+00:00,1.3695100545883179,1.369789958000183,1.3672000169754028,1.369379997253418,0,0.00015000000000000001
2024-06-27 16:00:00+00:00,1.3694000244140625,1.3700100183486938,1.3675999641418457,1.369420051574707,0,0.00015000000000000001
2024-06-27 20:00:00+00:00,1.3693100214004517,1.3704999685287476,1.3687000274658203,1.369920015335083,0,0.00015000000000000001
2024-06-28 00:00:00+00:00,1.3699100017547607,1.3734099864959717,1.3691999912261963,1.3723100423812866,0,0.00015000000000000001
2024-06-28 04:00:00+00:00,1.3722699880599976,1.3733400106430054,1.3702000379562378,1.3709499835968018,0,0.00015000000000000001
2024-06-28 08:00:00+00:00,1.3709399700164795,1.3712199926376343,1.3681999444961548,1.3703999519348145,0,0.00015000000000000001
2024-06-28 12:00:00+00:00,1.3703900575637817,1.3717399835586548,1.3671000003814697,1.3685699701309204,0,0.00015000000000000001
2024-06-28 16:00:00+00:00,1.368589997291565,1.3695399761199951,1.3651000261306763,1.3681999444961548,0,0.00015000000000000001
2024-06-28 20:00:00+00:00,1.3681600093841553,1.3686599731445312,1.3671000003814697,1.3678100109100342,0,0.00015000000000000001
2024-06-30 20:00:00+00:00,1.367300033569336,1.3674499988555908,1.3662999868392944,1.367400050163269,0,0.00015000000000000001
2024-07-01 00:00:00+00:00,1.367400050163269,1.3678300380706787,1.3660999536514282,1.367460012435913,0,0.00015000000000000001
2024-07-01 04:00:00+00:00,1.367460012435913,1.367959976196289,1.3658000230789185,1.3677300214767456,0,0.00015000000000000001
2024-07-01 08:00:00+00:00,1.3677300214767456,1.3691200017929077,1.3665000200271606,1.3686599731445312,0,0.00015000000000000001
2024-07-01 12:00:00+00:00,1.3686699867248535,1.3748699426651,1.3681000471115112,1.3743900060653687,0,0.00015000000000000001
2024-07-01 16:00:00+00:00,1.3743699789047241,1.3747999668121338,1.3729000091552734,1.3738900423049927,0,0.00015000000000000001
2024-07-01 20:00:00+00:00,1.3738900423049927,1.3740299940109253,1.3727999925613403,1.3737900257110596,0,0.00015000000000000001
2024-07-02 00:00:00+00:00,1.3737900257110596,1.3755300045013428,1.3729000091552734,1.375100016593933,0,0.00015000000000000001
2024-07-02 04:00:00+00:00,1.3752700090408325,1.375499963760376,1.3730000257492065,1.3735699653625488,0,0.00015000000000000001
2024-07-02 08:00:00+00:00,1.3735899925231934,1.374019980430603,1.3723000288009644,1.3732999563217163,0,0.00015000000000000001
2024-07-02 12:00:00+00:00,1.3732399940490723,1.373289942741394,1.368399977684021,1.3692500591278076,0,0.00015000000000000001
2024-07-02 16:00:00+00:00,1.3692899942398071,1.3701399564743042,1.3662999868392944,1.3670300245285034,0,0.00015000000000000001
2024-07-02 20:00:00+00:00,1.3670200109481812,1.367900013923645,1.3666000366210938,1.3676899671554565,0,0.00015000000000000001
2024-07-03 00:00:00+00:00,1.367709994316101,1.368399977684021,1.3667000532150269,1.367709994316101,0,0.00015000000000000001
2024-07-03 04:00:00+00:00,1.3676899671554565,1.3686699867248535,1.3662999868392944,1.3669300079345703,0,0.00015000000000000001
2024-07-03 08:00:00+00:00,1.3669400215148926,1.3681000471115112,1.3664000034332275,1.3671000003814697,0,0.00015000000000000001
2024-07-03 12:00:00+00:00,1.3671000003814697,1.3672000169754028,1.3614000082015991,1.362529993057251,0,0.00015000000000000001
2024-07-03 16:00:00+00:00,1.3624999523162842,1.364169955253601,1.3619999885559082,1.3635300397872925,0,0.00015000000000000001
2024-07-03 20:00:00+00:00,1.3635200262069702,1.3640999794006348,1.3629000186920166,1.3633300065994263,0,0.00015000000000000001
2024-07-04 00:00:00+00:00,1.3633099794387817,1.3638999462127686,1.3621000051498413,1.3637399673461914,0,0.00015000000000000001
2024-07-04 04:00:00+00:00,1.3637399673461914,1.3638099431991577,1.361899971961975,1.3625500202178955,0,0.00015000000000000001
2024-07-04 08:00:00+00:00,1.3625400066375732,1.362820029258728,1.361199975013733,1.361899971961975,0,0.00015000000000000001
2024-07-04 12:00:00+00:00,1.361899971961975,1.3620799779891968,1.3603999614715576,1.3605999946594238,0,0.00015000000000000001
2024-07-04 16:00:00+00:00,1.3608800172805786,1.3613699674606323,1.3602999448776245,1.3612200021743774,0,0.00015000000000000001
2024-07-04 20:00:00+00:00,1.3609000444412231,1.3616299629211426,1.3605999946594238,1.3614799976348877,0,0.00015000000000000001
2024-07-05 00:00:00+00:00,1.3614799976348877,1.3615200519561768,1.3601000308990479,1.3607399463653564,0,0.00015000000000000001
2024-07-05 04:00:00+00:00,1.360700011253357,1.361050009727478,1.3597999811172485,1.3604400157928467,0,0.00015000000000000001
2024-07-05 08:00:00+00:00,1.360200047492981,1.3614000082015991,1.3598999977111816,1.3613200187683105,0,0.00015000000000000001
2024-07-05 12:00:00+00:00,1.3613200187683105,1.3653099536895752,1.3602999448776245,1.3632899522781372,0,0.00015000000000000001
2024-07-05 16:00:00+00:00,1.3633300065994263,1.364400029182434,1.3622000217437744,1.363070011138916,0,0.00015000000000000001
2024-07-05 20:00:00+00:00,1.3631099462509155,1.3641999959945679,1.3625999689102173,1.3638999462127686,0,0.00015000000000000001
2024-07-07 20:00:00+00:00,1.3641999959945679,1.3645999431610107,1.3633999824523926,1.363700032234192,0,0.00015000000000000001
2024-07-08 00:00:00+00:00,1.3640400171279907,1.3646999597549438,1.3623000383377075,1.3631000518798828,0,0.00015000000000000001
2024-07-08 04:00:00+00:00,1.363450050354004,1.3645999431610107,1.3625999689102173,1.3631999492645264,0,0.00015000000000000001
2024-07-08 08:00:00+00:00,1.3631500005722046,1.3642799854278564,1.3624999523162842,1.3631000518798828,0,0.00015000000000000001
2024-07-08 12:00:00+00:00,1.3632500171661377,1.3640999794006348,1.361899971961975,1.3638299703598022,0,0.00015000000000000001
2024-07-08 16:00:00+00:00,1.3638900518417358,1.364300012588501,1.3622000217437744,1.3638900518417358,0,0.00015000000000000001
2024-07-08 20:00:00+00:00,1.3639299869537354,1.3639999628067017,1.3624999523162842,1.3629599809646606,0,0.00015000000000000001
2024-07-09 00:00:00+00:00,1.362969994544983,1.3646999597549438,1.3624000549316406,1.3636599779129028,0,0.00015000000000000001
2024-07-09 04:00:00+00:00,1.363669991493225,1.3640600442886353,1.3624000549316406,1.3639299869537354,0,0.00015000000000000001
2024-07-09 08:00:00+00:00,1.3639099597930908,1.3645700216293335,1.3631000518798828,1.3640799522399902,0,0.00015000000000000001
2024-07-09 12:00:00+00:00,1.3640899658203125,1.3648300170898438,1.3629000186920166,1.3634999990463257,0,0.00015000000000000001
2024-07-09 16:00:00+00:00,1.3637900352478027,1.364009976387024,1.3623000383377075,1.3625999689102173,0,0.00015000000000000001
2024-07-09 20:00:00+00:00,1.3631099462509155,1.363610029220581,1.3624999523162842,1.3628000020980835,0,0.00015000000000000001
2024-07-10 00:00:00+00:00,1.3631700277328491,1.363800048828125,1.3623000383377075,1.3630000352859497,0,0.00015000000000000001
2024-07-10 04:00:00+00:00,1.363010048866272,1.364169955253601,1.3624999523162842,1.3639800548553467,0,0.00015000000000000001
2024-07-10 08:00:00+00:00,1.3639299869537354,1.364300012588501,1.3625999689102173,1.3635400533676147,0,0.00015000000000000001
2024-07-10 12:00:00+00:00,1.363510012626648,1.3636000156402588,1.3602999448776245,1.3609100580215454,0,0.00015000000000000001
2024-07-10 16:00:00+00:00,1.3609100580215454,1.3625999689102173,1.3603999614715576,1.3619500398635864,0,0.00015000000000000001
2024-07-10 20:00:00+00:00,1.3619600534439087,1.3622299432754517,1.3609999418258667,1.3618199825286865,0,0.00015000000000000001
2024-07-11 00:00:00+00:00,1.3618500232696533,1.3624000549316406,1.3609000444412231,1.3616299629211426,0,0.00015000000000000001
2024-07-11 04:00:00+00:00,1.361649990081787,1.3633899688720703,1.3610999584197998,1.3631700277328491,0,0.00015000000000000001
2024-07-11 08:00:00+00:00,1.3631700277328491,1.363919973373413,1.3623000383377075,1.363010048866272,0,0.00015000000000000001
2024-07-11 12:00:00+00:00,1.3630199432373047,1.3631199598312378,1.3583999872207642,1.3618700504302979,0,0.00015000000000000001
2024-07-11 16:00:00+00:00,1.361840009689331,1.364799976348877,1.3614000082015991,1.363379955291748,0,0.00015000000000000001
2024-07-11 20:00:00+00:00,1.3633899688720703,1.3635499477386475,1.361899971961975,1.3623900413513184,0,0.00015000000000000001
2024-07-12 00:00:00+00:00,1.3624099493026733,1.3633999824523926,1.3615000247955322,1.361989974975586,0,0.00015000000000000001
2024-07-12 04:00:00+00:00,1.361989974975586,1.3630000352859497,1.3614000082015991,1.3624399900436401,0,0.00015000000000000001
2024-07-12 08:00:00+00:00,1.3622000217437744,1.3624600172042847,1.3605999946594238,1.3621799945831299,0,0.00015000000000000001
2024-07-12 12:00:00+00:00,1.3621400594711304,1.3639299869537354,1.360700011253357,1.3626400232315063,0,0.00015000000000000001
2024-07-12 16:00:00+00:00,1.3626799583435059,1.3634999990463257,1.3614000082015991,1.3633300065994263,0,0.00015000000000000001
2024-07-12 20:00:00+00:00,1.363319993019104,1.363700032234192,1.3628000020980835,1.3631000518798828,0,0.00015000000000000001
2024-07-14 20:00:00+00:00,1.364989995956421,1.3652700185775757,1.3641999959945679,1.3647099733352661,0,0.00015000000000000001
2024-07-15 00:00:00+00:00,1.3647099733352661,1.365839958190918,1.364300012588501,1.3650100231170654,0,0.00015000000000000001
2024-07-15 04:00:00+00:00,1.3646999597549438,1.3664000034332275,1.3645000457763672,1.3652399778366089,0,0.00015000000000000001
2024-07-15 08:00:00+00:00,1.3652199506759644,1.3652700185775757,1.3625999689102173,1.3641799688339233,0,0.00015000000000000001
2024-07-15 12:00:00+00:00,1.364169955253601,1.3667199611663818,1.3634999990463257,1.3661999702453613,0,0.00015000000000000001
2024-07-15 16:00:00+00:00,1.3661600351333618,1.3688900470733643,1.3655999898910522,1.3673499822616577,0,0.00015000000000000001
2024-07-15 20:00:00+00:00,1.36735999584198,1.3683600425720215,1.3667000532150269,1.3677400350570679,0,0.00015000000000000001
2024-07-16 00:00:00+00:00,1.3677599430084229,1.3684200048446655,1.3668999671936035,1.3681800365447998,0,0.00015000000000000001
2024-07-16 04:00:00+00:00,1.368190050125122,1.3694499731063843,1.3675999641418457,1.3688100576400757,0,0.00015000000000000001
2024-07-16 08:00:00+00:00,1.368499994277954,1.369230031967163,1.3671000003814697,1.3677400350570679,0,0.00015000000000000001
2024-07-16 12:00:00+00:00,1.367709994316101,1.3707799911499023,1.3662999868392944,1.3688199520111084,0,0.00015000000000000001
2024-07-16 16:00:00+00:00,1.3687800168991089,1.36899995803833,1.3664000034332275,1.3670099973678589,0,0.00015000000000000001
2024-07-16 20:00:00+00:00,1.367050051689148,1.3675299882888794,1.3664000034332275,1.3670200109481812,0,0.00015000000000000001
2024-07-17 00:00:00+00:00,1.3670200109481812,1.3681999444961548,1.3664000034332275,1.3671900033950806,0,0.00015000000000000001
2024-07-17 04:00:00+00:00,1.3671900033950806,1.3686000108718872,1.3666000366210938,1.3675600290298462,0,0.00015000000000000001
2024-07-17 08:00:00+00:00,1.3675700426101685,1.367859959602356,1.3652000427246094,1.3671300411224365,0,0.00015000000000000001
2024-07-17 12:00:00+00:00,1.3671300411224365,1.3691500425338745,1.3657000064849854,1.3684899806976318,0,0.00015000000000000001
2024-07-17 16:00:00+00:00,1.36844003200531,1.3701399564743042,1.367900013923645,1.3687200546264648,0,0.00015000000000000001
2024-07-17 20:00:00+00:00,1.368749976158142,1.3690099716186523,1.3672000169754028,1.3678699731826782,0,0.00015000000000000001
2024-07-18 00:00:00+00:00,1.367859959602356,1.3688000440597534,1.3672000169754028,1.3681600093841553,0,0.00015000000000000001
2024-07-18 04:00:00+00:00,1.3681600093841553,1.3681999444961548,1.3666000366210938,1.3672000169754028,0,0.00015000000000000001
2024-07-18 08:00:00+00:00,1.3674700260162354,1.3682299852371216,1.3666000366210938,1.3674999475479126,0,0.00015000000000000001
2024-07-18 12:00:00+00:00,1.367900013923645,1.3698899745941162,1.367300033569336,1.3696099519729614,0,0.00015000000000000001
2024-07-18 16:00:00+00:00,1.3696199655532837,1.371840000152588,1.3686000108718872,1.371340036392212,0,0.00015000000000000001
2024-07-18 20:00:00+00:00,1.371399998664856,1.371399998664856,1.3696999549865723,1.3703199625015259,0,0.00015000000000000001
2024-07-19 00:00:00+00:00,1.3703399896621704,1.3714100122451782,1.3696999549865723,1.3706200122833252,0,0.00015000000000000001
2024-07-19 04:00:00+00:00,1.370609998703003,1.3717399835586548,1.3697999715805054,1.3711700439453125,0,0.00015000000000000001
2024-07-19 08:00:00+00:00,1.3712199926376343,1.3720099925994873,1.3702000379562378,1.37090003490448,0,0.00015000000000000001
2024-07-19 12:00:00+00:00,1.3711600303649902,1.3747700452804565,1.3707000017166138,1.37253999710083,0,0.00015000000000000001
2024-07-19 16:00:00+00:00,1.3725099563598633,1.373520016670227,1.371399998664856,1.3731499910354614,0,0.00015000000000000001
2024-07-19 20:00:00+00:00,1.373110055923462,1.3733500242233276,1.3724000453948975,1.3732000589370728,0,0.00015000000000000001
2024-07-21 20:00:00+00:00,1.3709100484848022,1.3709299564361572,1.3701000213623047,1.37076997756958,0,0.00015000000000000001
2024-07-22 00:00:00+00:00,1.3708000183105469,1.3733500242233276,1.3703999519348145,1.3729000091552734,0,0.00015000000000000001
2024-07-22 04:00:00+00:00,1.3729100227355957,1.3746000528335571,1.372499942779541,1.3744499683380127,0,0.00015000000000000001
2024-07-22 08:00:00+00:00,1.3744699954986572,1.3750900030136108,1.3730000257492065,1.374940037727356,0,0.00015000000000000001
2024-07-22 12:00:00+00:00,1.3749300241470337,1.3774700164794922,1.3743000030517578,1.3759299516677856,0,0.00015000000000000001
2024-07-22 16:00:00+00:00,1.3759000301361084,1.375939965248108,1.373900055885315,1.375290036201477,0,0.00015000000000000001
2024-07-22 20:00:00+00:00,1.375349998474121,1.3761099576950073,1.3747999668121338,1.376099944114685,0,0.00015000000000000001
2024-07-23 00:00:00+00:00,1.3761099576950073,1.3767600059509277,1.3752000331878662,1.3760700225830078,0,0.00015000000000000001
2024-07-23 04:00:00+00:00,1.3760499954223633,1.3773399591445923,1.375499963760376,1.3767000436782837,0,0.00015000000000000001
2024-07-23 08:00:00+00:00,1.3769999742507935,1.3771400451660156,1.3747999668121338,1.375599980354309,0,0.00015000000000000001
2024-07-23 12:00:00+00:00,1.3759499788284302,1.3774800300598145,1.3753000497817993,1.3765499591827393,0,0.00015000000000000001
2024-07-23 16:00:00+00:00,1.3765100240707397,1.3780200481414795,1.3753999471664429,1.3778899908065796,0,0.00015000000000000001
2024-07-23 20:00:00+00:00,1.3775999546051025,1.378730058670044,1.3770999908447266,1.3786100149154663,0,0.00015000000000000001
2024-07-24 00:00:00+00:00,1.3785799741744995,1.3797199726104736,1.3775999546051025,1.3796000480651855,0,0.00015000000000000001
2024-07-24 04:00:00+00:00,1.3796099424362183,1.3799999952316284,1.3783999681472778,1.3794699907302856,0,0.00015000000000000001
2024-07-24 08:00:00+00:00,1.379480004310608,1.379729986190796,1.3779000043869019,1.378000020980835,0,0.00015000000000000001
2024-07-24 12:00:00+00:00,1.3783299922943115,1.380769968032837,1.3773000240325928,1.378559947013855,0,0.00015000000000000001
2024-07-24 16:00:00+00:00,1.378559947013855,1.3816399574279785,1.3776999711990356,1.381119966506958,0,0.00015000000000000001
2024-07-24 20:00:00+00:00,1.3811800479888916,1.3812199831008911,1.3797999620437622,1.3811099529266357,0,0.00015000000000000001
2024-07-25 00:00:00+00:00,1.3811099529266357,1.3821699619293213,1.3805999755859375,1.3813199996948242,0,0.00015000000000000001
2024-07-25 04:00:00+00:00,1.3813300132751465,1.3838000297546387,1.3809000253677368,1.3821799755096436,0,0.00015000000000000001
2024-07-25 08:00:00+00:00,1.3821799755096436,1.3844000101089478,1.3813999891281128,1.384060025215149,0,0.00015000000000000001
2024-07-25 12:00:00+00:00,1.3840700387954712,1.3848899602890015,1.3803000450134277,1.38100004196167,0,0.00015000000000000001
2024-07-25 16:00:00+00:00,1.3810499906539917,1.382580041885376,1.3792999982833862,1.382539987564087,0,0.00015000000000000001
2024-07-25 20:00:00+00:00,1.3825000524520874,1.3827999830245972,1.3813999891281128,1.381890058517456,0,0.00015000000000000001
2024-07-26 00:00:00+00:00,1.3818700313568115,1.3821099996566772,1.3804999589920044,1.3817299604415894,0,0.00015000000000000001
2024-07-26 04:00:00+00:00,1.381659984588623,1.3818999528884888,1.3805999755859375,1.38100004196167,0,0.00015000000000000001
2024-07-26 08:00:00+00:00,1.381160020828247,1.3819400072097778,1.3803000450134277,1.3814500570297241,0,0.00015000000000000001
2024-07-26 12:00:00+00:00,1.3814500570297241,1.3848999738693237,1.3803000450134277,1.38332998752594,0,0.00015000000000000001
2024-07-26 16:00:00+00:00,1.3833800554275513,1.3839900493621826,1.381600022315979,1.383080005645752,0,0.00015000000000000001
2024-07-26 20:00:00+00:00,1.383039951324463,1.3838000297546387,1.3824000358581543,1.3831000328063965,0,0.00015000000000000001
2024-07-28 20:00:00+00:00,1.3830599784851074,1.3832000494003296,1.382099986076355,1.3830100297927856,0,0.00015000000000000001
2024-07-29 00:00:00+00:00,1.3830100297927856,1.3832000494003296,1.3811999559402466,1.3819299936294556,0,0.00015000000000000001
2024-07-29 04:00:00+00:00,1.381890058517456,1.3838599920272827,1.381500005722046,1.3837100267410278,0,0.00015000000000000001
2024-07-29 08:00:00+00:00,1.3837300539016724,1.3846499919891357,1.3824000358581543,1.3844900131225586,0,0.00015000000000000001
2024-07-29 12:00:00+00:00,1.3844900131225586,1.386489987373352,1.3831000328063965,1.38510000705719,0,0.00015000000000000001
2024-07-29 16:00:00+00:00,1.3854199647903442,1.3863400220870972,1.3841999769210815,1.3852699995040894,0,0.00015000000000000001
2024-07-29 20:00:00+00:00,1.3853199481964111,1.3856600522994995,1.3845000267028809,1.3855799436569214,0,0.00015000000000000001
2024-07-30 00:00:00+00:00,1.3855700492858887,1.3863699436187744,1.3841999769210815,1.3847399950027466,0,0.00015000000000000001
2024-07-30 04:00:00+00:00,1.3846999406814575,1.384950041770935,1.3835999965667725,1.3847999572753906,0,0.00015000000000000001
2024-07-30 08:00:00+00:00,1.384809970855713,1.3855199813842773,1.3832999467849731,1.385390043258667,0,0.00015000000000000001
2024-07-30 12:00:00+00:00,1.385390043258667,1.3864400386810303,1.3839000463485718,1.3848400115966797,0,0.00015000000000000001
2024-07-30 16:00:00+00:00,1.3848199844360352,1.3854199647903442,1.3834999799728394,1.3853299617767334,0,0.00015000000000000001
2024-07-30 20:00:00+00:00,1.385390043258667,1.3856899738311768,1.3840999603271484,1.3847800493240356,0,0.00015000000000000001
2024-07-31 00:00:00+00:00,1.3847700357437134,1.3858400583267212,1.3834999799728394,1.3844799995422363,0,0.00015000000000000001
2024-07-31 04:00:00+00:00,1.3845000267028809,1.3849999904632568,1.3828999996185303,1.3838499784469604,0,0.00015000000000000001
2024-07-31 08:00:00+00:00,1.3838599920272827,1.3850200176239014,1.3818999528884888,1.3830499649047852,0,0.00015000000000000001
2024-07-31 12:00:00+00:00,1.3830699920654297,1.3832299709320068,1.3783999681472778,1.380560040473938,0,0.00015000000000000001
2024-07-31 16:00:00+00:00,1.3805700540542603,1.3822200298309326,1.378499984741211,1.3807799816131592,0,0.00015000000000000001
2024-07-31 20:00:00+00:00,1.3807499408721924,1.3811999559402466,1.379699945449829,1.3807899951934814,0,0.00015000000000000001
2024-08-01 00:00:00+00:00,1.3807799816131592,1.3819600343704224,1.3796000480651855,1.380679965019226,0,0.00015000000000000001
2024-08-01 04:00:00+00:00,1.3806899785995483,1.3824599981307983,1.3798999786376953,1.3823800086975098,0,0.00015000000000000001
2024-08-01 08:00:00+00:00,1.3823200464248657,1.3836400508880615,1.3811999559402466,1.382200002670288,0,0.00015000000000000001
2024-08-01 12:00:00+00:00,1.3821799755096436,1.3849400281906128,1.3792999982833862,1.3846999406814575,0,0.00015000000000000001
2024-08-01 16:00:00+00:00,1.3846999406814575,1.3889100551605225,1.3835999965667725,1.3872400522232056,0,0.00015000000000000001
2024-08-01 20:00:00+00:00,1.3873300552368164,1.3884199857711792,1.3866000175476074,1.3880499601364136,0,0.00015000000000000001
2024-08-02 00:00:00+00:00,1.3880599737167358,1.388800024986267,1.3854000568389893,1.3863099813461304,0,0.00015000000000000001
2024-08-02 04:00:00+00:00,1.3863099813461304,1.3872499465942383,1.3847999572753906,1.3868999481201172,0,0.00015000000000000001
2024-08-02 08:00:00+00:00,1.3871300220489502,1.3886300325393677,1.3863999843597412,1.387910008430481,0,0.00015000000000000001
2024-08-02 12:00:00+00:00,1.3878999948501587,1.3885799646377563,1.3828999996185303,1.3846299648284912,0,0.00015000000000000001
2024-08-02 16:00:00+00:00,1.3846399784088135,1.387470006942749,1.3840999603271484,1.3862500190734863,0,0.00015000000000000001
2024-08-02 20:00:00+00:00,1.3863099813461304,1.387410044670105,1.3862700462341309,1.3868999481201172,0,0.00015000000000000001
2024-08-04 20:00:00+00:00,1.386989951133728,1.3884600400924683,1.3863999843597412,1.388260006904602,0,0.00015000000000000001
2024-08-05 00:00:00+00:00,1.3882499933242798,1.388700008392334,1.3854999542236328,1.3869099617004395,0,0.00015000000000000001
2024-08-05 04:00:00+00:00,1.3869099617004395,1.3946499824523926,1.3861000537872314,1.387760043144226,0,0.00015000000000000001
2024-08-05 08:00:00+00:00,1.387719988822937,1.3884700536727905,1.384600043296814,1.3848400115966797,0,0.00015000000000000001
2024-08-05 12:00:00+00:00,1.3848299980163574,1.3852100372314453,1.3805999755859375,1.3819899559020996,0,0.00015000000000000001
2024-08-05 16:00:00+00:00,1.3819299936294556,1.3847500085830688,1.3813999891281128,1.3822799921035767,0,0.00015000000000000001
2024-08-05 20:00:00+00:00,1.3823599815368652,1.3832900524139404,1.379699945449829,1.3804800510406494,0,0.00015000000000000001
2024-08-06 00:00:00+00:00,1.3804999589920044,1.381700038909912,1.378999948501587,1.381350040435791,0,0.00015000000000000001
2024-08-06 04:00:00+00:00,1.3813899755477905,1.384369969367981,1.3808000087738037,1.383370041847229,0,0.00015000000000000001
2024-08-06 08:00:00+00:00,1.3834400177001953,1.3855799436569214,1.382599949836731,1.3844000101089478,0,0.00015000000000000001
2024-08-06 12:00:00+00:00,1.3844000101089478,1.3845100402832031,1.3783999681472778,1.3791099786758423,0,0.00015000000000000001
2024-08-06 16:00:00+00:00,1.3790700435638428,1.3795499801635742,1.3752000331878662,1.3775899410247803,0,0.00015000000000000001
2024-08-06 20:00:00+00:00,1.3775899410247803,1.3789399862289429,1.3768999576568604,1.3787599802017212,0,0.00015000000000000001
2024-08-07 00:00:00+00:00,1.3787200450897217,1.3790700435638428,1.3762999773025513,1.3768600225448608,0,0.00015000000000000001
2024-08-07 04:00:00+00:00,1.3768099546432495,1.3780200481414795,1.3759000301361084,1.3764699697494507,0,0.00015000000000000001
2024-08-07 08:00:00+00:00,1.3764300346374512,1.3768600225448608,1.3732999563217163,1.3740899562835693,0,0.00015000000000000001
2024-08-07 12:00:00+00:00,1.3740700483322144,1.3747999668121338,1.3717000484466553,1.3729699850082397,0,0.00015000000000000001
2024-08-07 16:00:00+00:00,1.372920036315918,1.3753900527954102,1.3720999956130981,1.374750018119812,0,0.00015000000000000001
2024-08-07 20:00:00+00:00,1.374750018119812,1.376099944114685,1.3740999698638916,1.3751699924468994,0,0.00015000000000000001
2024-08-08 00:00:00+00:00,1.3751699924468994,1.3752599954605103,1.3722000122070312,1.3727400302886963,0,0.00015000000000000001
2024-08-08 04:00:00+00:00,1.372689962387085,1.3744499683380127,1.3722000122070312,1.3737200498580933,0,0.00015000000000000001
2024-08-08 08:00:00+00:00,1.3737900257110596,1.3750900030136108,1.372499942779541,1.3742599487304688,0,0.00015000000000000001
2024-08-08 12:00:00+00:00,1.3741899728775024,1.3765499591827393,1.3732999563217163,1.3742599487304688,0,0.00015000000000000001
2024-08-08 16:00:00+00:00,1.374269962310791,1.3749699592590332,1.3724000453948975,1.373270034790039,0,0.00015000000000000001
2024-08-08 20:00:00+00:00,1.37322998046875,1.373900055885315,1.372499942779541,1.3735500574111938,0,0.00015000000000000001
2024-08-09 00:00:00+00:00,1.3735599517822266,1.3743499517440796,1.3717999458312988,1.3723399639129639,0,0.00015000000000000001
2024-08-09 04:00:00+00:00,1.3723100423812866,1.3740999698638916,1.371399998664856,1.3733899593353271,0,0.00015000000000000001
2024-08-09 08:00:00+00:00,1.3733500242233276,1.3746000528335571,1.3725999593734741,1.3744800090789795,0,0.00015000000000000001
2024-08-09 12:00:00+00:00,1.3744900226593018,1.3753299713134766,1.3716000318527222,1.3727099895477295,0,0.00015000000000000001
2024-08-09 16:00:00+00:00,1.372689962387085,1.3736300468444824,1.3717999458312988,1.373020052909851,0,0.00015000000000000001
2024-08-09 20:00:00+00:00,1.3730299472808838,1.3732399940490723,1.3723000288009644,1.3729000091552734,0,0.00015000000000000001
2024-08-11 20:00:00+00:00,1.3738700151443481,1.3740999698638916,1.3732999563217163,1.3734899759292603,0,0.00015000000000000001
2024-08-12 00:00:00+00:00,1.3735300302505493,1.373900055885315,1.3724000453948975,1.3735599517822266,0,0.00015000000000000001
2024-08-12 04:00:00+00:00,1.3735500574111938,1.373610019683838,1.3716000318527222,1.3720300197601318,0,0.00015000000000000001
2024-08-12 08:00:00+00:00,1.3720699548721313,1.3730499744415283,1.371399998664856,1.372849941253662,0,0.00015000000000000001
2024-08-12 12:00:00+00:00,1.3727999925613403,1.3747700452804565,1.371999979019165,1.3740500211715698,0,0.00015000000000000001
2024-08-12 16:00:00+00:00,1.3740400075912476,1.3746399879455566,1.3730000257492065,1.3743300437927246,0,0.00015000000000000001
2024-08-12 20:00:00+00:00,1.3743499517440796,1.3746000528335571,1.3734999895095825,1.3741400241851807,0,0.00015000000000000001
2024-08-13 00:00:00+00:00,1.3741300106048584,1.374750018119812,1.3731000423431396,1.3737000226974487,0,0.00015000000000000001
2024-08-13 04:00:00+00:00,1.3736000061035156,1.374559998512268,1.3722000122070312,1.3727400302886963,0,0.00015000000000000001
2024-08-13 08:00:00+00:00,1.3727400302886963,1.3740099668502808,1.3722000122070312,1.3736799955368042,0,0.00015000000000000001
2024-08-13 12:00:00+00:00,1.3736799955368042,1.3741899728775024,1.371500015258789,1.3723100423812866,0,0.00015000000000000001
2024-08-13 16:00:00+00:00,1.3723200559616089,1.3725500106811523,1.3702000379562378,1.3707900047302246,0,0.00015000000000000001
2024-08-13 20:00:00+00:00,1.3707900047302246,1.3710999488830566,1.3698999881744385,1.3709499835968018,0,0.00015000000000000001
2024-08-14 00:00:00+00:00,1.371000051498413,1.3720300197601318,1.3701000213623047,1.371749997138977,0,0.00015000000000000001
2024-08-14 04:00:00+00:00,1.3717000484466553,1.3721100091934204,1.3702000379562378,1.370919942855835,0,0.00015000000000000001
2024-08-14 08:00:00+00:00,1.370959997177124,1.371399998664856,1.3695000410079956,1.371359944343567,0,0.00015000000000000001
2024-08-14 12:00:00+00:00,1.371359944343567,1.3721599578857422,1.368399977684021,1.3695800304412842,0,0.00015000000000000001
2024-08-14 16:00:00+00:00,1.3695900440216064,1.3724499940872192,1.3690999746322632,1.371559977531433,0,0.00015000000000000001
2024-08-14 20:00:00+00:00,1.3716200590133667,1.3720200061798096,1.3708000183105469,1.3716599941253662,0,0.00015000000000000001
2024-08-15 00:00:00+00:00,1.3716599941253662,1.3725899457931519,1.3707000017166138,1.3714100122451782,0,0.00015000000000000001
2024-08-15 04:00:00+00:00,1.3714100122451782,1.3714300394058228,1.3697999715805054,1.3703999519348145,0,0.00015000000000000001
2024-08-15 08:00:00+00:00,1.3703299760818481,1.3710399866104126,1.3696999549865723,1.3701900243759155,0,0.00015000000000000001
2024-08-15 12:00:00+00:00,1.3701399564743042,1.3738499879837036,1.36899995803833,1.3700799942016602,0,0.00015000000000000001
2024-08-15 16:00:00+00:00,1.3700900077819824,1.3735300302505493,1.3693000078201294,1.3734899759292603,0,0.00015000000000000001
2024-08-15 20:00:00+00:00,1.373460054397583,1.3738399744033813,1.3723000288009644,1.3733700513839722,0,0.00015000000000000001
2024-08-16 00:00:00+00:00,1.3733799457550049,1.3734999895095825,1.3717000484466553,1.37267005443573,0,0.00015000000000000001
2024-08-16 04:00:00+00:00,1.372689962387085,1.372920036315918,1.3711999654769897,1.3720999956130981,0,0.00015000000000000001
2024-08-16 08:00:00+00:00,1.3725899457931519,1.3736900091171265,1.3710999488830566,1.3730499744415283,0,0.00015000000000000001
2024-08-16 12:00:00+00:00,1.373020052909851,1.3736499547958374,1.3700000047683716,1.370300054550171,0,0.00015000000000000001
2024-08-16 16:00:00+00:00,1.3704899549484253,1.3705799579620361,1.367799997329712,1.3681000471115112,0,0.00015000000000000001
2024-08-16 20:00:00+00:00,1.3683500289916992,1.368649959564209,1.367400050163269,1.3675999641418457,0,0.00015000000000000001
2024-08-18 20:00:00+00:00,1.368190050125122,1.368299961090088,1.367300033569336,1.3678799867630005,0,0.00015000000000000001
2024-08-19 00:00:00+00:00,1.3678200244903564,1.367959976196289,1.3658000230789185,1.3664799928665161,0,0.00015000000000000001
2024-08-19 04:00:00+00:00,1.3664699792861938,1.3672699928283691,1.3657000064849854,1.3671499490737915,0,0.00015000000000000001
2024-08-19 08:00:00+00:00,1.3671499490737915,1.3684799671173096,1.3659000396728516,1.3674700260162354,0,0.00015000000000000001
2024-08-19 12:00:00+00:00,1.3674999475479126,1.3678100109100342,1.3631000518798828,1.3659199476242065,0,0.00015000000000000001
2024-08-19 16:00:00+00:00,1.365630030632019,1.3657000064849854,1.3624999523162842,1.3635799884796143,0,0.00015000000000000001
2024-08-19 20:00:00+00:00,1.363610029220581,1.363800048828125,1.3624999523162842,1.3631199598312378,0,0.00015000000000000001
2024-08-20 00:00:00+00:00,1.3631199598312378,1.3640600442886353,1.3623000383377075,1.3639899492263794,0,0.00015000000000000001
2024-08-20 04:00:00+00:00,1.364009976387024,1.3641300201416016,1.3614000082015991,1.3619099855422974,0,0.00015000000000000001
2024-08-20 08:00:00+00:00,1.361899971961975,1.3621599674224854,1.3604999780654907,1.3614000082015991,0,0.00015000000000000001
2024-08-20 12:00:00+00:00,1.3614000082015991,1.364050030708313,1.3600000143051147,1.363070011138916,0,0.00015000000000000001
2024-08-20 16:00:00+00:00,1.3630800247192383,1.3634099960327148,1.3614000082015991,1.3621900081634521,0,0.00015000000000000001
2024-08-20 20:00:00+00:00,1.362239956855774,1.362339973449707,1.3609999418258667,1.3617000579833984,0,0.00015000000000000001
2024-08-21 00:00:00+00:00,1.3617000579833984,1.3623199462890625,1.3609000444412231,1.3616000413894653,0,0.00015000000000000001
2024-08-21 04:00:00+00:00,1.3615599870681763,1.3623299598693848,1.360700011253357,1.3617500066757202,0,0.00015000000000000001
2024-08-21 08:00:00+00:00,1.3617000579833984,1.3618500232696533,1.3594000339508057,1.3599499464035034,0,0.00015000000000000001
2024-08-21 12:00:00+00:00,1.3599300384521484,1.3611299991607666,1.357100009918213,1.3582600355148315,0,0.00015000000000000001
2024-08-21 16:00:00+00:00,1.3582600355148315,1.3600800037384033,1.357200026512146,1.3596299886703491,0,0.00015000000000000001
2024-08-21 20:00:00+00:00,1.359660029411316,1.3601399660110474,1.357800006866455,1.3583600521087646,0,0.00015000000000000001
2024-08-22 00:00:00+00:00,1.3584100008010864,1.3592400550842285,1.357800006866455,1.3587100505828857,0,0.00015000000000000001
2024-08-22 04:00:00+00:00,1.3587100505828857,1.3589999675750732,1.357450008392334,1.3575700521469116,0,0.00015000000000000001
2024-08-22 08:00:00+00:00,1.3575700521469116,1.3594900369644165,1.3570899963378906,1.3583999872207642,0,0.00015000000000000001
2024-08-22 12:00:00+00:00,1.3584599494934082,1.3618799448013306,1.3569999933242798,1.3604700565338135,0,0.00015000000000000001
2024-08-22 16:00:00+00:00,1.3604999780654907,1.3614699840545654,1.3592000007629395,1.3609800338745117,0,0.00015000000000000001
2024-08-22 20:00:00+00:00,1.3609800338745117,1.3616000413894653,1.3597999811172485,1.3603800535202026,0,0.00015000000000000001
2024-08-23 00:00:00+00:00,1.3603899478912354,1.3604999780654907,1.3589999675750732,1.359529972076416,0,0.00015000000000000001
2024-08-23 04:00:00+00:00,1.359529972076416,1.3596400022506714,1.3581000566482544,1.358970046043396,0,0.00015000000000000001
2024-08-23 08:00:00+00:00,1.358970046043396,1.3592300415039062,1.3582299947738647,1.3583500385284424,0,0.00015000000000000001
2024-08-23 12:00:00+00:00,1.3583400249481201,1.3592599630355835,1.3495999574661255,1.3513799905776978,0,0.00015000000000000001
2024-08-23 16:00:00+00:00,1.3513799905776978,1.3523000478744507,1.3494000434875488,1.3510700464248657,0,0.00015000000000000001
2024-08-23 20:00:00+00:00,1.3510600328445435,1.3512500524520874,1.3502000570297241,1.3507000207901,0,0.00015000000000000001
2024-08-25 20:00:00+00:00,1.3512099981307983,1.3515100479125977,1.3503999710083008,1.3508399724960327,0,0.00015000000000000001
2024-08-26 00:00:00+00:00,1.3508299589157104,1.3514000177383423,1.3494000434875488,1.3511600494384766,0,0.00015000000000000001
2024-08-26 04:00:00+00:00,1.3512099981307983,1.3513000011444092,1.3497999906539917,1.3511199951171875,0,0.00015000000000000001
2024-08-26 08:00:00+00:00,1.3510799407958984,1.3513000011444092,1.3494000434875488,1.3505899906158447,0,0.00015000000000000001
2024-08-26 12:00:00+00:00,1.350600004196167,1.3506900072097778,1.3458000421524048,1.3484599590301514,0,0.00015000000000000001
2024-08-26 16:00:00+00:00,1.348520040512085,1.3488500118255615,1.3460999727249146,1.3486700057983398,0,0.00015000000000000001
2024-08-26 20:00:00+00:00,1.3487099409103394,1.3490099906921387,1.3473999500274658,1.3481700420379639,0,0.00015000000000000001
2024-08-27 00:00:00+00:00,1.348140001296997,1.3487999439239502,1.3473000526428223,1.3478100299835205,0,0.00015000000000000001
2024-08-27 04:00:00+00:00,1.3478100299835205,1.34853994846344,1.3468999862670898,1.347659945487976,0,0.00015000000000000001
2024-08-27 08:00:00+00:00,1.3476799726486206,1.3478100299835205,1.3458000421524048,1.3477599620819092,0,0.00015000000000000001
2024-08-27 12:00:00+00:00,1.3477799892425537,1.348099946975708,1.344599962234497,1.3457200527191162,0,0.00015000000000000001
2024-08-27 16:00:00+00:00,1.3457000255584717,1.3464399576187134,1.343999981880188,1.3444299697875977,0,0.00015000000000000001
2024-08-27 20:00:00+00:00,1.34443998336792,1.3449000120162964,1.3437000513076782,1.3447200059890747,0,0.00015000000000000001
2024-08-28 00:00:00+00:00,1.3447200059890747,1.3452999591827393,1.3436000347137451,1.3449000120162964,0,0.00015000000000000001
2024-08-28 04:00:00+00:00,1.3448799848556519,1.3468300104141235,1.3444000482559204,1.3452500104904175,0,0.00015000000000000001
2024-08-28 08:00:00+00:00,1.3452399969100952,1.3473800420761108,1.344499945640564,1.3471399545669556,0,0.00015000000000000001
2024-08-28 12:00:00+00:00,1.347190022468567,1.3478699922561646,1.344499945640564,1.3461400270462036,0,0.00015000000000000001
2024-08-28 16:00:00+00:00,1.3461500406265259,1.3488099575042725,1.3457000255584717,1.3479399681091309,0,0.00015000000000000001
2024-08-28 20:00:00+00:00,1.3479499816894531,1.348099946975708,1.3468999862670898,1.347640037536621,0,0.00015000000000000001
2024-08-29 00:00:00+00:00,1.3476699590682983,1.3476999998092651,1.3457000255584717,1.3465399742126465,0,0.00015000000000000001
2024-08-29 04:00:00+00:00,1.3464900255203247,1.3465499877929688,1.3449000120162964,1.3454300165176392,0,0.00015000000000000001
2024-08-29 08:00:00+00:00,1.345460057258606,1.347480058670044,1.344499945640564,1.3459800481796265,0,0.00015000000000000001
2024-08-29 12:00:00+00:00,1.3459299802780151,1.3490999937057495,1.3451000452041626,1.3463300466537476,0,0.00015000000000000001
2024-08-29 16:00:00+00:00,1.3462599515914917,1.3486100435256958,1.3453999757766724,1.3484599590301514,0,0.00015000000000000001
2024-08-29 20:00:00+00:00,1.348449945449829,1.3489099740982056,1.3476999998092651,1.3488399982452393,0,0.00015000000000000001
2024-08-30 00:00:00+00:00,1.3488600254058838,1.3489500284194946,1.347599983215332,1.348639965057373,0,0.00015000000000000001
2024-08-30 04:00:00+00:00,1.348639965057373,1.3490999937057495,1.3467999696731567,1.3473399877548218,0,0.00015000000000000001
2024-08-30 08:00:00+00:00,1.3473600149154663,1.3479399681091309,1.3464000225067139,1.3478000164031982,0,0.00015000000000000001
2024-08-30 12:00:00+00:00,1.347730040550232,1.3509299755096436,1.3460999727249146,1.3493000268936157,0,0.00015000000000000001
2024-08-30 16:00:00+00:00,1.3493000268936157,1.3507800102233887,1.3467999696731567,1.3476500511169434,0,0.00015000000000000001
2024-08-30 20:00:00+00:00,1.3476999998092651,1.349370002746582,1.347100019454956,1.3489999771118164,0,0.00015000000000000001
2024-09-01 20:00:00+00:00,1.348770022392273,1.3492000102996826,1.3481999635696411,1.34906005859375,0,0.00015000000000000001
2024-09-02 00:00:00+00:00,1.34906005859375,1.3504199981689453,1.3480000495910645,1.3496299982070923,0,0.00015000000000000001
2024-09-02 04:00:00+00:00,1.3496299982070923,1.350119948387146,1.3485000133514404,1.3493399620056152,0,0.00015000000000000001
2024-09-02 08:00:00+00:00,1.3493000268936157,1.3500399589538574,1.348099946975708,1.3496999740600586,0,0.00015000000000000001
2024-09-02 12:00:00+00:00,1.3499900102615356,1.3505300283432007,1.3482999801635742,1.3494600057601929,0,0.00015000000000000001
2024-09-02 16:00:00+00:00,1.3494499921798706,1.349850058555603,1.3485000133514404,1.3493000268936157,0,0.00015000000000000001
2024-09-02 20:00:00+00:00,1.3492399454116821,1.3501399755477905,1.3486000299453735,1.349810004234314,0,0.00015000000000000001
2024-09-03 00:00:00+00:00,1.349769949913025,1.3523999452590942,1.3487000465393066,1.352180004119873,0,0.00015000000000000001
2024-09-03 04:00:00+00:00,1.3521699905395508,1.3530800342559814,1.350000023841858,1.3511199951171875,0,0.00015000000000000001
2024-09-03 08:00:00+00:00,1.3511699438095093,1.354889988899231,1.3503999710083008,1.3547899723052979,0,0.00015000000000000001
2024-09-03 12:00:00+00:00,1.3547600507736206,1.3562400341033936,1.3524999618530273,1.3543100357055664,0,0.00015000000000000001
2024-09-03 16:00:00+00:00,1.3543000221252441,1.3556499481201172,1.3530999422073364,1.3550299406051636,0,0.00015000000000000001
2024-09-03 20:00:00+00:00,1.3550900220870972,1.355430006980896,1.353600025177002,1.354349970817566,0,0.00015000000000000001
2024-09-04 00:00:00+00:00,1.3543699979782104,1.3555999994277954,1.3528000116348267,1.3537399768829346,0,0.00015000000000000001
2024-09-04 04:00:00+00:00,1.3537299633026123,1.3551100492477417,1.3529000282287598,1.3550399541854858,0,0.00015000000000000001
2024-09-04 08:00:00+00:00,1.3550399541854858,1.3563100099563599,1.354200005531311,1.3552099466323853,0,0.00015000000000000001
2024-09-04 12:00:00+00:00,1.3552199602127075,1.356529951095581,1.3495999574661255,1.3518699407577515,0,0.00015000000000000001
2024-09-04 16:00:00+00:00,1.3519200086593628,1.3526099920272827,1.350600004196167,1.351330041885376,0,0.00015000000000000001
2024-09-04 20:00:00+00:00,1.351330041885376,1.3514200448989868,1.3499000072479248,1.3508199453353882,0,0.00015000000000000001
2024-09-05 00:00:00+00:00,1.350600004196167,1.3513000011444092,1.3499000072479248,1.3509800434112549,0,0.00015000000000000001
2024-09-05 04:00:00+00:00,1.3509700298309326,1.351680040359497,1.3499000072479248,1.3510299921035767,0,0.00015000000000000001
2024-09-05 08:00:00+00:00,1.3509900569915771,1.3517500162124634,1.3499000072479248,1.3512200117111206,0,0.00015000000000000001
2024-09-05 12:00:00+00:00,1.3512099981307983,1.3525099754333496,1.350100040435791,1.3514900207519531,0,0.00015000000000000001
2024-09-05 16:00:00+00:00,1.3515499830245972,1.352139949798584,1.350100040435791,1.3509299755096436,0,0.00015000000000000001
2024-09-05 20:00:00+00:00,1.3509199619293213,1.3509999513626099,1.3494000434875488,1.3499000072479248,0,0.00015000000000000001
2024-09-06 00:00:00+00:00,1.3498200178146362,1.3504999876022339,1.3492000102996826,1.349769949913025,0,0.00015000000000000001
2024-09-06 04:00:00+00:00,1.3497300148010254,1.3501700162887573,1.348099946975708,1.3495899438858032,0,0.00015000000000000001
2024-09-06 08:00:00+00:00,1.3495899438858032,1.3505699634552002,1.3486000299453735,1.3493000268936157,0,0.00015000000000000001
2024-09-06 12:00:00+00:00,1.3492799997329712,1.3571699857711792,1.3461999893188477,1.3559000492095947,0,0.00015000000000000001
2024-09-06 16:00:00+00:00,1.356119990348816,1.358240008354187,1.3552000522613525,1.3562099933624268,0,0.00015000000000000001
2024-09-06 20:00:00+00:00,1.3563100099563599,1.3573499917984009,1.3557000160217285,1.3569999933242798,0,0.00015000000000000001
2024-09-08 20:00:00+00:00,1.3565599918365479,1.3567299842834473,1.3553999662399292,1.3563100099563599,0,0.00015000000000000001
2024-09-09 00:00:00+00:00,1.3562899827957153,1.3566099405288696,1.354699969291687,1.3556400537490845,0,0.00015000000000000001
2024-09-09 04:00:00+00:00,1.3555999994277954,1.357300043106079,1.3550000190734863,1.3563599586486816,0,0.00015000000000000001
2024-09-09 08:00:00+00:00,1.356410026550293,1.3571900129318237,1.3554999828338623,1.3560500144958496,0,0.00015000000000000001
2024-09-09 12:00:00+00:00,1.3560500144958496,1.357699990272522,1.3553999662399292,1.3560199737548828,0,0.00015000000000000001
2024-09-09 16:00:00+00:00,1.356029987335205,1.3564499616622925,1.354099988937378,1.356279969215393,0,0.00015000000000000001
2024-09-09 20:00:00+00:00,1.3563100099563599,1.3565000295639038,1.3550000190734863,1.3563599586486816,0,0.00015000000000000001
2024-09-10 00:00:00+00:00,1.3563599586486816,1.35725998878479,1.3557000160217285,1.356510043144226,0,0.00015000000000000001
2024-09-10 04:00:00+00:00,1.3564599752426147,1.3570499420166016,1.3557000160217285,1.3569799661636353,0,0.00015000000000000001
2024-09-10 08:00:00+00:00,1.3569899797439575,1.3579100370407104,1.3559000492095947,1.3573499917984009,0,0.00015000000000000001
2024-09-10 12:00:00+00:00,1.3573499917984009,1.3615399599075317,1.3564000129699707,1.3607100248336792,0,0.00015000000000000001
2024-09-10 16:00:00+00:00,1.3606799840927124,1.3613100051879883,1.3595999479293823,1.3601100444793701,0,0.00015000000000000001
2024-09-10 20:00:00+00:00,1.360129952430725,1.3611700534820557,1.3595999479293823,1.3610199689865112,0,0.00015000000000000001
2024-09-11 00:00:00+00:00,1.3609700202941895,1.3616399765014648,1.3595000505447388,1.3605200052261353,0,0.00015000000000000001
2024-09-11 04:00:00+00:00,1.3605200052261353,1.3608499765396118,1.358299970626831,1.359279990196228,0,0.00015000000000000001
2024-09-11 08:00:00+00:00,1.359279990196228,1.3595000505447388,1.3568999767303467,1.357200026512146,0,0.00015000000000000001
2024-09-11 12:00:00+00:00,1.3575700521469116,1.362280011177063,1.3569999933242798,1.3595099449157715,0,0.00015000000000000001
2024-09-11 16:00:00+00:00,1.3594900369644165,1.3597700595855713,1.3561999797821045,1.3568400144577026,0,0.00015000000000000001
2024-09-11 20:00:00+00:00,1.356600046157837,1.3578399419784546,1.3561999797821045,1.357300043106079,0,0.00015000000000000001
2024-09-12 00:00:00+00:00,1.3578399419784546,1.3585200309753418,1.3567999601364136,1.3572700023651123,0,0.00015000000000000001
2024-09-12 04:00:00+00:00,1.3572700023651123,1.3575199842453003,1.3559999465942383,1.3574700355529785,0,0.00015000000000000001
2024-09-12 08:00:00+00:00,1.3574999570846558,1.3584400415420532,1.3564000129699707,1.3583799600601196,0,0.00015000000000000001
2024-09-12 12:00:00+00:00,1.3583799600601196,1.3604400157928467,1.357200026512146,1.359529972076416,0,0.00015000000000000001
2024-09-12 16:00:00+00:00,1.3595099449157715,1.3599799871444702,1.357200026512146,1.3577500581741333,0,0.00015000000000000001
2024-09-12 20:00:00+00:00,1.3576899766921997,1.358199954032898,1.3569999933242798,1.3574600219726562,0,0.00015000000000000001
2024-09-13 00:00:00+00:00,1.3574600219726562,1.357699990272522,1.3559999465942383,1.3570799827575684,0,0.00015000000000000001
2024-09-13 04:00:00+00:00,1.357069969177246,1.3584100008010864,1.3565000295639038,1.3572200536727905,0,0.00015000000000000001
2024-09-13 08:00:00+00:00,1.3572499752044678,1.3594599962234497,1.3560999631881714,1.3589199781417847,0,0.00015000000000000001
2024-09-13 12:00:00+00:00,1.3589099645614624,1.359429955482483,1.3565000295639038,1.3580700159072876,0,0.00015000000000000001
2024-09-13 16:00:00+00:00,1.3580800294876099,1.360010027885437,1.3575999736785889,1.3590400218963623,0,0.00015000000000000001
2024-09-13 20:00:00+00:00,1.3590099811553955,1.3590799570083618,1.3580000400543213,1.3583999872207642,0,0.00015000000000000001
2024-09-15 20:00:00+00:00,1.357800006866455,1.3582299947738647,1.357300043106079,1.3578599691390991,0,0.00015000000000000001
2024-09-16 00:00:00+00:00,1.3578699827194214,1.358199954032898,1.3562999963760376,1.3567899465560913,0,0.00015000000000000001
2024-09-16 04:00:00+00:00,1.3567800521850586,1.3581000566482544,1.3561999797821045,1.3578499555587769,0,0.00015000000000000001
2024-09-16 08:00:00+00:00,1.3578100204467773,1.358240008354187,1.3567999601364136,1.3577300310134888,0,0.00015000000000000001
2024-09-16 12:00:00+00:00,1.3577300310134888,1.3607399463653564,1.357200026512146,1.359879970550537,0,0.00015000000000000001
2024-09-16 16:00:00+00:00,1.3598599433898926,1.3603700399398804,1.3579000234603882,1.3586100339889526,0,0.00015000000000000001
2024-09-16 20:00:00+00:00,1.3586100339889526,1.3588999509811401,1.357800006866455,1.3585000038146973,0,0.00015000000000000001
2024-09-17 00:00:00+00:00,1.3586699962615967,1.3594599962234497,1.3580000400543213,1.3588000535964966,0,0.00015000000000000001
2024-09-17 04:00:00+00:00,1.3592000007629395,1.3598099946975708,1.3575999736785889,1.3584200143814087,0,0.00015000000000000001
2024-09-17 08:00:00+00:00,1.3584200143814087,1.3595999479293823,1.3574999570846558,1.3583199977874756,0,0.00015000000000000001
2024-09-17 12:00:00+00:00,1.3583099842071533,1.3616900444030762,1.3575999736785889,1.3597899675369263,0,0.00015000000000000001
2024-09-17 16:00:00+00:00,1.3598400354385376,1.3604999780654907,1.3586000204086304,1.3597700595855713,0,0.00015000000000000001
2024-09-17 20:00:00+00:00,1.3597700595855713,1.3599400520324707,1.3586000204086304,1.3593300580978394,0,0.00015000000000000001
2024-09-18 00:00:00+00:00,1.3593300580978394,1.3594199419021606,1.3580000400543213,1.3583999872207642,0,0.00015000000000000001
2024-09-18 04:00:00+00:00,1.3588900566101074,1.3594499826431274,1.3579000234603882,1.3588800430297852,0,0.00015000000000000001
2024-09-18 08:00:00+00:00,1.3588299751281738,1.3592000007629395,1.357699990272522,1.3586900234222412,0,0.00015000000000000001
2024-09-18 12:00:00+00:00,1.3586399555206299,1.3607699871063232,1.357300043106079,1.3606699705123901,0,0.00015000000000000001
2024-09-18 16:00:00+00:00,1.3606899976730347,1.3622900247573853,1.353700041770935,1.3618099689483643,0,0.00015000000000000001
2024-09-18 20:00:00+00:00,1.3618600368499756,1.3619500398635864,1.3594000339508057,1.3608100414276123,0,0.00015000000000000001
2024-09-19 00:00:00+00:00,1.36080002784729,1.3647199869155884,1.3593000173568726,1.3599400520324707,0,0.00015000000000000001
2024-09-19 04:00:00+00:00,1.3599499464035034,1.3603999614715576,1.3550000190734863,1.3557900190353394,0,0.00015000000000000001
2024-09-19 08:00:00+00:00,1.3558000326156616,1.3560800552368164,1.3528000116348267,1.3555899858474731,0,0.00015000000000000001
2024-09-19 12:00:00+00:00,1.3555599451065063,1.3600599765777588,1.353700041770935,1.3560800552368164,0,0.00015000000000000001
2024-09-19 16:00:00+00:00,1.3560800552368164,1.3565200567245483,1.354200005531311,1.3556400537490845,0,0.00015000000000000001
2024-09-19 20:00:00+00:00,1.3557000160217285,1.356410026550293,1.3547999858856201,1.3563200235366821,0,0.00015000000000000001
2024-09-20 00:00:00+00:00,1.3563200235366821,1.3568600416183472,1.3549000024795532,1.3558900356292725,0,0.00015000000000000001
2024-09-20 04:00:00+00:00,1.3558299541473389,1.357450008392334,1.3550000190734863,1.3570400476455688,0,0.00015000000000000001
2024-09-20 08:00:00+00:00,1.357010006904602,1.3576500415802002,1.3559000492095947,1.3569799661636353,0,0.00015000000000000001
2024-09-20 12:00:00+00:00,1.3569400310516357,1.3589600324630737,1.3538000583648682,1.356510043144226,0,0.00015000000000000001
2024-09-20 16:00:00+00:00,1.3565000295639038,1.3569999933242798,1.3545000553131104,1.356369972229004,0,0.00015000000000000001
2024-09-20 20:00:00+00:00,1.3563100099563599,1.3574700355529785,1.3558000326156616,1.3567999601364136,0,0.00015000000000000001
2024-09-22 20:00:00+00:00,1.3566900491714478,1.3568999767303467,1.3559999465942383,1.3565700054168701,0,0.00015000000000000001
2024-09-23 00:00:00+00:00,1.3565499782562256,1.3568999767303467,1.3551000356674194,1.3562999963760376,0,0.00015000000000000001
2024-09-23 04:00:00+00:00,1.3562899827957153,1.3582099676132202,1.3550000190734863,1.3580299615859985,0,0.00015000000000000001
2024-09-23 08:00:00+00:00,1.35794997215271,1.358199954032898,1.3539999723434448,1.3548200130462646,0,0.00015000000000000001
2024-09-23 12:00:00+00:00,1.3547999858856201,1.355430006980896,1.3487000465393066,1.3502000570297241,0,0.00015000000000000001
2024-09-23 16:00:00+00:00,1.350160002708435,1.3510500192642212,1.3481999635696411,1.3506799936294556,0,0.00015000000000000001
2024-09-23 20:00:00+00:00,1.3506799936294556,1.3544000387191772,1.3502000570297241,1.3529200553894043,0,0.00015000000000000001
2024-09-24 00:00:00+00:00,1.352929949760437,1.3531700372695923,1.3509999513626099,1.3518500328063965,0,0.00015000000000000001
2024-09-24 04:00:00+00:00,1.3517999649047852,1.352929949760437,1.3504999876022339,1.3519099950790405,0,0.00015000000000000001
2024-09-24 08:00:00+00:00,1.3519200086593628,1.3520400524139404,1.350100040435791,1.3507399559020996,0,0.00015000000000000001
2024-09-24 12:00:00+00:00,1.3507399559020996,1.350849986076355,1.3459999561309814,1.3470499515533447,0,0.00015000000000000001
2024-09-24 16:00:00+00:00,1.3470200300216675,1.347100019454956,1.343000054359436,1.343559980392456,0,0.00015000000000000001
2024-09-24 20:00:00+00:00,1.3435399532318115,1.34375,1.341599941253662,1.3420300483703613,0,0.00015000000000000001
2024-09-25 00:00:00+00:00,1.342020034790039,1.3431999683380127,1.341599941253662,1.342810034751892,0,0.00015000000000000001
2024-09-25 04:00:00+00:00,1.342769980430603,1.3438800573349,1.3422000408172607,1.342829942703247,0,0.00015000000000000001
2024-09-25 08:00:00+00:00,1.3428000211715698,1.3442800045013428,1.3418999910354614,1.3439199924468994,0,0.00015000000000000001
2024-09-25 12:00:00+00:00,1.3439600467681885,1.3469200134277344,1.3428000211715698,1.3466099500656128,0,0.00015000000000000001
2024-09-25 16:00:00+00:00,1.3466600179672241,1.348520040512085,1.3457000255584717,1.348479986190796,0,0.00015000000000000001
2024-09-25 20:00:00+00:00,1.348389983177185,1.3487000465393066,1.347599983215332,1.3483699560165405,0,0.00015000000000000001
2024-09-26 00:00:00+00:00,1.3483799695968628,1.3484300374984741,1.3459999561309814,1.3470499515533447,0,0.00015000000000000001
2024-09-26 04:00:00+00:00,1.3468999862670898,1.347730040550232,1.3458000421524048,1.3473600149154663,0,0.00015000000000000001
2024-09-26 08:00:00+00:00,1.347350001335144,1.3477400541305542,1.3452999591827393,1.3470200300216675,0,0.00015000000000000001
2024-09-26 12:00:00+00:00,1.347000002861023,1.348960041999817,1.3456000089645386,1.3466299772262573,0,0.00015000000000000001
2024-09-26 16:00:00+00:00,1.3466299772262573,1.3482999801635742,1.3460999727249146,1.3472100496292114,0,0.00015000000000000001
2024-09-26 20:00:00+00:00,1.3471499681472778,1.3479000329971313,1.3460999727249146,1.347599983215332,0,0.00015000000000000001
2024-09-27 00:00:00+00:00,1.347599983215332,1.3492599725723267,1.347000002861023,1.3486599922180176,0,0.00015000000000000001
2024-09-27 04:00:00+00:00,1.3486599922180176,1.3495099544525146,1.3478000164031982,1.3491699695587158,0,0.00015000000000000001
2024-09-27 08:00:00+00:00,1.3491300344467163,1.3493499755859375,1.34660005569458,1.347499966621399,0,0.00015000000000000001
2024-09-27 12:00:00+00:00,1.3475099802017212,1.350600004196167,1.3459999561309814,1.350350022315979,0,0.00015000000000000001
2024-09-27 16:00:00+00:00,1.3503899574279785,1.3526500463485718,1.3499000072479248,1.3516199588775635,0,0.00015000000000000001
2024-09-27 20:00:00+00:00,1.3516900539398193,1.3519099950790405,1.3507000207901,1.351199984550476,0,0.00015000000000000001
2024-09-29 20:00:00+00:00,1.3511099815368652,1.3512099981307983,1.3503999710083008,1.3509900569915771,0,0.00015000000000000001
2024-09-30 00:00:00+00:00,1.3509900569915771,1.3519200086593628,1.3497999906539917,1.3511199951171875,0,0.00015000000000000001
2024-09-30 04:00:00+00:00,1.351140022277832,1.3515499830245972,1.3495999574661255,1.3515299558639526,0,0.00015000000000000001
2024-09-30 08:00:00+00:00,1.3514800071716309,1.3527400493621826,1.3508000373840332,1.351699948310852,0,0.00015000000000000001
2024-09-30 12:00:00+00:00,1.3518699407577515,1.35207998752594,1.3485000133514404,1.3514200448989868,0,0.00015000000000000001
2024-09-30 16:00:00+00:00,1.3514200448989868,1.3537700176239014,1.3497999906539917,1.352239966392517,0,0.00015000000000000001
2024-09-30 20:00:00+00:00,1.3522299528121948,1.3529000282287598,1.3517999649047852,1.3523000478744507,0,0.00015000000000000001
2024-10-01 00:00:00+00:00,1.3525099754333496,1.3533999919891357,1.3516000509262085,1.3528399467468262,0,0.00015000000000000001
2024-10-01 04:00:00+00:00,1.3528499603271484,1.3535900115966797,1.351099967956543,1.3529800176620483,0,0.00015000000000000001
2024-10-01 08:00:00+00:00,1.3529399633407593,1.3539600372314453,1.3516000509262085,1.3522499799728394,0,0.00015000000000000001
2024-10-01 12:00:00+00:00,1.3522700071334839,1.3528300523757935,1.3483999967575073,1.3491699695587158,0,0.00015000000000000001
2024-10-01 16:00:00+00:00,1.3491699695587158,1.3521000146865845,1.3476999998092651,1.3491599559783936,0,0.00015000000000000001
2024-10-01 20:00:00+00:00,1.3491100072860718,1.3496999740600586,1.3483999967575073,1.349410057067871,0,0.00015000000000000001
2024-10-02 00:00:00+00:00,1.3494800329208374,1.3495700359344482,1.3472000360488892,1.3479900360107422,0,0.00015000000000000001
2024-10-02 04:00:00+00:00,1.34798002243042,1.3491400480270386,1.3473000526428223,1.3481899499893188,0,0.00015000000000000001
2024-10-02 08:00:00+00:00,1.3481600284576416,1.3491499423980713,1.347100019454956,1.3484699726104736,0,0.00015000000000000001
2024-10-02 12:00:00+00:00,1.348520040512085,1.349560022354126,1.3471800088882446,1.348520040512085,0,0.00015000000000000001
2024-10-02 16:00:00+00:00,1.3484400510787964,1.3509999513626099,1.3476999998092651,1.3496700525283813,0,0.00015000000000000001
2024-10-02 20:00:00+00:00,1.3497400283813477,1.3507200479507446,1.3486299514770508,1.3506699800491333,0,0.00015000000000000001
2024-10-03 00:00:00+00:00,1.3506499528884888,1.352329969406128,1.350100040435791,1.3521000146865845,0,0.00015000000000000001
2024-10-03 04:00:00+00:00,1.3520599603652954,1.3530800342559814,1.3502000570297241,1.3523399829864502,0,0.00015000000000000001
2024-10-03 08:00:00+00:00,1.3523099422454834,1.3539999723434448,1.3514000177383423,1.3531299829483032,0,0.00015000000000000001
2024-10-03 12:00:00+00:00,1.3530999422073364,1.3553199768066406,1.3513000011444092,1.3532999753952026,0,0.00015000000000000001
2024-10-03 16:00:00+00:00,1.353279948234558,1.355780005455017,1.3521000146865845,1.355720043182373,0,0.00015000000000000001
2024-10-03 20:00:00+00:00,1.3556699752807617,1.355970025062561,1.3543000221252441,1.3548099994659424,0,0.00015000000000000001
2024-10-04 00:00:00+00:00,1.3548400402069092,1.3558399677276611,1.3539999723434448,1.3555699586868286,0,0.00015000000000000001
2024-10-04 04:00:00+00:00,1.3552000522613525,1.3567299842834473,1.3545000553131104,1.3558800220489502,0,0.00015000000000000001
2024-10-04 08:00:00+00:00,1.3558800220489502,1.3565000295639038,1.354599952697754,1.3553800582885742,0,0.00015000000000000001
2024-10-04 12:00:00+00:00,1.355370044708252,1.3590999841690063,1.3549000024795532,1.3578399419784546,0,0.00015000000000000001
2024-10-04 16:00:00+00:00,1.3578300476074219,1.358430027961731,1.3566999435424805,1.3572100400924683,0,0.00015000000000000001
2024-10-04 20:00:00+00:00,1.3572499752044678,1.357800006866455,1.356600046157837,1.357100009918213,0,0.00015000000000000001
2024-10-06 20:00:00+00:00,1.357759952545166,1.358299970626831,1.357200026512146,1.3580700159072876,0,0.00015000000000000001
2024-10-07 00:00:00+00:00,1.3580900430679321,1.3584699630737305,1.3567999601364136,1.3578300476074219,0,0.00015000000000000001
2024-10-07 04:00:00+00:00,1.3578300476074219,1.3590799570083618,1.357300043106079,1.3588800430297852,0,0.00015000000000000001
2024-10-07 08:00:00+00:00,1.3589099645614624,1.3598500490188599,1.3573999404907227,1.3581899404525757,0,0.00015000000000000001
2024-10-07 12:00:00+00:00,1.358180046081543,1.3619500398635864,1.3574999570846558,1.360759973526001,0,0.00015000000000000001
2024-10-07 16:00:00+00:00,1.360759973526001,1.3639600276947021,1.3597999811172485,1.3624000549316406,0,0.00015000000000000001
2024-10-07 20:00:00+00:00,1.3623499870300293,1.3625400066375732,1.361199975013733,1.3620100021362305,0,0.00015000000000000001
2024-10-08 00:00:00+00:00,1.3620400428771973,1.3633699417114258,1.3605999946594238,1.362380027770996,0,0.00015000000000000001
2024-10-08 04:00:00+00:00,1.3623000383377075,1.364799976348877,1.361299991607666,1.3638299703598022,0,0.00015000000000000001
2024-10-08 08:00:00+00:00,1.3638099431991577,1.3647600412368774,1.3631000518798828,1.3637900352478027,0,0.00015000000000000001
2024-10-08 12:00:00+00:00,1.3637900352478027,1.3675099611282349,1.3631999492645264,1.3660000562667847,0,0.00015000000000000001
2024-10-08 16:00:00+00:00,1.3662999868392944,1.3668400049209595,1.3640999794006348,1.364740014076233,0,0.00015000000000000001
2024-10-08 20:00:00+00:00,1.364799976348877,1.3654999732971191,1.3638999462127686,1.3654299974441528,0,0.00015000000000000001
2024-10-09 00:00:00+00:00,1.365440011024475,1.3663400411605835,1.3645999431610107,1.366170048713684,0,0.00015000000000000001
2024-10-09 04:00:00+00:00,1.3661799430847168,1.3669999837875366,1.3641999959945679,1.3668800592422485,0,0.00015000000000000001
2024-10-09 08:00:00+00:00,1.3668800592422485,1.3679300546646118,1.3660000562667847,1.3675999641418457,0,0.00015000000000000001
2024-10-09 12:00:00+00:00,1.367799997329712,1.3694599866867065,1.3667999505996704,1.3685200214385986,0,0.00015000000000000001
2024-10-09 16:00:00+00:00,1.368530035018921,1.3718600273132324,1.367900013923645,1.3711600303649902,0,0.00015000000000000001
2024-10-09 20:00:00+00:00,1.3711700439453125,1.3717999458312988,1.3691200017929077,1.3709499835968018,0,0.00015000000000000001
2024-10-10 00:00:00+00:00,1.3709700107574463,1.3714300394058228,1.3700000047683716,1.3705899715423584,0,0.00015000000000000001
2024-10-10 04:00:00+00:00,1.3705799579620361,1.3729000091552734,1.3700000047683716,1.3728300333023071,0,0.00015000000000000001
2024-10-10 08:00:00+00:00,1.3728300333023071,1.375349998474121,1.3724000453948975,1.3746999502182007,0,0.00015000000000000001
2024-10-10 12:00:00+00:00,1.3752199411392212,1.3768399953842163,1.3726999759674072,1.3752399682998657,0,0.00015000000000000001
2024-10-10 16:00:00+00:00,1.3752399682998657,1.377519965171814,1.3737000226974487,1.3742400407791138,0,0.00015000000000000001
2024-10-10 20:00:00+00:00,1.3741999864578247,1.374650001525879,1.3733999729156494,1.3745700120925903,0,0.00015000000000000001
2024-10-11 00:00:00+00:00,1.3745800256729126,1.3759100437164307,1.373900055885315,1.3753000497817993,0,0.00015000000000000001
2024-10-11 04:00:00+00:00,1.3753299713134766,1.3768199682235718,1.3746000528335571,1.3756300210952759,0,0.00015000000000000001
2024-10-11 08:00:00+00:00,1.3756200075149536,1.3779200315475464,1.3747999668121338,1.3774000406265259,0,0.00015000000000000001
2024-10-11 12:00:00+00:00,1.3773499727249146,1.3783700466156006,1.3720999956130981,1.3767499923706055,0,0.00015000000000000001
2024-10-11 16:00:00+00:00,1.3767999410629272,1.377120018005371,1.375100016593933,1.3761600255966187,0,0.00015000000000000001
2024-10-11 20:00:00+00:00,1.3760900497436523,1.3763999938964844,1.375499963760376,1.375599980354309,0,0.00015000000000000001
2024-10-13 20:00:00+00:00,1.3778200149536133,1.378499984741211,1.3773000240325928,1.3782099485397339,0,0.00015000000000000001
2024-10-14 00:00:00+00:00,1.3782099485397339,1.378909945487976,1.3767999410629272,1.3775700330734253,0,0.00015000000000000001
2024-10-14 04:00:00+00:00,1.377519965171814,1.3782600164413452,1.3767000436782837,1.378119945526123,0,0.00015000000000000001
2024-10-14 08:00:00+00:00,1.378059983253479,1.3797999620437622,1.3774000406265259,1.3788299560546875,0,0.00015000000000000001
2024-10-14 12:00:00+00:00,1.3788599967956543,1.3801000118255615,1.3775999546051025,1.3792999982833862,0,0.00015000000000000001
2024-10-14 16:00:00+00:00,1.3796000480651855,1.3805299997329712,1.3788000345230103,1.379539966583252,0,0.00015000000000000001
2024-10-14 20:00:00+00:00,1.3795000314712524,1.38031005859375,1.3785899877548218,1.3801900148391724,0,0.00015000000000000001
2024-10-15 00:00:00+00:00,1.3801900148391724,1.3804999589920044,1.37909996509552,1.380429983139038,0,0.00015000000000000001
2024-10-15 04:00:00+00:00,1.3802000284194946,1.3815200328826904,1.3798999786376953,1.3809599876403809,0,0.00015000000000000001
2024-10-15 08:00:00+00:00,1.380910038948059,1.3817399740219116,1.3797999620437622,1.3816800117492676,0,0.00015000000000000001
2024-10-15 12:00:00+00:00,1.3816499710083008,1.3838499784469604,1.3792999982833862,1.3802800178527832,0,0.00015000000000000001
2024-10-15 16:00:00+00:00,1.3802900314331055,1.3811500072479248,1.378000020980835,1.378440022468567,0,0.00015000000000000001
2024-10-15 20:00:00+00:00,1.378499984741211,1.3785099983215332,1.3765000104904175,1.3780200481414795,0,0.00015000000000000001
2024-10-16 00:00:00+00:00,1.3780299425125122,1.3790099620819092,1.3768999576568604,1.3776099681854248,0,0.00015000000000000001
2024-10-16 04:00:00+00:00,1.3774000406265259,1.3786300420761108,1.3768999576568604,1.378119945526123,0,0.00015000000000000001
2024-10-16 08:00:00+00:00,1.3777999877929688,1.3792999982833862,1.3775999546051025,1.3781299591064453,0,0.00015000000000000001
2024-10-16 12:00:00+00:00,1.3781399726867676,1.3784799575805664,1.3761999607086182,1.3772300481796265,0,0.00015000000000000001
2024-10-16 16:00:00+00:00,1.3772200345993042,1.37746000289917,1.374500036239624,1.375040054321289,0,0.00015000000000000001
2024-10-16 20:00:00+00:00,1.375040054321289,1.375830054283142,1.374500036239624,1.3755799531936646,0,0.00015000000000000001
2024-10-17 00:00:00+00:00,1.3755799531936646,1.3765599727630615,1.3741999864578247,1.3762600421905518,0,0.00015000000000000001
2024-10-17 04:00:00+00:00,1.376230001449585,1.378499984741211,1.375599980354309,1.378250002861023,0,0.00015000000000000001
2024-10-17 08:00:00+00:00,1.3782700300216675,1.3785400390625,1.3769999742507935,1.3776299953460693,0,0.00015000000000000001
2024-10-17 12:00:00+00:00,1.3775999546051025,1.3793799877166748,1.3767999410629272,1.3791500329971313,0,0.00015000000000000001
2024-10-17 16:00:00+00:00,1.37909996509552,1.380120038986206,1.3782999515533447,1.3799599409103394,0,0.00015000000000000001
2024-10-17 20:00:00+00:00,1.3799599409103394,1.380020022392273,1.3787699937820435,1.3795900344848633,0,0.00015000000000000001
2024-10-18 00:00:00+00:00,1.3795900344848633,1.3800100088119507,1.378100037574768,1.379390001296997,0,0.00015000000000000001
2024-10-18 04:00:00+00:00,1.379330039024353,1.3799999952316284,1.3783999681472778,1.3791199922561646,0,0.00015000000000000001
2024-10-18 08:00:00+00:00,1.3791799545288086,1.379699945449829,1.378000020980835,1.378849983215332,0,0.00015000000000000001
2024-10-18 12:00:00+00:00,1.3788199424743652,1.3810100555419922,1.3782999515533447,1.3804199695587158,0,0.00015000000000000001
2024-10-18 16:00:00+00:00,1.3804399967193604,1.3814799785614014,1.378999948501587,1.3807100057601929,0,0.00015000000000000001
2024-10-18 20:00:00+00:00,1.3807100057601929,1.380929946899414,1.3794000148773193,1.3799999952316284,0,0.00015000000000000001
2024-10-20 20:00:00+00:00,1.3799699544906616,1.3802599906921387,1.3795000314712524,1.3799999952316284,0,0.00015000000000000001
2024-10-21 00:00:00+00:00,1.3799400329589844,1.3809700012207031,1.3796000480651855,1.3805700540542603,0,0.00015000000000000001
2024-10-21 04:00:00+00:00,1.380560040473938,1.3821300268173218,1.3801000118255615,1.3816299438476562,0,0.00015000000000000001
2024-10-21 08:00:00+00:00,1.381659984588623,1.3826199769973755,1.38100004196167,1.3817499876022339,0,0.00015000000000000001
2024-10-21 12:00:00+00:00,1.3817600011825562,1.3848999738693237,1.3812099695205688,1.384660005569458,0,0.00015000000000000001
2024-10-21 16:00:00+00:00,1.384660005569458,1.3849600553512573,1.382699966430664,1.3835099935531616,0,0.00015000000000000001
2024-10-21 20:00:00+00:00,1.3835300207138062,1.3837000131607056,1.3824000358581543,1.3833400011062622,0,0.00015000000000000001
2024-10-22 00:00:00+00:00,1.3833199739456177,1.3837800025939941,1.3824000358581543,1.3828999996185303,0,0.00015000000000000001
2024-10-22 04:00:00+00:00,1.3828599452972412,1.3831900358200073,1.381700038909912,1.3827400207519531,0,0.00015000000000000001
2024-10-22 08:00:00+00:00,1.3827300071716309,1.3836400508880615,1.382099986076355,1.3830699920654297,0,0.00015000000000000001
2024-10-22 12:00:00+00:00,1.3830699920654297,1.3832299709320068,1.38100004196167,1.3830599784851074,0,0.00015000000000000001
2024-10-22 16:00:00+00:00,1.383020043373108,1.383270025253296,1.38100004196167,1.3820500373840332,0,0.00015000000000000001
2024-10-22 20:00:00+00:00,1.3820300102233887,1.3830100297927856,1.38100004196167,1.3817499876022339,0,0.00015000000000000001
2024-10-23 00:00:00+00:00,1.3817499876022339,1.3828999996185303,1.381100058555603,1.3818199634552002,0,0.00015000000000000001
2024-10-23 04:00:00+00:00,1.3818199634552002,1.3827099800109863,1.3811999559402466,1.3824100494384766,0,0.00015000000000000001
2024-10-23 08:00:00+00:00,1.3823800086975098,1.3837599754333496,1.381700038909912,1.3836499452590942,0,0.00015000000000000001
2024-10-23 12:00:00+00:00,1.3836100101470947,1.3862600326538086,1.3827999830245972,1.3838200569152832,0,0.00015000000000000001
2024-10-23 16:00:00+00:00,1.383870005607605,1.3849999904632568,1.3830000162124634,1.3835599422454834,0,0.00015000000000000001
2024-10-23 20:00:00+00:00,1.3835500478744507,1.3841999769210815,1.3831000328063965,1.38372004032135,0,0.00015000000000000001
2024-10-24 00:00:00+00:00,1.38372004032135,1.3838399648666382,1.3818000555038452,1.3825900554656982,0,0.00015000000000000001
2024-10-24 04:00:00+00:00,1.3825900554656982,1.3828999996185303,1.3812999725341797,1.381790041923523,0,0.00015000000000000001
2024-10-24 08:00:00+00:00,1.3817700147628784,1.3822799921035767,1.3808000087738037,1.381700038909912,0,0.00015000000000000001
2024-10-24 12:00:00+00:00,1.381700038909912,1.3858100175857544,1.3808000087738037,1.3857799768447876,0,0.00015000000000000001
2024-10-24 16:00:00+00:00,1.3857300281524658,1.3868600130081177,1.3840999603271484,1.3853199481964111,0,0.00015000000000000001
2024-10-24 20:00:00+00:00,1.3852699995040894,1.3855700492858887,1.3842999935150146,1.3853299617767334,0,0.00015000000000000001
2024-10-25 00:00:00+00:00,1.3853700160980225,1.3856099843978882,1.3842999935150146,1.3854800462722778,0,0.00015000000000000001
2024-10-25 04:00:00+00:00,1.3854999542236328,1.3856099843978882,1.3839999437332153,1.3845200538635254,0,0.00015000000000000001
2024-10-25 08:00:00+00:00,1.384559988975525,1.3850699663162231,1.3839999437332153,1.3847899436950684,0,0.00015000000000000001
2024-10-25 12:00:00+00:00,1.3848400115966797,1.3882999420166016,1.3832999467849731,1.388260006904602,0,0.00015000000000000001
2024-10-25 16:00:00+00:00,1.388219952583313,1.3897000551223755,1.3874000310897827,1.3896700143814087,0,0.00015000000000000001
2024-10-25 20:00:00+00:00,1.389639973640442,1.3897500038146973,1.388800024986267,1.3890999555587769,0,0.00015000000000000001
2024-10-28 00:00:00+00:00,1.3896100521087646,1.3904999494552612,1.388800024986267,1.390470027923584,0,0.00015000000000000001
2024-10-28 04:00:00+00:00,1.390470027923584,1.3906300067901611,1.388100028038025,1.3889399766921997,0,0.00015000000000000001
2024-10-28 08:00:00+00:00,1.3890000581741333,1.3899500370025635,1.388100028038025,1.3892300128936768,0,0.00015000000000000001
2024-10-28 12:00:00+00:00,1.3894000053405762,1.3908400535583496,1.3878999948501587,1.3903199434280396,0,0.00015000000000000001
2024-10-28 16:00:00+00:00,1.3903499841690063,1.390429973602295,1.3883999586105347,1.3889299631118774,0,0.00015000000000000001
2024-10-28 20:00:00+00:00,1.3889700174331665,1.3895000219345093,1.388100028038025,1.3889100551605225,0,0.00015000000000000001
2024-10-29 00:00:00+00:00,1.3888100385665894,1.3898099660873413,1.388200044631958,1.3897199630737305,0,0.00015000000000000001
2024-10-29 04:00:00+00:00,1.3897299766540527,1.3899999856948853,1.388100028038025,1.3886899948120117,0,0.00015000000000000001
2024-10-29 08:00:00+00:00,1.3887499570846558,1.3890800476074219,1.3871999979019165,1.388890027999878,0,0.00015000000000000001
2024-10-29 12:00:00+00:00,1.3888700008392334,1.3920199871063232,1.388200044631958,1.3908300399780273,0,0.00015000000000000001
2024-10-29 16:00:00+00:00,1.390820026397705,1.3929500579833984,1.3898999691009521,1.391700029373169,0,0.00015000000000000001
2024-10-29 20:00:00+00:00,1.3916800022125244,1.3920600414276123,1.3906999826431274,1.3912800550460815,0,0.00015000000000000001
2024-10-30 00:00:00+00:00,1.391510009765625,1.3924700021743774,1.3904000520706177,1.3921400308609009,0,0.00015000000000000001
2024-10-30 04:00:00+00:00,1.3920899629592896,1.392300009727478,1.3907999992370605,1.3918399810791016,0,0.00015000000000000001
2024-10-30 08:00:00+00:00,1.3918100595474243,1.3927600383758545,1.389799952507019,1.3926199674606323,0,0.00015000000000000001
2024-10-30 12:00:00+00:00,1.3926299810409546,1.3940500020980835,1.3903000354766846,1.3911099433898926,0,0.00015000000000000001
2024-10-30 16:00:00+00:00,1.3911199569702148,1.3920700550079346,1.3890000581741333,1.3900599479675293,0,0.00015000000000000001
2024-10-30 20:00:00+00:00,1.3900599479675293,1.391010046005249,1.3890999555587769,1.3908599615097046,0,0.00015000000000000001
2024-10-31 00:00:00+00:00,1.3908799886703491,1.3918999433517456,1.3903000354766846,1.391800045967102,0,0.00015000000000000001
2024-10-31 04:00:00+00:00,1.391800045967102,1.3921400308609009,1.3907999992370605,1.3916200399398804,0,0.00015000000000000001
2024-10-31 08:00:00+00:00,1.3916200399398804,1.39274001121521,1.3904999494552612,1.3913899660110474,0,0.00015000000000000001
2024-10-31 12:00:00+00:00,1.3913400173187256,1.3945300579071045,1.388700008392334,1.3939299583435059,0,0.00015000000000000001
2024-10-31 16:00:00+00:00,1.3940000534057617,1.394070029258728,1.3902000188827515,1.392300009727478,0,0.00015000000000000001
2024-10-31 20:00:00+00:00,1.392359972000122,1.3937100172042847,1.3912999629974365,1.3934099674224854,0,0.00015000000000000001
2024-11-01 00:00:00+00:00,1.3934600353240967,1.3937300443649292,1.3919999599456787,1.3928500413894653,0,0.00015000000000000001
2024-11-01 04:00:00+00:00,1.3928500413894653,1.3941500186920166,1.3920999765396118,1.3941400051116943,0,0.00015000000000000001
2024-11-01 08:00:00+00:00,1.3941099643707275,1.3942400217056274,1.3918999433517456,1.3924599885940552,0,0.00015000000000000001
2024-11-01 12:00:00+00:00,1.3924800157546997,1.3932600021362305,1.3902000188827515,1.3925600051879883,0,0.00015000000000000001
2024-11-01 16:00:00+00:00,1.392549991607666,1.3956600427627563,1.391800045967102,1.3955800533294678,0,0.00015000000000000001
2024-11-01 20:00:00+00:00,1.3955800533294678,1.395900011062622,1.3945000171661377,1.3949999809265137,0,0.00015000000000000001
2024-11-04 00:00:00+00:00,1.3920799493789673,1.3921400308609009,1.388800024986267,1.3894799947738647,0,0.00015000000000000001
2024-11-04 04:00:00+00:00,1.3894599676132202,1.3920600414276123,1.3890000581741333,1.3920300006866455,0,0.00015000000000000001
2024-11-04 08:00:00+00:00,1.3919899463653564,1.3922300338745117,1.3890000581741333,1.3895000219345093,0,0.00015000000000000001
2024-11-04 12:00:00+00:00,1.3895699977874756,1.391260027885437,1.3869999647140503,1.3889199495315552,0,0.00015000000000000001
2024-11-04 16:00:00+00:00,1.3889600038528442,1.3902299404144287,1.3877999782562256,1.3897199630737305,0,0.00015000000000000001
2024-11-04 20:00:00+00:00,1.3897199630737305,1.390339970588684,1.3889000415802002,1.390120029449463,0,0.00015000000000000001
2024-11-05 00:00:00+00:00,1.3900599479675293,1.390660047531128,1.389299988746643,1.3902100324630737,0,0.00015000000000000001
2024-11-05 04:00:00+00:00,1.3902299404144287,1.3903499841690063,1.3882999420166016,1.3888399600982666,0,0.00015000000000000001
2024-11-05 08:00:00+00:00,1.3888200521469116,1.3889000415802002,1.3875000476837158,1.3875999450683594,0,0.00015000000000000001
2024-11-05 12:00:00+00:00,1.388069987297058,1.3884999752044678,1.3841999769210815,1.3848999738693237,0,0.00015000000000000001
2024-11-05 16:00:00+00:00,1.3851399421691895,1.3858400583267212,1.3833999633789062,1.3840899467468262,0,0.00015000000000000001
2024-11-05 20:00:00+00:00,1.3840899467468262,1.38441002368927,1.3818000555038452,1.3832199573516846,0,0.00015000000000000001
2024-11-06 00:00:00+00:00,1.383430004119873,1.3936200141906738,1.3828999996185303,1.3926000595092773,0,0.00015000000000000001
2024-11-06 04:00:00+00:00,1.3929200172424316,1.3938499689102173,1.3889000415802002,1.3926899433135986,0,0.00015000000000000001
2024-11-06 08:00:00+00:00,1.3926899433135986,1.3931599855422974,1.3880000114440918,1.391610026359558,0,0.00015000000000000001
2024-11-06 12:00:00+00:00,1.391700029373169,1.395840048789978,1.3898999691009521,1.3920999765396118,0,0.00015000000000000001
2024-11-06 16:00:00+00:00,1.3921899795532227,1.3944200277328491,1.3911000490188599,1.393180012702942,0,0.00015000000000000001
2024-11-06 20:00:00+00:00,1.3932299613952637,1.3947499990463257,1.3926000595092773,1.3947099447250366,0,0.00015000000000000001
2024-11-07 00:00:00+00:00,1.3947999477386475,1.3948099613189697,1.3885999917984009,1.3890299797058105,0,0.00015000000000000001
2024-11-07 04:00:00+00:00,1.389009952545166,1.3898600339889526,1.3874000310897827,1.3887200355529785,0,0.00015000000000000001
2024-11-07 08:00:00+00:00,1.3887499570846558,1.3894100189208984,1.3865000009536743,1.3892199993133545,0,0.00015000000000000001
2024-11-07 12:00:00+00:00,1.3892500400543213,1.3897600173950195,1.385200023651123,1.3865300416946411,0,0.00015000000000000001
2024-11-07 16:00:00+00:00,1.3864799737930298,1.3877700567245483,1.3845000267028809,1.3860900402069092,0,0.00015000000000000001
2024-11-07 20:00:00+00:00,1.3861299753189087,1.3867199420928955,1.3837000131607056,1.3867199420928955,0,0.00015000000000000001
2024-11-08 00:00:00+00:00,1.386780023574829,1.388450026512146,1.386199951171875,1.388319969177246,0,0.00015000000000000001
2024-11-08 04:00:00+00:00,1.3883299827575684,1.389009952545166,1.3874000310897827,1.3886100053787231,0,0.00015000000000000001
2024-11-08 08:00:00+00:00,1.388659954071045,1.3899999856948853,1.3876999616622925,1.389739990234375,0,0.00015000000000000001
2024-11-08 12:00:00+00:00,1.3897000551223755,1.3919800519943237,1.388800024986267,1.3896900415420532,0,0.00015000000000000001
2024-11-08 16:00:00+00:00,1.3894000053405762,1.3927899599075317,1.389299988746643,1.3913500308990479,0,0.00015000000000000001
2024-11-08 20:00:00+00:00,1.3912800550460815,1.3918999433517456,1.3901000022888184,1.3907999992370605,0,0.00015000000000000001
2024-11-11 00:00:00+00:00,1.391010046005249,1.39205002784729,1.3899999856948853,1.3919700384140015,0,0.00015000000000000001
2024-11-11 04:00:00+00:00,1.3919600248336792,1.3926600217819214,1.3906999826431274,1.392259955406189,0,0.00015000000000000001
2024-11-11 08:00:00+00:00,1.3922300338745117,1.3937400579452515,1.3916000127792358,1.3926500082015991,0,0.00015000000000000001
2024-11-11 12:00:00+00:00,1.3926500082015991,1.39506995677948,1.392199993133545,1.3929500579833984,0,0.00015000000000000001
2024-11-11 16:00:00+00:00,1.3929500579833984,1.3930699825286865,1.3910000324249268,1.3925399780273438,0,0.00015000000000000001
2024-11-11 20:00:00+00:00,1.3925299644470215,1.3931000232696533,1.391700029373169,1.3920300006866455,0,0.00015000000000000001
2024-11-12 00:00:00+00:00,1.3919899463653564,1.394700050354004,1.3912999629974365,1.3946199417114258,0,0.00015000000000000001
2024-11-12 04:00:00+00:00,1.3946199417114258,1.395840048789978,1.3937000036239624,1.3953700065612793,0,0.00015000000000000001
2024-11-12 08:00:00+00:00,1.3953299522399902,1.3967299461364746,1.3945000171661377,1.3957899808883667,0,0.00015000000000000001
2024-11-12 12:00:00+00:00,1.395740032196045,1.395859956741333,1.3919999599456787,1.3940199613571167,0,0.00015000000000000001
2024-11-12 16:00:00+00:00,1.3939900398254395,1.3959699869155884,1.393399953842163,1.394569993019104,0,0.00015000000000000001
2024-11-12 20:00:00+00:00,1.394629955291748,1.3951400518417358,1.393399953842163,1.3944900035858154,0,0.00015000000000000001
2024-11-13 00:00:00+00:00,1.3944900035858154,1.395419955253601,1.3935999870300293,1.395259976387024,0,0.00015000000000000001
2024-11-13 04:00:00+00:00,1.395300030708313,1.3960599899291992,1.3946000337600708,1.3957899808883667,0,0.00015000000000000001
2024-11-13 08:00:00+00:00,1.3957899808883667,1.3961999416351318,1.3940999507904053,1.3949700593948364,0,0.00015000000000000001
2024-11-13 12:00:00+00:00,1.394950032234192,1.399899959564209,1.392899990081787,1.3969700336456299,0,0.00015000000000000001
2024-11-13 16:00:00+00:00,1.3969600200653076,1.399880051612854,1.396399974822998,1.3998500108718872,0,0.00015000000000000001
2024-11-13 20:00:00+00:00,1.399839997291565,1.4002799987792969,1.398800015449524,1.3992500305175781,0,0.00015000000000000001
2024-11-14 00:00:00+00:00,1.3991700410842896,1.40106999874115,1.398300051689148,1.4010200500488281,0,0.00015000000000000001
2024-11-14 04:00:00+00:00,1.4010599851608276,1.4019999504089355,1.3990000486373901,1.399780035018921,0,0.00015000000000000001
2024-11-14 08:00:00+00:00,1.3997700214385986,1.4018100500106812,1.398900032043457,1.4003900289535522,0,0.00015000000000000001
2024-11-14 12:00:00+00:00,1.4003299474716187,1.4035600423812866,1.399399995803833,1.4011399745941162,0,0.00015000000000000001
2024-11-14 16:00:00+00:00,1.401129961013794,1.403980016708374,1.4005999565124512,1.4035500288009644,0,0.00015000000000000001
2024-11-14 20:00:00+00:00,1.403540015220642,1.407099962234497,1.403499960899353,1.4061399698257446,0,0.00015000000000000001
2024-11-15 00:00:00+00:00,1.4061199426651,1.406980037689209,1.4049999713897705,1.4058300256729126,0,0.00015000000000000001
2024-11-15 04:00:00+00:00,1.4058899879455566,1.4068299531936646,1.4048000574111938,1.4060800075531006,0,0.00015000000000000001
2024-11-15 08:00:00+00:00,1.4060499668121338,1.4063999652862549,1.402899980545044,1.4038399457931519,0,0.00015000000000000001
2024-11-15 12:00:00+00:00,1.4038399457931519,1.4105499982833862,1.4032000303268433,1.4078500270843506,0,0.00015000000000000001
2024-11-15 16:00:00+00:00,1.4077999591827393,1.4092999696731567,1.4061000347137451,1.4091600179672241,0,0.00015000000000000001
2024-11-15 20:00:00+00:00,1.4091500043869019,1.4100899696350098,1.4081599712371826,1.4088000059127808,0,0.00015000000000000001
2024-11-18 00:00:00+00:00,1.4085899591445923,1.4089699983596802,1.406599998474121,1.4084999561309814,0,0.00015000000000000001
2024-11-18 04:00:00+00:00,1.4084899425506592,1.4100600481033325,1.4072999954223633,1.4094899892807007,0,0.00015000000000000001
2024-11-18 08:00:00+00:00,1.409559965133667,1.410249948501587,1.4079999923706055,1.4097599983215332,0,0.00015000000000000001
2024-11-18 12:00:00+00:00,1.4097399711608887,1.409890055656433,1.4039000272750854,1.404919981956482,0,0.00015000000000000001
2024-11-18 16:00:00+00:00,1.404919981956482,1.4051400423049927,1.399899959564209,1.4018199443817139,0,0.00015000000000000001
2024-11-18 20:00:00+00:00,1.4014999866485596,1.4021400213241577,1.4007999897003174,1.402109980583191,0,0.00015000000000000001
2024-11-19 00:00:00+00:00,1.4022200107574463,1.4029300212860107,1.4005999565124512,1.401319980621338,0,0.00015000000000000001
2024-11-19 04:00:00+00:00,1.4012700319290161,1.4026199579238892,1.4005999565124512,1.4020800590515137,0,0.00015000000000000001
2024-11-19 08:00:00+00:00,1.4020899534225464,1.4036600589752197,1.399999976158142,1.4024100303649902,0,0.00015000000000000001
2024-11-19 12:00:00+00:00,1.402400016784668,1.4026600122451782,1.3969000577926636,1.3976500034332275,0,0.00015000000000000001
2024-11-19 16:00:00+00:00,1.3976399898529053,1.3984999656677246,1.3960000276565552,1.3965699672698975,0,0.00015000000000000001
2024-11-19 20:00:00+00:00,1.3965599536895752,1.397070050239563,1.394700050354004,1.3955399990081787,0,0.00015000000000000001
2024-11-20 00:00:00+00:00,1.395509958267212,1.396720051765442,1.3946000337600708,1.3961000442504883,0,0.00015000000000000001
2024-11-20 04:00:00+00:00,1.3961999416351318,1.3966200351715088,1.3946000337600708,1.3964600563049316,0,0.00015000000000000001
2024-11-20 08:00:00+00:00,1.3964600563049316,1.3999799489974976,1.3956999778747559,1.3992799520492554,0,0.00015000000000000001
2024-11-20 12:00:00+00:00,1.3992400169372559,1.4014400243759155,1.3969999551773071,1.4004900455474854,0,0.00015000000000000001
2024-11-20 16:00:00+00:00,1.4005000591278076,1.4012399911880493,1.3975000381469727,1.3983399868011475,0,0.00015000000000000001
2024-11-20 20:00:00+00:00,1.3983399868011475,1.398859977722168,1.396399974822998,1.39683997631073,0,0.00015000000000000001
2024-11-21 00:00:00+00:00,1.39683997631073,1.3973499536514282,1.3961000442504883,1.39683997631073,0,0.00015000000000000001
2024-11-21 04:00:00+00:00,1.3968100547790527,1.3972599506378174,1.3956999778747559,1.3962199687957764,0,0.00015000000000000001
2024-11-21 08:00:00+00:00,1.396209955215454,1.397819995880127,1.3949999809265137,1.3964200019836426,0,0.00015000000000000001
2024-11-21 12:00:00+00:00,1.3964300155639648,1.3974299430847168,1.392799973487854,1.394670009613037,0,0.00015000000000000001
2024-11-21 16:00:00+00:00,1.3946900367736816,1.3969700336456299,1.3941999673843384,1.396340012550354,0,0.00015000000000000001
2024-11-21 20:00:00+00:00,1.3963299989700317,1.398319959640503,1.395900011062622,1.398319959640503,0,0.00015000000000000001
2024-11-22 00:00:00+00:00,1.3983999490737915,1.3983999490737915,1.395799994468689,1.3969700336456299,0,0.00015000000000000001
2024-11-22 04:00:00+00:00,1.3969700336456299,1.398650050163269,1.396399974822998,1.3969899415969849,0,0.00015000000000000001
2024-11-22 08:00:00+00:00,1.3969500064849854,1.4020899534225464,1.395300030708313,1.3994499444961548,0,0.00015000000000000001
2024-11-22 12:00:00+00:00,1.3994899988174438,1.4000099897384644,1.395799994468689,1.3978099822998047,0,0.00015000000000000001
2024-11-22 16:00:00+00:00,1.3976999521255493,1.399340033531189,1.3966000080108643,1.398069977760315,0,0.00015000000000000001
2024-11-22 20:00:00+00:00,1.3980799913406372,1.398800015449524,1.3970999717712402,1.3980000019073486,0,0.00015000000000000001
2024-11-25 00:00:00+00:00,1.3933199644088745,1.3946000337600708,1.392300009727478,1.394320011138916,0,0.00015000000000000001
2024-11-25 04:00:00+00:00,1.3943300247192383,1.3968299627304077,1.3933000564575195,1.3967399597167969,0,0.00015000000000000001
2024-11-25 08:00:00+00:00,1.396780014038086,1.3976199626922607,1.3946000337600708,1.3972599506378174,0,0.00015000000000000001
2024-11-25 12:00:00+00:00,1.3972400426864624,1.3991600275039673,1.3946000337600708,1.3983999490737915,0,0.00015000000000000001
2024-11-25 16:00:00+00:00,1.3988100290298462,1.4007200002670288,1.3964999914169312,1.3977500200271606,0,0.00015000000000000001
2024-11-25 20:00:00+00:00,1.3977500200271606,1.4120399951934814,1.3969999551773071,1.4086999893188477,0,0.00015000000000000001
2024-11-26 00:00:00+00:00,1.409809947013855,1.4177500009536743,1.408400058746338,1.4099600315093994,0,0.00015000000000000001
2024-11-26 04:00:00+00:00,1.4099700450897217,1.413159966468811,1.4081000089645386,1.412310004234314,0,0.00015000000000000001
2024-11-26 08:00:00+00:00,1.4122999906539917,1.4144999980926514,1.4071999788284302,1.408750057220459,0,0.00015000000000000001
2024-11-26 12:00:00+00:00,1.4087400436401367,1.41280996799469,1.4048999547958374,1.405869960784912,0,0.00015000000000000001
2024-11-26 16:00:00+00:00,1.4059200286865234,1.4091999530792236,1.4053000211715698,1.4057999849319458,0,0.00015000000000000001
2024-11-26 20:00:00+00:00,1.4061599969863892,1.4071600437164307,1.4046000242233276,1.4052599668502808,0,0.00015000000000000001
2024-11-27 00:00:00+00:00,1.4052300453186035,1.4071999788284302,1.4040000438690186,1.4063199758529663,0,0.00015000000000000001
2024-11-27 04:00:00+00:00,1.4063199758529663,1.4077999591827393,1.4048000574111938,1.4056999683380127,0,0.00015000000000000001
2024-11-27 08:00:00+00:00,1.4056299924850464,1.4062999486923218,1.402899980545044,1.4052400588989258,0,0.00015000000000000001
2024-11-27 12:00:00+00:00,1.4052400588989258,1.4065500497817993,1.4018000364303589,1.4027400016784668,0,0.00015000000000000001
2024-11-27 16:00:00+00:00,1.4027400016784668,1.4038200378417969,1.4005000591278076,1.4030799865722656,0,0.00015000000000000001
2024-11-27 20:00:00+00:00,1.4030300378799438,1.4035700559616089,1.4018000364303589,1.4026199579238892,0,0.00015000000000000001
2024-11-28 00:00:00+00:00,1.4025700092315674,1.402899980545044,1.4002000093460083,1.4022400379180908,0,0.00015000000000000001
2024-11-28 04:00:00+00:00,1.4022200107574463,1.402809977531433,1.4012999534606934,1.402500033378601,0,0.00015000000000000001
2024-11-28 08:00:00+00:00,1.402500033378601,1.403149962425232,1.399399995803833,1.4007999897003174,0,0.00015000000000000001
2024-11-28 12:00:00+00:00,1.4007999897003174,1.4020099639892578,1.3996000289916992,1.4009300470352173,0,0.00015000000000000001
2024-11-28 16:00:00+00:00,1.400979995727539,1.4011900424957275,1.399899959564209,1.40093994140625,0,0.00015000000000000001
2024-11-28 20:00:00+00:00,1.400920033454895,1.4019700288772583,1.4003000259399414,1.4007999897003174,0,0.00015000000000000001
2024-11-29 00:00:00+00:00,1.4007600545883179,1.4012700319290161,1.3978999853134155,1.3985099792480469,0,0.00015000000000000001
2024-11-29 04:00:00+00:00,1.3984999656677246,1.400339961051941,1.3976000547409058,1.3999500274658203,0,0.00015000000000000001
2024-11-29 08:00:00+00:00,1.3999300003051758,1.4012700319290161,1.3990999460220337,1.4001100063323975,0,0.00015000000000000001
2024-11-29 12:00:00+00:00,1.4001100063323975,1.4045599699020386,1.3995000123977661,1.4004900455474854,0,0.00015000000000000001
2024-11-29 16:00:00+00:00,1.4004900455474854,1.4020299911499023,1.3986999988555908,1.399359941482544,0,0.00015000000000000001
2024-11-29 20:00:00+00:00,1.3994100093841553,1.400689959526062,1.3981000185012817,1.4002000093460083,0,0.00015000000000000001
2024-12-02 00:00:00+00:00,1.4013400077819824,1.4041399955749512,1.4012500047683716,1.4033700227737427,0,0.00015000000000000001
2024-12-02 04:00:00+00:00,1.4033700227737427,1.4041099548339844,1.4016499519348145,1.404099941253662,0,0.00015000000000000001
2024-12-02 08:00:00+00:00,1.4040700197219849,1.4049299955368042,1.4018000364303589,1.4033499956130981,0,0.00015000000000000001
2024-12-02 12:00:00+00:00,1.4033199548721313,1.4089699983596802,1.4026999473571777,1.4080599546432495,0,0.00015000000000000001
2024-12-02 16:00:00+00:00,1.4079999923706055,1.4084899425506592,1.404289960861206,1.4045599699020386,0,0.00015000000000000001
2024-12-02 20:00:00+00:00,1.4045599699020386,1.405210018157959,1.4037400484085083,1.404520034790039,0,0.00015000000000000001
2024-12-03 00:00:00+00:00,1.40461003780365,1.4063999652862549,1.4038900136947632,1.4049299955368042,0,0.00015000000000000001
2024-12-03 04:00:00+00:00,1.404919981956482,1.4057999849319458,1.403439998626709,1.4037799835205078,0,0.00015000000000000001
2024-12-03 08:00:00+00:00,1.4038000106811523,1.4040800333023071,1.4009000062942505,1.4038599729537964,0,0.00015000000000000001
2024-12-03 12:00:00+00:00,1.403880000114441,1.407189965248108,1.4025800228118896,1.4065500497817993,0,0.00015000000000000001
2024-12-03 16:00:00+00:00,1.406559944152832,1.4076000452041626,1.4042999744415283,1.406599998474121,0,0.00015000000000000001
2024-12-03 20:00:00+00:00,1.4069099426269531,1.4072400331497192,1.4056999683380127,1.4065699577331543,0,0.00015000000000000001
2024-12-04 00:00:00+00:00,1.406499981880188,1.4082800149917603,1.4056999683380127,1.4075000286102295,0,0.00015000000000000001
2024-12-04 04:00:00+00:00,1.4078999757766724,1.4080499410629272,1.4050999879837036,1.4056999683380127,0,0.00015000000000000001
2024-12-04 08:00:00+00:00,1.4060699939727783,1.4082000255584717,1.4048000574111938,1.4054499864578247,0,0.00015000000000000001
2024-12-04 12:00:00+00:00,1.4054700136184692,1.4079999923706055,1.4048999547958374,1.4064600467681885,0,0.00015000000000000001
2024-12-04 16:00:00+00:00,1.4063899517059326,1.4078400135040283,1.405400037765503,1.406000018119812,0,0.00015000000000000001
2024-12-04 20:00:00+00:00,1.4063999652862549,1.4075000286102295,1.405500054359436,1.4073200225830078,0,0.00015000000000000001
2024-12-05 00:00:00+00:00,1.407170057296753,1.4079400300979614,1.4062000513076782,1.4069600105285645,0,0.00015000000000000001
2024-12-05 04:00:00+00:00,1.4069499969482422,1.4074000120162964,1.4058899879455566,1.4061299562454224,0,0.00015000000000000001
2024-12-05 08:00:00+00:00,1.4061299562454224,1.4064799547195435,1.4052799940109253,1.4054100513458252,0,0.00015000000000000001
2024-12-05 12:00:00+00:00,1.405419945716858,1.4063400030136108,1.4006999731063843,1.4033399820327759,0,0.00015000000000000001
2024-12-05 16:00:00+00:00,1.4035099744796753,1.4066599607467651,1.4020999670028687,1.4027800559997559,0,0.00015000000000000001
2024-12-05 20:00:00+00:00,1.4027800559997559,1.4032399654388428,1.4012999534606934,1.4017000198364258,0,0.00015000000000000001
2024-12-06 00:00:00+00:00,1.4018900394439697,1.4042999744415283,1.4014999866485596,1.4026000499725342,0,0.00015000000000000001
2024-12-06 04:00:00+00:00,1.4029899835586548,1.404170036315918,1.4026000499725342,1.4032000303268433,0,0.00015000000000000001
2024-12-06 08:00:00+00:00,1.4032000303268433,1.4046499729156494,1.4021999835968018,1.404099941253662,0,0.00015000000000000001
2024-12-06 12:00:00+00:00,1.4044300317764282,1.4156500101089478,1.4038000106811523,1.4137699604034424,0,0.00015000000000000001
2024-12-06 16:00:00+00:00,1.4137699604034424,1.416450023651123,1.4128999710083008,1.415869951248169,0,0.00015000000000000001
2024-12-06 20:00:00+00:00,1.4158799648284912,1.416260004043579,1.4144999980926514,1.4155000448226929,0,0.00015000000000000001
2024-12-09 00:00:00+00:00,1.4147800207138062,1.416599988937378,1.4143999814987183,1.4164799451828003,0,0.00015000000000000001
2024-12-09 04:00:00+00:00,1.4164700508117676,1.4175100326538086,1.4149999618530273,1.4156399965286255,0,0.00015000000000000001
2024-12-09 08:00:00+00:00,1.41566002368927,1.4162100553512573,1.412500023841858,1.413390040397644,0,0.00015000000000000001
2024-12-09 12:00:00+00:00,1.4133800268173218,1.4135299921035767,1.4089000225067139,1.411329984664917,0,0.00015000000000000001
2024-12-09 16:00:00+00:00,1.4113800525665283,1.4164199829101562,1.4108999967575073,1.4158200025558472,0,0.00015000000000000001
2024-12-09 20:00:00+00:00,1.415809988975525,1.4175100326538086,1.4153000116348267,1.417449951171875,0,0.00015000000000000001
2024-12-10 00:00:00+00:00,1.4174599647521973,1.4189499616622925,1.4164999723434448,1.417799949645996,0,0.00015000000000000001
2024-12-10 04:00:00+00:00,1.418179988861084,1.4185600280761719,1.4163000583648682,1.418470025062561,0,0.00015000000000000001
2024-12-10 08:00:00+00:00,1.4184600114822388,1.4194899797439575,1.4160000085830688,1.4160000085830688,0,0.00015000000000000001
2024-12-10 12:00:00+00:00,1.4163999557495117,1.419409990310669,1.4153000116348267,1.4169299602508545,0,0.00015000000000000001
2024-12-10 16:00:00+00:00,1.416599988937378,1.417099952697754,1.4150999784469604,1.4164299964904785,0,0.00015000000000000001
2024-12-10 20:00:00+00:00,1.416450023651123,1.4181900024414062,1.4158999919891357,1.41743004322052,0,0.00015000000000000001
2024-12-11 00:00:00+00:00,1.4174699783325195,1.4178199768066406,1.4155000448226929,1.4163399934768677,0,0.00015000000000000001
2024-12-11 04:00:00+00:00,1.4158999919891357,1.419100046157837,1.4157999753952026,1.4189900159835815,0,0.00015000000000000001
2024-12-11 08:00:00+00:00,1.4189499616622925,1.419350028038025,1.4172999858856201,1.418179988861084,0,0.00015000000000000001
2024-12-11 12:00:00+00:00,1.4181599617004395,1.4194799661636353,1.4115999937057495,1.4141099452972412,0,0.00015000000000000001
2024-12-11 16:00:00+00:00,1.4140599966049194,1.4170299768447876,1.4119000434875488,1.4161399602890015,0,0.00015000000000000001
2024-12-11 20:00:00+00:00,1.4161299467086792,1.4167399406433105,1.4144999980926514,1.4148900508880615,0,0.00015000000000000001
2024-12-12 00:00:00+00:00,1.4148399829864502,1.4155100584030151,1.413100004196167,1.4144999980926514,0,0.00015000000000000001
2024-12-12 04:00:00+00:00,1.414829969406128,1.4151999950408936,1.413100004196167,1.4147599935531616,0,0.00015000000000000001
2024-12-12 08:00:00+00:00,1.4147100448608398,1.4154399633407593,1.4127000570297241,1.4153900146484375,0,0.00015000000000000001
2024-12-12 12:00:00+00:00,1.4153599739074707,1.4199700355529785,1.4149999618530273,1.4183800220489502,0,0.00015000000000000001
2024-12-12 16:00:00+00:00,1.418429970741272,1.4212100505828857,1.4164999723434448,1.4207199811935425,0,0.00015000000000000001
2024-12-12 20:00:00+00:00,1.4207700490951538,1.4227999448776245,1.4199999570846558,1.4216699600219727,0,0.00015000000000000001
2024-12-13 00:00:00+00:00,1.4215999841690063,1.424049973487854,1.4211000204086304,1.4240000247955322,0,0.00015000000000000001
2024-12-13 04:00:00+00:00,1.4240000247955322,1.424399971961975,1.4222999811172485,1.4227999448776245,0,0.00015000000000000001
2024-12-13 08:00:00+00:00,1.4232200384140015,1.4236899614334106,1.4212000370025635,1.4218800067901611,0,0.00015000000000000001
2024-12-13 12:00:00+00:00,1.421820044517517,1.424489974975586,1.4205000400543213,1.4237600564956665,0,0.00015000000000000001
2024-12-13 16:00:00+00:00,1.4237500429153442,1.4243500232696533,1.4219000339508057,1.423259973526001,0,0.00015000000000000001
2024-12-13 20:00:00+00:00,1.4232200384140015,1.4240399599075317,1.4225000143051147,1.42330002784729,0,0.00015000000000000001
2024-12-16 00:00:00+00:00,1.4225800037384033,1.422950029373169,1.4213000535964966,1.4226100444793701,0,0.00015000000000000001
2024-12-16 04:00:00+00:00,1.4226100444793701,1.4230400323867798,1.4214999675750732,1.4223400354385376,0,0.00015000000000000001
2024-12-16 08:00:00+00:00,1.4222899675369263,1.424399971961975,1.4214999675750732,1.4240700006484985,0,0.00015000000000000001
2024-12-16 12:00:00+00:00,1.4240700006484985,1.4270399808883667,1.4218000173568726,1.4227800369262695,0,0.00015000000000000001
2024-12-16 16:00:00+00:00,1.4228899478912354,1.4242199659347534,1.4220000505447388,1.4236899614334106,0,0.00015000000000000001
2024-12-16 20:00:00+00:00,1.4234999418258667,1.42507004737854,1.4229999780654907,1.4234100580215454,0,0.00015000000000000001
2024-12-17 00:00:00+00:00,1.4234399795532227,1.4254399538040161,1.4227999448776245,1.4253499507904053,0,0.00015000000000000001
2024-12-17 04:00:00+00:00,1.4253499507904053,1.4271700382232666,1.4249000549316406,1.4268399477005005,0,0.00015000000000000001
2024-12-17 08:00:00+00:00,1.4264999628067017,1.4293500185012817,1.4263999462127686,1.4277000427246094,0,0.00015000000000000001
2024-12-17 12:00:00+00:00,1.428030014038086,1.4320499897003174,1.4264999628067017,1.4312100410461426,0,0.00015000000000000001
2024-12-17 16:00:00+00:00,1.4311800003051758,1.4323400259017944,1.4299999475479126,1.4309200048446655,0,0.00015000000000000001
2024-12-17 20:00:00+00:00,1.4309699535369873,1.431589961051941,1.4299999475479126,1.4309699535369873,0,0.00015000000000000001
2024-12-18 00:00:00+00:00,1.4309899806976318,1.4323999881744385,1.4305000305175781,1.4323400259017944,0,0.00015000000000000001
2024-12-18 04:00:00+00:00,1.4323099851608276,1.4331300258636475,1.4318000078201294,1.4329099655151367,0,0.00015000000000000001
2024-12-18 08:00:00+00:00,1.4329400062561035,1.4331899881362915,1.4313000440597534,1.4326000213623047,0,0.00015000000000000001
2024-12-18 12:00:00+00:00,1.432610034942627,1.4328099489212036,1.4299999475479126,1.4323500394821167,0,0.00015000000000000001
2024-12-18 16:00:00+00:00,1.4324100017547607,1.4424999952316284,1.43149995803833,1.4416500329971313,0,0.00015000000000000001
2024-12-18 20:00:00+00:00,1.4416300058364868,1.4467099905014038,1.440600037574768,1.4460999965667725,0,0.00015000000000000001
2024-12-19 00:00:00+00:00,1.4462000131607056,1.4462000131607056,1.4422999620437622,1.4433599710464478,0,0.00015000000000000001
2024-12-19 04:00:00+00:00,1.443310022354126,1.4443000555038452,1.441499948501587,1.4421499967575073,0,0.00015000000000000001
2024-12-19 08:00:00+00:00,1.4421600103378296,1.4422600269317627,1.437600016593933,1.4378999471664429,0,0.00015000000000000001
2024-12-19 12:00:00+00:00,1.4382400512695312,1.4386299848556519,1.434000015258789,1.4368799924850464,0,0.00015000000000000001
2024-12-19 16:00:00+00:00,1.4368799924850464,1.4390100240707397,1.4342999458312988,1.438789963722229,0,0.00015000000000000001
2024-12-19 20:00:00+00:00,1.438770055770874,1.4404000043869019,1.4375,1.4402300119400024,0,0.00015000000000000001
2024-12-20 00:00:00+00:00,1.4400999546051025,1.4435399770736694,1.4392999410629272,1.4431099891662598,0,0.00015000000000000001
2024-12-20 04:00:00+00:00,1.4430899620056152,1.4430999755859375,1.4378999471664429,1.438420057296753,0,0.00015000000000000001
2024-12-20 08:00:00+00:00,1.4384900331497192,1.439210057258606,1.4366999864578247,1.438920021057129,0,0.00015000000000000001
2024-12-20 12:00:00+00:00,1.438920021057129,1.4397000074386597,1.4351999759674072,1.4368499517440796,0,0.00015000000000000001
2024-12-20 16:00:00+00:00,1.4368000030517578,1.4379199743270874,1.4332000017166138,1.4349000453948975,0,0.00015000000000000001
2024-12-20 20:00:00+00:00,1.4352699518203735,1.4376200437545776,1.4349000453948975,1.4368000030517578,0,0.00015000000000000001
2024-12-23 00:00:00+00:00,1.4359899759292603,1.43641996383667,1.434499979019165,1.435770034790039,0,0.00015000000000000001
2024-12-23 04:00:00+00:00,1.4357600212097168,1.4388999938964844,1.4348000288009644,1.438830018043518,0,0.00015000000000000001
2024-12-23 08:00:00+00:00,1.4387999773025513,1.4407000541687012,1.4361000061035156,1.4400800466537476,0,0.00015000000000000001
2024-12-23 12:00:00+00:00,1.4400800466537476,1.4433300495147705,1.4395999908447266,1.4407999515533447,0,0.00015000000000000001
2024-12-23 16:00:00+00:00,1.4411499500274658,1.4418200254440308,1.4364999532699585,1.436900019645691,0,0.00015000000000000001
2024-12-23 20:00:00+00:00,1.4371800422668457,1.437749981880188,1.4363000392913818,1.4373799562454224,0,0.00015000000000000001
2024-12-24 00:00:00+00:00,1.437399983406067,1.4386999607086182,1.4368000030517578,1.4382699728012085,0,0.00015000000000000001
2024-12-24 04:00:00+00:00,1.438099980354309,1.4386399984359741,1.4368000030517578,1.438289999961853,0,0.00015000000000000001
2024-12-24 08:00:00+00:00,1.4382699728012085,1.440440058708191,1.4377000331878662,1.4402799606323242,0,0.00015000000000000001
2024-12-24 12:00:00+00:00,1.440269947052002,1.4420299530029297,1.4358999729156494,1.438099980354309,0,0.00015000000000000001
2024-12-24 16:00:00+00:00,1.4381300210952759,1.439229965209961,1.4351999759674072,1.4364999532699585,0,0.00015000000000000001
2024-12-24 20:00:00+00:00,1.4364299774169922,1.4365999698638916,1.4342999458312988,1.4351999759674072,0,0.00015000000000000001
2024-12-25 00:00:00+00:00,1.434999942779541,1.4372400045394897,1.434999942779541,1.435520052909851,0,0.00015000000000000001
2024-12-25 04:00:00+00:00,1.4358400106430054,1.4361000061035156,1.4351999759674072,1.4357999563217163,0,0.00015000000000000001
2024-12-25 08:00:00+00:00,1.4357999563217163,1.4363000392913818,1.4357999563217163,1.4363000392913818,0,0.00015000000000000001
2024-12-25 12:00:00+00:00,1.4363000392913818,1.4363000392913818,1.4361000061035156,1.4363000392913818,0,0.00015000000000000001
2024-12-25 16:00:00+00:00,1.4363000392913818,1.4364999532699585,1.4354000091552734,1.4364999532699585,0,0.00015000000000000001
2024-12-25 20:00:00+00:00,1.4362000226974487,1.4365999698638916,1.4348000288009644,1.4353899955749512,0,0.00015000000000000001
2024-12-26 00:00:00+00:00,1.4352699518203735,1.4363000392913818,1.434499979019165,1.435349941253662,0,0.00015000000000000001
2024-12-26 04:00:00+00:00,1.4354100227355957,1.4384100437164307,1.4349000453948975,1.4381599426269531,0,0.00015000000000000001
2024-12-26 08:00:00+00:00,1.4381599426269531,1.440459966659546,1.4377000331878662,1.4382799863815308,0,0.00015000000000000001
2024-12-26 12:00:00+00:00,1.4382699728012085,1.4415899515151978,1.4377000331878662,1.4411200284957886,0,0.00015000000000000001
2024-12-26 16:00:00+00:00,1.4412000179290771,1.4420499801635742,1.4397000074386597,1.4414299726486206,0,0.00015000000000000001
2024-12-26 20:00:00+00:00,1.4414700269699097,1.4417999982833862,1.4399000406265259,1.4409500360488892,0,0.00015000000000000001
2024-12-27 00:00:00+00:00,1.4409300088882446,1.4415700435638428,1.4400999546051025,1.4407600164413452,0,0.00015000000000000001
2024-12-27 04:00:00+00:00,1.4407700300216675,1.441059947013855,1.4399000406265259,1.4404100179672241,0,0.00015000000000000001
2024-12-27 08:00:00+00:00,1.4404799938201904,1.4411499500274658,1.4385000467300415,1.439039945602417,0,0.00015000000000000001
2024-12-27 12:00:00+00:00,1.439039945602417,1.442139983177185,1.4371000528335571,1.4408600330352783,0,0.00015000000000000001
2024-12-27 16:00:00+00:00,1.4408400058746338,1.4449399709701538,1.4402999877929688,1.4407000541687012,0,0.00015000000000000001
2024-12-27 20:00:00+00:00,1.4410699605941772,1.4421199560165405,1.440600037574768,1.440600037574768,0,0.00015000000000000001
2024-12-30 00:00:00+00:00,1.4402300119400024,1.440750002861023,1.4392999410629272,1.4396699666976929,0,0.00015000000000000001
2024-12-30 04:00:00+00:00,1.4396699666976929,1.440060019493103,1.438099980354309,1.4398000240325928,0,0.00015000000000000001
2024-12-30 08:00:00+00:00,1.4397300481796265,1.4410500526428223,1.436900019645691,1.4377700090408325,0,0.00015000000000000001
2024-12-30 12:00:00+00:00,1.437749981880188,1.4432899951934814,1.436900019645691,1.4386600255966187,0,0.00015000000000000001
2024-12-30 16:00:00+00:00,1.4384000301361084,1.4393500089645386,1.434000015258789,1.4358899593353271,0,0.00015000000000000001
2024-12-30 20:00:00+00:00,1.4358700513839722,1.436710000038147,1.434399962425232,1.434999942779541,0,0.00015000000000000001
2024-12-31 00:00:00+00:00,1.4345999956130981,1.4362000226974487,1.43340003490448,1.4349000453948975,0,0.00015000000000000001
2024-12-31 04:00:00+00:00,1.4348900318145752,1.437019944190979,1.434000015258789,1.4368200302124023,0,0.00015000000000000001
2024-12-31 08:00:00+00:00,1.4367599487304688,1.4382699728012085,1.4359999895095825,1.4378000497817993,0,0.00015000000000000001
2024-12-31 12:00:00+00:00,1.437999963760376,1.4407999515533447,1.4359999895095825,1.4378900527954102,0,0.00015000000000000001
2024-12-31 16:00:00+00:00,1.4378700256347656,1.440940022468567,1.437000036239624,1.4381599426269531,0,0.00015000000000000001
2024-12-31 20:00:00+00:00,1.4381799697875977,1.4383000135421753,1.4366999864578247,1.437999963760376,0,0.00015000000000000001
2025-01-01 00:00:00+00:00,1.437999963760376,1.437999963760376,1.4378000497817993,1.437999963760376,0,0.00015000000000000001
2025-01-01 04:00:00+00:00,1.437999963760376,1.437999963760376,1.4378000497817993,1.437999963760376,0,0.00015000000000000001
2025-01-01 08:00:00+00:00,1.437999963760376,1.437999963760376,1.437999963760376,1.437999963760376,0,0.00015000000000000001
2025-01-01 12:00:00+00:00,1.437999963760376,1.437999963760376,1.437999963760376,1.437999963760376,0,0.00015000000000000001
2025-01-01 16:00:00+00:00,1.437999963760376,1.4385000467300415,1.4375,1.4378000497817993,0,0.00015000000000000001
2025-01-01 20:00:00+00:00,1.4377000331878662,1.4392399787902832,1.4371000528335571,1.4375,0,0.00015000000000000001
2025-01-02 00:00:00+00:00,1.4374799728393555,1.438599944114685,1.436400055885315,1.4371999502182007,0,0.00015000000000000001
2025-01-02 04:00:00+00:00,1.4375900030136108,1.4407700300216675,1.4366999864578247,1.4402999877929688,0,0.00015000000000000001
2025-01-02 08:00:00+00:00,1.4404900074005127,1.4428499937057495,1.4395999908447266,1.4417699575424194,0,0.00015000000000000001
2025-01-02 12:00:00+00:00,1.4418100118637085,1.4438899755477905,1.440999984741211,1.4421800374984741,0,0.00015000000000000001
2025-01-02 16:00:00+00:00,1.4422099590301514,1.444200038909912,1.4387999773025513,1.44173002243042,0,0.00015000000000000001
2025-01-02 20:00:00+00:00,1.4417400360107422,1.4417500495910645,1.4392999410629272,1.4403799772262573,0,0.00015000000000000001
2025-01-03 00:00:00+00:00,1.4404000043869019,1.4404699802398682,1.4378999471664429,1.4383800029754639,0,0.00015000000000000001
2025-01-03 04:00:00+00:00,1.4383800029754639,1.4402999877929688,1.4378999471664429,1.4398000240325928,0,0.00015000000000000001
2025-01-03 08:00:00+00:00,1.4393999576568604,1.440459966659546,1.4383000135421753,1.4392499923706055,0,0.00015000000000000001
2025-01-03 12:00:00+00:00,1.4392900466918945,1.4454100131988525,1.4387999773025513,1.443560004234314,0,0.00015000000000000001
2025-01-03 16:00:00+00:00,1.4435299634933472,1.4463399648666382,1.4428999423980713,1.444790005683899,0,0.00015000000000000001
2025-01-03 20:00:00+00:00,1.4448299407958984,1.44514000415802,1.443600058555603,1.4444999694824219,0,0.00015000000000000001
2025-01-06 00:00:00+00:00,1.4438199996948242,1.4444999694824219,1.4383000135421753,1.4403599500656128,0,0.00015000000000000001
2025-01-06 04:00:00+00:00,1.4403799772262573,1.4405499696731567,1.438099980354309,1.4390000104904175,0,0.00015000000000000001
2025-01-06 08:00:00+00:00,1.4389899969100952,1.4394400119781494,1.429800033569336,1.4300999641418457,0,0.00015000000000000001
2025-01-06 12:00:00+00:00,1.429800033569336,1.4372600317001343,1.4276000261306763,1.436079978942871,0,0.00015000000000000001
2025-01-06 16:00:00+00:00,1.4360599517822266,1.4378999471664429,1.4332000017166138,1.43340003490448,0,0.00015000000000000001
2025-01-06 20:00:00+00:00,1.4336700439453125,1.434559941291809,1.4322999715805054,1.4341100454330444,0,0.00015000000000000001
2025-01-07 00:00:00+00:00,1.4341000318527222,1.434999942779541,1.4319000244140625,1.43231999874115,0,0.00015000000000000001
2025-01-07 04:00:00+00:00,1.43231999874115,1.4324500560760498,1.430400013923645,1.430780053138733,0,0.00015000000000000001
2025-01-07 08:00:00+00:00,1.4307199716567993,1.431839942932129,1.4293999671936035,1.431570053100586,0,0.00015000000000000001
2025-01-07 12:00:00+00:00,1.4313000440597534,1.4365999698638916,1.4296000003814697,1.4342000484466553,0,0.00015000000000000001
2025-01-07 16:00:00+00:00,1.4344799518585205,1.4358999729156494,1.4313000440597534,1.4346799850463867,0,0.00015000000000000001
2025-01-07 20:00:00+00:00,1.4347100257873535,1.437059998512268,1.4342999458312988,1.436400055885315,0,0.00015000000000000001
2025-01-08 00:00:00+00:00,1.436519980430603,1.4365700483322144,1.434000015258789,1.4350099563598633,0,0.00015000000000000001
2025-01-08 04:00:00+00:00,1.4349700212478638,1.4364299774169922,1.433500051498413,1.436020016670227,0,0.00015000000000000001
2025-01-08 08:00:00+00:00,1.4360100030899048,1.4409600496292114,1.4345999956130981,1.4389599561691284,0,0.00015000000000000001
2025-01-08 12:00:00+00:00,1.438979983329773,1.440659999847412,1.4377000331878662,1.4386600255966187,0,0.00015000000000000001
2025-01-08 16:00:00+00:00,1.4386800527572632,1.439769983291626,1.4371000528335571,1.438599944114685,0,0.00015000000000000001
2025-01-08 20:00:00+00:00,1.4387799501419067,1.4392499923706055,1.4366999864578247,1.4376699924468994,0,0.00015000000000000001
2025-01-09 00:00:00+00:00,1.4376499652862549,1.4386099576950073,1.4361000061035156,1.4376100301742554,0,0.00015000000000000001
2025-01-09 04:00:00+00:00,1.4376300573349,1.4401500225067139,1.4366999864578247,1.4399700164794922,0,0.00015000000000000001
2025-01-09 08:00:00+00:00,1.4399700164794922,1.4404900074005127,1.437399983406067,1.4395999908447266,0,0.00015000000000000001
2025-01-09 12:00:00+00:00,1.439579963684082,1.4404100179672241,1.4381999969482422,1.4397799968719482,0,0.00015000000000000001
2025-01-09 16:00:00+00:00,1.4398800134658813,1.4404000043869019,1.4384000301361084,1.4388999938964844,0,0.00015000000000000001
2025-01-09 20:00:00+00:00,1.4392399787902832,1.4402400255203247,1.4383000135421753,1.4401099681854248,0,0.00015000000000000001
2025-01-10 00:00:00+00:00,1.4401400089263916,1.4412399530410767,1.4392000436782837,1.4407999515533447,0,0.00015000000000000001
2025-01-10 04:00:00+00:00,1.441100001335144,1.442199945449829,1.4400999546051025,1.4405299425125122,0,0.00015000000000000001
2025-01-10 08:00:00+00:00,1.440500020980835,1.44173002243042,1.4391000270843506,1.4408400058746338,0,0.00015000000000000001
2025-01-10 12:00:00+00:00,1.4408899545669556,1.4436999559402466,1.437000036239624,1.4423199892044067,0,0.00015000000000000001
2025-01-10 16:00:00+00:00,1.4422999620437622,1.4442499876022339,1.4407000541687012,1.4423999786376953,0,0.00015000000000000001
2025-01-10 20:00:00+00:00,1.4426499605178833,1.4437099695205688,1.441499948501587,1.4417699575424194,0,0.00015000000000000001
2025-01-13 00:00:00+00:00,1.4414700269699097,1.4442700147628784,1.440999984741211,1.4442100524902344,0,0.00015000000000000001
2025-01-13 04:00:00+00:00,1.4442399740219116,1.444700002670288,1.4423999786376953,1.4431300163269043,0,0.00015000000000000001
2025-01-13 08:00:00+00:00,1.4431400299072266,1.4440100193023682,1.440999984741211,1.4428000450134277,0,0.00015000000000000001
2025-01-13 12:00:00+00:00,1.4430299997329712,1.4433599710464478,1.4388999938964844,1.4420599937438965,0,0.00015000000000000001
2025-01-13 16:00:00+00:00,1.442020058631897,1.4427299499511719,1.4399000406265259,1.4411699771881104,0,0.00015000000000000001
2025-01-13 20:00:00+00:00,1.4411900043487549,1.441230058670044,1.433899998664856,1.436400055885315,0,0.00015000000000000001
2025-01-14 00:00:00+00:00,1.4364700317382812,1.4387999773025513,1.4358999729156494,1.4372999668121338,0,0.00015000000000000001
2025-01-14 04:00:00+00:00,1.4376800060272217,1.4386399984359741,1.4365999698638916,1.4375699758529663,0,0.00015000000000000001
2025-01-14 08:00:00+00:00,1.4375200271606445,1.4383399486541748,1.4352999925613403,1.4377000331878662,0,0.00015000000000000001
2025-01-14 12:00:00+00:00,1.4380099773406982,1.4410099983215332,1.4347000122070312,1.4353400468826294,0,0.00015000000000000001
2025-01-14 16:00:00+00:00,1.435379981994629,1.4381099939346313,1.4347000122070312,1.4365099668502808,0,0.00015000000000000001
2025-01-14 20:00:00+00:00,1.4364700317382812,1.4368799924850464,1.4342000484466553,1.4351999759674072,0,0.00015000000000000001
2025-01-15 00:00:00+00:00,1.435130000114441,1.4359699487686157,1.4347000122070312,1.4352600574493408,0,0.00015000000000000001
2025-01-15 04:00:00+00:00,1.4352099895477295,1.4364099502563477,1.4335999488830566,1.4342000484466553,0,0.00015000000000000001
2025-01-15 08:00:00+00:00,1.4342000484466553,1.4352999925613403,1.4325000047683716,1.4344500303268433,0,0.00015000000000000001
2025-01-15 12:00:00+00:00,1.4344300031661987,1.4366999864578247,1.429800033569336,1.4340800046920776,0,0.00015000000000000001
2025-01-15 16:00:00+00:00,1.4336999654769897,1.4357999563217163,1.4323999881744385,1.432860016822815,0,0.00015000000000000001
2025-01-15 20:00:00+00:00,1.4328500032424927,1.4342900514602661,1.4319299459457397,1.4321000576019287,0,0.00015000000000000001
2025-01-16 00:00:00+00:00,1.4324699640274048,1.435420036315918,1.4318000078201294,1.43517005443573,0,0.00015000000000000001
2025-01-16 04:00:00+00:00,1.4351799488067627,1.4366999864578247,1.434399962425232,1.4356000423431396,0,0.00015000000000000001
2025-01-16 08:00:00+00:00,1.4355700016021729,1.4384100437164307,1.434999942779541,1.437000036239624,0,0.00015000000000000001
2025-01-16 12:00:00+00:00,1.4372899532318115,1.4395099878311157,1.4368000030517578,1.438730001449585,0,0.00015000000000000001
2025-01-16 16:00:00+00:00,1.4387400150299072,1.4400800466537476,1.4363000392913818,1.4395400285720825,0,0.00015000000000000001
2025-01-16 20:00:00+00:00,1.4394899606704712,1.4403200149536133,1.4385000467300415,1.4394299983978271,0,0.00015000000000000001
2025-01-17 00:00:00+00:00,1.4393999576568604,1.4402899742126465,1.4384000301361084,1.4394199848175049,0,0.00015000000000000001
2025-01-17 04:00:00+00:00,1.4394099712371826,1.4413000345230103,1.4390000104904175,1.4407099485397339,0,0.00015000000000000001
2025-01-17 08:00:00+00:00,1.4404000043869019,1.4417400360107422,1.4398000240325928,1.4412000179290771,0,0.00015000000000000001
2025-01-17 12:00:00+00:00,1.4408999681472778,1.4464099407196045,1.4377000331878662,1.440019965171814,0,0.00015000000000000001
2025-01-17 16:00:00+00:00,1.440060019493103,1.4464800357818604,1.4395999908447266,1.4460200071334839,0,0.00015000000000000001
2025-01-17 20:00:00+00:00,1.4460200071334839,1.448449969291687,1.4457000494003296,1.4479999542236328,0,0.00015000000000000001
2025-01-20 00:00:00+00:00,1.4470200538635254,1.4472999572753906,1.444200038909912,1.4445799589157104,0,0.00015000000000000001
2025-01-20 04:00:00+00:00,1.4445099830627441,1.4457000494003296,1.444000005722046,1.4444999694824219,0,0.00015000000000000001
2025-01-20 08:00:00+00:00,1.4445199966430664,1.447849988937378,1.4444799423217773,1.446179986000061,0,0.00015000000000000001
2025-01-20 12:00:00+00:00,1.4461599588394165,1.4470000267028809,1.4260499477386475,1.4339300394058228,0,0.00015000000000000001
2025-01-20 16:00:00+00:00,1.4339300394058228,1.4380899667739868,1.4286999702453613,1.4301999807357788,0,0.00015000000000000001
2025-01-20 20:00:00+00:00,1.4303699731826782,1.4318100214004517,1.4280999898910522,1.4302599430084229,0,0.00015000000000000001
2025-01-21 00:00:00+00:00,1.4302599430084229,1.4515700340270996,1.4285999536514282,1.4415299892425537,0,0.00015000000000000001
2025-01-21 04:00:00+00:00,1.4415600299835205,1.445449948310852,1.440000057220459,1.445199966430664,0,0.00015000000000000001
2025-01-21 08:00:00+00:00,1.4452500343322754,1.4457499980926514,1.440999984741211,1.4446200132369995,0,0.00015000000000000001
2025-01-21 12:00:00+00:00,1.4446200132369995,1.4456299543380737,1.436400055885315,1.4378299713134766,0,0.00015000000000000001
2025-01-21 16:00:00+00:00,1.4378000497817993,1.437849998474121,1.4313000440597534,1.4334399700164795,0,0.00015000000000000001
2025-01-21 20:00:00+00:00,1.4334399700164795,1.4350800514221191,1.430999994277954,1.4340800046920776,0,0.00015000000000000001
2025-01-22 00:00:00+00:00,1.4340800046920776,1.4341399669647217,1.4312000274658203,1.433769941329956,0,0.00015000000000000001
2025-01-22 04:00:00+00:00,1.4335999488830566,1.435439944267273,1.4327000379562378,1.4334800243377686,0,0.00015000000000000001
2025-01-22 08:00:00+00:00,1.4334700107574463,1.4337999820709229,1.429800033569336,1.4333399534225464,0,0.00015000000000000001
2025-01-22 12:00:00+00:00,1.4333100318908691,1.4391000270843506,1.4322999715805054,1.4375900030136108,0,0.00015000000000000001
2025-01-22 16:00:00+00:00,1.4371999502182007,1.43818998336792,1.434999942779541,1.437000036239624,0,0.00015000000000000001
2025-01-22 20:00:00+00:00,1.4370299577713013,1.4404200315475464,1.4361000061035156,1.4393999576568604,0,0.00015000000000000001
2025-01-23 00:00:00+00:00,1.4395300149917603,1.4404000043869019,1.4378000497817993,1.4390000104904175,0,0.00015000000000000001
2025-01-23 04:00:00+00:00,1.4387999773025513,1.4401999711990356,1.438099980354309,1.4388799667358398,0,0.00015000000000000001
2025-01-23 08:00:00+00:00,1.4388600587844849,1.4401999711990356,1.4378999471664429,1.4395300149917603,0,0.00015000000000000001
2025-01-23 12:00:00+00:00,1.4392000436782837,1.4413399696350098,1.4365999698638916,1.437980055809021,0,0.00015000000000000001
2025-01-23 16:00:00+00:00,1.4379199743270874,1.4394199848175049,1.4329999685287476,1.4361599683761597,0,0.00015000000000000001
2025-01-23 20:00:00+00:00,1.4361399412155151,1.4386199712753296,1.4351999759674072,1.4376399517059326,0,0.00015000000000000001
2025-01-24 00:00:00+00:00,1.437600016593933,1.4383399486541748,1.4316999912261963,1.4333800077438354,0,0.00015000000000000001
2025-01-24 04:00:00+00:00,1.4333499670028687,1.4348700046539307,1.4315999746322632,1.4341000318527222,0,0.00015000000000000001
2025-01-24 08:00:00+00:00,1.434340000152588,1.434749960899353,1.4311000108718872,1.4334399700164795,0,0.00015000000000000001
2025-01-24 12:00:00+00:00,1.43340003490448,1.4349600076675415,1.431399941444397,1.4327199459075928,0,0.00015000000000000001
2025-01-24 16:00:00+00:00,1.4327199459075928,1.4347200393676758,1.4321000576019287,1.4342399835586548,0,0.00015000000000000001
2025-01-24 20:00:00+00:00,1.433899998664856,1.4350700378417969,1.4332000017166138,1.4342000484466553,0,0.00015000000000000001
2025-01-27 00:00:00+00:00,1.43858003616333,1.4401600360870361,1.4363000392913818,1.4377000331878662,0,0.00015000000000000001
2025-01-27 04:00:00+00:00,1.4377000331878662,1.4400299787521362,1.436900019645691,1.4399900436401367,0,0.00015000000000000001
2025-01-27 08:00:00+00:00,1.4399399757385254,1.440000057220459,1.4342999458312988,1.4360899925231934,0,0.00015000000000000001
2025-01-27 12:00:00+00:00,1.4361000061035156,1.4395400285720825,1.4328999519348145,1.4383800029754639,0,0.00015000000000000001
2025-01-27 16:00:00+00:00,1.438480019569397,1.440119981765747,1.4371000528335571,1.4372999668121338,0,0.00015000000000000001
2025-01-27 20:00:00+00:00,1.4376599788665771,1.4415500164031982,1.4362000226974487,1.4401899576187134,0,0.00015000000000000001
2025-01-28 00:00:00+00:00,1.440500020980835,1.4407399892807007,1.4377000331878662,1.4399299621582031,0,0.00015000000000000001
2025-01-28 04:00:00+00:00,1.4399000406265259,1.4405499696731567,1.4386999607086182,1.440000057220459,0,0.00015000000000000001
2025-01-28 08:00:00+00:00,1.4403400421142578,1.4416600465774536,1.4384000301361084,1.441580057144165,0,0.00015000000000000001
2025-01-28 12:00:00+00:00,1.4415899515151978,1.4420000314712524,1.436400055885315,1.4387999773025513,0,0.00015000000000000001
2025-01-28 16:00:00+00:00,1.4391900300979614,1.4413199424743652,1.437999963760376,1.439460039138794,0,0.00015000000000000001
2025-01-28 20:00:00+00:00,1.439460039138794,1.4402999877929688,1.4388999938964844,1.4400500059127808,0,0.00015000000000000001
2025-01-29 00:00:00+00:00,1.4402600526809692,1.4409099817276,1.4392000436782837,1.4396400451660156,0,0.00015000000000000001
2025-01-29 04:00:00+00:00,1.439650058746338,1.4415099620819092,1.4386999607086182,1.4413700103759766,0,0.00015000000000000001
2025-01-29 08:00:00+00:00,1.440999984741211,1.4433399438858032,1.4404000043869019,1.4427200555801392,0,0.00015000000000000001
2025-01-29 12:00:00+00:00,1.4427000284194946,1.4471700191497803,1.4419000148773193,1.4443399906158447,0,0.00015000000000000001
2025-01-29 16:00:00+00:00,1.4438999891281128,1.4458500146865845,1.4400999546051025,1.4419900178909302,0,0.00015000000000000001
2025-01-29 20:00:00+00:00,1.4420000314712524,1.4429999589920044,1.4387999773025513,1.4398599863052368,0,0.00015000000000000001
2025-01-30 00:00:00+00:00,1.4397000074386597,1.4420000314712524,1.4393999576568604,1.4417699575424194,0,0.00015000000000000001
2025-01-30 04:00:00+00:00,1.441499948501587,1.4436099529266357,1.441100001335144,1.44173002243042,0,0.00015000000000000001
2025-01-30 08:00:00+00:00,1.44159996509552,1.4419000148773193,1.4398000240325928,1.4413199424743652,0,0.00015000000000000001
2025-01-30 12:00:00+00:00,1.4408999681472778,1.4423099756240845,1.4395999908447266,1.4409099817276,0,0.00015000000000000001
2025-01-30 16:00:00+00:00,1.4409099817276,1.4422399997711182,1.4395999908447266,1.4413000345230103,0,0.00015000000000000001
2025-01-30 20:00:00+00:00,1.4413100481033325,1.459439992904663,1.4407999515533447,1.4493999481201172,0,0.00015000000000000001
2025-01-31 00:00:00+00:00,1.4493099451065063,1.4501099586486816,1.4466999769210815,1.4483699798583984,0,0.00015000000000000001
2025-01-31 04:00:00+00:00,1.4483100175857544,1.448799967765808,1.4427000284194946,1.4437999725341797,0,0.00015000000000000001
2025-01-31 08:00:00+00:00,1.4437999725341797,1.4497400522232056,1.4433000087738037,1.44868004322052,0,0.00015000000000000001
2025-01-31 12:00:00+00:00,1.448199987411499,1.455049991607666,1.4458999633789062,1.4481600522994995,0,0.00015000000000000001
2025-01-31 16:00:00+00:00,1.4481600522994995,1.4528000354766846,1.436900019645691,1.45100998878479,0,0.00015000000000000001
2025-01-31 20:00:00+00:00,1.45100998878479,1.4559199810028076,1.4493000507354736,1.4523999691009521,0,0.00015000000000000001
2025-02-03 00:00:00+00:00,1.4712400436401367,1.4793100357055664,1.4668999910354614,1.4773000478744507,0,0.00015000000000000001
2025-02-03 04:00:00+00:00,1.4775099754333496,1.4775700569152832,1.468999981880188,1.4716500043869019,0,0.00015000000000000001
2025-02-03 08:00:00+00:00,1.4716299772262573,1.4721499681472778,1.465999960899353,1.4673800468444824,0,0.00015000000000000001
2025-02-03 12:00:00+00:00,1.4668999910354614,1.4701900482177734,1.454200029373169,1.4570000171661377,0,0.00015000000000000001
2025-02-03 16:00:00+00:00,1.457069993019104,1.4643499851226807,1.452139973640442,1.4573500156402588,0,0.00015000000000000001
2025-02-03 20:00:00+00:00,1.457419991493225,1.457509994506836,1.437999963760376,1.4418599605560303,0,0.00015000000000000001
2025-02-04 00:00:00+00:00,1.4421000480651855,1.4473999738693237,1.441499948501587,1.4468400478363037,0,0.00015000000000000001
2025-02-04 04:00:00+00:00,1.4468499422073364,1.4502700567245483,1.4424999952316284,1.4437999725341797,0,0.00015000000000000001
2025-02-04 08:00:00+00:00,1.443869948387146,1.4461100101470947,1.440999984741211,1.4434900283813477,0,0.00015000000000000001
2025-02-04 12:00:00+00:00,1.4434800148010254,1.444159984588623,1.4322999715805054,1.4325000047683716,0,0.00015000000000000001
2025-02-04 16:00:00+00:00,1.432770013809204,1.4350600242614746,1.429900050163269,1.4305399656295776,0,0.00015000000000000001
2025-02-04 20:00:00+00:00,1.4305299520492554,1.4338500499725342,1.4299999475479126,1.4337600469589233,0,0.00015000000000000001
2025-02-05 00:00:00+00:00,1.433899998664856,1.433899998664856,1.4311000108718872,1.4331400394439697,0,0.00015000000000000001
2025-02-05 04:00:00+00:00,1.4331200122833252,1.4344199895858765,1.4304499626159668,1.43094003200531,0,0.00015000000000000001
2025-02-05 08:00:00+00:00,1.4309699535369873,1.431030035018921,1.4271899461746216,1.4287199974060059,0,0.00015000000000000001
2025-02-05 12:00:00+00:00,1.42877995967865,1.4299700260162354,1.426900029182434,1.4285500049591064,0,0.00015000000000000001
2025-02-05 16:00:00+00:00,1.428529977798462,1.4320100545883179,1.4270000457763672,1.4314700365066528,0,0.00015000000000000001
2025-02-05 20:00:00+00:00,1.4314700365066528,1.432800054550171,1.4299999475479126,1.431399941444397,0,0.00015000000000000001
2025-02-06 00:00:00+00:00,1.4315099716186523,1.4335999488830566,1.4306999444961548,1.433359980583191,0,0.00015000000000000001
2025-02-06 04:00:00+00:00,1.43340003490448,1.4363900423049927,1.432800054550171,1.436020016670227,0,0.00015000000000000001
2025-02-06 08:00:00+00:00,1.4359999895095825,1.436650037765503,1.434399962425232,1.4352999925613403,0,0.00015000000000000001
2025-02-06 12:00:00+00:00,1.4357800483703613,1.4364299774169922,1.4315999746322632,1.4316999912261963,0,0.00015000000000000001
2025-02-06 16:00:00+00:00,1.4321000576019287,1.4323099851608276,1.4297000169754028,1.431820034980774,0,0.00015000000000000001
2025-02-06 20:00:00+00:00,1.431399941444397,1.4319100379943848,1.429800033569336,1.4306999444961548,0,0.00015000000000000001
2025-02-07 00:00:00+00:00,1.4307700395584106,1.4318300485610962,1.4297000169754028,1.4316699504852295,0,0.00015000000000000001
2025-02-07 04:00:00+00:00,1.43149995803833,1.4327000379562378,1.430299997329712,1.4313700199127197,0,0.00015000000000000001
2025-02-07 08:00:00+00:00,1.4313700199127197,1.4336199760437012,1.4299999475479126,1.433169960975647,0,0.00015000000000000001
2025-02-07 12:00:00+00:00,1.4331799745559692,1.434499979019165,1.4275000095367432,1.4301199913024902,0,0.00015000000000000001
2025-02-07 16:00:00+00:00,1.4300899505615234,1.4332799911499023,1.426900029182434,1.4283599853515625,0,0.00015000000000000001
2025-02-07 20:00:00+00:00,1.428320050239563,1.4297699928283691,1.426900029182434,1.4290000200271606,0,0.00015000000000000001
2025-02-10 00:00:00+00:00,1.4332200288772583,1.4358400106430054,1.4321000576019287,1.4343600273132324,0,0.00015000000000000001
2025-02-10 04:00:00+00:00,1.4342900514602661,1.4358999729156494,1.4327000379562378,1.434399962425232,0,0.00015000000000000001
2025-02-10 08:00:00+00:00,1.4347599744796753,1.4348499774932861,1.4311000108718872,1.4340300559997559,0,0.00015000000000000001
2025-02-10 12:00:00+00:00,1.4336999654769897,1.434499979019165,1.43149995803833,1.4316999912261963,0,0.00015000000000000001
2025-02-10 16:00:00+00:00,1.4319900274276733,1.4325799942016602,1.4301999807357788,1.4307600259780884,0,0.00015000000000000001
2025-02-10 20:00:00+00:00,1.4306000471115112,1.4338099956512451,1.430299997329712,1.4336899518966675,0,0.00015000000000000001
2025-02-11 00:00:00+00:00,1.433840036392212,1.4340499639511108,1.4326000213623047,1.4334299564361572,0,0.00015000000000000001
2025-02-11 04:00:00+00:00,1.433500051498413,1.4337999820709229,1.4321999549865723,1.4332900047302246,0,0.00015000000000000001
2025-02-11 08:00:00+00:00,1.4329999685287476,1.4345699548721313,1.4320000410079956,1.4328099489212036,0,0.00015000000000000001
2025-02-11 12:00:00+00:00,1.4326000213623047,1.4339499473571777,1.430400013923645,1.4313900470733643,0,0.00015000000000000001
2025-02-11 16:00:00+00:00,1.431380033493042,1.4315299987792969,1.4275000095367432,1.4294099807739258,0,0.00015000000000000001
2025-02-11 20:00:00+00:00,1.4293400049209595,1.4295099973678589,1.4276000261306763,1.4282000064849854,0,0.00015000000000000001
2025-02-12 00:00:00+00:00,1.4286500215530396,1.4296300411224365,1.4276000261306763,1.428689956665039,0,0.00015000000000000001
2025-02-12 04:00:00+00:00,1.4286999702453613,1.429819941520691,1.4282000064849854,1.4290800094604492,0,0.00015000000000000001
2025-02-12 08:00:00+00:00,1.4290800094604492,1.4315400123596191,1.4283000230789185,1.429479956626892,0,0.00015000000000000001
2025-02-12 12:00:00+00:00,1.4295200109481812,1.4342299699783325,1.428529977798462,1.4295300245285034,0,0.00015000000000000001
2025-02-12 16:00:00+00:00,1.4292000532150269,1.4314500093460083,1.4250999689102173,1.4284199476242065,0,0.00015000000000000001
2025-02-12 20:00:00+00:00,1.4284800291061401,1.4310599565505981,1.4275000095367432,1.4300099611282349,0,0.00015000000000000001
2025-02-13 00:00:00+00:00,1.4299800395965576,1.4302400350570679,1.4264999628067017,1.4268300533294678,0,0.00015000000000000001
2025-02-13 04:00:00+00:00,1.4268800020217896,1.4274699687957764,1.4250999689102173,1.4270199537277222,0,0.00015000000000000001
2025-02-13 08:00:00+00:00,1.4270100593566895,1.4303699731826782,1.4265999794006348,1.4294099807739258,0,0.00015000000000000001
2025-02-13 12:00:00+00:00,1.4292000532150269,1.430299997329712,1.420699954032898,1.4221999645233154,0,0.00015000000000000001
2025-02-13 16:00:00+00:00,1.422160029411316,1.4262499809265137,1.420799970626831,1.423069953918457,0,0.00015000000000000001
2025-02-13 20:00:00+00:00,1.4231200218200684,1.4233200550079346,1.4178999662399292,1.419119954109192,0,0.00015000000000000001
2025-02-14 00:00:00+00:00,1.4192500114440918,1.4200199842453003,1.417799949645996,1.4182000160217285,0,0.00015000000000000001
2025-02-14 04:00:00+00:00,1.4182599782943726,1.4191700220108032,1.4160000085830688,1.4166899919509888,0,0.00015000000000000001
2025-02-14 08:00:00+00:00,1.4166200160980225,1.4191399812698364,1.4151999950408936,1.418280005455017,0,0.00015000000000000001
2025-02-14 12:00:00+00:00,1.4182499647140503,1.4189599752426147,1.4147000312805176,1.416640043258667,0,0.00015000000000000001
2025-02-14 16:00:00+00:00,1.4163999557495117,1.4178500175476074,1.4154000282287598,1.4159400463104248,0,0.00015000000000000001
2025-02-14 20:00:00+00:00,1.4159400463104248,1.4186500310897827,1.4155000448226929,1.4178999662399292,0,0.00015000000000000001
2025-02-17 00:00:00+00:00,1.41812002658844,1.4184000492095947,1.4155999422073364,1.4170600175857544,0,0.00015000000000000001
2025-02-17 04:00:00+00:00,1.4171199798583984,1.4185600280761719,1.4158999919891357,1.4184399843215942,0,0.00015000000000000001
2025-02-17 08:00:00+00:00,1.418370008468628,1.4193999767303467,1.4177000522613525,1.4185500144958496,0,0.00015000000000000001
2025-02-17 12:00:00+00:00,1.4186099767684937,1.4192999601364136,1.4177000522613525,1.4187300205230713,0,0.00015000000000000001
2025-02-17 16:00:00+00:00,1.41867995262146,1.4189599752426147,1.4175000190734863,1.4179999828338623,0,0.00015000000000000001
2025-02-17 20:00:00+00:00,1.4184000492095947,1.419469952583313,1.4174100160598755,1.4182000160217285,0,0.00015000000000000001
2025-02-18 00:00:00+00:00,1.4184600114822388,1.4206500053405762,1.417799949645996,1.4198700189590454,0,0.00015000000000000001
2025-02-18 04:00:00+00:00,1.419909954071045,1.4208500385284424,1.417799949645996,1.419100046157837,0,0.00015000000000000001
2025-02-18 08:00:00+00:00,1.419409990310669,1.4198399782180786,1.4175000190734863,1.4185800552368164,0,0.00015000000000000001
2025-02-18 12:00:00+00:00,1.4185899496078491,1.421280026435852,1.417799949645996,1.4187999963760376,0,0.00015000000000000001
2025-02-18 16:00:00+00:00,1.4188200235366821,1.4197499752044678,1.4180999994277954,1.4184999465942383,0,0.00015000000000000001
2025-02-18 20:00:00+00:00,1.4187999963760376,1.4197900295257568,1.4179999828338623,1.4186999797821045,0,0.00015000000000000001
2025-02-19 00:00:00+00:00,1.4189599752426147,1.4198700189590454,1.4175000190734863,1.4180099964141846,0,0.00015000000000000001
2025-02-19 04:00:00+00:00,1.417799949645996,1.4185800552368164,1.417099952697754,1.4185600280761719,0,0.00015000000000000001
2025-02-19 08:00:00+00:00,1.4185999631881714,1.4211100339889526,1.4179999828338623,1.4209699630737305,0,0.00015000000000000001
2025-02-19 12:00:00+00:00,1.4209699630737305,1.4221500158309937,1.4187999963760376,1.4220499992370605,0,0.00015000000000000001
2025-02-19 16:00:00+00:00,1.4220399856567383,1.4245500564575195,1.4213000535964966,1.4230799674987793,0,0.00015000000000000001
2025-02-19 20:00:00+00:00,1.4230600595474243,1.4243500232696533,1.4220999479293823,1.4240299463272095,0,0.00015000000000000001
2025-02-20 00:00:00+00:00,1.4240700006484985,1.4244500398635864,1.4215999841690063,1.4221999645233154,0,0.00015000000000000001
2025-02-20 04:00:00+00:00,1.4221999645233154,1.4230200052261353,1.4212000370025635,1.422700047492981,0,0.00015000000000000001
2025-02-20 08:00:00+00:00,1.422719955444336,1.4227299690246582,1.4198999404907227,1.4210000038146973,0,0.00015000000000000001
2025-02-20 12:00:00+00:00,1.4214099645614624,1.4223300218582153,1.4178999662399292,1.4189599752426147,0,0.00015000000000000001
2025-02-20 16:00:00+00:00,1.419010043144226,1.4201099872589111,1.416700005531311,1.4174100160598755,0,0.00015000000000000001
2025-02-20 20:00:00+00:00,1.4174599647521973,1.4182300567626953,1.4163000583648682,1.4175100326538086,0,0.00015000000000000001
2025-02-21 00:00:00+00:00,1.4174799919128418,1.4188300371170044,1.4163999557495117,1.4171700477600098,0,0.00015000000000000001
2025-02-21 04:00:00+00:00,1.4171199798583984,1.419469952583313,1.4164999723434448,1.4183000326156616,0,0.00015000000000000001
2025-02-21 08:00:00+00:00,1.418529987335205,1.4199299812316895,1.4176000356674194,1.419569969177246,0,0.00015000000000000001
2025-02-21 12:00:00+00:00,1.4195599555969238,1.4208600521087646,1.4169000387191772,1.4202500581741333,0,0.00015000000000000001
2025-02-21 16:00:00+00:00,1.420259952545166,1.423509955406189,1.4189000129699707,1.4228999614715576,0,0.00015000000000000001
2025-02-21 20:00:00+00:00,1.4229099750518799,1.4236500263214111,1.4218100309371948,1.422510027885437,0,0.00015000000000000001
2025-02-24 00:00:00+00:00,1.4210699796676636,1.4213299751281738,1.417799949645996,1.4184999465942383,0,0.00015000000000000001
2025-02-24 04:00:00+00:00,1.4184999465942383,1.4200299978256226,1.4178999662399292,1.4192800521850586,0,0.00015000000000000001
2025-02-24 08:00:00+00:00,1.4193400144577026,1.422070026397705,1.4187999963760376,1.4210000038146973,0,0.00015000000000000001
2025-02-24 12:00:00+00:00,1.4213999509811401,1.4244699478149414,1.420199990272522,1.423490047454834,0,0.00015000000000000001
2025-02-24 16:00:00+00:00,1.4234600067138672,1.4239699840545654,1.420300006866455,1.4228500127792358,0,0.00015000000000000001
2025-02-24 20:00:00+00:00,1.4228099584579468,1.4279500246047974,1.4220999479293823,1.427299976348877,0,0.00015000000000000001
2025-02-25 00:00:00+00:00,1.427780032157898,1.4279299974441528,1.4234999418258667,1.4249500036239624,0,0.00015000000000000001
2025-02-25 04:00:00+00:00,1.4249199628829956,1.4270700216293335,1.423699975013733,1.4269399642944336,0,0.00015000000000000001
2025-02-25 08:00:00+00:00,1.4266999959945679,1.4274400472640991,1.4239000082015991,1.4242000579833984,0,0.00015000000000000001
2025-02-25 12:00:00+00:00,1.4247000217437744,1.4295400381088257,1.4242000579833984,1.4291000366210938,0,0.00015000000000000001
2025-02-25 16:00:00+00:00,1.4293800592422485,1.4316400289535522,1.4276000261306763,1.4302799701690674,0,0.00015000000000000001
2025-02-25 20:00:00+00:00,1.4302200078964233,1.4317500591278076,1.4287999868392944,1.4301400184631348,0,0.00015000000000000001
2025-02-26 00:00:00+00:00,1.430150032043457,1.4326399564743042,1.4290000200271606,1.4324300289154053,0,0.00015000000000000001
2025-02-26 04:00:00+00:00,1.4324400424957275,1.4333399534225464,1.4312000274658203,1.4329099655151367,0,0.00015000000000000001
2025-02-26 08:00:00+00:00,1.4328700304031372,1.434499979019165,1.4313000440597534,1.433899998664856,0,0.00015000000000000001
2025-02-26 12:00:00+00:00,1.4342299699783325,1.4357199668884277,1.4321000576019287,1.4349100589752197,0,0.00015000000000000001
2025-02-26 16:00:00+00:00,1.4349600076675415,1.4366099834442139,1.4296000003814697,1.4333399534225464,0,0.00015000000000000001
2025-02-26 20:00:00+00:00,1.43340003490448,1.4368200302124023,1.432800054550171,1.4338099956512451,0,0.00015000000000000001
2025-02-27 00:00:00+00:00,1.4337899684906006,1.4358999729156494,1.433500051498413,1.4358099699020386,0,0.00015000000000000001
2025-02-27 04:00:00+00:00,1.4358099699020386,1.436329960823059,1.4329999685287476,1.433500051498413,0,0.00015000000000000001
2025-02-27 08:00:00+00:00,1.433840036392212,1.4343500137329102,1.4316999912261963,1.4339900016784668,0,0.00015000000000000001
2025-02-27 12:00:00+00:00,1.4335999488830566,1.4437600374221802,1.4332000017166138,1.4426300525665283,0,0.00015000000000000001
2025-02-27 16:00:00+00:00,1.442639946937561,1.4442399740219116,1.4407999515533447,1.4440499544143677,0,0.00015000000000000001
2025-02-27 20:00:00+00:00,1.4441100358963013,1.4449100494384766,1.4428999423980713,1.4445099830627441,0,0.00015000000000000001
2025-02-28 00:00:00+00:00,1.444200038909912,1.4452600479125977,1.4424999952316284,1.444599986076355,0,0.00015000000000000001
2025-02-28 04:00:00+00:00,1.4445899724960327,1.4452999830245972,1.4431999921798706,1.444159984588623,0,0.00015000000000000001
2025-02-28 08:00:00+00:00,1.444219946861267,1.445080041885376,1.4424999952316284,1.4429700374603271,0,0.00015000000000000001
2025-02-28 12:00:00+00:00,1.4429800510406494,1.444790005683899,1.4394999742507935,1.4402400255203247,0,0.00015000000000000001
2025-02-28 16:00:00+00:00,1.440250039100647,1.4462499618530273,1.4397000074386597,1.4458999633789062,0,0.00015000000000000001
2025-02-28 20:00:00+00:00,1.4459099769592285,1.4472099542617798,1.4455000162124634,1.4464999437332153,0,0.00015000000000000001
2025-03-03 00:00:00+00:00,1.444309949874878,1.445289969444275,1.4426000118255615,1.4443299770355225,0,0.00015000000000000001
2025-03-03 04:00:00+00:00,1.4443999528884888,1.4453200101852417,1.4429999589920044,1.44405996799469,0,0.00015000000000000001
2025-03-03 08:00:00+00:00,1.4440200328826904,1.444659948348999,1.4417999982833862,1.4434900283813477,0,0.00015000000000000001
2025-03-03 12:00:00+00:00,1.4434499740600586,1.444000005722046,1.4366999864578247,1.4400999546051025,0,0.00015000000000000001
2025-03-03 16:00:00+00:00,1.4400999546051025,1.4500600099563599,1.4392999410629272,1.4500000476837158,0,0.00015000000000000001
2025-03-03 20:00:00+00:00,1.4500099420547485,1.4541699886322021,1.4473999738693237,1.449280023574829,0,0.00015000000000000001
2025-03-04 00:00:00+00:00,1.44937002658844,1.450600028038025,1.4479000568389893,1.4502999782562256,0,0.00015000000000000001
2025-03-04 04:00:00+00:00,1.450260043144226,1.4521600008010864,1.4465999603271484,1.4483000040054321,0,0.00015000000000000001
2025-03-04 08:00:00+00:00,1.4486099481582642,1.4503099918365479,1.4402999877929688,1.4404000043869019,0,0.00015000000000000001
2025-03-04 12:00:00+00:00,1.4407700300216675,1.4502400159835815,1.4404000043869019,1.4498300552368164,0,0.00015000000000000001
2025-03-04 16:00:00+00:00,1.4497699737548828,1.454300045967102,1.448199987411499,1.4487899541854858,0,0.00015000000000000001
2025-03-04 20:00:00+00:00,1.4486000537872314,1.4488500356674194,1.4368000030517578,1.43982994556427,0,0.00015000000000000001
2025-03-05 00:00:00+00:00,1.4397900104522705,1.4450000524520874,1.4392999410629272,1.4424400329589844,0,0.00015000000000000001
2025-03-05 04:00:00+00:00,1.4424699544906616,1.4433300495147705,1.438599944114685,1.4398000240325928,0,0.00015000000000000001
2025-03-05 08:00:00+00:00,1.4401400089263916,1.4413100481033325,1.4372999668121338,1.4393800497055054,0,0.00015000000000000001
2025-03-05 12:00:00+00:00,1.4393399953842163,1.4436099529266357,1.4337999820709229,1.4395300149917603,0,0.00015000000000000001
2025-03-05 16:00:00+00:00,1.4395300149917603,1.4419499635696411,1.4327000379562378,1.4335700273513794,0,0.00015000000000000001
2025-03-05 20:00:00+00:00,1.4335700273513794,1.4345699548721313,1.4326000213623047,1.433899998664856,0,0.00015000000000000001
2025-03-06 00:00:00+00:00,1.4339900016784668,1.4353599548339844,1.4305000305175781,1.4327800273895264,0,0.00015000000000000001
2025-03-06 04:00:00+00:00,1.4327900409698486,1.434499979019165,1.4320000410079956,1.434380054473877,0,0.00015000000000000001
2025-03-06 08:00:00+00:00,1.434380054473877,1.4368200302124023,1.4339200258255005,1.436400055885315,0,0.00015000000000000001
2025-03-06 12:00:00+00:00,1.4363399744033813,1.4377000331878662,1.4256999492645264,1.4265999794006348,0,0.00015000000000000001
2025-03-06 16:00:00+00:00,1.4269100427627563,1.431820034980774,1.423799991607666,1.429900050163269,0,0.00015000000000000001
2025-03-06 20:00:00+00:00,1.430299997329712,1.4314299821853638,1.4283000230789185,1.4289000034332275,0,0.00015000000000000001
2025-03-07 00:00:00+00:00,1.4293099641799927,1.431130051612854,1.4284000396728516,1.430999994277954,0,0.00015000000000000001
2025-03-07 04:00:00+00:00,1.4309699535369873,1.4319599866867065,1.4292999505996704,1.4303699731826782,0,0.00015000000000000001
2025-03-07 08:00:00+00:00,1.4299999475479126,1.4320499897003174,1.4276000261306763,1.4317599534988403,0,0.00015000000000000001
2025-03-07 12:00:00+00:00,1.4317699670791626,1.4376800060272217,1.430799961090088,1.4362200498580933,0,0.00015000000000000001
2025-03-07 16:00:00+00:00,1.4361399412155151,1.4426499605178833,1.4357999563217163,1.4364999532699585,0,0.00015000000000000001
2025-03-07 20:00:00+00:00,1.4365700483322144,1.438330054283142,1.4353200197219849,1.4377000331878662,0,0.00015000000000000001
2025-03-10 00:00:00+00:00,1.4373199939727783,1.4378399848937988,1.434999942779541,1.436710000038147,0,0.00015000000000000001
2025-03-10 04:00:00+00:00,1.4366400241851807,1.4370399713516235,1.4356499910354614,1.435979962348938,0,0.00015000000000000001
2025-03-10 08:00:00+00:00,1.4358999729156494,1.4394500255584717,1.4352600574493408,1.4394400119781494,0,0.00015000000000000001
2025-03-10 12:00:00+00:00,1.4394400119781494,1.4434499740600586,1.4387799501419067,1.443060040473938,0,0.00015000000000000001
2025-03-10 16:00:00+00:00,1.443060040473938,1.4472500085830688,1.4419000148773193,1.4439799785614014,0,0.00015000000000000001
2025-03-10 20:00:00+00:00,1.4437999725341797,1.4450000524520874,1.4423999786376953,1.4429199695587158,0,0.00015000000000000001
2025-03-11 00:00:00+00:00,1.4426699876785278,1.444700002670288,1.441100001335144,1.4428800344467163,0,0.00015000000000000001
2025-03-11 04:00:00+00:00,1.4429199695587158,1.4446099996566772,1.440600037574768,1.4414000511169434,0,0.00015000000000000001
2025-03-11 08:00:00+00:00,1.4413399696350098,1.4426100254058838,1.4394999742507935,1.4398800134658813,0,0.00015000000000000001
2025-03-11 12:00:00+00:00,1.4398900270462036,1.4521100521087646,1.4388999938964844,1.4463200569152832,0,0.00015000000000000001
2025-03-11 16:00:00+00:00,1.446329951286316,1.4504499435424805,1.4375,1.4411699771881104,0,0.00015000000000000001
2025-03-11 20:00:00+00:00,1.441159963607788,1.4438799619674683,1.4401999711990356,1.4432799816131592,0,0.00015000000000000001
2025-03-12 00:00:00+00:00,1.4434700012207031,1.444949984550476,1.4423999786376953,1.4444999694824219,0,0.00015000000000000001
2025-03-12 04:00:00+00:00,1.4448599815368652,1.4484800100326538,1.4434000253677368,1.4450900554656982,0,0.00015000000000000001
2025-03-12 08:00:00+00:00,1.4451199769973755,1.4459400177001953,1.4402999877929688,1.4412000179290771,0,0.00015000000000000001
2025-03-12 12:00:00+00:00,1.4411499500274658,1.443019986152649,1.436400055885315,1.439769983291626,0,0.00015000000000000001
2025-03-12 16:00:00+00:00,1.4397599697113037,1.4401799440383911,1.4349000453948975,1.437600016593933,0,0.00015000000000000001
2025-03-12 20:00:00+00:00,1.4376200437545776,1.4378299713134766,1.4355000257492065,1.4359999895095825,0,0.00015000000000000001
2025-03-13 00:00:00+00:00,1.4359300136566162,1.4387600421905518,1.4355000257492065,1.4387199878692627,0,0.00015000000000000001
2025-03-13 04:00:00+00:00,1.4387199878692627,1.440459966659546,1.4383599758148193,1.439710021018982,0,0.00015000000000000001
2025-03-13 08:00:00+00:00,1.439650058746338,1.4400899410247803,1.4366300106048584,1.4377599954605103,0,0.00015000000000000001
2025-03-13 12:00:00+00:00,1.4377599954605103,1.440619945526123,1.4364500045776367,1.4399100542068481,0,0.00015000000000000001
2025-03-13 16:00:00+00:00,1.439869999885559,1.4451500177383423,1.4392000436782837,1.44350004196167,0,0.00015000000000000001
2025-03-13 20:00:00+00:00,1.44350004196167,1.444700002670288,1.4421000480651855,1.442620038986206,0,0.00015000000000000001
2025-03-14 00:00:00+00:00,1.44268000125885,1.4441499710083008,1.442199945449829,1.4427599906921387,0,0.00015000000000000001
2025-03-14 04:00:00+00:00,1.4427000284194946,1.4436299800872803,1.4413000345230103,1.442199945449829,0,0.00015000000000000001
2025-03-14 08:00:00+00:00,1.442139983177185,1.443660020828247,1.4407999515533447,1.4419000148773193,0,0.00015000000000000001
2025-03-14 12:00:00+00:00,1.44159996509552,1.4424400329589844,1.4372999668121338,1.437880039215088,0,0.00015000000000000001
2025-03-14 16:00:00+00:00,1.4378700256347656,1.4394500255584717,1.4354000091552734,1.436269998550415,0,0.00015000000000000001
2025-03-14 20:00:00+00:00,1.4363600015640259,1.4380899667739868,1.4351999759674072,1.436900019645691,0,0.00015000000000000001
2025-03-17 00:00:00+00:00,1.437000036239624,1.4378600120544434,1.4361000061035156,1.4374699592590332,0,0.00015000000000000001
2025-03-17 04:00:00+00:00,1.4371000528335571,1.438040018081665,1.4356000423431396,1.4362800121307373,0,0.00015000000000000001
2025-03-17 08:00:00+00:00,1.4362499713897705,1.4370499849319458,1.4342999458312988,1.4347699880599976,0,0.00015000000000000001
2025-03-17 12:00:00+00:00,1.434790015220642,1.4351500272750854,1.4285000562667847,1.4299399852752686,0,0.00015000000000000001
2025-03-17 16:00:00+00:00,1.4299399852752686,1.4302400350570679,1.4270999431610107,1.4283000230789185,0,0.00015000000000000001
2025-03-17 20:00:00+00:00,1.4283000230789185,1.429800033569336,1.427899956703186,1.4297300577163696,0,0.00015000000000000001
2025-03-18 00:00:00+00:00,1.4298800230026245,1.4307500123977661,1.4285000562667847,1.4304800033569336,0,0.00015000000000000001
2025-03-18 04:00:00+00:00,1.4305299520492554,1.430799961090088,1.4286999702453613,1.4293299913406372,0,0.00015000000000000001
2025-03-18 08:00:00+00:00,1.4293999671936035,1.4298299551010132,1.426800012588501,1.4287300109863281,0,0.00015000000000000001
2025-03-18 12:00:00+00:00,1.4287099838256836,1.4318699836730957,1.426200032234192,1.4311800003051758,0,0.00015000000000000001
2025-03-18 16:00:00+00:00,1.4312000274658203,1.4319499731063843,1.4289000034332275,1.4294899702072144,0,0.00015000000000000001
2025-03-18 20:00:00+00:00,1.4294999837875366,1.430709958076477,1.4289000034332275,1.4299700260162354,0,0.00015000000000000001
2025-03-19 00:00:00+00:00,1.4299800395965576,1.4313199520111084,1.4291000366210938,1.4309300184249878,0,0.00015000000000000001
2025-03-19 04:00:00+00:00,1.4306000471115112,1.433109998703003,1.430299997329712,1.4326200485229492,0,0.00015000000000000001
2025-03-19 08:00:00+00:00,1.4326200485229492,1.433500051498413,1.430400013923645,1.431920051574707,0,0.00015000000000000001
2025-03-19 12:00:00+00:00,1.431879997253418,1.4337899684906006,1.4305000305175781,1.432960033416748,0,0.00015000000000000001
2025-03-19 16:00:00+00:00,1.432919979095459,1.4349000453948975,1.430400013923645,1.4324500560760498,0,0.00015000000000000001
2025-03-19 20:00:00+00:00,1.4324599504470825,1.4331400394439697,1.4311000108718872,1.43218994140625,0,0.00015000000000000001
2025-03-20 00:00:00+00:00,1.4321000576019287,1.433519959449768,1.4313000440597534,1.4324400424957275,0,0.00015000000000000001
2025-03-20 04:00:00+00:00,1.4324400424957275,1.434939980506897,1.43149995803833,1.4340399503707886,0,0.00015000000000000001
2025-03-20 08:00:00+00:00,1.4340900182724,1.4391000270843506,1.433500051498413,1.4375499486923218,0,0.00015000000000000001
2025-03-20 12:00:00+00:00,1.4375100135803223,1.4401600360870361,1.4321999549865723,1.432770013809204,0,0.00015000000000000001
2025-03-20 16:00:00+00:00,1.4327199459075928,1.433609962463379,1.430899977684021,1.431570053100586,0,0.00015000000000000001
2025-03-20 20:00:00+00:00,1.4315400123596191,1.4330300092697144,1.4311000108718872,1.4324599504470825,0,0.00015000000000000001
2025-03-21 00:00:00+00:00,1.4324599504470825,1.4328999519348145,1.430999994277954,1.4326800107955933,0,0.00015000000000000001
2025-03-21 04:00:00+00:00,1.4327199459075928,1.4343899488449097,1.431399941444397,1.4322500228881836,0,0.00015000000000000001
2025-03-21 08:00:00+00:00,1.4322199821472168,1.434440016746521,1.430899977684021,1.433769941329956,0,0.00015000000000000001
2025-03-21 12:00:00+00:00,1.433750033378601,1.4372899532318115,1.432800054550171,1.4357099533081055,0,0.00015000000000000001
2025-03-21 16:00:00+00:00,1.4357399940490723,1.4360899925231934,1.432800054550171,1.434209942817688,0,0.00015000000000000001
2025-03-21 20:00:00+00:00,1.4342700242996216,1.4356600046157837,1.4333000183105469,1.4347000122070312,0,0.00015000000000000001
2025-03-24 00:00:00+00:00,1.4333000183105469,1.4349000453948975,1.4321999549865723,1.434499979019165,0,0.00015000000000000001
2025-03-24 04:00:00+00:00,1.4347000122070312,1.4350999593734741,1.4321999549865723,1.433109998703003,0,0.00015000000000000001
2025-03-24 08:00:00+00:00,1.4330999851226807,1.433899998664856,1.430999994277954,1.4325300455093384,0,0.00015000000000000001
2025-03-24 12:00:00+00:00,1.4325400590896606,1.434630036354065,1.4285000562667847,1.4292900562286377,0,0.00015000000000000001
2025-03-24 16:00:00+00:00,1.4292999505996704,1.4327600002288818,1.4287999868392944,1.4317200183868408,0,0.00015000000000000001
2025-03-24 20:00:00+00:00,1.43149995803833,1.4323099851608276,1.4305000305175781,1.4315999746322632,0,0.00015000000000000001
2025-03-25 00:00:00+00:00,1.4316400289535522,1.4327199459075928,1.4306999444961548,1.4317599534988403,0,0.00015000000000000001
2025-03-25 04:00:00+00:00,1.4316999912261963,1.4331899881362915,1.4311000108718872,1.4324300289154053,0,0.00015000000000000001
2025-03-25 08:00:00+00:00,1.4323699474334717,1.4332799911499023,1.4276000261306763,1.428570032119751,0,0.00015000000000000001
2025-03-25 12:00:00+00:00,1.4283000230789185,1.4313700199127197,1.4266999959945679,1.4308500289916992,0,0.00015000000000000001
2025-03-25 16:00:00+00:00,1.4308500289916992,1.4309300184249878,1.4276000261306763,1.4276000261306763,0,0.00015000000000000001
2025-03-25 20:00:00+00:00,1.427899956703186,1.428629994392395,1.426800012588501,1.4273799657821655,0,0.00015000000000000001
2025-03-26 00:00:00+00:00,1.4272799491882324,1.4298299551010132,1.4265999794006348,1.4274400472640991,0,0.00015000000000000001
2025-03-26 04:00:00+00:00,1.4273699522018433,1.4279500246047974,1.424299955368042,1.4249900579452515,0,0.00015000000000000001
2025-03-26 08:00:00+00:00,1.4249999523162842,1.4258500337600708,1.4241000413894653,1.4251999855041504,0,0.00015000000000000001
2025-03-26 12:00:00+00:00,1.4253599643707275,1.4272199869155884,1.4230999946594238,1.4255399703979492,0,0.00015000000000000001
2025-03-26 16:00:00+00:00,1.4251999855041504,1.4297300577163696,1.4250999689102173,1.4281799793243408,0,0.00015000000000000001
2025-03-26 20:00:00+00:00,1.4282300472259521,1.4315999746322632,1.4258999824523926,1.4291000366210938,0,0.00015000000000000001
2025-03-27 00:00:00+00:00,1.4296200275421143,1.4297800064086914,1.4257999658584595,1.426300048828125,0,0.00015000000000000001
2025-03-27 04:00:00+00:00,1.4266300201416016,1.4297699928283691,1.4255000352859497,1.4293999671936035,0,0.00015000000000000001
2025-03-27 08:00:00+00:00,1.4297599792480469,1.430590033531189,1.4270999431610107,1.4276399612426758,0,0.00015000000000000001
2025-03-27 12:00:00+00:00,1.427590012550354,1.4328900575637817,1.427299976348877,1.431399941444397,0,0.00015000000000000001
2025-03-27 16:00:00+00:00,1.4318100214004517,1.4321500062942505,1.4294999837875366,1.431030035018921,0,0.00015000000000000001
2025-03-27 20:00:00+00:00,1.4310699701309204,1.4313100576400757,1.4296000003814697,1.4307899475097656,0,0.00015000000000000001
2025-03-28 00:00:00+00:00,1.430690050125122,1.4315999746322632,1.430299997329712,1.431249976158142,0,0.00015000000000000001
2025-03-28 04:00:00+00:00,1.431249976158142,1.4329099655151367,1.4305000305175781,1.4328299760818481,0,0.00015000000000000001
2025-03-28 08:00:00+00:00,1.4328199625015259,1.4333000183105469,1.431399941444397,1.4320100545883179,0,0.00015000000000000001
2025-03-28 12:00:00+00:00,1.4320100545883179,1.432629942893982,1.4271999597549438,1.4283900260925293,0,0.00015000000000000001
2025-03-28 16:00:00+00:00,1.428380012512207,1.432420015335083,1.4271999597549438,1.431570053100586,0,0.00015000000000000001
2025-03-28 20:00:00+00:00,1.4316200017929077,1.4323099851608276,1.430899977684021,1.4316999912261963,0,0.00015000000000000001
2025-03-30 20:00:00+00:00,1.431839942932129,1.432479977607727,1.4305000305175781,1.4309200048446655,0,0.00015000000000000001
2025-03-31 00:00:00+00:00,1.4309099912643433,1.4319000244140625,1.4294999837875366,1.431730031967163,0,0.00015000000000000001
2025-03-31 04:00:00+00:00,1.4317799806594849,1.4343700408935547,1.4306000471115112,1.4338099956512451,0,0.00015000000000000001
2025-03-31 08:00:00+00:00,1.4337999820709229,1.436110019683838,1.4332000017166138,1.4352200031280518,0,0.00015000000000000001
2025-03-31 12:00:00+00:00,1.435189962387085,1.4395400285720825,1.4349000453948975,1.4379600286483765,0,0.00015000000000000001
2025-03-31 16:00:00+00:00,1.4379600286483765,1.439020037651062,1.4361000061035156,1.4388500452041626,0,0.00015000000000000001
2025-03-31 20:00:00+00:00,1.4387999773025513,1.4395999908447266,1.4378999471664429,1.4390699863433838,0,0.00015000000000000001
2025-04-01 00:00:00+00:00,1.439039945602417,1.4400299787521362,1.4372999668121338,1.4380799531936646,0,0.00015000000000000001
2025-04-01 04:00:00+00:00,1.4380899667739868,1.4402999877929688,1.436900019645691,1.4398000240325928,0,0.00015000000000000001
2025-04-01 08:00:00+00:00,1.440060019493103,1.4404300451278687,1.4362000226974487,1.4394199848175049,0,0.00015000000000000001
2025-04-01 12:00:00+00:00,1.4393600225448608,1.4415099620819092,1.4300999641418457,1.4317400455474854,0,0.00015000000000000001
2025-04-01 16:00:00+00:00,1.431689977645874,1.434399962425232,1.430400013923645,1.430780053138733,0,0.00015000000000000001
2025-04-01 20:00:00+00:00,1.430780053138733,1.43149995803833,1.4284000396728516,1.4293400049209595,0,0.00015000000000000001
2025-04-02 00:00:00+00:00,1.429360032081604,1.4307700395584106,1.4289000034332275,1.4301799535751343,0,0.00015000000000000001
2025-04-02 04:00:00+00:00,1.430150032043457,1.4317599534988403,1.4289000034332275,1.4304200410842896,0,0.00015000000000000001
2025-04-02 08:00:00+00:00,1.4300999641418457,1.4331599473953247,1.4294999837875366,1.4319000244140625,0,0.00015000000000000001
2025-04-02 12:00:00+00:00,1.4318900108337402,1.4334499835968018,1.4292000532150269,1.4311100244522095,0,0.00015000000000000001
2025-04-02 16:00:00+00:00,1.4310499429702759,1.4329899549484253,1.430400013923645,1.4318300485610962,0,0.00015000000000000001
2025-04-02 20:00:00+00:00,1.431920051574707,1.4365899562835693,1.4212000370025635,1.421589970588684,0,0.00015000000000000001
2025-04-03 00:00:00+00:00,1.4216099977493286,1.4258300065994263,1.4214999675750732,1.4245400428771973,0,0.00015000000000000001
2025-04-03 04:00:00+00:00,1.4245500564575195,1.4255800247192383,1.416100025177002,1.4164700508117676,0,0.00015000000000000001
2025-04-03 08:00:00+00:00,1.4164899587631226,1.4166100025177002,1.4079999923706055,1.409250020980835,0,0.00015000000000000001
2025-04-03 12:00:00+00:00,1.4092999696731567,1.41034996509552,1.4023000001907349,1.4064300060272217,0,0.00015000000000000001
2025-04-03 16:00:00+00:00,1.4064199924468994,1.4104100465774536,1.404099941253662,1.4084800481796265,0,0.00015000000000000001
2025-04-03 20:00:00+00:00,1.4084800481796265,1.4098000526428223,1.4072999954223633,1.4083399772644043,0,0.00015000000000000001
2025-04-04 00:00:00+00:00,1.4083000421524048,1.409909963607788,1.4048999547958374,1.408079981803894,0,0.00015000000000000001
2025-04-04 04:00:00+00:00,1.408120036125183,1.414989948272705,1.4072999954223633,1.4147299528121948,0,0.00015000000000000001
2025-04-04 08:00:00+00:00,1.4146699905395508,1.4208999872207642,1.4124000072479248,1.4182000160217285,0,0.00015000000000000001
2025-04-04 12:00:00+00:00,1.4184000492095947,1.4241900444030762,1.4168699979782104,1.4192999601364136,0,0.00015000000000000001
2025-04-04 16:00:00+00:00,1.419510006904602,1.4254399538040161,1.4177000522613525,1.4229400157928467,0,0.00015000000000000001
2025-04-04 20:00:00+00:00,1.4229799509048462,1.4258999824523926,1.4213000535964966,1.4218000173568726,0,0.00015000000000000001
2025-04-06 20:00:00+00:00,1.4246200323104858,1.4250199794769287,1.4221999645233154,1.4242099523544312,0,0.00015000000000000001
2025-04-07 00:00:00+00:00,1.4241900444030762,1.4258400201797485,1.4217000007629395,1.4237899780273438,0,0.00015000000000000001
2025-04-07 04:00:00+00:00,1.423799991607666,1.4256199598312378,1.4191999435424805,1.4223899841308594,0,0.00015000000000000001
2025-04-07 08:00:00+00:00,1.4223599433898926,1.426900029182434,1.420799970626831,1.4257899522781372,0,0.00015000000000000001
2025-04-07 12:00:00+00:00,1.4257500171661377,1.4296300411224365,1.4175000190734863,1.4225900173187256,0,0.00015000000000000001
2025-04-07 16:00:00+00:00,1.422569990158081,1.4250999689102173,1.4179999828338623,1.4241900444030762,0,0.00015000000000000001
2025-04-07 20:00:00+00:00,1.4243299961090088,1.4254800081253052,1.4228999614715576,1.4238799810409546,0,0.00015000000000000001
2025-04-08 00:00:00+00:00,1.4238899946212769,1.4241199493408203,1.416100025177002,1.416990041732788,0,0.00015000000000000001
2025-04-08 04:00:00+00:00,1.4170299768447876,1.4192500114440918,1.4146000146865845,1.4189000129699707,0,0.00015000000000000001
2025-04-08 08:00:00+00:00,1.419160008430481,1.420390009880066,1.4163999557495117,1.4172999858856201,0,0.00015000000000000001
2025-04-08 12:00:00+00:00,1.417639970779419,1.422320008277893,1.4139000177383423,1.4194999933242798,0,0.00015000000000000001
2025-04-08 16:00:00+00:00,1.4198399782180786,1.4261900186538696,1.417799949645996,1.4248900413513184,0,0.00015000000000000001
2025-04-08 20:00:00+00:00,1.4249000549316406,1.4271899461746216,1.423799991607666,1.4256000518798828,0,0.00015000000000000001
2025-04-09 00:00:00+00:00,1.425570011138916,1.4273500442504883,1.4200999736785889,1.4243199825286865,0,0.00015000000000000001
2025-04-09 04:00:00+00:00,1.4243299961090088,1.424880027770996,1.4190000295639038,1.4200799465179443,0,0.00015000000000000001
2025-04-09 08:00:00+00:00,1.4200999736785889,1.4223500490188599,1.417199969291687,1.420199990272522,0,0.00015000000000000001
2025-04-09 12:00:00+00:00,1.4201200008392334,1.4212299585342407,1.4127999544143677,1.4188400506973267,0,0.00015000000000000001
2025-04-09 16:00:00+00:00,1.4187899827957153,1.4191299676895142,1.406999945640564,1.4111100435256958,0,0.00015000000000000001
2025-04-09 20:00:00+00:00,1.4110900163650513,1.4121099710464478,1.407099962234497,1.4102699756622314,0,0.00015000000000000001
2025-04-10 00:00:00+00:00,1.4102400541305542,1.4110100269317627,1.407099962234497,1.4078799486160278,0,0.00015000000000000001
2025-04-10 04:00:00+00:00,1.4078400135040283,1.4086300134658813,1.4048000574111938,1.40625,0,0.00015000000000000001
2025-04-10 08:00:00+00:00,1.405900001525879,1.4095200300216675,1.4046000242233276,1.4083399772644043,0,0.00015000000000000001
2025-04-10 12:00:00+00:00,1.4083800315856934,1.4088200330734253,1.3985999822616577,1.4010000228881836,0,0.00015000000000000001
2025-04-10 16:00:00+00:00,1.4010900259017944,1.4018499851226807,1.3947999477386475,1.3977700471878052,0,0.00015000000000000001
2025-04-10 20:00:00+00:00,1.3977299928665161,1.40038001537323,1.3948999643325806,1.3952399492263794,0,0.00015000000000000001
2025-04-11 00:00:00+00:00,1.3952399492263794,1.3963899612426758,1.3904000520706177,1.3949300050735474,0,0.00015000000000000001
2025-04-11 04:00:00+00:00,1.3949099779129028,1.3984700441360474,1.3889000415802002,1.3897299766540527,0,0.00015000000000000001
2025-04-11 08:00:00+00:00,1.3897299766540527,1.3933299779891968,1.3869999647140503,1.387779951095581,0,0.00015000000000000001
2025-04-11 12:00:00+00:00,1.3877700567245483,1.3927500247955322,1.3834999799728394,1.3896700143814087,0,0.00015000000000000001
2025-04-11 16:00:00+00:00,1.389680027961731,1.3933000564575195,1.3868000507354736,1.3889399766921997,0,0.00015000000000000001
2025-04-11 20:00:00+00:00,1.388949990272522,1.3891600370407104,1.385409951210022,1.3863999843597412,0,0.00015000000000000001
2025-04-13 20:00:00+00:00,1.3876999616622925,1.3883899450302124,1.386299967765808,1.3874499797821045,0,0.00015000000000000001
2025-04-14 00:00:00+00:00,1.3873399496078491,1.3877400159835815,1.3845000267028809,1.3857699632644653,0,0.00015000000000000001
2025-04-14 04:00:00+00:00,1.385759949684143,1.387619972229004,1.3825000524520874,1.3834099769592285,0,0.00015000000000000001
2025-04-14 08:00:00+00:00,1.3834400177001953,1.38742995262146,1.3827999830245972,1.3867299556732178,0,0.00015000000000000001
2025-04-14 12:00:00+00:00,1.3867599964141846,1.3903700113296509,1.3858000040054321,1.389430046081543,0,0.00015000000000000001
2025-04-14 16:00:00+00:00,1.3894100189208984,1.3910900354385376,1.3858000040054321,1.3871699571609497,0,0.00015000000000000001
2025-04-14 20:00:00+00:00,1.387179970741272,1.3908599615097046,1.3866000175476074,1.3900699615478516,0,0.00015000000000000001
2025-04-15 00:00:00+00:00,1.390089988708496,1.3902699947357178,1.3863999843597412,1.3871899843215942,0,0.00015000000000000001
2025-04-15 04:00:00+00:00,1.387179970741272,1.3878200054168701,1.384600043296814,1.385830044746399,0,0.00015000000000000001
2025-04-15 08:00:00+00:00,1.385849952697754,1.3878999948501587,1.384600043296814,1.3872599601745605,0,0.00015000000000000001
2025-04-15 12:00:00+00:00,1.3872400522232056,1.3958699703216553,1.386199951171875,1.3945900201797485,0,0.00015000000000000001
2025-04-15 16:00:00+00:00,1.394469976425171,1.3977700471878052,1.3935999870300293,1.396649956703186,0,0.00015000000000000001
2025-04-15 20:00:00+00:00,1.396299958229065,1.3967399597167969,1.394700050354004,1.395799994468689,0,0.00015000000000000001
2025-04-16 00:00:00+00:00,1.3957799673080444,1.3959800004959106,1.3934999704360962,1.3935999870300293,0,0.00015000000000000001
2025-04-16 04:00:00+00:00,1.3938000202178955,1.3942500352859497,1.3907999992370605,1.391160011291504,0,0.00015000000000000001
2025-04-16 08:00:00+00:00,1.3912400007247925,1.3924100399017334,1.3898999691009521,1.3922100067138672,0,0.00015000000000000001
2025-04-16 12:00:00+00:00,1.3921799659729004,1.3930000066757202,1.3868000507354736,1.3883600234985352,0,0.00015000000000000001
2025-04-16 16:00:00+00:00,1.388319969177246,1.3898500204086304,1.3854000568389893,1.3862099647521973,0,0.00015000000000000001
2025-04-16 20:00:00+00:00,1.3861600160598755,1.3875600099563599,1.3849999904632568,1.3854999542236328,0,0.00015000000000000001
2025-04-17 00:00:00+00:00,1.3859100341796875,1.3887100219726562,1.385200023651123,1.388659954071045,0,0.00015000000000000001
2025-04-17 04:00:00+00:00,1.388659954071045,1.3896299600601196,1.3861000537872314,1.3870699405670166,0,0.00015000000000000001
2025-04-17 08:00:00+00:00,1.387120008468628,1.3905999660491943,1.386299967765808,1.3897000551223755,0,0.00015000000000000001
2025-04-17 12:00:00+00:00,1.3900500535964966,1.3900799751281738,1.384600043296814,1.385640025138855,0,0.00015000000000000001
2025-04-17 16:00:00+00:00,1.385640025138855,1.3860900402069092,1.3824000358581543,1.3839600086212158,0,0.00015000000000000001
2025-04-17 20:00:00+00:00,1.3839600086212158,1.3849799633026123,1.382699966430664,1.3839800357818604,0,0.00015000000000000001
2025-04-18 00:00:00+00:00,1.384220004081726,1.386139988899231,1.3837000131607056,1.3859299421310425,0,0.00015000000000000001
2025-04-18 04:00:00+00:00,1.3859299421310425,1.3867299556732178,1.3840999603271484,1.3864200115203857,0,0.00015000000000000001
2025-04-18 08:00:00+00:00,1.3863799571990967,1.3868199586868286,1.3842999935150146,1.3860000371932983,0,0.00015000000000000001
2025-04-18 12:00:00+00:00,1.3861600160598755,1.3869500160217285,1.3840999603271484,1.3848999738693237,0,0.00015000000000000001
2025-04-18 16:00:00+00:00,1.3848600387573242,1.385599970817566,1.3835999965667725,1.3844000101089478,0,0.00015000000000000001
2025-04-18 20:00:00+00:00,1.3846100568771362,1.3847999572753906,1.3830000162124634,1.384600043296814,0,0.00015000000000000001
2025-04-20 20:00:00+00:00,1.3828099966049194,1.383039951324463,1.381700038909912,1.3824599981307983,0,0.00015000000000000001
2025-04-21 00:00:00+00:00,1.3825199604034424,1.3826099634170532,1.378999948501587,1.3794000148773193,0,0.00015000000000000001
2025-04-21 04:00:00+00:00,1.3795900344848633,1.3803800344467163,1.378600001335144,1.379699945449829,0,0.00015000000000000001
2025-04-21 08:00:00+00:00,1.3796000480651855,1.381500005722046,1.3775999546051025,1.3803000450134277,0,0.00015000000000000001
2025-04-21 12:00:00+00:00,1.3807499408721924,1.3819299936294556,1.378100037574768,1.381600022315979,0,0.00015000000000000001
2025-04-21 16:00:00+00:00,1.3817600011825562,1.3849899768829346,1.3812999725341797,1.3834400177001953,0,0.00015000000000000001
2025-04-21 20:00:00+00:00,1.383470058441162,1.384809970855713,1.382699966430664,1.3828999996185303,0,0.00015000000000000001
2025-04-22 00:00:00+00:00,1.38332998752594,1.3845700025558472,1.3796000480651855,1.3805899620056152,0,0.00015000000000000001
2025-04-22 04:00:00+00:00,1.380519986152649,1.3820899724960327,1.3789000511169434,1.3810700178146362,0,0.00015000000000000001
2025-04-22 08:00:00+00:00,1.3810700178146362,1.3847999572753906,1.3803999423980713,1.3840999603271484,0,0.00015000000000000001
2025-04-22 12:00:00+00:00,1.3842400312423706,1.3861500024795532,1.3797999620437622,1.3801300525665283,0,0.00015000000000000001
2025-04-22 16:00:00+00:00,1.3798999786376953,1.3832900524139404,1.3791999816894531,1.382099986076355,0,0.00015000000000000001
2025-04-22 20:00:00+00:00,1.382390022277832,1.3860399723052979,1.3805999755859375,1.384809970855713,0,0.00015000000000000001
2025-04-23 00:00:00+00:00,1.384600043296814,1.384850025177002,1.381500005722046,1.3840099573135376,0,0.00015000000000000001
2025-04-23 04:00:00+00:00,1.3840299844741821,1.384719967842102,1.3804999589920044,1.3817100524902344,0,0.00015000000000000001
2025-04-23 08:00:00+00:00,1.3817100524902344,1.383579969406128,1.3792999982833862,1.3823699951171875,0,0.00015000000000000001
2025-04-23 12:00:00+00:00,1.3823100328445435,1.3895699977874756,1.381500005722046,1.3894200325012207,0,0.00015000000000000001
2025-04-23 16:00:00+00:00,1.389299988746643,1.3904600143432617,1.3877999782562256,1.3886699676513672,0,0.00015000000000000001
2025-04-23 20:00:00+00:00,1.3886200189590454,1.3889800310134888,1.3866000175476074,1.3871999979019165,0,0.00015000000000000001
2025-04-24 00:00:00+00:00,1.3874800205230713,1.3881299495697021,1.3859000205993652,1.3870999813079834,0,0.00015000000000000001
2025-04-24 04:00:00+00:00,1.3871300220489502,1.3875000476837158,1.3837000131607056,1.3838000297546387,0,0.00015000000000000001
2025-04-24 08:00:00+00:00,1.384060025215149,1.3865000009536743,1.3835999965667725,1.3861000537872314,0,0.00015000000000000001
2025-04-24 12:00:00+00:00,1.3863999843597412,1.3897099494934082,1.384600043296814,1.3885999917984009,0,0.00015000000000000001
2025-04-24 16:00:00+00:00,1.3889399766921997,1.3898999691009521,1.3842999935150146,1.3856500387191772,0,0.00015000000000000001
2025-04-24 20:00:00+00:00,1.3856899738311768,1.385949969291687,1.3839999437332153,1.385509967803955,0,0.00015000000000000001
2025-04-25 00:00:00+00:00,1.3854899406433105,1.387279987335205,1.38510000705719,1.387120008468628,0,0.00015000000000000001
2025-04-25 04:00:00+00:00,1.3871099948883057,1.3889299631118774,1.3854999542236328,1.3875999450683594,0,0.00015000000000000001
2025-04-25 08:00:00+00:00,1.387760043144226,1.3892300128936768,1.3868000507354736,1.3873100280761719,0,0.00015000000000000001
2025-04-25 12:00:00+00:00,1.3872900009155273,1.3875800371170044,1.3845000267028809,1.385599970817566,0,0.00015000000000000001
2025-04-25 16:00:00+00:00,1.385849952697754,1.3875800371170044,1.3849999904632568,1.386080026626587,0,0.00015000000000000001
2025-04-25 20:00:00+00:00,1.3861000537872314,1.386240005493164,1.3845000267028809,1.3853000402450562,0,0.00015000000000000001
2025-04-27 20:00:00+00:00,1.38687002658844,1.3872300386428833,1.385699987411499,1.3870400190353394,0,0.00015000000000000001
2025-04-28 00:00:00+00:00,1.3870600461959839,1.3884999752044678,1.3866000175476074,1.387470006942749,0,0.00015000000000000001
2025-04-28 04:00:00+00:00,1.3874900341033936,1.3887200355529785,1.3859000205993652,1.3880200386047363,0,0.00015000000000000001
2025-04-28 08:00:00+00:00,1.3880800008773804,1.3892600536346436,1.3859000205993652,1.386639952659607,0,0.00015000000000000001
2025-04-28 12:00:00+00:00,1.386620044708252,1.3872400522232056,1.382099986076355,1.3858799934387207,0,0.00015000000000000001
2025-04-28 16:00:00+00:00,1.3858599662780762,1.386199951171875,1.3812999725341797,1.381600022315979,0,0.00015000000000000001
2025-04-28 20:00:00+00:00,1.381790041923523,1.383579969406128,1.3812999725341797,1.3831499814987183,0,0.00015000000000000001
2025-04-29 00:00:00+00:00,1.3827999830245972,1.3866699934005737,1.3803999423980713,1.3854999542236328,0,0.00015000000000000001
2025-04-29 04:00:00+00:00,1.3857200145721436,1.3871300220489502,1.381500005722046,1.3819600343704224,0,0.00015000000000000001
2025-04-29 08:00:00+00:00,1.3819500207901,1.385200023651123,1.3811999559402466,1.3848999738693237,0,0.00015000000000000001
2025-04-29 12:00:00+00:00,1.384909987449646,1.38673996925354,1.3825000524520874,1.3854199647903442,0,0.00015000000000000001
2025-04-29 16:00:00+00:00,1.38510000705719,1.3860100507736206,1.3832000494003296,1.3836899995803833,0,0.00015000000000000001
2025-04-29 20:00:00+00:00,1.38372004032135,1.3842300176620483,1.3819999694824219,1.3825700283050537,0,0.00015000000000000001
2025-04-30 00:00:00+00:00,1.382539987564087,1.384600043296814,1.381600022315979,1.3841500282287598,0,0.00015000000000000001
2025-04-30 04:00:00+00:00,1.3841300010681152,1.384220004081726,1.3813999891281128,1.3831900358200073,0,0.00015000000000000001
2025-04-30 08:00:00+00:00,1.3831900358200073,1.3843200206756592,1.382200002670288,1.3828999996185303,0,0.00015000000000000001
2025-04-30 12:00:00+00:00,1.3831100463867188,1.3855400085449219,1.3798999786376953,1.3808300495147705,0,0.00015000000000000001
2025-04-30 16:00:00+00:00,1.380769968032837,1.3818600177764893,1.3765000104904175,1.3784699440002441,0,0.00015000000000000001
2025-04-30 20:00:00+00:00,1.3784600496292114,1.3801100254058838,1.3777999877929688,1.379349946975708,0,0.00015000000000000001
2025-05-01 00:00:00+00:00,1.37909996509552,1.3800400495529175,1.378000020980835,1.3795900344848633,0,0.00015000000000000001
2025-05-01 04:00:00+00:00,1.3796000480651855,1.3816100358963013,1.3788000345230103,1.3812099695205688,0,0.00015000000000000001
2025-05-01 08:00:00+00:00,1.381250023841858,1.3825199604034424,1.3802000284194946,1.3817600011825562,0,0.00015000000000000001
2025-05-01 12:00:00+00:00,1.3817399740219116,1.3862099647521973,1.3791999816894531,1.3848299980163574,0,0.00015000000000000001
2025-05-01 16:00:00+00:00,1.3847700357437134,1.386139988899231,1.3831000328063965,1.3843499422073364,0,0.00015000000000000001
2025-05-01 20:00:00+00:00,1.3839999437332153,1.3855500221252441,1.3833999633789062,1.3845000267028809,0,0.00015000000000000001
2025-05-02 00:00:00+00:00,1.384850025177002,1.3849999904632568,1.38100004196167,1.3816200494766235,0,0.00015000000000000001
2025-05-02 04:00:00+00:00,1.3812999725341797,1.3824000358581543,1.3798999786376953,1.381719946861267,0,0.00015000000000000001
2025-05-02 08:00:00+00:00,1.3816699981689453,1.383430004119873,1.3802000284194946,1.3820899724960327,0,0.00015000000000000001
2025-05-02 12:00:00+00:00,1.3820799589157104,1.383870005607605,1.375499963760376,1.378999948501587,0,0.00015000000000000001
2025-05-02 16:00:00+00:00,1.379140019416809,1.3817100524902344,1.3777999877929688,1.3808200359344482,0,0.00015000000000000001
2025-05-02 20:00:00+00:00,1.3808000087738037,1.3820300102233887,1.3803000450134277,1.3813899755477905,0,0.00015000000000000001
2025-05-04 20:00:00+00:00,1.382200002670288,1.3828099966049194,1.3812999725341797,1.3824900388717651,0,0.00015000000000000001
2025-05-05 00:00:00+00:00,1.3824700117111206,1.3828999996185303,1.37909996509552,1.380560040473938,0,0.00015000000000000001
2025-05-05 04:00:00+00:00,1.3805299997329712,1.3818600177764893,1.3783999681472778,1.3815799951553345,0,0.00015000000000000001
2025-05-05 08:00:00+00:00,1.381100058555603,1.381700038909912,1.3782000541687012,1.3798199892044067,0,0.00015000000000000001
2025-05-05 12:00:00+00:00,1.3794000148773193,1.3829699754714966,1.378499984741211,1.38100004196167,0,0.00015000000000000001
2025-05-05 16:00:00+00:00,1.3811299800872803,1.3821500539779663,1.3803999423980713,1.3811800479888916,0,0.00015000000000000001
2025-05-05 20:00:00+00:00,1.3811800479888916,1.3830000162124634,1.3804999589920044,1.3818999528884888,0,0.00015000000000000001
2025-05-06 00:00:00+00:00,1.3822699785232544,1.3845100402832031,1.381700038909912,1.3823399543762207,0,0.00015000000000000001
2025-05-06 04:00:00+00:00,1.3822799921035767,1.3830900192260742,1.3804999589920044,1.3814300298690796,0,0.00015000000000000001
2025-05-06 08:00:00+00:00,1.3814300298690796,1.3832499980926514,1.3797999620437622,1.3803800344467163,0,0.00015000000000000001
2025-05-06 12:00:00+00:00,1.3803199529647827,1.3809000253677368,1.3767000436782837,1.3775299787521362,0,0.00015000000000000001
2025-05-06 16:00:00+00:00,1.3774800300598145,1.379040002822876,1.3746000528335571,1.376979947090149,0,0.00015000000000000001
2025-05-06 20:00:00+00:00,1.3769700527191162,1.3782999515533447,1.3759000301361084,1.3771400451660156,0,0.00015000000000000001
2025-05-07 00:00:00+00:00,1.3770999908447266,1.379870057106018,1.3762999773025513,1.3791500329971313,0,0.00015000000000000001
2025-05-07 04:00:00+00:00,1.379140019416809,1.3797199726104736,1.3777999877929688,1.378440022468567,0,0.00015000000000000001
2025-05-07 08:00:00+00:00,1.378100037574768,1.380329966545105,1.3776999711990356,1.379330039024353,0,0.00015000000000000001
2025-05-07 12:00:00+00:00,1.3792999982833862,1.3806400299072266,1.3768999576568604,1.3774499893188477,0,0.00015000000000000001
2025-05-07 16:00:00+00:00,1.3774100542068481,1.3837000131607056,1.3770999908447266,1.3830300569534302,0,0.00015000000000000001
2025-05-07 20:00:00+00:00,1.383039951324463,1.3839499950408936,1.3824000358581543,1.3836300373077393,0,0.00015000000000000001
2025-05-08 00:00:00+00:00,1.3836400508880615,1.3836400508880615,1.3809000253677368,1.3826700448989868,0,0.00015000000000000001
2025-05-08 04:00:00+00:00,1.3826199769973755,1.388350009918213,1.3819999694824219,1.386299967765808,0,0.00015000000000000001
2025-05-08 08:00:00+00:00,1.3862899541854858,1.3898299932479858,1.3854000568389893,1.3888599872589111,0,0.00015000000000000001
2025-05-08 12:00:00+00:00,1.3888599872589111,1.3919199705123901,1.3863999843597412,1.3912999629974365,0,0.00015000000000000001
2025-05-08 16:00:00+00:00,1.3914200067520142,1.3932900428771973,1.3910000324249268,1.391950011253357,0,0.00015000000000000001
2025-05-08 20:00:00+00:00,1.3916000127792358,1.3926299810409546,1.3911999464035034,1.3920999765396118,0,0.00015000000000000001
2025-05-09 00:00:00+00:00,1.3923300504684448,1.3942400217056274,1.3913999795913696,1.3922100067138672,0,0.00015000000000000001
2025-05-09 04:00:00+00:00,1.3921899795532227,1.3926000595092773,1.3907999992370605,1.3914300203323364,0,0.00015000000000000001
2025-05-09 08:00:00+00:00,1.3914599418640137,1.3921200037002563,1.3905999660491943,1.3911700248718262,0,0.00015000000000000001
2025-05-09 12:00:00+00:00,1.3911099433898926,1.3941700458526611,1.3902000188827515,1.39260995388031,0,0.00015000000000000001
2025-05-09 16:00:00+00:00,1.3926199674606323,1.3944499492645264,1.3916000127792358,1.3930799961090088,0,0.00015000000000000001
2025-05-09 20:00:00+00:00,1.3931000232696533,1.3940199613571167,1.3926000595092773,1.3937000036239624,0,0.00015000000000000001
2025-05-11 20:00:00+00:00,1.3927799463272095,1.3929500579833984,1.3916000127792358,1.3927799463272095,0,0.00015000000000000001
2025-05-12 00:00:00+00:00,1.3927500247955322,1.3940999507904053,1.3916000127792358,1.392199993133545,0,0.00015000000000000001
2025-05-12 04:00:00+00:00,1.3921799659729004,1.397629976272583,1.3909000158309937,1.3969700336456299,0,0.00015000000000000001
2025-05-12 08:00:00+00:00,1.3964999914169312,1.3987300395965576,1.3947999477386475,1.3976099491119385,0,0.00015000000000000001
2025-05-12 12:00:00+00:00,1.3977899551391602,1.4007999897003174,1.3971999883651733,1.400439977645874,0,0.00015000000000000001
2025-05-12 16:00:00+00:00,1.4004199504852295,1.4015599489212036,1.3978999853134155,1.3986999988555908,0,0.00015000000000000001
2025-05-12 20:00:00+00:00,1.398710012435913,1.3989800214767456,1.3964999914169312,1.3973900079727173,0,0.00015000000000000001
2025-05-13 00:00:00+00:00,1.3973400592803955,1.3987300395965576,1.3960000276565552,1.3963899612426758,0,0.00015000000000000001
2025-05-13 04:00:00+00:00,1.3963799476623535,1.3988399505615234,1.395400047302246,1.3986300230026245,0,0.00015000000000000001
2025-05-13 08:00:00+00:00,1.3986200094223022,1.399549961090088,1.3976000547409058,1.3993200063705444,0,0.00015000000000000001
2025-05-13 12:00:00+00:00,1.3991400003433228,1.401610016822815,1.3952000141143799,1.395900011062622,0,0.00015000000000000001
2025-05-13 16:00:00+00:00,1.3959399461746216,1.3969299793243408,1.392699956893921,1.3932900428771973,0,0.00015000000000000001
2025-05-13 20:00:00+00:00,1.3933700323104858,1.3941999673843384,1.392199993133545,1.3932700157165527,0,0.00015000000000000001
2025-05-14 00:00:00+00:00,1.3930000066757202,1.3939599990844727,1.3916000127792358,1.39205002784729,0,0.00015000000000000001
2025-05-14 04:00:00+00:00,1.3919899463653564,1.3936100006103516,1.3912999629974365,1.3923300504684448,0,0.00015000000000000001
2025-05-14 08:00:00+00:00,1.3923300504684448,1.3940399885177612,1.389799952507019,1.393399953842163,0,0.00015000000000000001
2025-05-14 12:00:00+00:00,1.3938100337982178,1.3978999853134155,1.392199993133545,1.396440029144287,0,0.00015000000000000001
2025-05-14 16:00:00+00:00,1.3964500427246094,1.3984500169754028,1.3954999446868896,1.3975499868392944,0,0.00015000000000000001
2025-05-14 20:00:00+00:00,1.3975900411605835,1.3985999822616577,1.396299958229065,1.3978099822998047,0,0.00015000000000000001
2025-05-15 00:00:00+00:00,1.397760033607483,1.3978500366210938,1.3954999446868896,1.3964999914169312,0,0.00015000000000000001
2025-05-15 04:00:00+00:00,1.3964999914169312,1.3988100290298462,1.395900011062622,1.3981000185012817,0,0.00015000000000000001
2025-05-15 08:00:00+00:00,1.3983700275421143,1.3990999460220337,1.3973000049591064,1.3984700441360474,0,0.00015000000000000001
2025-05-15 12:00:00+00:00,1.3984099626541138,1.400339961051941,1.3971999883651733,1.3990399837493896,0,0.00015000000000000001
2025-05-15 16:00:00+00:00,1.3989800214767456,1.4004600048065186,1.3954999446868896,1.3959699869155884,0,0.00015000000000000001
2025-05-15 20:00:00+00:00,1.3959800004959106,1.3964999914169312,1.394700050354004,1.3955800533294678,0,0.00015000000000000001
2025-05-16 00:00:00+00:00,1.3955600261688232,1.3957300186157227,1.3938000202178955,1.3945300579071045,0,0.00015000000000000001
2025-05-16 04:00:00+00:00,1.3945399522781372,1.3953299522399902,1.3930000066757202,1.3946000337600708,0,0.00015000000000000001
2025-05-16 08:00:00+00:00,1.3945900201797485,1.3965699672698975,1.3942999839782715,1.396530032157898,0,0.00015000000000000001
2025-05-16 12:00:00+00:00,1.3965500593185425,1.3991800546646118,1.3945000171661377,1.398800015449524,0,0.00015000000000000001
2025-05-16 16:00:00+00:00,1.3990700244903564,1.399549961090088,1.3976000547409058,1.3980900049209595,0,0.00015000000000000001
2025-05-16 20:00:00+00:00,1.3980499505996704,1.3981399536132812,1.395900011062622,1.3964999914169312,0,0.00015000000000000001
2025-05-18 20:00:00+00:00,1.3955999612808228,1.395799994468689,1.3947999477386475,1.3948999643325806,0,0.00015000000000000001
2025-05-19 00:00:00+00:00,1.3952800035476685,1.397130012512207,1.3947999477386475,1.3969700336456299,0,0.00015000000000000001
2025-05-19 04:00:00+00:00,1.3969700336456299,1.397279977798462,1.3944000005722046,1.3953100442886353,0,0.00015000000000000001
2025-05-19 08:00:00+00:00,1.395300030708313,1.3961999416351318,1.3934999704360962,1.3937000036239624,0,0.00015000000000000001
2025-05-19 12:00:00+00:00,1.393970012664795,1.3952000141143799,1.3912999629974365,1.3946800231933594,0,0.00015000000000000001
2025-05-19 16:00:00+00:00,1.3946499824523926,1.3965200185775757,1.3937000036239624,1.3953299522399902,0,0.00015000000000000001
2025-05-19 20:00:00+00:00,1.3953499794006348,1.3961999416351318,1.392699956893921,1.395740032196045,0,0.00015000000000000001
2025-05-20 00:00:00+00:00,1.3957899808883667,1.3968299627304077,1.3952000141143799,1.3957899808883667,0,0.00015000000000000001
2025-05-20 04:00:00+00:00,1.3957300186157227,1.3964999914169312,1.392899990081787,1.3935500383377075,0,0.00015000000000000001
2025-05-20 08:00:00+00:00,1.3931000232696533,1.3948999643325806,1.392699956893921,1.3942999839782715,0,0.00015000000000000001
2025-05-20 12:00:00+00:00,1.394610047340393,1.3961100578308105,1.3913999795913696,1.3942300081253052,0,0.00015000000000000001
2025-05-20 16:00:00+00:00,1.3942699432373047,1.394950032234192,1.3911000490188599,1.3914799690246582,0,0.00015000000000000001
2025-05-20 20:00:00+00:00,1.3914799690246582,1.3919999599456787,1.3903000354766846,1.3904999494552612,0,0.00015000000000000001
2025-05-21 00:00:00+00:00,1.3908799886703491,1.3911099433898926,1.388200044631958,1.388890027999878,0,0.00015000000000000001
2025-05-21 04:00:00+00:00,1.388890027999878,1.3894599676132202,1.3875000476837158,1.3884799480438232,0,0.00015000000000000001
2025-05-21 08:00:00+00:00,1.3885300159454346,1.3898299932479858,1.386299967765808,1.389009952545166,0,0.00015000000000000001
2025-05-21 12:00:00+00:00,1.3890000581741333,1.3890600204467773,1.3818000555038452,1.3822400569915771,0,0.00015000000000000001
2025-05-21 16:00:00+00:00,1.3822400569915771,1.3863699436187744,1.38100004196167,1.3862099647521973,0,0.00015000000000000001
2025-05-21 20:00:00+00:00,1.386199951171875,1.3871400356292725,1.3851499557495117,1.386139988899231,0,0.00015000000000000001
2025-05-22 00:00:00+00:00,1.3861099481582642,1.3861600160598755,1.3840999603271484,1.3848999738693237,0,0.00015000000000000001
2025-05-22 04:00:00+00:00,1.3852800130844116,1.386989951133728,1.3841999769210815,1.3856600522994995,0,0.00015000000000000001
2025-05-22 08:00:00+00:00,1.3856300115585327,1.3884700536727905,1.3844000101089478,1.3865599632263184,0,0.00015000000000000001
2025-05-22 12:00:00+00:00,1.3865200281143188,1.3889000415802002,1.3853000402450562,1.385759949684143,0,0.00015000000000000001
2025-05-22 16:00:00+00:00,1.3857799768447876,1.3873000144958496,1.3849999904632568,1.386489987373352,0,0.00015000000000000001
2025-05-22 20:00:00+00:00,1.3864799737930298,1.386549949645996,1.3848999738693237,1.3858000040054321,0,0.00015000000000000001
2025-05-23 00:00:00+00:00,1.3858100175857544,1.3859000205993652,1.382599949836731,1.3830900192260742,0,0.00015000000000000001
2025-05-23 04:00:00+00:00,1.3831100463867188,1.3832299709320068,1.3804999589920044,1.381410002708435,0,0.00015000000000000001
2025-05-23 08:00:00+00:00,1.381410002708435,1.3823000192642212,1.3798999786376953,1.3819199800491333,0,0.00015000000000000001
2025-05-23 12:00:00+00:00,1.381700038909912,1.3833800554275513,1.3746000528335571,1.3756999969482422,0,0.00015000000000000001
2025-05-23 16:00:00+00:00,1.3756999969482422,1.375939965248108,1.3704999685287476,1.372439980506897,0,0.00015000000000000001
2025-05-23 20:00:00+00:00,1.372499942779541,1.3737000226974487,1.3720999956130981,1.3737000226974487,0,0.00015000000000000001
2025-05-25 20:00:00+00:00,1.373039960861206,1.373829960823059,1.371899962425232,1.373610019683838,0,0.00015000000000000001
2025-05-26 00:00:00+00:00,1.3733999729156494,1.3736000061035156,1.368499994277954,1.3700100183486938,0,0.00015000000000000001
2025-05-26 04:00:00+00:00,1.3700100183486938,1.371150016784668,1.3681999444961548,1.3702600002288818,0,0.00015000000000000001
2025-05-26 08:00:00+00:00,1.3703299760818481,1.3723000288009644,1.3694000244140625,1.3716399669647217,0,0.00015000000000000001
2025-05-26 12:00:00+00:00,1.371500015258789,1.3735100030899048,1.371000051498413,1.3728699684143066,0,0.00015000000000000001
2025-05-26 16:00:00+00:00,1.3728899955749512,1.373900055885315,1.372499942779541,1.3735899925231934,0,0.00015000000000000001
2025-05-26 20:00:00+00:00,1.373579978942871,1.373810052871704,1.3726999759674072,1.373610019683838,0,0.00015000000000000001
2025-05-27 00:00:00+00:00,1.3736000061035156,1.373900055885315,1.37214994430542,1.3736399412155151,0,0.00015000000000000001
2025-05-27 04:00:00+00:00,1.373610019683838,1.3768999576568604,1.3730900287628174,1.3765900135040283,0,0.00015000000000000001
2025-05-27 08:00:00+00:00,1.376539945602417,1.3769099712371826,1.375749945640564,1.3766299486160278,0,0.00015000000000000001
2025-05-27 12:00:00+00:00,1.3765900135040283,1.3779300451278687,1.3754199743270874,1.3776500225067139,0,0.00015000000000000001
2025-05-27 16:00:00+00:00,1.3776500225067139,1.3827600479125977,1.3770400285720825,1.382140040397644,0,0.00015000000000000001
2025-05-27 20:00:00+00:00,1.3822300434112549,1.3836100101470947,1.3802299499511719,1.3805999755859375,0,0.00015000000000000001
2025-05-28 00:00:00+00:00,1.3809700012207031,1.3828999996185303,1.379699945449829,1.3824100494384766,0,0.00015000000000000001
2025-05-28 04:00:00+00:00,1.382390022277832,1.3838499784469604,1.38100004196167,1.3820699453353882,0,0.00015000000000000001
2025-05-28 08:00:00+00:00,1.3820899724960327,1.3832099437713623,1.3806999921798706,1.3824000358581543,0,0.00015000000000000001
2025-05-28 12:00:00+00:00,1.3828699588775635,1.3844399452209473,1.3803999423980713,1.3820199966430664,0,0.00015000000000000001
2025-05-28 16:00:00+00:00,1.3820199966430664,1.3837000131607056,1.3812999725341797,1.3836699724197388,0,0.00015000000000000001
2025-05-28 20:00:00+00:00,1.3833999633789062,1.3861000537872314,1.3827999830245972,1.3853399753570557,0,0.00015000000000000001
2025-05-29 00:00:00+00:00,1.3853199481964111,1.3861600160598755,1.3839000463485718,1.3847700357437134,0,0.00015000000000000001
2025-05-29 04:00:00+00:00,1.3847500085830688,1.385699987411499,1.3812999725341797,1.3818199634552002,0,0.00015000000000000001
2025-05-29 08:00:00+00:00,1.381809949874878,1.3835200071334839,1.3811999559402466,1.382599949836731,0,0.00015000000000000001
2025-05-29 12:00:00+00:00,1.3828099966049194,1.3828999996185303,1.378000020980835,1.380929946899414,0,0.00015000000000000001
2025-05-29 16:00:00+00:00,1.3809399604797363,1.3812199831008911,1.3791999816894531,1.3808499574661255,0,0.00015000000000000001
2025-05-29 20:00:00+00:00,1.3808599710464478,1.3811500072479248,1.3798799514770508,1.380660057067871,0,0.00015000000000000001
2025-05-30 00:00:00+00:00,1.3806300163269043,1.3825600147247314,1.379699945449829,1.3822300434112549,0,0.00015000000000000001
2025-05-30 04:00:00+00:00,1.3822699785232544,1.3829900026321411,1.381060004234314,1.3817399740219116,0,0.00015000000000000001
2025-05-30 08:00:00+00:00,1.3817100524902344,1.3823599815368652,1.3807300329208374,1.3807899951934814,0,0.00015000000000000001
2025-05-30 12:00:00+00:00,1.3807899951934814,1.3813899755477905,1.3734999895095825,1.3748199939727783,0,0.00015000000000000001
2025-05-30 16:00:00+00:00,1.3747800588607788,1.376330018043518,1.371000051498413,1.372499942779541,0,0.00015000000000000001
2025-05-30 20:00:00+00:00,1.3724700212478638,1.37431001663208,1.3717000484466553,1.3739999532699585,0,0.00015000000000000001
2025-06-01 20:00:00+00:00,1.372499942779541,1.3727999925613403,1.371899962425232,1.3723000288009644,0,0.00015000000000000001
2025-06-02 00:00:00+00:00,1.3724900484085083,1.3728899955749512,1.3701000213623047,1.3720999956130981,0,0.00015000000000000001
2025-06-02 04:00:00+00:00,1.3723200559616089,1.3725999593734741,1.3669999837875366,1.367799997329712,0,0.00015000000000000001
2025-06-02 08:00:00+00:00,1.3681299686431885,1.3710800409317017,1.3669999837875366,1.370609998703003,0,0.00015000000000000001
2025-06-02 12:00:00+00:00,1.370609998703003,1.3713200092315674,1.3686000108718872,1.3699400424957275,0,0.00015000000000000001
2025-06-02 16:00:00+00:00,1.3699300289154053,1.3723700046539307,1.3696000576019287,1.3702199459075928,0,0.00015000000000000001
2025-06-02 20:00:00+00:00,1.3701800107955933,1.371999979019165,1.3696000576019287,1.3710800409317017,0,0.00015000000000000001
2025-06-03 00:00:00+00:00,1.3710299730300903,1.373520016670227,1.3707000017166138,1.3734400272369385,0,0.00015000000000000001
2025-06-03 04:00:00+00:00,1.3734699487686157,1.37391996383667,1.371899962425232,1.3729000091552734,0,0.00015000000000000001
2025-06-03 08:00:00+00:00,1.3732000589370728,1.3741999864578247,1.3717999458312988,1.3738700151443481,0,0.00015000000000000001
2025-06-03 12:00:00+00:00,1.3738700151443481,1.3743000030517578,1.3696000576019287,1.37214994430542,0,0.00015000000000000001
2025-06-03 16:00:00+00:00,1.3717999458312988,1.3731399774551392,1.3710999488830566,1.3719300031661987,0,0.00015000000000000001
2025-06-03 20:00:00+00:00,1.3719799518585205,1.3723100423812866,1.371000051498413,1.3711999654769897,0,0.00015000000000000001
2025-06-04 00:00:00+00:00,1.371500015258789,1.3723100423812866,1.3702000379562378,1.3717000484466553,0,0.00015000000000000001
2025-06-04 04:00:00+00:00,1.3719099760055542,1.3731600046157837,1.3705999851226807,1.371749997138977,0,0.00015000000000000001
2025-06-04 08:00:00+00:00,1.3717600107192993,1.37214994430542,1.3698999881744385,1.3703999519348145,0,0.00015000000000000001
2025-06-04 12:00:00+00:00,1.3706300258636475,1.3710399866104126,1.3658000230789185,1.3670099973678589,0,0.00015000000000000001
2025-06-04 16:00:00+00:00,1.3670099973678589,1.3681700229644775,1.364799976348877,1.368149995803833,0,0.00015000000000000001
2025-06-04 20:00:00+00:00,1.3681399822235107,1.3685699701309204,1.3667999505996704,1.3681600093841553,0,0.00015000000000000001
2025-06-05 00:00:00+00:00,1.367799997329712,1.3683300018310547,1.3666000366210938,1.3682700395584106,0,0.00015000000000000001
2025-06-05 04:00:00+00:00,1.368280053138733,1.3683899641036987,1.3654999732971191,1.3671400547027588,0,0.00015000000000000001
2025-06-05 08:00:00+00:00,1.3671300411224365,1.367169976234436,1.364799976348877,1.3657000064849854,0,0.00015000000000000001
2025-06-05 12:00:00+00:00,1.3659900426864624,1.367210030555725,1.3630000352859497,1.3667700290679932,0,0.00015000000000000001
2025-06-05 16:00:00+00:00,1.3664000034332275,1.3675199747085571,1.3653000593185425,1.3665000200271606,0,0.00015000000000000001
2025-06-05 20:00:00+00:00,1.3665000200271606,1.367609977722168,1.3659000396728516,1.3667500019073486,0,0.00015000000000000001
2025-06-06 00:00:00+00:00,1.3667000532150269,1.3671000003814697,1.3655999898910522,1.3663599491119385,0,0.00015000000000000001
2025-06-06 04:00:00+00:00,1.3663300275802612,1.3671599626541138,1.3655999898910522,1.3667700290679932,0,0.00015000000000000001
2025-06-06 08:00:00+00:00,1.3664000034332275,1.3690600395202637,1.3664000034332275,1.3687900304794312,0,0.00015000000000000001
2025-06-06 12:00:00+00:00,1.368839979171753,1.3704299926757812,1.3662999868392944,1.3686200380325317,0,0.00015000000000000001
2025-06-06 16:00:00+00:00,1.3685799837112427,1.3703099489212036,1.3680000305175781,1.3695600032806396,0,0.00015000000000000001
2025-06-06 20:00:00+00:00,1.3695600032806396,1.3700799942016602,1.3686000108718872,1.3688000440597534,0,0.00015000000000000001
2025-06-08 20:00:00+00:00,1.3690999746322632,1.3696999549865723,1.3687000274658203,1.3692100048065186,0,0.00015000000000000001
2025-06-09 00:00:00+00:00,1.3692100048065186,1.3696000576019287,1.367300033569336,1.3686000108718872,0,0.00015000000000000001
2025-06-09 04:00:00+00:00,1.3685599565505981,1.3689199686050415,1.367300033569336,1.368190050125122,0,0.00015000000000000001
2025-06-09 08:00:00+00:00,1.3681399822235107,1.3686699867248535,1.3665000200271606,1.3681800365447998,0,0.00015000000000000001
2025-06-09 12:00:00+00:00,1.3681399822235107,1.3707400560379028,1.3668999671936035,1.3676999807357788,0,0.00015000000000000001
2025-06-09 16:00:00+00:00,1.3676799535751343,1.3687800168991089,1.3667000532150269,1.3685100078582764,0,0.00015000000000000001
2025-06-09 20:00:00+00:00,1.368530035018921,1.3703099489212036,1.3681000471115112,1.3696999549865723,0,0.00015000000000000001
2025-06-10 00:00:00+00:00,1.3699899911880493,1.3715699911117554,1.36899995803833,1.3696999549865723,0,0.00015000000000000001
2025-06-10 04:00:00+00:00,1.3700900077819824,1.372849941253662,1.3696999549865723,1.3720099925994873,0,0.00015000000000000001
2025-06-10 08:00:00+00:00,1.371999979019165,1.3720999956130981,1.3681999444961548,1.36899995803833,0,0.00015000000000000001
2025-06-10 12:00:00+00:00,1.3692599534988403,1.369379997253418,1.3664000034332275,1.3683899641036987,0,0.00015000000000000001
2025-06-10 16:00:00+00:00,1.3683700561523438,1.3692699670791626,1.3667000532150269,1.36735999584198,0,0.00015000000000000001
2025-06-10 20:00:00+00:00,1.3674099445343018,1.367799997329712,1.3659000396728516,1.3666000366210938,0,0.00015000000000000001
2025-06-11 00:00:00+00:00,1.366819977760315,1.368399977684021,1.3661999702453613,1.3676700592041016,0,0.00015000000000000001
2025-06-11 04:00:00+00:00,1.3676700592041016,1.3684099912643433,1.3668999671936035,1.3674800395965576,0,0.00015000000000000001
2025-06-11 08:00:00+00:00,1.3674800395965576,1.3688499927520752,1.3669999837875366,1.3679800033569336,0,0.00015000000000000001
2025-06-11 12:00:00+00:00,1.3680100440979004,1.3690099716186523,1.3645000457763672,1.3663699626922607,0,0.00015000000000000001
2025-06-11 16:00:00+00:00,1.3663500547409058,1.3672399520874023,1.3645000457763672,1.3665599822998047,0,0.00015000000000000001
2025-06-11 20:00:00+00:00,1.3665599822998047,1.3674800395965576,1.3655999898910522,1.3666000366210938,0,0.00015000000000000001
2025-06-12 00:00:00+00:00,1.3665599822998047,1.367319941520691,1.365399956703186,1.3658100366592407,0,0.00015000000000000001
2025-06-12 04:00:00+00:00,1.3654999732971191,1.3675299882888794,1.3644299507141113,1.366629958152771,0,0.00015000000000000001
2025-06-12 08:00:00+00:00,1.3666499853134155,1.3672000169754028,1.3624600172042847,1.3636000156402588,0,0.00015000000000000001
2025-06-12 12:00:00+00:00,1.3635799884796143,1.3637900352478027,1.3603999614715576,1.3616700172424316,0,0.00015000000000000001
2025-06-12 16:00:00+00:00,1.3617099523544312,1.3617600202560425,1.3595000505447388,1.3605200052261353,0,0.00015000000000000001
2025-06-12 20:00:00+00:00,1.3605300188064575,1.3609000444412231,1.3590999841690063,1.3595099449157715,0,0.00015000000000000001
2025-06-13 00:00:00+00:00,1.3595199584960938,1.3645399808883667,1.3588999509811401,1.3631999492645264,0,0.00015000000000000001
2025-06-13 04:00:00+00:00,1.3631399869918823,1.365149974822998,1.361299991607666,1.3619500398635864,0,0.00015000000000000001
2025-06-13 08:00:00+00:00,1.3619400262832642,1.3650599718093872,1.36080002784729,1.3631999492645264,0,0.00015000000000000001
2025-06-13 12:00:00+00:00,1.3633500337600708,1.3634099960327148,1.357100009918213,1.357300043106079,0,0.00015000000000000001
2025-06-13 16:00:00+00:00,1.3575899600982666,1.3600900173187256,1.3561999797821045,1.358430027961731,0,0.00015000000000000001
2025-06-13 20:00:00+00:00,1.3584500551223755,1.3596700429916382,1.3574999570846558,1.3583999872207642,0,0.00015000000000000001
2025-06-15 20:00:00+00:00,1.3582500219345093,1.3593300580978394,1.357699990272522,1.3581000566482544,0,0.00015000000000000001
2025-06-16 00:00:00+00:00,1.3582600355148315,1.360700011253357,1.357699990272522,1.3605899810791016,0,0.00015000000000000001
2025-06-16 04:00:00+00:00,1.360569953918457,1.360610008239746,1.3567999601364136,1.3573800325393677,0,0.00015000000000000001
2025-06-16 08:00:00+00:00,1.3573999404907227,1.357800006866455,1.3559999465942383,1.3565800189971924,0,0.00015000000000000001
2025-06-16 12:00:00+00:00,1.3565700054168701,1.356819987297058,1.3535000085830688,1.3557000160217285,0,0.00015000000000000001
2025-06-16 16:00:00+00:00,1.3556599617004395,1.3580100536346436,1.3545000553131104,1.3577699661254883,0,0.00015000000000000001
2025-06-16 20:00:00+00:00,1.3578100204467773,1.3579599857330322,1.3560999631881714,1.3572700023651123,0,0.00015000000000000001
2025-06-17 00:00:00+00:00,1.3572800159454346,1.358199954032898,1.3565000295639038,1.3573700189590454,0,0.00015000000000000001
2025-06-17 04:00:00+00:00,1.3573600053787231,1.3583199977874756,1.3561999797821045,1.3569799661636353,0,0.00015000000000000001
2025-06-17 08:00:00+00:00,1.3569400310516357,1.3572499752044678,1.3552000522613525,1.3561899662017822,0,0.00015000000000000001
2025-06-17 12:00:00+00:00,1.356160044670105,1.360010027885437,1.355299949645996,1.3588199615478516,0,0.00015000000000000001
2025-06-17 16:00:00+00:00,1.358780026435852,1.3653099536895752,1.3579000234603882,1.3645600080490112,0,0.00015000000000000001
2025-06-17 20:00:00+00:00,1.3640999794006348,1.3693300485610962,1.3640999794006348,1.368299961090088,0,0.00015000000000000001
2025-06-18 00:00:00+00:00,1.3683500289916992,1.368399977684021,1.3657000064849854,1.3661999702453613,0,0.00015000000000000001
2025-06-18 04:00:00+00:00,1.3663599491119385,1.3668400049209595,1.3646999597549438,1.3658000230789185,0,0.00015000000000000001
2025-06-18 08:00:00+00:00,1.3660600185394287,1.3671900033950806,1.3652000427246094,1.3659199476242065,0,0.00015000000000000001
2025-06-18 12:00:00+00:00,1.3658699989318848,1.3696000576019287,1.3630000352859497,1.3684699535369873,0,0.00015000000000000001
2025-06-18 16:00:00+00:00,1.3685200214385986,1.3702499866485596,1.3652000427246094,1.369979977607727,0,0.00015000000000000001
2025-06-18 20:00:00+00:00,1.3700100183486938,1.3703199625015259,1.3681000471115112,1.3693000078201294,0,0.00015000000000000001
2025-06-19 00:00:00+00:00,1.369629979133606,1.3721400499343872,1.3690999746322632,1.3707000017166138,0,0.00015000000000000001
2025-06-19 04:00:00+00:00,1.3710399866104126,1.3730000257492065,1.3702000379562378,1.371999979019165,0,0.00015000000000000001
2025-06-19 08:00:00+00:00,1.3723700046539307,1.3725999593734741,1.3697999715805054,1.370669960975647,0,0.00015000000000000001
2025-06-19 12:00:00+00:00,1.3706899881362915,1.3746399879455566,1.3698999881744385,1.3732999563217163,0,0.00015000000000000001
2025-06-19 16:00:00+00:00,1.3736300468444824,1.374060034751892,1.3691999912261963,1.369879961013794,0,0.00015000000000000001
2025-06-19 20:00:00+00:00,1.3698099851608276,1.3708000183105469,1.3688000440597534,1.369480013847351,0,0.00015000000000000001
2025-06-20 00:00:00+00:00,1.3695000410079956,1.3702000379562378,1.368299961090088,1.369089961051941,0,0.00015000000000000001
2025-06-20 04:00:00+00:00,1.3690999746322632,1.3710600137710571,1.368399977684021,1.3704299926757812,0,0.00015000000000000001
2025-06-20 08:00:00+00:00,1.3704299926757812,1.3711299896240234,1.3687000274658203,1.3705300092697144,0,0.00015000000000000001
2025-06-20 12:00:00+00:00,1.3705500364303589,1.3746299743652344,1.3702000379562378,1.3738900423049927,0,0.00015000000000000001
2025-06-20 16:00:00+00:00,1.3738499879837036,1.3741600513458252,1.3716000318527222,1.3740099668502808,0,0.00015000000000000001
2025-06-20 20:00:00+00:00,1.3740099668502808,1.3746999502182007,1.3726999759674072,1.3732999563217163,0,0.00015000000000000001
2025-06-22 20:00:00+00:00,1.374400019645691,1.3748400211334229,1.3732999563217163,1.3737000226974487,0,0.00015000000000000001
2025-06-23 00:00:00+00:00,1.3740899562835693,1.3767000436782837,1.3733999729156494,1.3764499425888062,0,0.00015000000000000001
2025-06-23 04:00:00+00:00,1.3765100240707397,1.3767000436782837,1.373900055885315,1.375380039215088,0,0.00015000000000000001
2025-06-23 08:00:00+00:00,1.3754199743270874,1.3798099756240845,1.375,1.3777999877929688,0,0.00015000000000000001
2025-06-23 12:00:00+00:00,1.378119945526123,1.3791799545288086,1.3720999956130981,1.3773599863052368,0,0.00015000000000000001
2025-06-23 16:00:00+00:00,1.37746000289917,1.377959966659546,1.372499942779541,1.3734400272369385,0,0.00015000000000000001
2025-06-23 20:00:00+00:00,1.3732999563217163,1.3738800287246704,1.3717999458312988,1.3725999593734741,0,0.00015000000000000001
2025-06-24 00:00:00+00:00,1.3729300498962402,1.3734400272369385,1.3712999820709229,1.3719099760055542,0,0.00015000000000000001
2025-06-24 04:00:00+00:00,1.371899962425232,1.3731000423431396,1.3704999685287476,1.3721799850463867,0,0.00015000000000000001
2025-06-24 08:00:00+00:00,1.3721799850463867,1.3724199533462524,1.370300054550171,1.3714300394058228,0,0.00015000000000000001
2025-06-24 12:00:00+00:00,1.371399998664856,1.37214994430542,1.367400050163269,1.371250033378601,0,0.00015000000000000001
2025-06-24 16:00:00+00:00,1.371250033378601,1.3730000257492065,1.3701000213623047,1.3724900484085083,0,0.00015000000000000001
2025-06-24 20:00:00+00:00,1.3725099563598633,1.3728300333023071,1.3707000017166138,1.3726099729537964,0,0.00015000000000000001
2025-06-25 00:00:00+00:00,1.3724000453948975,1.3730700016021729,1.3712999820709229,1.3727999925613403,0,0.00015000000000000001
2025-06-25 04:00:00+00:00,1.3729599714279175,1.373710036277771,1.3717999458312988,1.3724000453948975,0,0.00015000000000000001
2025-06-25 08:00:00+00:00,1.372730016708374,1.3735100030899048,1.3716000318527222,1.373170018196106,0,0.00015000000000000001
2025-06-25 12:00:00+00:00,1.3731199502944946,1.3754099607467651,1.372499942779541,1.375100016593933,0,0.00015000000000000001
2025-06-25 16:00:00+00:00,1.3750799894332886,1.375100016593933,1.371399998664856,1.3719600439071655,0,0.00015000000000000001
2025-06-25 20:00:00+00:00,1.3719799518585205,1.3729599714279175,1.3705999851226807,1.371000051498413,0,0.00015000000000000001
2025-06-26 00:00:00+00:00,1.3711800575256348,1.3722200393676758,1.3696999549865723,1.3711999654769897,0,0.00015000000000000001
2025-06-26 04:00:00+00:00,1.3711800575256348,1.3723000288009644,1.3694000244140625,1.3700000047683716,0,0.00015000000000000001
2025-06-26 08:00:00+00:00,1.370300054550171,1.3703900575637817,1.3672000169754028,1.368299961090088,0,0.00015000000000000001
2025-06-26 12:00:00+00:00,1.3685200214385986,1.3690999746322632,1.3621000051498413,1.3626999855041504,0,0.00015000000000000001
2025-06-26 16:00:00+00:00,1.3630399703979492,1.364150047302246,1.361299991607666,1.3634599447250366,0,0.00015000000000000001
2025-06-26 20:00:00+00:00,1.3634400367736816,1.3650799989700317,1.3626999855041504,1.364169955253601,0,0.00015000000000000001
2025-06-27 00:00:00+00:00,1.3642100095748901,1.364740014076233,1.3630000352859497,1.363919973373413,0,0.00015000000000000001
2025-06-27 04:00:00+00:00,1.3639099597930908,1.3649799823760986,1.3623000383377075,1.3639899492263794,0,0.00015000000000000001
2025-06-27 08:00:00+00:00,1.3639800548553467,1.3662999868392944,1.3632999658584595,1.3645999431610107,0,0.00015000000000000001
2025-06-27 12:00:00+00:00,1.3646700382232666,1.3667399883270264,1.3636000156402588,1.366610050201416,0,0.00015000000000000001
2025-06-27 16:00:00+00:00,1.3666399717330933,1.3759000301361084,1.3659000396728516,1.3698899745941162,0,0.00015000000000000001
2025-06-27 20:00:00+00:00,1.3699599504470825,1.3706300258636475,1.3673900365829468,1.3680000305175781,0,0.00015000000000000001
2025-06-29 20:00:00+00:00,1.3682399988174438,1.368589997291565,1.3674999475479126,1.368149995803833,0,0.00015000000000000001
2025-06-30 00:00:00+00:00,1.368149995803833,1.3699400424957275,1.3655999898910522,1.3679699897766113,0,0.00015000000000000001
2025-06-30 04:00:00+00:00,1.3679399490356445,1.3681999444961548,1.3650000095367432,1.3673499822616577,0,0.00015000000000000001
2025-06-30 08:00:00+00:00,1.3673100471496582,1.368299961090088,1.3660000562667847,1.3665000200271606,0,0.00015000000000000001
2025-06-30 12:00:00+00:00,1.3667900562286377,1.3678100109100342,1.361299991607666,1.361989974975586,0,0.00015000000000000001
2025-06-30 16:00:00+00:00,1.3619999885559082,1.3643699884414673,1.361199975013733,1.3621400594711304,0,0.00015000000000000001
2025-06-30 20:00:00+00:00,1.3621200323104858,1.3624199628829956,1.3595000505447388,1.3606200218200684,0,0.00015000000000000001
2025-07-01 00:00:00+00:00,1.360610008239746,1.3618299961090088,1.3598999977111816,1.3610800504684448,0,0.00015000000000000001
2025-07-01 04:00:00+00:00,1.361050009727478,1.3611500263214111,1.3594000339508057,1.3598699569702148,0,0.00015000000000000001
2025-07-01 08:00:00+00:00,1.3598500490188599,1.3611500263214111,1.3586000204086304,1.3606799840927124,0,0.00015000000000000001
2025-07-01 12:00:00+00:00,1.3606799840927124,1.366610050201416,1.360200047492981,1.3659000396728516,0,0.00015000000000000001
2025-07-01 16:00:00+00:00,1.3659100532531738,1.3667000532150269,1.3640999794006348,1.3645999431610107,0,0.00015000000000000001
2025-07-01 20:00:00+00:00,1.3645999431610107,1.36489999294281,1.363700032234192,1.3640999794006348,0,0.00015000000000000001
2025-07-02 00:00:00+00:00,1.3645000457763672,1.3652499914169312,1.3633999824523926,1.3647099733352661,0,0.00015000000000000001
2025-07-02 04:00:00+00:00,1.3646700382232666,1.365880012512207,1.3639999628067017,1.3649699687957764,0,0.00015000000000000001
2025-07-02 08:00:00+00:00,1.3649699687957764,1.3654199838638306,1.3631000518798828,1.364650011062622,0,0.00015000000000000001
2025-07-02 12:00:00+00:00,1.364609956741333,1.365689992904663,1.3617000579833984,1.362149953842163,0,0.00015000000000000001
2025-07-02 16:00:00+00:00,1.361799955368042,1.3625400066375732,1.3583999872207642,1.3588600158691406,0,0.00015000000000000001
2025-07-02 20:00:00+00:00,1.3588800430297852,1.3594000339508057,1.3579000234603882,1.3585000038146973,0,0.00015000000000000001
2025-07-03 00:00:00+00:00,1.3587900400161743,1.3595399856567383,1.3574999570846558,1.3594399690628052,0,0.00015000000000000001
2025-07-03 04:00:00+00:00,1.359429955482483,1.3601100444793701,1.358199954032898,1.3592100143432617,0,0.00015000000000000001
2025-07-03 08:00:00+00:00,1.3592900037765503,1.3595499992370605,1.3573999404907227,1.3589500188827515,0,0.00015000000000000001
2025-07-03 12:00:00+00:00,1.358970046043396,1.3623900413513184,1.355299949645996,1.3559499979019165,0,0.00015000000000000001
2025-07-03 16:00:00+00:00,1.3559499979019165,1.3589199781417847,1.355299949645996,1.3581299781799316,0,0.00015000000000000001
2025-07-03 20:00:00+00:00,1.3581299781799316,1.358870029449463,1.3569999933242798,1.357100009918213,0,0.00015000000000000001
2025-07-04 00:00:00+00:00,1.3574399948120117,1.3581600189208984,1.3566999435424805,1.3575999736785889,0,0.00015000000000000001
2025-07-04 04:00:00+00:00,1.3577799797058105,1.3594000339508057,1.3561999797821045,1.3593100309371948,0,0.00015000000000000001
2025-07-04 08:00:00+00:00,1.3592499494552612,1.3595999479293823,1.3581000566482544,1.3590199947357178,0,0.00015000000000000001
2025-07-04 12:00:00+00:00,1.3587000370025635,1.361199975013733,1.3583999872207642,1.3604600429534912,0,0.00015000000000000001
2025-07-04 16:00:00+00:00,1.3604300022125244,1.3617000579833984,1.3596999645233154,1.3606899976730347,0,0.00015000000000000001
2025-07-04 20:00:00+00:00,1.360700011253357,1.3609199523925781,1.3594000339508057,1.360200047492981,0,0.00015000000000000001
2025-07-06 20:00:00+00:00,1.360450029373169,1.3606799840927124,1.3596999645233154,1.3603800535202026,0,0.00015000000000000001
2025-07-07 00:00:00+00:00,1.360319972038269,1.3628499507904053,1.3594000339508057,1.3625400066375732,0,0.00015000000000000001
2025-07-07 04:00:00+00:00,1.3625500202178955,1.366610050201416,1.3619999885559082,1.366610050201416,0,0.00015000000000000001
2025-07-07 08:00:00+00:00,1.3662999868392944,1.3685499429702759,1.364799976348877,1.3654600381851196,0,0.00015000000000000001
2025-07-07 12:00:00+00:00,1.3654600381851196,1.3659700155258179,1.3625999689102173,1.364300012588501,0,0.00015000000000000001
2025-07-07 16:00:00+00:00,1.3645700216293335,1.3683300018310547,1.3639999628067017,1.366610050201416,0,0.00015000000000000001
2025-07-07 20:00:00+00:00,1.3665900230407715,1.368299961090088,1.3660000562667847,1.3660999536514282,0,0.00015000000000000001
2025-07-08 00:00:00+00:00,1.3664699792861938,1.3665599822998047,1.364300012588501,1.3649699687957764,0,0.00015000000000000001
2025-07-08 04:00:00+00:00,1.3650100231170654,1.3662300109863281,1.3633999824523926,1.3636000156402588,0,0.00015000000000000001
2025-07-08 08:00:00+00:00,1.3638800382614136,1.3657000064849854,1.3633999824523926,1.3656400442123413,0,0.00015000000000000001
2025-07-08 12:00:00+00:00,1.3656500577926636,1.3689700365066528,1.3645999431610107,1.3669999837875366,0,0.00015000000000000001
2025-07-08 16:00:00+00:00,1.3672699928283691,1.3694299459457397,1.3667999505996704,1.3683300018310547,0,0.00015000000000000001
2025-07-08 20:00:00+00:00,1.3683700561523438,1.3684099912643433,1.3655400276184082,1.366860032081604,0,0.00015000000000000001
2025-07-09 00:00:00+00:00,1.366860032081604,1.3688000440597534,1.3665000200271606,1.368499994277954,0,0.00015000000000000001
2025-07-09 04:00:00+00:00,1.3687200546264648,1.3692899942398071,1.3660999536514282,1.3688100576400757,0,0.00015000000000000001
2025-07-09 08:00:00+00:00,1.368499994277954,1.3709299564361572,1.3676999807357788,1.3708300590515137,0,0.00015000000000000001
2025-07-09 12:00:00+00:00,1.3708499670028687,1.371000051498413,1.367400050163269,1.3694599866867065,0,0.00015000000000000001
2025-07-09 16:00:00+00:00,1.369480013847351,1.3699699640274048,1.3681000471115112,1.3686200380325317,0,0.00015000000000000001
2025-07-09 20:00:00+00:00,1.368589997291565,1.3697600364685059,1.3674999475479126,1.368299961090088,0,0.00015000000000000001
2025-07-10 00:00:00+00:00,1.3685599565505981,1.3688499927520752,1.3668999671936035,1.3681199550628662,0,0.00015000000000000001
2025-07-10 04:00:00+00:00,1.3681199550628662,1.368649959564209,1.3659000396728516,1.3668999671936035,0,0.00015000000000000001
2025-07-10 08:00:00+00:00,1.3671000003814697,1.368899941444397,1.3664000034332275,1.368749976158142,0,0.00015000000000000001
2025-07-10 12:00:00+00:00,1.3687100410461426,1.3708399534225464,1.3675999641418457,1.367799997329712,0,0.00015000000000000001
2025-07-10 16:00:00+00:00,1.368299961090088,1.3685499429702759,1.3659000396728516,1.366420030593872,0,0.00015000000000000001
2025-07-10 20:00:00+00:00,1.366420030593872,1.3666000366210938,1.3646999597549438,1.365530014038086,0,0.00015000000000000001
2025-07-11 00:00:00+00:00,1.3655200004577637,1.3730499744415283,1.3650000095367432,1.369070053100586,0,0.00015000000000000001
2025-07-11 04:00:00+00:00,1.368899941444397,1.3701200485229492,1.3681000471115112,1.3691400289535522,0,0.00015000000000000001
2025-07-11 08:00:00+00:00,1.3691400289535522,1.3705799579620361,1.3681000471115112,1.3695900440216064,0,0.00015000000000000001
2025-07-11 12:00:00+00:00,1.3695499897003174,1.3711899518966675,1.3646999597549438,1.3679100275039673,0,0.00015000000000000001
2025-07-11 16:00:00+00:00,1.367900013923645,1.3691600561141968,1.3665000200271606,1.368399977684021,0,0.00015000000000000001
2025-07-11 20:00:00+00:00,1.3683899641036987,1.3695900440216064,1.367300033569336,1.3681999444961548,0,0.00015000000000000001
2025-07-13 20:00:00+00:00,1.369670033454895,1.3697700500488281,1.3681000471115112,1.3686399459838867,0,0.00015000000000000001
2025-07-14 00:00:00+00:00,1.368630051612854,1.3701800107955933,1.3671000003814697,1.368899941444397,0,0.00015000000000000001
2025-07-14 04:00:00+00:00,1.3692699670791626,1.37021005153656,1.3672000169754028,1.3675999641418457,0,0.00015000000000000001
2025-07-14 08:00:00+00:00,1.3677899837493896,1.3686000108718872,1.3665000200271606,1.3675400018692017,0,0.00015000000000000001
2025-07-14 12:00:00+00:00,1.3672000169754028,1.3701000213623047,1.3666000366210938,1.3695199489593506,0,0.00015000000000000001
2025-07-14 16:00:00+00:00,1.3695199489593506,1.3708100318908691,1.368499994277954,1.3697600364685059,0,0.00015000000000000001
2025-07-14 20:00:00+00:00,1.3697799444198608,1.37090003490448,1.36899995803833,1.370300054550171,0,0.00015000000000000001
2025-07-15 00:00:00+00:00,1.370609998703003,1.37076997756958,1.368899941444397,1.369789958000183,0,0.00015000000000000001
2025-07-15 04:00:00+00:00,1.3697400093078613,1.3703199625015259,1.368299961090088,1.3687399625778198,0,0.00015000000000000001
2025-07-15 08:00:00+00:00,1.3687399625778198,1.3693300485610962,1.3674999475479126,1.3686000108718872,0,0.00015000000000000001
2025-07-15 12:00:00+00:00,1.3687800168991089,1.3729000091552734,1.3667000532150269,1.371000051498413,0,0.00015000000000000001
2025-07-15 16:00:00+00:00,1.371340036392212,1.3729900121688843,1.3704999685287476,1.372130036354065,0,0.00015000000000000001
2025-07-15 20:00:00+00:00,1.372130036354065,1.37253999710083,1.370959997177124,1.371649980545044,0,0.00015000000000000001
2025-07-16 00:00:00+00:00,1.3716100454330444,1.3722100257873535,1.3703999519348145,1.3720099925994873,0,0.00015000000000000001
2025-07-16 04:00:00+00:00,1.3719700574874878,1.3720999956130981,1.370300054550171,1.3715100288391113,0,0.00015000000000000001
2025-07-16 08:00:00+00:00,1.371500015258789,1.3729000091552734,1.3708000183105469,1.3727400302886963,0,0.00015000000000000001
2025-07-16 12:00:00+00:00,1.3724000453948975,1.3755300045013428,1.3674999475479126,1.3706899881362915,0,0.00015000000000000001
2025-07-16 16:00:00+00:00,1.3707000017166138,1.3713699579238892,1.367799997329712,1.3684099912643433,0,0.00015000000000000001
2025-07-16 20:00:00+00:00,1.3684200048446655,1.3696099519729614,1.3676999807357788,1.3689500093460083,0,0.00015000000000000001
2025-07-17 00:00:00+00:00,1.368939995765686,1.3720099925994873,1.368499994277954,1.3715100288391113,0,0.00015000000000000001
2025-07-17 04:00:00+00:00,1.3715699911117554,1.3745700120925903,1.3704999685287476,1.3743699789047241,0,0.00015000000000000001
2025-07-17 08:00:00+00:00,1.3741999864578247,1.3770300149917603,1.3733999729156494,1.3758000135421753,0,0.00015000000000000001
2025-07-17 12:00:00+00:00,1.376289963722229,1.3774299621582031,1.3737000226974487,1.3749799728393555,0,0.00015000000000000001
2025-07-17 16:00:00+00:00,1.3750100135803223,1.3762400150299072,1.3738000392913818,1.3740999698638916,0,0.00015000000000000001
2025-07-17 20:00:00+00:00,1.374500036239624,1.3755700588226318,1.3732000589370728,1.3732999563217163,0,0.00015000000000000001
2025-07-18 00:00:00+00:00,1.3736000061035156,1.3741600513458252,1.3725999593734741,1.374019980430603,0,0.00015000000000000001
2025-07-18 04:00:00+00:00,1.3739700317382812,1.374250054359436,1.3727999925613403,1.3732600212097168,0,0.00015000000000000001
2025-07-18 08:00:00+00:00,1.3729000091552734,1.3733999729156494,1.3711999654769897,1.3721400499343872,0,0.00015000000000000001
2025-07-18 12:00:00+00:00,1.3721599578857422,1.3727200031280518,1.3690999746322632,1.371250033378601,0,0.00015000000000000001
2025-07-18 16:00:00+00:00,1.3711800575256348,1.3735500574111938,1.3707000017166138,1.3725500106811523,0,0.00015000000000000001
2025-07-18 20:00:00+00:00,1.3725600242614746,1.3732000589370728,1.371399998664856,1.3722000122070312,0,0.00015000000000000001
2025-07-20 20:00:00+00:00,1.3724600076675415,1.373020052909851,1.3717999458312988,1.371999979019165,0,0.00015000000000000001
2025-07-21 00:00:00+00:00,1.3723700046539307,1.373460054397583,1.3717000484466553,1.3722800016403198,0,0.00015000000000000001
2025-07-21 04:00:00+00:00,1.3722000122070312,1.3730000257492065,1.371000051498413,1.372630000114441,0,0.00015000000000000001
2025-07-21 08:00:00+00:00,1.3725999593734741,1.372879981994629,1.3696999549865723,1.3705500364303589,0,0.00015000000000000001
2025-07-21 12:00:00+00:00,1.3705500364303589,1.3717299699783325,1.367400050163269,1.3688700199127197,0,0.00015000000000000001
2025-07-21 16:00:00+00:00,1.3688700199127197,1.3692400455474854,1.367799997329712,1.368399977684021,0,0.00015000000000000001
2025-07-21 20:00:00+00:00,1.3683899641036987,1.3685699701309204,1.3671000003814697,1.3675600290298462,0,0.00015000000000000001
2025-07-22 00:00:00+00:00,1.3675700426101685,1.3690400123596191,1.3672000169754028,1.368399977684021,0,0.00015000000000000001
2025-07-22 04:00:00+00:00,1.3687599897384644,1.3695299625396729,1.3681000471115112,1.369089961051941,0,0.00015000000000000001
2025-07-22 08:00:00+00:00,1.3690099716186523,1.369320034980774,1.3667999505996704,1.3671000003814697,0,0.00015000000000000001
2025-07-22 12:00:00+00:00,1.3673700094223022,1.3683300018310547,1.3610999584197998,1.3616199493408203,0,0.00015000000000000001
2025-07-22 16:00:00+00:00,1.3616100549697876,1.3620400428771973,1.3597999811172485,1.3603500127792358,0,0.00015000000000000001
2025-07-22 20:00:00+00:00,1.3603700399398804,1.3608900308609009,1.3590999841690063,1.3604899644851685,0,0.00015000000000000001
2025-07-23 00:00:00+00:00,1.3604199886322021,1.3605899810791016,1.3588000535964966,1.3597999811172485,0,0.00015000000000000001
2025-07-23 04:00:00+00:00,1.3600000143051147,1.3610999584197998,1.3583999872207642,1.3583999872207642,0,0.00015000000000000001
2025-07-23 08:00:00+00:00,1.3588999509811401,1.35903000831604,1.357100009918213,1.3574999570846558,0,0.00015000000000000001
2025-07-23 12:00:00+00:00,1.357800006866455,1.3629100322723389,1.357300043106079,1.3605999946594238,0,0.00015000000000000001
2025-07-23 16:00:00+00:00,1.3609199523925781,1.3624199628829956,1.3589999675750732,1.3592000007629395,0,0.00015000000000000001
2025-07-23 20:00:00+00:00,1.359470009803772,1.3606799840927124,1.3587000370025635,1.3602099418640137,0,0.00015000000000000001
2025-07-24 00:00:00+00:00,1.360159993171692,1.360859990119934,1.3590999841690063,1.360360026359558,0,0.00015000000000000001
2025-07-24 04:00:00+00:00,1.3604099750518799,1.3613699674606323,1.3597899675369263,1.3606899976730347,0,0.00015000000000000001
2025-07-24 08:00:00+00:00,1.360640048980713,1.3621799945831299,1.3601399660110474,1.3609700202941895,0,0.00015000000000000001
2025-07-24 12:00:00+00:00,1.360990047454834,1.3644700050354004,1.3609000444412231,1.3644100427627563,0,0.00015000000000000001
2025-07-24 16:00:00+00:00,1.3644200563430786,1.3646199703216553,1.3625999689102173,1.3639999628067017,0,0.00015000000000000001
2025-07-24 20:00:00+00:00,1.3643399477005005,1.3654999732971191,1.3629000186920166,1.364009976387024,0,0.00015000000000000001
2025-07-25 00:00:00+00:00,1.3639999628067017,1.3655600547790527,1.3632999658584595,1.3650000095367432,0,0.00015000000000000001
2025-07-25 04:00:00+00:00,1.3650000095367432,1.3675099611282349,1.364300012588501,1.3673299551010132,0,0.00015000000000000001
2025-07-25 08:00:00+00:00,1.367300033569336,1.3680299520492554,1.3662999868392944,1.3671499490737915,0,0.00015000000000000001
2025-07-25 12:00:00+00:00,1.367169976234436,1.3715699911117554,1.3667000532150269,1.3711999654769897,0,0.00015000000000000001
2025-07-25 16:00:00+00:00,1.371440052986145,1.3725999593734741,1.3698999881744385,1.370419979095459,0,0.00015000000000000001
2025-07-25 20:00:00+00:00,1.3704500198364258,1.3710299730300903,1.3696000576019287,1.3698999881744385,0,0.00015000000000000001
2025-07-27 20:00:00+00:00,1.369729995727539,1.370300054550171,1.3690999746322632,1.3702900409698486,0,0.00015000000000000001
2025-07-28 00:00:00+00:00,1.3702399730682373,1.3705999851226807,1.368499994277954,1.3692799806594849,0,0.00015000000000000001
2025-07-28 04:00:00+00:00,1.3693300485610962,1.374060034751892,1.3687000274658203,1.3738199472427368,0,0.00015000000000000001
2025-07-28 08:00:00+00:00,1.3734999895095825,1.3742300271987915,1.371500015258789,1.3717900514602661,0,0.00015000000000000001
2025-07-28 12:00:00+00:00,1.3717800378799438,1.372920036315918,1.3705999851226807,1.371899962425232,0,0.00015000000000000001
2025-07-28 16:00:00+00:00,1.3718700408935547,1.3740299940109253,1.3712999820709229,1.3735699653625488,0,0.00015000000000000001
2025-07-28 20:00:00+00:00,1.3736300468444824,1.3740500211715698,1.3724000453948975,1.373479962348938,0,0.00015000000000000001
2025-07-29 00:00:00+00:00,1.3734300136566162,1.37431001663208,1.3726999759674072,1.3738399744033813,0,0.00015000000000000001
2025-07-29 04:00:00+00:00,1.3737499713897705,1.3760900497436523,1.3726999759674072,1.3755500316619873,0,0.00015000000000000001
2025-07-29 08:00:00+00:00,1.3755199909210205,1.3769999742507935,1.3734999895095825,1.3769400119781494,0,0.00015000000000000001
2025-07-29 12:00:00+00:00,1.3769400119781494,1.3788399696350098,1.3746000528335571,1.377869963645935,0,0.00015000000000000001
2025-07-29 16:00:00+00:00,1.3778400421142578,1.3780100345611572,1.3759000301361084,1.3776099681854248,0,0.00015000000000000001
2025-07-29 20:00:00+00:00,1.3775899410247803,1.3782399892807007,1.3761999607086182,1.3770999908447266,0,0.00015000000000000001
2025-07-30 00:00:00+00:00,1.3774199485778809,1.3774199485778809,1.375499963760376,1.3759000301361084,0,0.00015000000000000001
2025-07-30 04:00:00+00:00,1.3762500286102295,1.3774499893188477,1.3758000135421753,1.376829981803894,0,0.00015000000000000001
2025-07-30 08:00:00+00:00,1.3767800331115723,1.3793200254440308,1.3762999773025513,1.378659963607788,0,0.00015000000000000001
2025-07-30 12:00:00+00:00,1.3786699771881104,1.3818999528884888,1.3782000541687012,1.3812999725341797,0,0.00015000000000000001
2025-07-30 16:00:00+00:00,1.3814599514007568,1.384220004081726,1.3794000148773193,1.383679986000061,0,0.00015000000000000001
2025-07-30 20:00:00+00:00,1.3836899995803833,1.3845000267028809,1.3818000555038452,1.3826500177383423,0,0.00015000000000000001
2025-07-31 00:00:00+00:00,1.3825900554656982,1.3836599588394165,1.3818000555038452,1.3824199438095093,0,0.00015000000000000001
2025-07-31 04:00:00+00:00,1.3819999694824219,1.3845100402832031,1.38100004196167,1.3832600116729736,0,0.00015000000000000001
2025-07-31 08:00:00+00:00,1.383270025253296,1.3853700160980225,1.382699966430664,1.3835899829864502,0,0.00015000000000000001
2025-07-31 12:00:00+00:00,1.3835999965667725,1.3852200508117676,1.3818999528884888,1.3842999935150146,0,0.00015000000000000001
2025-07-31 16:00:00+00:00,1.3845900297164917,1.385640025138855,1.3832999467849731,1.3856300115585327,0,0.00015000000000000001
2025-07-31 20:00:00+00:00,1.3855799436569214,1.3870999813079834,1.3838200569152832,1.385740041732788,0,0.00015000000000000001
2025-08-01 00:00:00+00:00,1.3858000040054321,1.3863500356674194,1.3839999437332153,1.385349988937378,0,0.00015000000000000001
2025-08-01 04:00:00+00:00,1.3853700160980225,1.387410044670105,1.384600043296814,1.3871099948883057,0,0.00015000000000000001
2025-08-01 08:00:00+00:00,1.3868999481201172,1.387910008430481,1.385599970817566,1.3868999481201172,0,0.00015000000000000001
2025-08-01 12:00:00+00:00,1.3870699405670166,1.3876099586486816,1.3759000301361084,1.3780200481414795,0,0.00015000000000000001
2025-08-01 16:00:00+00:00,1.3780200481414795,1.3817499876022339,1.377500057220459,1.379580020904541,0,0.00015000000000000001
2025-08-01 20:00:00+00:00,1.3795900344848633,1.3797500133514404,1.3768999576568604,1.3782999515533447,0,0.00015000000000000001
2025-08-03 20:00:00+00:00,1.3778899908065796,1.3783999681472778,1.3770999908447266,1.3777799606323242,0,0.00015000000000000001
2025-08-04 00:00:00+00:00,1.377769947052002,1.379480004310608,1.3766000270843506,1.3773000240325928,0,0.00015000000000000001
2025-08-04 04:00:00+00:00,1.3775099515914917,1.3784699440002441,1.3766599893569946,1.378350019454956,0,0.00015000000000000001
2025-08-04 08:00:00+00:00,1.3783400058746338,1.3790099620819092,1.3772499561309814,1.3776400089263916,0,0.00015000000000000001
2025-08-04 12:00:00+00:00,1.3776099681854248,1.3783299922943115,1.375499963760376,1.3775700330734253,0,0.00015000000000000001
2025-08-04 16:00:00+00:00,1.377619981765747,1.3785300254821777,1.3769999742507935,1.377500057220459,0,0.00015000000000000001
2025-08-04 20:00:00+00:00,1.3778599500656128,1.378100037574768,1.3765000104904175,1.3769400119781494,0,0.00015000000000000001
2025-08-05 00:00:00+00:00,1.3769099712371826,1.3790700435638428,1.3759000301361084,1.379040002822876,0,0.00015000000000000001
2025-08-05 04:00:00+00:00,1.379040002822876,1.3794900178909302,1.3768999576568604,1.378100037574768,0,0.00015000000000000001
2025-08-05 08:00:00+00:00,1.3781100511550903,1.381019949913025,1.3777999877929688,1.3795000314712524,0,0.00015000000000000001
2025-08-05 12:00:00+00:00,1.379729986190796,1.380660057067871,1.3767000436782837,1.3775999546051025,0,0.00015000000000000001
2025-08-05 16:00:00+00:00,1.3780699968338013,1.3788700103759766,1.3767000436782837,1.3772399425506592,0,0.00015000000000000001
2025-08-05 20:00:00+00:00,1.3772599697113037,1.3782999515533447,1.3765000104904175,1.3771899938583374,0,0.00015000000000000001
2025-08-06 00:00:00+00:00,1.3771400451660156,1.377959966659546,1.3761999607086182,1.3769899606704712,0,0.00015000000000000001
2025-08-06 04:00:00+00:00,1.3769299983978271,1.377500057220459,1.3759000301361084,1.376099944114685,0,0.00015000000000000001
2025-08-06 08:00:00+00:00,1.376389980316162,1.3775399923324585,1.3741999864578247,1.3753999471664429,0,0.00015000000000000001
2025-08-06 12:00:00+00:00,1.3753999471664429,1.3761600255966187,1.3734999895095825,1.374019980430603,0,0.00015000000000000001
2025-08-06 16:00:00+00:00,1.3740099668502808,1.375059962272644,1.3731000423431396,1.3741899728775024,0,0.00015000000000000001
2025-08-06 20:00:00+00:00,1.374210000038147,1.3745299577713013,1.3731000423431396,1.3739099502563477,0,0.00015000000000000001
2025-08-07 00:00:00+00:00,1.37391996383667,1.3746299743652344,1.3727999925613403,1.373460054397583,0,0.00015000000000000001
2025-08-07 04:00:00+00:00,1.3734699487686157,1.3736200332641602,1.3717000484466553,1.372290015220642,0,0.00015000000000000001
2025-08-07 08:00:00+00:00,1.371999979019165,1.374459981918335,1.3717999458312988,1.3741199970245361,0,0.00015000000000000001
2025-08-07 12:00:00+00:00,1.3741199970245361,1.377369999885559,1.3725999593734741,1.3750200271606445,0,0.00015000000000000001
2025-08-07 16:00:00+00:00,1.3750300407409668,1.3767399787902832,1.373900055885315,1.3744100332260132,0,0.00015000000000000001
2025-08-07 20:00:00+00:00,1.3744299411773682,1.3755600452423096,1.3727999925613403,1.3732500076293945,0,0.00015000000000000001
2025-08-08 00:00:00+00:00,1.3732399940490723,1.3748899698257446,1.3727999925613403,1.373900055885315,0,0.00015000000000000001
2025-08-08 04:00:00+00:00,1.3739299774169922,1.3749500513076782,1.372499942779541,1.37322998046875,0,0.00015000000000000001
2025-08-08 08:00:00+00:00,1.3732500076293945,1.3739399909973145,1.3720999956130981,1.3737800121307373,0,0.00015000000000000001
2025-08-08 12:00:00+00:00,1.373769998550415,1.376270055770874,1.3732000589370728,1.3752599954605103,0,0.00015000000000000001
2025-08-08 16:00:00+00:00,1.375249981880188,1.3759100437164307,1.3741799592971802,1.3757200241088867,0,0.00015000000000000001
2025-08-08 20:00:00+00:00,1.3756699562072754,1.3763699531555176,1.3750499486923218,1.3756999969482422,0,0.00015000000000000001
2025-08-10 20:00:00+00:00,1.3752700090408325,1.3755300045013428,1.3746000528335571,1.375349998474121,0,0.00015000000000000001
2025-08-11 00:00:00+00:00,1.375309944152832,1.376099944114685,1.3739999532699585,1.3746000528335571,0,0.00015000000000000001
2025-08-11 04:00:00+00:00,1.3745700120925903,1.3774100542068481,1.3739999532699585,1.3769299983978271,0,0.00015000000000000001
2025-08-11 08:00:00+00:00,1.376889944076538,1.3783899545669556,1.3758000135421753,1.3780100345611572,0,0.00015000000000000001
2025-08-11 12:00:00+00:00,1.377959966659546,1.3795499801635742,1.3770999908447266,1.3783999681472778,0,0.00015000000000000001
2025-08-11 16:00:00+00:00,1.378100037574768,1.3787200450897217,1.3770999908447266,1.3781499862670898,0,0.00015000000000000001
2025-08-11 20:00:00+00:00,1.3781700134277344,1.3784799575805664,1.3768999576568604,1.3774499893188477,0,0.00015000000000000001
2025-08-12 00:00:00+00:00,1.377500057220459,1.3780299425125122,1.3767999410629272,1.377750039100647,0,0.00015000000000000001
2025-08-12 04:00:00+00:00,1.3777199983596802,1.3785799741744995,1.3768999576568604,1.3779499530792236,0,0.00015000000000000001
2025-08-12 08:00:00+00:00,1.3779100179672241,1.3806099891662598,1.3773000240325928,1.3798199892044067,0,0.00015000000000000001
2025-08-12 12:00:00+00:00,1.3797800540924072,1.3803800344467163,1.375,1.3763600587844849,0,0.00015000000000000001
2025-08-12 16:00:00+00:00,1.3764100074768066,1.3784600496292114,1.3753000497817993,1.3777199983596802,0,0.00015000000000000001
2025-08-12 20:00:00+00:00,1.3776600360870361,1.377959966659546,1.376099944114685,1.3770099878311157,0,0.00015000000000000001
2025-08-13 00:00:00+00:00,1.3769999742507935,1.3782000541687012,1.3765000104904175,1.3776799440383911,0,0.00015000000000000001
2025-08-13 04:00:00+00:00,1.3776700496673584,1.3782000541687012,1.374899983406067,1.3759000301361084,0,0.00015000000000000001
2025-08-13 08:00:00+00:00,1.3762099742889404,1.376829981803894,1.3746999502182007,1.3756099939346313,0,0.00015000000000000001
2025-08-13 12:00:00+00:00,1.3756300210952759,1.377519965171814,1.375,1.3765499591827393,0,0.00015000000000000001
2025-08-13 16:00:00+00:00,1.3765599727630615,1.377369999885559,1.3756999969482422,1.3762199878692627,0,0.00015000000000000001
2025-08-13 20:00:00+00:00,1.3762199878692627,1.3766000270843506,1.3746999502182007,1.375249981880188,0,0.00015000000000000001
2025-08-14 00:00:00+00:00,1.375290036201477,1.3764699697494507,1.3739999532699585,1.3759000301361084,0,0.00015000000000000001
2025-08-14 04:00:00+00:00,1.3762500286102295,1.3779499530792236,1.3752000331878662,1.3770999908447266,0,0.00015000000000000001
2025-08-14 08:00:00+00:00,1.3774000406265259,1.3785200119018555,1.3766000270843506,1.378440022468567,0,0.00015000000000000001
2025-08-14 12:00:00+00:00,1.3783799409866333,1.381309986114502,1.3776999711990356,1.3806899785995483,0,0.00015000000000000001
2025-08-14 16:00:00+00:00,1.3806899785995483,1.3819500207901,1.3801000118255615,1.3812199831008911,0,0.00015000000000000001
2025-08-14 20:00:00+00:00,1.3812199831008911,1.3818600177764893,1.3806999921798706,1.381369948387146,0,0.00015000000000000001
2025-08-15 00:00:00+00:00,1.3812799453735352,1.3815399408340454,1.379699945449829,1.3803499937057495,0,0.00015000000000000001
2025-08-15 04:00:00+00:00,1.3803000450134277,1.3806899785995483,1.3787000179290771,1.3793400526046753,0,0.00015000000000000001
2025-08-15 08:00:00+00:00,1.379289984703064,1.380020022392273,1.3782999515533447,1.3790299892425537,0,0.00015000000000000001
2025-08-15 12:00:00+00:00,1.3790600299835205,1.3811700344085693,1.3782999515533447,1.3808900117874146,0,0.00015000000000000001
2025-08-15 16:00:00+00:00,1.380929946899414,1.3816299438476562,1.3803000450134277,1.3814400434494019,0,0.00015000000000000001
2025-08-15 20:00:00+00:00,1.3814400434494019,1.3819899559020996,1.3803000450134277,1.3818999528884888,0,0.00015000000000000001
2025-08-17 20:00:00+00:00,1.3810399770736694,1.3817299604415894,1.3804999589920044,1.3815100193023682,0,0.00015000000000000001
2025-08-18 00:00:00+00:00,1.381500005722046,1.3815499544143677,1.3797999620437622,1.3798999786376953,0,0.00015000000000000001
2025-08-18 04:00:00+00:00,1.3802800178527832,1.3809599876403809,1.37909996509552,1.3801900148391724,0,0.00015000000000000001
2025-08-18 08:00:00+00:00,1.3801499605178833,1.3805999755859375,1.378600001335144,1.3793200254440308,0,0.00015000000000000001
2025-08-18 12:00:00+00:00,1.3793200254440308,1.3831299543380737,1.3777999877929688,1.3815399408340454,0,0.00015000000000000001
2025-08-18 16:00:00+00:00,1.3815499544143677,1.3817100524902344,1.3797999620437622,1.380560040473938,0,0.00015000000000000001
2025-08-18 20:00:00+00:00,1.380560040473938,1.3809399604797363,1.37909996509552,1.3802299499511719,0,0.00015000000000000001
2025-08-19 00:00:00+00:00,1.3802399635314941,1.3818000555038452,1.3797999620437622,1.3811500072479248,0,0.00015000000000000001
2025-08-19 04:00:00+00:00,1.3810900449752808,1.3816299438476562,1.379699945449829,1.3815499544143677,0,0.00015000000000000001
2025-08-19 08:00:00+00:00,1.38155996799469,1.3823000192642212,1.3801000118255615,1.3808499574661255,0,0.00015000000000000001
2025-08-19 12:00:00+00:00,1.3808499574661255,1.3860599994659424,1.3802000284194946,1.385949969291687,0,0.00015000000000000001
2025-08-19 16:00:00+00:00,1.3859299421310425,1.3868299722671509,1.3848999738693237,1.386299967765808,0,0.00015000000000000001
2025-08-19 20:00:00+00:00,1.386549949645996,1.3869999647140503,1.3853800296783447,1.3866699934005737,0,0.00015000000000000001
2025-08-20 00:00:00+00:00,1.3866300582885742,1.388350009918213,1.3861000537872314,1.387470006942749,0,0.00015000000000000001
2025-08-20 04:00:00+00:00,1.3874200582504272,1.3876399993896484,1.3863999843597412,1.3871500492095947,0,0.00015000000000000001
2025-08-20 08:00:00+00:00,1.3871099948883057,1.3881100416183472,1.3863999843597412,1.387220025062561,0,0.00015000000000000001
2025-08-20 12:00:00+00:00,1.387220025062561,1.3879499435424805,1.3848999738693237,1.3874900341033936,0,0.00015000000000000001
2025-08-20 16:00:00+00:00,1.3874800205230713,1.3877099752426147,1.385699987411499,1.3876500129699707,0,0.00015000000000000001
2025-08-20 20:00:00+00:00,1.3875800371170044,1.3880200386047363,1.3865000009536743,1.3874399662017822,0,0.00015000000000000001
2025-08-21 00:00:00+00:00,1.387369990348816,1.3882999420166016,1.3868000507354736,1.388010025024414,0,0.00015000000000000001
2025-08-21 04:00:00+00:00,1.3879899978637695,1.3885300159454346,1.3868999481201172,1.3879599571228027,0,0.00015000000000000001
2025-08-21 08:00:00+00:00,1.3879300355911255,1.3888499736785889,1.3868999481201172,1.3886100053787231,0,0.00015000000000000001
2025-08-21 12:00:00+00:00,1.3886100053787231,1.3905800580978394,1.3875000476837158,1.389799952507019,0,0.00015000000000000001
2025-08-21 16:00:00+00:00,1.390120029449463,1.3907999992370605,1.388700008392334,1.3903800249099731,0,0.00015000000000000001
2025-08-21 20:00:00+00:00,1.3903800249099731,1.391260027885437,1.3896000385284424,1.3901100158691406,0,0.00015000000000000001
2025-08-22 00:00:00+00:00,1.3901000022888184,1.3914300203323364,1.3895000219345093,1.3910000324249268,0,0.00015000000000000001
2025-08-22 04:00:00+00:00,1.3913300037384033,1.3917299509048462,1.3904999494552612,1.391160011291504,0,0.00015000000000000001
2025-08-22 08:00:00+00:00,1.391160011291504,1.3918999433517456,1.3903000354766846,1.3910599946975708,0,0.00015000000000000001
2025-08-22 12:00:00+00:00,1.3911099433898926,1.3924700021743774,1.3825000524520874,1.384529948234558,0,0.00015000000000000001
2025-08-22 16:00:00+00:00,1.3845700025558472,1.384619951248169,1.38100004196167,1.382830023765564,0,0.00015000000000000001
2025-08-22 20:00:00+00:00,1.3828799724578857,1.3830300569534302,1.3813999891281128,1.382599949836731,0,0.00015000000000000001
2025-08-24 20:00:00+00:00,1.3826600313186646,1.383239984512329,1.382200002670288,1.3827999830245972,0,0.00015000000000000001
2025-08-25 00:00:00+00:00,1.3829400539398193,1.3844000101089478,1.382599949836731,1.3832999467849731,0,0.00015000000000000001
2025-08-25 04:00:00+00:00,1.3832999467849731,1.383810043334961,1.381700038909912,1.3835500478744507,0,0.00015000000000000001
2025-08-25 08:00:00+00:00,1.3835500478744507,1.383679986000061,1.3818999528884888,1.382099986076355,0,0.00015000000000000001
2025-08-25 12:00:00+00:00,1.3823599815368652,1.3834999799728394,1.3811999559402466,1.383020043373108,0,0.00015000000000000001
2025-08-25 16:00:00+00:00,1.383020043373108,1.3863699436187744,1.382599949836731,1.3862299919128418,0,0.00015000000000000001
2025-08-25 20:00:00+00:00,1.3862299919128418,1.3862799406051636,1.3848999738693237,1.385849952697754,0,0.00015000000000000001
2025-08-26 00:00:00+00:00,1.3858599662780762,1.3863500356674194,1.3837000131607056,1.3857699632644653,0,0.00015000000000000001
2025-08-26 04:00:00+00:00,1.3857699632644653,1.3867900371551514,1.384600043296814,1.3855299949645996,0,0.00015000000000000001
2025-08-26 08:00:00+00:00,1.3855899572372437,1.3864200115203857,1.3835999965667725,1.3844300508499146,0,0.00015000000000000001
2025-08-26 12:00:00+00:00,1.38441002368927,1.385450005531311,1.3818000555038452,1.3824800252914429,0,0.00015000000000000001
2025-08-26 16:00:00+00:00,1.3824399709701538,1.384179949760437,1.3818999528884888,1.3834199905395508,0,0.00015000000000000001
2025-08-26 20:00:00+00:00,1.3834099769592285,1.3839600086212158,1.382699966430664,1.3834500312805176,0,0.00015000000000000001
2025-08-27 00:00:00+00:00,1.383430004119873,1.3841099739074707,1.3824000358581543,1.3839900493621826,0,0.00015000000000000001
2025-08-27 04:00:00+00:00,1.3839900493621826,1.385409951210022,1.3830000162124634,1.3845900297164917,0,0.00015000000000000001
2025-08-27 08:00:00+00:00,1.3845800161361694,1.385699987411499,1.3840999603271484,1.3851699829101562,0,0.00015000000000000001
2025-08-27 12:00:00+00:00,1.3851699829101562,1.3857699632644653,1.381700038909912,1.3825900554656982,0,0.00015000000000000001
2025-08-27 16:00:00+00:00,1.382539987564087,1.382599949836731,1.3779000043869019,1.378790020942688,0,0.00015000000000000001
2025-08-27 20:00:00+00:00,1.378600001335144,1.3792400360107422,1.3775999546051025,1.3780900239944458,0,0.00015000000000000001
2025-08-28 00:00:00+00:00,1.378100037574768,1.3783400058746338,1.3765000104904175,1.3776700496673584,0,0.00015000000000000001
2025-08-28 04:00:00+00:00,1.3776999711990356,1.3788000345230103,1.3773000240325928,1.3777999877929688,0,0.00015000000000000001
2025-08-28 08:00:00+00:00,1.3777999877929688,1.3785300254821777,1.375499963760376,1.3763999938964844,0,0.00015000000000000001
2025-08-28 12:00:00+00:00,1.3763999938964844,1.3784600496292114,1.3746000528335571,1.3751399517059326,0,0.00015000000000000001
2025-08-28 16:00:00+00:00,1.3751300573349,1.3754500150680542,1.3736000061035156,1.3753700256347656,0,0.00015000000000000001
2025-08-28 20:00:00+00:00,1.3753700256347656,1.3759100437164307,1.3743000030517578,1.3751599788665771,0,0.00015000000000000001
2025-08-29 00:00:00+00:00,1.3751499652862549,1.3757100105285645,1.3740999698638916,1.375380039215088,0,0.00015000000000000001
2025-08-29 04:00:00+00:00,1.3753900527954102,1.3757400512695312,1.3736000061035156,1.374019980430603,0,0.00015000000000000001
2025-08-29 08:00:00+00:00,1.3740400075912476,1.3757400512695312,1.3732999563217163,1.3751200437545776,0,0.00015000000000000001
2025-08-29 12:00:00+00:00,1.3751300573349,1.3779200315475464,1.3722000122070312,1.372499942779541,0,0.00015000000000000001
2025-08-29 16:00:00+00:00,1.3728100061416626,1.373729944229126,1.3722000122070312,1.3733400106430054,0,0.00015000000000000001
2025-08-29 20:00:00+00:00,1.3733799457550049,1.374650001525879,1.3725999593734741,1.3734999895095825,0,0.00015000000000000001
2025-08-31 20:00:00+00:00,1.3740099668502808,1.3741199970245361,1.3732999563217163,1.3739099502563477,0,0.00015000000000000001
2025-09-01 00:00:00+00:00,1.3737000226974487,1.3744800090789795,1.3727999925613403,1.3735400438308716,0,0.00015000000000000001
2025-09-01 04:00:00+00:00,1.3735400438308716,1.3752599954605103,1.3729000091552734,1.374400019645691,0,0.00015000000000000001
2025-09-01 08:00:00+00:00,1.3747199773788452,1.3750699758529663,1.3729000091552734,1.374150037765503,0,0.00015000000000000001
2025-09-01 12:00:00+00:00,1.374150037765503,1.3761999607086182,1.3737000226974487,1.3756500482559204,0,0.00015000000000000001
2025-09-01 16:00:00+00:00,1.3756500482559204,1.3760299682617188,1.374500036239624,1.375,0,0.00015000000000000001
2025-09-01 20:00:00+00:00,1.3749899864196777,1.3753000497817993,1.3740299940109253,1.3746000528335571,0,0.00015000000000000001
2025-09-02 00:00:00+00:00,1.374809980392456,1.3756699562072754,1.3740999698638916,1.3754700422286987,0,0.00015000000000000001
2025-09-02 04:00:00+00:00,1.3754299879074097,1.3779499530792236,1.3740999698638916,1.3776700496673584,0,0.00015000000000000001
2025-09-02 08:00:00+00:00,1.3776700496673584,1.3795900344848633,1.3762999773025513,1.378790020942688,0,0.00015000000000000001
2025-09-02 12:00:00+00:00,1.3788299560546875,1.3814799785614014,1.377500057220459,1.3782000541687012,0,0.00015000000000000001
2025-09-02 16:00:00+00:00,1.3784799575805664,1.3792500495910645,1.3767000436782837,1.3784799575805664,0,0.00015000000000000001
2025-09-02 20:00:00+00:00,1.3785200119018555,1.3785799741744995,1.3770999908447266,1.3784500360488892,0,0.00015000000000000001
2025-09-03 00:00:00+00:00,1.3784500360488892,1.3796099424362183,1.3779000043869019,1.3795299530029297,0,0.00015000000000000001
2025-09-03 04:00:00+00:00,1.3791999816894531,1.3807599544525146,1.3787000179290771,1.3797099590301514,0,0.00015000000000000001
2025-09-03 08:00:00+00:00,1.3797199726104736,1.3805700540542603,1.3782999515533447,1.3795000314712524,0,0.00015000000000000001
2025-09-03 12:00:00+00:00,1.3797800540924072,1.3805999755859375,1.3777999877929688,1.3787699937820435,0,0.00015000000000000001
2025-09-03 16:00:00+00:00,1.3787699937820435,1.3801699876785278,1.378100037574768,1.379830002784729,0,0.00015000000000000001
2025-09-03 20:00:00+00:00,1.3798400163650513,1.3799899816513062,1.3783999681472778,1.3792500495910645,0,0.00015000000000000001
2025-09-04 00:00:00+00:00,1.3792400360107422,1.3807100057601929,1.3789000511169434,1.3805700540542603,0,0.00015000000000000001
2025-09-04 04:00:00+00:00,1.3805700540542603,1.3815200328826904,1.3799999952316284,1.3811899423599243,0,0.00015000000000000001
2025-09-04 08:00:00+00:00,1.3811800479888916,1.3826099634170532,1.3803999423980713,1.3820799589157104,0,0.00015000000000000001
2025-09-04 12:00:00+00:00,1.3820799589157104,1.3845399618148804,1.3802000284194946,1.3828999996185303,0,0.00015000000000000001
2025-09-04 16:00:00+00:00,1.3828699588775635,1.3840500116348267,1.381600022315979,1.3825299739837646,0,0.00015000000000000001
2025-09-04 20:00:00+00:00,1.3825199604034424,1.3828599452972412,1.3809499740600586,1.3811999559402466,0,0.00015000000000000001
2025-09-05 00:00:00+00:00,1.3814899921417236,1.381700038909912,1.3798999786376953,1.380679965019226,0,0.00015000000000000001
2025-09-05 04:00:00+00:00,1.3806699514389038,1.381119966506958,1.3789000511169434,1.3793599605560303,0,0.00015000000000000001
2025-09-05 08:00:00+00:00,1.3793699741363525,1.3805500268936157,1.378499984741211,1.3802000284194946,0,0.00015000000000000001
2025-09-05 12:00:00+00:00,1.3802299499511719,1.3838900327682495,1.3753999471664429,1.382449984550476,0,0.00015000000000000001
2025-09-05 16:00:00+00:00,1.382200002670288,1.3854299783706665,1.3812999725341797,1.3850799798965454,0,0.00015000000000000001
2025-09-05 20:00:00+00:00,1.3850699663162231,1.38510000705719,1.3818000555038452,1.382699966430664,0,0.00015000000000000001
2025-09-07 20:00:00+00:00,1.3842400312423706,1.3842999935150146,1.3834500312805176,1.3834999799728394,0,0.00015000000000000001
2025-09-08 00:00:00+00:00,1.3834999799728394,1.3843799829483032,1.3824000358581543,1.3832800388336182,0,0.00015000000000000001
2025-09-08 04:00:00+00:00,1.383270025253296,1.3835999965667725,1.3809000253677368,1.3815799951553345,0,0.00015000000000000001
2025-09-08 08:00:00+00:00,1.3815399408340454,1.382449984550476,1.3794000148773193,1.3801100254058838,0,0.00015000000000000001
2025-09-08 12:00:00+00:00,1.3801100254058838,1.3826500177383423,1.3783999681472778,1.3821099996566772,0,0.00015000000000000001
2025-09-08 16:00:00+00:00,1.3820699453353882,1.3833600282669067,1.3801000118255615,1.3803000450134277,0,0.00015000000000000001
2025-09-08 20:00:00+00:00,1.380579948425293,1.380769968032837,1.37909996509552,1.379539966583252,0,0.00015000000000000001
2025-09-09 00:00:00+00:00,1.379539966583252,1.3811299800872803,1.3791999816894531,1.3809399604797363,0,0.00015000000000000001
2025-09-09 04:00:00+00:00,1.3809399604797363,1.3812799453735352,1.3789000511169434,1.3807799816131592,0,0.00015000000000000001
2025-09-09 08:00:00+00:00,1.3807899951934814,1.3815200328826904,1.378999948501587,1.3814400434494019,0,0.00015000000000000001
2025-09-09 12:00:00+00:00,1.3814500570297241,1.383739948272705,1.3801000118255615,1.3834500312805176,0,0.00015000000000000001
2025-09-09 16:00:00+00:00,1.3834500312805176,1.3858100175857544,1.382599949836731,1.385759949684143,0,0.00015000000000000001
2025-09-09 20:00:00+00:00,1.3857799768447876,1.3860000371932983,1.3834999799728394,1.3845900297164917,0,0.00015000000000000001
2025-09-10 00:00:00+00:00,1.3845900297164917,1.3863099813461304,1.3842999935150146,1.3852299451828003,0,0.00015000000000000001
2025-09-10 04:00:00+00:00,1.3852299451828003,1.3860399723052979,1.3833999633789062,1.3854199647903442,0,0.00015000000000000001
2025-09-10 08:00:00+00:00,1.385200023651123,1.3860299587249756,1.3841999769210815,1.3857799768447876,0,0.00015000000000000001
2025-09-10 12:00:00+00:00,1.3857799768447876,1.3862099647521973,1.382599949836731,1.3844399452209473,0,0.00015000000000000001
2025-09-10 16:00:00+00:00,1.3844399452209473,1.386970043182373,1.3839000463485718,1.386389970779419,0,0.00015000000000000001
2025-09-10 20:00:00+00:00,1.3861000537872314,1.3868000507354736,1.3853000402450562,1.3860299587249756,0,0.00015000000000000001
2025-09-11 00:00:00+00:00,1.3860499858856201,1.3873300552368164,1.385599970817566,1.3869999647140503,0,0.00015000000000000001
2025-09-11 04:00:00+00:00,1.3869999647140503,1.388159990310669,1.3865000009536743,1.3879400491714478,0,0.00015000000000000001
2025-09-11 08:00:00+00:00,1.3879300355911255,1.3889199495315552,1.3868999481201172,1.3888100385665894,0,0.00015000000000000001
2025-09-11 12:00:00+00:00,1.3888100385665894,1.3891099691390991,1.3825000524520874,1.3830900192260742,0,0.00015000000000000001
2025-09-11 16:00:00+00:00,1.3830699920654297,1.3842999935150146,1.382099986076355,1.3831599950790405,0,0.00015000000000000001
2025-09-11 20:00:00+00:00,1.3831700086593628,1.3838000297546387,1.3825000524520874,1.3834199905395508,0,0.00015000000000000001
2025-09-12 00:00:00+00:00,1.3834500312805176,1.3848400115966797,1.3831000328063965,1.3842500448226929,0,0.00015000000000000001
2025-09-12 04:00:00+00:00,1.3842500448226929,1.3844200372695923,1.3827999830245972,1.3834600448608398,0,0.00015000000000000001
2025-09-12 08:00:00+00:00,1.3834600448608398,1.3849200010299683,1.3828999996185303,1.384310007095337,0,0.00015000000000000001
2025-09-12 12:00:00+00:00,1.3842999935150146,1.3860900402069092,1.3830000162124634,1.385599970817566,0,0.00015000000000000001
2025-09-12 16:00:00+00:00,1.3858200311660767,1.3863400220870972,1.3833999633789062,1.3842999935150146,0,0.00015000000000000001
2025-09-12 20:00:00+00:00,1.3844900131225586,1.3853600025177002,1.3839000463485718,1.3842999935150146,0,0.00015000000000000001
2025-09-14 20:00:00+00:00,1.3835899829864502,1.3840999603271484,1.3834999799728394,1.3839099407196045,0,0.00015000000000000001
2025-09-15 00:00:00+00:00,1.3838599920272827,1.3845700025558472,1.3831000328063965,1.3835400342941284,0,0.00015000000000000001
2025-09-15 04:00:00+00:00,1.3835400342941284,1.3841500282287598,1.382699966430664,1.3832999467849731,0,0.00015000000000000001
2025-09-15 08:00:00+00:00,1.3836400508880615,1.3838499784469604,1.3813999891281128,1.3819999694824219,0,0.00015000000000000001
2025-09-15 12:00:00+00:00,1.3824100494384766,1.384220004081726,1.3789000511169434,1.3798500299453735,0,0.00015000000000000001
2025-09-15 16:00:00+00:00,1.379830002784729,1.3804199695587158,1.3763999938964844,1.3769700527191162,0,0.00015000000000000001
2025-09-15 20:00:00+00:00,1.3767000436782837,1.3782099485397339,1.3761999607086182,1.3779100179672241,0,0.00015000000000000001
2025-09-16 00:00:00+00:00,1.3773399591445923,1.3775999546051025,1.3759000301361084,1.376729965209961,0,0.00015000000000000001
2025-09-16 04:00:00+00:00,1.376729965209961,1.3773000240325928,1.3758000135421753,1.3765000104904175,0,0.00015000000000000001
2025-09-16 08:00:00+00:00,1.3768399953842163,1.3776899576187134,1.374400019645691,1.375059962272644,0,0.00015000000000000001
2025-09-16 12:00:00+00:00,1.3750499486923218,1.3763999938964844,1.3732999563217163,1.3745700120925903,0,0.00015000000000000001
2025-09-16 16:00:00+00:00,1.3745800256729126,1.3754899501800537,1.3732000589370728,1.3749200105667114,0,0.00015000000000000001
2025-09-16 20:00:00+00:00,1.3749300241470337,1.375,1.3729000091552734,1.3738900423049927,0,0.00015000000000000001
2025-09-17 00:00:00+00:00,1.3738800287246704,1.375440001487732,1.3732999563217163,1.3753999471664429,0,0.00015000000000000001
2025-09-17 04:00:00+00:00,1.3753399848937988,1.3761999607086182,1.374400019645691,1.3756999969482422,0,0.00015000000000000001
2025-09-17 08:00:00+00:00,1.3760000467300415,1.3761999607086182,1.374500036239624,1.375499963760376,0,0.00015000000000000001
2025-09-17 12:00:00+00:00,1.3754500150680542,1.3769400119781494,1.374400019645691,1.376230001449585,0,0.00015000000000000001
2025-09-17 16:00:00+00:00,1.376230001449585,1.3787200450897217,1.3720999956130981,1.3772000074386597,0,0.00015000000000000001
2025-09-17 20:00:00+00:00,1.3772000074386597,1.3777999877929688,1.375599980354309,1.3770400285720825,0,0.00015000000000000001
2025-09-18 00:00:00+00:00,1.3770400285720825,1.378499984741211,1.376099944114685,1.3779300451278687,0,0.00015000000000000001
2025-09-18 04:00:00+00:00,1.3779300451278687,1.3799999952316284,1.3769999742507935,1.3780699968338013,0,0.00015000000000000001
2025-09-18 08:00:00+00:00,1.3780699968338013,1.3786499500274658,1.3762999773025513,1.3776999711990356,0,0.00015000000000000001
2025-09-18 12:00:00+00:00,1.377709984779358,1.3809700012207031,1.3772000074386597,1.3796700239181519,0,0.00015000000000000001
2025-09-18 16:00:00+00:00,1.3796299695968628,1.3809599876403809,1.3782000541687012,1.3795499801635742,0,0.00015000000000000001
2025-09-18 20:00:00+00:00,1.3795900344848633,1.3802299499511719,1.3787000179290771,1.3791699409484863,0,0.00015000000000000001
2025-09-19 00:00:00+00:00,1.3791699409484863,1.3804500102996826,1.378600001335144,1.3794599771499634,0,0.00015000000000000001
2025-09-19 04:00:00+00:00,1.3794300556182861,1.3819999694824219,1.378790020942688,1.3812199831008911,0,0.00015000000000000001
2025-09-19 08:00:00+00:00,1.3812400102615356,1.3818000555038452,1.3799999952316284,1.381600022315979,0,0.00015000000000000001
2025-09-19 12:00:00+00:00,1.3815900087356567,1.3825000524520874,1.3765000104904175,1.3772599697113037,0,0.00015000000000000001
2025-09-19 16:00:00+00:00,1.3773200511932373,1.3787800073623657,1.3763999938964844,1.3787200450897217,0,0.00015000000000000001
2025-09-19 20:00:00+00:00,1.378730058670044,1.3791500329971313,1.3772399425506592,1.3777999877929688,0,0.00015000000000000001
2025-09-21 20:00:00+00:00,1.3780900239944458,1.3785200119018555,1.3776999711990356,1.3782299757003784,0,0.00015000000000000001
2025-09-22 00:00:00+00:00,1.3782099485397339,1.3799599409103394,1.3777999877929688,1.3795100450515747,0,0.00015000000000000001
2025-09-22 04:00:00+00:00,1.3795000314712524,1.38100004196167,1.3787000179290771,1.3807899951934814,0,0.00015000000000000001
2025-09-22 08:00:00+00:00,1.380810022354126,1.3811999559402466,1.3795000314712524,1.3806699514389038,0,0.00015000000000000001
2025-09-22 12:00:00+00:00,1.380660057067871,1.381850004196167,1.3789000511169434,1.381500005722046,0,0.00015000000000000001
2025-09-22 16:00:00+00:00,1.3811999559402466,1.3828999996185303,1.3809000253677368,1.3821899890899658,0,0.00015000000000000001
2025-09-22 20:00:00+00:00,1.3821899890899658,1.3831700086593628,1.3811999559402466,1.3825099468231201,0,0.00015000000000000001
2025-09-23 00:00:00+00:00,1.3825000524520874,1.3832000494003296,1.3818999528884888,1.3826199769973755,0,0.00015000000000000001
2025-09-23 04:00:00+00:00,1.3826199769973755,1.3842999935150146,1.3818000555038452,1.3839999437332153,0,0.00015000000000000001
2025-09-23 08:00:00+00:00,1.3842400312423706,1.3844499588012695,1.3818999528884888,1.38264000415802,0,0.00015000000000000001
2025-09-23 12:00:00+00:00,1.3826199769973755,1.3837000131607056,1.3806999921798706,1.3835300207138062,0,0.00015000000000000001
2025-09-23 16:00:00+00:00,1.383489966392517,1.3849999904632568,1.3819999694824219,1.3839600086212158,0,0.00015000000000000001
2025-09-23 20:00:00+00:00,1.383970022201538,1.3841700553894043,1.3827999830245972,1.3838399648666382,0,0.00015000000000000001
2025-09-24 00:00:00+00:00,1.3838399648666382,1.384909987449646,1.3832999467849731,1.3845200538635254,0,0.00015000000000000001
2025-09-24 04:00:00+00:00,1.3845200538635254,1.3860299587249756,1.3839000463485718,1.38510000705719,0,0.00015000000000000001
2025-09-24 08:00:00+00:00,1.3853199481964111,1.3878999948501587,1.3848999738693237,1.3871599435806274,0,0.00015000000000000001
2025-09-24 12:00:00+00:00,1.387120008468628,1.3897700309753418,1.386199951171875,1.3894599676132202,0,0.00015000000000000001
2025-09-24 16:00:00+00:00,1.3894599676132202,1.390679955482483,1.3890999555587769,1.3902299404144287,0,0.00015000000000000001
2025-09-24 20:00:00+00:00,1.390239953994751,1.3902599811553955,1.3890000581741333,1.3896299600601196,0,0.00015000000000000001
2025-09-25 00:00:00+00:00,1.3896100521087646,1.3897000551223755,1.3880000114440918,1.3883999586105347,0,0.00015000000000000001
2025-09-25 04:00:00+00:00,1.3885600566864014,1.3902100324630737,1.388100028038025,1.389930009841919,0,0.00015000000000000001
2025-09-25 08:00:00+00:00,1.3899500370025635,1.3902100324630737,1.388949990272522,1.389389991760254,0,0.00015000000000000001
2025-09-25 12:00:00+00:00,1.3893699645996094,1.3930100202560425,1.388800024986267,1.3924100399017334,0,0.00015000000000000001
2025-09-25 16:00:00+00:00,1.3924200534820557,1.3949400186538696,1.3918999433517456,1.3942400217056274,0,0.00015000000000000001
2025-09-25 20:00:00+00:00,1.3942400217056274,1.394860029220581,1.391800045967102,1.3940999507904053,0,0.00015000000000000001
2025-09-26 00:00:00+00:00,1.3940900564193726,1.3949099779129028,1.3932000398635864,1.393399953842163,0,0.00015000000000000001
2025-09-26 04:00:00+00:00,1.393630027770996,1.3952100276947021,1.3930000066757202,1.3945300579071045,0,0.00015000000000000001
2025-09-26 08:00:00+00:00,1.3949400186538696,1.3962500095367432,1.3934999704360962,1.3948999643325806,0,0.00015000000000000001
2025-09-26 12:00:00+00:00,1.3948800563812256,1.3956199884414673,1.392799973487854,1.3944000005722046,0,0.00015000000000000001
2025-09-26 16:00:00+00:00,1.394629955291748,1.3954499959945679,1.3930000066757202,1.393489956855774,0,0.00015000000000000001
2025-09-26 20:00:00+00:00,1.393489956855774,1.3947900533676147,1.3930000066757202,1.3941999673843384,0,0.00015000000000000001
2025-09-28 20:00:00+00:00,1.3941199779510498,1.3942899703979492,1.3933000564575195,1.3937900066375732,0,0.00015000000000000001
2025-09-29 00:00:00+00:00,1.3937900066375732,1.3939000368118286,1.3914999961853027,1.3921300172805786,0,0.00015000000000000001
2025-09-29 04:00:00+00:00,1.3921200037002563,1.3929400444030762,1.3911000490188599,1.3918299674987793,0,0.00015000000000000001
2025-09-29 08:00:00+00:00,1.3917900323867798,1.3934400081634521,1.3911999464035034,1.392699956893921,0,0.00015000000000000001
2025-09-29 12:00:00+00:00,1.3928699493408203,1.3939499855041504,1.3898999691009521,1.390470027923584,0,0.00015000000000000001
2025-09-29 16:00:00+00:00,1.390470027923584,1.3922699689865112,1.3901000022888184,1.3920199871063232,0,0.00015000000000000001
2025-09-29 20:00:00+00:00,1.391800045967102,1.3922200202941895,1.3906400203704834,1.3914999961853027,0,0.00015000000000000001
2025-09-30 00:00:00+00:00,1.391700029373169,1.3924000263214111,1.3907999992370605,1.3911000490188599,0,0.00015000000000000001
2025-09-30 04:00:00+00:00,1.3914799690246582,1.3924200534820557,1.3902000188827515,1.3914799690246582,0,0.00015000000000000001
2025-09-30 08:00:00+00:00,1.391469955444336,1.3925100564956665,1.3902000188827515,1.392009973526001,0,0.00015000000000000001
2025-09-30 12:00:00+00:00,1.3920199871063232,1.393470048904419,1.38919997215271,1.392899990081787,0,0.00015000000000000001
2025-09-30 16:00:00+00:00,1.3928899765014648,1.3935600519180298,1.3909000158309937,1.391510009765625,0,0.00015000000000000001
2025-09-30 20:00:00+00:00,1.3915300369262695,1.3925600051879883,1.3909000158309937,1.3923699855804443,0,0.00015000000000000001
2025-10-01 00:00:00+00:00,1.3923699855804443,1.3933000564575195,1.391800045967102,1.392799973487854,0,0.00015000000000000001
2025-10-01 04:00:00+00:00,1.392799973487854,1.3931699991226196,1.3903000354766846,1.3920400142669678,0,0.00015000000000000001
2025-10-01 08:00:00+00:00,1.39205002784729,1.3937000036239624,1.3907999992370605,1.3926000595092773,0,0.00015000000000000001
2025-10-01 12:00:00+00:00,1.392699956893921,1.3955299854278564,1.3910000324249268,1.3954099416732788,0,0.00015000000000000001
2025-10-01 16:00:00+00:00,1.3954099416732788,1.3956899642944336,1.3930000066757202,1.3941500186920166,0,0.00015000000000000001
2025-10-01 20:00:00+00:00,1.3941600322723389,1.3945000171661377,1.392799973487854,1.3940000534057617,0,0.00015000000000000001
2025-10-02 00:00:00+00:00,1.3940000534057617,1.3947099447250366,1.3931000232696533,1.3941400051116943,0,0.00015000000000000001
2025-10-02 04:00:00+00:00,1.3940999507904053,1.3948999643325806,1.392799973487854,1.3934999704360962,0,0.00015000000000000001
2025-10-02 08:00:00+00:00,1.3938100337982178,1.3945800065994263,1.392899990081787,1.3944400548934937,0,0.00015000000000000001
2025-10-02 12:00:00+00:00,1.3944400548934937,1.3986200094223022,1.3935999870300293,1.3975800275802612,0,0.00015000000000000001
2025-10-02 16:00:00+00:00,1.3975800275802612,1.3977700471878052,1.3954999446868896,1.3961399793624878,0,0.00015000000000000001
2025-10-02 20:00:00+00:00,1.3961399793624878,1.3972300291061401,1.3955999612808228,1.396090030670166,0,0.00015000000000000001
2025-10-03 00:00:00+00:00,1.3960399627685547,1.3969199657440186,1.3956999778747559,1.3966000080108643,0,0.00015000000000000001
2025-10-03 04:00:00+00:00,1.3965799808502197,1.3969299793243408,1.395300030708313,1.39614999294281,0,0.00015000000000000001
2025-10-03 08:00:00+00:00,1.3961700201034546,1.3969000577926636,1.395400047302246,1.3960000276565552,0,0.00015000000000000001
2025-10-03 12:00:00+00:00,1.3962899446487427,1.3968000411987305,1.3940999507904053,1.3941999673843384,0,0.00015000000000000001
2025-10-03 16:00:00+00:00,1.3944000005722046,1.396090030670166,1.3935999870300293,1.3952300548553467,0,0.00015000000000000001
2025-10-03 20:00:00+00:00,1.3952300548553467,1.3961100578308105,1.3942999839782715,1.3946000337600708,0,0.00015000000000000001
2025-10-05 20:00:00+00:00,1.396440029144287,1.396690011024475,1.3954999446868896,1.3964200019836426,0,0.00015000000000000001
2025-10-06 00:00:00+00:00,1.396440029144287,1.3966799974441528,1.3940999507904053,1.3948899507522583,0,0.00015000000000000001
2025-10-06 04:00:00+00:00,1.3948999643325806,1.395609974861145,1.3937000036239624,1.3949999809265137,0,0.00015000000000000001
2025-10-06 08:00:00+00:00,1.3952499628067017,1.3964099884033203,1.3942999839782715,1.3961299657821655,0,0.00015000000000000001
2025-10-06 12:00:00+00:00,1.3961299657821655,1.3967599868774414,1.3940999507904053,1.3945900201797485,0,0.00015000000000000001
2025-10-06 16:00:00+00:00,1.3946499824523926,1.3954099416732788,1.3940999507904053,1.3949099779129028,0,0.00015000000000000001
2025-10-06 20:00:00+00:00,1.3948999643325806,1.395259976387024,1.3934999704360962,1.394469976425171,0,0.00015000000000000001
2025-10-07 00:00:00+00:00,1.3944799900054932,1.395259976387024,1.3940000534057617,1.394700050354004,0,0.00015000000000000001
2025-10-07 04:00:00+00:00,1.394629955291748,1.396209955215454,1.3940000534057617,1.3954800367355347,0,0.00015000000000000001
2025-10-07 08:00:00+00:00,1.3954800367355347,1.3962500095367432,1.3944000005722046,1.3958100080490112,0,0.00015000000000000001
2025-10-07 12:00:00+00:00,1.3958100080490112,1.3961800336837769,1.3937000036239624,1.3949400186538696,0,0.00015000000000000001
2025-10-07 16:00:00+00:00,1.3949400186538696,1.396049976348877,1.3939000368118286,1.3954299688339233,0,0.00015000000000000001
2025-10-07 20:00:00+00:00,1.3954299688339233,1.3957200050354004,1.3942999839782715,1.3952900171279907,0,0.00015000000000000001
2025-10-08 00:00:00+00:00,1.3952800035476685,1.3968199491500854,1.3946000337600708,1.39614999294281,0,0.00015000000000000001
2025-10-08 04:00:00+00:00,1.3961399793624878,1.3970999717712402,1.3948999643325806,1.3954999446868896,0,0.00015000000000000001
2025-10-08 08:00:00+00:00,1.3954999446868896,1.395900011062622,1.3940000534057617,1.3944100141525269,0,0.00015000000000000001
2025-10-08 12:00:00+00:00,1.3944200277328491,1.395900011062622,1.392799973487854,1.3954499959945679,0,0.00015000000000000001
2025-10-08 16:00:00+00:00,1.3954299688339233,1.3962600231170654,1.3947999477386475,1.3956700563430786,0,0.00015000000000000001
2025-10-08 20:00:00+00:00,1.395650029182434,1.395799994468689,1.3944000005722046,1.3955399990081787,0,0.00015000000000000001
2025-10-09 00:00:00+00:00,1.3954700231552124,1.3955700397491455,1.3933000564575195,1.3938299417495728,0,0.00015000000000000001
2025-10-09 04:00:00+00:00,1.3934999704360962,1.3963700532913208,1.392899990081787,1.395300030708313,0,0.00015000000000000001
2025-10-09 08:00:00+00:00,1.3956300020217896,1.3961299657821655,1.3941999673843384,1.395300030708313,0,0.00015000000000000001
2025-10-09 12:00:00+00:00,1.3953100442886353,1.4020800590515137,1.393399953842163,1.4010599851608276,0,0.00015000000000000001
2025-10-09 16:00:00+00:00,1.4007999897003174,1.403380036354065,1.4005000591278076,1.4024399518966675,0,0.00015000000000000001
2025-10-09 20:00:00+00:00,1.4024399518966675,1.4025499820709229,1.4007999897003174,1.401960015296936,0,0.00015000000000000001
2025-10-10 00:00:00+00:00,1.4019500017166138,1.4024800062179565,1.4009000062942505,1.4015799760818481,0,0.00015000000000000001
2025-10-10 04:00:00+00:00,1.4015699625015259,1.4034099578857422,1.4009000062942505,1.4025399684906006,0,0.00015000000000000001
2025-10-10 08:00:00+00:00,1.4024800062179565,1.4025399684906006,1.4007999897003174,1.4017399549484253,0,0.00015000000000000001
2025-10-10 12:00:00+00:00,1.4017599821090698,1.4020700454711914,1.3971999883651733,1.3998600244522095,0,0.00015000000000000001
2025-10-10 16:00:00+00:00,1.3998600244522095,1.4017599821090698,1.398900032043457,1.4000500440597534,0,0.00015000000000000001
2025-10-10 20:00:00+00:00,1.4000600576400757,1.4006099700927734,1.3990999460220337,1.4002000093460083,0,0.00015000000000000001
2025-10-12 20:00:00+00:00,1.3995599746704102,1.4000699520111084,1.398900032043457,1.3998500108718872,0,0.00015000000000000001
2025-10-13 00:00:00+00:00,1.3998500108718872,1.4002200365066528,1.3977999687194824,1.3990999460220337,0,0.00015000000000000001
2025-10-13 04:00:00+00:00,1.3994699716567993,1.4005999565124512,1.3983999490737915,1.4004299640655518,0,0.00015000000000000001
2025-10-13 08:00:00+00:00,1.4004199504852295,1.40106999874115,1.3992999792099,1.4008400440216064,0,0.00015000000000000001
2025-10-13 12:00:00+00:00,1.4008400440216064,1.40339994430542,1.4002000093460083,1.402500033378601,0,0.00015000000000000001
2025-10-13 16:00:00+00:00,1.4028400182724,1.4039299488067627,1.4023000001907349,1.4036799669265747,0,0.00015000000000000001
2025-10-13 20:00:00+00:00,1.403689980506897,1.4040000438690186,1.4023000001907349,1.4039000272750854,0,0.00015000000000000001
2025-10-14 00:00:00+00:00,1.4039100408554077,1.4043899774551392,1.402899980545044,1.4036999940872192,0,0.00015000000000000001
2025-10-14 04:00:00+00:00,1.4040700197219849,1.4065899848937988,1.403499960899353,1.4063199758529663,0,0.00015000000000000001
2025-10-14 08:00:00+00:00,1.406350016593933,1.4079999923706055,1.4049999713897705,1.4061000347137451,0,0.00015000000000000001
2025-10-14 12:00:00+00:00,1.4063700437545776,1.4074699878692627,1.4026000499725342,1.4043200016021729,0,0.00015000000000000001
2025-10-14 16:00:00+00:00,1.4043200016021729,1.4052000045776367,1.402899980545044,1.4042099714279175,0,0.00015000000000000001
2025-10-14 20:00:00+00:00,1.4042199850082397,1.4049500226974487,1.4032000303268433,1.4041999578475952,0,0.00015000000000000001
2025-10-15 00:00:00+00:00,1.404539942741394,1.4048199653625488,1.4026999473571777,1.4033000469207764,0,0.00015000000000000001
2025-10-15 04:00:00+00:00,1.4035999774932861,1.404289960861206,1.402400016784668,1.4041999578475952,0,0.00015000000000000001
2025-10-15 08:00:00+00:00,1.404189944267273,1.4045000076293945,1.402999997138977,1.4043099880218506,0,0.00015000000000000001
2025-10-15 12:00:00+00:00,1.4042999744415283,1.4053900241851807,1.4023000001907349,1.40339994430542,0,0.00015000000000000001
2025-10-15 16:00:00+00:00,1.40339994430542,1.4059799909591675,1.402899980545044,1.4046000242233276,0,0.00015000000000000001
2025-10-15 20:00:00+00:00,1.4046000242233276,1.4048000574111938,1.40339994430542,1.4045900106430054,0,0.00015000000000000001
2025-10-16 00:00:00+00:00,1.40461003780365,1.4048000574111938,1.4018000364303589,1.4026000499725342,0,0.00015000000000000001
2025-10-16 04:00:00+00:00,1.402940034866333,1.403980016708374,1.4021999835968018,1.4033399820327759,0,0.00015000000000000001
2025-10-16 08:00:00+00:00,1.4033600091934204,1.4051100015640259,1.4027999639511108,1.4047800302505493,0,0.00015000000000000001
2025-10-16 12:00:00+00:00,1.4048099517822266,1.4057999849319458,1.4032000303268433,1.4047000408172607,0,0.00015000000000000001
2025-10-16 16:00:00+00:00,1.4046800136566162,1.4060900211334229,1.40339994430542,1.4051400423049927,0,0.00015000000000000001
2025-10-16 20:00:00+00:00,1.4051400423049927,1.4055999517440796,1.404099941253662,1.4045699834823608,0,0.00015000000000000001
2025-10-17 00:00:00+00:00,1.4045699834823608,1.4052000045776367,1.4033000469207764,1.4044899940490723,0,0.00015000000000000001
2025-10-17 04:00:00+00:00,1.4041999578475952,1.4067200422286987,1.4032000303268433,1.4052799940109253,0,0.00015000000000000001
2025-10-17 08:00:00+00:00,1.4052900075912476,1.4059900045394897,1.4023000001907349,1.4031000137329102,0,0.00015000000000000001
2025-10-17 12:00:00+00:00,1.4033399820327759,1.4053599834442139,1.4027999639511108,1.4046000242233276,0,0.00015000000000000001
2025-10-17 16:00:00+00:00,1.4046000242233276,1.404710054397583,1.4004000425338745,1.4012600183486938,0,0.00015000000000000001
2025-10-17 20:00:00+00:00,1.4010000228881836,1.4023300409317017,1.4005000591278076,1.4018000364303589,0,0.00015000000000000001
2025-10-19 20:00:00+00:00,1.4010800123214722,1.4016400575637817,1.4005999565124512,1.4015599489212036,0,0.00015000000000000001
2025-10-20 00:00:00+00:00,1.4015799760818481,1.4017200469970703,1.4002000093460083,1.4009699821472168,0,0.00015000000000000001
2025-10-20 04:00:00+00:00,1.4009699821472168,1.4031699895858765,1.4005000591278076,1.4030100107192993,0,0.00015000000000000001
2025-10-20 08:00:00+00:00,1.4030200242996216,1.4043200016021729,1.4023000001907349,1.4038000106811523,0,0.00015000000000000001
2025-10-20 12:00:00+00:00,1.4038000106811523,1.4050999879837036,1.4020999670028687,1.4030300378799438,0,0.00015000000000000001
2025-10-20 16:00:00+00:00,1.402999997138977,1.4038499593734741,1.4023000001907349,1.4032700061798096,0,0.00015000000000000001
2025-10-20 20:00:00+00:00,1.403249979019165,1.4039499759674072,1.4026000499725342,1.4033199548721313,0,0.00015000000000000001
2025-10-21 00:00:00+00:00,1.403309941291809,1.4052000045776367,1.402500033378601,1.404919981956482,0,0.00015000000000000001
2025-10-21 04:00:00+00:00,1.4048999547958374,1.40625,1.4045000076293945,1.4057899713516235,0,0.00015000000000000001
2025-10-21 08:00:00+00:00,1.4057899713516235,1.4065799713134766,1.4039000272750854,1.4046299457550049,0,0.00015000000000000001
2025-10-21 12:00:00+00:00,1.4046800136566162,1.4048099517822266,1.4006999731063843,1.4010900259017944,0,0.00015000000000000001
2025-10-21 16:00:00+00:00,1.4010800123214722,1.402359962463379,1.399899959564209,1.4015699625015259,0,0.00015000000000000001
2025-10-21 20:00:00+00:00,1.4015599489212036,1.4024200439453125,1.4012000560760498,1.401960015296936,0,0.00015000000000000001
2025-10-22 00:00:00+00:00,1.401960015296936,1.4019999504089355,1.3997999429702759,1.4004299640655518,0,0.00015000000000000001
2025-10-22 04:00:00+00:00,1.4004000425338745,1.4008500576019287,1.398900032043457,1.4005099534988403,0,0.00015000000000000001
2025-10-22 08:00:00+00:00,1.4005099534988403,1.4032299518585205,1.399999976158142,1.4026999473571777,0,0.00015000000000000001
2025-10-22 12:00:00+00:00,1.4027800559997559,1.403059959411621,1.3973000049591064,1.397879958152771,0,0.00015000000000000001
2025-10-22 16:00:00+00:00,1.3974000215530396,1.3996100425720215,1.3971999883651733,1.3984800577163696,0,0.00015000000000000001
2025-10-22 20:00:00+00:00,1.3984800577163696,1.399899959564209,1.3980000019073486,1.3985999822616577,0,0.00015000000000000001
2025-10-23 00:00:00+00:00,1.3989299535751343,1.4004700183868408,1.398300051689148,1.399899959564209,0,0.00015000000000000001
2025-10-23 04:00:00+00:00,1.4000500440597534,1.40024995803833,1.3982000350952148,1.3994799852371216,0,0.00015000000000000001
2025-10-23 08:00:00+00:00,1.399440050125122,1.3999500274658203,1.3986999988555908,1.3992999792099,0,0.00015000000000000001
2025-10-23 12:00:00+00:00,1.3991999626159668,1.4003000259399414,1.3976000547409058,1.3992199897766113,0,0.00015000000000000001
2025-10-23 16:00:00+00:00,1.399209976196289,1.400320053100586,1.3984999656677246,1.3986300230026245,0,0.00015000000000000001
2025-10-23 20:00:00+00:00,1.3986599445343018,1.3992400169372559,1.3971400260925293,1.398710012435913,0,0.00015000000000000001
2025-10-24 00:00:00+00:00,1.3986899852752686,1.4028899669647217,1.3978999853134155,1.4003000259399414,0,0.00015000000000000001
2025-10-24 04:00:00+00:00,1.4005399942398071,1.4020999670028687,1.399999976158142,1.4007200002670288,0,0.00015000000000000001
2025-10-24 08:00:00+00:00,1.4007200002670288,1.4032200574874878,1.4000999927520752,1.4026199579238892,0,0.00015000000000000001
2025-10-24 12:00:00+00:00,1.4026399850845337,1.4038900136947632,1.3997999429702759,1.4012500047683716,0,0.00015000000000000001
2025-10-24 16:00:00+00:00,1.4012900590896606,1.4015899896621704,1.3991999626159668,1.3997399806976318,0,0.00015000000000000001
2025-10-24 20:00:00+00:00,1.3996000289916992,1.4002100229263306,1.3986999988555908,1.3992999792099,0,0.00015000000000000001
2025-10-27 00:00:00+00:00,1.399340033531189,1.3994300365447998,1.3973000049591064,1.3989100456237793,0,0.00015000000000000001
2025-10-27 04:00:00+00:00,1.3989299535751343,1.3992600440979004,1.3968000411987305,1.3976000547409058,0,0.00015000000000000001
2025-10-27 08:00:00+00:00,1.3977700471878052,1.398010015487671,1.3966000080108643,1.3975000381469727,0,0.00015000000000000001
2025-10-27 12:00:00+00:00,1.3977500200271606,1.4008300304412842,1.3970999717712402,1.3996399641036987,0,0.00015000000000000001
2025-10-27 16:00:00+00:00,1.3996399641036987,1.4001200199127197,1.3984999656677246,1.3994100093841553,0,0.00015000000000000001
2025-10-27 20:00:00+00:00,1.3994300365447998,1.3995000123977661,1.3977999687194824,1.3990700244903564,0,0.00015000000000000001
2025-10-28 00:00:00+00:00,1.3991600275039673,1.3994200229644775,1.3977999687194824,1.3985600471496582,0,0.00015000000000000001
2025-10-28 04:00:00+00:00,1.3985199928283691,1.4003599882125854,1.3976999521255493,1.4000600576400757,0,0.00015000000000000001
2025-10-28 08:00:00+00:00,1.4000500440597534,1.4005399942398071,1.398900032043457,1.3997900485992432,0,0.00015000000000000001
2025-10-28 12:00:00+00:00,1.3997900485992432,1.400230050086975,1.3932000398635864,1.3937000036239624,0,0.00015000000000000001
2025-10-28 16:00:00+00:00,1.3936599493026733,1.394919991493225,1.3931000232696533,1.3934999704360962,0,0.00015000000000000001
2025-10-28 20:00:00+00:00,1.3936899900436401,1.394919991493225,1.3930000066757202,1.3939800262451172,0,0.00015000000000000001
2025-10-29 00:00:00+00:00,1.3938699960708618,1.3941500186920166,1.392799973487854,1.3938000202178955,0,0.00015000000000000001
2025-10-29 04:00:00+00:00,1.393720030784607,1.3945399522781372,1.3918999433517456,1.3928500413894653,0,0.00015000000000000001
2025-10-29 08:00:00+00:00,1.392840027809143,1.3949300050735474,1.3924000263214111,1.3940500020980835,0,0.00015000000000000001
2025-10-29 12:00:00+00:00,1.394070029258728,1.3941099643707275,1.3882999420166016,1.3894399404525757,0,0.00015000000000000001
2025-10-29 16:00:00+00:00,1.3894699811935425,1.3954999446868896,1.3883999586105347,1.3944000005722046,0,0.00015000000000000001
2025-10-29 20:00:00+00:00,1.3947199583053589,1.3953399658203125,1.3933000564575195,1.3941500186920166,0,0.00015000000000000001
2025-10-30 00:00:00+00:00,1.394129991531372,1.3945000171661377,1.392899990081787,1.3939199447631836,0,0.00015000000000000001
2025-10-30 04:00:00+00:00,1.3939599990844727,1.3943899869918823,1.392199993133545,1.3939000368118286,0,0.00015000000000000001
2025-10-30 08:00:00+00:00,1.3939000368118286,1.3983800411224365,1.393399953842163,1.3982399702072144,0,0.00015000000000000001
2025-10-30 12:00:00+00:00,1.3982000350952148,1.4014099836349487,1.3974000215530396,1.3982599973678589,0,0.00015000000000000001
2025-10-30 16:00:00+00:00,1.398229956626892,1.399049997329712,1.3973000049591064,1.398800015449524,0,0.00015000000000000001
2025-10-30 20:00:00+00:00,1.3988499641418457,1.3989399671554565,1.3976999521255493,1.3978999853134155,0,0.00015000000000000001
2025-10-31 00:00:00+00:00,1.398110032081604,1.399049997329712,1.3974000215530396,1.398300051689148,0,0.00015000000000000001
2025-10-31 04:00:00+00:00,1.3987699747085571,1.401110053062439,1.3981000185012817,1.400149941444397,0,0.00015000000000000001
2025-10-31 08:00:00+00:00,1.4001599550247192,1.4018700122833252,1.3990999460220337,1.401379942893982,0,0.00015000000000000001
2025-10-31 12:00:00+00:00,1.401379942893982,1.403540015220642,1.3997000455856323,1.4010599851608276,0,0.00015000000000000001
2025-10-31 16:00:00+00:00,1.4010599851608276,1.4025700092315674,1.4003000259399414,1.402519941329956,0,0.00015000000000000001
2025-10-31 20:00:00+00:00,1.4025299549102783,1.4026700258255005,1.4003000259399414,1.4007999897003174,0,0.00015000000000000001
2025-11-03 00:00:00+00:00,1.4015400409698486,1.402340054512024,1.4007999897003174,1.4012199640274048,0,0.00015000000000000001
2025-11-03 04:00:00+00:00,1.4012199640274048,1.4019999504089355,1.4004000425338745,1.4018299579620361,0,0.00015000000000000001
2025-11-03 08:00:00+00:00,1.4018499851226807,1.4047499895095825,1.4013999700546265,1.4044699668884277,0,0.00015000000000000001
2025-11-03 12:00:00+00:00,1.4044699668884277,1.4075700044631958,1.402999997138977,1.4068200588226318,0,0.00015000000000000001
2025-11-03 16:00:00+00:00,1.4068299531936646,1.4069199562072754,1.4042999744415283,1.40516996383667,0,0.00015000000000000001
2025-11-03 20:00:00+00:00,1.4051599502563477,1.4058200120925903,1.4045000076293945,1.4052000045776367,0,0.00015000000000000001
2025-11-04 00:00:00+00:00,1.4055399894714355,1.4070199728012085,1.4052000045776367,1.4061700105667114,0,0.00015000000000000001
2025-11-04 04:00:00+00:00,1.4061700105667114,1.4074000120162964,1.4052000045776367,1.4056400060653687,0,0.00015000000000000001
2025-11-04 08:00:00+00:00,1.4056700468063354,1.4080499410629272,1.4049999713897705,1.4080100059509277,0,0.00015000000000000001
2025-11-04 12:00:00+00:00,1.4080100059509277,1.4095799922943115,1.4071999788284302,1.4083499908447266,0,0.00015000000000000001
2025-11-04 16:00:00+00:00,1.408310055732727,1.4101999998092651,1.4074000120162964,1.4100799560546875,0,0.00015000000000000001
2025-11-04 20:00:00+00:00,1.4100699424743652,1.4107600450515747,1.4088000059127808,1.4101699590682983,0,0.00015000000000000001
2025-11-05 00:00:00+00:00,1.410099983215332,1.4119000434875488,1.4098000526428223,1.4106999635696411,0,0.00015000000000000001
2025-11-05 04:00:00+00:00,1.4110699892044067,1.4119999408721924,1.4103000164031982,1.4114799499511719,0,0.00015000000000000001
2025-11-05 08:00:00+00:00,1.4114899635314941,1.4135299921035767,1.4104000329971313,1.4134299755096436,0,0.00015000000000000001
2025-11-05 12:00:00+00:00,1.4134299755096436,1.4140299558639526,1.4114999771118164,1.4123899936676025,0,0.00015000000000000001
2025-11-05 16:00:00+00:00,1.4124399423599243,1.4131699800491333,1.410099983215332,1.4112199544906616,0,0.00015000000000000001
2025-11-05 20:00:00+00:00,1.411180019378662,1.4112900495529175,1.4097000360488892,1.4098999500274658,0,0.00015000000000000001
2025-11-06 00:00:00+00:00,1.4101999998092651,1.4108200073242188,1.409600019454956,1.4103800058364868,0,0.00015000000000000001
2025-11-06 04:00:00+00:00,1.4103599786758423,1.4105099439620972,1.4092999696731567,1.4098000526428223,0,0.00015000000000000001
2025-11-06 08:00:00+00:00,1.4100799560546875,1.4104499816894531,1.4086999893188477,1.4096200466156006,0,0.00015000000000000001
2025-11-06 12:00:00+00:00,1.4096499681472778,1.4134199619293213,1.4085999727249146,1.4129600524902344,0,0.00015000000000000001
2025-11-06 16:00:00+00:00,1.4129799604415894,1.4140000343322754,1.4101999998092651,1.4112499952316284,0,0.00015000000000000001
2025-11-06 20:00:00+00:00,1.4112499952316284,1.4120700359344482,1.4105000495910645,1.4110000133514404,0,0.00015000000000000001
2025-11-07 00:00:00+00:00,1.411180019378662,1.412600040435791,1.4107999801635742,1.4124499559402466,0,0.00015000000000000001
2025-11-07 04:00:00+00:00,1.4124200344085693,1.412600040435791,1.4110000133514404,1.4116100072860718,0,0.00015000000000000001
2025-11-07 08:00:00+00:00,1.4116100072860718,1.4119700193405151,1.4104000329971313,1.4108699560165405,0,0.00015000000000000001
2025-11-07 12:00:00+00:00,1.4108699560165405,1.4116100072860718,1.4049999713897705,1.4073699712753296,0,0.00015000000000000001
2025-11-07 16:00:00+00:00,1.4073799848556519,1.4079500436782837,1.4033000469207764,1.4039599895477295,0,0.00015000000000000001
2025-11-07 20:00:00+00:00,1.403939962387085,1.4047000408172607,1.402400016784668,1.4041999578475952,0,0.00015000000000000001
2025-11-10 00:00:00+00:00,1.404379963874817,1.4046299457550049,1.4020999670028687,1.4033000469207764,0,0.00015000000000000001
2025-11-10 04:00:00+00:00,1.403290033340454,1.4033299684524536,1.4006999731063843,1.4012999534606934,0,0.00015000000000000001
2025-11-10 08:00:00+00:00,1.4014500379562378,1.4021999835968018,1.3997000455856323,1.4012999534606934,0,0.00015000000000000001
2025-11-10 12:00:00+00:00,1.40146005153656,1.4029099941253662,1.3997000455856323,1.4027199745178223,0,0.00015000000000000001
2025-11-10 16:00:00+00:00,1.402750015258789,1.403630018234253,1.4009000062942505,1.4017599821090698,0,0.00015000000000000001
2025-11-10 20:00:00+00:00,1.4017599821090698,1.4026999473571777,1.4010000228881836,1.4025399684906006,0,0.00015000000000000001
2025-11-11 00:00:00+00:00,1.4025499820709229,1.4035999774932861,1.4018000364303589,1.403380036354065,0,0.00015000000000000001
2025-11-11 04:00:00+00:00,1.403380036354065,1.404099941253662,1.4026000499725342,1.403149962425232,0,0.00015000000000000001
2025-11-11 08:00:00+00:00,1.4031800031661987,1.4036500453948975,1.4021999835968018,1.402750015258789,0,0.00015000000000000001
2025-11-11 12:00:00+00:00,1.4027099609375,1.4031000137329102,1.399899959564209,1.4010299444198608,0,0.00015000000000000001
2025-11-11 16:00:00+00:00,1.4006999731063843,1.4012000560760498,1.3997000455856323,1.40093994140625,0,0.00015000000000000001
2025-11-11 20:00:00+00:00,1.400979995727539,1.4020999670028687,1.4004000425338745,1.4015100002288818,0,0.00015000000000000001
2025-11-12 00:00:00+00:00,1.4015699625015259,1.4020400047302246,1.4009000062942505,1.4015799760818481,0,0.00015000000000000001
2025-11-12 04:00:00+00:00,1.4015599489212036,1.4019999504089355,1.399899959564209,1.400570034980774,0,0.00015000000000000001
2025-11-12 08:00:00+00:00,1.4006099700927734,1.40215003490448,1.3997999429702759,1.4016599655151367,0,0.00015000000000000001
2025-11-12 12:00:00+00:00,1.4016499519348145,1.4021600484848022,1.3990999460220337,1.3996100425720215,0,0.00015000000000000001
2025-11-12 16:00:00+00:00,1.399590015411377,1.4006400108337402,1.3984999656677246,1.399749994277954,0,0.00015000000000000001
2025-11-12 20:00:00+00:00,1.399749994277954,1.4011000394821167,1.3992999792099,1.4009300470352173,0,0.00015000000000000001
2025-11-13 00:00:00+00:00,1.4009499549865723,1.4016200304031372,1.399899959564209,1.4005800485610962,0,0.00015000000000000001
2025-11-13 04:00:00+00:00,1.4005800485610962,1.4013099670410156,1.3990000486373901,1.3994699716567993,0,0.00015000000000000001
2025-11-13 08:00:00+00:00,1.3994799852371216,1.3997399806976318,1.3981000185012817,1.3996299505233765,0,0.00015000000000000001
2025-11-13 12:00:00+00:00,1.3996599912643433,1.4014999866485596,1.398900032043457,1.401039958000183,0,0.00015000000000000001
2025-11-13 16:00:00+00:00,1.4010299444198608,1.4037799835205078,1.4003000259399414,1.4032399654388428,0,0.00015000000000000001
2025-11-13 20:00:00+00:00,1.4032399654388428,1.4037799835205078,1.402400016784668,1.40339994430542,0,0.00015000000000000001
2025-11-14 00:00:00+00:00,1.4036400318145752,1.4044400453567505,1.4013999700546265,1.402359962463379,0,0.00015000000000000001
2025-11-14 04:00:00+00:00,1.4023699760437012,1.4038300514221191,1.4018000364303589,1.40378999710083,0,0.00015000000000000001
2025-11-14 08:00:00+00:00,1.4037699699401855,1.4045300483703613,1.4026000499725342,1.4043400287628174,0,0.00015000000000000001
2025-11-14 12:00:00+00:00,1.4040000438690186,1.40447998046875,1.4010000228881836,1.4027400016784668,0,0.00015000000000000001
2025-11-14 16:00:00+00:00,1.4027099609375,1.4032800197601318,1.4013999700546265,1.4025299549102783,0,0.00015000000000000001
2025-11-14 20:00:00+00:00,1.4025499820709229,1.4027600288391113,1.4012000560760498,1.4018000364303589,0,0.00015000000000000001
2025-11-17 00:00:00+00:00,1.4018199443817139,1.4039000272750854,1.4014999866485596,1.403749942779541,0,0.00015000000000000001
2025-11-17 04:00:00+00:00,1.4036999940872192,1.4038000106811523,1.4013999700546265,1.4019399881362915,0,0.00015000000000000001
2025-11-17 08:00:00+00:00,1.401919960975647,1.4032399654388428,1.4012999534606934,1.4026399850845337,0,0.00015000000000000001
2025-11-17 12:00:00+00:00,1.4026399850845337,1.4041800498962402,1.4019999504089355,1.4027700424194336,0,0.00015000000000000001
2025-11-17 16:00:00+00:00,1.402750015258789,1.405500054359436,1.4019999504089355,1.405460000038147,0,0.00015000000000000001
2025-11-17 20:00:00+00:00,1.4054399728775024,1.405769944190979,1.4042199850082397,1.4049500226974487,0,0.00015000000000000001
2025-11-18 00:00:00+00:00,1.4051200151443481,1.4056600332260132,1.4042999744415283,1.4054499864578247,0,0.00015000000000000001
2025-11-18 04:00:00+00:00,1.4054100513458252,1.4062299728393555,1.4043999910354614,1.4051300287246704,0,0.00015000000000000001
2025-11-18 08:00:00+00:00,1.4050899744033813,1.4051300287246704,1.402500033378601,1.4030300378799438,0,0.00015000000000000001
2025-11-18 12:00:00+00:00,1.4030300378799438,1.4036400318145752,1.399899959564209,1.401379942893982,0,0.00015000000000000001
2025-11-18 16:00:00+00:00,1.4014400243759155,1.4020600318908691,1.3967000246047974,1.3978999853134155,0,0.00015000000000000001
2025-11-18 20:00:00+00:00,1.3976000547409058,1.399049997329712,1.3973000049591064,1.3984899520874023,0,0.00015000000000000001
2025-11-19 00:00:00+00:00,1.3985199928283691,1.4000099897384644,1.3980000019073486,1.3997600078582764,0,0.00015000000000000001
2025-11-19 04:00:00+00:00,1.3997399806976318,1.4000999927520752,1.398800015449524,1.3993699550628662,0,0.00015000000000000001
2025-11-19 08:00:00+00:00,1.3994200229644775,1.4007799625396729,1.3989200592041016,1.40038001537323,0,0.00015000000000000001
2025-11-19 12:00:00+00:00,1.4004000425338745,1.4038200378417969,1.3999700546264648,1.4035799503326416,0,0.00015000000000000001
2025-11-19 16:00:00+00:00,1.4035999774932861,1.4065699577331543,1.4032000303268433,1.405709981918335,0,0.00015000000000000001
2025-11-19 20:00:00+00:00,1.4056999683380127,1.4060800075531006,1.4038000106811523,1.4043400287628174,0,0.00015000000000000001
2025-11-20 00:00:00+00:00,1.404360055923462,1.4061299562454224,1.4040000438690186,1.4057600498199463,0,0.00015000000000000001
2025-11-20 04:00:00+00:00,1.4055999517440796,1.4061399698257446,1.4048999547958374,1.4057799577713013,0,0.00015000000000000001
2025-11-20 08:00:00+00:00,1.4057199954986572,1.4065099954605103,1.4043999910354614,1.4062199592590332,0,0.00015000000000000001
2025-11-20 12:00:00+00:00,1.4062199592590332,1.4072400331497192,1.403499960899353,1.4062800407409668,0,0.00015000000000000001
2025-11-20 16:00:00+00:00,1.4062800407409668,1.4107400178909302,1.405900001525879,1.4091099500656128,0,0.00015000000000000001
2025-11-20 20:00:00+00:00,1.409060001373291,1.41034996509552,1.4086999893188477,1.4091500043869019,0,0.00015000000000000001
2025-11-21 00:00:00+00:00,1.4091099500656128,1.4096399545669556,1.4079999923706055,1.4092799425125122,0,0.00015000000000000001
2025-11-21 04:00:00+00:00,1.4092199802398682,1.4105700254440308,1.4082000255584717,1.410330057144165,0,0.00015000000000000001
2025-11-21 08:00:00+00:00,1.409999966621399,1.410599946975708,1.4077999591827393,1.4102799892425537,0,0.00015000000000000001
2025-11-21 12:00:00+00:00,1.410290002822876,1.4127800464630127,1.4076999425888062,1.4125699996948242,0,0.00015000000000000001
2025-11-21 16:00:00+00:00,1.4125800132751465,1.4130899906158447,1.4086999893188477,1.4093400239944458,0,0.00015000000000000001
2025-11-21 20:00:00+00:00,1.4093400239944458,1.4103699922561646,1.4085999727249146,1.4097000360488892,0,0.00015000000000000001
2025-11-24 00:00:00+00:00,1.4094899892807007,1.4104599952697754,1.4088000059127808,1.409540057182312,0,0.00015000000000000001
2025-11-24 04:00:00+00:00,1.409540057182312,1.4104100465774536,1.4086999893188477,1.41034996509552,0,0.00015000000000000001
2025-11-24 08:00:00+00:00,1.41034996509552,1.411520004272461,1.409000039100647,1.410979986190796,0,0.00015000000000000001
2025-11-24 12:00:00+00:00,1.410979986190796,1.411810040473938,1.4092999696731567,1.4112099409103394,0,0.00015000000000000001
2025-11-24 16:00:00+00:00,1.411180019378662,1.4118900299072266,1.4098999500274658,1.4107099771499634,0,0.00015000000000000001
2025-11-24 20:00:00+00:00,1.4106999635696411,1.4111700057983398,1.4098999500274658,1.4106999635696411,0,0.00015000000000000001
2025-11-25 00:00:00+00:00,1.4109599590301514,1.4118000268936157,1.410099983215332,1.411620020866394,0,0.00015000000000000001
2025-11-25 04:00:00+00:00,1.411620020866394,1.4124000072479248,1.4111000299453735,1.4116599559783936,0,0.00015000000000000001
2025-11-25 08:00:00+00:00,1.4116599559783936,1.4124300479888916,1.4105000495910645,1.4120800495147705,0,0.00015000000000000001
2025-11-25 12:00:00+00:00,1.4120800495147705,1.412500023841858,1.4097000360488892,1.4105000495910645,0,0.00015000000000000001
2025-11-25 16:00:00+00:00,1.4104900360107422,1.4118900299072266,1.4085999727249146,1.409190058708191,0,0.00015000000000000001
2025-11-25 20:00:00+00:00,1.4089000225067139,1.4104199409484863,1.4085999727249146,1.410290002822876,0,0.00015000000000000001
2025-11-26 00:00:00+00:00,1.409999966621399,1.4105099439620972,1.406599998474121,1.4071199893951416,0,0.00015000000000000001
2025-11-26 04:00:00+00:00,1.4071199893951416,1.4077800512313843,1.4063999652862549,1.4068900346755981,0,0.00015000000000000001
2025-11-26 08:00:00+00:00,1.4068800210952759,1.4089699983596802,1.406499981880188,1.4088599681854248,0,0.00015000000000000001
2025-11-26 12:00:00+00:00,1.408810019493103,1.4100899696350098,1.4052000045776367,1.4056199789047241,0,0.00015000000000000001
2025-11-26 16:00:00+00:00,1.4056799411773682,1.4058400392532349,1.4031000137329102,1.4039499759674072,0,0.00015000000000000001
2025-11-26 20:00:00+00:00,1.403939962387085,1.4043999910354614,1.4031000137329102,1.4039100408554077,0,0.00015000000000000001
2025-11-27 00:00:00+00:00,1.40392005443573,1.4040499925613403,1.4026000499725342,1.4034700393676758,0,0.00015000000000000001
2025-11-27 04:00:00+00:00,1.4034700393676758,1.4038499593734741,1.402500033378601,1.403380036354065,0,0.00015000000000000001
2025-11-27 08:00:00+00:00,1.40339994430542,1.405019998550415,1.402899980545044,1.4045300483703613,0,0.00015000000000000001
2025-11-27 12:00:00+00:00,1.4045100212097168,1.4046800136566162,1.402400016784668,1.403309941291809,0,0.00015000000000000001
2025-11-27 16:00:00+00:00,1.4032599925994873,1.4038000106811523,1.402500033378601,1.402999997138977,0,0.00015000000000000001
2025-11-27 20:00:00+00:00,1.4029500484466553,1.4033700227737427,1.4020999670028687,1.402609944343567,0,0.00015000000000000001
2025-11-28 00:00:00+00:00,1.402609944343567,1.4034600257873535,1.4021999835968018,1.4033399820327759,0,0.00015000000000000001
2025-11-28 04:00:00+00:00,1.4032200574874878,1.4043099880218506,1.4023000001907349,1.4040499925613403,0,0.00015000000000000001
2025-11-28 08:00:00+00:00,1.404039978981018,1.4051100015640259,1.402899980545044,1.403540015220642,0,0.00015000000000000001
2025-11-28 12:00:00+00:00,1.4036400318145752,1.4040600061416626,1.3933000564575195,1.3940399885177612,0,0.00015000000000000001
2025-11-28 16:00:00+00:00,1.3940500020980835,1.3986200094223022,1.3933000564575195,1.3970999717712402,0,0.00015000000000000001
2025-11-28 20:00:00+00:00,1.3972599506378174,1.3976600170135498,1.395900011062622,1.3970999717712402,0,0.00015000000000000001
2025-12-01 00:00:00+00:00,1.3969800472259521,1.398550033569336,1.3960000276565552,1.3980000019073486,0,0.00015000000000000001
2025-12-01 04:00:00+00:00,1.3979899883270264,1.3989800214767456,1.3964999914169312,1.397819995880127,0,0.00015000000000000001
2025-12-01 08:00:00+00:00,1.397779941558838,1.399150013923645,1.3969999551773071,1.3975000381469727,0,0.00015000000000000001
2025-12-01 12:00:00+00:00,1.3974900245666504,1.397570013999939,1.3949999809265137,1.3964899778366089,0,0.00015000000000000001
2025-12-01 16:00:00+00:00,1.3964899778366089,1.3999799489974976,1.3960000276565552,1.3996700048446655,0,0.00015000000000000001
2025-12-01 20:00:00+00:00,1.399399995803833,1.400149941444397,1.398900032043457,1.3997000455856323,0,0.00015000000000000001
2025-12-02 00:00:00+00:00,1.400130033493042,1.400730013847351,1.3992999792099,1.3998199701309204,0,0.00015000000000000001
2025-12-02 04:00:00+00:00,1.3998199701309204,1.4002000093460083,1.398900032043457,1.399399995803833,0,0.00015000000000000001
2025-12-02 08:00:00+00:00,1.3997100591659546,1.4014400243759155,1.398800015449524,1.4012399911880493,0,0.00015000000000000001
2025-12-02 12:00:00+00:00,1.4012500047683716,1.4014300107955933,1.3970999717712402,1.3980300426483154,0,0.00015000000000000001
2025-12-02 16:00:00+00:00,1.3980599641799927,1.3995000123977661,1.396399974822998,1.3971600532531738,0,0.00015000000000000001
2025-12-02 20:00:00+00:00,1.3971600532531738,1.3982700109481812,1.3961999416351318,1.3969600200653076,0,0.00015000000000000001
2025-12-03 00:00:00+00:00,1.396939992904663,1.3975399732589722,1.395900011062622,1.3968499898910522,0,0.00015000000000000001
2025-12-03 04:00:00+00:00,1.39683997631073,1.397439956665039,1.3956999778747559,1.3970400094985962,0,0.00015000000000000001
2025-12-03 08:00:00+00:00,1.3970400094985962,1.397089958190918,1.3934999704360962,1.3945200443267822,0,0.00015000000000000001
2025-12-03 12:00:00+00:00,1.3945200443267822,1.3969500064849854,1.393399953842163,1.3949700593948364,0,0.00015000000000000001
2025-12-03 16:00:00+00:00,1.394919991493225,1.3954399824142456,1.3937000036239624,1.3947099447250366,0,0.00015000000000000001
2025-12-03 20:00:00+00:00,1.3947199583053589,1.3954999446868896,1.3939000368118286,1.395300030708313,0,0.00015000000000000001
2025-12-04 00:00:00+00:00,1.395300030708313,1.3969000577926636,1.3948999643325806,1.3962500095367432,0,0.00015000000000000001
2025-12-04 04:00:00+00:00,1.396239995956421,1.397130012512207,1.395300030708313,1.39628005027771,0,0.00015000000000000001
2025-12-04 08:00:00+00:00,1.3961000442504883,1.3974800109863281,1.395300030708313,1.3969999551773071,0,0.00015000000000000001
2025-12-04 12:00:00+00:00,1.3970099687576294,1.3977299928665161,1.3920999765396118,1.393239974975586,0,0.00015000000000000001
2025-12-04 16:00:00+00:00,1.3932199478149414,1.3957699537277222,1.392899990081787,1.3951499462127686,0,0.00015000000000000001
2025-12-04 20:00:00+00:00,1.3951499462127686,1.3960800170898438,1.394700050354004,1.3959699869155884,0,0.00015000000000000001
2025-12-05 00:00:00+00:00,1.3959499597549438,1.3960000276565552,1.3945000171661377,1.395509958267212,0,0.00015000000000000001
2025-12-05 04:00:00+00:00,1.3954999446868896,1.3955700397491455,1.3935999870300293,1.394670009613037,0,0.00015000000000000001
2025-12-05 08:00:00+00:00,1.394670009613037,1.3952499628067017,1.3935999870300293,1.3940999507904053,0,0.00015000000000000001
2025-12-05 12:00:00+00:00,1.3941199779510498,1.394700050354004,1.3848999738693237,1.385450005531311,0,0.00015000000000000001
2025-12-05 16:00:00+00:00,1.3854000568389893,1.3870500326156616,1.3827999830245972,1.3836599588394165,0,0.00015000000000000001
2025-12-05 20:00:00+00:00,1.3836499452590942,1.3842999935150146,1.381100058555603,1.3812999725341797,0,0.00015000000000000001
2025-12-08 00:00:00+00:00,1.383470058441162,1.3835200071334839,1.381500005722046,1.3825500011444092,0,0.00015000000000000001
2025-12-08 04:00:00+00:00,1.3825600147247314,1.3829200267791748,1.3809000253677368,1.382449984550476,0,0.00015000000000000001
2025-12-08 08:00:00+00:00,1.382449984550476,1.3827400207519531,1.38100004196167,1.3815100193023682,0,0.00015000000000000001
2025-12-08 12:00:00+00:00,1.3815100193023682,1.3845000267028809,1.3795000314712524,1.3844499588012695,0,0.00015000000000000001
2025-12-08 16:00:00+00:00,1.3844799995422363,1.385949969291687,1.3834999799728394,1.3849899768829346,0,0.00015000000000000001
2025-12-08 20:00:00+00:00,1.3850300312042236,1.3859800100326538,1.3842999935150146,1.384850025177002,0,0.00015000000000000001
2025-12-09 00:00:00+00:00,1.384850025177002,1.3854999542236328,1.3841999769210815,1.3842999935150146,0,0.00015000000000000001
2025-12-09 04:00:00+00:00,1.3846800327301025,1.385759949684143,1.3839999437332153,1.3855799436569214,0,0.00015000000000000001
2025-12-09 08:00:00+00:00,1.3855600357055664,1.3857799768447876,1.3832999467849731,1.3843200206756592,0,0.00015000000000000001
2025-12-09 12:00:00+00:00,1.384310007095337,1.3849899768829346,1.3818999528884888,1.3840899467468262,0,0.00015000000000000001
2025-12-09 16:00:00+00:00,1.3840700387954712,1.3860900402069092,1.3825000524520874,1.3848199844360352,0,0.00015000000000000001
2025-12-09 20:00:00+00:00,1.3845000267028809,1.3854399919509888,1.3839000463485718,1.3845100402832031,0,0.00015000000000000001
2025-12-10 00:00:00+00:00,1.3845700025558472,1.385759949684143,1.3839999437332153,1.3854999542236328,0,0.00015000000000000001
2025-12-10 04:00:00+00:00,1.3854399919509888,1.385640025138855,1.3840999603271484,1.3853800296783447,0,0.00015000000000000001
2025-12-10 08:00:00+00:00,1.385390043258667,1.385890007019043,1.3841999769210815,1.3846700191497803,0,0.00015000000000000001
2025-12-10 12:00:00+00:00,1.384660005569458,1.3871999979019165,1.3832999467849731,1.3851100206375122,0,0.00015000000000000001
2025-12-10 16:00:00+00:00,1.3850899934768677,1.385640025138855,1.3803999423980713,1.3809800148010254,0,0.00015000000000000001
2025-12-10 20:00:00+00:00,1.3810299634933472,1.381469964981079,1.3779000043869019,1.378600001335144,0,0.00015000000000000001
2025-12-11 00:00:00+00:00,1.3789299726486206,1.3816200494766235,1.378000020980835,1.3813300132751465,0,0.00015000000000000001
2025-12-11 04:00:00+00:00,1.3813899755477905,1.3822799921035767,1.3805999755859375,1.3821200132369995,0,0.00015000000000000001
2025-12-11 08:00:00+00:00,1.3821200132369995,1.382159948348999,1.3788000345230103,1.379539966583252,0,0.00015000000000000001
2025-12-11 12:00:00+00:00,1.379539966583252,1.380329966545105,1.3753000497817993,1.3759100437164307,0,0.00015000000000000001
2025-12-11 16:00:00+00:00,1.3759299516677856,1.378100037574768,1.3752000331878662,1.3778599500656128,0,0.00015000000000000001
2025-12-11 20:00:00+00:00,1.37785005569458,1.377959966659546,1.3761999607086182,1.3775099515914917,0,0.00015000000000000001
2025-12-12 00:00:00+00:00,1.3775299787521362,1.377619981765747,1.3761999607086182,1.3775299787521362,0,0.00015000000000000001
2025-12-12 04:00:00+00:00,1.3774900436401367,1.3779300451278687,1.3760000467300415,1.376520037651062,0,0.00015000000000000001
2025-12-12 08:00:00+00:00,1.376520037651062,1.3766800165176392,1.375,1.3755899667739868,0,0.00015000000000000001
2025-12-12 12:00:00+00:00,1.3755899667739868,1.3784199953079224,1.374899983406067,1.3780900239944458,0,0.00015000000000000001
2025-12-12 16:00:00+00:00,1.3781399726867676,1.3794699907302856,1.375599980354309,1.3765900135040283,0,0.00015000000000000001
2025-12-12 20:00:00+00:00,1.3766100406646729,1.3772300481796265,1.3758000135421753,1.3769999742507935,0,0.00015000000000000001
2025-12-15 00:00:00+00:00,1.3767800331115723,1.3771599531173706,1.375599980354309,1.3767000436782837,0,0.00015000000000000001
2025-12-15 04:00:00+00:00,1.3767000436782837,1.3770500421524048,1.375499963760376,1.3762400150299072,0,0.00015000000000000001
2025-12-15 08:00:00+00:00,1.376270055770874,1.3776999711990356,1.3753000497817993,1.376539945602417,0,0.00015000000000000001
2025-12-15 12:00:00+00:00,1.376539945602417,1.3772399425506592,1.374400019645691,1.3761299848556519,0,0.00015000000000000001
2025-12-15 16:00:00+00:00,1.3761199712753296,1.3788599967956543,1.375499963760376,1.3772000074386597,0,0.00015000000000000001
2025-12-15 20:00:00+00:00,1.3772000074386597,1.377500057220459,1.3761999607086182,1.3769500255584717,0,0.00015000000000000001
2025-12-16 00:00:00+00:00,1.3768999576568604,1.3781399726867676,1.3761999607086182,1.3769400119781494,0,0.00015000000000000001
2025-12-16 04:00:00+00:00,1.3769299983978271,1.3772599697113037,1.3759000301361084,1.376979947090149,0,0.00015000000000000001
2025-12-16 08:00:00+00:00,1.376979947090149,1.3780200481414795,1.3759000301361084,1.3773800134658813,0,0.00015000000000000001
2025-12-16 12:00:00+00:00,1.3773800134658813,1.3774000406265259,1.3725999593734741,1.3747299909591675,0,0.00015000000000000001
2025-12-16 16:00:00+00:00,1.374750018119812,1.3762500286102295,1.3731000423431396,1.374500036239624,0,0.00015000000000000001
2025-12-16 20:00:00+00:00,1.374519944190979,1.376099944114685,1.3738000392913818,1.375100016593933,0,0.00015000000000000001
2025-12-17 00:00:00+00:00,1.375499963760376,1.377120018005371,1.3752000331878662,1.3766100406646729,0,0.00015000000000000001
2025-12-17 04:00:00+00:00,1.3767000436782837,1.3784300088882446,1.3762999773025513,1.3780100345611572,0,0.00015000000000000001
2025-12-17 08:00:00+00:00,1.3780200481414795,1.3795499801635742,1.3767000436782837,1.3790099620819092,0,0.00015000000000000001
2025-12-17 12:00:00+00:00,1.3790299892425537,1.3791999816894531,1.3759000301361084,1.3780100345611572,0,0.00015000000000000001
2025-12-17 16:00:00+00:00,1.378059983253479,1.3797999620437622,1.3769999742507935,1.3788700103759766,0,0.00015000000000000001
2025-12-17 20:00:00+00:00,1.3788700103759766,1.378999948501587,1.3772000074386597,1.3784500360488892,0,0.00015000000000000001
2025-12-18 00:00:00+00:00,1.378350019454956,1.3788700103759766,1.3774000406265259,1.3785799741744995,0,0.00015000000000000001
2025-12-18 04:00:00+00:00,1.3785699605941772,1.378659963607788,1.3763999938964844,1.3772300481796265,0,0.00015000000000000001
2025-12-18 08:00:00+00:00,1.3772200345993042,1.3788000345230103,1.3767999410629272,1.3782000541687012,0,0.00015000000000000001
2025-12-18 12:00:00+00:00,1.378190040588379,1.3796099424362183,1.3760000467300415,1.376579999923706,0,0.00015000000000000001
2025-12-18 16:00:00+00:00,1.3765699863433838,1.378309965133667,1.375100016593933,1.3780200481414795,0,0.00015000000000000001
2025-12-18 20:00:00+00:00,1.3780299425125122,1.3783999681472778,1.3767999410629272,1.3778599500656128,0,0.00015000000000000001
2025-12-19 00:00:00+00:00,1.3776999711990356,1.3786499500274658,1.3766000270843506,1.3783400058746338,0,0.00015000000000000001
2025-12-19 04:00:00+00:00,1.378290057182312,1.3796900510787964,1.3777999877929688,1.379520058631897,0,0.00015000000000000001
2025-12-19 08:00:00+00:00,1.3794599771499634,1.3801100254058838,1.3782000541687012,1.3794000148773193,0,0.00015000000000000001
2025-12-19 12:00:00+00:00,1.3796099424362183,1.3799500465393066,1.375100016593933,1.3784199953079224,0,0.00015000000000000001
2025-12-19 16:00:00+00:00,1.3782000541687012,1.3788000345230103,1.3768999576568604,1.3785899877548218,0,0.00015000000000000001
2025-12-19 20:00:00+00:00,1.3782000541687012,1.380579948425293,1.378100037574768,1.3798999786376953,0,0.00015000000000000001
2025-12-22 00:00:00+00:00,1.378980040550232,1.3801000118255615,1.378499984741211,1.3797999620437622,0,0.00015000000000000001
2025-12-22 04:00:00+00:00,1.3797999620437622,1.3798400163650513,1.3775999546051025,1.3781800270080566,0,0.00015000000000000001
2025-12-22 08:00:00+00:00,1.3781399726867676,1.3784600496292114,1.3760000467300415,1.37663996219635,0,0.00015000000000000001
2025-12-22 12:00:00+00:00,1.3766499757766724,1.3773399591445923,1.3734999895095825,1.3741899728775024,0,0.00015000000000000001
2025-12-22 16:00:00+00:00,1.3741899728775024,1.3748699426651,1.3731000423431396,1.3746800422668457,0,0.00015000000000000001
2025-12-22 20:00:00+00:00,1.3746800422668457,1.3755600452423096,1.373900055885315,1.3749099969863892,0,0.00015000000000000001
2025-12-23 00:00:00+00:00,1.3749699592590332,1.3749799728393555,1.3729000091552734,1.3729000091552734,0,0.00015000000000000001
2025-12-23 04:00:00+00:00,1.37336003780365,1.37431001663208,1.3727999925613403,1.3734699487686157,0,0.00015000000000000001
2025-12-23 08:00:00+00:00,1.3734999895095825,1.3735899925231934,1.3691999912261963,1.3708200454711914,0,0.00015000000000000001
2025-12-23 12:00:00+00:00,1.3708200454711914,1.3726999759674072,1.368399977684021,1.3705999851226807,0,0.00015000000000000001
2025-12-23 16:00:00+00:00,1.371019959449768,1.371690034866333,1.368499994277954,1.36899995803833,0,0.00015000000000000001
2025-12-23 20:00:00+00:00,1.3693499565124512,1.36981999874115,1.3681000471115112,1.3684799671173096,0,0.00015000000000000001
2025-12-24 00:00:00+00:00,1.3684899806976318,1.3689299821853638,1.3669999837875366,1.3680000305175781,0,0.00015000000000000001
2025-12-24 04:00:00+00:00,1.3680200576782227,1.3684500455856323,1.3671000003814697,1.368340015411377,0,0.00015000000000000001
2025-12-24 08:00:00+00:00,1.3683300018310547,1.3688000440597534,1.3664000034332275,1.3664000034332275,0,0.00015000000000000001
2025-12-24 12:00:00+00:00,1.366860032081604,1.3686100244522095,1.3660999536514282,1.366760015487671,0,0.00015000000000000001
2025-12-24 16:00:00+00:00,1.366760015487671,1.3680100440979004,1.3660000562667847,1.3675299882888794,0,0.00015000000000000001
2025-12-24 20:00:00+00:00,1.3675899505615234,1.367799997329712,1.3662999868392944,1.3671000003814697,0,0.00015000000000000001
2025-12-25 00:00:00+00:00,1.3668999671936035,1.367460012435913,1.3662899732589722,1.3669999837875366,0,0.00015000000000000001
2025-12-25 04:00:00+00:00,1.3668999671936035,1.368530035018921,1.3667000532150269,1.367400050163269,0,0.00015000000000000001
2025-12-25 08:00:00+00:00,1.367400050163269,1.3675999641418457,1.367400050163269,1.3675999641418457,0,0.00015000000000000001
2025-12-25 12:00:00+00:00,1.3675999641418457,1.3675999641418457,1.3675999641418457,1.3675999641418457,0,0.00015000000000000001
2025-12-25 16:00:00+00:00,1.3675999641418457,1.3680000305175781,1.367300033569336,1.367300033569336,0,0.00015000000000000001
2025-12-25 20:00:00+00:00,1.367400050163269,1.367799997329712,1.3662999868392944,1.3673499822616577,0,0.00015000000000000001
2025-12-26 00:00:00+00:00,1.3673499822616577,1.3679399490356445,1.3665000200271606,1.3678699731826782,0,0.00015000000000000001
2025-12-26 04:00:00+00:00,1.3678699731826782,1.3681999444961548,1.3660999536514282,1.3675700426101685,0,0.00015000000000000001
2025-12-26 08:00:00+00:00,1.367400050163269,1.368499994277954,1.3667000532150269,1.3679499626159668,0,0.00015000000000000001
2025-12-26 12:00:00+00:00,1.3679399490356445,1.3685100078582764,1.363800048828125,1.3657200336456299,0,0.00015000000000000001
2025-12-26 16:00:00+00:00,1.3657200336456299,1.3674800395965576,1.3650000095367432,1.367110013961792,0,0.00015000000000000001
2025-12-26 20:00:00+00:00,1.3671400547027588,1.3675600290298462,1.3662999868392944,1.3671000003814697,0,0.00015000000000000001
2025-12-29 00:00:00+00:00,1.3668299913406372,1.36735999584198,1.3653000593185425,1.3654999732971191,0,0.00015000000000000001
2025-12-29 04:00:00+00:00,1.3659900426864624,1.3687900304794312,1.3654999732971191,1.3686699867248535,0,0.00015000000000000001
2025-12-29 08:00:00+00:00,1.3687200546264648,1.36968994140625,1.367300033569336,1.369420051574707,0,0.00015000000000000001
2025-12-29 12:00:00+00:00,1.369420051574707,1.3701200485229492,1.3659000396728516,1.3669400215148926,0,0.00015000000000000001
2025-12-29 16:00:00+00:00,1.3669500350952148,1.3695100545883179,1.3660999536514282,1.3683500289916992,0,0.00015000000000000001
2025-12-29 20:00:00+00:00,1.3683500289916992,1.369860053062439,1.367799997329712,1.3687800168991089,0,0.00015000000000000001
2025-12-30 00:00:00+00:00,1.368499994277954,1.3695399761199951,1.367900013923645,1.3687299489974976,0,0.00015000000000000001
2025-12-30 04:00:00+00:00,1.3687399625778198,1.3689099550247192,1.367799997329712,1.3682899475097656,0,0.00015000000000000001
2025-12-30 08:00:00+00:00,1.3682700395584106,1.3699699640274048,1.367400050163269,1.36981999874115,0,0.00015000000000000001
2025-12-30 12:00:00+00:00,1.3697999715805054,1.37090003490448,1.3676999807357788,1.3682399988174438,0,0.00015000000000000001
2025-12-30 16:00:00+00:00,1.3682700395584106,1.3698500394821167,1.3674999475479126,1.3696500062942505,0,0.00015000000000000001
2025-12-30 20:00:00+00:00,1.3695800304412842,1.3699500560760498,1.3687000274658203,1.3694599866867065,0,0.00015000000000000001
2025-12-31 00:00:00+00:00,1.3695100545883179,1.3701399564743042,1.3687000274658203,1.369629979133606,0,0.00015000000000000001
2025-12-31 04:00:00+00:00,1.3696399927139282,1.3710099458694458,1.3690999746322632,1.3700000047683716,0,0.00015000000000000001
2025-12-31 08:00:00+00:00,1.3703500032424927,1.371250033378601,1.3695000410079956,1.370419979095459,0,0.00015000000000000001
2025-12-31 12:00:00+00:00,1.370479941368103,1.372689962387085,1.368299961090088,1.370710015296936,0,0.00015000000000000001
2025-12-31 16:00:00+00:00,1.3706799745559692,1.3728100061416626,1.3701000213623047,1.3720200061798096,0,0.00015000000000000001
2025-12-31 20:00:00+00:00,1.3720500469207764,1.3727999925613403,1.371000051498413,1.3724000453948975,0,0.00015000000000000001
2026-01-01 00:00:00+00:00,1.3724000453948975,1.3724000453948975,1.3723000288009644,1.3724000453948975,0,0.00015000000000000001
2026-01-01 04:00:00+00:00,1.3724000453948975,1.3724000453948975,1.3723000288009644,1.3724000453948975,0,0.00015000000000000001
2026-01-01 08:00:00+00:00,1.3724000453948975,1.3724000453948975,1.3723000288009644,1.3724000453948975,0,0.00015000000000000001
2026-01-01 12:00:00+00:00,1.3724000453948975,1.3724000453948975,1.3724000453948975,1.3724000453948975,0,0.00015000000000000001
2026-01-01 16:00:00+00:00,1.3724000453948975,1.3724000453948975,1.3722000122070312,1.3722000122070312,0,0.00015000000000000001
2026-01-01 20:00:00+00:00,1.3704999685287476,1.3722399473190308,1.3704999685287476,1.3717199563980103,0,0.00015000000000000001
2026-01-02 00:00:00+00:00,1.371709942817688,1.3719099760055542,1.3700000047683716,1.3708399534225464,0,0.00015000000000000001
2026-01-02 04:00:00+00:00,1.3708399534225464,1.3718700408935547,1.3696000576019287,1.3701599836349487,0,0.00015000000000000001
2026-01-02 08:00:00+00:00,1.3701599836349487,1.3729599714279175,1.3696999549865723,1.3725999593734741,0,0.00015000000000000001
2026-01-02 12:00:00+00:00,1.3725999593734741,1.3747299909591675,1.3717000484466553,1.371999979019165,0,0.00015000000000000001
2026-01-02 16:00:00+00:00,1.3723499774932861,1.3747800588607788,1.371999979019165,1.3733099699020386,0,0.00015000000000000001
2026-01-02 20:00:00+00:00,1.37336003780365,1.3737399578094482,1.3722000122070312,1.3730000257492065,0,0.00015000000000000001
2026-01-05 00:00:00+00:00,1.3746800422668457,1.3768999576568604,1.3736000061035156,1.3767499923706055,0,0.00015000000000000001
2026-01-05 04:00:00+00:00,1.3767900466918945,1.3781499862670898,1.3760000467300415,1.377810001373291,0,0.00015000000000000001
2026-01-05 08:00:00+00:00,1.377769947052002,1.3788700103759766,1.3758000135421753,1.376670002937317,0,0.00015000000000000001
2026-01-05 12:00:00+00:00,1.376670002937317,1.3815399408340454,1.3741999864578247,1.374809980392456,0,0.00015000000000000001
2026-01-05 16:00:00+00:00,1.374809980392456,1.3764899969100952,1.3739999532699585,1.3756099939346313,0,0.00015000000000000001
2026-01-05 20:00:00+00:00,1.3756799697875977,1.3773800134658813,1.3752000331878662,1.3770999908447266,0,0.00015000000000000001
2026-01-06 00:00:00+00:00,1.3772900104522705,1.3776299953460693,1.375599980354309,1.3765699863433838,0,0.00015000000000000001
2026-01-06 04:00:00+00:00,1.3765699863433838,1.376729965209961,1.3746999502182007,1.3762999773025513,0,0.00015000000000000001
2026-01-06 08:00:00+00:00,1.3762600421905518,1.3774299621582031,1.375,1.3769999742507935,0,0.00015000000000000001
2026-01-06 12:00:00+00:00,1.3770099878311157,1.3792999982833862,1.3756799697875977,1.3785400390625,0,0.00015000000000000001
2026-01-06 16:00:00+00:00,1.3785899877548218,1.3807499408721924,1.3782000541687012,1.3804500102996826,0,0.00015000000000000001
2026-01-06 20:00:00+00:00,1.3804500102996826,1.3816900253295898,1.379699945449829,1.3815900087356567,0,0.00015000000000000001
2026-01-07 00:00:00+00:00,1.3815699815750122,1.382539987564087,1.3805999755859375,1.3815799951553345,0,0.00015000000000000001
2026-01-07 04:00:00+00:00,1.3815699815750122,1.3826099634170532,1.3805999755859375,1.382200002670288,0,0.00015000000000000001
2026-01-07 08:00:00+00:00,1.3824700117111206,1.382699966430664,1.3797999620437622,1.3805700540542603,0,0.00015000000000000001
2026-01-07 12:00:00+00:00,1.380560040473938,1.3818299770355225,1.378600001335144,1.3811899423599243,0,0.00015000000000000001
2026-01-07 16:00:00+00:00,1.3811999559402466,1.3846499919891357,1.3806999921798706,1.3844799995422363,0,0.00015000000000000001
2026-01-07 20:00:00+00:00,1.384529948234558,1.38618004322052,1.3840999603271484,1.3854999542236328,0,0.00015000000000000001
2026-01-08 00:00:00+00:00,1.3858100175857544,1.386639952659607,1.3853000402450562,1.3858000040054321,0,0.00015000000000000001
2026-01-08 04:00:00+00:00,1.3860199451446533,1.3879899978637695,1.385599970817566,1.3878799676895142,0,0.00015000000000000001
2026-01-08 08:00:00+00:00,1.3878899812698364,1.3888200521469116,1.3861000537872314,1.3865599632263184,0,0.00015000000000000001
2026-01-08 12:00:00+00:00,1.386549949645996,1.3873100280761719,1.384600043296814,1.385890007019043,0,0.00015000000000000001
2026-01-08 16:00:00+00:00,1.3858400583267212,1.3876800537109375,1.3858100175857544,1.3867499828338623,0,0.00015000000000000001
2026-01-08 20:00:00+00:00,1.3867700099945068,1.3868000507354736,1.3849999904632568,1.386430025100708,0,0.00015000000000000001
2026-01-09 00:00:00+00:00,1.3863999843597412,1.3876099586486816,1.3860000371932983,1.3869800567626953,0,0.00015000000000000001
2026-01-09 04:00:00+00:00,1.386970043182373,1.3876800537109375,1.3861000537872314,1.3868800401687622,0,0.00015000000000000001
2026-01-09 08:00:00+00:00,1.3868299722671509,1.3879200220108032,1.386199951171875,1.3870699405670166,0,0.00015000000000000001
2026-01-09 12:00:00+00:00,1.3868999481201172,1.3906199932098389,1.386299967765808,1.3890199661254883,0,0.00015000000000000001
2026-01-09 16:00:00+00:00,1.3890199661254883,1.3913099765777588,1.3876999616622925,1.3909000158309937,0,0.00015000000000000001
2026-01-09 20:00:00+00:00,1.3909000158309937,1.3919700384140015,1.3904000520706177,1.3911000490188599,0,0.00015000000000000001
2026-01-12 00:00:00+00:00,1.3911999464035034,1.391450047492981,1.3877999782562256,1.3895599842071533,0,0.00015000000000000001
2026-01-12 04:00:00+00:00,1.3895599842071533,1.3898999691009521,1.3870999813079834,1.3875000476837158,0,0.00015000000000000001
2026-01-12 08:00:00+00:00,1.3876500129699707,1.3883999586105347,1.386299967765808,1.3878899812698364,0,0.00015000000000000001
2026-01-12 12:00:00+00:00,1.3879300355911255,1.3894699811935425,1.3863999843597412,1.3873000144958496,0,0.00015000000000000001
2026-01-12 16:00:00+00:00,1.3872900009155273,1.3880900144577026,1.3863999843597412,1.3868999481201172,0,0.00015000000000000001
2026-01-12 20:00:00+00:00,1.3870500326156616,1.388100028038025,1.3863999843597412,1.387619972229004,0,0.00015000000000000001
2026-01-13 00:00:00+00:00,1.3875900506973267,1.3883999586105347,1.3863999843597412,1.387220025062561,0,0.00015000000000000001
2026-01-13 04:00:00+00:00,1.387220025062561,1.3882800340652466,1.386299967765808,1.3877300024032593,0,0.00015000000000000001
2026-01-13 08:00:00+00:00,1.3877300024032593,1.3887900114059448,1.3867000341415405,1.387529969215393,0,0.00015000000000000001
2026-01-13 12:00:00+00:00,1.3875399827957153,1.3894100189208984,1.385200023651123,1.3879300355911255,0,0.00015000000000000001
2026-01-13 16:00:00+00:00,1.387869954109192,1.3898199796676636,1.3874000310897827,1.3886499404907227,0,0.00015000000000000001
2026-01-13 20:00:00+00:00,1.3887200355529785,1.3892899751663208,1.3875999450683594,1.3886200189590454,0,0.00015000000000000001
2026-01-14 00:00:00+00:00,1.388659954071045,1.389799952507019,1.3878999948501587,1.3884700536727905,0,0.00015000000000000001
2026-01-14 04:00:00+00:00,1.388450026512146,1.3888200521469116,1.3875999450683594,1.3882999420166016,0,0.00015000000000000001
2026-01-14 08:00:00+00:00,1.3885600566864014,1.3896700143814087,1.3876999616622925,1.3881499767303467,0,0.00015000000000000001
2026-01-14 12:00:00+00:00,1.3881499767303467,1.3884799480438232,1.386199951171875,1.3879899978637695,0,0.00015000000000000001
2026-01-14 16:00:00+00:00,1.3879799842834473,1.3883600234985352,1.3865000009536743,1.3873499631881714,0,0.00015000000000000001
2026-01-14 20:00:00+00:00,1.3873499631881714,1.3886300325393677,1.3868000507354736,1.3884199857711792,0,0.00015000000000000001
2026-01-15 00:00:00+00:00,1.38864004611969,1.3898500204086304,1.3880000114440918,1.3896299600601196,0,0.00015000000000000001
2026-01-15 04:00:00+00:00,1.3896199464797974,1.3903499841690063,1.38919997215271,1.3899699449539185,0,0.00015000000000000001
2026-01-15 08:00:00+00:00,1.3899699449539185,1.3907999992370605,1.38919997215271,1.3900400400161743,0,0.00015000000000000001
2026-01-15 12:00:00+00:00,1.390030026435852,1.3919700384140015,1.388700008392334,1.3891500234603882,0,0.00015000000000000001
2026-01-15 16:00:00+00:00,1.3890999555587769,1.3900599479675293,1.3882999420166016,1.3892199993133545,0,0.00015000000000000001
2026-01-15 20:00:00+00:00,1.38919997215271,1.3899400234222412,1.388100028038025,1.3889100551605225,0,0.00015000000000000001
2026-01-16 00:00:00+00:00,1.3889800310134888,1.3898199796676636,1.3880000114440918,1.3885600566864014,0,0.00015000000000000001
2026-01-16 04:00:00+00:00,1.3885600566864014,1.3895000219345093,1.3880000114440918,1.3894000053405762,0,0.00015000000000000001
2026-01-16 08:00:00+00:00,1.389389991760254,1.3897500038146973,1.3880000114440918,1.3887499570846558,0,0.00015000000000000001
2026-01-16 12:00:00+00:00,1.3887799978256226,1.392009973526001,1.3880000114440918,1.3914400339126587,0,0.00015000000000000001
2026-01-16 16:00:00+00:00,1.3914300203323364,1.3928799629211426,1.3899999856948853,1.3916399478912354,0,0.00015000000000000001
2026-01-16 20:00:00+00:00,1.391610026359558,1.3918999433517456,1.3909000158309937,1.3909000158309937,0,0.00015000000000000001
2026-01-19 00:00:00+00:00,1.389989972114563,1.3907699584960938,1.3885999917984009,1.3898799419403076,0,0.00015000000000000001
2026-01-19 04:00:00+00:00,1.389870047569275,1.3899199962615967,1.3880000114440918,1.3897700309753418,0,0.00015000000000000001
2026-01-19 08:00:00+00:00,1.3897600173950195,1.389799952507019,1.3878999948501587,1.3890000581741333,0,0.00015000000000000001
2026-01-19 12:00:00+00:00,1.388990044593811,1.389240026473999,1.385599970817566,1.3864599466323853,0,0.00015000000000000001
2026-01-19 16:00:00+00:00,1.3861000537872314,1.3869999647140503,1.3854999542236328,1.3868199586868286,0,0.00015000000000000001
2026-01-19 20:00:00+00:00,1.3868199586868286,1.3877700567245483,1.3860000371932983,1.3874599933624268,0,0.00015000000000000001
2026-01-20 00:00:00+00:00,1.3873900175094604,1.3878999948501587,1.3848999738693237,1.3854199647903442,0,0.00015000000000000001
2026-01-20 04:00:00+00:00,1.3854199647903442,1.3865300416946411,1.3832999467849731,1.3837599754333496,0,0.00015000000000000001
2026-01-20 08:00:00+00:00,1.3837699890136719,1.3839900493621826,1.381100058555603,1.3818700313568115,0,0.00015000000000000001
2026-01-20 12:00:00+00:00,1.3818600177764893,1.3840999603271484,1.38100004196167,1.382949948310852,0,0.00015000000000000001
2026-01-20 16:00:00+00:00,1.3830000162124634,1.3835500478744507,1.3813999891281128,1.383389949798584,0,0.00015000000000000001
2026-01-20 20:00:00+00:00,1.383389949798584,1.3842999935150146,1.3825000524520874,1.3833600282669067,0,0.00015000000000000001
2026-01-21 00:00:00+00:00,1.3832999467849731,1.384060025215149,1.3818999528884888,1.3835599422454834,0,0.00015000000000000001
2026-01-21 04:00:00+00:00,1.3835400342941284,1.3840500116348267,1.3824000358581543,1.3832199573516846,0,0.00015000000000000001
2026-01-21 08:00:00+00:00,1.3828999996185303,1.3842999935150146,1.382099986076355,1.382949948310852,0,0.00015000000000000001
2026-01-21 12:00:00+00:00,1.383020043373108,1.383020043373108,1.378100037574768,1.3797500133514404,0,0.00015000000000000001
2026-01-21 16:00:00+00:00,1.3797399997711182,1.3837699890136719,1.3792999982833862,1.3830100297927856,0,0.00015000000000000001
2026-01-21 20:00:00+00:00,1.3830000162124634,1.3844000101089478,1.3823000192642212,1.3843300342559814,0,0.00015000000000000001
2026-01-22 00:00:00+00:00,1.3843499422073364,1.3845000267028809,1.3818000555038452,1.3823299407958984,0,0.00015000000000000001
2026-01-22 04:00:00+00:00,1.3823100328445435,1.382580041885376,1.3812999725341797,1.3819999694824219,0,0.00015000000000000001
2026-01-22 08:00:00+00:00,1.3819999694824219,1.38332998752594,1.38100004196167,1.3827699422836304,0,0.00015000000000000001
2026-01-22 12:00:00+00:00,1.3827699422836304,1.3828500509262085,1.3792999982833862,1.380210041999817,0,0.00015000000000000001
2026-01-22 16:00:00+00:00,1.3802200555801392,1.3808300495147705,1.3777999877929688,1.3791199922561646,0,0.00015000000000000001
2026-01-22 20:00:00+00:00,1.3791300058364868,1.3793200254440308,1.3777999877929688,1.3783600330352783,0,0.00015000000000000001
2026-01-23 00:00:00+00:00,1.3783799409866333,1.3796199560165405,1.378000020980835,1.3794699907302856,0,0.00015000000000000001
2026-01-23 04:00:00+00:00,1.3794100284576416,1.379699945449829,1.3779000043869019,1.3793699741363525,0,0.00015000000000000001
2026-01-23 08:00:00+00:00,1.3793799877166748,1.3799699544906616,1.3774000406265259,1.377959966659546,0,0.00015000000000000001
2026-01-23 12:00:00+00:00,1.3779200315475464,1.378059983253479,1.3730000257492065,1.373479962348938,0,0.00015000000000000001
2026-01-23 16:00:00+00:00,1.373479962348938,1.3745499849319458,1.3698999881744385,1.370650053024292,0,0.00015000000000000001
2026-01-23 20:00:00+00:00,1.3706899881362915,1.3709100484848022,1.36899995803833,1.3700000047683716,0,0.00015000000000000001
2026-01-26 00:00:00+00:00,1.3700100183486938,1.3706400394439697,1.3671000003814697,1.3681999444961548,0,0.00015000000000000001
2026-01-26 04:00:00+00:00,1.3685699701309204,1.3696600198745728,1.3669999837875366,1.3695600032806396,0,0.00015000000000000001
2026-01-26 08:00:00+00:00,1.369570016860962,1.369629979133606,1.3667000532150269,1.368399977684021,0,0.00015000000000000001
2026-01-26 12:00:00+00:00,1.3683899641036987,1.3712999820709229,1.367400050163269,1.3679499626159668,0,0.00015000000000000001
2026-01-26 16:00:00+00:00,1.367959976196289,1.371999979019165,1.3672000169754028,1.371399998664856,0,0.00015000000000000001
2026-01-26 20:00:00+00:00,1.3715800046920776,1.3717600107192993,1.3697999715805054,1.3712199926376343,0,0.00015000000000000001
2026-01-27 00:00:00+00:00,1.3713899850845337,1.372439980506897,1.3703999519348145,1.371999979019165,0,0.00015000000000000001
2026-01-27 04:00:00+00:00,1.3723299503326416,1.3739299774169922,1.3717999458312988,1.3727999925613403,0,0.00015000000000000001
2026-01-27 08:00:00+00:00,1.373129963874817,1.3738399744033813,1.3701000213623047,1.3705799579620361,0,0.00015000000000000001
2026-01-27 12:00:00+00:00,1.3706400394439697,1.3707300424575806,1.3601000308990479,1.360990047454834,0,0.00015000000000000001
2026-01-27 16:00:00+00:00,1.360990047454834,1.3617500066757202,1.3586000204086304,1.3614799976348877,0,0.00015000000000000001
2026-01-27 20:00:00+00:00,1.36149001121521,1.362339973449707,1.3554999828338623,1.359279990196228,0,0.00015000000000000001
2026-01-28 00:00:00+00:00,1.3592400550842285,1.36149001121521,1.3587000370025635,1.3600399494171143,0,0.00015000000000000001
2026-01-28 04:00:00+00:00,1.3600399494171143,1.3604700565338135,1.3562999963760376,1.358299970626831,0,0.00015000000000000001
2026-01-28 08:00:00+00:00,1.358299970626831,1.3583999872207642,1.3552000522613525,1.3573700189590454,0,0.00015000000000000001
2026-01-28 12:00:00+00:00,1.3573499917984009,1.3591599464416504,1.3532999753952026,1.3559399843215942,0,0.00015000000000000001
2026-01-28 16:00:00+00:00,1.3559399843215942,1.3607900142669678,1.355299949645996,1.3568799495697021,0,0.00015000000000000001
2026-01-28 20:00:00+00:00,1.356969952583313,1.3570499420166016,1.3531999588012695,1.3539400100708008,0,0.00015000000000000001
2026-01-29 00:00:00+00:00,1.3537399768829346,1.3558299541473389,1.3516000509262085,1.3520900011062622,0,0.00015000000000000001
2026-01-29 04:00:00+00:00,1.3520499467849731,1.3533300161361694,1.3504999876022339,1.3526500463485718,0,0.00015000000000000001
2026-01-29 08:00:00+00:00,1.3526899814605713,1.3562500476837158,1.3513000011444092,1.3548799753189087,0,0.00015000000000000001
2026-01-29 12:00:00+00:00,1.3548699617385864,1.357800006866455,1.3489999771118164,1.3554400205612183,0,0.00015000000000000001
2026-01-29 16:00:00+00:00,1.3554400205612183,1.355780005455017,1.3487000465393066,1.349769949913025,0,0.00015000000000000001
2026-01-29 20:00:00+00:00,1.349769949913025,1.3506499528884888,1.3476999998092651,1.3492499589920044,0,0.00015000000000000001
2026-01-30 00:00:00+00:00,1.3491100072860718,1.3545600175857544,1.3479000329971313,1.3520100116729736,0,0.00015000000000000001
2026-01-30 04:00:00+00:00,1.3517999649047852,1.3529800176620483,1.3502999544143677,1.3513100147247314,0,0.00015000000000000001
2026-01-30 08:00:00+00:00,1.3512799739837646,1.355329990386963,1.350100040435791,1.3505699634552002,0,0.00015000000000000001
2026-01-30 12:00:00+00:00,1.3504999876022339,1.3555699586868286,1.3488999605178833,1.3530100584030151,0,0.00015000000000000001
2026-02-02 16:00:00+00:00,1.3695600032806396,1.3696199655532837,1.3676999807357788,1.3683899641036987,0,0.00015000000000000001
2026-02-02 20:00:00+00:00,1.3683899641036987,1.368939995765686,1.3662999868392944,1.3674099445343018,0,0.00015000000000000001
2026-02-03 00:00:00+00:00,1.3672399520874023,1.3680399656295776,1.3650000095367432,1.365689992904663,0,0.00015000000000000001
2026-02-03 04:00:00+00:00,1.3656799793243408,1.366760015487671,1.3646999597549438,1.3652000427246094,0,0.00015000000000000001
2026-02-03 08:00:00+00:00,1.3655099868774414,1.3686000108718872,1.3651000261306763,1.3677599430084229,0,0.00015000000000000001
2026-02-03 12:00:00+00:00,1.3678300380706787,1.3680599927902222,1.3640999794006348,1.3652000427246094,0,0.00015000000000000001
2026-02-03 16:00:00+00:00,1.3651700019836426,1.3658900260925293,1.3631999492645264,1.365090012550354,0,0.00015000000000000001
2026-02-03 20:00:00+00:00,1.365090012550354,1.3654299974441528,1.3629000186920166,1.3639999628067017,0,0.00015000000000000001
2026-02-04 00:00:00+00:00,1.3639800548553467,1.3650799989700317,1.3629000186920166,1.3644100427627563,0,0.00015000000000000001
2026-02-04 04:00:00+00:00,1.3644100427627563,1.3646600246429443,1.3625999689102173,1.3634999990463257,0,0.00015000000000000001
2026-02-04 08:00:00+00:00,1.3635200262069702,1.3674299716949463,1.3624999523162842,1.3664300441741943,0,0.00015000000000000001
2026-02-04 12:00:00+00:00,1.3664100170135498,1.3680299520492554,1.3641999959945679,1.367210030555725,0,0.00015000000000000001
2026-02-04 16:00:00+00:00,1.3671599626541138,1.3684099912643433,1.365399956703186,1.3667800426483154,0,0.00015000000000000001
2026-02-04 20:00:00+00:00,1.3667199611663818,1.3674999475479126,1.3653000593185425,1.3671599626541138,0,0.00015000000000000001
2026-02-05 00:00:00+00:00,1.3671000003814697,1.3693100214004517,1.3655999898910522,1.3686000108718872,0,0.00015000000000000001
2026-02-05 04:00:00+00:00,1.3686000108718872,1.3690199851989746,1.367300033569336,1.368690013885498,0,0.00015000000000000001
2026-02-05 08:00:00+00:00,1.3686800003051758,1.3700300455093384,1.367400050163269,1.3683500289916992,0,0.00015000000000000001
2026-02-05 12:00:00+00:00,1.3683199882507324,1.3692500591278076,1.364799976348877,1.3684200048446655,0,0.00015000000000000001
2026-02-05 16:00:00+00:00,1.368399977684021,1.3694000244140625,1.3660999536514282,1.3681299686431885,0,0.00015000000000000001
2026-02-05 20:00:00+00:00,1.3681800365447998,1.3714300394058228,1.367300033569336,1.3711700439453125,0,0.00015000000000000001
2026-02-06 00:00:00+00:00,1.371150016784668,1.3724600076675415,1.3691999912261963,1.3701900243759155,0,0.00015000000000000001
2026-02-06 04:00:00+00:00,1.3701200485229492,1.370229959487915,1.3680000305175781,1.368690013885498,0,0.00015000000000000001
2026-02-06 08:00:00+00:00,1.3689500093460083,1.3691600561141968,1.367300033569336,1.3677200078964233,0,0.00015000000000000001
2026-02-06 12:00:00+00:00,1.3676600456237793,1.3683199882507324,1.3621000051498413,1.3635300397872925,0,0.00015000000000000001
2026-02-06 16:00:00+00:00,1.3635400533676147,1.3659700155258179,1.3626999855041504,1.3657599687576294,0,0.00015000000000000001
2026-02-06 20:00:00+00:00,1.3658000230789185,1.367900013923645,1.3640999794006348,1.3671000003814697,0,0.00015000000000000001
2026-02-09 00:00:00+00:00,1.3658299446105957,1.3667500019073486,1.3646999597549438,1.3663100004196167,0,0.00015000000000000001
2026-02-09 04:00:00+00:00,1.3662999868392944,1.3663699626922607,1.3636000156402588,1.3642300367355347,0,0.00015000000000000001
2026-02-09 08:00:00+00:00,1.3642300367355347,1.3655699491500854,1.3626999855041504,1.363379955291748,0,0.00015000000000000001
2026-02-09 12:00:00+00:00,1.363360047340393,1.3634099960327148,1.3566999435424805,1.3568999767303467,0,0.00015000000000000001
2026-02-09 16:00:00+00:00,1.3571799993515015,1.3578399419784546,1.3551000356674194,1.3559999465942383,0,0.00015000000000000001
2026-02-09 20:00:00+00:00,1.3559999465942383,1.3568099737167358,1.3547999858856201,1.3560600280761719,0,0.00015000000000000001
2026-02-10 00:00:00+00:00,1.3560500144958496,1.356819987297058,1.3544000387191772,1.3552099466323853,0,0.00015000000000000001
2026-02-10 04:00:00+00:00,1.3551599979400635,1.3566399812698364,1.3545000553131104,1.3559800386428833,0,0.00015000000000000001
2026-02-10 08:00:00+00:00,1.3559800386428833,1.3568600416183472,1.355299949645996,1.3562300205230713,0,0.00015000000000000001
2026-02-10 12:00:00+00:00,1.3562300205230713,1.3576500415802002,1.3518999814987183,1.3524399995803833,0,0.00015000000000000001
2026-02-10 16:00:00+00:00,1.3524399995803833,1.3555200099945068,1.3519999980926514,1.3542699813842773,0,0.00015000000000000001
2026-02-10 20:00:00+00:00,1.3542699813842773,1.3561999797821045,1.3538000583648682,1.3553099632263184,0,0.00015000000000000001
2026-02-11 00:00:00+00:00,1.3553199768066406,1.3554199934005737,1.3514000177383423,1.3518999814987183,0,0.00015000000000000001
2026-02-11 04:00:00+00:00,1.3519500494003296,1.35316002368927,1.351199984550476,1.3521900177001953,0,0.00015000000000000001
2026-02-11 08:00:00+00:00,1.3521599769592285,1.3552600145339966,1.350000023841858,1.3536200523376465,0,0.00015000000000000001
2026-02-11 12:00:00+00:00,1.3536800146102905,1.3618899583816528,1.3530999422073364,1.3605799674987793,0,0.00015000000000000001
2026-02-11 16:00:00+00:00,1.3605899810791016,1.361340045928955,1.354599952697754,1.3565200567245483,0,0.00015000000000000001
2026-02-11 20:00:00+00:00,1.3562999963760376,1.3584200143814087,1.3559999465942383,1.3575600385665894,0,0.00015000000000000001
2026-02-12 00:00:00+00:00,1.357550024986267,1.3585000038146973,1.3559999465942383,1.3572299480438232,0,0.00015000000000000001
2026-02-12 04:00:00+00:00,1.3572100400924683,1.359660029411316,1.3564000129699707,1.3578200340270996,0,0.00015000000000000001
2026-02-12 08:00:00+00:00,1.3578200340270996,1.358139991760254,1.3552000522613525,1.355679988861084,0,0.00015000000000000001
2026-02-12 12:00:00+00:00,1.355679988861084,1.3606499433517456,1.3551000356674194,1.3597300052642822,0,0.00015000000000000001
2026-02-12 16:00:00+00:00,1.359779953956604,1.3635799884796143,1.3593000173568726,1.361050009727478,0,0.00015000000000000001
2026-02-12 20:00:00+00:00,1.361050009727478,1.362089991569519,1.3601000308990479,1.3611700534820557,0,0.00015000000000000001
2026-02-13 00:00:00+00:00,1.3610999584197998,1.3617600202560425,1.3602999448776245,1.361649990081787,0,0.00015000000000000001
2026-02-13 04:00:00+00:00,1.361649990081787,1.3637499809265137,1.36080002784729,1.3623000383377075,0,0.00015000000000000001
2026-02-13 08:00:00+00:00,1.3625099658966064,1.362630009651184,1.3592000007629395,1.3619600534439087,0,0.00015000000000000001
2026-02-13 12:00:00+00:00,1.3619600534439087,1.3636200428009033,1.3595000505447388,1.3632899522781372,0,0.00015000000000000001
2026-02-13 16:00:00+00:00,1.3632400035858154,1.3636300563812256,1.3588999509811401,1.3620699644088745,0,0.00015000000000000001
2026-02-13 20:00:00+00:00,1.3617000579833984,1.36257004737854,1.3610999584197998,1.3617000579833984,0,0.00015000000000000001
2026-02-16 00:00:00+00:00,1.3617099523544312,1.3619500398635864,1.3605999946594238,1.3611899614334106,0,0.00015000000000000001
2026-02-16 04:00:00+00:00,1.36080002784729,1.361930012702942,1.360200047492981,1.3607900142669678,0,0.00015000000000000001
2026-02-16 08:00:00+00:00,1.3607699871063232,1.3626099824905396,1.3600000143051147,1.3623199462890625,0,0.00015000000000000001
2026-02-16 12:00:00+00:00,1.3622699975967407,1.363450050354004,1.3614000082015991,1.3628599643707275,0,0.00015000000000000001
2026-02-16 16:00:00+00:00,1.3628000020980835,1.3638999462127686,1.3623000383377075,1.3631999492645264,0,0.00015000000000000001
2026-02-16 20:00:00+00:00,1.363420009613037,1.3638999462127686,1.3625999689102173,1.3635799884796143,0,0.00015000000000000001
2026-02-17 00:00:00+00:00,1.3635900020599365,1.3647199869155884,1.3630000352859497,1.3643200397491455,0,0.00015000000000000001
2026-02-17 04:00:00+00:00,1.364359974861145,1.3653199672698975,1.3632999658584595,1.3647300004959106,0,0.00015000000000000001
2026-02-17 08:00:00+00:00,1.3647600412368774,1.36489999294281,1.3632999658584595,1.3645999431610107,0,0.00015000000000000001
2026-02-17 12:00:00+00:00,1.3645399808883667,1.3692899942398071,1.363800048828125,1.3683799505233765,0,0.00015000000000000001
2026-02-17 16:00:00+00:00,1.3683899641036987,1.3684300184249878,1.3630000352859497,1.3638499975204468,0,0.00015000000000000001
2026-02-17 20:00:00+00:00,1.36381995677948,1.3641799688339233,1.3626999855041504,1.363759994506836,0,0.00015000000000000001
2026-02-18 00:00:00+00:00,1.3639099597930908,1.3652000427246094,1.3632999658584595,1.365190029144287,0,0.00015000000000000001
2026-02-18 04:00:00+00:00,1.3651299476623535,1.3665599822998047,1.3645000457763672,1.3664000034332275,0,0.00015000000000000001
2026-02-18 08:00:00+00:00,1.3663500547409058,1.3668400049209595,1.363700032234192,1.364150047302246,0,0.00015000000000000001
2026-02-18 12:00:00+00:00,1.364150047302246,1.3678499460220337,1.3632999658584595,1.3665499687194824,0,0.00015000000000000001
2026-02-18 16:00:00+00:00,1.3665499687194824,1.3700200319290161,1.3655999898910522,1.3697199821472168,0,0.00015000000000000001
2026-02-18 20:00:00+00:00,1.3697199821472168,1.3700000047683716,1.3687200546264648,1.3693000078201294,0,0.00015000000000000001
2026-02-19 00:00:00+00:00,1.369629979133606,1.3701200485229492,1.368299961090088,1.3696800470352173,0,0.00015000000000000001
2026-02-19 04:00:00+00:00,1.3696600198745728,1.370460033416748,1.367400050163269,1.3680599927902222,0,0.00015000000000000001
2026-02-19 08:00:00+00:00,1.3680599927902222,1.3693000078201294,1.3664000034332275,1.3688000440597534,0,0.00015000000000000001
2026-02-19 12:00:00+00:00,1.3690999746322632,1.3714799880981445,1.3671000003814697,1.3682600259780884,0,0.00015000000000000001
2026-02-19 16:00:00+00:00,1.3682600259780884,1.3707400560379028,1.3674999475479126,1.370129942893982,0,0.00015000000000000001
2026-02-19 20:00:00+00:00,1.3701800107955933,1.3702000379562378,1.367400050163269,1.368299961090088,0,0.00015000000000000001
2026-02-20 00:00:00+00:00,1.3687599897384644,1.3702800273895264,1.3681000471115112,1.3691999912261963,0,0.00015000000000000001
2026-02-20 04:00:00+00:00,1.3692599534988403,1.3698500394821167,1.3676999807357788,1.3697099685668945,0,0.00015000000000000001
2026-02-20 08:00:00+00:00,1.369729995727539,1.370300054550171,1.367799997329712,1.3685200214385986,0,0.00015000000000000001
2026-02-20 12:00:00+00:00,1.3685499429702759,1.3710999488830566,1.3667000532150269,1.3675800561904907,0,0.00015000000000000001
2026-02-20 16:00:00+00:00,1.3675800561904907,1.3704099655151367,1.3667000532150269,1.3688100576400757,0,0.00015000000000000001
2026-02-20 20:00:00+00:00,1.3686000108718872,1.3690600395202637,1.3666000366210938,1.367799997329712,0,0.00015000000000000001
2026-02-23 00:00:00+00:00,1.36489999294281,1.367400050163269,1.3645999431610107,1.3669099807739258,0,0.00015000000000000001
2026-02-23 04:00:00+00:00,1.366979956626892,1.3674499988555908,1.3657000064849854,1.3667999505996704,0,0.00015000000000000001
2026-02-23 08:00:00+00:00,1.3668099641799927,1.3687700033187866,1.3657000064849854,1.3685100078582764,0,0.00015000000000000001
2026-02-23 12:00:00+00:00,1.3681999444961548,1.3700200319290161,1.3662999868392944,1.3687200546264648,0,0.00015000000000000001
2026-02-23 16:00:00+00:00,1.3687200546264648,1.3699100017547607,1.3675999641418457,1.3693000078201294,0,0.00015000000000000001
2026-02-23 20:00:00+00:00,1.369570016860962,1.3704099655151367,1.3688000440597534,1.369439959526062,0,0.00015000000000000001
2026-02-24 00:00:00+00:00,1.369379997253418,1.3717600107192993,1.3687000274658203,1.3705300092697144,0,0.00015000000000000001
2026-02-24 04:00:00+00:00,1.3705300092697144,1.3709700107574463,1.3691999912261963,1.3703800439834595,0,0.00015000000000000001
2026-02-24 08:00:00+00:00,1.3703299760818481,1.3713300228118896,1.3690999746322632,1.3711199760437012,0,0.00015000000000000001
2026-02-24 12:00:00+00:00,1.371109962463379,1.372499942779541,1.3701000213623047,1.3714599609375,0,0.00015000000000000001
2026-02-24 16:00:00+00:00,1.3715100288391113,1.371690034866333,1.3694000244140625,1.3703700304031372,0,0.00015000000000000001
2026-02-24 20:00:00+00:00,1.3703299760818481,1.3705999851226807,1.3690999746322632,1.3702199459075928,0,0.00015000000000000001
2026-02-25 00:00:00+00:00,1.370300054550171,1.3705999851226807,1.3675999641418457,1.3687800168991089,0,0.00015000000000000001
2026-02-25 04:00:00+00:00,1.3687700033187866,1.3690799474716187,1.3669999837875366,1.3683099746704102,0,0.00015000000000000001
2026-02-25 08:00:00+00:00,1.368299961090088,1.370669960975647,1.3675999641418457,1.3702399730682373,0,0.00015000000000000001
2026-02-25 12:00:00+00:00,1.3702600002288818,1.370479941368103,1.367400050163269,1.3680599927902222,0,0.00015000000000000001
2026-02-25 16:00:00+00:00,1.368109941482544,1.3687800168991089,1.3671000003814697,1.3677899837493896,0,0.00015000000000000001
2026-02-25 20:00:00+00:00,1.3677400350570679,1.3684899806976318,1.3667000532150269,1.367400050163269,0,0.00015000000000000001
2026-02-26 00:00:00+00:00,1.3675700426101685,1.3676999807357788,1.3654999732971191,1.3668999671936035,0,0.00015000000000000001
2026-02-26 04:00:00+00:00,1.3672499656677246,1.367550015449524,1.3654999732971191,1.3658000230789185,0,0.00015000000000000001
2026-02-26 08:00:00+00:00,1.3660600185394287,1.368649959564209,1.3657000064849854,1.3685100078582764,0,0.00015000000000000001
2026-02-26 12:00:00+00:00,1.368499994277954,1.371250033378601,1.3667999505996704,1.3684600591659546,0,0.00015000000000000001
2026-02-26 16:00:00+00:00,1.368399977684021,1.370270013809204,1.3674999475479126,1.3681700229644775,0,0.00015000000000000001
2026-02-26 20:00:00+00:00,1.368209958076477,1.3686000108718872,1.3671200275421143,1.367300033569336,0,0.00015000000000000001
2026-02-27 00:00:00+00:00,1.3675899505615234,1.3682199716567993,1.3665000200271606,1.3667000532150269,0,0.00015000000000000001
2026-02-27 04:00:00+00:00,1.3670400381088257,1.367460012435913,1.3657000064849854,1.3670300245285034,0,0.00015000000000000001
2026-02-27 08:00:00+00:00,1.367069959640503,1.3677899837493896,1.3660999536514282,1.3668999671936035,0,0.00015000000000000001
2026-02-27 12:00:00+00:00,1.367210030555725,1.3684799671173096,1.3623000383377075,1.3637399673461914,0,0.00015000000000000001
2026-02-27 16:00:00+00:00,1.3637399673461914,1.3640999794006348,1.3619999885559082,1.3631800413131714,0,0.00015000000000000001
2026-02-27 20:00:00+00:00,1.3631800413131714,1.3651700019836426,1.3625999689102173,1.3641999959945679,0,0.00015000000000000001
2026-03-02 00:00:00+00:00,1.3668099641799927,1.36735999584198,1.3636000156402588,1.3645100593566895,0,0.00015000000000000001
2026-03-02 04:00:00+00:00,1.364490032196045,1.3667199611663818,1.3639999628067017,1.3657300472259521,0,0.00015000000000000001
2026-03-02 08:00:00+00:00,1.3657900094985962,1.3687000274658203,1.3636000156402588,1.3657599687576294,0,0.00015000000000000001
2026-03-02 12:00:00+00:00,1.3657599687576294,1.3703999519348145,1.3645999431610107,1.3700400590896606,0,0.00015000000000000001
2026-03-02 16:00:00+00:00,1.3700400590896606,1.371880054473877,1.3654999732971191,1.366189956665039,0,0.00015000000000000001
2026-03-02 20:00:00+00:00,1.3661600351333618,1.3689500093460083,1.3655999898910522,1.3670799732208252,0,0.00015000000000000001
2026-03-03 00:00:00+00:00,1.3671499490737915,1.3676700592041016,1.3655999898910522,1.3665000200271606,0,0.00015000000000000001
2026-03-03 04:00:00+00:00,1.3666900396347046,1.3683700561523438,1.3659000396728516,1.367859959602356,0,0.00015000000000000001
2026-03-03 08:00:00+00:00,1.3678300380706787,1.372230052947998,1.367300033569336,1.3702600002288818,0,0.00015000000000000001
2026-03-03 12:00:00+00:00,1.3703099489212036,1.375290036201477,1.367799997329712,1.3703199625015259,0,0.00015000000000000001
2026-03-03 16:00:00+00:00,1.3703199625015259,1.3705699443817139,1.36489999294281,1.3670599460601807,0,0.00015000000000000001
2026-03-03 20:00:00+00:00,1.3670099973678589,1.3685499429702759,1.3654999732971191,1.3674099445343018,0,0.00015000000000000001
2026-03-04 00:00:00+00:00,1.3674800395965576,1.3700000047683716,1.3667999505996704,1.3680299520492554,0,0.00015000000000000001
2026-03-04 04:00:00+00:00,1.3680100440979004,1.3695100545883179,1.364400029182434,1.3659100532531738,0,0.00015000000000000001
2026-03-04 08:00:00+00:00,1.3659299612045288,1.3681600093841553,1.364300012588501,1.3663899898529053,0,0.00015000000000000001
2026-03-04 12:00:00+00:00,1.3663899898529053,1.3690299987792969,1.3638999462127686,1.3659100532531738,0,0.00015000000000000001
2026-03-04 16:00:00+00:00,1.3655999898910522,1.367300033569336,1.3630000352859497,1.3634400367736816,0,0.00015000000000000001
2026-03-04 20:00:00+00:00,1.363450050354004,1.3647899627685547,1.3622000217437744,1.3643900156021118,0,0.00015000000000000001
2026-03-05 00:00:00+00:00,1.3643200397491455,1.3656200170516968,1.3626999855041504,1.3653099536895752,0,0.00015000000000000001
2026-03-05 04:00:00+00:00,1.3653099536895752,1.3667800426483154,1.3636000156402588,1.3641999959945679,0,0.00015000000000000001
2026-03-05 08:00:00+00:00,1.3644599914550781,1.367050051689148,1.3623000383377075,1.3631900548934937,0,0.00015000000000000001
2026-03-05 12:00:00+00:00,1.3632099628448486,1.369230031967163,1.3610999584197998,1.3681700229644775,0,0.00015000000000000001
2026-03-05 16:00:00+00:00,1.3681700229644775,1.3716100454330444,1.3674999475479126,1.3691200017929077,0,0.00015000000000000001
2026-03-05 20:00:00+00:00,1.3691200017929077,1.3695199489593506,1.3660999536514282,1.366979956626892,0,0.00015000000000000001
2026-03-06 00:00:00+00:00,1.367110013961792,1.3672000169754028,1.36489999294281,1.365689992904663,0,0.00015000000000000001
2026-03-06 04:00:00+00:00,1.365689992904663,1.366510033607483,1.364400029182434,1.3646999597549438,0,0.00015000000000000001
2026-03-06 08:00:00+00:00,1.3650699853897095,1.3672399520874023,1.3639999628067017,1.3667900562286377,0,0.00015000000000000001
2026-03-06 12:00:00+00:00,1.3667399883270264,1.367419958114624,1.361199975013733,1.3625099658966064,0,0.00015000000000000001
2026-03-06 16:00:00+00:00,1.3622000217437744,1.362779974937439,1.3574999570846558,1.3585100173950195,0,0.00015000000000000001
2026-03-06 20:00:00+00:00,1.3585100173950195,1.3589799404144287,1.3558000326156616,1.3565000295639038,0,0.00015000000000000001
2026-03-09 00:00:00+00:00,1.3600900173187256,1.360640048980713,1.355299949645996,1.3558399677276611,0,0.00015000000000000001
2026-03-09 04:00:00+00:00,1.3558199405670166,1.3563599586486816,1.354099988937378,1.3551599979400635,0,0.00015000000000000001
2026-03-09 08:00:00+00:00,1.3552199602127075,1.3581199645996094,1.3521000146865845,1.3537499904632568,0,0.00015000000000000001
2026-03-09 12:00:00+00:00,1.353700041770935,1.35903000831604,1.3533999919891357,1.3574700355529785,0,0.00015000000000000001
2026-03-09 16:00:00+00:00,1.3574600219726562,1.3591400384902954,1.3555999994277954,1.3581500053405762,0,0.00015000000000000001
2026-03-09 20:00:00+00:00,1.3581700325012207,1.3598500490188599,1.3567999601364136,1.3587900400161743,0,0.00015000000000000001
2026-03-10 00:00:00+00:00,1.3586599826812744,1.360129952430725,1.3580000400543213,1.3596899509429932,0,0.00015000000000000001
2026-03-10 04:00:00+00:00,1.359660029411316,1.3600599765777588,1.3560999631881714,1.3569200038909912,0,0.00015000000000000001
2026-03-10 08:00:00+00:00,1.356950044631958,1.3586299419403076,1.355299949645996,1.3563599586486816,0,0.00015000000000000001
2026-03-10 12:00:00+00:00,1.3563499450683594,1.3580199480056763,1.3538000583648682,1.3562400341033936,0,0.00015000000000000001
2026-03-10 16:00:00+00:00,1.3562400341033936,1.3583699464797974,1.3559000492095947,1.3580299615859985,0,0.00015000000000000001
2026-03-10 20:00:00+00:00,1.3580199480056763,1.3585599660873413,1.3567800521850586,1.3583199977874756,0,0.00015000000000000001
2026-03-11 00:00:00+00:00,1.3582500219345093,1.3585000038146973,1.3551000356674194,1.3557100296020508,0,0.00015000000000000001
2026-03-11 04:00:00+00:00,1.3557100296020508,1.357319951057434,1.3554099798202515,1.3562699556350708,0,0.00015000000000000001
2026-03-11 08:00:00+00:00,1.3563200235366821,1.3575999736785889,1.3559499979019165,1.3566900491714478,0,0.00015000000000000001
2026-03-11 12:00:00+00:00,1.3566900491714478,1.3603700399398804,1.3559000492095947,1.360260009765625,0,0.00015000000000000001
2026-03-11 16:00:00+00:00,1.3602499961853027,1.3604899644851685,1.3569999933242798,1.3584400415420532,0,0.00015000000000000001
2026-03-11 20:00:00+00:00,1.3584599494934082,1.3604099750518799,1.3579000234603882,1.3601900339126587,0,0.00015000000000000001
2026-03-12 00:00:00+00:00,1.3602800369262695,1.3604700565338135,1.357300043106079,1.3588800430297852,0,0.00015000000000000001
2026-03-12 04:00:00+00:00,1.3588600158691406,1.3594000339508057,1.357699990272522,1.358620047569275,0,0.00015000000000000001
2026-03-12 08:00:00+00:00,1.3586100339889526,1.359529972076416,1.357200026512146,1.3591899871826172,0,0.00015000000000000001
2026-03-12 12:00:00+00:00,1.3591699600219727,1.3633899688720703,1.3586000204086304,1.361930012702942,0,0.00015000000000000001
2026-03-12 16:00:00+00:00,1.361930012702942,1.3632099628448486,1.3610700368881226,1.3625999689102173,0,0.00015000000000000001
2026-03-12 20:00:00+00:00,1.3628900051116943,1.3645600080490112,1.3622000217437744,1.3632999658584595,0,0.00015000000000000001
2026-03-13 00:00:00+00:00,1.3632299900054932,1.364240050315857,1.361799955368042,1.36381995677948,0,0.00015000000000000001
2026-03-13 04:00:00+00:00,1.363800048828125,1.3665499687194824,1.3633999824523926,1.3660099506378174,0,0.00015000000000000001
2026-03-13 08:00:00+00:00,1.3660000562667847,1.368340015411377,1.3655999898910522,1.3665599822998047,0,0.00015000000000000001
2026-03-13 12:00:00+00:00,1.3665599822998047,1.3737000226974487,1.3651000261306763,1.3736599683761597,0,0.00015000000000000001
2026-03-13 16:00:00+00:00,1.3732999563217163,1.3741400241851807,1.371399998664856,1.3728200197219849,0,0.00015000000000000001
2026-03-13 20:00:00+00:00,1.3728200197219849,1.3733999729156494,1.371000051498413,1.3717999458312988,0,0.00015000000000000001
2026-03-16 00:00:00+00:00,1.3712199926376343,1.3714900016784668,1.3700000047683716,1.3711700439453125,0,0.00015000000000000001
2026-03-16 04:00:00+00:00,1.371150016784668,1.3723000288009644,1.3698999881744385,1.370650053024292,0,0.00015000000000000001
2026-03-16 08:00:00+00:00,1.370650053024292,1.3708699941635132,1.3674999475479126,1.3682399988174438,0,0.00015000000000000001
2026-03-16 12:00:00+00:00,1.3682600259780884,1.369420051574707,1.364799976348877,1.3684099912643433,0,0.00015000000000000001
2026-03-16 16:00:00+00:00,1.3683700561523438,1.368880033493042,1.3664000034332275,1.3679399490356445,0,0.00015000000000000001
2026-03-16 20:00:00+00:00,1.367959976196289,1.368899941444397,1.367400050163269,1.368649959564209,0,0.00015000000000000001
2026-03-17 00:00:00+00:00,1.3686399459838867,1.3690500259399414,1.3675999641418457,1.3686800003051758,0,0.00015000000000000001
2026-03-17 04:00:00+00:00,1.368649959564209,1.370110034942627,1.367799997329712,1.3689099550247192,0,0.00015000000000000001
2026-03-17 08:00:00+00:00,1.3689099550247192,1.3706599473953247,1.3681999444961548,1.370300054550171,0,0.00015000000000000001
2026-03-17 12:00:00+00:00,1.3705999851226807,1.3722699880599976,1.3675999641418457,1.370710015296936,0,0.00015000000000000001
2026-03-17 16:00:00+00:00,1.3706899881362915,1.3713500499725342,1.368499994277954,1.3697099685668945,0,0.00015000000000000001
2026-03-17 20:00:00+00:00,1.3696999549865723,1.3697500228881836,1.368399977684021,1.3689500093460083,0,0.00015000000000000001
2026-03-18 00:00:00+00:00,1.3689299821853638,1.3700300455093384,1.368299961090088,1.3698999881744385,0,0.00015000000000000001
2026-03-18 04:00:00+00:00,1.369860053062439,1.3712600469589233,1.3693000078201294,1.370919942855835,0,0.00015000000000000001
2026-03-18 08:00:00+00:00,1.3709299564361572,1.3711199760437012,1.368399977684021,1.3688499927520752,0,0.00015000000000000001
2026-03-18 12:00:00+00:00,1.368839979171753,1.3724000453948975,1.368399977684021,1.36968994140625,0,0.00015000000000000001
2026-03-18 16:00:00+00:00,1.3696999549865723,1.3725999593734741,1.368399977684021,1.3724900484085083,0,0.00015000000000000001
2026-03-18 20:00:00+00:00,1.3725199699401855,1.3737599849700928,1.371399998664856,1.3728899955749512,0,0.00015000000000000001
2026-03-19 00:00:00+00:00,1.373020052909851,1.3731399774551392,1.371000051498413,1.372630000114441,0,0.00015000000000000001
2026-03-19 04:00:00+00:00,1.372630000114441,1.3738800287246704,1.3717000484466553,1.3735899925231934,0,0.00015000000000000001
2026-03-19 08:00:00+00:00,1.3736300468444824,1.3747199773788452,1.3723000288009644,1.3735599517822266,0,0.00015000000000000001
2026-03-19 12:00:00+00:00,1.3736000061035156,1.3747999668121338,1.3702000379562378,1.3722399473190308,0,0.00015000000000000001
2026-03-19 16:00:00+00:00,1.3722399473190308,1.3739500045776367,1.3701000213623047,1.373769998550415,0,0.00015000000000000001
2026-03-19 20:00:00+00:00,1.3737800121307373,1.374500036239624,1.3725999593734741,1.3736399412155151,0,0.00015000000000000001
2026-03-20 00:00:00+00:00,1.3736900091171265,1.3742400407791138,1.371999979019165,1.3726999759674072,0,0.00015000000000000001
2026-03-20 04:00:00+00:00,1.3730800151824951,1.3740700483322144,1.371500015258789,1.3721200227737427,0,0.00015000000000000001
2026-03-20 08:00:00+00:00,1.3720999956130981,1.372879981994629,1.3704999685287476,1.3709100484848022,0,0.00015000000000000001
2026-03-20 12:00:00+00:00,1.3709100484848022,1.3747600317001343,1.3695000410079956,1.3731900453567505,0,0.00015000000000000001
2026-03-20 16:00:00+00:00,1.3731900453567505,1.3734400272369385,1.3700000047683716,1.3718700408935547,0,0.00015000000000000001
2026-03-20 20:00:00+00:00,1.3718899488449097,1.3725500106811523,1.3713699579238892,1.3723000288009644,0,0.00015000000000000001
2026-03-23 00:00:00+00:00,1.370919942855835,1.3725600242614746,1.3696000576019287,1.3715800046920776,0,0.00015000000000000001
2026-03-23 04:00:00+00:00,1.3716000318527222,1.3739099502563477,1.37090003490448,1.372920036315918,0,0.00015000000000000001
2026-03-23 08:00:00+00:00,1.3730000257492065,1.375480055809021,1.3680000305175781,1.3731800317764282,0,0.00015000000000000001
2026-03-23 12:00:00+00:00,1.3731399774551392,1.3744100332260132,1.3665000200271606,1.3718299865722656,0,0.00015000000000000001
2026-03-23 16:00:00+00:00,1.3718199729919434,1.3735300302505493,1.3707000017166138,1.372189998626709,0,0.00015000000000000001
2026-03-23 20:00:00+00:00,1.3721799850463867,1.3731600046157837,1.3716000318527222,1.3729599714279175,0,0.00015000000000000001
2026-03-24 00:00:00+00:00,1.373020052909851,1.375499963760376,1.372499942779541,1.3754199743270874,0,0.00015000000000000001
2026-03-24 04:00:00+00:00,1.3753900527954102,1.3761500120162964,1.3720999956130981,1.3740099668502808,0,0.00015000000000000001
2026-03-24 08:00:00+00:00,1.3739800453186035,1.3753999471664429,1.3724000453948975,1.3746600151062012,0,0.00015000000000000001
2026-03-24 12:00:00+00:00,1.3746299743652344,1.3765599727630615,1.372499942779541,1.3765000104904175,0,0.00015000000000000001
2026-03-24 16:00:00+00:00,1.3765000104904175,1.3785200119018555,1.375499963760376,1.3763799667358398,0,0.00015000000000000001
2026-03-24 20:00:00+00:00,1.3763799667358398,1.3768999576568604,1.3737000226974487,1.3757400512695312,0,0.00015000000000000001
2026-03-25 00:00:00+00:00,1.375749945640564,1.3774100542068481,1.3746000528335571,1.3769099712371826,0,0.00015000000000000001
2026-03-25 04:00:00+00:00,1.3768800497055054,1.378440022468567,1.3765000104904175,1.3779000043869019,0,0.00015000000000000001
2026-03-25 08:00:00+00:00,1.3782700300216675,1.3800100088119507,1.3774000406265259,1.3795000314712524,0,0.00015000000000000001
2026-03-25 12:00:00+00:00,1.3795000314712524,1.3808000087738037,1.3767999410629272,1.379870057106018,0,0.00015000000000000001
2026-03-25 16:00:00+00:00,1.379830002784729,1.3819600343704224,1.3791999816894531,1.3816299438476562,0,0.00015000000000000001
2026-03-25 20:00:00+00:00,1.3815799951553345,1.381700038909912,1.3799999952316284,1.3814300298690796,0,0.00015000000000000001
2026-03-26 00:00:00+00:00,1.3814200162887573,1.3831499814987183,1.38100004196167,1.3819299936294556,0,0.00015000000000000001
2026-03-26 04:00:00+00:00,1.3819299936294556,1.3831499814987183,1.3812999725341797,1.3829599618911743,0,0.00015000000000000001
2026-03-26 08:00:00+00:00,1.382930040359497,1.3849600553512573,1.3819999694824219,1.3846100568771362,0,0.00015000000000000001
2026-03-26 12:00:00+00:00,1.384600043296814,1.3857699632644653,1.381700038909912,1.3850799798965454,0,0.00015000000000000001
2026-03-26 16:00:00+00:00,1.3850500583648682,1.3857500553131104,1.3837000131607056,1.3856899738311768,0,0.00015000000000000001
2026-03-26 20:00:00+00:00,1.3857200145721436,1.3866000175476074,1.3833999633789062,1.385349988937378,0,0.00015000000000000001
2026-03-27 00:00:00+00:00,1.3853299617767334,1.3861600160598755,1.3840999603271484,1.3854899406433105,0,0.00015000000000000001
2026-03-27 04:00:00+00:00,1.3854700326919556,1.385599970817566,1.3842999935150146,1.3851100206375122,0,0.00015000000000000001
2026-03-27 08:00:00+00:00,1.3850599527359009,1.3866699934005737,1.3840999603271484,1.3861000537872314,0,0.00015000000000000001
2026-03-27 12:00:00+00:00,1.3864599466323853,1.388069987297058,1.384600043296814,1.3880399465560913,0,0.00015000000000000001
2026-03-27 16:00:00+00:00,1.3880499601364136,1.3891600370407104,1.3868000507354736,1.388159990310669,0,0.00015000000000000001
2026-03-27 20:00:00+00:00,1.3877999782562256,1.389549970626831,1.3877999782562256,1.38919997215271,0,0.00015000000000000001
2026-03-29 20:00:00+00:00,1.389799952507019,1.3902900218963623,1.3890999555587769,1.3899500370025635,0,0.00015000000000000001
2026-03-30 00:00:00+00:00,1.3899999856948853,1.3902000188827515,1.388200044631958,1.3891799449920654,0,0.00015000000000000001
2026-03-30 04:00:00+00:00,1.3891700506210327,1.391010046005249,1.388100028038025,1.3909000158309937,0,0.00015000000000000001
2026-03-30 08:00:00+00:00,1.3909000158309937,1.3922200202941895,1.3902000188827515,1.3921200037002563,0,0.00015000000000000001
2026-03-30 12:00:00+00:00,1.3921400308609009,1.3945300579071045,1.3911000490188599,1.3922300338745117,0,0.00015000000000000001
2026-03-30 16:00:00+00:00,1.392240047454834,1.3931000232696533,1.3911999464035034,1.392930030822754,0,0.00015000000000000001
2026-03-30 20:00:00+00:00,1.392930030822754,1.3931000232696533,1.3913999795913696,1.3925000429153442,0,0.00015000000000000001
2026-03-31 00:00:00+00:00,1.3928099870681763,1.3935500383377075,1.3911999464035034,1.3930599689483643,0,0.00015000000000000001
2026-03-31 04:00:00+00:00,1.3930599689483643,1.3939100503921509,1.3920999765396118,1.3932600021362305,0,0.00015000000000000001
2026-03-31 08:00:00+00:00,1.3932900428771973,1.3945000171661377,1.3926000595092773,1.3934999704360962,0,0.00015000000000000001
2026-03-31 12:00:00+00:00,1.3934999704360962,1.3966699838638306,1.3919999599456787,1.3953900337219238,0,0.00015000000000000001
2026-03-31 16:00:00+00:00,1.3953700065612793,1.3956799507141113,1.3904999494552612,1.391379952430725,0,0.00015000000000000001
2026-03-31 20:00:00+00:00,1.3913400173187256,1.3918100595474243,1.3898999691009521,1.3902900218963623,0,0.00015000000000000001
2026-04-01 00:00:00+00:00,1.3903199434280396,1.3911999464035034,1.389299988746643,1.3910000324249268,0,0.00015000000000000001
2026-04-01 04:00:00+00:00,1.3910000324249268,1.391129970550537,1.388700008392334,1.3907699584960938,0,0.00015000000000000001
2026-04-01 08:00:00+00:00,1.3907899856567383,1.3909499645233154,1.388200044631958,1.3890899419784546,0,0.00015000000000000001
2026-04-01 12:00:00+00:00,1.3890999555587769,1.3904500007629395,1.3871999979019165,1.387619972229004,0,0.00015000000000000001
2026-04-01 16:00:00+00:00,1.3876299858093262,1.3895800113677979,1.3868000507354736,1.3884199857711792,0,0.00015000000000000001
2026-04-01 20:00:00+00:00,1.3884400129318237,1.38850998878479,1.3866000175476074,1.3877500295639038,0,0.00015000000000000001
2026-04-02 00:00:00+00:00,1.3877099752426147,1.391070008277893,1.3863999843597412,1.3905999660491943,0,0.00015000000000000001
2026-04-02 04:00:00+00:00,1.3909300565719604,1.3918299674987793,1.3901000022888184,1.39096999168396,0,0.00015000000000000001
2026-04-02 08:00:00+00:00,1.39096999168396,1.3933299779891968,1.3905999660491943,1.391759991645813,0,0.00015000000000000001
2026-04-02 12:00:00+00:00,1.391759991645813,1.3926299810409546,1.3902000188827515,1.3916900157928467,0,0.00015000000000000001
2026-04-02 16:00:00+00:00,1.3916900157928467,1.3924200534820557,1.3905999660491943,1.3917800188064575,0,0.00015000000000000001
2026-04-02 20:00:00+00:00,1.3917700052261353,1.392199993133545,1.3911900520324707,1.3917499780654907,0,0.00015000000000000001
2026-04-03 00:00:00+00:00,1.3917499780654907,1.3925399780273438,1.3912999629974365,1.3924200534820557,0,0.00015000000000000001
2026-04-03 04:00:00+00:00,1.392449975013733,1.392699956893921,1.3912999629974365,1.3916000127792358,0,0.00015000000000000001
2026-04-03 08:00:00+00:00,1.3920300006866455,1.392699956893921,1.3911999464035034,1.3925299644470215,0,0.00015000000000000001
2026-04-03 12:00:00+00:00,1.3925600051879883,1.3948999643325806,1.3920999765396118,1.3940000534057617,0,0.00015000000000000001
2026-04-03 16:00:00+00:00,1.3942099809646606,1.3947999477386475,1.3935999870300293,1.3945900201797485,0,0.00015000000000000001
2026-04-03 20:00:00+00:00,1.3945000171661377,1.3947999477386475,1.3931000232696533,1.3942300081253052,0,0.00015000000000000001
2026-04-05 20:00:00+00:00,1.3943699598312378,1.394760012626648,1.3938000202178955,1.394569993019104,0,0.00015000000000000001
2026-04-06 00:00:00+00:00,1.394569993019104,1.3947700262069702,1.3931000232696533,1.3938499689102173,0,0.00015000000000000001
2026-04-06 04:00:00+00:00,1.3938599824905396,1.3942400217056274,1.3913999795913696,1.3919399976730347,0,0.00015000000000000001
2026-04-06 08:00:00+00:00,1.3919099569320679,1.392899990081787,1.3911999464035034,1.391890048980713,0,0.00015000000000000001
2026-04-06 12:00:00+00:00,1.3918499946594238,1.392449975013733,1.389799952507019,1.3915200233459473,0,0.00015000000000000001
2026-04-06 16:00:00+00:00,1.3915200233459473,1.3923699855804443,1.3905999660491943,1.3916499614715576,0,0.00015000000000000001
2026-04-06 20:00:00+00:00,1.3916499614715576,1.3918399810791016,1.389799952507019,1.391160011291504,0,0.00015000000000000001
2026-04-07 00:00:00+00:00,1.391160011291504,1.392989993095398,1.3907999992370605,1.3919899463653564,0,0.00015000000000000001
2026-04-07 04:00:00+00:00,1.3919899463653564,1.3926399946212769,1.3911000490188599,1.3921600580215454,0,0.00015000000000000001
2026-04-07 08:00:00+00:00,1.3921799659729004,1.3928500413894653,1.3904000520706177,1.3911000490188599,0,0.00015000000000000001
2026-04-07 12:00:00+00:00,1.3911000490188599,1.3925199508666992,1.388700008392334,1.390570044517517,0,0.00015000000000000001
2026-04-07 16:00:00+00:00,1.390570044517517,1.3908300399780273,1.3884999752044678,1.38919997215271,0,0.00015000000000000001
2026-04-07 20:00:00+00:00,1.3894399404525757,1.389989972114563,1.3838000297546387,1.3842699527740479,0,0.00015000000000000001
2026-04-08 00:00:00+00:00,1.3841999769210815,1.3852100372314453,1.3827999830245972,1.3839099407196045,0,0.00015000000000000001
2026-04-08 04:00:00+00:00,1.3839099407196045,1.385699987411499,1.3818999528884888,1.3845800161361694,0,0.00015000000000000001
2026-04-08 08:00:00+00:00,1.384559988975525,1.3874499797821045,1.3838000297546387,1.3862600326538086,0,0.00015000000000000001
2026-04-08 12:00:00+00:00,1.3862600326538086,1.3873599767684937,1.3831000328063965,1.3853800296783447,0,0.00015000000000000001
2026-04-08 16:00:00+00:00,1.3853800296783447,1.3860700130462646,1.3832000494003296,1.3838599920272827,0,0.00015000000000000001
2026-04-08 20:00:00+00:00,1.383870005607605,1.3851100206375122,1.3831000328063965,1.38510000705719,0,0.00015000000000000001
2026-04-09 00:00:00+00:00,1.3850500583648682,1.3859399557113647,1.3844000101089478,1.3849200010299683,0,0.00015000000000000001
2026-04-09 04:00:00+00:00,1.3849200010299683,1.3860299587249756,1.3840999603271484,1.3855799436569214,0,0.00015000000000000001
2026-04-09 08:00:00+00:00,1.3855600357055664,1.3857300281524658,1.3828999996185303,1.3835200071334839,0,0.00015000000000000001
2026-04-09 12:00:00+00:00,1.383579969406128,1.3844399452209473,1.3802000284194946,1.3807799816131592,0,0.00015000000000000001
2026-04-09 16:00:00+00:00,1.3807400465011597,1.382449984550476,1.3799999952316284,1.381309986114502,0,0.00015000000000000001
2026-04-09 20:00:00+00:00,1.3812899589538574,1.3824000358581543,1.3806999921798706,1.3823000192642212,0,0.00015000000000000001
2026-04-10 00:00:00+00:00,1.3822100162506104,1.3827300071716309,1.3813999891281128,1.3823200464248657,0,0.00015000000000000001
2026-04-10 04:00:00+00:00,1.3823000192642212,1.3843300342559814,1.381600022315979,1.3842500448226929,0,0.00015000000000000001
2026-04-10 08:00:00+00:00,1.3842799663543701,1.3843799829483032,1.3818999528884888,1.3823299407958984,0,0.00015000000000000001
2026-04-10 12:00:00+00:00,1.3823299407958984,1.3835400342941284,1.3795000314712524,1.382599949836731,0,0.00015000000000000001
2026-04-10 16:00:00+00:00,1.3827799558639526,1.3838599920272827,1.3818000555038452,1.383579969406128,0,0.00015000000000000001
2026-04-10 20:00:00+00:00,1.3835999965667725,1.3843200206756592,1.3830000162124634,1.3839999437332153,0,0.00015000000000000001
2026-04-12 20:00:00+00:00,1.3868499994277954,1.3877500295639038,1.3866000175476074,1.3872699737548828,0,0.00015000000000000001
2026-04-13 00:00:00+00:00,1.3872699737548828,1.3876700401306152,1.3853000402450562,1.3860199451446533,0,0.00015000000000000001
2026-04-13 04:00:00+00:00,1.3860100507736206,1.3863600492477417,1.3839000463485718,1.3844200372695923,0,0.00015000000000000001
2026-04-13 08:00:00+00:00,1.3844399452209473,1.3847700357437134,1.3830000162124634,1.3844000101089478,0,0.00015000000000000001
2026-04-13 12:00:00+00:00,1.3846299648284912,1.3852100372314453,1.3801000118255615,1.381160020828247,0,0.00015000000000000001
2026-04-13 16:00:00+00:00,1.3811500072479248,1.3815699815750122,1.378100037574768,1.3787200450897217,0,0.00015000000000000001
2026-04-13 20:00:00+00:00,1.3787100315093994,1.3794000148773193,1.3782000541687012,1.3786300420761108,0,0.00015000000000000001
2026-04-14 00:00:00+00:00,1.3785799741744995,1.378999948501587,1.3777999877929688,1.3782700300216675,0,0.00015000000000000001
2026-04-14 04:00:00+00:00,1.3782199621200562,1.3788399696350098,1.3760000467300415,1.376960039138794,0,0.00015000000000000001
2026-04-14 08:00:00+00:00,1.3769500255584717,1.377210021018982,1.3741999864578247,1.3750799894332886,0,0.00015000000000000001
2026-04-14 12:00:00+00:00,1.3751399517059326,1.3762199878692627,1.3725999593734741,1.3758000135421753,0,0.00015000000000000001
2026-04-14 16:00:00+00:00,1.3758000135421753,1.377810001373291,1.3752000331878662,1.3770400285720825,0,0.00015000000000000001
2026-04-14 20:00:00+00:00,1.3770099878311157,1.3770699501037598,1.3756300210952759,1.3766100406646729,0,0.00015000000000000001
2026-04-15 00:00:00+00:00,1.3766100406646729,1.3782000541687012,1.376099944114685,1.377500057220459,0,0.00015000000000000001
2026-04-15 04:00:00+00:00,1.377500057220459,1.3777199983596802,1.3756999969482422,1.3765000104904175,0,0.00015000000000000001
2026-04-15 08:00:00+00:00,1.37677001953125,1.3788299560546875,1.3756999969482422,1.3784500360488892,0,0.00015000000000000001
2026-04-15 12:00:00+00:00,1.378440022468567,1.378600001335144,1.3732999563217163,1.3740899562835693,0,0.00015000000000000001
2026-04-15 16:00:00+00:00,1.3741099834442139,1.3743499517440796,1.3722000122070312,1.3730299472808838,0,0.00015000000000000001
2026-04-15 20:00:00+00:00,1.3730599880218506,1.374250054359436,1.3725999593734741,1.3727999925613403,0,0.00015000000000000001
2026-04-16 00:00:00+00:00,1.373129963874817,1.3734099864959717,1.37090003490448,1.3715800046920776,0,0.00015000000000000001
2026-04-16 04:00:00+00:00,1.3715499639511108,1.373110055923462,1.371000051498413,1.3725500106811523,0,0.00015000000000000001
2026-04-16 08:00:00+00:00,1.37253999710083,1.373810052871704,1.3716000318527222,1.372380018234253,0,0.00015000000000000001
2026-04-16 12:00:00+00:00,1.372380018234253,1.3735100030899048,1.3702000379562378,1.3705600500106812,0,0.00015000000000000001
2026-04-16 16:00:00+00:00,1.3705400228500366,1.3711800575256348,1.3690999746322632,1.3704299926757812,0,0.00015000000000000001
2026-04-16 20:00:00+00:00,1.3703999519348145,1.3707000017166138,1.3694000244140625,1.370069980621338,0,0.00015000000000000001
2026-04-17 00:00:00+00:00,1.3700400590896606,1.3703500032424927,1.368899941444397,1.369379997253418,0,0.00015000000000000001
2026-04-17 04:00:00+00:00,1.3694000244140625,1.3694299459457397,1.367400050163269,1.368190050125122,0,0.00015000000000000001
2026-04-17 08:00:00+00:00,1.3681600093841553,1.3683600425720215,1.3665000200271606,1.3672000169754028,0,0.00015000000000000001
2026-04-17 12:00:00+00:00,1.3672000169754028,1.3679900169372559,1.3645999431610107,1.3667800426483154,0,0.00015000000000000001
2026-04-17 16:00:00+00:00,1.3667800426483154,1.3695000410079956,1.3662999868392944,1.369230031967163,0,0.00015000000000000001
2026-04-17 20:00:00+00:00,1.369230031967163,1.3693900108337402,1.3674999475479126,1.3693000078201294,0,0.00015000000000000001
2026-04-19 20:00:00+00:00,1.370300054550171,1.3709700107574463,1.3697999715805054,1.3702000379562378,0,0.00015000000000000001
2026-04-20 00:00:00+00:00,1.3705500364303589,1.3707499504089355,1.3688000440597534,1.3694299459457397,0,0.00015000000000000001
2026-04-20 04:00:00+00:00,1.3694000244140625,1.370300054550171,1.3688000440597534,1.3697199821472168,0,0.00015000000000000001
2026-04-20 08:00:00+00:00,1.3690199851989746,1.3695100545883179,1.367900013923645,1.3688000440597534,0,0.00015000000000000001
2026-04-20 12:00:00+00:00,1.368980050086975,1.3700599670410156,1.363800048828125,1.3650200366973877,0,0.00015000000000000001
2026-04-20 16:00:00+00:00,1.3649799823760986,1.3650200366973877,1.3630000352859497,1.3646600246429443,0,0.00015000000000000001
2026-04-20 20:00:00+00:00,1.364650011062622,1.3651000261306763,1.3634999990463257,1.3644299507141113,0,0.00015000000000000001
2026-04-21 00:00:00+00:00,1.364400029182434,1.3651000261306763,1.3636000156402588,1.3648099899291992,0,0.00015000000000000001
2026-04-21 04:00:00+00:00,1.3647700548171997,1.3655500411987305,1.3638999462127686,1.3655099868774414,0,0.00015000000000000001
2026-04-21 08:00:00+00:00,1.3654999732971191,1.3663699626922607,1.36489999294281,1.3654799461364746,0,0.00015000000000000001
2026-04-21 12:00:00+00:00,1.365470051765442,1.3659299612045288,1.3626999855041504,1.3639999628067017,0,0.00015000000000000001
2026-04-21 16:00:00+00:00,1.3643100261688232,1.3676999807357788,1.363700032234192,1.3671499490737915,0,0.00015000000000000001
2026-04-21 20:00:00+00:00,1.3671599626541138,1.367300033569336,1.364799976348877,1.365399956703186,0,0.00015000000000000001
2026-04-22 00:00:00+00:00,1.3657599687576294,1.3663400411605835,1.3650000095367432,1.3660000562667847,0,0.00015000000000000001
2026-04-22 04:00:00+00:00,1.3659800291061401,1.3660900592803955,1.3640999794006348,1.36489999294281,0,0.00015000000000000001
2026-04-22 08:00:00+00:00,1.3651800155639648,1.3665399551391602,1.3638999462127686,1.3663400411605835,0,0.00015000000000000001
2026-04-22 12:00:00+00:00,1.3663400411605835,1.3672399520874023,1.3641999959945679,1.3658000230789185,0,0.00015000000000000001
2026-04-22 16:00:00+00:00,1.366070032119751,1.36735999584198,1.3651000261306763,1.3671900033950806,0,0.00015000000000000001
2026-04-22 20:00:00+00:00,1.3672200441360474,1.367460012435913,1.3662999868392944,1.366979956626892,0,0.00015000000000000001
2026-04-23 00:00:00+00:00,1.3669699430465698,1.3679300546646118,1.3660000562667847,1.3675299882888794,0,0.00015000000000000001
2026-04-23 04:00:00+00:00,1.3675299882888794,1.3676999807357788,1.3661999702453613,1.3666900396347046,0,0.00015000000000000001
2026-04-23 08:00:00+00:00,1.36667001247406,1.3680100440979004,1.3655999898910522,1.3667099475860596,0,0.00015000000000000001
2026-04-23 12:00:00+00:00,1.3667099475860596,1.3689500093460083,1.3661999702453613,1.3682700395584106,0,0.00015000000000000001
2026-04-23 16:00:00+00:00,1.3682199716567993,1.3714100122451782,1.367799997329712,1.369439959526062,0,0.00015000000000000001
2026-04-23 20:00:00+00:00,1.3694499731063843,1.3708100318908691,1.368499994277954,1.3698400259017944,0,0.00015000000000000001
2026-04-24 00:00:00+00:00,1.3694000244140625,1.3714100122451782,1.3691999912261963,1.3709900379180908,0,0.00015000000000000001
2026-04-24 04:00:00+00:00,1.3709700107574463,1.371359944343567,1.3691999912261963,1.3695000410079956,0,0.00015000000000000001
2026-04-24 08:00:00+00:00,1.3696999549865723,1.3701800107955933,1.3674999475479126,1.3680000305175781,0,0.00015000000000000001
2026-04-24 12:00:00+00:00,1.3679499626159668,1.369920015335083,1.3671000003814697,1.3675899505615234,0,0.00015000000000000001
2026-04-24 16:00:00+00:00,1.3675600290298462,1.368090033531189,1.3658000230789185,1.3665200471878052,0,0.00015000000000000001
2026-04-24 20:00:00+00:00,1.3665200471878052,1.3671300411224365,1.3660999536514282,1.3667999505996704,0,0.00015000000000000001
2026-04-26 20:00:00+00:00,1.3676799535751343,1.3678300380706787,1.3672000169754028,1.3677799701690674,0,0.00015000000000000001
2026-04-27 00:00:00+00:00,1.3675999641418457,1.3678699731826782,1.3657000064849854,1.3659000396728516,0,0.00015000000000000001
2026-04-27 04:00:00+00:00,1.3662699460983276,1.3667199611663818,1.3631000518798828,1.3635400533676147,0,0.00015000000000000001
2026-04-27 08:00:00+00:00,1.3635499477386475,1.3636599779129028,1.360200047492981,1.36080002784729,0,0.00015000000000000001
2026-04-27 12:00:00+00:00,1.3609399795532227,1.3622000217437744,1.3593000173568726,1.3616000413894653,0,0.00015000000000000001
2026-04-27 16:00:00+00:00,1.3615700006484985,1.3634999990463257,1.3609999418258667,1.3633699417114258,0,0.00015000000000000001
2026-04-27 20:00:00+00:00,1.3633500337600708,1.3636000156402588,1.361799955368042,1.3621699810028076,0,0.00015000000000000001
2026-04-28 00:00:00+00:00,1.3621599674224854,1.364050030708313,1.3609000444412231,1.3630000352859497,0,0.00015000000000000001
2026-04-28 04:00:00+00:00,1.3631500005722046,1.3647600412368774,1.3624999523162842,1.3638099431991577,0,0.00015000000000000001
2026-04-28 08:00:00+00:00,1.3638099431991577,1.3674299716949463,1.3632999658584595,1.3672599792480469,0,0.00015000000000000001
2026-04-28 12:00:00+00:00,1.3672699928283691,1.3691500425338745,1.3660000562667847,1.3671599626541138,0,0.00015000000000000001
2026-04-28 16:00:00+00:00,1.3671400547027588,1.3687000274658203,1.3666000366210938,1.368299961090088,0,0.00015000000000000001
2026-04-28 20:00:00+00:00,1.3685100078582764,1.3687800168991089,1.3668999671936035,1.3680200576782227,0,0.00015000000000000001
2026-04-29 00:00:00+00:00,1.3680100440979004,1.3689199686050415,1.367300033569336,1.3686000108718872,0,0.00015000000000000001
2026-04-29 04:00:00+00:00,1.368589997291565,1.3691999912261963,1.367400050163269,1.367959976196289,0,0.00015000000000000001
2026-04-29 08:00:00+00:00,1.3679900169372559,1.3693100214004517,1.3672000169754028,1.3679200410842896,0,0.00015000000000000001
2026-04-29 12:00:00+00:00,1.3679399490356445,1.3710700273513794,1.3667000532150269,1.3672499656677246,0,0.00015000000000000001
2026-04-29 16:00:00+00:00,1.3672499656677246,1.3691799640655518,1.3662999868392944,1.3682399988174438,0,0.00015000000000000001
2026-04-29 20:00:00+00:00,1.3682399988174438,1.3688000440597534,1.3667000532150269,1.3672000169754028,0,0.00015000000000000001
2026-04-30 00:00:00+00:00,1.3671400547027588,1.3683799505233765,1.3664000034332275,1.3674999475479126,0,0.00015000000000000001
2026-04-30 04:00:00+00:00,1.3678200244903564,1.368899941444397,1.3660999536514282,1.3665000200271606,0,0.00015000000000000001
2026-04-30 08:00:00+00:00,1.3668500185012817,1.3674099445343018,1.364300012588501,1.3659000396728516,0,0.00015000000000000001
2026-04-30 12:00:00+00:00,1.3662099838256836,1.3676400184631348,1.3600000143051147,1.3610700368881226,0,0.00015000000000000001
2026-04-30 16:00:00+00:00,1.3610899448394775,1.3615399599075317,1.3575999736785889,1.3583400249481201,0,0.00015000000000000001
2026-04-30 20:00:00+00:00,1.3583300113677979,1.3585599660873413,1.357200026512146,1.3580199480056763,0,0.00015000000000000001
2026-05-01 00:00:00+00:00,1.3579599857330322,1.3582799434661865,1.3567999601364136,1.35794997215271,0,0.00015000000000000001
2026-05-01 04:00:00+00:00,1.3579599857330322,1.3588000535964966,1.356600046157837,1.357800006866455,0,0.00015000000000000001
2026-05-01 08:00:00+00:00,1.3577500581741333,1.3582199811935425,1.3561099767684937,1.3567299842834473,0,0.00015000000000000001
2026-05-01 12:00:00+00:00,1.3567500114440918,1.357990026473999,1.354599952697754,1.3574199676513672,0,0.00015000000000000001
2026-05-01 16:00:00+00:00,1.357100009918213,1.359339952468872,1.3568999767303467,1.3591099977493286,0,0.00015000000000000001
2026-05-01 20:00:00+00:00,1.3591300249099731,1.3593000173568726,1.358199954032898,1.3588000535964966,0,0.00015000000000000001
2026-05-04 04:00:00+00:00,1.3586000204086304,1.3606899976730347,1.358299970626831,1.3601000308990479,0,0.00015000000000000001
2026-05-04 08:00:00+00:00,1.3605200052261353,1.3619199991226196,1.3593000173568726,1.3616600036621094,0,0.00015000000000000001
2026-05-04 12:00:00+00:00,1.3616199493408203,1.361930012702942,1.3596999645233154,1.360990047454834,0,0.00015000000000000001
2026-05-04 16:00:00+00:00,1.3609600067138672,1.3617700338363647,1.3598999977111816,1.3612799644470215,0,0.00015000000000000001
2026-05-04 20:00:00+00:00,1.3612899780273438,1.3626199960708618,1.3609000444412231,1.362030029296875,0,0.00015000000000000001
2026-05-05 00:00:00+00:00,1.362030029296875,1.3628100156784058,1.361299991607666,1.3624500036239624,0,0.00015000000000000001
2026-05-05 04:00:00+00:00,1.3624199628829956,1.3629800081253052,1.36080002784729,1.3616000413894653,0,0.00015000000000000001
2026-05-05 08:00:00+00:00,1.3619199991226196,1.3620200157165527,1.3600000143051147,1.3613200187683105,0,0.00015000000000000001
2026-05-05 12:00:00+00:00,1.361240029335022,1.362720012664795,1.360200047492981,1.3609399795532227,0,0.00015000000000000001
2026-05-05 16:00:00+00:00,1.3609100580215454,1.3626400232315063,1.360200047492981,1.3623299598693848,0,0.00015000000000000001
2026-05-05 20:00:00+00:00,1.3623299598693848,1.3624999523162842,1.3590999841690063,1.3604099750518799,0,0.00015000000000000001
2026-05-06 00:00:00+00:00,1.3604099750518799,1.36080002784729,1.3590999841690063,1.360010027885437,0,0.00015000000000000001
2026-05-06 04:00:00+00:00,1.3600599765777588,1.3601100444793701,1.357800006866455,1.3591400384902954,0,0.00015000000000000001
2026-05-06 08:00:00+00:00,1.3591400384902954,1.3604700565338135,1.3573999404907227,1.3592000007629395,0,0.00015000000000000001
2026-05-06 12:00:00+00:00,1.3595499992370605,1.36257004737854,1.3590999841690063,1.3622100353240967,0,0.00015000000000000001
2026-05-06 16:00:00+00:00,1.3622100353240967,1.3641400337219238,1.361899971961975,1.3635499477386475,0,0.00015000000000000001
2026-05-06 20:00:00+00:00,1.3635499477386475,1.363860011100769,1.3624000549316406,1.3632999658584595,0,0.00015000000000000001
2026-05-07 00:00:00+00:00,1.3636599779129028,1.3641599416732788,1.3624000549316406,1.3639500141143799,0,0.00015000000000000001
2026-05-07 04:00:00+00:00,1.3639299869537354,1.3643200397491455,1.3619999885559082,1.3625799417495728,0,0.00015000000000000001
2026-05-07 08:00:00+00:00,1.362589955329895,1.3632400035858154,1.3615000247955322,1.3629300594329834,0,0.00015000000000000001
2026-05-07 12:00:00+00:00,1.3629000186920166,1.3645000457763672,1.3619999885559082,1.3637100458145142,0,0.00015000000000000001
2026-05-07 16:00:00+00:00,1.3637399673461914,1.365380048751831,1.3623000383377075,1.3653600215911865,0,0.00015000000000000001
2026-05-07 20:00:00+00:00,1.3653199672698975,1.3665000200271606,1.3640999794006348,1.3660600185394287,0,0.00015000000000000001
2026-05-08 00:00:00+00:00,1.3660399913787842,1.3664000034332275,1.3651000261306763,1.3658499717712402,0,0.00015000000000000001
2026-05-08 04:00:00+00:00,1.3658299446105957,1.366029977798462,1.3645000457763672,1.365630030632019,0,0.00015000000000000001
2026-05-08 08:00:00+00:00,1.3656100034713745,1.3659199476242065,1.363800048828125,1.3643699884414673,0,0.00015000000000000001
2026-05-08 12:00:00+00:00,1.3643100261688232,1.3710099458694458,1.3638999462127686,1.3679499626159668,0,0.00015000000000000001
2026-05-08 16:00:00+00:00,1.3679100275039673,1.3690999746322632,1.3671000003814697,1.368149995803833,0,0.00015000000000000001
2026-05-08 20:00:00+00:00,1.3681299686431885,1.368299961090088,1.3666000366210938,1.3671000003814697,0,0.00015000000000000001
2026-05-10 20:00:00+00:00,1.3688100576400757,1.368899941444397,1.3675999641418457,1.3683099746704102,0,0.00015000000000000001
2026-05-11 00:00:00+00:00,1.368299961090088,1.36899995803833,1.367400050163269,1.3688100576400757,0,0.00015000000000000001
2026-05-11 04:00:00+00:00,1.3688299655914307,1.3694599866867065,1.3662999868392944,1.3671200275421143,0,0.00015000000000000001
2026-05-11 08:00:00+00:00,1.3671300411224365,1.367300033569336,1.3655999898910522,1.36667001247406,0,0.00015000000000000001
2026-05-11 12:00:00+00:00,1.36667001247406,1.3682500123977661,1.3647700548171997,1.3665000200271606,0,0.00015000000000000001
2026-05-11 16:00:00+00:00,1.3664900064468384,1.3679699897766113,1.3660000562667847,1.3677400350570679,0,0.00015000000000000001
2026-05-11 20:00:00+00:00,1.3677500486373901,1.3681800365447998,1.3667999505996704,1.367840051651001,0,0.00015000000000000001
2026-05-12 00:00:00+00:00,1.367859959602356,1.369420051574707,1.3675999641418457,1.369320034980774,0,0.00015000000000000001
2026-05-12 04:00:00+00:00,1.3693100214004517,1.370609998703003,1.367900013923645,1.3700000047683716,0,0.00015000000000000001
2026-05-12 08:00:00+00:00,1.3703500032424927,1.3712300062179565,1.3696000576019287,1.3703399896621704,0,0.00015000000000000001
2026-05-12 12:00:00+00:00,1.3703099489212036,1.372439980506897,1.3694000244140625,1.3713300228118896,0,0.00015000000000000001
2026-05-12 16:00:00+00:00,1.3712799549102783,1.3717000484466553,1.368899941444397,1.3698899745941162,0,0.00015000000000000001
2026-05-12 20:00:00+00:00,1.3698899745941162,1.370169997215271,1.368899941444397,1.3697400093078613,0,0.00015000000000000001
2026-05-13 00:00:00+00:00,1.3697400093078613,1.369920015335083,1.3680000305175781,1.3689600229263306,0,0.00015000000000000001
2026-05-13 04:00:00+00:00,1.3689899444580078,1.3710500001907349,1.368499994277954,1.370460033416748,0,0.00015000000000000001
2026-05-13 08:00:00+00:00,1.3705099821090698,1.370919942855835,1.3686000108718872,1.3694100379943848,0,0.00015000000000000001
2026-05-13 12:00:00+00:00,1.3694000244140625,1.3712199926376343,1.368499994277954,1.3702800273895264,0,0.00015000000000000001
2026-05-13 16:00:00+00:00,1.3702499866485596,1.371880054473877,1.3691999912261963,1.3704500198364258,0,0.00015000000000000001
2026-05-13 20:00:00+00:00,1.370479941368103,1.3710999488830566,1.3697999715805054,1.3704899549484253,0,0.00015000000000000001
2026-05-14 00:00:00+00:00,1.3704700469970703,1.37090003490448,1.3698999881744385,1.3708100318908691,0,0.00015000000000000001
2026-05-14 04:00:00+00:00,1.3708300590515137,1.3715699911117554,1.3696999549865723,1.3714699745178223,0,0.00015000000000000001
2026-05-14 08:00:00+00:00,1.3714799880981445,1.3721799850463867,1.3698999881744385,1.3720899820327759,0,0.00015000000000000001
2026-05-14 12:00:00+00:00,1.3720899820327759,1.373769998550415,1.37090003490448,1.3724600076675415,0,0.00015000000000000001
2026-05-14 16:00:00+00:00,1.372499942779541,1.3730299472808838,1.371500015258789,1.372439980506897,0,0.00015000000000000001
2026-05-14 20:00:00+00:00,1.3723900318145752,1.3726999759674072,1.371000051498413,1.3723700046539307,0,0.00015000000000000001
2026-05-15 00:00:00+00:00,1.3723700046539307,1.3742599487304688,1.3717999458312988,1.3739700317382812,0,0.00015000000000000001
2026-05-15 04:00:00+00:00,1.3739399909973145,1.3757200241088867,1.3733999729156494,1.3746800422668457,0,0.00015000000000000001
2026-05-15 08:00:00+00:00,1.3746700286865234,1.3758000135421753,1.3730000257492065,1.3751599788665771,0,0.00015000000000000001
2026-05-15 12:00:00+00:00,1.3751200437545776,1.3767000436782837,1.3746000528335571,1.3751200437545776,0,0.00015000000000000001
2026-05-15 16:00:00+00:00,1.3750699758529663,1.3758699893951416,1.3726999759674072,1.3753399848937988,0,0.00015000000000000001
2026-05-15 20:00:00+00:00,1.375309944152832,1.375849962234497,1.3740999698638916,1.374899983406067,0,0.00015000000000000001
2026-05-17 20:00:00+00:00,1.375249981880188,1.3763400316238403,1.374500036239624,1.3761299848556519,0,0.00015000000000000001
2026-05-18 00:00:00+00:00,1.3761199712753296,1.376330018043518,1.3746000528335571,1.3751699924468994,0,0.00015000000000000001
2026-05-18 04:00:00+00:00,1.3751699924468994,1.3756099939346313,1.3734999895095825,1.3745100498199463,0,0.00015000000000000001
2026-05-18 08:00:00+00:00,1.3744900226593018,1.375349998474121,1.3729000091552734,1.3746700286865234,0,0.00015000000000000001
2026-05-18 12:00:00+00:00,1.3746299743652344,1.3751599788665771,1.3727999925613403,1.374269962310791,0,0.00015000000000000001
2026-05-18 16:00:00+00:00,1.3743200302124023,1.375059962272644,1.3732000589370728,1.3738399744033813,0,0.00015000000000000001
2026-05-18 20:00:00+00:00,1.373829960823059,1.3742799758911133,1.3731000423431396,1.3738700151443481,0,0.00015000000000000001
2026-05-19 00:00:00+00:00,1.3738700151443481,1.3751599788665771,1.3732999563217163,1.3746099472045898,0,0.00015000000000000001
2026-05-19 04:00:00+00:00,1.3746000528335571,1.3753999471664429,1.3738000392913818,1.3749099969863892,0,0.00015000000000000001
2026-05-19 08:00:00+00:00,1.3748699426651,1.3771799802780151,1.373900055885315,1.3751699924468994,0,0.00015000000000000001
2026-05-19 12:00:00+00:00,1.3751800060272217,1.3773900270462036,1.374500036239624,1.375540018081665,0,0.00015000000000000001
2026-05-19 16:00:00+00:00,1.375540018081665,1.3761600255966187,1.373900055885315,1.3749200105667114,0,0.00015000000000000001
2026-05-19 20:00:00+00:00,1.3749200105667114,1.3753399848937988,1.3737000226974487,1.374500036239624,0,0.00015000000000000001
2026-05-20 00:00:00+00:00,1.3748699426651,1.37608003616333,1.374500036239624,1.3754700422286987,0,0.00015000000000000001
2026-05-20 04:00:00+00:00,1.3754700422286987,1.3772499561309814,1.3746999502182007,1.3771799802780151,0,0.00015000000000000001
2026-05-20 08:00:00+00:00,1.3771699666976929,1.3778400421142578,1.374899983406067,1.3753299713134766,0,0.00015000000000000001
2026-05-20 12:00:00+00:00,1.375380039215088,1.3775999546051025,1.3725999593734741,1.374709963798523,0,0.00015000000000000001
2026-05-20 16:00:00+00:00,1.374690055847168,1.3755300045013428,1.3732999563217163,1.3742899894714355,0,0.00015000000000000001
2026-05-20 20:00:00+00:00,1.373900055885315,1.3749099969863892,1.372939944267273,1.3747899532318115,0,0.00015000000000000001
2026-05-21 00:00:00+00:00,1.3747899532318115,1.3766200542449951,1.3740999698638916,1.376330018043518,0,0.00015000000000000001
2026-05-21 04:00:00+00:00,1.3763200044631958,1.3774100542068481,1.375499963760376,1.3773200511932373,0,0.00015000000000000001
2026-05-21 08:00:00+00:00,1.3773800134658813,1.3776500225067139,1.3756999969482422,1.3768800497055054,0,0.00015000000000000001
2026-05-21 12:00:00+00:00,1.376870036125183,1.380020022392273,1.3761999607086182,1.3788199424743652,0,0.00015000000000000001
2026-05-21 16:00:00+00:00,1.3788599967956543,1.3792999982833862,1.3762999773025513,1.3778799772262573,0,0.00015000000000000001
2026-05-21 20:00:00+00:00,1.3779100179672241,1.378100037574768,1.3763999938964844,1.3773000240325928,0,0.00015000000000000001
2026-05-22 00:00:00+00:00,1.3775899410247803,1.3792400360107422,1.3773000240325928,1.3791600465774536,0,0.00015000000000000001
2026-05-22 04:00:00+00:00,1.3791199922561646,1.3795299530029297,1.3779000043869019,1.3787000179290771,0,0.00015000000000000001
2026-05-22 08:00:00+00:00,1.378999948501587,1.3802000284194946,1.3779000043869019,1.3797999620437622,0,0.00015000000000000001
2026-05-22 12:00:00+00:00,1.3800300359725952,1.3822200298309326,1.378600001335144,1.3817800283432007,0,0.00015000000000000001
2026-05-22 16:00:00+00:00,1.3817800283432007,1.3822300434112549,1.3799999952316284,1.3813999891281128,0,0.00015000000000000001
2026-05-22 20:00:00+00:00,1.3813999891281128,1.3824299573898315,1.3805999755859375,1.3819999694824219,0,0.00015000000000000001
2026-05-24 20:00:00+00:00,1.380120038986206,1.380429983139038,1.37909996509552,1.3802000284194946,0,0.00015000000000000001
2026-05-25 00:00:00+00:00,1.3802200555801392,1.38100004196167,1.37909996509552,1.3804999589920044,0,0.00015000000000000001
2026-05-25 04:00:00+00:00,1.380810022354126,1.382040023803711,1.3798999786376953,1.3815100193023682,0,0.00015000000000000001
2026-05-25 08:00:00+00:00,1.38155996799469,1.3820300102233887,1.3802000284194946,1.3811299800872803,0,0.00015000000000000001
2026-05-25 12:00:00+00:00,1.3810900449752808,1.3813999891281128,1.378999948501587,1.3796800374984741,0,0.00015000000000000001
2026-05-25 16:00:00+00:00,1.3796600103378296,1.380519986152649,1.3791999816894531,1.3799599409103394,0,0.00015000000000000001
2026-05-25 20:00:00+00:00,1.3799200057983398,1.3807300329208374,1.3794000148773193,1.3805700540542603,0,0.00015000000000000001
2026-05-26 00:00:00+00:00,1.3805700540542603,1.381119966506958,1.3797999620437622,1.3806699514389038,0,0.00015000000000000001
2026-05-26 04:00:00+00:00,1.3806099891662598,1.3815200328826904,1.3797999620437622,1.3804600238800049,0,0.00015000000000000001
2026-05-26 08:00:00+00:00,1.3804199695587158,1.3812400102615356,1.3794000148773193,1.3811899423599243,0,0.00015000000000000001
2026-05-26 12:00:00+00:00,1.3811999559402466,1.3821300268173218,1.3795000314712524,1.3801000118255615,0,0.00015000000000000001
2026-05-26 16:00:00+00:00,1.3803999423980713,1.3819500207901,1.3796000480651855,1.3809700012207031,0,0.00015000000000000001
2026-05-26 20:00:00+00:00,1.3809599876403809,1.3814300298690796,1.3799999952316284,1.3805999755859375,0,0.00015000000000000001
2026-05-27 00:00:00+00:00,1.3807799816131592,1.3814599514007568,1.3798999786376953,1.3811399936676025,0,0.00015000000000000001
2026-05-27 04:00:00+00:00,1.3811800479888916,1.3827999830245972,1.3803999423980713,1.3827600479125977,0,0.00015000000000000001
2026-05-27 08:00:00+00:00,1.3827199935913086,1.3839499950408936,1.381600022315979,1.3833099603652954,0,0.00015000000000000001
2026-05-27 12:00:00+00:00,1.3832600116729736,1.3852100372314453,1.381700038909912,1.3830100297927856,0,0.00015000000000000001
2026-05-27 16:00:00+00:00,1.3829900026321411,1.3836599588394165,1.3818999528884888,1.3827999830245972,0,0.00015000000000000001
2026-05-27 20:00:00+00:00,1.3831599950790405,1.3845000267028809,1.3825000524520874,1.3844599723815918,0,0.00015000000000000001
2026-05-28 00:00:00+00:00,1.38441002368927,1.3869500160217285,1.3839999437332153,1.3867000341415405,0,0.00015000000000000001
2026-05-28 04:00:00+00:00,1.3868499994277954,1.3869600296020508,1.3840999603271484,1.3854299783706665,0,0.00015000000000000001
2026-05-28 08:00:00+00:00,1.3854399919509888,1.3869999647140503,1.3844000101089478,1.3849200010299683,0,0.00015000000000000001
2026-05-28 12:00:00+00:00,1.384909987449646,1.385390043258667,1.3794000148773193,1.3799099922180176,0,0.00015000000000000001
2026-05-28 16:00:00+00:00,1.3799599409103394,1.38018000125885,1.3769999742507935,1.3782800436019897,0,0.00015000000000000001
2026-05-28 20:00:00+00:00,1.3782600164413452,1.3788399696350098,1.377500057220459,1.378100037574768,0,0.00015000000000000001
2026-05-29 00:00:00+00:00,1.378290057182312,1.3791600465774536,1.3774000406265259,1.3789600133895874,0,0.00015000000000000001
2026-05-29 04:00:00+00:00,1.378909945487976,1.3803000450134277,1.378000020980835,1.3800300359725952,0,0.00015000000000000001
2026-05-29 08:00:00+00:00,1.3800599575042725,1.381469964981079,1.3795000314712524,1.3797999620437622,0,0.00015000000000000001
2026-05-29 12:00:00+00:00,1.3799999952316284,1.382930040359497,1.3766000270843506,1.3784300088882446,0,0.00015000000000000001
2026-05-29 16:00:00+00:00,1.3784300088882446,1.3801900148391724,1.3779000043869019,1.378980040550232,0,0.00015000000000000001
2026-05-29 20:00:00+00:00,1.378600001335144,1.3799999952316284,1.378100037574768,1.3792999982833862,0,0.00015000000000000001
2026-05-31 20:00:00+00:00,1.3794900178909302,1.3798199892044067,1.378499984741211,1.3792999982833862,0,0.00015000000000000001
2026-06-01 00:00:00+00:00,1.3796299695968628,1.381369948387146,1.3792999982833862,1.3812899589538574,0,0.00015000000000000001
2026-06-01 04:00:00+00:00,1.3812899589538574,1.3819999694824219,1.379699945449829,1.3813899755477905,0,0.00015000000000000001
2026-06-01 08:00:00+00:00,1.381100058555603,1.3835300207138062,1.3808000087738037,1.3830599784851074,0,0.00015000000000000001
2026-06-01 12:00:00+00:00,1.3830100297927856,1.3849300146102905,1.3819999694824219,1.3837800025939941,0,0.00015000000000000001
2026-06-01 16:00:00+00:00,1.3838000297546387,1.3843499422073364,1.3823000192642212,1.3837900161743164,0,0.00015000000000000001
2026-06-01 20:00:00+00:00,1.3837900161743164,1.3843599557876587,1.3830000162124634,1.3840899467468262,0,0.00015000000000000001
2026-06-02 00:00:00+00:00,1.3840999603271484,1.3848199844360352,1.3835999965667725,1.3840999603271484,0,0.00015000000000000001
2026-06-02 04:00:00+00:00,1.384469985961914,1.384660005569458,1.3830000162124634,1.3839600086212158,0,0.00015000000000000001
2026-06-02 08:00:00+00:00,1.3839499950408936,1.3854199647903442,1.3832999467849731,1.384060025215149,0,0.00015000000000000001
2026-06-02 12:00:00+00:00,1.384060025215149,1.384619951248169,1.381100058555603,1.3823100328445435,0,0.00015000000000000001
2026-06-02 16:00:00+00:00,1.3823000192642212,1.384060025215149,1.3818000555038452,1.3835400342941284,0,0.00015000000000000001
2026-06-02 20:00:00+00:00,1.3835599422454834,1.3846499919891357,1.3830000162124634,1.3845200538635254,0,0.00015000000000000001
2026-06-03 00:00:00+00:00,1.3845700025558472,1.3847700357437134,1.3832000494003296,1.3847299814224243,0,0.00015000000000000001
2026-06-03 04:00:00+00:00,1.3847099542617798,1.3858200311660767,1.3841999769210815,1.3850799798965454,0,0.00015000000000000001
2026-06-03 08:00:00+00:00,1.3850799798965454,1.3859399557113647,1.3842999935150146,1.385390043258667,0,0.00015000000000000001
2026-06-03 12:00:00+00:00,1.385390043258667,1.3892600536346436,1.3848999738693237,1.3889000415802002,0,0.00015000000000000001
2026-06-03 16:00:00+00:00,1.3891199827194214,1.3899500370025635,1.3884999752044678,1.3896299600601196,0,0.00015000000000000001
2026-06-03 20:00:00+00:00,1.3896499872207642,1.3899699449539185,1.3884999752044678,1.3893100023269653,0,0.00015000000000000001
2026-06-04 00:00:00+00:00,1.3893200159072876,1.3904199600219727,1.3885999917984009,1.3899799585342407,0,0.00015000000000000001
2026-06-04 04:00:00+00:00,1.3899699449539185,1.3925100564956665,1.3895000219345093,1.392199993133545,0,0.00015000000000000001
2026-06-04 08:00:00+00:00,1.392240047454834,1.3922499418258667,1.3884999752044678,1.3894100189208984,0,0.00015000000000000001
2026-06-04 12:00:00+00:00,1.3890999555587769,1.3904999494552612,1.3875999450683594,1.3890299797058105,0,0.00015000000000000001
2026-06-04 16:00:00+00:00,1.3890199661254883,1.3905199766159058,1.3884999752044678,1.3903800249099731,0,0.00015000000000000001
2026-06-04 20:00:00+00:00,1.390339970588684,1.391160011291504,1.3892600536346436,1.390679955482483,0,0.00015000000000000001
2026-06-05 00:00:00+00:00,1.3906899690628052,1.3912099599838257,1.3896000385284424,1.3904800415039062,0,0.00015000000000000001
2026-06-05 04:00:00+00:00,1.3904900550842285,1.3909000158309937,1.3878999948501587,1.3883999586105347,0,0.00015000000000000001
2026-06-05 08:00:00+00:00,1.3887699842453003,1.389009952545166,1.386299967765808,1.3879400491714478,0,0.00015000000000000001
2026-06-05 12:00:00+00:00,1.3879499435424805,1.39382004737854,1.3863999843597412,1.392899990081787,0,0.00015000000000000001
2026-06-05 16:00:00+00:00,1.3932199478149414,1.3950300216674805,1.392799973487854,1.3942400217056274,0,0.00015000000000000001
2026-06-05 20:00:00+00:00,1.3942400217056274,1.3950200080871582,1.3933000564575195,1.3937000036239624,0,0.00015000000000000001
2026-06-07 20:00:00+00:00,1.3951599597930908,1.3952000141143799,1.3938000202178955,1.3944799900054932,0,0.00015000000000000001
2026-06-08 00:00:00+00:00,1.3944799900054932,1.3952200412750244,1.3933000564575195,1.3942999839782715,0,0.00015000000000000001
2026-06-08 04:00:00+00:00,1.3945399522781372,1.3951300382614136,1.3932000398635864,1.395110011100769,0,0.00015000000000000001
2026-06-08 08:00:00+00:00,1.3950799703598022,1.3953800201416016,1.3925000429153442,1.3937900066375732,0,0.00015000000000000001
2026-06-08 12:00:00+00:00,1.393779993057251,1.3953299522399902,1.3920999765396118,1.3950300216674805,0,0.00015000000000000001
2026-06-08 16:00:00+00:00,1.394700050354004,1.3961100578308105,1.3941999673843384,1.3951300382614136,0,0.00015000000000000001
2026-06-08 20:00:00+00:00,1.3951599597930908,1.3958200216293335,1.3936400413513184,1.3957899808883667,0,0.00015000000000000001
2026-06-09 00:00:00+00:00,1.3957200050354004,1.3959300518035889,1.3940000534057617,1.394760012626648,0,0.00015000000000000001
2026-06-09 04:00:00+00:00,1.3944000005722046,1.394950032234192,1.3926000595092773,1.3938499689102173,0,0.00015000000000000001
2026-06-09 08:00:00+00:00,1.3938499689102173,1.3943699598312378,1.3914999961853027,1.3921400308609009,0,0.00015000000000000001
2026-06-09 12:00:00+00:00,1.3920999765396118,1.396340012550354,1.3913999795913696,1.3957899808883667,0,0.00015000000000000001
2026-06-09 16:00:00+00:00,1.395799994468689,1.3969199657440186,1.3942999839782715,1.394670009613037,0,0.00015000000000000001
2026-06-09 20:00:00+00:00,1.3946399688720703,1.3956999778747559,1.3940999507904053,1.3953200578689575,0,0.00015000000000000001
2026-06-10 00:00:00+00:00,1.3953100442886353,1.3956999778747559,1.3940999507904053,1.3945599794387817,0,0.00015000000000000001
2026-06-10 04:00:00+00:00,1.3944000005722046,1.3949999809265137,1.392799973487854,1.3937000036239624,0,0.00015000000000000001
2026-06-10 08:00:00+00:00,1.3937000036239624,1.3940399885177612,1.3918999433517456,1.393339991569519,0,0.00015000000000000001
2026-06-10 12:00:00+00:00,1.3933000564575195,1.393839955329895,1.3895000219345093,1.3928899765014648,0,0.00015000000000000001
2026-06-10 16:00:00+00:00,1.392899990081787,1.39451003074646,1.3919999599456787,1.3944900035858154,0,0.00015000000000000001
2026-06-10 20:00:00+00:00,1.3941999673843384,1.3950200080871582,1.3934999704360962,1.3946900367736816,0,0.00015000000000000001
2026-06-11 00:00:00+00:00,1.3946800231933594,1.3947199583053589,1.392699956893921,1.3938499689102173,0,0.00015000000000000001
2026-06-11 04:00:00+00:00,1.3938100337982178,1.3963899612426758,1.3930000066757202,1.3961999416351318,0,0.00015000000000000001
2026-06-11 08:00:00+00:00,1.3961800336837769,1.3983500003814697,1.395799994468689,1.3977299928665161,0,0.00015000000000000001
2026-06-11 12:00:00+00:00,1.3976900577545166,1.4023900032043457,1.3970999717712402,1.4004100561141968,0,0.00015000000000000001
2026-06-11 16:00:00+00:00,1.4000999927520752,1.4015599489212036,1.3948999643325806,1.3958799839019775,0,0.00015000000000000001
2026-06-11 20:00:00+00:00,1.3959200382232666,1.3974299430847168,1.3950999975204468,1.3972400426864624,0,0.00015000000000000001
2026-06-12 00:00:00+00:00,1.3972500562667847,1.3980000019073486,1.3967000246047974,1.3972200155258179,0,0.00015000000000000001
2026-06-12 04:00:00+00:00,1.3972200155258179,1.3995800018310547,1.3966000080108643,1.398800015449524,0,0.00015000000000000001
2026-06-12 08:00:00+00:00,1.3987400531768799,1.399109959602356,1.3969000577926636,1.3988800048828125,0,0.00015000000000000001
2026-06-12 12:00:00+00:00,1.3988399505615234,1.3993699550628662,1.3954999446868896,1.397070050239563,0,0.00015000000000000001
2026-06-12 16:00:00+00:00,1.3968000411987305,1.3984999656677246,1.3961999416351318,1.3981200456619263,0,0.00015000000000000001
2026-06-12 20:00:00+00:00,1.3981300592422485,1.3991899490356445,1.3976000547409058,1.3986999988555908,0,0.00015000000000000001
2026-06-14 20:00:00+00:00,1.3959699869155884,1.3966000080108643,1.395400047302246,1.3963600397109985,0,0.00015000000000000001
2026-06-15 00:00:00+00:00,1.3963700532913208,1.3976600170135498,1.395300030708313,1.396299958229065,0,0.00015000000000000001
2026-06-15 04:00:00+00:00,1.3966000080108643,1.3980799913406372,1.3946000337600708,1.3976999521255493,0,0.00015000000000000001
2026-06-15 08:00:00+00:00,1.3977500200271606,1.3982800245285034,1.3961999416351318,1.3978999853134155,0,0.00015000000000000001
2026-06-15 12:00:00+00:00,1.398229956626892,1.3992500305175781,1.3966000080108643,1.3983299732208252,0,0.00015000000000000001
2026-06-15 16:00:00+00:00,1.3983299732208252,1.3993899822235107,1.3976000547409058,1.3992500305175781,0,0.00015000000000000001
2026-06-15 20:00:00+00:00,1.3993099927902222,1.3995599746704102,1.3978999853134155,1.3991999626159668,0,0.00015000000000000001
2026-06-16 00:00:00+00:00,1.3992300033569336,1.4000200033187866,1.3985999822616577,1.3995000123977661,0,0.00015000000000000001
2026-06-16 04:00:00+00:00,1.3998099565505981,1.4018399715423584,1.3995000123977661,1.4004600048065186,0,0.00015000000000000001
2026-06-16 08:00:00+00:00,1.4004499912261963,1.401229977607727,1.3986999988555908,1.4004000425338745,0,0.00015000000000000001
2026-06-16 12:00:00+00:00,1.4006400108337402,1.4015699625015259,1.3976000547409058,1.3982499837875366,0,0.00015000000000000001
2026-06-16 16:00:00+00:00,1.3982800245285034,1.3999500274658203,1.3976000547409058,1.399880051612854,0,0.00015000000000000001
2026-06-16 20:00:00+00:00,1.399899959564209,1.40024995803833,1.3983999490737915,1.3995599746704102,0,0.00015000000000000001
2026-06-17 00:00:00+00:00,1.3995699882507324,1.4001599550247192,1.3986999988555908,1.4001100063323975,0,0.00015000000000000001
2026-06-17 04:00:00+00:00,1.4001100063323975,1.4007500410079956,1.3990999460220337,1.399399995803833,0,0.00015000000000000001
2026-06-17 08:00:00+00:00,1.3997000455856323,1.4017000198364258,1.3990999460220337,1.4006999731063843,0,0.00015000000000000001
2026-06-17 12:00:00+00:00,1.4010299444198608,1.4033499956130981,1.4000999927520752,1.4030200242996216,0,0.00015000000000000001
2026-06-17 16:00:00+00:00,1.4029899835586548,1.4122999906539917,1.4023900032043457,1.4117200374603271,0,0.00015000000000000001
2026-06-17 20:00:00+00:00,1.4117599725723267,1.4119000434875488,1.4088000059127808,1.410140037536621,0,0.00015000000000000001
2026-06-18 00:00:00+00:00,1.4101300239562988,1.4109400510787964,1.40910005569458,1.4099600315093994,0,0.00015000000000000001
2026-06-18 04:00:00+00:00,1.409999966621399,1.4112800359725952,1.4092999696731567,1.4103100299835205,0,0.00015000000000000001
2026-06-18 08:00:00+00:00,1.4102699756622314,1.4134000539779663,1.4097000360488892,1.4127999544143677,0,0.00015000000000000001
2026-06-18 12:00:00+00:00,1.4131200313568115,1.4146599769592285,1.410599946975708,1.4143199920654297,0,0.00015000000000000001
2026-06-18 16:00:00+00:00,1.4142999649047852,1.4144599437713623,1.412500023841858,1.4135899543762207,0,0.00015000000000000001
2026-06-18 20:00:00+00:00,1.4136199951171875,1.4142299890518188,1.4119999408721924,1.4140599966049194,0,0.00015000000000000001
2026-06-19 00:00:00+00:00,1.4140700101852417,1.415179967880249,1.4133000373840332,1.4151400327682495,0,0.00015000000000000001
2026-06-19 04:00:00+00:00,1.4151500463485718,1.4159400463104248,1.4132000207901,1.41457998752594,0,0.00015000000000000001
2026-06-19 08:00:00+00:00,1.4145900011062622,1.4152400493621826,1.413100004196167,1.4148800373077393,0,0.00015000000000000001
2026-06-19 12:00:00+00:00,1.4148800373077393,1.4183100461959839,1.4143999814987183,1.417739987373352,0,0.00015000000000000001
2026-06-19 16:00:00+00:00,1.4176900386810303,1.4178600311279297,1.4163999557495117,1.4172899723052979,0,0.00015000000000000001
2026-06-19 20:00:00+00:00,1.4173799753189087,1.417799949645996,1.4147299528121948,1.4148999452590942,0,0.00015000000000000001
2026-06-21 20:00:00+00:00,1.4176299571990967,1.4178199768066406,1.4170000553131104,1.4174799919128418,0,0.00015000000000000001
2026-06-22 00:00:00+00:00,1.41743004322052,1.4187099933624268,1.4163999557495117,1.4185600280761719,0,0.00015000000000000001
2026-06-22 04:00:00+00:00,1.4185700416564941,1.419319987297058,1.417099952697754,1.4177600145339966,0,0.00015000000000000001
2026-06-22 08:00:00+00:00,1.4177800416946411,1.4182300567626953,1.416100025177002,1.4171700477600098,0,0.00015000000000000001
2026-06-22 12:00:00+00:00,1.4171700477600098,1.417799949645996,1.4140000343322754,1.4168000221252441,0,0.00015000000000000001
2026-06-22 16:00:00+00:00,1.4168299436569214,1.4169199466705322,1.4149999618530273,1.4159899950027466,0,0.00015000000000000001
2026-06-22 20:00:00+00:00,1.4159899950027466,1.4165400266647339,1.4147000312805176,1.4158400297164917,0,0.00015000000000000001
2026-06-23 00:00:00+00:00,1.4158400297164917,1.417199969291687,1.4153000116348267,1.4164999723434448,0,0.00015000000000000001
2026-06-23 04:00:00+00:00,1.4164799451828003,1.4185899496078491,1.416100025177002,1.417549967765808,0,0.00015000000000000001
2026-06-23 08:00:00+00:00,1.417490005493164,1.4190599918365479,1.416700005531311,1.4189900159835815,0,0.00015000000000000001
2026-06-23 12:00:00+00:00,1.4190000295639038,1.4204000234603882,1.416599988937378,1.4198800325393677,0,0.00015000000000000001
2026-06-23 16:00:00+00:00,1.4198700189590454,1.4217100143432617,1.4191999435424805,1.4208199977874756,0,0.00015000000000000001
2026-06-23 20:00:00+00:00,1.4208199977874756,1.4214600324630737,1.4199999570846558,1.4210000038146973,0,0.00015000000000000001
2026-06-24 00:00:00+00:00,1.4209599494934082,1.422410011291504,1.420199990272522,1.4212000370025635,0,0.00015000000000000001
2026-06-24 04:00:00+00:00,1.4214199781417847,1.422860026359558,1.420799970626831,1.4227499961853027,0,0.00015000000000000001
2026-06-24 08:00:00+00:00,1.4227499961853027,1.4238699674606323,1.4218000173568726,1.4228099584579468,0,0.00015000000000000001
2026-06-24 12:00:00+00:00,1.4225000143051147,1.4248000383377075,1.4220000505447388,1.4238200187683105,0,0.00015000000000000001
2026-06-24 16:00:00+00:00,1.4238200187683105,1.4241299629211426,1.4211000204086304,1.4232499599456787,0,0.00015000000000000001
2026-06-24 20:00:00+00:00,1.4231799840927124,1.4236400127410889,1.4220999479293823,1.4235700368881226,0,0.00015000000000000001
2026-06-25 00:00:00+00:00,1.4235199689865112,1.424340009689331,1.4222999811172485,1.4228999614715576,0,0.00015000000000000001
2026-06-25 04:00:00+00:00,1.4228500127792358,1.424299955368042,1.4222999811172485,1.423140048980713,0,0.00015000000000000001
2026-06-25 08:00:00+00:00,1.4230400323867798,1.4248100519180298,1.4219000339508057,1.424180030822754,0,0.00015000000000000001
2026-06-25 12:00:00+00:00,1.4241100549697876,1.4248000383377075,1.4186999797821045,1.4190700054168701,0,0.00015000000000000001
2026-06-25 16:00:00+00:00,1.4190900325775146,1.420259952545166,1.4174000024795532,1.4194899797439575,0,0.00015000000000000001
2026-06-25 20:00:00+00:00,1.4194799661636353,1.420259952545166,1.4184000492095947,1.4200600385665894,0,0.00015000000000000001
2026-06-26 00:00:00+00:00,1.420050024986267,1.4209500551223755,1.4187999963760376,1.4193999767303467,0,0.00015000000000000001
2026-06-26 04:00:00+00:00,1.4193999767303467,1.4200999736785889,1.4180999994277954,1.4197499752044678,0,0.00015000000000000001
2026-06-26 08:00:00+00:00,1.4197700023651123,1.419950008392334,1.4175000190734863,1.4186300039291382,0,0.00015000000000000001
2026-06-26 12:00:00+00:00,1.4186400175094604,1.4200400114059448,1.4164999723434448,1.4183900356292725,0,0.00015000000000000001
2026-06-26 16:00:00+00:00,1.4183499813079834,1.4196799993515015,1.4174000024795532,1.4176000356674194,0,0.00015000000000000001
2026-06-26 20:00:00+00:00,1.4180599451065063,1.419600009918213,1.4175000190734863,1.4190000295639038,0,0.00015000000000000001
2026-06-28 20:00:00+00:00,1.4190700054168701,1.419450044631958,1.4182000160217285,1.4189800024032593,0,0.00015000000000000001
2026-06-29 00:00:00+00:00,1.4189800024032593,1.4198299646377563,1.417799949645996,1.419119954109192,0,0.00015000000000000001
2026-06-29 04:00:00+00:00,1.4190900325775146,1.4193400144577026,1.417099952697754,1.4188599586486816,0,0.00015000000000000001
2026-06-29 08:00:00+00:00,1.4188599586486816,1.4207899570465088,1.4182000160217285,1.4204200506210327,0,0.00015000000000000001
2026-06-29 12:00:00+00:00,1.4204699993133545,1.421779990196228,1.4194999933242798,1.4211599826812744,0,0.00015000000000000001
2026-06-29 16:00:00+00:00,1.4211599826812744,1.4212900400161743,1.419100046157837,1.4202799797058105,0,0.00015000000000000001
2026-06-29 20:00:00+00:00,1.4202799797058105,1.4213999509811401,1.419600009918213,1.4210400581359863,0,0.00015000000000000001
2026-06-30 00:00:00+00:00,1.4210799932479858,1.4235199689865112,1.4206000566482544,1.4231599569320679,0,0.00015000000000000001
2026-06-30 04:00:00+00:00,1.4231499433517456,1.423949956893921,1.422320008277893,1.4229300022125244,0,0.00015000000000000001
2026-06-30 08:00:00+00:00,1.4229400157928467,1.4247499704360962,1.4227499961853027,1.4235999584197998,0,0.00015000000000000001
2026-06-30 12:00:00+00:00,1.4235999584197998,1.4240100383758545,1.4183000326156616,1.4205199480056763,0,0.00015000000000000001
2026-06-30 16:00:00+00:00,1.420549988746643,1.4212499856948853,1.4177000522613525,1.418280005455017,0,0.00015000000000000001
2026-06-30 20:00:00+00:00,1.418280005455017,1.4208600521087646,1.4174000024795532,1.4208199977874756,0,0.00015000000000000001
2026-07-01 00:00:00+00:00,1.4208099842071533,1.4221999645233154,1.4200999736785889,1.4217499494552612,0,0.00015000000000000001
2026-07-01 04:00:00+00:00,1.4217499494552612,1.422260046005249,1.4205000400543213,1.4216699600219727,0,0.00015000000000000001
2026-07-01 08:00:00+00:00,1.421679973602295,1.4225399494171143,1.4210000038146973,1.422160029411316,0,0.00015000000000000001
2026-07-01 12:00:00+00:00,1.4221199750900269,1.4234999418258667,1.4186999797821045,1.4205600023269653,0,0.00015000000000000001
2026-07-01 16:00:00+00:00,1.420549988746643,1.4218499660491943,1.4193999767303467,1.4213999509811401,0,0.00015000000000000001
2026-07-01 20:00:00+00:00,1.4214099645614624,1.4221700429916382,1.4200999736785889,1.4218800067901611,0,0.00015000000000000001
2026-07-02 00:00:00+00:00,1.4218699932098389,1.4224400520324707,1.4204000234603882,1.4217000007629395,0,0.00015000000000000001
2026-07-02 04:00:00+00:00,1.4217000007629395,1.4218499660491943,1.4190000295639038,1.419950008392334,0,0.00015000000000000001
2026-07-02 08:00:00+00:00,1.4199999570846558,1.4217400550842285,1.4182000160217285,1.4214099645614624,0,0.00015000000000000001
2026-07-02 12:00:00+00:00,1.421370029449463,1.4219000339508057,1.4144999980926514,1.4183000326156616,0,0.00015000000000000001
2026-07-02 16:00:00+00:00,1.4183399677276611,1.4187699556350708,1.4170000553131104,1.418179988861084,0,0.00015000000000000001
2026-07-02 20:00:00+00:00,1.418179988861084,1.419100046157837,1.417199969291687,1.419029951095581,0,0.00015000000000000001
2026-07-03 00:00:00+00:00,1.419029951095581,1.41975998878479,1.416200041770935,1.4170700311660767,0,0.00015000000000000001
2026-07-03 04:00:00+00:00,1.4170700311660767,1.4178099632263184,1.4155000448226929,1.417549967765808,0,0.00015000000000000001
2026-07-03 08:00:00+00:00,1.4175900220870972,1.4196900129318237,1.417099952697754,1.4193700551986694,0,0.00015000000000000001
2026-07-03 12:00:00+00:00,1.4193799495697021,1.4205900430679321,1.4187999963760376,1.4200199842453003,0,0.00015000000000000001
2026-07-03 16:00:00+00:00,1.419600009918213,1.4206600189208984,1.419100046157837,1.4201600551605225,0,0.00015000000000000001
2026-07-03 20:00:00+00:00,1.4201600551605225,1.420699954032898,1.4192899465560913,1.419800043106079,0,0.00015000000000000001
2026-07-05 20:00:00+00:00,1.4204399585723877,1.4206500053405762,1.4198999404907227,1.4204599857330322,0,0.00015000000000000001
2026-07-06 00:00:00+00:00,1.4204200506210327,1.4213500022888184,1.4198999404907227,1.4210000038146973,0,0.00015000000000000001
2026-07-06 04:00:00+00:00,1.4209699630737305,1.4219800233840942,1.4200999736785889,1.421820044517517,0,0.00015000000000000001
2026-07-06 08:00:00+00:00,1.421820044517517,1.423200011253357,1.420799970626831,1.4219000339508057,0,0.00015000000000000001
2026-07-06 12:00:00+00:00,1.4221299886703491,1.4238500595092773,1.420799970626831,1.4215199947357178,0,0.00015000000000000001
2026-07-06 16:00:00+00:00,1.4214999675750732,1.4218599796295166,1.4199999570846558,1.4205399751663208,0,0.00015000000000000001
2026-07-06 20:00:00+00:00,1.420549988746643,1.4209100008010864,1.4193999767303467,1.4208199977874756,0,0.00015000000000000001
2026-07-07 00:00:00+00:00,1.4205000400543213,1.4218499660491943,1.4204000234603882,1.4217100143432617,0,0.00015000000000000001
2026-07-07 04:00:00+00:00,1.4214999675750732,1.4221800565719604,1.420699954032898,1.4220900535583496,0,0.00015000000000000001
2026-07-07 08:00:00+00:00,1.4220600128173828,1.4221199750900269,1.4198999404907227,1.4214400053024292,0,0.00015000000000000001
2026-07-07 12:00:00+00:00,1.4214400053024292,1.4226100444793701,1.4184999465942383,1.419510006904602,0,0.00015000000000000001
2026-07-07 16:00:00+00:00,1.4194799661636353,1.4206299781799316,1.4178999662399292,1.4196100234985352,0,0.00015000000000000001
2026-07-07 20:00:00+00:00,1.4195599555969238,1.4206899404525757,1.4184000492095947,1.4204399585723877,0,0.00015000000000000001
2026-07-08 00:00:00+00:00,1.4204299449920654,1.4208500385284424,1.4186999797821045,1.4195899963378906,0,0.00015000000000000001
2026-07-08 04:00:00+00:00,1.4195899963378906,1.4199199676513672,1.4156999588012695,1.4162800312042236,0,0.00015000000000000001
2026-07-08 08:00:00+00:00,1.4162399768829346,1.419010043144226,1.4150999784469604,1.4187899827957153,0,0.00015000000000000001
2026-07-08 12:00:00+00:00,1.4187400341033936,1.4196300506591797,1.4160000085830688,1.4189000129699707,0,0.00015000000000000001
2026-07-08 16:00:00+00:00,1.4189399480819702,1.4189499616622925,1.4155999422073364,1.4164299964904785,0,0.00015000000000000001
2026-07-08 20:00:00+00:00,1.4164299964904785,1.4176199436187744,1.4158999919891357,1.4167900085449219,0,0.00015000000000000001
2026-07-09 00:00:00+00:00,1.4167799949645996,1.4169000387191772,1.4155999422073364,1.4165699481964111,0,0.00015000000000000001
2026-07-09 04:00:00+00:00,1.4165500402450562,1.4182000160217285,1.4148999452590942,1.4177800416946411,0,0.00015000000000000001
2026-07-09 08:00:00+00:00,1.4177800416946411,1.4189599752426147,1.4169000387191772,1.417199969291687,0,0.00015000000000000001
2026-07-09 12:00:00+00:00,1.4174200296401978,1.4182100296020508,1.4160000085830688,1.416200041770935,0,0.00015000000000000001
2026-07-09 16:00:00+00:00,1.4163399934768677,1.4172999858856201,1.4155000448226929,1.4172099828720093,0,0.00015000000000000001
2026-07-09 20:00:00+00:00,1.4172300100326538,1.4172899723052979,1.4158999919891357,1.416700005531311,0,0.00015000000000000001
2026-07-10 00:00:00+00:00,1.4166899919509888,1.4172500371932983,1.4132000207901,1.4147000312805176,0,0.00015000000000000001
2026-07-10 04:00:00+00:00,1.4147000312805176,1.4166300296783447,1.4143999814987183,1.4164299964904785,0,0.00015000000000000001
2026-07-10 08:00:00+00:00,1.416409969329834,1.4171600341796875,1.4149999618530273,1.4155800342559814,0,0.00015000000000000001
2026-07-10 12:00:00+00:00,1.4153000116348267,1.4169600009918213,1.4128999710083008,1.413349986076355,0,0.00015000000000000001
2026-07-10 16:00:00+00:00,1.4133599996566772,1.4157999753952026,1.4112999439239502,1.4155900478363037,0,0.00015000000000000001
2026-07-10 20:00:00+00:00,1.4155800342559814,1.4159799814224243,1.4148000478744507,1.4151999950408936,0,0.00015000000000000001
2026-07-12 20:00:00+00:00,1.416890025138855,1.4170500040054321,1.4156999588012695,1.4163399934768677,0,0.00015000000000000001
2026-07-13 00:00:00+00:00,1.4163600206375122,1.4174599647521973,1.4156999588012695,1.4160900115966797,0,0.00015000000000000001
2026-07-13 04:00:00+00:00,1.4160900115966797,1.4164899587631226,1.4138000011444092,1.4142999649047852,0,0.00015000000000000001
2026-07-13 08:00:00+00:00,1.4142600297927856,1.4144099950790405,1.4121999740600586,1.4133700132369995,0,0.00015000000000000001
2026-07-13 12:00:00+00:00,1.413409948348999,1.4152100086212158,1.4127999544143677,1.414080023765564,0,0.00015000000000000001
2026-07-13 16:00:00+00:00,1.4141199588775635,1.4160000085830688,1.4134999513626099,1.4154900312423706,0,0.00015000000000000001
2026-07-13 20:00:00+00:00,1.4154900312423706,1.4158999919891357,1.414199948310852,1.4149500131607056,0,0.00015000000000000001
2026-07-14 00:00:00+00:00,1.4148999452590942,1.4154499769210815,1.4124000072479248,1.4131200313568115,0,0.00015000000000000001
2026-07-14 04:00:00+00:00,1.4131200313568115,1.4135500192642212,1.4098000526428223,1.4101999998092651,0,0.00015000000000000001
2026-07-14 08:00:00+00:00,1.4104399681091309,1.4115999937057495,1.4076999425888062,1.4113800525665283,0,0.00015000000000000001
2026-07-14 12:00:00+00:00,1.411370038986206,1.4115400314331055,1.4043999910354614,1.406499981880188,0,0.00015000000000000001
2026-07-14 16:00:00+00:00,1.4067399501800537,1.4074699878692627,1.405500054359436,1.4066499471664429,0,0.00015000000000000001
2026-07-14 20:00:00+00:00,1.4066499471664429,1.40693998336792,1.4043999910354614,1.4052000045776367,0,0.00015000000000000001
2026-07-15 00:00:00+00:00,1.405150055885315,1.4055700302124023,1.4035999774932861,1.4045699834823608,0,0.00015000000000000001
2026-07-15 04:00:00+00:00,1.4045900106430054,1.4058899879455566,1.404099941253662,1.4052300453186035,0,0.00015000000000000001
2026-07-15 08:00:00+00:00,1.4052400588989258,1.4071999788284302,1.4045599699020386,1.4069199562072754,0,0.00015000000000000001
2026-07-15 12:00:00+00:00,1.4068700075149536,1.407729983329773,1.4041999578475952,1.404770016670227,0,0.00015000000000000001
2026-07-15 16:00:00+00:00,1.4045000076293945,1.405519962310791,1.4020999670028687,1.404170036315918,0,0.00015000000000000001
2026-07-15 20:00:00+00:00,1.4041199684143066,1.404539942741394,1.402500033378601,1.4037100076675415,0,0.00015000000000000001
2026-07-16 00:00:00+00:00,1.4037400484085083,1.4053699970245361,1.4032000303268433,1.4042999744415283,0,0.00015000000000000001
2026-07-16 04:00:00+00:00,1.4046399593353271,1.405150055885315,1.4035999774932861,1.4046399593353271,0,0.00015000000000000001
2026-07-16 08:00:00+00:00,1.404579997062683,1.4048800468444824,1.4026999473571777,1.4032100439071655,0,0.00015000000000000001
2026-07-16 12:00:00+00:00,1.4032100439071655,1.4041500091552734,1.4006999731063843,1.4034299850463867,0,0.00015000000000000001
2026-07-16 16:00:00+00:00,1.4033900499343872,1.4058200120925903,1.402899980545044,1.4047900438308716,0,0.00015000000000000001
2026-07-16 20:00:00+00:00,1.4047900438308716,1.4053000211715698,1.4032000303268433,1.4037599563598633,0,0.00015000000000000001
2026-07-17 00:00:00+00:00,1.403730034828186,1.4041199684143066,1.402500033378601,1.4035999774932861,0,0.00015000000000000001
2026-07-17 04:00:00+00:00,1.4035600423812866,1.4039900302886963,1.4021999835968018,1.4028400182724,0,0.00015000000000000001
2026-07-17 08:00:00+00:00,1.4028899669647217,1.4040000438690186,1.4017000198364258,1.4025800228118896,0,0.00015000000000000001
2026-07-17 12:00:00+00:00,1.4026399850845337,1.4029300212860107,1.4003000259399414,1.4015599489212036,0,0.00015000000000000001
2026-07-17 16:00:00+00:00,1.401520013809204,1.4021400213241577,1.4000999927520752,1.4009900093078613,0,0.00015000000000000001
2026-07-17 20:00:00+00:00,1.4010499715805054,1.4021400213241577,1.4005000591278076,1.4018000364303589,0,0.00015000000000000001
2026-07-19 20:00:00+00:00,1.4018800258636475,1.4023000001907349,1.4012999534606934,1.4017000198364258,0,0.00015000000000000001
2026-07-20 00:00:00+00:00,1.401919960975647,1.4020800590515137,1.399999976158142,1.400670051574707,0,0.00015000000000000001
2026-07-20 04:00:00+00:00,1.4003000259399414,1.4015400409698486,1.399899959564209,1.4014300107955933,0,0.00015000000000000001
2026-07-20 08:00:00+00:00,1.4014400243759155,1.4036999940872192,1.4009000062942505,1.4035899639129639,0,0.00015000000000000001
2026-07-20 12:00:00+00:00,1.4035199880599976,1.4066100120544434,1.402500033378601,1.4059799909591675,0,0.00015000000000000001
2026-07-20 16:00:00+00:00,1.4060200452804565,1.4066200256347656,1.4048000574111938,1.4064699411392212,0,0.00015000000000000001
2026-07-20 20:00:00+00:00,1.4062000513076782,1.4084999561309814,1.405900001525879,1.4069000482559204,0,0.00015000000000000001
2026-07-21 00:00:00+00:00,1.407099962234497,1.4081100225448608,1.406599998474121,1.4078799486160278,0,0.00015000000000000001
2026-07-21 04:00:00+00:00,1.4078600406646729,1.4079400300979614,1.405400037765503,1.4062999486923218,0,0.00015000000000000001
2026-07-21 08:00:00+00:00,1.4064500331878662,1.4070099592208862,1.4050999879837036,1.406559944152832,0,0.00015000000000000001
2026-07-21 12:00:00+00:00,1.406599998474121,1.4101799726486206,1.4061000347137451,1.409500002861023,0,0.00015000000000000001
2026-07-21 16:00:00+00:00,1.4097399711608887,1.4111000299453735,1.40910005569458,1.4101999998092651,0,0.00015000000000000001
2026-07-21 20:00:00+00:00,1.4105299711227417,1.4111299514770508,1.4098000526428223,1.4105199575424194,0,0.00015000000000000001
2026-07-22 00:00:00+00:00,1.4105000495910645,1.410789966583252,1.409500002861023,1.41048002243042,0,0.00015000000000000001
2026-07-22 04:00:00+00:00,1.41048002243042,1.4108099937438965,1.4081900119781494,1.4089299440383911,0,0.00015000000000000001
2026-07-22 08:00:00+00:00,1.4089299440383911,1.4105099439620972,1.4089100360870361,1.4090100526809692,0,0.00015000000000000001
2026-07-22 12:00:00+00:00,1.4089800119400024,1.4094599485397339,1.4072999954223633,1.4084700345993042,0,0.00015000000000000001
2026-07-22 16:00:00+00:00,1.4084700345993042,1.409500002861023,1.4078999757766724,1.4083800315856934,0,0.00015000000000000001
2026-07-22 20:00:00+00:00,1.4083800315856934,1.409000039100647,1.4076999425888062,1.4085700511932373,0,0.00015000000000000001
2026-07-23 00:00:00+00:00,1.4085500240325928,1.4086699485778809,1.4057999849319458,1.406440019607544,0,0.00015000000000000001
2026-07-23 04:00:00+00:00,1.4063800573349,1.4073599576950073,1.4053000211715698,1.4069700241088867,0,0.00015000000000000001
2026-07-23 08:00:00+00:00,1.4069000482559204,1.4091299772262573,1.4063999652862549,1.4078799486160278,0,0.00015000000000000001
2026-07-23 12:00:00+00:00,1.4078600406646729,1.409980058670044,1.4067000150680542,1.4087899923324585,0,0.00015000000000000001
2026-07-23 16:00:00+00:00,1.4084999561309814,1.4090100526809692,1.407099962234497,1.4083199501037598,0,0.00015000000000000001
2026-07-23 20:00:00+00:00,1.4083000421524048,1.4089299440383911,1.4072999954223633,1.4085400104522705,0,0.00015000000000000001
2026-07-24 00:00:00+00:00,1.4084899425506592,1.4086400270462036,1.4063999652862549,1.4077099561691284,0,0.00015000000000000001
2026-07-24 04:00:00+00:00,1.4076499938964844,1.408460021018982,1.4062000513076782,1.4076000452041626,0,0.00015000000000000001
2026-07-24 08:00:00+00:00,1.407539963722229,1.4090299606323242,1.4069000482559204,1.408750057220459,0,0.00015000000000000001
2026-07-24 12:00:00+00:00,1.408750057220459,1.4114799499511719,1.407099962234497,1.4079400300979614,0,0.00015000000000000001
2026-07-24 16:00:00+00:00,1.4079699516296387,1.4102400541305542,1.4075000286102295,1.4100799560546875,0,0.00015000000000000001
2026-07-24 20:00:00+00:00,1.4100300073623657,1.4104000329971313,1.4089000225067139,1.4091999530792236,0,0.00015000000000000001
2026-07-26 20:00:00+00:00,1.4090100526809692,1.409060001373291,1.4082000255584717,1.40871000289917,0,0.00015000000000000001
2026-07-27 00:00:00+00:00,1.4086500406265259,1.4086999893188477,1.4067000150680542,1.408210039138794,0,0.00015000000000000001
2026-07-27 04:00:00+00:00,1.408210039138794,1.4102599620819092,1.4076000452041626,1.4097000360488892,0,0.00015000000000000001
2026-07-27 08:00:00+00:00,1.4097199440002441,1.4109100103378296,1.4086999893188477,1.410599946975708,0,0.00015000000000000001
2026-07-27 12:00:00+00:00,1.4107199907302856,1.411829948425293,1.409500002861023,1.4111299514770508,0,0.00015000000000000001
2026-07-27 16:00:00+00:00,1.4111700057983398,1.412600040435791,1.4104000329971313,1.4120999574661255,0,0.00015000000000000001
2026-07-27 20:00:00+00:00,1.4120999574661255,1.412619948387146,1.4115899801254272,1.4124200344085693,0,0.00015000000000000001
2026-07-28 00:00:00+00:00,1.4124399423599243,1.4128899574279785,1.410599946975708,1.4115300178527832,0,0.00015000000000000001
2026-07-28 04:00:00+00:00,1.4115300178527832,1.4126900434494019,1.410599946975708,1.4117799997329712,0,0.00015000000000000001
2026-07-28 08:00:00+00:00,1.4118000268936157,1.4118499755859375,1.409999966621399,1.4107500314712524,0,0.00015000000000000001
2026-07-28 12:00:00+00:00,1.4107199907302856,1.4117300510406494,1.4083000421524048,1.4092400074005127,0,0.00015000000000000001
2026-07-28 16:00:00+00:00,1.409190058708191,1.4110499620437622,1.4083000421524048,1.41103994846344,0,0.00015000000000000001
2026-07-28 20:00:00+00:00,1.411020040512085,1.4111299514770508,1.4097000360488892,1.4106299877166748,0,0.00015000000000000001
2026-07-29 00:00:00+00:00,1.4106099605560303,1.410979986190796,1.4085999727249146,1.409250020980835,0,0.00015000000000000001
2026-07-29 04:00:00+00:00,1.409250020980835,1.4100699424743652,1.4081000089645386,1.4094799757003784,0,0.00015000000000000001
2026-07-29 08:00:00+00:00,1.4094699621200562,1.4106299877166748,1.4089000225067139,1.4097000360488892,0,0.00015000000000000001
2026-07-29 12:00:00+00:00,1.4098700284957886,1.4105900526046753,1.4072999954223633,1.408769965171814,0,0.00015000000000000001
2026-07-29 16:00:00+00:00,1.4087200164794922,1.4099500179290771,1.4019999504089355,1.405750036239624,0,0.00015000000000000001
2026-07-29 20:00:00+00:00,1.4057300090789795,1.4057799577713013,1.402999997138977,1.4035899639129639,0,0.00015000000000000001
2026-07-30 00:00:00+00:00,1.4035999774932861,1.4054100513458252,1.4026999473571777,1.4049999713897705,0,0.00015000000000000001
2026-07-30 04:00:00+00:00,1.4052300453186035,1.406790018081665,1.4043999910354614,1.4062000513076782,0,0.00015000000000000001
2026-07-30 08:00:00+00:00,1.4065799713134766,1.4067599773406982,1.4032000303268433,1.4042500257492065,0,0.00015000000000000001
2026-07-30 12:00:00+00:00,1.4042500257492065,1.4058899879455566,1.3997999429702759,1.4003900289535522,0,0.00015000000000000001
2026-07-30 16:00:00+00:00,1.4003299474716187,1.4007600545883179,1.3986999988555908,1.4002599716186523,0,0.00015000000000000001
2026-07-30 20:00:00+00:00,1.4003000259399414,1.401229977607727,1.3997000455856323,1.4011600017547607,0,0.00015000000000000001
2026-07-31 00:00:00+00:00,1.401170015335083,1.4023499488830566,1.4003000259399414,1.4018199443817139,0,0.00015000000000000001
2026-07-31 04:00:00+00:00,1.4018399715423584,1.4023000001907349,1.401039958000183,1.4020800590515137,0,0.00015000000000000001
2026-07-31 08:00:00+00:00,1.4020299911499023,1.4036099910736084,1.4003299474716187,1.403540015220642,0,0.00015000000000000001
2026-07-31 12:00:00+00:00,1.4035799503326416,1.4058599472045898,1.4012000560760498,1.4029500484466553,0,0.00015000000000000001
2026-07-31 16:00:00+00:00,1.4029799699783325,1.4032000303268433,1.4005000591278076,1.4017200469970703,0,0.00015000000000000001
2026-07-31 20:00:00+00:00,1.401769995689392,1.4020400047302246,1.4006999731063843,1.4017000198364258,0,0.00015000000000000001
2026-08-02 20:00:00+00:00,1.4010100364685059,1.401520013809204,1.4004000425338745,1.4013500213623047,0,0.00015000000000000001
2026-08-03 00:00:00+00:00,1.4013500213623047,1.4035300016403198,1.400439977645874,1.40339994430542,0,0.00015000000000000001
2026-08-03 04:00:00+00:00,1.4033600091934204,1.4044599533081055,1.4023000001907349,1.404170036315918,0,0.00015000000000000001
2026-08-03 08:00:00+00:00,1.404170036315918,1.4045499563217163,1.402500033378601,1.4028799533843994,0,0.00015000000000000001
2026-08-03 12:00:00+00:00,1.4028700590133667,1.4049700498580933,1.402400016784668,1.4036999940872192,0,0.00015000000000000001
2026-08-03 16:00:00+00:00,1.4040199518203735,1.4053499698638916,1.403499960899353,1.4044899940490723,0,0.00015000000000000001
2026-08-03 20:00:00+00:00,1.4044500589370728,1.4048199653625488,1.4038000106811523,1.4046299457550049,0,0.00015000000000000001
2026-08-04 00:00:00+00:00,1.4046399593353271,1.4048000574111938,1.4035999774932861,1.4043400287628174,0,0.00015000000000000001
2026-08-04 04:00:00+00:00,1.4043099880218506,1.4065300226211548,1.4039000272750854,1.4050400257110596,0,0.00015000000000000001
2026-08-04 08:00:00+00:00,1.4050400257110596,1.4058599472045898,1.402999997138977,1.405400037765503,0,0.00015000000000000001
2026-08-04 12:00:00+00:00,1.4056999683380127,1.4076299667358398,1.4048000574111938,1.4069000482559204,0,0.00015000000000000001
2026-08-04 16:00:00+00:00,1.4072200059890747,1.4080100059509277,1.405900001525879,1.4066799879074097,0,0.00015000000000000001
2026-08-04 20:00:00+00:00,1.406690001487732,1.4068900346755981,1.4055999517440796,1.4065799713134766,0,0.00015000000000000001
2026-08-05 00:00:00+00:00,1.4065500497817993,1.4075700044631958,1.406000018119812,1.407080054283142,0,0.00015000000000000001
2026-08-05 04:00:00+00:00,1.407080054283142,1.4080100059509277,1.4062000513076782,1.4066699743270874,0,0.00015000000000000001
2026-08-05 08:00:00+00:00,1.4066599607467651,1.4075599908828735,1.4047000408172607,1.405210018157959,0,0.00015000000000000001
2026-08-05 12:00:00+00:00,1.4048999547958374,1.4055999517440796,1.4010000228881836,1.401919960975647,0,0.00015000000000000001
2026-08-05 16:00:00+00:00,1.4019500017166138,1.4028600454330444,1.399999976158142,1.4011900424957275,0,0.00015000000000000001
2026-08-05 20:00:00+00:00,1.401170015335083,1.401360034942627,1.4003000259399414,1.4010200500488281,0,0.00015000000000000001
2026-08-06 00:00:00+00:00,1.4010100364685059,1.4014999866485596,1.399899959564209,1.4009000062942505,0,0.00015000000000000001
2026-08-06 04:00:00+00:00,1.4013500213623047,1.4017800092697144,1.4005999565124512,1.4013099670410156,0,0.00015000000000000001
2026-08-06 08:00:00+00:00,1.4012800455093384,1.4015300273895264,1.398800015449524,1.3991600275039673,0,0.00015000000000000001
2026-08-06 12:00:00+00:00,1.3990000486373901,1.4037699699401855,1.3985999822616577,1.4031100273132324,0,0.00015000000000000001
2026-08-06 16:00:00+00:00,1.4030799865722656,1.4032299518585205,1.4007999897003174,1.4014699459075928,0,0.00015000000000000001
2026-08-06 20:00:00+00:00,1.401479959487915,1.4018199443817139,1.4004000425338745,1.4013999700546265,0,0.00015000000000000001
2026-08-07 00:00:00+00:00,1.4013700485229492,1.402109980583191,1.4009000062942505,1.4018199443817139,0,0.00015000000000000001
2026-08-07 04:00:00+00:00,1.4018199443817139,1.402809977531433,1.4012000560760498,1.402359962463379,0,0.00015000000000000001
2026-08-07 08:00:00+00:00,1.402340054512024,1.4029200077056885,1.4006999731063843,1.4011499881744385,0,0.00015000000000000001
2026-08-07 12:00:00+00:00,1.4009000062942505,1.4012600183486938,1.3920999765396118,1.393380045890808,0,0.00015000000000000001
2026-08-07 16:00:00+00:00,1.393399953842163,1.3944000005722046,1.3925000429153442,1.3942400217056274,0,0.00015000000000000001
2026-08-07 20:00:00+00:00,1.394260048866272,1.3953700065612793,1.3933000564575195,1.3935999870300293,0,0.00015000000000000001
2026-08-09 20:00:00+00:00,1.3945300579071045,1.395259976387024,1.3939000368118286,1.3952499628067017,0,0.00015000000000000001
2026-08-10 00:00:00+00:00,1.3952200412750244,1.3962899446487427,1.3942999839782715,1.3961800336837769,0,0.00015000000000000001
2026-08-10 04:00:00+00:00,1.3961900472640991,1.396399974822998,1.3937000036239624,1.3942300081253052,0,0.00015000000000000001
2026-08-10 08:00:00+00:00,1.3941999673843384,1.3946199417114258,1.392799973487854,1.3939800262451172,0,0.00015000000000000001
2026-08-10 12:00:00+00:00,1.3940000534057617,1.395740032196045,1.3924000263214111,1.3928600549697876,0,0.00015000000000000001
2026-08-10 16:00:00+00:00,1.3928300142288208,1.394700050354004,1.392199993133545,1.3939299583435059,0,0.00015000000000000001
2026-08-10 20:00:00+00:00,1.3939299583435059,1.3941099643707275,1.3930000066757202,1.3933700323104858,0,0.00015000000000000001
2026-08-11 00:00:00+00:00,1.3933500051498413,1.393779993057251,1.3925000429153442,1.393090009689331,0,0.00015000000000000001
2026-08-11 04:00:00+00:00,1.393090009689331,1.3945200443267822,1.392300009727478,1.3941999673843384,0,0.00015000000000000001
2026-08-11 08:00:00+00:00,1.3944400548934937,1.3946000337600708,1.3925000429153442,1.3939000368118286,0,0.00015000000000000001
2026-08-11 12:00:00+00:00,1.3939000368118286,1.3941600322723389,1.3919999599456787,1.3923900127410889,0,0.00015000000000000001
2026-08-11 16:00:00+00:00,1.3923799991607666,1.392699956893921,1.3911000490188599,1.3924599885940552,0,0.00015000000000000001
2026-08-11 20:00:00+00:00,1.3924599885940552,1.392699956893921,1.3914999961853027,1.3920199871063232,0,0.00015000000000000001
2026-08-12 00:00:00+00:00,1.3920400142669678,1.393149971961975,1.3913999795913696,1.3928099870681763,0,0.00015000000000000001
2026-08-12 04:00:00+00:00,1.3928099870681763,1.3934400081634521,1.3924000263214111,1.392930030822754,0,0.00015000000000000001
2026-08-12 08:00:00+00:00,1.392699956893921,1.3938000202178955,1.392199993133545,1.392300009727478,0,0.00015000000000000001
2026-08-12 12:00:00+00:00,1.3926399946212769,1.3929400444030762,1.3903000354766846,1.3920700550079346,0,0.00015000000000000001
2026-08-12 16:00:00+00:00,1.3920300006866455,1.394700050354004,1.3914999961853027,1.3938000202178955,0,0.00015000000000000001
2026-08-12 20:00:00+00:00,1.3940800428390503,1.3943500518798828,1.3932000398635864,1.394070029258728,0,0.00015000000000000001
2026-08-13 00:00:00+00:00,1.3940600156784058,1.3950999975204468,1.3933000564575195,1.394819974899292,0,0.00015000000000000001
2026-08-13 04:00:00+00:00,1.3948099613189697,1.3958300352096558,1.3939000368118286,1.3952499628067017,0,0.00015000000000000001
2026-08-13 08:00:00+00:00,1.3952499628067017,1.3955999612808228,1.3932000398635864,1.3945200443267822,0,0.00015000000000000001
2026-08-13 12:00:00+00:00,1.3945200443267822,1.3954099416732788,1.3926000595092773,1.3937000036239624,0,0.00015000000000000001
2026-08-13 16:00:00+00:00,1.3937000036239624,1.394070029258728,1.392300009727478,1.3928300142288208,0,0.00015000000000000001
2026-08-13 20:00:00+00:00,1.3928300142288208,1.3934999704360962,1.392199993133545,1.3927099704742432,0,0.00015000000000000001
2026-08-14 00:00:00+00:00,1.3927199840545654,1.3930399417877197,1.3914999961853027,1.391800045967102,0,0.00015000000000000001
2026-08-14 04:00:00+00:00,1.3920300006866455,1.3922100067138672,1.3883999586105347,1.3889100551605225,0,0.00015000000000000001
2026-08-14 08:00:00+00:00,1.3889100551605225,1.389359951019287,1.3875000476837158,1.3878999948501587,0,0.00015000000000000001
2026-08-14 12:00:00+00:00,1.3882100582122803,1.3883399963378906,1.3860000371932983,1.3873200416564941,0,0.00015000000000000001
2026-08-14 16:00:00+00:00,1.3873399496078491,1.388100028038025,1.386299967765808,1.3876099586486816,0,0.00015000000000000001
2026-08-14 20:00:00+00:00,1.3876099586486816,1.3877500295639038,1.3868000507354736,1.3871999979019165,0,0.00015000000000000001
2026-08-16 20:00:00+00:00,1.3869999647140503,1.3873000144958496,1.3869400024414062,1.387220025062561,0,0.00015000000000000001
2026-08-17 00:00:00+00:00,1.3871899843215942,1.3872300386428833,1.3860000371932983,1.386489987373352,0,0.00015000000000000001
2026-08-17 04:00:00+00:00,1.386489987373352,1.3867000341415405,1.3847999572753906,1.3856799602508545,0,0.00015000000000000001
2026-08-17 08:00:00+00:00,1.3854000568389893,1.3867100477218628,1.3847999572753906,1.3861500024795532,0,0.00015000000000000001
2026-08-17 12:00:00+00:00,1.386139988899231,1.38742995262146,1.3839999437332153,1.3868399858474731,0,0.00015000000000000001
2026-08-17 16:00:00+00:00,1.3868399858474731,1.3877700567245483,1.386199951171875,1.3873399496078491,0,0.00015000000000000001
2026-08-17 20:00:00+00:00,1.3873399496078491,1.387660026550293,1.3865000009536743,1.3870199918746948,0,0.00015000000000000001
2026-08-18 00:00:00+00:00,1.3867000341415405,1.3875000476837158,1.3861000537872314,1.3869999647140503,0,0.00015000000000000001
2026-08-18 04:00:00+00:00,1.3872300386428833,1.3878799676895142,1.3859000205993652,1.3865300416946411,0,0.00015000000000000001
2026-08-18 08:00:00+00:00,1.3865400552749634,1.3877999782562256,1.385699987411499,1.3874399662017822,0,0.00015000000000000001
2026-08-18 12:00:00+00:00,1.3874499797821045,1.3895100355148315,1.386299967765808,1.3890199661254883,0,0.00015000000000000001
2026-08-18 16:00:00+00:00,1.389050006866455,1.391029953956604,1.3884999752044678,1.3897000551223755,0,0.00015000000000000001
2026-08-18 20:00:00+00:00,1.3898799419403076,1.390239953994751,1.388200044631958,1.3898899555206299,0,0.00015000000000000001
2026-08-19 00:00:00+00:00,1.3898799419403076,1.3907999992370605,1.3869999647140503,1.3882900476455688,0,0.00015000000000000001
2026-08-19 04:00:00+00:00,1.3882900476455688,1.388319969177246,1.3868000507354736,1.3874900341033936,0,0.00015000000000000001
2026-08-19 08:00:00+00:00,1.3874900341033936,1.388409972190857,1.3859000205993652,1.3868999481201172,0,0.00015000000000000001
2026-08-19 12:00:00+00:00,1.3873499631881714,1.3875399827957153,1.3799999952316284,1.382140040397644,0,0.00015000000000000001
2026-08-19 16:00:00+00:00,1.382140040397644,1.38264000415802,1.3803000450134277,1.3808000087738037,0,0.00015000000000000001
2026-08-19 20:00:00+00:00,1.3810900449752808,1.3813400268554688,1.3795000314712524,1.38100004196167,0,0.00015000000000000001
2026-08-20 00:00:00+00:00,1.381019949913025,1.3812600374221802,1.3794000148773193,1.379870057106018,0,0.00015000000000000001
2026-08-20 04:00:00+00:00,1.379930019378662,1.380370020866394,1.3774000406265259,1.3780499696731567,0,0.00015000000000000001
2026-08-20 08:00:00+00:00,1.3780399560928345,1.3782000541687012,1.375100016593933,1.3767000436782837,0,0.00015000000000000001
2026-08-20 12:00:00+00:00,1.3768800497055054,1.378999948501587,1.3761999607086182,1.3781499862670898,0,0.00015000000000000001
2026-08-20 16:00:00+00:00,1.3781800270080566,1.3795499801635742,1.3776999711990356,1.3794599771499634,0,0.00015000000000000001
2026-08-20 20:00:00+00:00,1.3794599771499634,1.3794699907302856,1.3775999546051025,1.3781499862670898,0,0.00015000000000000001
2026-08-21 00:00:00+00:00,1.3781399726867676,1.3782099485397339,1.375599980354309,1.3764599561691284,0,0.00015000000000000001
2026-08-21 04:00:00+00:00,1.3764599561691284,1.3768500089645386,1.3753000497817993,1.3758599758148193,0,0.00015000000000000001
2026-08-21 08:00:00+00:00,1.375849962234497,1.3760000467300415,1.3730000257492065,1.3737800121307373,0,0.00015000000000000001
2026-08-21 12:00:00+00:00,1.3737800121307373,1.377750039100647,1.3727999925613403,1.3765699863433838,0,0.00015000000000000001
2026-08-21 16:00:00+00:00,1.376579999923706,1.377020001411438,1.375,1.376870036125183,0,0.00015000000000000001
2026-08-21 20:00:00+00:00,1.376889944076538,1.3769299983978271,1.3759000301361084,1.3762999773025513,0,0.00015000000000000001
2026-08-23 20:00:00+00:00,1.379390001296997,1.3799400329589844,1.3788000345230103,1.378999948501587,0,0.00015000000000000001
2026-08-24 00:00:00+00:00,1.3792400360107422,1.379889965057373,1.3779000043869019,1.3791199922561646,0,0.00015000000000000001
2026-08-24 04:00:00+00:00,1.3791199922561646,1.3838000297546387,1.3787000179290771,1.3836699724197388,0,0.00015000000000000001
2026-08-24 08:00:00+00:00,1.3836400508880615,1.3847299814224243,1.3825000524520874,1.3845800161361694,0,0.00015000000000000001
2026-08-24 12:00:00+00:00,1.3842999935150146,1.3850699663162231,1.3818000555038452,1.3840999603271484,0,0.00015000000000000001
2026-08-24 16:00:00+00:00,1.3838000297546387,1.3860199451446533,1.3833999633789062,1.3845000267028809,0,0.00015000000000000001
2026-08-24 20:00:00+00:00,1.384529948234558,1.3848999738693237,1.3834199905395508,1.3839000463485718,0,0.00015000000000000001
2026-08-25 00:00:00+00:00,1.3840700387954712,1.3854600191116333,1.3835999965667725,1.3853299617767334,0,0.00015000000000000001
2026-08-25 04:00:00+00:00,1.3853199481964111,1.3866900205612183,1.3848999738693237,1.3860399723052979,0,0.00015000000000000001
2026-08-25 08:00:00+00:00,1.3860100507736206,1.3864599466323853,1.3847999572753906,1.385699987411499,0,0.00015000000000000001
2026-08-25 12:00:00+00:00,1.3860199451446533,1.3862500190734863,1.382200002670288,1.383430004119873,0,0.00015000000000000001
2026-08-25 16:00:00+00:00,1.383430004119873,1.3840999603271484,1.382099986076355,1.382699966430664,0,0.00015000000000000001
2026-08-25 20:00:00+00:00,1.3829699754714966,1.3846499919891357,1.3825000524520874,1.38372004032135,0,0.00015000000000000001
2026-08-26 00:00:00+00:00,1.3836899995803833,1.3860199451446533,1.3831000328063965,1.3854000568389893,0,0.00015000000000000001
2026-08-26 04:00:00+00:00,1.3858799934387207,1.3866499662399292,1.38510000705719,1.3862799406051636,0,0.00015000000000000001
2026-08-26 08:00:00+00:00,1.3860000371932983,1.3874200582504272,1.3853000402450562,1.386199951171875,0,0.00015000000000000001
2026-08-26 12:00:00+00:00,1.3861900568008423,1.389299988746643,1.385200023651123,1.3876899480819702,0,0.00015000000000000001
2026-08-26 16:00:00+00:00,1.3876800537109375,1.388069987297058,1.3865000009536743,1.3877099752426147,0,0.00015000000000000001
2026-08-26 20:00:00+00:00,1.3876999616622925,1.3880300521850586,1.3868999481201172,1.387470006942749,0,0.00015000000000000001
2026-08-27 00:00:00+00:00,1.387470006942749,1.3884999752044678,1.3868000507354736,1.3883899450302124,0,0.00015000000000000001
2026-08-27 04:00:00+00:00,1.3884199857711792,1.3890999555587769,1.3875999450683594,1.3882999420166016,0,0.00015000000000000001
2026-08-27 08:00:00+00:00,1.3880000114440918,1.3887799978256226,1.3863999843597412,1.387179970741272,0,0.00015000000000000001
2026-08-27 12:00:00+00:00,1.3871899843215942,1.3877700567245483,1.3847999572753906,1.3855600357055664,0,0.00015000000000000001
2026-08-27 16:00:00+00:00,1.3855600357055664,1.386199951171875,1.3846999406814575,1.385409951210022,0,0.00015000000000000001
2026-08-27 20:00:00+00:00,1.385409951210022,1.3858200311660767,1.384600043296814,1.3851200342178345,0,0.00015000000000000001
2026-08-28 00:00:00+00:00,1.3851200342178345,1.3855600357055664,1.3842999935150146,1.3850599527359009,0,0.00015000000000000001
2026-08-28 04:00:00+00:00,1.3850599527359009,1.385740041732788,1.3841999769210815,1.3853199481964111,0,0.00015000000000000001
2026-08-28 08:00:00+00:00,1.385349988937378,1.3859000205993652,1.3839999437332153,1.3851200342178345,0,0.00015000000000000001
2026-08-28 12:00:00+00:00,1.3851200342178345,1.3899099826812744,1.3839999437332153,1.3896900415420532,0,0.00015000000000000001
2026-08-28 16:00:00+00:00,1.389680027961731,1.3909900188446045,1.389299988746643,1.390239953994751,0,0.00015000000000000001
2026-08-28 20:00:00+00:00,1.3901000022888184,1.3909499645233154,1.3896000385284424,1.3902000188827515,0,0.00015000000000000001
2026-08-30 20:00:00+00:00,1.3903900384902954,1.3904800415039062,1.3894000053405762,1.3899799585342407,0,0.00015000000000000001
2026-08-31 00:00:00+00:00,1.389989972114563,1.3907699584960938,1.3883999586105347,1.389009952545166,0,0.00015000000000000001
2026-08-31 04:00:00+00:00,1.389009952545166,1.3901000022888184,1.3883999586105347,1.3892799615859985,0,0.00015000000000000001
2026-08-31 08:00:00+00:00,1.3892500400543213,1.3901599645614624,1.3878999948501587,1.3886899948120117,0,0.00015000000000000001
2026-08-31 12:00:00+00:00,1.388700008392334,1.3888399600982666,1.385200023651123,1.386199951171875,0,0.00015000000000000001
2026-08-31 16:00:00+00:00,1.3861700296401978,1.3863099813461304,1.3849999904632568,1.3859100341796875,0,0.00015000000000000001
2026-08-31 20:00:00+00:00,1.3859100341796875,1.3860000371932983,1.3847999572753906,1.3852100372314453,0,0.00015000000000000001
2026-09-01 00:00:00+00:00,1.385200023651123,1.3868000507354736,1.3839999437332153,1.3867700099945068,0,0.00015000000000000001
2026-09-01 04:00:00+00:00,1.3867900371551514,1.387470006942749,1.3854999542236328,1.3868999481201172,0,0.00015000000000000001
2026-09-01 08:00:00+00:00,1.3872300386428833,1.3882499933242798,1.3861000537872314,1.3880399465560913,0,0.00015000000000000001
2026-09-01 12:00:00+00:00,1.3880399465560913,1.3906699419021606,1.3873000144958496,1.390339970588684,0,0.00015000000000000001
2026-09-01 16:00:00+00:00,1.390339970588684,1.3906500339508057,1.388700008392334,1.3896499872207642,0,0.00015000000000000001
2026-09-01 20:00:00+00:00,1.3896499872207642,1.3901699781417847,1.388700008392334,1.389299988746643,0,0.00015000000000000001
2026-09-02 00:00:00+00:00,1.3895800113677979,1.391700029373169,1.3890000581741333,1.3911999464035034,0,0.00015000000000000001
2026-09-02 04:00:00+00:00,1.3915200233459473,1.39274001121521,1.3905999660491943,1.39260995388031,0,0.00015000000000000001
2026-09-02 08:00:00+00:00,1.39260995388031,1.3939800262451172,1.3919999599456787,1.3926500082015991,0,0.00015000000000000001
2026-09-02 12:00:00+00:00,1.3926399946212769,1.392799973487854,1.3832999467849731,1.3847999572753906,0,0.00015000000000000001
2026-09-02 16:00:00+00:00,1.3851200342178345,1.385740041732788,1.3831000328063965,1.3838599920272827,0,0.00015000000000000001
2026-09-02 20:00:00+00:00,1.3838800191879272,1.3847600221633911,1.3830499649047852,1.3845200538635254,0,0.00015000000000000001
2026-09-03 00:00:00+00:00,1.3841999769210815,1.3846999406814575,1.3823000192642212,1.3829900026321411,0,0.00015000000000000001
2026-09-03 04:00:00+00:00,1.3829599618911743,1.3837000131607056,1.3812999725341797,1.381809949874878,0,0.00015000000000000001
2026-09-03 08:00:00+00:00,1.3817600011825562,1.3818700313568115,1.3788000345230103,1.3789000511169434,0,0.00015000000000000001
2026-09-03 12:00:00+00:00,1.3792400360107422,1.3807200193405151,1.3777999877929688,1.3782399892807007,0,0.00015000000000000001
2026-09-03 16:00:00+00:00,1.3782700300216675,1.3796000480651855,1.376099944114685,1.3787399530410767,0,0.00015000000000000001
2026-09-03 20:00:00+00:00,1.3787399530410767,1.3795000314712524,1.3779000043869019,1.3789600133895874,0,0.00015000000000000001
2026-09-04 00:00:00+00:00,1.3789499998092651,1.3795599937438965,1.378000020980835,1.3789000511169434,0,0.00015000000000000001
2026-09-04 04:00:00+00:00,1.37923002243042,1.3804199695587158,1.3783999681472778,1.380370020866394,0,0.00015000000000000001
2026-09-04 08:00:00+00:00,1.3803900480270386,1.3809200525283813,1.3795000314712524,1.3801599740982056,0,0.00015000000000000001
2026-09-04 12:00:00+00:00,1.3801699876785278,1.3872100114822388,1.3789000511169434,1.3835699558258057,0,0.00015000000000000001
2026-09-04 16:00:00+00:00,1.3835699558258057,1.384160041809082,1.382200002670288,1.3831499814987183,0,0.00015000000000000001
2026-09-04 20:00:00+00:00,1.3831499814987183,1.3839499950408936,1.382699966430664,1.3837000131607056,0,0.00015000000000000001
2026-09-06 20:00:00+00:00,1.3835099935531616,1.3835599422454834,1.3827999830245972,1.3834799528121948,0,0.00015000000000000001
2026-09-07 00:00:00+00:00,1.383489966392517,1.3841500282287598,1.3825000524520874,1.3836599588394165,0,0.00015000000000000001
2026-09-07 04:00:00+00:00,1.3836300373077393,1.3839099407196045,1.3825000524520874,1.3829900026321411,0,0.00015000000000000001
2026-09-07 08:00:00+00:00,1.3829599618911743,1.3831499814987183,1.381100058555603,1.3818000555038452,0,0.00015000000000000001
2026-09-07 12:00:00+00:00,1.3821200132369995,1.3822300434112549,1.3799999952316284,1.3811299800872803,0,0.00015000000000000001
2026-09-07 16:00:00+00:00,1.3811500072479248,1.3818000555038452,1.3803999423980713,1.3815699815750122,0,0.00015000000000000001
2026-09-07 20:00:00+00:00,1.3815699815750122,1.381700038909912,1.3799999952316284,1.3804199695587158,0,0.00015000000000000001
2026-09-08 00:00:00+00:00,1.3804500102996826,1.3811999559402466,1.3795000314712524,1.3804099559783936,0,0.00015000000000000001
2026-09-08 04:00:00+00:00,1.3804099559783936,1.3807400465011597,1.3770999908447266,1.3795100450515747,0,0.00015000000000000001
2026-09-08 08:00:00+00:00,1.3795299530029297,1.381500005722046,1.3787000179290771,1.3803000450134277,0,0.00015000000000000001
2026-09-08 12:00:00+00:00,1.3802900314331055,1.3812099695205688,1.375499963760376,1.3780399560928345,0,0.00015000000000000001
2026-09-08 16:00:00+00:00,1.3780200481414795,1.3793400526046753,1.3772000074386597,1.378309965133667,0,0.00015000000000000001
2026-09-08 20:00:00+00:00,1.3782999515533447,1.3791799545288086,1.3772000074386597,1.3775800466537476,0,0.00015000000000000001
2026-09-09 00:00:00+00:00,1.3775999546051025,1.3782700300216675,1.3768999576568604,1.3775399923324585,0,0.00015000000000000001
2026-09-09 04:00:00+00:00,1.3775399923324585,1.3776099681854248,1.3762999773025513,1.3773499727249146,0,0.00015000000000000001
2026-09-09 08:00:00+00:00,1.3773200511932373,1.3787000179290771,1.3763999938964844,1.3770699501037598,0,0.00015000000000000001
2026-09-09 12:00:00+00:00,1.3770699501037598,1.3820500373840332,1.3761999607086182,1.3803000450134277,0,0.00015000000000000001
2026-09-09 16:00:00+00:00,1.380620002746582,1.3810399770736694,1.3795000314712524,1.380910038948059,0,0.00015000000000000001
2026-09-09 20:00:00+00:00,1.3808799982070923,1.381250023841858,1.37909996509552,1.3804899454116821,0,0.00015000000000000001
2026-09-10 00:00:00+00:00,1.3804800510406494,1.3811899423599243,1.3798999786376953,1.380679965019226,0,0.00015000000000000001
2026-09-10 04:00:00+00:00,1.3806400299072266,1.381119966506958,1.3797999620437622,1.3808300495147705,0,0.00015000000000000001
2026-09-10 08:00:00+00:00,1.3808300495147705,1.3824000358581543,1.3796000480651855,1.3817100524902344,0,0.00015000000000000001
2026-09-10 12:00:00+00:00,1.3816699981689453,1.383489966392517,1.3802000284194946,1.380679965019226,0,0.00015000000000000001
2026-09-10 16:00:00+00:00,1.3806999921798706,1.383430004119873,1.3799999952316284,1.3833400011062622,0,0.00015000000000000001
2026-09-10 20:00:00+00:00,1.3833199739456177,1.3839499950408936,1.3819999694824219,1.3835300207138062,0,0.00015000000000000001
2026-09-11 00:00:00+00:00,1.3834999799728394,1.3846299648284912,1.3830000162124634,1.3839999437332153,0,0.00015000000000000001
2026-09-11 04:00:00+00:00,1.3842999935150146,1.3844200372695923,1.3830000162124634,1.383739948272705,0,0.00015000000000000001
2026-09-11 08:00:00+00:00,1.38372004032135,1.386199951171875,1.3831000328063965,1.385699987411499,0,0.00015000000000000001
2026-09-11 12:00:00+00:00,1.3859200477600098,1.3883999586105347,1.38510000705719,1.3865400552749634,0,0.00015000000000000001
2026-09-11 16:00:00+00:00,1.3865300416946411,1.3870999813079834,1.385599970817566,1.3864599466323853,0,0.00015000000000000001
2026-09-11 20:00:00+00:00,1.3864500522613525,1.3875000476837158,1.3858000040054321,1.3868999481201172,0,0.00015000000000000001
2026-09-13 20:00:00+00:00,1.3871300220489502,1.3871999979019165,1.386299967765808,1.3867900371551514,0,0.00015000000000000001
2026-09-14 00:00:00+00:00,1.3867900371551514,1.3875199556350708,1.3860000371932983,1.3873100280761719,0,0.00015000000000000001
2026-09-14 04:00:00+00:00,1.3873000144958496,1.388100028038025,1.3867000341415405,1.3879200220108032,0,0.00015000000000000001
2026-09-14 08:00:00+00:00,1.3879200220108032,1.390220046043396,1.3875000476837158,1.3886799812316895,0,0.00015000000000000001
2026-09-14 12:00:00+00:00,1.3886799812316895,1.3929699659347534,1.388200044631958,1.3912700414657593,0,0.00015000000000000001
2026-09-14 16:00:00+00:00,1.391260027885437,1.3913400173187256,1.389299988746643,1.3903100490570068,0,0.00015000000000000001
2026-09-14 20:00:00+00:00,1.3903299570083618,1.3905999660491943,1.38919997215271,1.3897000551223755,0,0.00015000000000000001
2026-09-15 00:00:00+00:00,1.390030026435852,1.3914599418640137,1.3895000219345093,1.391379952430725,0,0.00015000000000000001
2026-09-15 04:00:00+00:00,1.391379952430725,1.3916000127792358,1.3894000053405762,1.3901900053024292,0,0.00015000000000000001
2026-09-15 08:00:00+00:00,1.3901900053024292,1.3924000263214111,1.389299988746643,1.3923300504684448,0,0.00015000000000000001
2026-09-15 12:00:00+00:00,1.3923300504684448,1.392930030822754,1.3902000188827515,1.3917700052261353,0,0.00015000000000000001
2026-09-15 16:00:00+00:00,1.3917700052261353,1.3920600414276123,1.3905999660491943,1.3917700052261353,0,0.00015000000000000001
2026-09-15 20:00:00+00:00,1.3917700052261353,1.3925700187683105,1.3911000490188599,1.3925199508666992,0,0.00015000000000000001
2026-09-16 00:00:00+00:00,1.3924800157546997,1.3937000036239624,1.3920999765396118,1.3933299779891968,0,0.00015000000000000001
