idea,tag,params,n_legs,score,raw_min_mo,avg_pct_pos,avg_top3,vt,chi,wm,symbols
lock_plus4|oos_sharpe|vt0.0035|hi3.0,lock_plus4,n=9|w=oos_sharpe|vt=0.0035|chi=3.0|mc=None,9,0.0054555203990297695,0.00806774500583171,0.7386363636363636,0.6152805609471723,0.0035,3.0,oos_sharpe,USDCHF|GBPUSD|CADJPY|AUDCAD|GBPCAD|EURUSD|GBPJPY|NZDCAD|EURCHF
lock_plus4|oos_sharpe|vt0.004|hi3.0,lock_plus4,n=9|w=oos_sharpe|vt=0.004|chi=3.0|mc=None,9,0.0054555203990297695,0.00806774500583171,0.7386363636363636,0.6152805609471723,0.004,3.0,oos_sharpe,USDCHF|GBPUSD|CADJPY|AUDCAD|GBPCAD|EURUSD|GBPJPY|NZDCAD|EURCHF
lock_plus4|oos_sharpe|vt0.005|hi3.0,lock_plus4,n=9|w=oos_sharpe|vt=0.005|chi=3.0|mc=None,9,0.0054555203990297695,0.00806774500583171,0.7386363636363636,0.6152805609471723,0.005,3.0,oos_sharpe,USDCHF|GBPUSD|CADJPY|AUDCAD|GBPCAD|EURUSD|GBPJPY|NZDCAD|EURCHF
lock_plus4|oos_sharpe|vt0.003|hi3.0,lock_plus4,n=9|w=oos_sharpe|vt=0.003|chi=3.0|mc=None,9,0.00532275109415153,0.008000049319975404,0.7386363636363636,0.6169324556455968,0.003,3.0,oos_sharpe,USDCHF|GBPUSD|CADJPY|AUDCAD|GBPCAD|EURUSD|GBPJPY|NZDCAD|EURCHF
lock_plus3|oos_sharpe|vt0.005|hi3.0,lock_plus3,n=8|w=oos_sharpe|vt=0.005|chi=3.0|mc=None,8,0.005283326276875712,0.00812073892018915,0.7386363636363636,0.6209353160828359,0.005,3.0,oos_sharpe,USDCHF|GBPUSD|CADJPY|AUDCAD|GBPCAD|EURUSD|GBPJPY|NZDCAD
lock_plus3|oos_sharpe|vt0.004|hi3.0,lock_plus3,n=8|w=oos_sharpe|vt=0.004|chi=3.0|mc=None,8,0.0052778928273816555,0.00812073892018915,0.7386363636363636,0.6210711523201874,0.004,3.0,oos_sharpe,USDCHF|GBPUSD|CADJPY|AUDCAD|GBPCAD|EURUSD|GBPJPY|NZDCAD
lock_plus3|oos_sharpe|vt0.0035|hi3.0,lock_plus3,n=8|w=oos_sharpe|vt=0.0035|chi=3.0|mc=None,8,0.00523464614635492,0.008127034962227941,0.7386363636363636,0.6223097203968255,0.0035,3.0,oos_sharpe,USDCHF|GBPUSD|CADJPY|AUDCAD|GBPCAD|EURUSD|GBPJPY|NZDCAD
lock_plus4|oos_sharpe|vt0.0025|hi3.0,lock_plus4,n=9|w=oos_sharpe|vt=0.0025|chi=3.0|mc=None,9,0.005095531157160113,0.00788598170705916,0.7386363636363636,0.6197612637474762,0.0025,3.0,oos_sharpe,USDCHF|GBPUSD|CADJPY|AUDCAD|GBPCAD|EURUSD|GBPJPY|NZDCAD|EURCHF
lock_plus3|oos_sharpe|vt0.003|hi3.0,lock_plus3,n=8|w=oos_sharpe|vt=0.003|chi=3.0|mc=None,8,0.005084998238856846,0.00803088605401718,0.7386363636363636,0.6236471953790084,0.003,3.0,oos_sharpe,USDCHF|GBPUSD|CADJPY|AUDCAD|GBPCAD|EURUSD|GBPJPY|NZDCAD
lock_plus3|oos_sharpe|vt0.002|hi3.0,lock_plus3,n=8|w=oos_sharpe|vt=0.002|chi=3.0|mc=None,8,0.004964832855570686,0.007743847525018166,0.7386363636363636,0.619475366736187,0.002,3.0,oos_sharpe,USDCHF|GBPUSD|CADJPY|AUDCAD|GBPCAD|EURUSD|GBPJPY|NZDCAD
lock_plus3|oos_sharpe|vt0.0025|hi3.0,lock_plus3,n=8|w=oos_sharpe|vt=0.0025|chi=3.0|mc=None,8,0.004943292421324843,0.007934669575194953,0.7386363636363636,0.6247844288467528,0.0025,3.0,oos_sharpe,USDCHF|GBPUSD|CADJPY|AUDCAD|GBPCAD|EURUSD|GBPJPY|NZDCAD
lock_plus4|oos_sharpe|vt0.002|hi3.0,lock_plus4,n=9|w=oos_sharpe|vt=0.002|chi=3.0|mc=None,9,0.0048204939726728645,0.0077254764755586465,0.7386363636363636,0.6226245625721446,0.002,3.0,oos_sharpe,USDCHF|GBPUSD|CADJPY|AUDCAD|GBPCAD|EURUSD|GBPJPY|NZDCAD|EURCHF
lock_plus2|oos_sharpe|vt0.002|hi3.0,lock_plus2,n=7|w=oos_sharpe|vt=0.002|chi=3.0|mc=None,7,0.0041565468832640475,0.007736026851181091,0.7386363636363636,0.6394869991979262,0.002,3.0,oos_sharpe,USDCHF|GBPUSD|CADJPY|AUDCAD|GBPCAD|EURUSD|GBPJPY
lock_plus2|oos_sharpe|vt0.005|hi3.0,lock_plus2,n=7|w=oos_sharpe|vt=0.005|chi=3.0|mc=None,7,0.004037639873528951,0.007818265511185779,0.7386363636363636,0.6445156409414208,0.005,3.0,oos_sharpe,USDCHF|GBPUSD|CADJPY|AUDCAD|GBPCAD|EURUSD|GBPJPY
lock_plus2|oos_sharpe|vt0.004|hi3.0,lock_plus2,n=7|w=oos_sharpe|vt=0.004|chi=3.0|mc=None,7,0.0038538509920932355,0.007727576949194029,0.7386363636363636,0.6468431489275199,0.004,3.0,oos_sharpe,USDCHF|GBPUSD|CADJPY|AUDCAD|GBPCAD|EURUSD|GBPJPY
seed6_n8_c0.55|equal|vt0.0025|hi3.0,seed6_n8_c0.55,n=8|w=equal|vt=0.0025|chi=3.0|mc=0.55,8,0.003760321345032052,0.0065411490246604495,0.7386363636363636,0.6195206919907099,0.0025,3.0,equal,GBPCAD|AUDCAD|EURUSD|CADJPY|NZDCAD|GBPJPY|USDCHF|AUDUSD
seed6_n8_c0.55|equal|vt0.003|hi3.0,seed6_n8_c0.55,n=8|w=equal|vt=0.003|chi=3.0|mc=0.55,8,0.003699798056320255,0.006464989960646776,0.7386363636363636,0.6191297976081631,0.003,3.0,equal,GBPCAD|AUDCAD|EURUSD|CADJPY|NZDCAD|GBPJPY|USDCHF|AUDUSD
seed6_n8_c0.55|equal|vt0.0035|hi3.0,seed6_n8_c0.55,n=8|w=equal|vt=0.0035|chi=3.0|mc=0.55,8,0.003671631018069192,0.006440078754724198,0.7386363636363636,0.6192111934163752,0.0035,3.0,equal,GBPCAD|AUDCAD|EURUSD|CADJPY|NZDCAD|GBPJPY|USDCHF|AUDUSD
seed6_n8_c0.55|equal|vt0.004|hi3.0,seed6_n8_c0.55,n=8|w=equal|vt=0.004|chi=3.0|mc=0.55,8,0.003662699610277501,0.006431147346932458,0.7386363636363636,0.619211193416374,0.004,3.0,equal,GBPCAD|AUDCAD|EURUSD|CADJPY|NZDCAD|GBPJPY|USDCHF|AUDUSD
seed6_n8_c0.55|equal|vt0.005|hi3.0,seed6_n8_c0.55,n=8|w=equal|vt=0.005|chi=3.0|mc=0.55,8,0.003662699610277461,0.006431147346932458,0.7386363636363636,0.619211193416375,0.005,3.0,equal,GBPCAD|AUDCAD|EURUSD|CADJPY|NZDCAD|GBPJPY|USDCHF|AUDUSD
lock_plus2|oos_sharpe|vt0.0035|hi3.0,lock_plus2,n=7|w=oos_sharpe|vt=0.0035|chi=3.0|mc=None,7,0.0036626827667974975,0.007584626320491825,0.7386363636363636,0.6480485888423582,0.0035,3.0,oos_sharpe,USDCHF|GBPUSD|CADJPY|AUDCAD|GBPCAD|EURUSD|GBPJPY
lock_plus2|oos_sharpe|vt0.0025|hi3.0,lock_plus2,n=7|w=oos_sharpe|vt=0.0025|chi=3.0|mc=None,7,0.0036130542591222736,0.007398186449687455,0.7386363636363636,0.6446283047641296,0.0025,3.0,oos_sharpe,USDCHF|GBPUSD|CADJPY|AUDCAD|GBPCAD|EURUSD|GBPJPY
lock_plus2|oos_sharpe|vt0.003|hi3.0,lock_plus2,n=7|w=oos_sharpe|vt=0.003|chi=3.0|mc=None,7,0.0035740559854953195,0.00755085477355906,0.7386363636363636,0.6494199697015935,0.003,3.0,oos_sharpe,USDCHF|GBPUSD|CADJPY|AUDCAD|GBPCAD|EURUSD|GBPJPY
seed6_n8_c0.55|oos_sharpe|vt0.003|hi3.0,seed6_n8_c0.55,n=8|w=oos_sharpe|vt=0.003|chi=3.0|mc=0.55,8,0.0032923442208914774,0.0061484738884294895,0.7386363636363636,0.6214032416884503,0.003,3.0,oos_sharpe,GBPCAD|AUDCAD|EURUSD|CADJPY|NZDCAD|GBPJPY|USDCHF|AUDUSD
seed6_n8_c0.55|oos_sharpe|vt0.004|hi3.0,seed6_n8_c0.55,n=8|w=oos_sharpe|vt=0.004|chi=3.0|mc=0.55,8,0.00328771711364728,0.006143846781185221,0.7386363636363636,0.6214032416884485,0.004,3.0,oos_sharpe,GBPCAD|AUDCAD|EURUSD|CADJPY|NZDCAD|GBPJPY|USDCHF|AUDUSD
seed6_n8_c0.55|oos_sharpe|vt0.005|hi3.0,seed6_n8_c0.55,n=8|w=oos_sharpe|vt=0.005|chi=3.0|mc=0.55,8,0.00328771711364728,0.006143846781185221,0.7386363636363636,0.6214032416884485,0.005,3.0,oos_sharpe,GBPCAD|AUDCAD|EURUSD|CADJPY|NZDCAD|GBPJPY|USDCHF|AUDUSD
seed6_n8_c0.55|oos_sharpe|vt0.0035|hi3.0,seed6_n8_c0.55,n=8|w=oos_sharpe|vt=0.0035|chi=3.0|mc=0.55,8,0.0032877171136470023,0.006143846781185221,0.7386363636363636,0.6214032416884555,0.0035,3.0,oos_sharpe,GBPCAD|AUDCAD|EURUSD|CADJPY|NZDCAD|GBPJPY|USDCHF|AUDUSD
seed6_n8_c0.55|oos_sharpe|vt0.0025|hi3.0,seed6_n8_c0.55,n=8|w=oos_sharpe|vt=0.0025|chi=3.0|mc=0.55,8,0.003139041134824279,0.006090539916394047,0.7386363636363636,0.6237874695392442,0.0025,3.0,oos_sharpe,GBPCAD|AUDCAD|EURUSD|CADJPY|NZDCAD|GBPJPY|USDCHF|AUDUSD
lock_plus4|oos_sharpe|vt0.0025|hi2.0,lock_plus4,n=9|w=oos_sharpe|vt=0.0025|chi=2.0|mc=None,9,0.0027916144185797303,0.005387841883661734,0.7386363636363636,0.6140767681136783,0.0025,2.0,oos_sharpe,USDCHF|GBPUSD|CADJPY|AUDCAD|GBPCAD|EURUSD|GBPJPY|NZDCAD|EURCHF
lock_plus4|oos_sharpe|vt0.003|hi2.0,lock_plus4,n=9|w=oos_sharpe|vt=0.003|chi=2.0|mc=None,9,0.0027916144185797303,0.005387841883661734,0.7386363636363636,0.6140767681136783,0.003,2.0,oos_sharpe,USDCHF|GBPUSD|CADJPY|AUDCAD|GBPCAD|EURUSD|GBPJPY|NZDCAD|EURCHF
lock_plus4|oos_sharpe|vt0.0035|hi2.0,lock_plus4,n=9|w=oos_sharpe|vt=0.0035|chi=2.0|mc=None,9,0.0027916144185797303,0.005387841883661734,0.7386363636363636,0.6140767681136783,0.0035,2.0,oos_sharpe,USDCHF|GBPUSD|CADJPY|AUDCAD|GBPCAD|EURUSD|GBPJPY|NZDCAD|EURCHF
lock_plus4|oos_sharpe|vt0.004|hi2.0,lock_plus4,n=9|w=oos_sharpe|vt=0.004|chi=2.0|mc=None,9,0.0027916144185797303,0.005387841883661734,0.7386363636363636,0.6140767681136783,0.004,2.0,oos_sharpe,USDCHF|GBPUSD|CADJPY|AUDCAD|GBPCAD|EURUSD|GBPJPY|NZDCAD|EURCHF
lock_plus4|oos_sharpe|vt0.005|hi2.0,lock_plus4,n=9|w=oos_sharpe|vt=0.005|chi=2.0|mc=None,9,0.0027916144185797303,0.005387841883661734,0.7386363636363636,0.6140767681136783,0.005,2.0,oos_sharpe,USDCHF|GBPUSD|CADJPY|AUDCAD|GBPCAD|EURUSD|GBPJPY|NZDCAD|EURCHF
mr_n5|equal|vt0.0025|hi3.0,mr_n5,n=5|w=equal|vt=0.0025|chi=3.0|mc=None,5,0.002750771601711654,0.005565423363576138,0.7386363636363636,0.6203662940466121,0.0025,3.0,equal,GBPCAD|CADJPY|AUDCAD|EURUSD|USDCHF
lock_plus4|oos_sharpe|vt0.002|hi2.0,lock_plus4,n=9|w=oos_sharpe|vt=0.002|chi=2.0|mc=None,9,0.002713895157717032,0.005342746269750156,0.7386363636363636,0.6157212778008281,0.002,2.0,oos_sharpe,USDCHF|GBPUSD|CADJPY|AUDCAD|GBPCAD|EURUSD|GBPJPY|NZDCAD|EURCHF
lock_plus3|oos_sharpe|vt0.003|hi2.0,lock_plus3,n=8|w=oos_sharpe|vt=0.003|chi=2.0|mc=None,8,0.0026285291269272856,0.005419803245941435,0.7386363636363636,0.6197818529753538,0.003,2.0,oos_sharpe,USDCHF|GBPUSD|CADJPY|AUDCAD|GBPCAD|EURUSD|GBPJPY|NZDCAD
lock_plus3|oos_sharpe|vt0.0035|hi2.0,lock_plus3,n=8|w=oos_sharpe|vt=0.0035|chi=2.0|mc=None,8,0.0026285291269272856,0.005419803245941435,0.7386363636363636,0.6197818529753538,0.0035,2.0,oos_sharpe,USDCHF|GBPUSD|CADJPY|AUDCAD|GBPCAD|EURUSD|GBPJPY|NZDCAD
lock_plus3|oos_sharpe|vt0.004|hi2.0,lock_plus3,n=8|w=oos_sharpe|vt=0.004|chi=2.0|mc=None,8,0.0026285291269272856,0.005419803245941435,0.7386363636363636,0.6197818529753538,0.004,2.0,oos_sharpe,USDCHF|GBPUSD|CADJPY|AUDCAD|GBPCAD|EURUSD|GBPJPY|NZDCAD
lock_plus3|oos_sharpe|vt0.005|hi2.0,lock_plus3,n=8|w=oos_sharpe|vt=0.005|chi=2.0|mc=None,8,0.0026285291269272856,0.005419803245941435,0.7386363636363636,0.6197818529753538,0.005,2.0,oos_sharpe,USDCHF|GBPUSD|CADJPY|AUDCAD|GBPCAD|EURUSD|GBPJPY|NZDCAD
lock_plus3|oos_sharpe|vt0.0025|hi2.0,lock_plus3,n=8|w=oos_sharpe|vt=0.0025|chi=2.0|mc=None,8,0.0025999870680909498,0.005419803245941435,0.7386363636363636,0.6204954044462622,0.0025,2.0,oos_sharpe,USDCHF|GBPUSD|CADJPY|AUDCAD|GBPCAD|EURUSD|GBPJPY|NZDCAD
lock_plus3|oos_sharpe|vt0.002|hi2.0,lock_plus3,n=8|w=oos_sharpe|vt=0.002|chi=2.0|mc=None,8,0.002459644054601559,0.0053590022512347985,0.7386363636363636,0.622483954915831,0.002,2.0,oos_sharpe,USDCHF|GBPUSD|CADJPY|AUDCAD|GBPCAD|EURUSD|GBPJPY|NZDCAD
seed6_n8_c0.55|oos_sharpe|vt0.002|hi3.0,seed6_n8_c0.55,n=8|w=oos_sharpe|vt=0.002|chi=3.0|mc=0.55,8,0.002455592099539253,0.005838433125530623,0.7386363636363636,0.6345710256497843,0.002,3.0,oos_sharpe,GBPCAD|AUDCAD|EURUSD|CADJPY|NZDCAD|GBPJPY|USDCHF|AUDUSD
seed6_n8_c0.55|equal|vt0.002|hi3.0,seed6_n8_c0.55,n=8|w=equal|vt=0.002|chi=3.0|mc=0.55,8,0.0024238549021370413,0.006019043452209585,0.7386363636363636,0.6398797137518136,0.002,3.0,equal,GBPCAD|AUDCAD|EURUSD|CADJPY|NZDCAD|GBPJPY|USDCHF|AUDUSD
mr_n5|equal|vt0.003|hi3.0,mr_n5,n=5|w=equal|vt=0.003|chi=3.0|mc=None,5,0.0023629130697641024,0.005403884186923441,0.7386363636363636,0.6260242779289835,0.003,3.0,equal,GBPCAD|CADJPY|AUDCAD|EURUSD|USDCHF
seed7_n8_c0.55|oos_sharpe|vt0.0035|hi3.0,seed7_n8_c0.55,n=8|w=oos_sharpe|vt=0.0035|chi=3.0|mc=0.55,8,0.0022882293951998712,0.00588653594644076,0.7840909090909092,0.6399576637810223,0.0035,3.0,oos_sharpe,GBPCAD|CADJPY|AUDCAD|NZDCAD|EURUSD|GBPJPY|NZDJPY|USDCHF
seed7_n8_c0.55|oos_sharpe|vt0.004|hi3.0,seed7_n8_c0.55,n=8|w=oos_sharpe|vt=0.004|chi=3.0|mc=0.55,8,0.0022882293951998712,0.00588653594644076,0.7840909090909092,0.6399576637810223,0.004,3.0,oos_sharpe,GBPCAD|CADJPY|AUDCAD|NZDCAD|EURUSD|GBPJPY|NZDJPY|USDCHF
seed7_n8_c0.55|oos_sharpe|vt0.005|hi3.0,seed7_n8_c0.55,n=8|w=oos_sharpe|vt=0.005|chi=3.0|mc=0.55,8,0.0022882293951998712,0.00588653594644076,0.7840909090909092,0.6399576637810223,0.005,3.0,oos_sharpe,GBPCAD|CADJPY|AUDCAD|NZDCAD|EURUSD|GBPJPY|NZDJPY|USDCHF
seed7_n8_c0.55|oos_sharpe|vt0.003|hi3.0,seed7_n8_c0.55,n=8|w=oos_sharpe|vt=0.003|chi=3.0|mc=0.55,8,0.0022823563314040155,0.005884131544325887,0.7840909090909092,0.6400443803230469,0.003,3.0,oos_sharpe,GBPCAD|CADJPY|AUDCAD|NZDCAD|EURUSD|GBPJPY|NZDJPY|USDCHF
seed7_n8_c0.55|oos_sharpe|vt0.0025|hi3.0,seed7_n8_c0.55,n=8|w=oos_sharpe|vt=0.0025|chi=3.0|mc=0.55,8,0.002132214012854014,0.005810871174614005,0.7840909090909092,0.6419664290439998,0.0025,3.0,oos_sharpe,GBPCAD|CADJPY|AUDCAD|NZDCAD|EURUSD|GBPJPY|NZDJPY|USDCHF
seed6_n8_c0.55|equal|vt0.002|hi2.0,seed6_n8_c0.55,n=8|w=equal|vt=0.002|chi=2.0|mc=0.55,8,0.0016561646475385392,0.004348431116618504,0.7386363636363636,0.6173066617269991,0.002,2.0,equal,GBPCAD|AUDCAD|EURUSD|CADJPY|NZDCAD|GBPJPY|USDCHF|AUDUSD
seed7_n8_c0.55|oos_sharpe|vt0.002|hi3.0,seed7_n8_c0.55,n=8|w=oos_sharpe|vt=0.002|chi=3.0|mc=0.55,8,0.0016439374124964596,0.005593513485391116,0.7840909090909092,0.6487394018223664,0.002,3.0,oos_sharpe,GBPCAD|CADJPY|AUDCAD|NZDCAD|EURUSD|GBPJPY|NZDJPY|USDCHF
seed6_n8_c0.55|equal|vt0.0035|hi2.0,seed6_n8_c0.55,n=8|w=equal|vt=0.0035|chi=2.0|mc=0.55,8,0.0016305057568739975,0.004325949071663716,0.7386363636363636,0.6173860828697431,0.0035,2.0,equal,GBPCAD|AUDCAD|EURUSD|CADJPY|NZDCAD|GBPJPY|USDCHF|AUDUSD
seed6_n8_c0.55|equal|vt0.004|hi2.0,seed6_n8_c0.55,n=8|w=equal|vt=0.004|chi=2.0|mc=0.55,8,0.0016305057568739975,0.004325949071663716,0.7386363636363636,0.6173860828697431,0.004,2.0,equal,GBPCAD|AUDCAD|EURUSD|CADJPY|NZDCAD|GBPJPY|USDCHF|AUDUSD
seed6_n8_c0.55|equal|vt0.005|hi2.0,seed6_n8_c0.55,n=8|w=equal|vt=0.005|chi=2.0|mc=0.55,8,0.0016305057568739975,0.004325949071663716,0.7386363636363636,0.6173860828697431,0.005,2.0,equal,GBPCAD|AUDCAD|EURUSD|CADJPY|NZDCAD|GBPJPY|USDCHF|AUDUSD
seed6_n8_c0.55|equal|vt0.003|hi2.0,seed6_n8_c0.55,n=8|w=equal|vt=0.003|chi=2.0|mc=0.55,8,0.001630505756873922,0.004325949071663716,0.7386363636363636,0.6173860828697448,0.003,2.0,equal,GBPCAD|AUDCAD|EURUSD|CADJPY|NZDCAD|GBPJPY|USDCHF|AUDUSD
seed6_n8_c0.55|equal|vt0.0025|hi2.0,seed6_n8_c0.55,n=8|w=equal|vt=0.0025|chi=2.0|mc=0.55,8,0.0016305057568738175,0.004325949071663716,0.7386363636363636,0.6173860828697475,0.0025,2.0,equal,GBPCAD|AUDCAD|EURUSD|CADJPY|NZDCAD|GBPJPY|USDCHF|AUDUSD
lock_plus2|oos_sharpe|vt0.0035|hi2.0,lock_plus2,n=7|w=oos_sharpe|vt=0.0035|chi=2.0|mc=None,7,0.001531765112844296,0.005229926172738472,0.7386363636363636,0.6424540264973544,0.0035,2.0,oos_sharpe,USDCHF|GBPUSD|CADJPY|AUDCAD|GBPCAD|EURUSD|GBPJPY
lock_plus2|oos_sharpe|vt0.004|hi2.0,lock_plus2,n=7|w=oos_sharpe|vt=0.004|chi=2.0|mc=None,7,0.001531765112844296,0.005229926172738472,0.7386363636363636,0.6424540264973544,0.004,2.0,oos_sharpe,USDCHF|GBPUSD|CADJPY|AUDCAD|GBPCAD|EURUSD|GBPJPY
lock_plus2|oos_sharpe|vt0.005|hi2.0,lock_plus2,n=7|w=oos_sharpe|vt=0.005|chi=2.0|mc=None,7,0.001531765112844296,0.005229926172738472,0.7386363636363636,0.6424540264973544,0.005,2.0,oos_sharpe,USDCHF|GBPUSD|CADJPY|AUDCAD|GBPCAD|EURUSD|GBPJPY
lock_plus2|oos_sharpe|vt0.003|hi2.0,lock_plus2,n=7|w=oos_sharpe|vt=0.003|chi=2.0|mc=None,7,0.001474718846867696,0.005233737885332795,0.7386363636363636,0.6439754759616275,0.003,2.0,oos_sharpe,USDCHF|GBPUSD|CADJPY|AUDCAD|GBPCAD|EURUSD|GBPJPY
mr_n5|equal|vt0.002|hi3.0,mr_n5,n=5|w=equal|vt=0.002|chi=3.0|mc=None,5,0.0014462886433500143,0.005077127548269641,0.7386363636363636,0.6407709726229907,0.002,3.0,equal,GBPCAD|CADJPY|AUDCAD|EURUSD|USDCHF
seed6_n8_c0.55|oos_sharpe|vt0.002|hi2.0,seed6_n8_c0.55,n=8|w=oos_sharpe|vt=0.002|chi=2.0|mc=0.55,8,0.0013551401182295168,0.004133088542749358,0.7386363636363636,0.619448710612996,0.002,2.0,oos_sharpe,GBPCAD|AUDCAD|EURUSD|CADJPY|NZDCAD|GBPJPY|USDCHF|AUDUSD
seed6_n8_c0.55|oos_sharpe|vt0.003|hi2.0,seed6_n8_c0.55,n=8|w=oos_sharpe|vt=0.003|chi=2.0|mc=0.55,8,0.0013520527745228394,0.004130001199042782,0.7386363636363636,0.6194487106129987,0.003,2.0,oos_sharpe,GBPCAD|AUDCAD|EURUSD|CADJPY|NZDCAD|GBPJPY|USDCHF|AUDUSD
seed6_n8_c0.55|oos_sharpe|vt0.0035|hi2.0,seed6_n8_c0.55,n=8|w=oos_sharpe|vt=0.0035|chi=2.0|mc=0.55,8,0.0013520527745228394,0.004130001199042782,0.7386363636363636,0.6194487106129987,0.0035,2.0,oos_sharpe,GBPCAD|AUDCAD|EURUSD|CADJPY|NZDCAD|GBPJPY|USDCHF|AUDUSD
seed6_n8_c0.55|oos_sharpe|vt0.004|hi2.0,seed6_n8_c0.55,n=8|w=oos_sharpe|vt=0.004|chi=2.0|mc=0.55,8,0.0013520527745228394,0.004130001199042782,0.7386363636363636,0.6194487106129987,0.004,2.0,oos_sharpe,GBPCAD|AUDCAD|EURUSD|CADJPY|NZDCAD|GBPJPY|USDCHF|AUDUSD
seed6_n8_c0.55|oos_sharpe|vt0.005|hi2.0,seed6_n8_c0.55,n=8|w=oos_sharpe|vt=0.005|chi=2.0|mc=0.55,8,0.0013520527745228394,0.004130001199042782,0.7386363636363636,0.6194487106129987,0.005,2.0,oos_sharpe,GBPCAD|AUDCAD|EURUSD|CADJPY|NZDCAD|GBPJPY|USDCHF|AUDUSD
seed6_n8_c0.55|oos_sharpe|vt0.0025|hi2.0,seed6_n8_c0.55,n=8|w=oos_sharpe|vt=0.0025|chi=2.0|mc=0.55,8,0.0013520527745225904,0.004130001199042782,0.7386363636363636,0.6194487106130049,0.0025,2.0,oos_sharpe,GBPCAD|AUDCAD|EURUSD|CADJPY|NZDCAD|GBPJPY|USDCHF|AUDUSD
lock_plus2|oos_sharpe|vt0.0025|hi2.0,lock_plus2,n=7|w=oos_sharpe|vt=0.0025|chi=2.0|mc=None,7,0.001302120446537488,0.005132683369812957,0.7386363636363636,0.6457640730818868,0.0025,2.0,oos_sharpe,USDCHF|GBPUSD|CADJPY|AUDCAD|GBPCAD|EURUSD|GBPJPY
mr_n5|equal|vt0.0035|hi3.0,mr_n5,n=5|w=equal|vt=0.0035|chi=3.0|mc=None,5,0.0012832188005245742,0.005104201354405046,0.7386363636363636,0.6455245638470118,0.0035,3.0,equal,GBPCAD|CADJPY|AUDCAD|EURUSD|USDCHF
lock_plus2|oos_sharpe|vt0.002|hi2.0,lock_plus2,n=7|w=oos_sharpe|vt=0.002|chi=2.0|mc=None,7,0.0011370551683026345,0.005046237176375701,0.7386363636363636,0.6477295502018268,0.002,2.0,oos_sharpe,USDCHF|GBPUSD|CADJPY|AUDCAD|GBPCAD|EURUSD|GBPJPY
smooth_n8_c0.45|oos_sharpe|vt0.004|hi3.0,smooth_n8_c0.45,n=8|w=oos_sharpe|vt=0.004|chi=3.0|mc=0.45,8,0.0009489522252570048,0.004163655680240241,0.7840909090909092,0.630367586374581,0.004,3.0,oos_sharpe,GBPCAD|CADJPY|AUDCAD|EURUSD|GBPJPY|USDCHF|NZDCAD|EURCHF
smooth_n8_c0.45|oos_sharpe|vt0.005|hi3.0,smooth_n8_c0.45,n=8|w=oos_sharpe|vt=0.005|chi=3.0|mc=0.45,8,0.0009489522252570048,0.004163655680240241,0.7840909090909092,0.630367586374581,0.005,3.0,oos_sharpe,GBPCAD|CADJPY|AUDCAD|EURUSD|GBPJPY|USDCHF|NZDCAD|EURCHF
smooth_n8_c0.45|oos_sharpe|vt0.0035|hi3.0,smooth_n8_c0.45,n=8|w=oos_sharpe|vt=0.0035|chi=3.0|mc=0.45,8,0.0009489522252569093,0.004163655680240241,0.7840909090909092,0.6303675863745833,0.0035,3.0,oos_sharpe,GBPCAD|CADJPY|AUDCAD|EURUSD|GBPJPY|USDCHF|NZDCAD|EURCHF
smooth_n8_c0.45|oos_sharpe|vt0.003|hi3.0,smooth_n8_c0.45,n=8|w=oos_sharpe|vt=0.003|chi=3.0|mc=0.45,8,0.0009189695154532057,0.00415245010945768,0.7840909090909092,0.6308370148501119,0.003,3.0,oos_sharpe,GBPCAD|CADJPY|AUDCAD|EURUSD|GBPJPY|USDCHF|NZDCAD|EURCHF
mr_n5|equal|vt0.002|hi2.0,mr_n5,n=5|w=equal|vt=0.002|chi=2.0|mc=None,5,0.000721526483154847,0.0037006173855507296,0.7386363636363636,0.624477272559897,0.002,2.0,equal,GBPCAD|CADJPY|AUDCAD|EURUSD|USDCHF
smooth_n8_c0.45|oos_sharpe|vt0.0025|hi3.0,smooth_n8_c0.45,n=8|w=oos_sharpe|vt=0.0025|chi=3.0|mc=0.45,8,0.0006739412745355761,0.004055801782832057,0.7840909090909092,0.6345465127074121,0.0025,3.0,oos_sharpe,GBPCAD|CADJPY|AUDCAD|EURUSD|GBPJPY|USDCHF|NZDCAD|EURCHF
seed3_n8_c0.55|oos_sharpe|vt0.004|hi3.0,seed3_n8_c0.55,n=8|w=oos_sharpe|vt=0.004|chi=3.0|mc=0.55,8,0.0004925273916136742,0.003896461703890938,0.7386363636363636,0.6350983578069316,0.004,3.0,oos_sharpe,GBPCAD|EURUSD|CADJPY|AUDCAD|USDCHF|GBPJPY|GBPUSD|EURCHF
seed3_n8_c0.55|oos_sharpe|vt0.0035|hi3.0,seed3_n8_c0.55,n=8|w=oos_sharpe|vt=0.0035|chi=3.0|mc=0.55,8,0.0004925273916136321,0.003896461703890938,0.7386363636363636,0.6350983578069327,0.0035,3.0,oos_sharpe,GBPCAD|EURUSD|CADJPY|AUDCAD|USDCHF|GBPJPY|GBPUSD|EURCHF
seed3_n8_c0.55|oos_sharpe|vt0.005|hi3.0,seed3_n8_c0.55,n=8|w=oos_sharpe|vt=0.005|chi=3.0|mc=0.55,8,0.0004925273916136031,0.003896461703890938,0.7386363636363636,0.6350983578069334,0.005,3.0,oos_sharpe,GBPCAD|EURUSD|CADJPY|AUDCAD|USDCHF|GBPJPY|GBPUSD|EURCHF
seed3_n8_c0.55|oos_sharpe|vt0.003|hi3.0,seed3_n8_c0.55,n=8|w=oos_sharpe|vt=0.003|chi=3.0|mc=0.55,8,0.00043955015221785543,0.003875629371815716,0.7386363636363636,0.6359019804899466,0.003,3.0,oos_sharpe,GBPCAD|EURUSD|CADJPY|AUDCAD|USDCHF|GBPJPY|GBPUSD|EURCHF
seed7_n8_c0.55|oos_sharpe|vt0.0025|hi2.0,seed7_n8_c0.55,n=8|w=oos_sharpe|vt=0.0025|chi=2.0|mc=0.55,8,0.00042977251032543396,0.003948522460871477,0.7840909090909092,0.6379687487636512,0.0025,2.0,oos_sharpe,GBPCAD|CADJPY|AUDCAD|NZDCAD|EURUSD|GBPJPY|NZDJPY|USDCHF
seed7_n8_c0.55|oos_sharpe|vt0.003|hi2.0,seed7_n8_c0.55,n=8|w=oos_sharpe|vt=0.003|chi=2.0|mc=0.55,8,0.00042977251032543396,0.003948522460871477,0.7840909090909092,0.6379687487636512,0.003,2.0,oos_sharpe,GBPCAD|CADJPY|AUDCAD|NZDCAD|EURUSD|GBPJPY|NZDJPY|USDCHF
seed7_n8_c0.55|oos_sharpe|vt0.0035|hi2.0,seed7_n8_c0.55,n=8|w=oos_sharpe|vt=0.0035|chi=2.0|mc=0.55,8,0.00042977251032543396,0.003948522460871477,0.7840909090909092,0.6379687487636512,0.0035,2.0,oos_sharpe,GBPCAD|CADJPY|AUDCAD|NZDCAD|EURUSD|GBPJPY|NZDJPY|USDCHF
seed7_n8_c0.55|oos_sharpe|vt0.004|hi2.0,seed7_n8_c0.55,n=8|w=oos_sharpe|vt=0.004|chi=2.0|mc=0.55,8,0.00042977251032543396,0.003948522460871477,0.7840909090909092,0.6379687487636512,0.004,2.0,oos_sharpe,GBPCAD|CADJPY|AUDCAD|NZDCAD|EURUSD|GBPJPY|NZDJPY|USDCHF
seed7_n8_c0.55|oos_sharpe|vt0.005|hi2.0,seed7_n8_c0.55,n=8|w=oos_sharpe|vt=0.005|chi=2.0|mc=0.55,8,0.00042977251032543396,0.003948522460871477,0.7840909090909092,0.6379687487636512,0.005,2.0,oos_sharpe,GBPCAD|CADJPY|AUDCAD|NZDCAD|EURUSD|GBPJPY|NZDJPY|USDCHF
seed7_n8_c0.55|oos_sharpe|vt0.002|hi2.0,seed7_n8_c0.55,n=8|w=oos_sharpe|vt=0.002|chi=2.0|mc=0.55,8,0.00042473659629377325,0.003946920664519626,0.7840909090909092,0.6380546017056463,0.002,2.0,oos_sharpe,GBPCAD|CADJPY|AUDCAD|NZDCAD|EURUSD|GBPJPY|NZDJPY|USDCHF
smooth_n8_c0.45|oos_sharpe|vt0.002|hi3.0,smooth_n8_c0.45,n=8|w=oos_sharpe|vt=0.002|chi=3.0|mc=0.45,8,0.00021676594516965115,0.0037489874756301378,0.7840909090909092,0.6383055382615122,0.002,3.0,oos_sharpe,GBPCAD|CADJPY|AUDCAD|EURUSD|GBPJPY|USDCHF|NZDCAD|EURCHF
smooth_n8_c0.45|equal|vt0.002|hi3.0,smooth_n8_c0.45,n=8|w=equal|vt=0.002|chi=3.0|mc=0.45,8,0.00017782681356662495,0.00355021454477079,0.7386363636363636,0.6343096932801042,0.002,3.0,equal,GBPCAD|CADJPY|AUDCAD|EURUSD|GBPJPY|USDCHF|NZDCAD|EURCHF
seed3_n8_c0.55|oos_sharpe|vt0.0025|hi3.0,seed3_n8_c0.55,n=8|w=oos_sharpe|vt=0.0025|chi=3.0|mc=0.55,8,0.00010334068003277352,0.003764975982971289,0.7386363636363636,0.641540882573463,0.0025,3.0,oos_sharpe,GBPCAD|EURUSD|CADJPY|AUDCAD|USDCHF|GBPJPY|GBPUSD|EURCHF
seed3_n8_c0.55|oos_sharpe|vt0.002|hi3.0,seed3_n8_c0.55,n=8|w=oos_sharpe|vt=0.002|chi=3.0|mc=0.55,8,-0.00030306922251810984,0.0034484630432934827,0.7386363636363636,0.6437883066452899,0.002,3.0,oos_sharpe,GBPCAD|EURUSD|CADJPY|AUDCAD|USDCHF|GBPJPY|GBPUSD|EURCHF
smooth_n8_c0.45|oos_sharpe|vt0.0025|hi2.0,smooth_n8_c0.45,n=8|w=oos_sharpe|vt=0.0025|chi=2.0|mc=0.45,8,-0.0003278401132515061,0.002802725678342398,0.7840909090909092,0.6282641447898476,0.0025,2.0,oos_sharpe,GBPCAD|CADJPY|AUDCAD|EURUSD|GBPJPY|USDCHF|NZDCAD|EURCHF
smooth_n8_c0.45|oos_sharpe|vt0.003|hi2.0,smooth_n8_c0.45,n=8|w=oos_sharpe|vt=0.003|chi=2.0|mc=0.45,8,-0.0003278401132516882,0.002802725678342398,0.7840909090909092,0.6282641447898523,0.003,2.0,oos_sharpe,GBPCAD|CADJPY|AUDCAD|EURUSD|GBPJPY|USDCHF|NZDCAD|EURCHF
smooth_n8_c0.45|oos_sharpe|vt0.0035|hi2.0,smooth_n8_c0.45,n=8|w=oos_sharpe|vt=0.0035|chi=2.0|mc=0.45,8,-0.0003278401132516882,0.002802725678342398,0.7840909090909092,0.6282641447898523,0.0035,2.0,oos_sharpe,GBPCAD|CADJPY|AUDCAD|EURUSD|GBPJPY|USDCHF|NZDCAD|EURCHF
smooth_n8_c0.45|oos_sharpe|vt0.004|hi2.0,smooth_n8_c0.45,n=8|w=oos_sharpe|vt=0.004|chi=2.0|mc=0.45,8,-0.0003278401132516882,0.002802725678342398,0.7840909090909092,0.6282641447898523,0.004,2.0,oos_sharpe,GBPCAD|CADJPY|AUDCAD|EURUSD|GBPJPY|USDCHF|NZDCAD|EURCHF
smooth_n8_c0.45|oos_sharpe|vt0.005|hi2.0,smooth_n8_c0.45,n=8|w=oos_sharpe|vt=0.005|chi=2.0|mc=0.45,8,-0.0003278401132516882,0.002802725678342398,0.7840909090909092,0.6282641447898523,0.005,2.0,oos_sharpe,GBPCAD|CADJPY|AUDCAD|EURUSD|GBPJPY|USDCHF|NZDCAD|EURCHF
smooth_n8_c0.45|oos_sharpe|vt0.002|hi2.0,smooth_n8_c0.45,n=8|w=oos_sharpe|vt=0.002|chi=2.0|mc=0.45,8,-0.0003538387942239197,0.0027952660825895093,0.7840909090909092,0.6287276219203357,0.002,2.0,oos_sharpe,GBPCAD|CADJPY|AUDCAD|EURUSD|GBPJPY|USDCHF|NZDCAD|EURCHF
mr_n5|equal|vt0.0025|hi2.0,mr_n5,n=5|w=equal|vt=0.0025|chi=2.0|mc=None,5,-0.0007098503891695665,0.0033027789179023363,0.7386363636363636,0.6503157326767977,0.0025,2.0,equal,GBPCAD|CADJPY|AUDCAD|EURUSD|USDCHF
seed3_n8_c0.55|oos_sharpe|vt0.0025|hi2.0,seed3_n8_c0.55,n=8|w=oos_sharpe|vt=0.0025|chi=2.0|mc=0.55,8,-0.0007418834096236337,0.002621004344007492,0.7386363636363636,0.6340721938407782,0.0025,2.0,oos_sharpe,GBPCAD|EURUSD|CADJPY|AUDCAD|USDCHF|GBPJPY|GBPUSD|EURCHF
seed3_n8_c0.55|oos_sharpe|vt0.003|hi2.0,seed3_n8_c0.55,n=8|w=oos_sharpe|vt=0.003|chi=2.0|mc=0.55,8,-0.0007418834096236601,0.002621004344007492,0.7386363636363636,0.6340721938407788,0.003,2.0,oos_sharpe,GBPCAD|EURUSD|CADJPY|AUDCAD|USDCHF|GBPJPY|GBPUSD|EURCHF
seed3_n8_c0.55|oos_sharpe|vt0.0035|hi2.0,seed3_n8_c0.55,n=8|w=oos_sharpe|vt=0.0035|chi=2.0|mc=0.55,8,-0.0007418834096236601,0.002621004344007492,0.7386363636363636,0.6340721938407788,0.0035,2.0,oos_sharpe,GBPCAD|EURUSD|CADJPY|AUDCAD|USDCHF|GBPJPY|GBPUSD|EURCHF
seed3_n8_c0.55|oos_sharpe|vt0.004|hi2.0,seed3_n8_c0.55,n=8|w=oos_sharpe|vt=0.004|chi=2.0|mc=0.55,8,-0.0007418834096236601,0.002621004344007492,0.7386363636363636,0.6340721938407788,0.004,2.0,oos_sharpe,GBPCAD|EURUSD|CADJPY|AUDCAD|USDCHF|GBPJPY|GBPUSD|EURCHF
seed3_n8_c0.55|oos_sharpe|vt0.005|hi2.0,seed3_n8_c0.55,n=8|w=oos_sharpe|vt=0.005|chi=2.0|mc=0.55,8,-0.0007418834096236601,0.002621004344007492,0.7386363636363636,0.6340721938407788,0.005,2.0,oos_sharpe,GBPCAD|EURUSD|CADJPY|AUDCAD|USDCHF|GBPJPY|GBPUSD|EURCHF
seed3_n8_c0.55|oos_sharpe|vt0.002|hi2.0,seed3_n8_c0.55,n=8|w=oos_sharpe|vt=0.002|chi=2.0|mc=0.55,8,-0.0007877341115452244,0.002607120878070246,0.7386363636363636,0.6348713747403868,0.002,2.0,oos_sharpe,GBPCAD|EURUSD|CADJPY|AUDCAD|USDCHF|GBPJPY|GBPUSD|EURCHF
mr_n5|equal|vt0.003|hi2.0,mr_n5,n=5|w=equal|vt=0.003|chi=2.0|mc=None,5,-0.0014980453383833469,0.002977539331850672,0.7386363636363636,0.6618896167558506,0.003,2.0,equal,GBPCAD|CADJPY|AUDCAD|EURUSD|USDCHF
lock_plus4|equal|vt0.0035|hi3.0,lock_plus4,n=9|w=equal|vt=0.0035|chi=3.0|mc=None,9,-inf,0.008488653145683561,0.6931818181818181,0.6643234537829075,0.0035,3.0,equal,USDCHF|GBPUSD|CADJPY|AUDCAD|GBPCAD|EURUSD|GBPJPY|NZDCAD|EURCHF
lock_plus4|equal|vt0.004|hi3.0,lock_plus4,n=9|w=equal|vt=0.004|chi=3.0|mc=None,9,-inf,0.008474552542652905,0.6931818181818181,0.6643234537829161,0.004,3.0,equal,USDCHF|GBPUSD|CADJPY|AUDCAD|GBPCAD|EURUSD|GBPJPY|NZDCAD|EURCHF
lock_plus4|equal|vt0.005|hi3.0,lock_plus4,n=9|w=equal|vt=0.005|chi=3.0|mc=None,9,-inf,0.008474552542652905,0.6931818181818181,0.6643234537829161,0.005,3.0,equal,USDCHF|GBPUSD|CADJPY|AUDCAD|GBPCAD|EURUSD|GBPJPY|NZDCAD|EURCHF
lock_plus4|equal|vt0.003|hi3.0,lock_plus4,n=9|w=equal|vt=0.003|chi=3.0|mc=None,9,-inf,0.008398926671332602,0.6931818181818181,0.6631192271312756,0.003,3.0,equal,USDCHF|GBPUSD|CADJPY|AUDCAD|GBPCAD|EURUSD|GBPJPY|NZDCAD|EURCHF
lock_plus4|equal|vt0.0025|hi3.0,lock_plus4,n=9|w=equal|vt=0.0025|chi=3.0|mc=None,9,-inf,0.008255359717993835,0.6931818181818181,0.6666275814278151,0.0025,3.0,equal,USDCHF|GBPUSD|CADJPY|AUDCAD|GBPCAD|EURUSD|GBPJPY|NZDCAD|EURCHF
lock_plus4|equal|vt0.002|hi3.0,lock_plus4,n=9|w=equal|vt=0.002|chi=3.0|mc=None,9,-inf,0.008240411222809246,0.6931818181818181,0.6750861576756666,0.002,3.0,equal,USDCHF|GBPUSD|CADJPY|AUDCAD|GBPCAD|EURUSD|GBPJPY|NZDCAD|EURCHF
smooth_n6_c0.45|equal|vt0.005|hi3.0,smooth_n6_c0.45,n=6|w=equal|vt=0.005|chi=3.0|mc=0.45,6,-inf,0.007902295185385736,0.7386363636363636,0.6842560034212666,0.005,3.0,equal,GBPCAD|CADJPY|AUDCAD|EURUSD|GBPJPY|USDCHF
smooth_n6_c0.45|equal|vt0.004|hi3.0,smooth_n6_c0.45,n=6|w=equal|vt=0.004|chi=3.0|mc=0.45,6,-inf,0.007821614021561148,0.7840909090909092,0.6874218441153928,0.004,3.0,equal,GBPCAD|CADJPY|AUDCAD|EURUSD|GBPJPY|USDCHF
smooth_n6_c0.45|equal|vt0.0035|hi3.0,smooth_n6_c0.45,n=6|w=equal|vt=0.0035|chi=3.0|mc=0.45,6,-inf,0.0076979285621207845,0.7840909090909092,0.6892794713494814,0.0035,3.0,equal,GBPCAD|CADJPY|AUDCAD|EURUSD|GBPJPY|USDCHF
smooth_n6_c0.45|equal|vt0.0025|hi3.0,smooth_n6_c0.45,n=6|w=equal|vt=0.0025|chi=3.0|mc=0.45,6,-inf,0.007607213084045197,0.7840909090909092,0.6976319684358676,0.0025,3.0,equal,GBPCAD|CADJPY|AUDCAD|EURUSD|GBPJPY|USDCHF
smooth_n6_c0.45|equal|vt0.003|hi3.0,smooth_n6_c0.45,n=6|w=equal|vt=0.003|chi=3.0|mc=0.45,6,-inf,0.007245844359711045,0.7840909090909092,0.6920324020273546,0.003,3.0,equal,GBPCAD|CADJPY|AUDCAD|EURUSD|GBPJPY|USDCHF
seed4_n8_c0.55|oos_sharpe|vt0.0035|hi3.0,seed4_n8_c0.55,n=8|w=oos_sharpe|vt=0.0035|chi=3.0|mc=0.55,8,-inf,0.007213186851232017,0.7386363636363636,0.6216017796032398,0.0035,3.0,oos_sharpe,GBPCAD|CADJPY|AUDCAD|EURUSD|USDCHF|NZDCAD|GBPJPY|EURGBP
seed4_n8_c0.55|oos_sharpe|vt0.004|hi3.0,seed4_n8_c0.55,n=8|w=oos_sharpe|vt=0.004|chi=3.0|mc=0.55,8,-inf,0.007213186851232017,0.7386363636363636,0.6216017796032398,0.004,3.0,oos_sharpe,GBPCAD|CADJPY|AUDCAD|EURUSD|USDCHF|NZDCAD|GBPJPY|EURGBP
seed4_n8_c0.55|oos_sharpe|vt0.005|hi3.0,seed4_n8_c0.55,n=8|w=oos_sharpe|vt=0.005|chi=3.0|mc=0.55,8,-inf,0.007213186851232017,0.7386363636363636,0.6216017796032398,0.005,3.0,oos_sharpe,GBPCAD|CADJPY|AUDCAD|EURUSD|USDCHF|NZDCAD|GBPJPY|EURGBP
seed4_n8_c0.55|oos_sharpe|vt0.003|hi3.0,seed4_n8_c0.55,n=8|w=oos_sharpe|vt=0.003|chi=3.0|mc=0.55,8,-inf,0.007211158934635067,0.7386363636363636,0.6216590234048686,0.003,3.0,oos_sharpe,GBPCAD|CADJPY|AUDCAD|EURUSD|USDCHF|NZDCAD|GBPJPY|EURGBP
seed4_n8_c0.55|oos_sharpe|vt0.0025|hi3.0,seed4_n8_c0.55,n=8|w=oos_sharpe|vt=0.0025|chi=3.0|mc=0.55,8,-inf,0.0070123551070270795,0.7840909090909092,0.6238137563710142,0.0025,3.0,oos_sharpe,GBPCAD|CADJPY|AUDCAD|EURUSD|USDCHF|NZDCAD|GBPJPY|EURGBP
smooth_n6_c0.45|equal|vt0.002|hi3.0,smooth_n6_c0.45,n=6|w=equal|vt=0.002|chi=3.0|mc=0.45,6,-inf,0.006954696964476714,0.7840909090909092,0.6986180192962975,0.002,3.0,equal,GBPCAD|CADJPY|AUDCAD|EURUSD|GBPJPY|USDCHF
seed4_n8_c0.55|oos_sharpe|vt0.002|hi3.0,seed4_n8_c0.55,n=8|w=oos_sharpe|vt=0.002|chi=3.0|mc=0.55,8,-inf,0.006787756670702255,0.7840909090909092,0.6304812295952774,0.002,3.0,oos_sharpe,GBPCAD|CADJPY|AUDCAD|EURUSD|USDCHF|NZDCAD|GBPJPY|EURGBP
seed1_n8_c0.55|oos_sharpe|vt0.0035|hi3.0,seed1_n8_c0.55,n=8|w=oos_sharpe|vt=0.0035|chi=3.0|mc=0.55,8,-inf,0.006584453501835796,0.7840909090909092,0.6259945782217411,0.0035,3.0,oos_sharpe,GBPCAD|CADJPY|GBPJPY|AUDCAD|EURUSD|USDCHF|NZDCAD|AUDJPY
seed1_n8_c0.55|oos_sharpe|vt0.004|hi3.0,seed1_n8_c0.55,n=8|w=oos_sharpe|vt=0.004|chi=3.0|mc=0.55,8,-inf,0.006584453501835796,0.7840909090909092,0.6259945782217411,0.004,3.0,oos_sharpe,GBPCAD|CADJPY|GBPJPY|AUDCAD|EURUSD|USDCHF|NZDCAD|AUDJPY
seed1_n8_c0.55|oos_sharpe|vt0.005|hi3.0,seed1_n8_c0.55,n=8|w=oos_sharpe|vt=0.005|chi=3.0|mc=0.55,8,-inf,0.006584453501835796,0.7840909090909092,0.6259945782217411,0.005,3.0,oos_sharpe,GBPCAD|CADJPY|GBPJPY|AUDCAD|EURUSD|USDCHF|NZDCAD|AUDJPY
seed1_n8_c0.55|oos_sharpe|vt0.003|hi3.0,seed1_n8_c0.55,n=8|w=oos_sharpe|vt=0.003|chi=3.0|mc=0.55,8,-inf,0.006579935618182335,0.7840909090909092,0.6261357060147021,0.003,3.0,oos_sharpe,GBPCAD|CADJPY|GBPJPY|AUDCAD|EURUSD|USDCHF|NZDCAD|AUDJPY
smooth_n6_c0.45|oos_sharpe|vt0.005|hi3.0,smooth_n6_c0.45,n=6|w=oos_sharpe|vt=0.005|chi=3.0|mc=0.45,6,-inf,0.006551911277779251,0.7840909090909092,0.6699120036686963,0.005,3.0,oos_sharpe,GBPCAD|CADJPY|AUDCAD|EURUSD|GBPJPY|USDCHF
seed1_n8_c0.55|oos_sharpe|vt0.0025|hi3.0,seed1_n8_c0.55,n=8|w=oos_sharpe|vt=0.0025|chi=3.0|mc=0.55,8,-inf,0.006477382504621356,0.7840909090909092,0.6279522146624186,0.0025,3.0,oos_sharpe,GBPCAD|CADJPY|GBPJPY|AUDCAD|EURUSD|USDCHF|NZDCAD|AUDJPY
smooth_n6_c0.45|oos_sharpe|vt0.004|hi3.0,smooth_n6_c0.45,n=6|w=oos_sharpe|vt=0.004|chi=3.0|mc=0.45,6,-inf,0.0064454883089963225,0.7840909090909092,0.6730198745327463,0.004,3.0,oos_sharpe,GBPCAD|CADJPY|AUDCAD|EURUSD|GBPJPY|USDCHF
smooth_n6_c0.45|oos_sharpe|vt0.0035|hi3.0,smooth_n6_c0.45,n=6|w=oos_sharpe|vt=0.0035|chi=3.0|mc=0.45,6,-inf,0.0064139282097352476,0.7840909090909092,0.6748955319711791,0.0035,3.0,oos_sharpe,GBPCAD|CADJPY|AUDCAD|EURUSD|GBPJPY|USDCHF
seed1_n8_c0.55|equal|vt0.0035|hi3.0,seed1_n8_c0.55,n=8|w=equal|vt=0.0035|chi=3.0|mc=0.55,8,-inf,0.0062733766760001836,0.7386363636363636,0.6488206756691128,0.0035,3.0,equal,GBPCAD|CADJPY|GBPJPY|AUDCAD|EURUSD|USDCHF|NZDCAD|AUDJPY
seed1_n8_c0.55|equal|vt0.004|hi3.0,seed1_n8_c0.55,n=8|w=equal|vt=0.004|chi=3.0|mc=0.55,8,-inf,0.00627086402129412,0.7386363636363636,0.6488206756691104,0.004,3.0,equal,GBPCAD|CADJPY|GBPJPY|AUDCAD|EURUSD|USDCHF|NZDCAD|AUDJPY
seed1_n8_c0.55|equal|vt0.005|hi3.0,seed1_n8_c0.55,n=8|w=equal|vt=0.005|chi=3.0|mc=0.55,8,-inf,0.00627086402129412,0.7386363636363636,0.6488206756691104,0.005,3.0,equal,GBPCAD|CADJPY|GBPJPY|AUDCAD|EURUSD|USDCHF|NZDCAD|AUDJPY
smooth_n6_c0.45|oos_sharpe|vt0.003|hi3.0,smooth_n6_c0.45,n=6|w=oos_sharpe|vt=0.003|chi=3.0|mc=0.45,6,-inf,0.006256161832209501,0.7840909090909092,0.6774212848270085,0.003,3.0,oos_sharpe,GBPCAD|CADJPY|AUDCAD|EURUSD|GBPJPY|USDCHF
smooth_n6_c0.45|oos_sharpe|vt0.0025|hi3.0,smooth_n6_c0.45,n=6|w=oos_sharpe|vt=0.0025|chi=3.0|mc=0.45,6,-inf,0.006161516091175959,0.7840909090909092,0.6873902082090586,0.0025,3.0,oos_sharpe,GBPCAD|CADJPY|AUDCAD|EURUSD|GBPJPY|USDCHF
seed1_n8_c0.55|equal|vt0.003|hi3.0,seed1_n8_c0.55,n=8|w=equal|vt=0.003|chi=3.0|mc=0.55,8,-inf,0.006128608479514852,0.7386363636363636,0.6488206756691135,0.003,3.0,equal,GBPCAD|CADJPY|GBPJPY|AUDCAD|EURUSD|USDCHF|NZDCAD|AUDJPY
seed1_n8_c0.55|oos_sharpe|vt0.002|hi3.0,seed1_n8_c0.55,n=8|w=oos_sharpe|vt=0.002|chi=3.0|mc=0.55,8,-inf,0.006115095275505931,0.7840909090909092,0.6305230296057031,0.002,3.0,oos_sharpe,GBPCAD|CADJPY|GBPJPY|AUDCAD|EURUSD|USDCHF|NZDCAD|AUDJPY
smooth_n6_c0.45|oos_sharpe|vt0.002|hi3.0,smooth_n6_c0.45,n=6|w=oos_sharpe|vt=0.002|chi=3.0|mc=0.45,6,-inf,0.0060647581801999036,0.7840909090909092,0.7016108889930843,0.002,3.0,oos_sharpe,GBPCAD|CADJPY|AUDCAD|EURUSD|GBPJPY|USDCHF
seed4_n8_c0.55|equal|vt0.0035|hi3.0,seed4_n8_c0.55,n=8|w=equal|vt=0.0035|chi=3.0|mc=0.55,8,-inf,0.005957694885251288,0.7386363636363636,0.6343628861693489,0.0035,3.0,equal,GBPCAD|CADJPY|AUDCAD|EURUSD|USDCHF|NZDCAD|GBPJPY|EURGBP
seed4_n8_c0.55|equal|vt0.004|hi3.0,seed4_n8_c0.55,n=8|w=equal|vt=0.004|chi=3.0|mc=0.55,8,-inf,0.005956947896801068,0.7386363636363636,0.6343628861693504,0.004,3.0,equal,GBPCAD|CADJPY|AUDCAD|EURUSD|USDCHF|NZDCAD|GBPJPY|EURGBP
seed4_n8_c0.55|equal|vt0.005|hi3.0,seed4_n8_c0.55,n=8|w=equal|vt=0.005|chi=3.0|mc=0.55,8,-inf,0.005956947896801068,0.7386363636363636,0.6343628861693504,0.005,3.0,equal,GBPCAD|CADJPY|AUDCAD|EURUSD|USDCHF|NZDCAD|GBPJPY|EURGBP
seed1_n8_c0.55|equal|vt0.0025|hi3.0,seed1_n8_c0.55,n=8|w=equal|vt=0.0025|chi=3.0|mc=0.55,8,-inf,0.005913774958012569,0.7840909090909092,0.6502245756739644,0.0025,3.0,equal,GBPCAD|CADJPY|GBPJPY|AUDCAD|EURUSD|USDCHF|NZDCAD|AUDJPY
seed1_n8_c0.55|equal|vt0.002|hi3.0,seed1_n8_c0.55,n=8|w=equal|vt=0.002|chi=3.0|mc=0.55,8,-inf,0.005815794394431292,0.7840909090909092,0.647513453370096,0.002,3.0,equal,GBPCAD|CADJPY|GBPJPY|AUDCAD|EURUSD|USDCHF|NZDCAD|AUDJPY
seed4_n8_c0.55|equal|vt0.003|hi3.0,seed4_n8_c0.55,n=8|w=equal|vt=0.003|chi=3.0|mc=0.55,8,-inf,0.005803029294430578,0.7386363636363636,0.6343628861693422,0.003,3.0,equal,GBPCAD|CADJPY|AUDCAD|EURUSD|USDCHF|NZDCAD|GBPJPY|EURGBP
seed7_n8_c0.55|equal|vt0.003|hi3.0,seed7_n8_c0.55,n=8|w=equal|vt=0.003|chi=3.0|mc=0.55,8,-inf,0.005768713161654615,0.7386363636363636,0.6787231792295025,0.003,3.0,equal,GBPCAD|CADJPY|AUDCAD|NZDCAD|EURUSD|GBPJPY|NZDJPY|USDCHF
seed7_n8_c0.55|equal|vt0.0035|hi3.0,seed7_n8_c0.55,n=8|w=equal|vt=0.0035|chi=3.0|mc=0.55,8,-inf,0.005768713161654615,0.7386363636363636,0.6787231792295007,0.0035,3.0,equal,GBPCAD|CADJPY|AUDCAD|NZDCAD|EURUSD|GBPJPY|NZDJPY|USDCHF
seed7_n8_c0.55|equal|vt0.004|hi3.0,seed7_n8_c0.55,n=8|w=equal|vt=0.004|chi=3.0|mc=0.55,8,-inf,0.005768713161654615,0.7386363636363636,0.6787231792294981,0.004,3.0,equal,GBPCAD|CADJPY|AUDCAD|NZDCAD|EURUSD|GBPJPY|NZDJPY|USDCHF
seed7_n8_c0.55|equal|vt0.005|hi3.0,seed7_n8_c0.55,n=8|w=equal|vt=0.005|chi=3.0|mc=0.55,8,-inf,0.005768713161654615,0.7386363636363636,0.6787231792294981,0.005,3.0,equal,GBPCAD|CADJPY|AUDCAD|NZDCAD|EURUSD|GBPJPY|NZDJPY|USDCHF
seed7_n8_c0.55|equal|vt0.0025|hi3.0,seed7_n8_c0.55,n=8|w=equal|vt=0.0025|chi=3.0|mc=0.55,8,-inf,0.005764449257753354,0.7840909090909092,0.6797068368082269,0.0025,3.0,equal,GBPCAD|CADJPY|AUDCAD|NZDCAD|EURUSD|GBPJPY|NZDJPY|USDCHF
lock_plus4|equal|vt0.0025|hi2.0,lock_plus4,n=9|w=equal|vt=0.0025|chi=2.0|mc=None,9,-inf,0.005661854124420676,0.6931818181818181,0.6630992366369789,0.0025,2.0,equal,USDCHF|GBPUSD|CADJPY|AUDCAD|GBPCAD|EURUSD|GBPJPY|NZDCAD|EURCHF
lock_plus4|equal|vt0.003|hi2.0,lock_plus4,n=9|w=equal|vt=0.003|chi=2.0|mc=None,9,-inf,0.005661854124420676,0.6931818181818181,0.6630992366369789,0.003,2.0,equal,USDCHF|GBPUSD|CADJPY|AUDCAD|GBPCAD|EURUSD|GBPJPY|NZDCAD|EURCHF
lock_plus4|equal|vt0.0035|hi2.0,lock_plus4,n=9|w=equal|vt=0.0035|chi=2.0|mc=None,9,-inf,0.005661854124420676,0.6931818181818181,0.6630992366369789,0.0035,2.0,equal,USDCHF|GBPUSD|CADJPY|AUDCAD|GBPCAD|EURUSD|GBPJPY|NZDCAD|EURCHF
lock_plus4|equal|vt0.004|hi2.0,lock_plus4,n=9|w=equal|vt=0.004|chi=2.0|mc=None,9,-inf,0.005661854124420676,0.6931818181818181,0.6630992366369789,0.004,2.0,equal,USDCHF|GBPUSD|CADJPY|AUDCAD|GBPCAD|EURUSD|GBPJPY|NZDCAD|EURCHF
lock_plus4|equal|vt0.005|hi2.0,lock_plus4,n=9|w=equal|vt=0.005|chi=2.0|mc=None,9,-inf,0.005661854124420676,0.6931818181818181,0.6630992366369789,0.005,2.0,equal,USDCHF|GBPUSD|CADJPY|AUDCAD|GBPCAD|EURUSD|GBPJPY|NZDCAD|EURCHF
seed4_n8_c0.55|equal|vt0.0025|hi3.0,seed4_n8_c0.55,n=8|w=equal|vt=0.0025|chi=3.0|mc=0.55,8,-inf,0.005619457974386011,0.7386363636363636,0.6357422096923331,0.0025,3.0,equal,GBPCAD|CADJPY|AUDCAD|EURUSD|USDCHF|NZDCAD|GBPJPY|EURGBP
lock_plus4|equal|vt0.002|hi2.0,lock_plus4,n=9|w=equal|vt=0.002|chi=2.0|mc=None,9,-inf,0.005610360065056899,0.6931818181818181,0.661905829152122,0.002,2.0,equal,USDCHF|GBPUSD|CADJPY|AUDCAD|GBPCAD|EURUSD|GBPJPY|NZDCAD|EURCHF
seed7_n8_c0.55|equal|vt0.002|hi3.0,seed7_n8_c0.55,n=8|w=equal|vt=0.002|chi=3.0|mc=0.55,8,-inf,0.005559665527495972,0.7840909090909092,0.68944088895703,0.002,3.0,equal,GBPCAD|CADJPY|AUDCAD|NZDCAD|EURUSD|GBPJPY|NZDJPY|USDCHF
seed4_n8_c0.55|equal|vt0.002|hi3.0,seed4_n8_c0.55,n=8|w=equal|vt=0.002|chi=3.0|mc=0.55,8,-inf,0.005550636344024695,0.7386363636363636,0.645232983709517,0.002,3.0,equal,GBPCAD|CADJPY|AUDCAD|EURUSD|USDCHF|NZDCAD|GBPJPY|EURGBP
smooth_n6_c0.45|equal|vt0.0035|hi2.0,smooth_n6_c0.45,n=6|w=equal|vt=0.0035|chi=2.0|mc=0.45,6,-inf,0.005332571548058168,0.7386363636363636,0.6818711689873009,0.0035,2.0,equal,GBPCAD|CADJPY|AUDCAD|EURUSD|GBPJPY|USDCHF
smooth_n6_c0.45|equal|vt0.004|hi2.0,smooth_n6_c0.45,n=6|w=equal|vt=0.004|chi=2.0|mc=0.45,6,-inf,0.005332571548058168,0.7386363636363636,0.6818711689873009,0.004,2.0,equal,GBPCAD|CADJPY|AUDCAD|EURUSD|GBPJPY|USDCHF
smooth_n6_c0.45|equal|vt0.005|hi2.0,smooth_n6_c0.45,n=6|w=equal|vt=0.005|chi=2.0|mc=0.45,6,-inf,0.005332571548058168,0.7386363636363636,0.6818711689873009,0.005,2.0,equal,GBPCAD|CADJPY|AUDCAD|EURUSD|GBPJPY|USDCHF
smooth_n6_c0.45|equal|vt0.003|hi2.0,smooth_n6_c0.45,n=6|w=equal|vt=0.003|chi=2.0|mc=0.45,6,-inf,0.005322615693672438,0.7840909090909092,0.6826042962921441,0.003,2.0,equal,GBPCAD|CADJPY|AUDCAD|EURUSD|GBPJPY|USDCHF
smooth_n6_c0.45|equal|vt0.0025|hi2.0,smooth_n6_c0.45,n=6|w=equal|vt=0.0025|chi=2.0|mc=0.45,6,-inf,0.005255299964987011,0.7840909090909092,0.6852736148380829,0.0025,2.0,equal,GBPCAD|CADJPY|AUDCAD|EURUSD|GBPJPY|USDCHF
mr_n5|oos_sharpe|vt0.0025|hi3.0,mr_n5,n=5|w=oos_sharpe|vt=0.0025|chi=3.0|mc=None,5,-inf,0.005153572687064189,0.6931818181818181,0.6482539935485769,0.0025,3.0,oos_sharpe,GBPCAD|CADJPY|AUDCAD|EURUSD|USDCHF
mr_n5|oos_sharpe|vt0.002|hi3.0,mr_n5,n=5|w=oos_sharpe|vt=0.002|chi=3.0|mc=None,5,-inf,0.005025760131181894,0.6931818181818181,0.6601594665018479,0.002,3.0,oos_sharpe,GBPCAD|CADJPY|AUDCAD|EURUSD|USDCHF
smooth_n6_c0.45|equal|vt0.002|hi2.0,smooth_n6_c0.45,n=6|w=equal|vt=0.002|chi=2.0|mc=0.45,6,-inf,0.004891156288644571,0.7840909090909092,0.688912710639316,0.002,2.0,equal,GBPCAD|CADJPY|AUDCAD|EURUSD|GBPJPY|USDCHF
seed4_n8_c0.55|oos_sharpe|vt0.0025|hi2.0,seed4_n8_c0.55,n=8|w=oos_sharpe|vt=0.0025|chi=2.0|mc=0.55,8,-inf,0.004830738351315069,0.7386363636363636,0.6201445086431179,0.0025,2.0,oos_sharpe,GBPCAD|CADJPY|AUDCAD|EURUSD|USDCHF|NZDCAD|GBPJPY|EURGBP
seed4_n8_c0.55|oos_sharpe|vt0.003|hi2.0,seed4_n8_c0.55,n=8|w=oos_sharpe|vt=0.003|chi=2.0|mc=0.55,8,-inf,0.004830738351315069,0.7386363636363636,0.6201445086431179,0.003,2.0,oos_sharpe,GBPCAD|CADJPY|AUDCAD|EURUSD|USDCHF|NZDCAD|GBPJPY|EURGBP
seed4_n8_c0.55|oos_sharpe|vt0.0035|hi2.0,seed4_n8_c0.55,n=8|w=oos_sharpe|vt=0.0035|chi=2.0|mc=0.55,8,-inf,0.004830738351315069,0.7386363636363636,0.6201445086431179,0.0035,2.0,oos_sharpe,GBPCAD|CADJPY|AUDCAD|EURUSD|USDCHF|NZDCAD|GBPJPY|EURGBP
seed4_n8_c0.55|oos_sharpe|vt0.004|hi2.0,seed4_n8_c0.55,n=8|w=oos_sharpe|vt=0.004|chi=2.0|mc=0.55,8,-inf,0.004830738351315069,0.7386363636363636,0.6201445086431179,0.004,2.0,oos_sharpe,GBPCAD|CADJPY|AUDCAD|EURUSD|USDCHF|NZDCAD|GBPJPY|EURGBP
seed4_n8_c0.55|oos_sharpe|vt0.005|hi2.0,seed4_n8_c0.55,n=8|w=oos_sharpe|vt=0.005|chi=2.0|mc=0.55,8,-inf,0.004830738351315069,0.7386363636363636,0.6201445086431179,0.005,2.0,oos_sharpe,GBPCAD|CADJPY|AUDCAD|EURUSD|USDCHF|NZDCAD|GBPJPY|EURGBP
seed4_n8_c0.55|oos_sharpe|vt0.002|hi2.0,seed4_n8_c0.55,n=8|w=oos_sharpe|vt=0.002|chi=2.0|mc=0.55,8,-inf,0.004829083751534374,0.7386363636363636,0.6202012805960758,0.002,2.0,oos_sharpe,GBPCAD|CADJPY|AUDCAD|EURUSD|USDCHF|NZDCAD|GBPJPY|EURGBP
seed1_n10_c0.6|equal|vt0.002|hi3.0,seed1_n10_c0.6,n=10|w=equal|vt=0.002|chi=3.0|mc=0.6,10,-inf,0.004776574246067134,0.7840909090909092,0.631797860668937,0.002,3.0,equal,GBPCAD|CADJPY|GBPJPY|AUDCAD|EURUSD|USDCHF|NZDCAD|AUDJPY|EURGBP|EURCHF
seed1_n10_c0.6|equal|vt0.0025|hi3.0,seed1_n10_c0.6,n=10|w=equal|vt=0.0025|chi=3.0|mc=0.6,10,-inf,0.004776574246067134,0.7840909090909092,0.6317978606689432,0.0025,3.0,equal,GBPCAD|CADJPY|GBPJPY|AUDCAD|EURUSD|USDCHF|NZDCAD|AUDJPY|EURGBP|EURCHF
seed1_n10_c0.6|equal|vt0.003|hi3.0,seed1_n10_c0.6,n=10|w=equal|vt=0.003|chi=3.0|mc=0.6,10,-inf,0.004776574246067134,0.7840909090909092,0.6317978606689363,0.003,3.0,equal,GBPCAD|CADJPY|GBPJPY|AUDCAD|EURUSD|USDCHF|NZDCAD|AUDJPY|EURGBP|EURCHF
seed1_n10_c0.6|equal|vt0.0035|hi3.0,seed1_n10_c0.6,n=10|w=equal|vt=0.0035|chi=3.0|mc=0.6,10,-inf,0.004776574246067134,0.7840909090909092,0.6317978606689363,0.0035,3.0,equal,GBPCAD|CADJPY|GBPJPY|AUDCAD|EURUSD|USDCHF|NZDCAD|AUDJPY|EURGBP|EURCHF
seed1_n10_c0.6|equal|vt0.004|hi3.0,seed1_n10_c0.6,n=10|w=equal|vt=0.004|chi=3.0|mc=0.6,10,-inf,0.004776574246067134,0.7840909090909092,0.6317978606689363,0.004,3.0,equal,GBPCAD|CADJPY|GBPJPY|AUDCAD|EURUSD|USDCHF|NZDCAD|AUDJPY|EURGBP|EURCHF
seed1_n10_c0.6|equal|vt0.005|hi3.0,seed1_n10_c0.6,n=10|w=equal|vt=0.005|chi=3.0|mc=0.6,10,-inf,0.004776574246067134,0.7840909090909092,0.6317978606689363,0.005,3.0,equal,GBPCAD|CADJPY|GBPJPY|AUDCAD|EURUSD|USDCHF|NZDCAD|AUDJPY|EURGBP|EURCHF
lock_plus1|oos_sharpe|vt0.004|hi3.0,lock_plus1,n=6|w=oos_sharpe|vt=0.004|chi=3.0|mc=None,6,-inf,0.004570751927632496,0.6761363636363636,0.6847126318871343,0.004,3.0,oos_sharpe,USDCHF|GBPUSD|CADJPY|AUDCAD|GBPCAD|EURUSD
lock_plus1|oos_sharpe|vt0.005|hi3.0,lock_plus1,n=6|w=oos_sharpe|vt=0.005|chi=3.0|mc=None,6,-inf,0.004567419640039524,0.6761363636363636,0.6848430171117625,0.005,3.0,oos_sharpe,USDCHF|GBPUSD|CADJPY|AUDCAD|GBPCAD|EURUSD
seed1_n10_c0.6|oos_sharpe|vt0.0025|hi3.0,seed1_n10_c0.6,n=10|w=oos_sharpe|vt=0.0025|chi=3.0|mc=0.6,10,-inf,0.004556805112482415,0.7840909090909092,0.6261814053993147,0.0025,3.0,oos_sharpe,GBPCAD|CADJPY|GBPJPY|AUDCAD|EURUSD|USDCHF|NZDCAD|AUDJPY|EURGBP|EURCHF
seed1_n10_c0.6|oos_sharpe|vt0.003|hi3.0,seed1_n10_c0.6,n=10|w=oos_sharpe|vt=0.003|chi=3.0|mc=0.6,10,-inf,0.004556805112482415,0.7840909090909092,0.6261814053993063,0.003,3.0,oos_sharpe,GBPCAD|CADJPY|GBPJPY|AUDCAD|EURUSD|USDCHF|NZDCAD|AUDJPY|EURGBP|EURCHF
seed1_n10_c0.6|oos_sharpe|vt0.0035|hi3.0,seed1_n10_c0.6,n=10|w=oos_sharpe|vt=0.0035|chi=3.0|mc=0.6,10,-inf,0.004556805112482415,0.7840909090909092,0.6261814053993063,0.0035,3.0,oos_sharpe,GBPCAD|CADJPY|GBPJPY|AUDCAD|EURUSD|USDCHF|NZDCAD|AUDJPY|EURGBP|EURCHF
seed1_n10_c0.6|oos_sharpe|vt0.004|hi3.0,seed1_n10_c0.6,n=10|w=oos_sharpe|vt=0.004|chi=3.0|mc=0.6,10,-inf,0.004556805112482415,0.7840909090909092,0.6261814053993063,0.004,3.0,oos_sharpe,GBPCAD|CADJPY|GBPJPY|AUDCAD|EURUSD|USDCHF|NZDCAD|AUDJPY|EURGBP|EURCHF
seed1_n10_c0.6|oos_sharpe|vt0.005|hi3.0,seed1_n10_c0.6,n=10|w=oos_sharpe|vt=0.005|chi=3.0|mc=0.6,10,-inf,0.004556805112482415,0.7840909090909092,0.6261814053993063,0.005,3.0,oos_sharpe,GBPCAD|CADJPY|GBPJPY|AUDCAD|EURUSD|USDCHF|NZDCAD|AUDJPY|EURGBP|EURCHF
lock_plus1|oos_sharpe|vt0.0035|hi3.0,lock_plus1,n=6|w=oos_sharpe|vt=0.0035|chi=3.0|mc=None,6,-inf,0.004543921103829961,0.6761363636363636,0.6814461554900029,0.0035,3.0,oos_sharpe,USDCHF|GBPUSD|CADJPY|AUDCAD|GBPCAD|EURUSD
seed1_n10_c0.6|oos_sharpe|vt0.002|hi3.0,seed1_n10_c0.6,n=10|w=oos_sharpe|vt=0.002|chi=3.0|mc=0.6,10,-inf,0.004533076556525603,0.7840909090909092,0.6271235503321146,0.002,3.0,oos_sharpe,GBPCAD|CADJPY|GBPJPY|AUDCAD|EURUSD|USDCHF|NZDCAD|AUDJPY|EURGBP|EURCHF
mr_n5|equal|vt0.004|hi3.0,mr_n5,n=5|w=equal|vt=0.004|chi=3.0|mc=None,5,-inf,0.004521964064831246,0.7386363636363636,0.6572785798341708,0.004,3.0,equal,GBPCAD|CADJPY|AUDCAD|EURUSD|USDCHF
seed5_n10_c0.6|equal|vt0.002|hi3.0,seed5_n10_c0.6,n=10|w=equal|vt=0.002|chi=3.0|mc=0.6,10,-inf,0.00449302154069775,0.7840909090909092,0.6214419626453835,0.002,3.0,equal,GBPCAD|CADJPY|AUDCAD|EURUSD|USDCHF|GBPJPY|EURGBP|NZDCAD|EURCAD|EURCHF
seed5_n10_c0.6|equal|vt0.0025|hi3.0,seed5_n10_c0.6,n=10|w=equal|vt=0.0025|chi=3.0|mc=0.6,10,-inf,0.00449302154069775,0.7840909090909092,0.6214419626453765,0.0025,3.0,equal,GBPCAD|CADJPY|AUDCAD|EURUSD|USDCHF|GBPJPY|EURGBP|NZDCAD|EURCAD|EURCHF
seed5_n10_c0.6|equal|vt0.003|hi3.0,seed5_n10_c0.6,n=10|w=equal|vt=0.003|chi=3.0|mc=0.6,10,-inf,0.00449302154069775,0.7840909090909092,0.6214419626453742,0.003,3.0,equal,GBPCAD|CADJPY|AUDCAD|EURUSD|USDCHF|GBPJPY|EURGBP|NZDCAD|EURCAD|EURCHF
seed5_n10_c0.6|equal|vt0.0035|hi3.0,seed5_n10_c0.6,n=10|w=equal|vt=0.0035|chi=3.0|mc=0.6,10,-inf,0.00449302154069775,0.7840909090909092,0.6214419626453742,0.0035,3.0,equal,GBPCAD|CADJPY|AUDCAD|EURUSD|USDCHF|GBPJPY|EURGBP|NZDCAD|EURCAD|EURCHF
seed5_n10_c0.6|equal|vt0.004|hi3.0,seed5_n10_c0.6,n=10|w=equal|vt=0.004|chi=3.0|mc=0.6,10,-inf,0.00449302154069775,0.7840909090909092,0.6214419626453742,0.004,3.0,equal,GBPCAD|CADJPY|AUDCAD|EURUSD|USDCHF|GBPJPY|EURGBP|NZDCAD|EURCAD|EURCHF
seed5_n10_c0.6|equal|vt0.005|hi3.0,seed5_n10_c0.6,n=10|w=equal|vt=0.005|chi=3.0|mc=0.6,10,-inf,0.00449302154069775,0.7840909090909092,0.6214419626453742,0.005,3.0,equal,GBPCAD|CADJPY|AUDCAD|EURUSD|USDCHF|GBPJPY|EURGBP|NZDCAD|EURCAD|EURCHF
mr_n5|oos_sharpe|vt0.003|hi3.0,mr_n5,n=5|w=oos_sharpe|vt=0.003|chi=3.0|mc=None,5,-inf,0.004446575764234169,0.6931818181818181,0.6599978425055316,0.003,3.0,oos_sharpe,GBPCAD|CADJPY|AUDCAD|EURUSD|USDCHF
smooth_n6_c0.45|oos_sharpe|vt0.0035|hi2.0,smooth_n6_c0.45,n=6|w=oos_sharpe|vt=0.0035|chi=2.0|mc=0.45,6,-inf,0.004427641311305282,0.7840909090909092,0.6673056053168614,0.0035,2.0,oos_sharpe,GBPCAD|CADJPY|AUDCAD|EURUSD|GBPJPY|USDCHF
smooth_n6_c0.45|oos_sharpe|vt0.004|hi2.0,smooth_n6_c0.45,n=6|w=oos_sharpe|vt=0.004|chi=2.0|mc=0.45,6,-inf,0.004427641311305282,0.7840909090909092,0.6673056053168614,0.004,2.0,oos_sharpe,GBPCAD|CADJPY|AUDCAD|EURUSD|GBPJPY|USDCHF
smooth_n6_c0.45|oos_sharpe|vt0.005|hi2.0,smooth_n6_c0.45,n=6|w=oos_sharpe|vt=0.005|chi=2.0|mc=0.45,6,-inf,0.004427641311305282,0.7840909090909092,0.6673056053168614,0.005,2.0,oos_sharpe,GBPCAD|CADJPY|AUDCAD|EURUSD|GBPJPY|USDCHF
seed1_n8_c0.55|oos_sharpe|vt0.0025|hi2.0,seed1_n8_c0.55,n=8|w=oos_sharpe|vt=0.0025|chi=2.0|mc=0.55,8,-inf,0.004412652011492879,0.7840909090909092,0.6246499205676549,0.0025,2.0,oos_sharpe,GBPCAD|CADJPY|GBPJPY|AUDCAD|EURUSD|USDCHF|NZDCAD|AUDJPY
seed1_n8_c0.55|oos_sharpe|vt0.003|hi2.0,seed1_n8_c0.55,n=8|w=oos_sharpe|vt=0.003|chi=2.0|mc=0.55,8,-inf,0.004412652011492879,0.7840909090909092,0.6246499205676549,0.003,2.0,oos_sharpe,GBPCAD|CADJPY|GBPJPY|AUDCAD|EURUSD|USDCHF|NZDCAD|AUDJPY
seed1_n8_c0.55|oos_sharpe|vt0.0035|hi2.0,seed1_n8_c0.55,n=8|w=oos_sharpe|vt=0.0035|chi=2.0|mc=0.55,8,-inf,0.004412652011492879,0.7840909090909092,0.6246499205676549,0.0035,2.0,oos_sharpe,GBPCAD|CADJPY|GBPJPY|AUDCAD|EURUSD|USDCHF|NZDCAD|AUDJPY
seed1_n8_c0.55|oos_sharpe|vt0.004|hi2.0,seed1_n8_c0.55,n=8|w=oos_sharpe|vt=0.004|chi=2.0|mc=0.55,8,-inf,0.004412652011492879,0.7840909090909092,0.6246499205676549,0.004,2.0,oos_sharpe,GBPCAD|CADJPY|GBPJPY|AUDCAD|EURUSD|USDCHF|NZDCAD|AUDJPY
seed1_n8_c0.55|oos_sharpe|vt0.005|hi2.0,seed1_n8_c0.55,n=8|w=oos_sharpe|vt=0.005|chi=2.0|mc=0.55,8,-inf,0.004412652011492879,0.7840909090909092,0.6246499205676549,0.005,2.0,oos_sharpe,GBPCAD|CADJPY|GBPJPY|AUDCAD|EURUSD|USDCHF|NZDCAD|AUDJPY
seed1_n8_c0.55|oos_sharpe|vt0.002|hi2.0,seed1_n8_c0.55,n=8|w=oos_sharpe|vt=0.002|chi=2.0|mc=0.55,8,-inf,0.004409644804041884,0.7840909090909092,0.6247898780604745,0.002,2.0,oos_sharpe,GBPCAD|CADJPY|GBPJPY|AUDCAD|EURUSD|USDCHF|NZDCAD|AUDJPY
smooth_n6_c0.45|oos_sharpe|vt0.003|hi2.0,smooth_n6_c0.45,n=6|w=oos_sharpe|vt=0.003|chi=2.0|mc=0.45,6,-inf,0.004396698322295763,0.7840909090909092,0.6686334852938385,0.003,2.0,oos_sharpe,GBPCAD|CADJPY|AUDCAD|EURUSD|GBPJPY|USDCHF
seed5_n10_c0.6|oos_sharpe|vt0.0025|hi3.0,seed5_n10_c0.6,n=10|w=oos_sharpe|vt=0.0025|chi=3.0|mc=0.6,10,-inf,0.004379898976865092,0.7840909090909092,0.6285158913949815,0.0025,3.0,oos_sharpe,GBPCAD|CADJPY|AUDCAD|EURUSD|USDCHF|GBPJPY|EURGBP|NZDCAD|EURCAD|EURCHF
seed5_n10_c0.6|oos_sharpe|vt0.003|hi3.0,seed5_n10_c0.6,n=10|w=oos_sharpe|vt=0.003|chi=3.0|mc=0.6,10,-inf,0.004379898976865092,0.7840909090909092,0.6285158913949744,0.003,3.0,oos_sharpe,GBPCAD|CADJPY|AUDCAD|EURUSD|USDCHF|GBPJPY|EURGBP|NZDCAD|EURCAD|EURCHF
seed5_n10_c0.6|oos_sharpe|vt0.0035|hi3.0,seed5_n10_c0.6,n=10|w=oos_sharpe|vt=0.0035|chi=3.0|mc=0.6,10,-inf,0.004379898976865092,0.7840909090909092,0.6285158913949744,0.0035,3.0,oos_sharpe,GBPCAD|CADJPY|AUDCAD|EURUSD|USDCHF|GBPJPY|EURGBP|NZDCAD|EURCAD|EURCHF
seed5_n10_c0.6|oos_sharpe|vt0.004|hi3.0,seed5_n10_c0.6,n=10|w=oos_sharpe|vt=0.004|chi=3.0|mc=0.6,10,-inf,0.004379898976865092,0.7840909090909092,0.6285158913949744,0.004,3.0,oos_sharpe,GBPCAD|CADJPY|AUDCAD|EURUSD|USDCHF|GBPJPY|EURGBP|NZDCAD|EURCAD|EURCHF
seed5_n10_c0.6|oos_sharpe|vt0.005|hi3.0,seed5_n10_c0.6,n=10|w=oos_sharpe|vt=0.005|chi=3.0|mc=0.6,10,-inf,0.004379898976865092,0.7840909090909092,0.6285158913949744,0.005,3.0,oos_sharpe,GBPCAD|CADJPY|AUDCAD|EURUSD|USDCHF|GBPJPY|EURGBP|NZDCAD|EURCAD|EURCHF
seed6_n6_c0.5|equal|vt0.0025|hi3.0,seed6_n6_c0.5,n=6|w=equal|vt=0.0025|chi=3.0|mc=0.5,6,-inf,0.004377714417817455,0.7840909090909092,0.7305178816844373,0.0025,3.0,equal,GBPCAD|AUDCAD|EURUSD|CADJPY|NZDCAD|GBPJPY
mr_n5|equal|vt0.005|hi3.0,mr_n5,n=5|w=equal|vt=0.005|chi=3.0|mc=None,5,-inf,0.004375210177856349,0.6931818181818181,0.6629811192504274,0.005,3.0,equal,GBPCAD|CADJPY|AUDCAD|EURUSD|USDCHF
seed5_n10_c0.6|oos_sharpe|vt0.002|hi3.0,seed5_n10_c0.6,n=10|w=oos_sharpe|vt=0.002|chi=3.0|mc=0.6,10,-inf,0.004365765985794795,0.7840909090909092,0.6291296953568764,0.002,3.0,oos_sharpe,GBPCAD|CADJPY|AUDCAD|EURUSD|USDCHF|GBPJPY|EURGBP|NZDCAD|EURCAD|EURCHF
seed0_n10_c0.6|equal|vt0.0025|hi3.0,seed0_n10_c0.6,n=10|w=equal|vt=0.0025|chi=3.0|mc=0.6,10,-inf,0.0043501903712864975,0.7386363636363636,0.7132650320002651,0.0025,3.0,equal,GBPCAD|AUDCAD|EURUSD|CADJPY|NZDCAD|USDCHF|GBPJPY|EURCHF|AUDUSD|EURGBP
seed0_n10_c0.6|equal|vt0.003|hi3.0,seed0_n10_c0.6,n=10|w=equal|vt=0.003|chi=3.0|mc=0.6,10,-inf,0.0043501903712864975,0.7386363636363636,0.7132650320002631,0.003,3.0,equal,GBPCAD|AUDCAD|EURUSD|CADJPY|NZDCAD|USDCHF|GBPJPY|EURCHF|AUDUSD|EURGBP
seed0_n10_c0.6|equal|vt0.0035|hi3.0,seed0_n10_c0.6,n=10|w=equal|vt=0.0035|chi=3.0|mc=0.6,10,-inf,0.0043501903712864975,0.7386363636363636,0.7132650320002647,0.0035,3.0,equal,GBPCAD|AUDCAD|EURUSD|CADJPY|NZDCAD|USDCHF|GBPJPY|EURCHF|AUDUSD|EURGBP
seed0_n10_c0.6|equal|vt0.004|hi3.0,seed0_n10_c0.6,n=10|w=equal|vt=0.004|chi=3.0|mc=0.6,10,-inf,0.0043501903712864975,0.7386363636363636,0.7132650320002647,0.004,3.0,equal,GBPCAD|AUDCAD|EURUSD|CADJPY|NZDCAD|USDCHF|GBPJPY|EURCHF|AUDUSD|EURGBP
seed0_n10_c0.6|equal|vt0.005|hi3.0,seed0_n10_c0.6,n=10|w=equal|vt=0.005|chi=3.0|mc=0.6,10,-inf,0.0043501903712864975,0.7386363636363636,0.7132650320002647,0.005,3.0,equal,GBPCAD|AUDCAD|EURUSD|CADJPY|NZDCAD|USDCHF|GBPJPY|EURCHF|AUDUSD|EURGBP
smooth_n6_c0.45|oos_sharpe|vt0.0025|hi2.0,smooth_n6_c0.45,n=6|w=oos_sharpe|vt=0.0025|chi=2.0|mc=0.45,6,-inf,0.0043436694422173535,0.7840909090909092,0.6709369956519429,0.0025,2.0,oos_sharpe,GBPCAD|CADJPY|AUDCAD|EURUSD|GBPJPY|USDCHF
seed0_n10_c0.6|equal|vt0.002|hi3.0,seed0_n10_c0.6,n=10|w=equal|vt=0.002|chi=3.0|mc=0.6,10,-inf,0.004342343385704192,0.7386363636363636,0.7127780532229573,0.002,3.0,equal,GBPCAD|AUDCAD|EURUSD|CADJPY|NZDCAD|USDCHF|GBPJPY|EURCHF|AUDUSD|EURGBP
seed0_n10_c0.6|oos_sharpe|vt0.0025|hi3.0,seed0_n10_c0.6,n=10|w=oos_sharpe|vt=0.0025|chi=3.0|mc=0.6,10,-inf,0.004275880839132592,0.7386363636363636,0.6735817165922944,0.0025,3.0,oos_sharpe,GBPCAD|AUDCAD|EURUSD|CADJPY|NZDCAD|USDCHF|GBPJPY|EURCHF|AUDUSD|EURGBP
seed0_n10_c0.6|oos_sharpe|vt0.003|hi3.0,seed0_n10_c0.6,n=10|w=oos_sharpe|vt=0.003|chi=3.0|mc=0.6,10,-inf,0.004275880839132592,0.7386363636363636,0.6735817165922968,0.003,3.0,oos_sharpe,GBPCAD|AUDCAD|EURUSD|CADJPY|NZDCAD|USDCHF|GBPJPY|EURCHF|AUDUSD|EURGBP
seed0_n10_c0.6|oos_sharpe|vt0.0035|hi3.0,seed0_n10_c0.6,n=10|w=oos_sharpe|vt=0.0035|chi=3.0|mc=0.6,10,-inf,0.004275880839132592,0.7386363636363636,0.6735817165922998,0.0035,3.0,oos_sharpe,GBPCAD|AUDCAD|EURUSD|CADJPY|NZDCAD|USDCHF|GBPJPY|EURCHF|AUDUSD|EURGBP
seed0_n10_c0.6|oos_sharpe|vt0.004|hi3.0,seed0_n10_c0.6,n=10|w=oos_sharpe|vt=0.004|chi=3.0|mc=0.6,10,-inf,0.004275880839132592,0.7386363636363636,0.6735817165922998,0.004,3.0,oos_sharpe,GBPCAD|AUDCAD|EURUSD|CADJPY|NZDCAD|USDCHF|GBPJPY|EURCHF|AUDUSD|EURGBP
seed0_n10_c0.6|oos_sharpe|vt0.005|hi3.0,seed0_n10_c0.6,n=10|w=oos_sharpe|vt=0.005|chi=3.0|mc=0.6,10,-inf,0.004275880839132592,0.7386363636363636,0.6735817165922998,0.005,3.0,oos_sharpe,GBPCAD|AUDCAD|EURUSD|CADJPY|NZDCAD|USDCHF|GBPJPY|EURCHF|AUDUSD|EURGBP
seed0_n10_c0.6|oos_sharpe|vt0.002|hi3.0,seed0_n10_c0.6,n=10|w=oos_sharpe|vt=0.002|chi=3.0|mc=0.6,10,-inf,0.004269395634843117,0.7386363636363636,0.6741548442943437,0.002,3.0,oos_sharpe,GBPCAD|AUDCAD|EURUSD|CADJPY|NZDCAD|USDCHF|GBPJPY|EURCHF|AUDUSD|EURGBP
lock_plus1|oos_sharpe|vt0.003|hi3.0,lock_plus1,n=6|w=oos_sharpe|vt=0.003|chi=3.0|mc=None,6,-inf,0.004267462793100691,0.6761363636363636,0.6861730833783037,0.003,3.0,oos_sharpe,USDCHF|GBPUSD|CADJPY|AUDCAD|GBPCAD|EURUSD
smooth_n6_c0.45|oos_sharpe|vt0.002|hi2.0,smooth_n6_c0.45,n=6|w=oos_sharpe|vt=0.002|chi=2.0|mc=0.45,6,-inf,0.004227375967524518,0.7840909090909092,0.6747551193296022,0.002,2.0,oos_sharpe,GBPCAD|CADJPY|AUDCAD|EURUSD|GBPJPY|USDCHF
seed1_n8_c0.55|equal|vt0.0025|hi2.0,seed1_n8_c0.55,n=8|w=equal|vt=0.0025|chi=2.0|mc=0.55,8,-inf,0.004184253084640571,0.7386363636363636,0.6476334045000114,0.0025,2.0,equal,GBPCAD|CADJPY|GBPJPY|AUDCAD|EURUSD|USDCHF|NZDCAD|AUDJPY
seed1_n8_c0.55|equal|vt0.003|hi2.0,seed1_n8_c0.55,n=8|w=equal|vt=0.003|chi=2.0|mc=0.55,8,-inf,0.004184253084640571,0.7386363636363636,0.6476334045000114,0.003,2.0,equal,GBPCAD|CADJPY|GBPJPY|AUDCAD|EURUSD|USDCHF|NZDCAD|AUDJPY
seed1_n8_c0.55|equal|vt0.0035|hi2.0,seed1_n8_c0.55,n=8|w=equal|vt=0.0035|chi=2.0|mc=0.55,8,-inf,0.004184253084640571,0.7386363636363636,0.6476334045000114,0.0035,2.0,equal,GBPCAD|CADJPY|GBPJPY|AUDCAD|EURUSD|USDCHF|NZDCAD|AUDJPY
seed1_n8_c0.55|equal|vt0.004|hi2.0,seed1_n8_c0.55,n=8|w=equal|vt=0.004|chi=2.0|mc=0.55,8,-inf,0.004184253084640571,0.7386363636363636,0.6476334045000114,0.004,2.0,equal,GBPCAD|CADJPY|GBPJPY|AUDCAD|EURUSD|USDCHF|NZDCAD|AUDJPY
seed1_n8_c0.55|equal|vt0.005|hi2.0,seed1_n8_c0.55,n=8|w=equal|vt=0.005|chi=2.0|mc=0.55,8,-inf,0.004184253084640571,0.7386363636363636,0.6476334045000114,0.005,2.0,equal,GBPCAD|CADJPY|GBPJPY|AUDCAD|EURUSD|USDCHF|NZDCAD|AUDJPY
smooth_n10_c0.45|equal|vt0.002|hi3.0,smooth_n10_c0.45,n=10|w=equal|vt=0.002|chi=3.0|mc=0.45,10,-inf,0.004174280107145207,0.7386363636363636,0.6882254624567213,0.002,3.0,equal,GBPCAD|CADJPY|AUDCAD|EURUSD|GBPJPY|USDCHF|NZDCAD|EURCHF|EURGBP|GBPUSD
smooth_n10_c0.45|equal|vt0.0025|hi3.0,smooth_n10_c0.45,n=10|w=equal|vt=0.0025|chi=3.0|mc=0.45,10,-inf,0.004174280107145207,0.7386363636363636,0.6882254624567191,0.0025,3.0,equal,GBPCAD|CADJPY|AUDCAD|EURUSD|GBPJPY|USDCHF|NZDCAD|EURCHF|EURGBP|GBPUSD
smooth_n10_c0.45|equal|vt0.003|hi3.0,smooth_n10_c0.45,n=10|w=equal|vt=0.003|chi=3.0|mc=0.45,10,-inf,0.004174280107145207,0.7386363636363636,0.6882254624567135,0.003,3.0,equal,GBPCAD|CADJPY|AUDCAD|EURUSD|GBPJPY|USDCHF|NZDCAD|EURCHF|EURGBP|GBPUSD
smooth_n10_c0.45|equal|vt0.0035|hi3.0,smooth_n10_c0.45,n=10|w=equal|vt=0.0035|chi=3.0|mc=0.45,10,-inf,0.004174280107145207,0.7386363636363636,0.6882254624567135,0.0035,3.0,equal,GBPCAD|CADJPY|AUDCAD|EURUSD|GBPJPY|USDCHF|NZDCAD|EURCHF|EURGBP|GBPUSD
smooth_n10_c0.45|equal|vt0.004|hi3.0,smooth_n10_c0.45,n=10|w=equal|vt=0.004|chi=3.0|mc=0.45,10,-inf,0.004174280107145207,0.7386363636363636,0.6882254624567135,0.004,3.0,equal,GBPCAD|CADJPY|AUDCAD|EURUSD|GBPJPY|USDCHF|NZDCAD|EURCHF|EURGBP|GBPUSD
smooth_n10_c0.45|equal|vt0.005|hi3.0,smooth_n10_c0.45,n=10|w=equal|vt=0.005|chi=3.0|mc=0.45,10,-inf,0.004174280107145207,0.7386363636363636,0.6882254624567135,0.005,3.0,equal,GBPCAD|CADJPY|AUDCAD|EURUSD|GBPJPY|USDCHF|NZDCAD|EURCHF|EURGBP|GBPUSD
seed6_n6_c0.5|equal|vt0.003|hi3.0,seed6_n6_c0.5,n=6|w=equal|vt=0.003|chi=3.0|mc=0.5,6,-inf,0.004169317776600547,0.7386363636363636,0.7353314815451941,0.003,3.0,equal,GBPCAD|AUDCAD|EURUSD|CADJPY|NZDCAD|GBPJPY
smooth_n10_c0.45|oos_sharpe|vt0.0025|hi3.0,smooth_n10_c0.45,n=10|w=oos_sharpe|vt=0.0025|chi=3.0|mc=0.45,10,-inf,0.004121442601061912,0.7840909090909092,0.6625401244816735,0.0025,3.0,oos_sharpe,GBPCAD|CADJPY|AUDCAD|EURUSD|GBPJPY|USDCHF|NZDCAD|EURCHF|EURGBP|GBPUSD
smooth_n10_c0.45|oos_sharpe|vt0.003|hi3.0,smooth_n10_c0.45,n=10|w=oos_sharpe|vt=0.003|chi=3.0|mc=0.45,10,-inf,0.004121442601061912,0.7840909090909092,0.6625401244816657,0.003,3.0,oos_sharpe,GBPCAD|CADJPY|AUDCAD|EURUSD|GBPJPY|USDCHF|NZDCAD|EURCHF|EURGBP|GBPUSD
smooth_n10_c0.45|oos_sharpe|vt0.0035|hi3.0,smooth_n10_c0.45,n=10|w=oos_sharpe|vt=0.0035|chi=3.0|mc=0.45,10,-inf,0.004121442601061912,0.7840909090909092,0.6625401244816657,0.0035,3.0,oos_sharpe,GBPCAD|CADJPY|AUDCAD|EURUSD|GBPJPY|USDCHF|NZDCAD|EURCHF|EURGBP|GBPUSD
smooth_n10_c0.45|oos_sharpe|vt0.004|hi3.0,smooth_n10_c0.45,n=10|w=oos_sharpe|vt=0.004|chi=3.0|mc=0.45,10,-inf,0.004121442601061912,0.7840909090909092,0.6625401244816657,0.004,3.0,oos_sharpe,GBPCAD|CADJPY|AUDCAD|EURUSD|GBPJPY|USDCHF|NZDCAD|EURCHF|EURGBP|GBPUSD
smooth_n10_c0.45|oos_sharpe|vt0.005|hi3.0,smooth_n10_c0.45,n=10|w=oos_sharpe|vt=0.005|chi=3.0|mc=0.45,10,-inf,0.004121442601061912,0.7840909090909092,0.6625401244816657,0.005,3.0,oos_sharpe,GBPCAD|CADJPY|AUDCAD|EURUSD|GBPJPY|USDCHF|NZDCAD|EURCHF|EURGBP|GBPUSD
smooth_n10_c0.45|oos_sharpe|vt0.002|hi3.0,smooth_n10_c0.45,n=10|w=oos_sharpe|vt=0.002|chi=3.0|mc=0.45,10,-inf,0.004109831349043555,0.7840909090909092,0.663076349267806,0.002,3.0,oos_sharpe,GBPCAD|CADJPY|AUDCAD|EURUSD|GBPJPY|USDCHF|NZDCAD|EURCHF|EURGBP|GBPUSD
mr_n5|oos_sharpe|vt0.0035|hi3.0,mr_n5,n=5|w=oos_sharpe|vt=0.0035|chi=3.0|mc=None,5,-inf,0.004101635597870427,0.6931818181818181,0.6830089761889127,0.0035,3.0,oos_sharpe,GBPCAD|CADJPY|AUDCAD|EURUSD|USDCHF
seed1_n8_c0.55|equal|vt0.002|hi2.0,seed1_n8_c0.55,n=8|w=equal|vt=0.002|chi=2.0|mc=0.55,8,-inf,0.00408825635775302,0.7386363636363636,0.6476334045000021,0.002,2.0,equal,GBPCAD|CADJPY|GBPJPY|AUDCAD|EURUSD|USDCHF|NZDCAD|AUDJPY
seed6_n6_c0.5|equal|vt0.005|hi3.0,seed6_n6_c0.5,n=6|w=equal|vt=0.005|chi=3.0|mc=0.5,6,-inf,0.004022349389312068,0.7386363636363636,0.7308760666305096,0.005,3.0,equal,GBPCAD|AUDCAD|EURUSD|CADJPY|NZDCAD|GBPJPY
seed6_n6_c0.5|oos_sharpe|vt0.0025|hi3.0,seed6_n6_c0.5,n=6|w=oos_sharpe|vt=0.0025|chi=3.0|mc=0.5,6,-inf,0.004019144676410059,0.7840909090909092,0.733963308481106,0.0025,3.0,oos_sharpe,GBPCAD|AUDCAD|EURUSD|CADJPY|NZDCAD|GBPJPY
lock_plus1|oos_sharpe|vt0.002|hi3.0,lock_plus1,n=6|w=oos_sharpe|vt=0.002|chi=3.0|mc=None,6,-inf,0.004014853730501094,0.6306818181818181,0.7101241435149672,0.002,3.0,oos_sharpe,USDCHF|GBPUSD|CADJPY|AUDCAD|GBPCAD|EURUSD
seed6_n6_c0.5|equal|vt0.004|hi3.0,seed6_n6_c0.5,n=6|w=equal|vt=0.004|chi=3.0|mc=0.5,6,-inf,0.004005710592736638,0.7386363636363636,0.7344508718504634,0.004,3.0,equal,GBPCAD|AUDCAD|EURUSD|CADJPY|NZDCAD|GBPJPY
seed6_n6_c0.5|equal|vt0.0035|hi3.0,seed6_n6_c0.5,n=6|w=equal|vt=0.0035|chi=3.0|mc=0.5,6,-inf,0.004003129333628805,0.7386363636363636,0.7361782791852631,0.0035,3.0,equal,GBPCAD|AUDCAD|EURUSD|CADJPY|NZDCAD|GBPJPY
seed4_n8_c0.55|equal|vt0.0025|hi2.0,seed4_n8_c0.55,n=8|w=equal|vt=0.0025|chi=2.0|mc=0.55,8,-inf,0.003980239065791896,0.7386363636363636,0.6329706293216691,0.0025,2.0,equal,GBPCAD|CADJPY|AUDCAD|EURUSD|USDCHF|NZDCAD|GBPJPY|EURGBP
seed4_n8_c0.55|equal|vt0.003|hi2.0,seed4_n8_c0.55,n=8|w=equal|vt=0.003|chi=2.0|mc=0.55,8,-inf,0.003980239065791896,0.7386363636363636,0.6329706293216691,0.003,2.0,equal,GBPCAD|CADJPY|AUDCAD|EURUSD|USDCHF|NZDCAD|GBPJPY|EURGBP
seed4_n8_c0.55|equal|vt0.0035|hi2.0,seed4_n8_c0.55,n=8|w=equal|vt=0.0035|chi=2.0|mc=0.55,8,-inf,0.003980239065791896,0.7386363636363636,0.6329706293216691,0.0035,2.0,equal,GBPCAD|CADJPY|AUDCAD|EURUSD|USDCHF|NZDCAD|GBPJPY|EURGBP
seed4_n8_c0.55|equal|vt0.004|hi2.0,seed4_n8_c0.55,n=8|w=equal|vt=0.004|chi=2.0|mc=0.55,8,-inf,0.003980239065791896,0.7386363636363636,0.6329706293216691,0.004,2.0,equal,GBPCAD|CADJPY|AUDCAD|EURUSD|USDCHF|NZDCAD|GBPJPY|EURGBP
seed4_n8_c0.55|equal|vt0.005|hi2.0,seed4_n8_c0.55,n=8|w=equal|vt=0.005|chi=2.0|mc=0.55,8,-inf,0.003980239065791896,0.7386363636363636,0.6329706293216691,0.005,2.0,equal,GBPCAD|CADJPY|AUDCAD|EURUSD|USDCHF|NZDCAD|GBPJPY|EURGBP
lock_plus1|oos_sharpe|vt0.0025|hi3.0,lock_plus1,n=6|w=oos_sharpe|vt=0.0025|chi=3.0|mc=None,6,-inf,0.003968760112037859,0.6306818181818181,0.7041110930204137,0.0025,3.0,oos_sharpe,USDCHF|GBPUSD|CADJPY|AUDCAD|GBPCAD|EURUSD
lock_plus2|equal|vt0.002|hi3.0,lock_plus2,n=7|w=equal|vt=0.002|chi=3.0|mc=None,7,-inf,0.003958620373937571,0.6306818181818181,0.7706844530524382,0.002,3.0,equal,USDCHF|GBPUSD|CADJPY|AUDCAD|GBPCAD|EURUSD|GBPJPY
mr_n6|equal|vt0.002|hi3.0,mr_n6,n=6|w=equal|vt=0.002|chi=3.0|mc=None,6,-inf,0.003952883526413481,0.6931818181818181,0.6439787958347127,0.002,3.0,equal,GBPCAD|CADJPY|AUDCAD|EURUSD|USDCHF|NZDCAD
mr_n6|equal|vt0.0025|hi3.0,mr_n6,n=6|w=equal|vt=0.0025|chi=3.0|mc=None,6,-inf,0.003939888267323812,0.6306818181818181,0.6571068150660976,0.0025,3.0,equal,GBPCAD|CADJPY|AUDCAD|EURUSD|USDCHF|NZDCAD
smooth_n8_c0.45|equal|vt0.003|hi3.0,smooth_n8_c0.45,n=8|w=equal|vt=0.003|chi=3.0|mc=0.45,8,-inf,0.0039086709399563735,0.6931818181818181,0.6167456061956154,0.003,3.0,equal,GBPCAD|CADJPY|AUDCAD|EURUSD|GBPJPY|USDCHF|NZDCAD|EURCHF
smooth_n8_c0.45|equal|vt0.0035|hi3.0,smooth_n8_c0.45,n=8|w=equal|vt=0.0035|chi=3.0|mc=0.45,8,-inf,0.0039086709399563735,0.6931818181818181,0.6167456061956127,0.0035,3.0,equal,GBPCAD|CADJPY|AUDCAD|EURUSD|GBPJPY|USDCHF|NZDCAD|EURCHF
smooth_n8_c0.45|equal|vt0.004|hi3.0,smooth_n8_c0.45,n=8|w=equal|vt=0.004|chi=3.0|mc=0.45,8,-inf,0.0039086709399563735,0.6931818181818181,0.616745606195613,0.004,3.0,equal,GBPCAD|CADJPY|AUDCAD|EURUSD|GBPJPY|USDCHF|NZDCAD|EURCHF
smooth_n8_c0.45|equal|vt0.005|hi3.0,smooth_n8_c0.45,n=8|w=equal|vt=0.005|chi=3.0|mc=0.45,8,-inf,0.0039086709399563735,0.6931818181818181,0.6167456061956085,0.005,3.0,equal,GBPCAD|CADJPY|AUDCAD|EURUSD|GBPJPY|USDCHF|NZDCAD|EURCHF
seed6_n6_c0.5|equal|vt0.002|hi3.0,seed6_n6_c0.5,n=6|w=equal|vt=0.002|chi=3.0|mc=0.5,6,-inf,0.0039040670405157936,0.7386363636363636,0.7177394759381306,0.002,3.0,equal,GBPCAD|AUDCAD|EURUSD|CADJPY|NZDCAD|GBPJPY
mr_n5|oos_sharpe|vt0.004|hi3.0,mr_n5,n=5|w=oos_sharpe|vt=0.004|chi=3.0|mc=None,5,-inf,0.003896863113281029,0.6931818181818181,0.6912687038411445,0.004,3.0,oos_sharpe,GBPCAD|CADJPY|AUDCAD|EURUSD|USDCHF
seed4_n8_c0.55|equal|vt0.002|hi2.0,seed4_n8_c0.55,n=8|w=equal|vt=0.002|chi=2.0|mc=0.55,8,-inf,0.0038763548568672423,0.7386363636363636,0.6329706293216768,0.002,2.0,equal,GBPCAD|CADJPY|AUDCAD|EURUSD|USDCHF|NZDCAD|GBPJPY|EURGBP
seed7_n8_c0.55|equal|vt0.002|hi2.0,seed7_n8_c0.55,n=8|w=equal|vt=0.002|chi=2.0|mc=0.55,8,-inf,0.003868403695979446,0.7386363636363636,0.67680777939535,0.002,2.0,equal,GBPCAD|CADJPY|AUDCAD|NZDCAD|EURUSD|GBPJPY|NZDJPY|USDCHF
seed7_n8_c0.55|equal|vt0.0025|hi2.0,seed7_n8_c0.55,n=8|w=equal|vt=0.0025|chi=2.0|mc=0.55,8,-inf,0.003868403695979446,0.7386363636363636,0.6768077793953491,0.0025,2.0,equal,GBPCAD|CADJPY|AUDCAD|NZDCAD|EURUSD|GBPJPY|NZDJPY|USDCHF
seed7_n8_c0.55|equal|vt0.003|hi2.0,seed7_n8_c0.55,n=8|w=equal|vt=0.003|chi=2.0|mc=0.55,8,-inf,0.003868403695979446,0.7386363636363636,0.6768077793953491,0.003,2.0,equal,GBPCAD|CADJPY|AUDCAD|NZDCAD|EURUSD|GBPJPY|NZDJPY|USDCHF
seed7_n8_c0.55|equal|vt0.0035|hi2.0,seed7_n8_c0.55,n=8|w=equal|vt=0.0035|chi=2.0|mc=0.55,8,-inf,0.003868403695979446,0.7386363636363636,0.6768077793953491,0.0035,2.0,equal,GBPCAD|CADJPY|AUDCAD|NZDCAD|EURUSD|GBPJPY|NZDJPY|USDCHF
seed7_n8_c0.55|equal|vt0.004|hi2.0,seed7_n8_c0.55,n=8|w=equal|vt=0.004|chi=2.0|mc=0.55,8,-inf,0.003868403695979446,0.7386363636363636,0.6768077793953491,0.004,2.0,equal,GBPCAD|CADJPY|AUDCAD|NZDCAD|EURUSD|GBPJPY|NZDJPY|USDCHF
seed7_n8_c0.55|equal|vt0.005|hi2.0,seed7_n8_c0.55,n=8|w=equal|vt=0.005|chi=2.0|mc=0.55,8,-inf,0.003868403695979446,0.7386363636363636,0.6768077793953491,0.005,2.0,equal,GBPCAD|CADJPY|AUDCAD|NZDCAD|EURUSD|GBPJPY|NZDJPY|USDCHF
smooth_n8_c0.45|equal|vt0.0025|hi3.0,smooth_n8_c0.45,n=8|w=equal|vt=0.0025|chi=3.0|mc=0.45,8,-inf,0.003771474421546976,0.6931818181818181,0.6212870875615535,0.0025,3.0,equal,GBPCAD|CADJPY|AUDCAD|EURUSD|GBPJPY|USDCHF|NZDCAD|EURCHF
mr_n5|oos_sharpe|vt0.005|hi3.0,mr_n5,n=5|w=oos_sharpe|vt=0.005|chi=3.0|mc=None,5,-inf,0.0037249724144223987,0.6477272727272727,0.6950219821959296,0.005,3.0,oos_sharpe,GBPCAD|CADJPY|AUDCAD|EURUSD|USDCHF
seed7_n10_c0.6|oos_sharpe|vt0.0025|hi3.0,seed7_n10_c0.6,n=10|w=oos_sharpe|vt=0.0025|chi=3.0|mc=0.6,10,-inf,0.0036171690457666387,0.7840909090909092,0.6580820857216297,0.0025,3.0,oos_sharpe,GBPCAD|CADJPY|AUDCAD|NZDCAD|EURUSD|GBPJPY|NZDJPY|USDCHF|AUDJPY|EURCHF
seed7_n10_c0.6|oos_sharpe|vt0.003|hi3.0,seed7_n10_c0.6,n=10|w=oos_sharpe|vt=0.003|chi=3.0|mc=0.6,10,-inf,0.0036171690457666387,0.7840909090909092,0.6580820857216291,0.003,3.0,oos_sharpe,GBPCAD|CADJPY|AUDCAD|NZDCAD|EURUSD|GBPJPY|NZDJPY|USDCHF|AUDJPY|EURCHF
seed7_n10_c0.6|oos_sharpe|vt0.0035|hi3.0,seed7_n10_c0.6,n=10|w=oos_sharpe|vt=0.0035|chi=3.0|mc=0.6,10,-inf,0.0036171690457666387,0.7840909090909092,0.6580820857216291,0.0035,3.0,oos_sharpe,GBPCAD|CADJPY|AUDCAD|NZDCAD|EURUSD|GBPJPY|NZDJPY|USDCHF|AUDJPY|EURCHF
seed7_n10_c0.6|oos_sharpe|vt0.004|hi3.0,seed7_n10_c0.6,n=10|w=oos_sharpe|vt=0.004|chi=3.0|mc=0.6,10,-inf,0.0036171690457666387,0.7840909090909092,0.6580820857216291,0.004,3.0,oos_sharpe,GBPCAD|CADJPY|AUDCAD|NZDCAD|EURUSD|GBPJPY|NZDJPY|USDCHF|AUDJPY|EURCHF
seed7_n10_c0.6|oos_sharpe|vt0.005|hi3.0,seed7_n10_c0.6,n=10|w=oos_sharpe|vt=0.005|chi=3.0|mc=0.6,10,-inf,0.0036171690457666387,0.7840909090909092,0.6580820857216291,0.005,3.0,oos_sharpe,GBPCAD|CADJPY|AUDCAD|NZDCAD|EURUSD|GBPJPY|NZDJPY|USDCHF|AUDJPY|EURCHF
lock_plus3|equal|vt0.002|hi3.0,lock_plus3,n=8|w=equal|vt=0.002|chi=3.0|mc=None,8,-inf,0.0035998486980218652,0.6306818181818181,0.7359263374754484,0.002,3.0,equal,USDCHF|GBPUSD|CADJPY|AUDCAD|GBPCAD|EURUSD|GBPJPY|NZDCAD
seed7_n10_c0.6|oos_sharpe|vt0.002|hi3.0,seed7_n10_c0.6,n=10|w=oos_sharpe|vt=0.002|chi=3.0|mc=0.6,10,-inf,0.003590568191233742,0.7840909090909092,0.6594521406740623,0.002,3.0,oos_sharpe,GBPCAD|CADJPY|AUDCAD|NZDCAD|EURUSD|GBPJPY|NZDJPY|USDCHF|AUDJPY|EURCHF
seed6_n6_c0.5|oos_sharpe|vt0.002|hi3.0,seed6_n6_c0.5,n=6|w=oos_sharpe|vt=0.002|chi=3.0|mc=0.5,6,-inf,0.0035626139064303623,0.6931818181818181,0.7162324334889079,0.002,3.0,oos_sharpe,GBPCAD|AUDCAD|EURUSD|CADJPY|NZDCAD|GBPJPY
mr_n6|oos_sharpe|vt0.002|hi3.0,mr_n6,n=6|w=oos_sharpe|vt=0.002|chi=3.0|mc=None,6,-inf,0.0034933786389254647,0.6931818181818181,0.6758880048347844,0.002,3.0,oos_sharpe,GBPCAD|CADJPY|AUDCAD|EURUSD|USDCHF|NZDCAD
seed3_n8_c0.55|equal|vt0.003|hi3.0,seed3_n8_c0.55,n=8|w=equal|vt=0.003|chi=3.0|mc=0.55,8,-inf,0.003450771243570284,0.7386363636363636,0.6580452266061121,0.003,3.0,equal,GBPCAD|EURUSD|CADJPY|AUDCAD|USDCHF|GBPJPY|GBPUSD|EURCHF
seed3_n8_c0.55|equal|vt0.0035|hi3.0,seed3_n8_c0.55,n=8|w=equal|vt=0.0035|chi=3.0|mc=0.55,8,-inf,0.003450771243570284,0.7386363636363636,0.6580452266061172,0.0035,3.0,equal,GBPCAD|EURUSD|CADJPY|AUDCAD|USDCHF|GBPJPY|GBPUSD|EURCHF
seed3_n8_c0.55|equal|vt0.004|hi3.0,seed3_n8_c0.55,n=8|w=equal|vt=0.004|chi=3.0|mc=0.55,8,-inf,0.003450771243570284,0.7386363636363636,0.6580452266061181,0.004,3.0,equal,GBPCAD|EURUSD|CADJPY|AUDCAD|USDCHF|GBPJPY|GBPUSD|EURCHF
seed3_n8_c0.55|equal|vt0.005|hi3.0,seed3_n8_c0.55,n=8|w=equal|vt=0.005|chi=3.0|mc=0.55,8,-inf,0.003450771243570284,0.7386363636363636,0.6580452266061141,0.005,3.0,equal,GBPCAD|EURUSD|CADJPY|AUDCAD|USDCHF|GBPJPY|GBPUSD|EURCHF
seed6_n6_c0.5|oos_sharpe|vt0.003|hi3.0,seed6_n6_c0.5,n=6|w=oos_sharpe|vt=0.003|chi=3.0|mc=0.5,6,-inf,0.003442743730426018,0.7386363636363636,0.7439283992892121,0.003,3.0,oos_sharpe,GBPCAD|AUDCAD|EURUSD|CADJPY|NZDCAD|GBPJPY
lock_plus3|equal|vt0.0035|hi3.0,lock_plus3,n=8|w=equal|vt=0.0035|chi=3.0|mc=None,8,-inf,0.0033799615091403418,0.6306818181818181,0.7223269430391493,0.0035,3.0,equal,USDCHF|GBPUSD|CADJPY|AUDCAD|GBPCAD|EURUSD|GBPJPY|NZDCAD
lock_plus3|equal|vt0.004|hi3.0,lock_plus3,n=8|w=equal|vt=0.004|chi=3.0|mc=None,8,-inf,0.003365223423307598,0.6306818181818181,0.723158961805727,0.004,3.0,equal,USDCHF|GBPUSD|CADJPY|AUDCAD|GBPCAD|EURUSD|GBPJPY|NZDCAD
lock_plus3|equal|vt0.005|hi3.0,lock_plus3,n=8|w=equal|vt=0.005|chi=3.0|mc=None,8,-inf,0.003365223423307598,0.6306818181818181,0.7231616970134418,0.005,3.0,equal,USDCHF|GBPUSD|CADJPY|AUDCAD|GBPCAD|EURUSD|GBPJPY|NZDCAD
seed3_n8_c0.55|equal|vt0.0025|hi3.0,seed3_n8_c0.55,n=8|w=equal|vt=0.0025|chi=3.0|mc=0.55,8,-inf,0.0033404035206946255,0.7386363636363636,0.6617044799858506,0.0025,3.0,equal,GBPCAD|EURUSD|CADJPY|AUDCAD|USDCHF|GBPJPY|GBPUSD|EURCHF
seed6_n6_c0.5|oos_sharpe|vt0.005|hi3.0,seed6_n6_c0.5,n=6|w=oos_sharpe|vt=0.005|chi=3.0|mc=0.5,6,-inf,0.003306639493121609,0.7386363636363636,0.7370702988906386,0.005,3.0,oos_sharpe,GBPCAD|AUDCAD|EURUSD|CADJPY|NZDCAD|GBPJPY
seed6_n6_c0.5|oos_sharpe|vt0.0035|hi3.0,seed6_n6_c0.5,n=6|w=oos_sharpe|vt=0.0035|chi=3.0|mc=0.5,6,-inf,0.0032979304385922174,0.7386363636363636,0.7420627144507584,0.0035,3.0,oos_sharpe,GBPCAD|AUDCAD|EURUSD|CADJPY|NZDCAD|GBPJPY
seed7_n10_c0.6|equal|vt0.002|hi3.0,seed7_n10_c0.6,n=10|w=equal|vt=0.002|chi=3.0|mc=0.6,10,-inf,0.003294900768411435,0.7386363636363636,0.6649582727516428,0.002,3.0,equal,GBPCAD|CADJPY|AUDCAD|NZDCAD|EURUSD|GBPJPY|NZDJPY|USDCHF|AUDJPY|EURCHF
seed7_n10_c0.6|equal|vt0.0025|hi3.0,seed7_n10_c0.6,n=10|w=equal|vt=0.0025|chi=3.0|mc=0.6,10,-inf,0.003294900768411435,0.7386363636363636,0.6649582727516425,0.0025,3.0,equal,GBPCAD|CADJPY|AUDCAD|NZDCAD|EURUSD|GBPJPY|NZDJPY|USDCHF|AUDJPY|EURCHF
seed7_n10_c0.6|equal|vt0.003|hi3.0,seed7_n10_c0.6,n=10|w=equal|vt=0.003|chi=3.0|mc=0.6,10,-inf,0.003294900768411435,0.7386363636363636,0.6649582727516523,0.003,3.0,equal,GBPCAD|CADJPY|AUDCAD|NZDCAD|EURUSD|GBPJPY|NZDJPY|USDCHF|AUDJPY|EURCHF
seed7_n10_c0.6|equal|vt0.0035|hi3.0,seed7_n10_c0.6,n=10|w=equal|vt=0.0035|chi=3.0|mc=0.6,10,-inf,0.003294900768411435,0.7386363636363636,0.6649582727516523,0.0035,3.0,equal,GBPCAD|CADJPY|AUDCAD|NZDCAD|EURUSD|GBPJPY|NZDJPY|USDCHF|AUDJPY|EURCHF
seed7_n10_c0.6|equal|vt0.004|hi3.0,seed7_n10_c0.6,n=10|w=equal|vt=0.004|chi=3.0|mc=0.6,10,-inf,0.003294900768411435,0.7386363636363636,0.6649582727516523,0.004,3.0,equal,GBPCAD|CADJPY|AUDCAD|NZDCAD|EURUSD|GBPJPY|NZDJPY|USDCHF|AUDJPY|EURCHF
seed7_n10_c0.6|equal|vt0.005|hi3.0,seed7_n10_c0.6,n=10|w=equal|vt=0.005|chi=3.0|mc=0.6,10,-inf,0.003294900768411435,0.7386363636363636,0.6649582727516523,0.005,3.0,equal,GBPCAD|CADJPY|AUDCAD|NZDCAD|EURUSD|GBPJPY|NZDJPY|USDCHF|AUDJPY|EURCHF
seed6_n6_c0.5|oos_sharpe|vt0.004|hi3.0,seed6_n6_c0.5,n=6|w=oos_sharpe|vt=0.004|chi=3.0|mc=0.5,6,-inf,0.0032914767686867356,0.7386363636363636,0.74049340306824,0.004,3.0,oos_sharpe,GBPCAD|AUDCAD|EURUSD|CADJPY|NZDCAD|GBPJPY
mr_n6|oos_sharpe|vt0.0025|hi3.0,mr_n6,n=6|w=oos_sharpe|vt=0.0025|chi=3.0|mc=None,6,-inf,0.0032789596749645896,0.6306818181818181,0.6870252363851688,0.0025,3.0,oos_sharpe,GBPCAD|CADJPY|AUDCAD|EURUSD|USDCHF|NZDCAD
lock_plus3|equal|vt0.0025|hi3.0,lock_plus3,n=8|w=equal|vt=0.0025|chi=3.0|mc=None,8,-inf,0.003264177653273373,0.6306818181818181,0.7318409055469479,0.0025,3.0,equal,USDCHF|GBPUSD|CADJPY|AUDCAD|GBPCAD|EURUSD|GBPJPY|NZDCAD
lock_plus3|equal|vt0.003|hi3.0,lock_plus3,n=8|w=equal|vt=0.003|chi=3.0|mc=None,8,-inf,0.0032616396632446365,0.6306818181818181,0.7272786715112516,0.003,3.0,equal,USDCHF|GBPUSD|CADJPY|AUDCAD|GBPCAD|EURUSD|GBPJPY|NZDCAD
seed1_n10_c0.6|equal|vt0.002|hi2.0,seed1_n10_c0.6,n=10|w=equal|vt=0.002|chi=2.0|mc=0.6,10,-inf,0.003195209453244151,0.7840909090909092,0.6306029362279587,0.002,2.0,equal,GBPCAD|CADJPY|GBPJPY|AUDCAD|EURUSD|USDCHF|NZDCAD|AUDJPY|EURGBP|EURCHF
seed1_n10_c0.6|equal|vt0.0025|hi2.0,seed1_n10_c0.6,n=10|w=equal|vt=0.0025|chi=2.0|mc=0.6,10,-inf,0.003195209453244151,0.7840909090909092,0.6306029362279587,0.0025,2.0,equal,GBPCAD|CADJPY|GBPJPY|AUDCAD|EURUSD|USDCHF|NZDCAD|AUDJPY|EURGBP|EURCHF
seed1_n10_c0.6|equal|vt0.003|hi2.0,seed1_n10_c0.6,n=10|w=equal|vt=0.003|chi=2.0|mc=0.6,10,-inf,0.003195209453244151,0.7840909090909092,0.6306029362279587,0.003,2.0,equal,GBPCAD|CADJPY|GBPJPY|AUDCAD|EURUSD|USDCHF|NZDCAD|AUDJPY|EURGBP|EURCHF
seed1_n10_c0.6|equal|vt0.0035|hi2.0,seed1_n10_c0.6,n=10|w=equal|vt=0.0035|chi=2.0|mc=0.6,10,-inf,0.003195209453244151,0.7840909090909092,0.6306029362279587,0.0035,2.0,equal,GBPCAD|CADJPY|GBPJPY|AUDCAD|EURUSD|USDCHF|NZDCAD|AUDJPY|EURGBP|EURCHF
seed1_n10_c0.6|equal|vt0.004|hi2.0,seed1_n10_c0.6,n=10|w=equal|vt=0.004|chi=2.0|mc=0.6,10,-inf,0.003195209453244151,0.7840909090909092,0.6306029362279587,0.004,2.0,equal,GBPCAD|CADJPY|GBPJPY|AUDCAD|EURUSD|USDCHF|NZDCAD|AUDJPY|EURGBP|EURCHF
seed1_n10_c0.6|equal|vt0.005|hi2.0,seed1_n10_c0.6,n=10|w=equal|vt=0.005|chi=2.0|mc=0.6,10,-inf,0.003195209453244151,0.7840909090909092,0.6306029362279587,0.005,2.0,equal,GBPCAD|CADJPY|GBPJPY|AUDCAD|EURUSD|USDCHF|NZDCAD|AUDJPY|EURGBP|EURCHF
mr_n6|equal|vt0.003|hi3.0,mr_n6,n=6|w=equal|vt=0.003|chi=3.0|mc=None,6,-inf,0.003186551883274385,0.6306818181818181,0.6530608122379643,0.003,3.0,equal,GBPCAD|CADJPY|AUDCAD|EURUSD|USDCHF|NZDCAD
smooth_n12_c0.45|oos_sharpe|vt0.002|hi3.0,smooth_n12_c0.45,n=12|w=oos_sharpe|vt=0.002|chi=3.0|mc=0.45,12,-inf,0.0031643905775926777,0.7386363636363636,0.7125890435976059,0.002,3.0,oos_sharpe,GBPCAD|CADJPY|AUDCAD|EURUSD|GBPJPY|USDCHF|NZDCAD|EURCHF|EURGBP|GBPUSD|AUDUSD|EURCAD
smooth_n12_c0.45|oos_sharpe|vt0.0025|hi3.0,smooth_n12_c0.45,n=12|w=oos_sharpe|vt=0.0025|chi=3.0|mc=0.45,12,-inf,0.0031643905775926777,0.7386363636363636,0.7125890435976141,0.0025,3.0,oos_sharpe,GBPCAD|CADJPY|AUDCAD|EURUSD|GBPJPY|USDCHF|NZDCAD|EURCHF|EURGBP|GBPUSD|AUDUSD|EURCAD
smooth_n12_c0.45|oos_sharpe|vt0.003|hi3.0,smooth_n12_c0.45,n=12|w=oos_sharpe|vt=0.003|chi=3.0|mc=0.45,12,-inf,0.0031643905775926777,0.7386363636363636,0.7125890435976141,0.003,3.0,oos_sharpe,GBPCAD|CADJPY|AUDCAD|EURUSD|GBPJPY|USDCHF|NZDCAD|EURCHF|EURGBP|GBPUSD|AUDUSD|EURCAD
smooth_n12_c0.45|oos_sharpe|vt0.0035|hi3.0,smooth_n12_c0.45,n=12|w=oos_sharpe|vt=0.0035|chi=3.0|mc=0.45,12,-inf,0.0031643905775926777,0.7386363636363636,0.7125890435976141,0.0035,3.0,oos_sharpe,GBPCAD|CADJPY|AUDCAD|EURUSD|GBPJPY|USDCHF|NZDCAD|EURCHF|EURGBP|GBPUSD|AUDUSD|EURCAD
smooth_n12_c0.45|oos_sharpe|vt0.004|hi3.0,smooth_n12_c0.45,n=12|w=oos_sharpe|vt=0.004|chi=3.0|mc=0.45,12,-inf,0.0031643905775926777,0.7386363636363636,0.7125890435976141,0.004,3.0,oos_sharpe,GBPCAD|CADJPY|AUDCAD|EURUSD|GBPJPY|USDCHF|NZDCAD|EURCHF|EURGBP|GBPUSD|AUDUSD|EURCAD
smooth_n12_c0.45|oos_sharpe|vt0.005|hi3.0,smooth_n12_c0.45,n=12|w=oos_sharpe|vt=0.005|chi=3.0|mc=0.45,12,-inf,0.0031643905775926777,0.7386363636363636,0.7125890435976141,0.005,3.0,oos_sharpe,GBPCAD|CADJPY|AUDCAD|EURUSD|GBPJPY|USDCHF|NZDCAD|EURCHF|EURGBP|GBPUSD|AUDUSD|EURCAD
lock_plus1|oos_sharpe|vt0.0025|hi2.0,lock_plus1,n=6|w=oos_sharpe|vt=0.0025|chi=2.0|mc=None,6,-inf,0.0031007803652730996,0.6761363636363636,0.6803806542334236,0.0025,2.0,oos_sharpe,USDCHF|GBPUSD|CADJPY|AUDCAD|GBPCAD|EURUSD
lock_plus1|oos_sharpe|vt0.003|hi2.0,lock_plus1,n=6|w=oos_sharpe|vt=0.003|chi=2.0|mc=None,6,-inf,0.003090676197258224,0.6761363636363636,0.6821506127788192,0.003,2.0,oos_sharpe,USDCHF|GBPUSD|CADJPY|AUDCAD|GBPCAD|EURUSD
lock_plus1|oos_sharpe|vt0.0035|hi2.0,lock_plus1,n=6|w=oos_sharpe|vt=0.0035|chi=2.0|mc=None,6,-inf,0.003090676197258224,0.6761363636363636,0.6821506127788192,0.0035,2.0,oos_sharpe,USDCHF|GBPUSD|CADJPY|AUDCAD|GBPCAD|EURUSD
lock_plus1|oos_sharpe|vt0.004|hi2.0,lock_plus1,n=6|w=oos_sharpe|vt=0.004|chi=2.0|mc=None,6,-inf,0.003090676197258224,0.6761363636363636,0.6821506127788192,0.004,2.0,oos_sharpe,USDCHF|GBPUSD|CADJPY|AUDCAD|GBPCAD|EURUSD
lock_plus1|oos_sharpe|vt0.005|hi2.0,lock_plus1,n=6|w=oos_sharpe|vt=0.005|chi=2.0|mc=None,6,-inf,0.003090676197258224,0.6761363636363636,0.6821506127788192,0.005,2.0,oos_sharpe,USDCHF|GBPUSD|CADJPY|AUDCAD|GBPCAD|EURUSD
seed3_n8_c0.55|equal|vt0.002|hi3.0,seed3_n8_c0.55,n=8|w=equal|vt=0.002|chi=3.0|mc=0.55,8,-inf,0.0030789940875627767,0.7386363636363636,0.66432955968092,0.002,3.0,equal,GBPCAD|EURUSD|CADJPY|AUDCAD|USDCHF|GBPJPY|GBPUSD|EURCHF
smooth_n12_c0.45|equal|vt0.002|hi3.0,smooth_n12_c0.45,n=12|w=equal|vt=0.002|chi=3.0|mc=0.45,12,-inf,0.0030593703141448877,0.7386363636363636,0.7724261774110261,0.002,3.0,equal,GBPCAD|CADJPY|AUDCAD|EURUSD|GBPJPY|USDCHF|NZDCAD|EURCHF|EURGBP|GBPUSD|AUDUSD|EURCAD
smooth_n12_c0.45|equal|vt0.0025|hi3.0,smooth_n12_c0.45,n=12|w=equal|vt=0.0025|chi=3.0|mc=0.45,12,-inf,0.0030593703141448877,0.7386363636363636,0.7724261774110188,0.0025,3.0,equal,GBPCAD|CADJPY|AUDCAD|EURUSD|GBPJPY|USDCHF|NZDCAD|EURCHF|EURGBP|GBPUSD|AUDUSD|EURCAD
smooth_n12_c0.45|equal|vt0.003|hi3.0,smooth_n12_c0.45,n=12|w=equal|vt=0.003|chi=3.0|mc=0.45,12,-inf,0.0030593703141448877,0.7386363636363636,0.7724261774110188,0.003,3.0,equal,GBPCAD|CADJPY|AUDCAD|EURUSD|GBPJPY|USDCHF|NZDCAD|EURCHF|EURGBP|GBPUSD|AUDUSD|EURCAD
smooth_n12_c0.45|equal|vt0.0035|hi3.0,smooth_n12_c0.45,n=12|w=equal|vt=0.0035|chi=3.0|mc=0.45,12,-inf,0.0030593703141448877,0.7386363636363636,0.7724261774110188,0.0035,3.0,equal,GBPCAD|CADJPY|AUDCAD|EURUSD|GBPJPY|USDCHF|NZDCAD|EURCHF|EURGBP|GBPUSD|AUDUSD|EURCAD
smooth_n12_c0.45|equal|vt0.004|hi3.0,smooth_n12_c0.45,n=12|w=equal|vt=0.004|chi=3.0|mc=0.45,12,-inf,0.0030593703141448877,0.7386363636363636,0.7724261774110188,0.004,3.0,equal,GBPCAD|CADJPY|AUDCAD|EURUSD|GBPJPY|USDCHF|NZDCAD|EURCHF|EURGBP|GBPUSD|AUDUSD|EURCAD
smooth_n12_c0.45|equal|vt0.005|hi3.0,smooth_n12_c0.45,n=12|w=equal|vt=0.005|chi=3.0|mc=0.45,12,-inf,0.0030593703141448877,0.7386363636363636,0.7724261774110188,0.005,3.0,equal,GBPCAD|CADJPY|AUDCAD|EURUSD|GBPJPY|USDCHF|NZDCAD|EURCHF|EURGBP|GBPUSD|AUDUSD|EURCAD
mr_n5|oos_sharpe|vt0.002|hi2.0,mr_n5,n=5|w=oos_sharpe|vt=0.002|chi=2.0|mc=None,5,-inf,0.0030510663765577002,0.6931818181818181,0.6581622197828396,0.002,2.0,oos_sharpe,GBPCAD|CADJPY|AUDCAD|EURUSD|USDCHF
seed1_n10_c0.6|oos_sharpe|vt0.002|hi2.0,seed1_n10_c0.6,n=10|w=oos_sharpe|vt=0.002|chi=2.0|mc=0.6,10,-inf,0.0030497897688951795,0.7840909090909092,0.6250610304209934,0.002,2.0,oos_sharpe,GBPCAD|CADJPY|GBPJPY|AUDCAD|EURUSD|USDCHF|NZDCAD|AUDJPY|EURGBP|EURCHF
seed1_n10_c0.6|oos_sharpe|vt0.0025|hi2.0,seed1_n10_c0.6,n=10|w=oos_sharpe|vt=0.0025|chi=2.0|mc=0.6,10,-inf,0.0030497897688951795,0.7840909090909092,0.6250610304209934,0.0025,2.0,oos_sharpe,GBPCAD|CADJPY|GBPJPY|AUDCAD|EURUSD|USDCHF|NZDCAD|AUDJPY|EURGBP|EURCHF
seed1_n10_c0.6|oos_sharpe|vt0.003|hi2.0,seed1_n10_c0.6,n=10|w=oos_sharpe|vt=0.003|chi=2.0|mc=0.6,10,-inf,0.0030497897688951795,0.7840909090909092,0.6250610304209934,0.003,2.0,oos_sharpe,GBPCAD|CADJPY|GBPJPY|AUDCAD|EURUSD|USDCHF|NZDCAD|AUDJPY|EURGBP|EURCHF
seed1_n10_c0.6|oos_sharpe|vt0.0035|hi2.0,seed1_n10_c0.6,n=10|w=oos_sharpe|vt=0.0035|chi=2.0|mc=0.6,10,-inf,0.0030497897688951795,0.7840909090909092,0.6250610304209934,0.0035,2.0,oos_sharpe,GBPCAD|CADJPY|GBPJPY|AUDCAD|EURUSD|USDCHF|NZDCAD|AUDJPY|EURGBP|EURCHF
seed1_n10_c0.6|oos_sharpe|vt0.004|hi2.0,seed1_n10_c0.6,n=10|w=oos_sharpe|vt=0.004|chi=2.0|mc=0.6,10,-inf,0.0030497897688951795,0.7840909090909092,0.6250610304209934,0.004,2.0,oos_sharpe,GBPCAD|CADJPY|GBPJPY|AUDCAD|EURUSD|USDCHF|NZDCAD|AUDJPY|EURGBP|EURCHF
seed1_n10_c0.6|oos_sharpe|vt0.005|hi2.0,seed1_n10_c0.6,n=10|w=oos_sharpe|vt=0.005|chi=2.0|mc=0.6,10,-inf,0.0030497897688951795,0.7840909090909092,0.6250610304209934,0.005,2.0,oos_sharpe,GBPCAD|CADJPY|GBPJPY|AUDCAD|EURUSD|USDCHF|NZDCAD|AUDJPY|EURGBP|EURCHF
mr_n5|equal|vt0.0035|hi2.0,mr_n5,n=5|w=equal|vt=0.0035|chi=2.0|mc=None,5,-inf,0.0030121731362487765,0.6931818181818181,0.6625926582163542,0.0035,2.0,equal,GBPCAD|CADJPY|AUDCAD|EURUSD|USDCHF
seed5_n10_c0.6|equal|vt0.002|hi2.0,seed5_n10_c0.6,n=10|w=equal|vt=0.002|chi=2.0|mc=0.6,10,-inf,0.0030064700719854213,0.7840909090909092,0.6202127082836477,0.002,2.0,equal,GBPCAD|CADJPY|AUDCAD|EURUSD|USDCHF|GBPJPY|EURGBP|NZDCAD|EURCAD|EURCHF
seed5_n10_c0.6|equal|vt0.0025|hi2.0,seed5_n10_c0.6,n=10|w=equal|vt=0.0025|chi=2.0|mc=0.6,10,-inf,0.0030064700719854213,0.7840909090909092,0.6202127082836477,0.0025,2.0,equal,GBPCAD|CADJPY|AUDCAD|EURUSD|USDCHF|GBPJPY|EURGBP|NZDCAD|EURCAD|EURCHF
seed5_n10_c0.6|equal|vt0.003|hi2.0,seed5_n10_c0.6,n=10|w=equal|vt=0.003|chi=2.0|mc=0.6,10,-inf,0.0030064700719854213,0.7840909090909092,0.6202127082836477,0.003,2.0,equal,GBPCAD|CADJPY|AUDCAD|EURUSD|USDCHF|GBPJPY|EURGBP|NZDCAD|EURCAD|EURCHF
seed5_n10_c0.6|equal|vt0.0035|hi2.0,seed5_n10_c0.6,n=10|w=equal|vt=0.0035|chi=2.0|mc=0.6,10,-inf,0.0030064700719854213,0.7840909090909092,0.6202127082836477,0.0035,2.0,equal,GBPCAD|CADJPY|AUDCAD|EURUSD|USDCHF|GBPJPY|EURGBP|NZDCAD|EURCAD|EURCHF
seed5_n10_c0.6|equal|vt0.004|hi2.0,seed5_n10_c0.6,n=10|w=equal|vt=0.004|chi=2.0|mc=0.6,10,-inf,0.0030064700719854213,0.7840909090909092,0.6202127082836477,0.004,2.0,equal,GBPCAD|CADJPY|AUDCAD|EURUSD|USDCHF|GBPJPY|EURGBP|NZDCAD|EURCAD|EURCHF
seed5_n10_c0.6|equal|vt0.005|hi2.0,seed5_n10_c0.6,n=10|w=equal|vt=0.005|chi=2.0|mc=0.6,10,-inf,0.0030064700719854213,0.7840909090909092,0.6202127082836477,0.005,2.0,equal,GBPCAD|CADJPY|AUDCAD|EURUSD|USDCHF|GBPJPY|EURGBP|NZDCAD|EURCAD|EURCHF
seed5_n10_c0.6|oos_sharpe|vt0.002|hi2.0,seed5_n10_c0.6,n=10|w=oos_sharpe|vt=0.002|chi=2.0|mc=0.6,10,-inf,0.002932180720494433,0.7840909090909092,0.6273265827567029,0.002,2.0,oos_sharpe,GBPCAD|CADJPY|AUDCAD|EURUSD|USDCHF|GBPJPY|EURGBP|NZDCAD|EURCAD|EURCHF
seed5_n10_c0.6|oos_sharpe|vt0.0025|hi2.0,seed5_n10_c0.6,n=10|w=oos_sharpe|vt=0.0025|chi=2.0|mc=0.6,10,-inf,0.002932180720494433,0.7840909090909092,0.6273265827567029,0.0025,2.0,oos_sharpe,GBPCAD|CADJPY|AUDCAD|EURUSD|USDCHF|GBPJPY|EURGBP|NZDCAD|EURCAD|EURCHF
seed5_n10_c0.6|oos_sharpe|vt0.003|hi2.0,seed5_n10_c0.6,n=10|w=oos_sharpe|vt=0.003|chi=2.0|mc=0.6,10,-inf,0.002932180720494433,0.7840909090909092,0.6273265827567029,0.003,2.0,oos_sharpe,GBPCAD|CADJPY|AUDCAD|EURUSD|USDCHF|GBPJPY|EURGBP|NZDCAD|EURCAD|EURCHF
seed5_n10_c0.6|oos_sharpe|vt0.0035|hi2.0,seed5_n10_c0.6,n=10|w=oos_sharpe|vt=0.0035|chi=2.0|mc=0.6,10,-inf,0.002932180720494433,0.7840909090909092,0.6273265827567029,0.0035,2.0,oos_sharpe,GBPCAD|CADJPY|AUDCAD|EURUSD|USDCHF|GBPJPY|EURGBP|NZDCAD|EURCAD|EURCHF
seed5_n10_c0.6|oos_sharpe|vt0.004|hi2.0,seed5_n10_c0.6,n=10|w=oos_sharpe|vt=0.004|chi=2.0|mc=0.6,10,-inf,0.002932180720494433,0.7840909090909092,0.6273265827567029,0.004,2.0,oos_sharpe,GBPCAD|CADJPY|AUDCAD|EURUSD|USDCHF|GBPJPY|EURGBP|NZDCAD|EURCAD|EURCHF
seed5_n10_c0.6|oos_sharpe|vt0.005|hi2.0,seed5_n10_c0.6,n=10|w=oos_sharpe|vt=0.005|chi=2.0|mc=0.6,10,-inf,0.002932180720494433,0.7840909090909092,0.6273265827567029,0.005,2.0,oos_sharpe,GBPCAD|CADJPY|AUDCAD|EURUSD|USDCHF|GBPJPY|EURGBP|NZDCAD|EURCAD|EURCHF
seed0_n10_c0.6|equal|vt0.002|hi2.0,seed0_n10_c0.6,n=10|w=equal|vt=0.002|chi=2.0|mc=0.6,10,-inf,0.0029185144245066855,0.7386363636363636,0.7117301191490126,0.002,2.0,equal,GBPCAD|AUDCAD|EURUSD|CADJPY|NZDCAD|USDCHF|GBPJPY|EURCHF|AUDUSD|EURGBP
seed0_n10_c0.6|equal|vt0.0025|hi2.0,seed0_n10_c0.6,n=10|w=equal|vt=0.0025|chi=2.0|mc=0.6,10,-inf,0.0029185144245066855,0.7386363636363636,0.7117301191490033,0.0025,2.0,equal,GBPCAD|AUDCAD|EURUSD|CADJPY|NZDCAD|USDCHF|GBPJPY|EURCHF|AUDUSD|EURGBP
seed0_n10_c0.6|equal|vt0.003|hi2.0,seed0_n10_c0.6,n=10|w=equal|vt=0.003|chi=2.0|mc=0.6,10,-inf,0.0029185144245066855,0.7386363636363636,0.7117301191490033,0.003,2.0,equal,GBPCAD|AUDCAD|EURUSD|CADJPY|NZDCAD|USDCHF|GBPJPY|EURCHF|AUDUSD|EURGBP
seed0_n10_c0.6|equal|vt0.0035|hi2.0,seed0_n10_c0.6,n=10|w=equal|vt=0.0035|chi=2.0|mc=0.6,10,-inf,0.0029185144245066855,0.7386363636363636,0.7117301191490033,0.0035,2.0,equal,GBPCAD|AUDCAD|EURUSD|CADJPY|NZDCAD|USDCHF|GBPJPY|EURCHF|AUDUSD|EURGBP
seed0_n10_c0.6|equal|vt0.004|hi2.0,seed0_n10_c0.6,n=10|w=equal|vt=0.004|chi=2.0|mc=0.6,10,-inf,0.0029185144245066855,0.7386363636363636,0.7117301191490033,0.004,2.0,equal,GBPCAD|AUDCAD|EURUSD|CADJPY|NZDCAD|USDCHF|GBPJPY|EURCHF|AUDUSD|EURGBP
seed0_n10_c0.6|equal|vt0.005|hi2.0,seed0_n10_c0.6,n=10|w=equal|vt=0.005|chi=2.0|mc=0.6,10,-inf,0.0029185144245066855,0.7386363636363636,0.7117301191490033,0.005,2.0,equal,GBPCAD|AUDCAD|EURUSD|CADJPY|NZDCAD|USDCHF|GBPJPY|EURCHF|AUDUSD|EURGBP
lock_plus1|oos_sharpe|vt0.002|hi2.0,lock_plus1,n=6|w=oos_sharpe|vt=0.002|chi=2.0|mc=None,6,-inf,0.002887026212866073,0.6761363636363636,0.683526706927778,0.002,2.0,oos_sharpe,USDCHF|GBPUSD|CADJPY|AUDCAD|GBPCAD|EURUSD
seed0_n10_c0.6|oos_sharpe|vt0.002|hi2.0,seed0_n10_c0.6,n=10|w=oos_sharpe|vt=0.002|chi=2.0|mc=0.6,10,-inf,0.0028677853760783467,0.7386363636363636,0.672059451463974,0.002,2.0,oos_sharpe,GBPCAD|AUDCAD|EURUSD|CADJPY|NZDCAD|USDCHF|GBPJPY|EURCHF|AUDUSD|EURGBP
seed0_n10_c0.6|oos_sharpe|vt0.0025|hi2.0,seed0_n10_c0.6,n=10|w=oos_sharpe|vt=0.0025|chi=2.0|mc=0.6,10,-inf,0.0028677853760783467,0.7386363636363636,0.6720594514639698,0.0025,2.0,oos_sharpe,GBPCAD|AUDCAD|EURUSD|CADJPY|NZDCAD|USDCHF|GBPJPY|EURCHF|AUDUSD|EURGBP
seed0_n10_c0.6|oos_sharpe|vt0.003|hi2.0,seed0_n10_c0.6,n=10|w=oos_sharpe|vt=0.003|chi=2.0|mc=0.6,10,-inf,0.0028677853760783467,0.7386363636363636,0.6720594514639698,0.003,2.0,oos_sharpe,GBPCAD|AUDCAD|EURUSD|CADJPY|NZDCAD|USDCHF|GBPJPY|EURCHF|AUDUSD|EURGBP
seed0_n10_c0.6|oos_sharpe|vt0.0035|hi2.0,seed0_n10_c0.6,n=10|w=oos_sharpe|vt=0.0035|chi=2.0|mc=0.6,10,-inf,0.0028677853760783467,0.7386363636363636,0.6720594514639698,0.0035,2.0,oos_sharpe,GBPCAD|AUDCAD|EURUSD|CADJPY|NZDCAD|USDCHF|GBPJPY|EURCHF|AUDUSD|EURGBP
seed0_n10_c0.6|oos_sharpe|vt0.004|hi2.0,seed0_n10_c0.6,n=10|w=oos_sharpe|vt=0.004|chi=2.0|mc=0.6,10,-inf,0.0028677853760783467,0.7386363636363636,0.6720594514639698,0.004,2.0,oos_sharpe,GBPCAD|AUDCAD|EURUSD|CADJPY|NZDCAD|USDCHF|GBPJPY|EURCHF|AUDUSD|EURGBP
seed0_n10_c0.6|oos_sharpe|vt0.005|hi2.0,seed0_n10_c0.6,n=10|w=oos_sharpe|vt=0.005|chi=2.0|mc=0.6,10,-inf,0.0028677853760783467,0.7386363636363636,0.6720594514639698,0.005,2.0,oos_sharpe,GBPCAD|AUDCAD|EURUSD|CADJPY|NZDCAD|USDCHF|GBPJPY|EURCHF|AUDUSD|EURGBP
seed6_n6_c0.5|equal|vt0.002|hi2.0,seed6_n6_c0.5,n=6|w=equal|vt=0.002|chi=2.0|mc=0.5,6,-inf,0.0028414494662571147,0.7386363636363636,0.7327354064237964,0.002,2.0,equal,GBPCAD|AUDCAD|EURUSD|CADJPY|NZDCAD|GBPJPY
mr_n5|equal|vt0.005|hi2.0,mr_n5,n=5|w=equal|vt=0.005|chi=2.0|mc=None,5,-inf,0.0027971126295902693,0.6931818181818181,0.6643631323980301,0.005,2.0,equal,GBPCAD|CADJPY|AUDCAD|EURUSD|USDCHF
smooth_n10_c0.45|equal|vt0.002|hi2.0,smooth_n10_c0.45,n=10|w=equal|vt=0.002|chi=2.0|mc=0.45,10,-inf,0.0027932542588491012,0.7386363636363636,0.6870008789026557,0.002,2.0,equal,GBPCAD|CADJPY|AUDCAD|EURUSD|GBPJPY|USDCHF|NZDCAD|EURCHF|EURGBP|GBPUSD
smooth_n10_c0.45|equal|vt0.0025|hi2.0,smooth_n10_c0.45,n=10|w=equal|vt=0.0025|chi=2.0|mc=0.45,10,-inf,0.0027932542588491012,0.7386363636363636,0.6870008789026557,0.0025,2.0,equal,GBPCAD|CADJPY|AUDCAD|EURUSD|GBPJPY|USDCHF|NZDCAD|EURCHF|EURGBP|GBPUSD
smooth_n10_c0.45|equal|vt0.003|hi2.0,smooth_n10_c0.45,n=10|w=equal|vt=0.003|chi=2.0|mc=0.45,10,-inf,0.0027932542588491012,0.7386363636363636,0.6870008789026557,0.003,2.0,equal,GBPCAD|CADJPY|AUDCAD|EURUSD|GBPJPY|USDCHF|NZDCAD|EURCHF|EURGBP|GBPUSD
smooth_n10_c0.45|equal|vt0.0035|hi2.0,smooth_n10_c0.45,n=10|w=equal|vt=0.0035|chi=2.0|mc=0.45,10,-inf,0.0027932542588491012,0.7386363636363636,0.6870008789026557,0.0035,2.0,equal,GBPCAD|CADJPY|AUDCAD|EURUSD|GBPJPY|USDCHF|NZDCAD|EURCHF|EURGBP|GBPUSD
smooth_n10_c0.45|equal|vt0.004|hi2.0,smooth_n10_c0.45,n=10|w=equal|vt=0.004|chi=2.0|mc=0.45,10,-inf,0.0027932542588491012,0.7386363636363636,0.6870008789026557,0.004,2.0,equal,GBPCAD|CADJPY|AUDCAD|EURUSD|GBPJPY|USDCHF|NZDCAD|EURCHF|EURGBP|GBPUSD
smooth_n10_c0.45|equal|vt0.005|hi2.0,smooth_n10_c0.45,n=10|w=equal|vt=0.005|chi=2.0|mc=0.45,10,-inf,0.0027932542588491012,0.7386363636363636,0.6870008789026557,0.005,2.0,equal,GBPCAD|CADJPY|AUDCAD|EURUSD|GBPJPY|USDCHF|NZDCAD|EURCHF|EURGBP|GBPUSD
lock_plus1|equal|vt0.002|hi3.0,lock_plus1,n=6|w=equal|vt=0.002|chi=3.0|mc=None,6,-inf,0.0027892137172691556,0.6477272727272727,0.7498047612736393,0.002,3.0,equal,USDCHF|GBPUSD|CADJPY|AUDCAD|GBPCAD|EURUSD
mr_n5|equal|vt0.004|hi2.0,mr_n5,n=5|w=equal|vt=0.004|chi=2.0|mc=None,5,-inf,0.002770521182320997,0.6931818181818181,0.6631967909634285,0.004,2.0,equal,GBPCAD|CADJPY|AUDCAD|EURUSD|USDCHF
smooth_n10_c0.45|oos_sharpe|vt0.002|hi2.0,smooth_n10_c0.45,n=10|w=oos_sharpe|vt=0.002|chi=2.0|mc=0.45,10,-inf,0.002759077413748085,0.7840909090909092,0.6611182649421918,0.002,2.0,oos_sharpe,GBPCAD|CADJPY|AUDCAD|EURUSD|GBPJPY|USDCHF|NZDCAD|EURCHF|EURGBP|GBPUSD
smooth_n10_c0.45|oos_sharpe|vt0.0025|hi2.0,smooth_n10_c0.45,n=10|w=oos_sharpe|vt=0.0025|chi=2.0|mc=0.45,10,-inf,0.002759077413748085,0.7840909090909092,0.6611182649421918,0.0025,2.0,oos_sharpe,GBPCAD|CADJPY|AUDCAD|EURUSD|GBPJPY|USDCHF|NZDCAD|EURCHF|EURGBP|GBPUSD
smooth_n10_c0.45|oos_sharpe|vt0.003|hi2.0,smooth_n10_c0.45,n=10|w=oos_sharpe|vt=0.003|chi=2.0|mc=0.45,10,-inf,0.002759077413748085,0.7840909090909092,0.6611182649421918,0.003,2.0,oos_sharpe,GBPCAD|CADJPY|AUDCAD|EURUSD|GBPJPY|USDCHF|NZDCAD|EURCHF|EURGBP|GBPUSD
smooth_n10_c0.45|oos_sharpe|vt0.0035|hi2.0,smooth_n10_c0.45,n=10|w=oos_sharpe|vt=0.0035|chi=2.0|mc=0.45,10,-inf,0.002759077413748085,0.7840909090909092,0.6611182649421918,0.0035,2.0,oos_sharpe,GBPCAD|CADJPY|AUDCAD|EURUSD|GBPJPY|USDCHF|NZDCAD|EURCHF|EURGBP|GBPUSD
smooth_n10_c0.45|oos_sharpe|vt0.004|hi2.0,smooth_n10_c0.45,n=10|w=oos_sharpe|vt=0.004|chi=2.0|mc=0.45,10,-inf,0.002759077413748085,0.7840909090909092,0.6611182649421918,0.004,2.0,oos_sharpe,GBPCAD|CADJPY|AUDCAD|EURUSD|GBPJPY|USDCHF|NZDCAD|EURCHF|EURGBP|GBPUSD
smooth_n10_c0.45|oos_sharpe|vt0.005|hi2.0,smooth_n10_c0.45,n=10|w=oos_sharpe|vt=0.005|chi=2.0|mc=0.45,10,-inf,0.002759077413748085,0.7840909090909092,0.6611182649421918,0.005,2.0,oos_sharpe,GBPCAD|CADJPY|AUDCAD|EURUSD|GBPJPY|USDCHF|NZDCAD|EURCHF|EURGBP|GBPUSD
mr_n5|oos_sharpe|vt0.003|hi2.0,mr_n5,n=5|w=oos_sharpe|vt=0.003|chi=2.0|mc=None,5,-inf,0.0027451086515146213,0.6931818181818181,0.6928150447530478,0.003,2.0,oos_sharpe,GBPCAD|CADJPY|AUDCAD|EURUSD|USDCHF
seed6_n6_c0.5|equal|vt0.0035|hi2.0,seed6_n6_c0.5,n=6|w=equal|vt=0.0035|chi=2.0|mc=0.5,6,-inf,0.0027450395634120994,0.7386363636363636,0.7281946424232805,0.0035,2.0,equal,GBPCAD|AUDCAD|EURUSD|CADJPY|NZDCAD|GBPJPY
seed6_n6_c0.5|equal|vt0.004|hi2.0,seed6_n6_c0.5,n=6|w=equal|vt=0.004|chi=2.0|mc=0.5,6,-inf,0.0027450395634120994,0.7386363636363636,0.7281946424232805,0.004,2.0,equal,GBPCAD|AUDCAD|EURUSD|CADJPY|NZDCAD|GBPJPY
seed6_n6_c0.5|equal|vt0.005|hi2.0,seed6_n6_c0.5,n=6|w=equal|vt=0.005|chi=2.0|mc=0.5,6,-inf,0.0027450395634120994,0.7386363636363636,0.7281946424232805,0.005,2.0,equal,GBPCAD|AUDCAD|EURUSD|CADJPY|NZDCAD|GBPJPY
seed6_n6_c0.5|equal|vt0.0025|hi2.0,seed6_n6_c0.5,n=6|w=equal|vt=0.0025|chi=2.0|mc=0.5,6,-inf,0.002734035927964123,0.7386363636363636,0.7326951198585383,0.0025,2.0,equal,GBPCAD|AUDCAD|EURUSD|CADJPY|NZDCAD|GBPJPY
mr_n5|oos_sharpe|vt0.0025|hi2.0,mr_n5,n=5|w=oos_sharpe|vt=0.0025|chi=2.0|mc=None,5,-inf,0.0027315161404644476,0.6931818181818181,0.6847611720719136,0.0025,2.0,oos_sharpe,GBPCAD|CADJPY|AUDCAD|EURUSD|USDCHF
seed6_n6_c0.5|equal|vt0.003|hi2.0,seed6_n6_c0.5,n=6|w=equal|vt=0.003|chi=2.0|mc=0.5,6,-inf,0.002727744918709701,0.7386363636363636,0.7298935717695401,0.003,2.0,equal,GBPCAD|AUDCAD|EURUSD|CADJPY|NZDCAD|GBPJPY
mr_n6|equal|vt0.0035|hi3.0,mr_n6,n=6|w=equal|vt=0.0035|chi=3.0|mc=None,6,-inf,0.002727143404974486,0.6306818181818181,0.6489721055676345,0.0035,3.0,equal,GBPCAD|CADJPY|AUDCAD|EURUSD|USDCHF|NZDCAD
mr_n6|oos_sharpe|vt0.003|hi3.0,mr_n6,n=6|w=oos_sharpe|vt=0.003|chi=3.0|mc=None,6,-inf,0.002653276762124396,0.6306818181818181,0.6829076960652944,0.003,3.0,oos_sharpe,GBPCAD|CADJPY|AUDCAD|EURUSD|USDCHF|NZDCAD
smooth_n8_c0.45|equal|vt0.002|hi2.0,smooth_n8_c0.45,n=8|w=equal|vt=0.002|chi=2.0|mc=0.45,8,-inf,0.0026345249780277717,0.6931818181818181,0.615427147300571,0.002,2.0,equal,GBPCAD|CADJPY|AUDCAD|EURUSD|GBPJPY|USDCHF|NZDCAD|EURCHF
smooth_n8_c0.45|equal|vt0.0025|hi2.0,smooth_n8_c0.45,n=8|w=equal|vt=0.0025|chi=2.0|mc=0.45,8,-inf,0.0026345249780277717,0.6931818181818181,0.6154271473005688,0.0025,2.0,equal,GBPCAD|CADJPY|AUDCAD|EURUSD|GBPJPY|USDCHF|NZDCAD|EURCHF
smooth_n8_c0.45|equal|vt0.003|hi2.0,smooth_n8_c0.45,n=8|w=equal|vt=0.003|chi=2.0|mc=0.45,8,-inf,0.0026345249780277717,0.6931818181818181,0.6154271473005697,0.003,2.0,equal,GBPCAD|CADJPY|AUDCAD|EURUSD|GBPJPY|USDCHF|NZDCAD|EURCHF
smooth_n8_c0.45|equal|vt0.0035|hi2.0,smooth_n8_c0.45,n=8|w=equal|vt=0.0035|chi=2.0|mc=0.45,8,-inf,0.0026345249780277717,0.6931818181818181,0.6154271473005697,0.0035,2.0,equal,GBPCAD|CADJPY|AUDCAD|EURUSD|GBPJPY|USDCHF|NZDCAD|EURCHF
smooth_n8_c0.45|equal|vt0.004|hi2.0,smooth_n8_c0.45,n=8|w=equal|vt=0.004|chi=2.0|mc=0.45,8,-inf,0.0026345249780277717,0.6931818181818181,0.6154271473005697,0.004,2.0,equal,GBPCAD|CADJPY|AUDCAD|EURUSD|GBPJPY|USDCHF|NZDCAD|EURCHF
smooth_n8_c0.45|equal|vt0.005|hi2.0,smooth_n8_c0.45,n=8|w=equal|vt=0.005|chi=2.0|mc=0.45,8,-inf,0.0026345249780277717,0.6931818181818181,0.6154271473005697,0.005,2.0,equal,GBPCAD|CADJPY|AUDCAD|EURUSD|GBPJPY|USDCHF|NZDCAD|EURCHF
mr_n8|oos_sharpe|vt0.002|hi3.0,mr_n8,n=8|w=oos_sharpe|vt=0.002|chi=3.0|mc=None,8,-inf,0.0025784760589143796,0.6477272727272727,0.7677600211305486,0.002,3.0,oos_sharpe,GBPCAD|CADJPY|AUDCAD|EURUSD|USDCHF|NZDCAD|EURCHF|EURGBP
lock_plus2|equal|vt0.0025|hi3.0,lock_plus2,n=7|w=equal|vt=0.0025|chi=3.0|mc=None,7,-inf,0.0025734406291026413,0.6306818181818181,0.7698130302957666,0.0025,3.0,equal,USDCHF|GBPUSD|CADJPY|AUDCAD|GBPCAD|EURUSD|GBPJPY
mr_n8|oos_sharpe|vt0.0025|hi3.0,mr_n8,n=8|w=oos_sharpe|vt=0.0025|chi=3.0|mc=None,8,-inf,0.0025484294149301745,0.6477272727272727,0.7629613099852419,0.0025,3.0,oos_sharpe,GBPCAD|CADJPY|AUDCAD|EURUSD|USDCHF|NZDCAD|EURCHF|EURGBP
mr_n6|equal|vt0.004|hi3.0,mr_n6,n=6|w=equal|vt=0.004|chi=3.0|mc=None,6,-inf,0.0025058906475159807,0.6306818181818181,0.644300222392947,0.004,3.0,equal,GBPCAD|CADJPY|AUDCAD|EURUSD|USDCHF|NZDCAD
mr_n8|equal|vt0.002|hi3.0,mr_n8,n=8|w=equal|vt=0.002|chi=3.0|mc=None,8,-inf,0.002503780472165888,0.5852272727272727,0.7663242941365764,0.002,3.0,equal,GBPCAD|CADJPY|AUDCAD|EURUSD|USDCHF|NZDCAD|EURCHF|EURGBP
mr_n5|oos_sharpe|vt0.0035|hi2.0,mr_n5,n=5|w=oos_sharpe|vt=0.0035|chi=2.0|mc=None,5,-inf,0.002480821225557625,0.6477272727272727,0.6946701398348539,0.0035,2.0,oos_sharpe,GBPCAD|CADJPY|AUDCAD|EURUSD|USDCHF
mr_n6|equal|vt0.005|hi3.0,mr_n6,n=6|w=equal|vt=0.005|chi=3.0|mc=None,6,-inf,0.0024684516606865233,0.6306818181818181,0.6389672079620834,0.005,3.0,equal,GBPCAD|CADJPY|AUDCAD|EURUSD|USDCHF|NZDCAD
mr_n8|oos_sharpe|vt0.003|hi3.0,mr_n8,n=8|w=oos_sharpe|vt=0.003|chi=3.0|mc=None,8,-inf,0.002458204159637277,0.6477272727272727,0.7581099012067254,0.003,3.0,oos_sharpe,GBPCAD|CADJPY|AUDCAD|EURUSD|USDCHF|NZDCAD|EURCHF|EURGBP
mr_n8|oos_sharpe|vt0.0035|hi3.0,mr_n8,n=8|w=oos_sharpe|vt=0.0035|chi=3.0|mc=None,8,-inf,0.002433916534730957,0.6477272727272727,0.7576554975828832,0.0035,3.0,oos_sharpe,GBPCAD|CADJPY|AUDCAD|EURUSD|USDCHF|NZDCAD|EURCHF|EURGBP
mr_n8|oos_sharpe|vt0.004|hi3.0,mr_n8,n=8|w=oos_sharpe|vt=0.004|chi=3.0|mc=None,8,-inf,0.002433916534730957,0.6477272727272727,0.7576554975828839,0.004,3.0,oos_sharpe,GBPCAD|CADJPY|AUDCAD|EURUSD|USDCHF|NZDCAD|EURCHF|EURGBP
mr_n8|oos_sharpe|vt0.005|hi3.0,mr_n8,n=8|w=oos_sharpe|vt=0.005|chi=3.0|mc=None,8,-inf,0.002433916534730957,0.6477272727272727,0.7576554975828839,0.005,3.0,oos_sharpe,GBPCAD|CADJPY|AUDCAD|EURUSD|USDCHF|NZDCAD|EURCHF|EURGBP
seed7_n10_c0.6|oos_sharpe|vt0.002|hi2.0,seed7_n10_c0.6,n=10|w=oos_sharpe|vt=0.002|chi=2.0|mc=0.6,10,-inf,0.0024243695884507348,0.7840909090909092,0.6565668153878057,0.002,2.0,oos_sharpe,GBPCAD|CADJPY|AUDCAD|NZDCAD|EURUSD|GBPJPY|NZDJPY|USDCHF|AUDJPY|EURCHF
seed7_n10_c0.6|oos_sharpe|vt0.0025|hi2.0,seed7_n10_c0.6,n=10|w=oos_sharpe|vt=0.0025|chi=2.0|mc=0.6,10,-inf,0.0024243695884507348,0.7840909090909092,0.6565668153878057,0.0025,2.0,oos_sharpe,GBPCAD|CADJPY|AUDCAD|NZDCAD|EURUSD|GBPJPY|NZDJPY|USDCHF|AUDJPY|EURCHF
seed7_n10_c0.6|oos_sharpe|vt0.003|hi2.0,seed7_n10_c0.6,n=10|w=oos_sharpe|vt=0.003|chi=2.0|mc=0.6,10,-inf,0.0024243695884507348,0.7840909090909092,0.6565668153878057,0.003,2.0,oos_sharpe,GBPCAD|CADJPY|AUDCAD|NZDCAD|EURUSD|GBPJPY|NZDJPY|USDCHF|AUDJPY|EURCHF
seed7_n10_c0.6|oos_sharpe|vt0.0035|hi2.0,seed7_n10_c0.6,n=10|w=oos_sharpe|vt=0.0035|chi=2.0|mc=0.6,10,-inf,0.0024243695884507348,0.7840909090909092,0.6565668153878057,0.0035,2.0,oos_sharpe,GBPCAD|CADJPY|AUDCAD|NZDCAD|EURUSD|GBPJPY|NZDJPY|USDCHF|AUDJPY|EURCHF
seed7_n10_c0.6|oos_sharpe|vt0.004|hi2.0,seed7_n10_c0.6,n=10|w=oos_sharpe|vt=0.004|chi=2.0|mc=0.6,10,-inf,0.0024243695884507348,0.7840909090909092,0.6565668153878057,0.004,2.0,oos_sharpe,GBPCAD|CADJPY|AUDCAD|NZDCAD|EURUSD|GBPJPY|NZDJPY|USDCHF|AUDJPY|EURCHF
seed7_n10_c0.6|oos_sharpe|vt0.005|hi2.0,seed7_n10_c0.6,n=10|w=oos_sharpe|vt=0.005|chi=2.0|mc=0.6,10,-inf,0.0024243695884507348,0.7840909090909092,0.6565668153878057,0.005,2.0,oos_sharpe,GBPCAD|CADJPY|AUDCAD|NZDCAD|EURUSD|GBPJPY|NZDJPY|USDCHF|AUDJPY|EURCHF
mr_n6|oos_sharpe|vt0.0035|hi3.0,mr_n6,n=6|w=oos_sharpe|vt=0.0035|chi=3.0|mc=None,6,-inf,0.0023947115819494924,0.6306818181818181,0.6791479982226423,0.0035,3.0,oos_sharpe,GBPCAD|CADJPY|AUDCAD|EURUSD|USDCHF|NZDCAD
seed6_n6_c0.5|oos_sharpe|vt0.002|hi2.0,seed6_n6_c0.5,n=6|w=oos_sharpe|vt=0.002|chi=2.0|mc=0.5,6,-inf,0.0023522570278450184,0.7386363636363636,0.7411080953320537,0.002,2.0,oos_sharpe,GBPCAD|AUDCAD|EURUSD|CADJPY|NZDCAD|GBPJPY
seed3_n8_c0.55|equal|vt0.002|hi2.0,seed3_n8_c0.55,n=8|w=equal|vt=0.002|chi=2.0|mc=0.55,8,-inf,0.002323028437689137,0.7386363636363636,0.6567349959057975,0.002,2.0,equal,GBPCAD|EURUSD|CADJPY|AUDCAD|USDCHF|GBPJPY|GBPUSD|EURCHF
seed3_n8_c0.55|equal|vt0.0025|hi2.0,seed3_n8_c0.55,n=8|w=equal|vt=0.0025|chi=2.0|mc=0.55,8,-inf,0.002323028437689137,0.7386363636363636,0.6567349959057942,0.0025,2.0,equal,GBPCAD|EURUSD|CADJPY|AUDCAD|USDCHF|GBPJPY|GBPUSD|EURCHF
seed3_n8_c0.55|equal|vt0.003|hi2.0,seed3_n8_c0.55,n=8|w=equal|vt=0.003|chi=2.0|mc=0.55,8,-inf,0.002323028437689137,0.7386363636363636,0.6567349959057982,0.003,2.0,equal,GBPCAD|EURUSD|CADJPY|AUDCAD|USDCHF|GBPJPY|GBPUSD|EURCHF
seed3_n8_c0.55|equal|vt0.0035|hi2.0,seed3_n8_c0.55,n=8|w=equal|vt=0.0035|chi=2.0|mc=0.55,8,-inf,0.002323028437689137,0.7386363636363636,0.6567349959057982,0.0035,2.0,equal,GBPCAD|EURUSD|CADJPY|AUDCAD|USDCHF|GBPJPY|GBPUSD|EURCHF
seed3_n8_c0.55|equal|vt0.004|hi2.0,seed3_n8_c0.55,n=8|w=equal|vt=0.004|chi=2.0|mc=0.55,8,-inf,0.002323028437689137,0.7386363636363636,0.6567349959057982,0.004,2.0,equal,GBPCAD|EURUSD|CADJPY|AUDCAD|USDCHF|GBPJPY|GBPUSD|EURCHF
seed3_n8_c0.55|equal|vt0.005|hi2.0,seed3_n8_c0.55,n=8|w=equal|vt=0.005|chi=2.0|mc=0.55,8,-inf,0.002323028437689137,0.7386363636363636,0.6567349959057982,0.005,2.0,equal,GBPCAD|EURUSD|CADJPY|AUDCAD|USDCHF|GBPJPY|GBPUSD|EURCHF
mr_n8|equal|vt0.0035|hi3.0,mr_n8,n=8|w=equal|vt=0.0035|chi=3.0|mc=None,8,-inf,0.0023066465131458672,0.6477272727272727,0.7507971368453115,0.0035,3.0,equal,GBPCAD|CADJPY|AUDCAD|EURUSD|USDCHF|NZDCAD|EURCHF|EURGBP
mr_n8|equal|vt0.004|hi3.0,mr_n8,n=8|w=equal|vt=0.004|chi=3.0|mc=None,8,-inf,0.0023066465131458672,0.6477272727272727,0.7507971368453026,0.004,3.0,equal,GBPCAD|CADJPY|AUDCAD|EURUSD|USDCHF|NZDCAD|EURCHF|EURGBP
mr_n8|equal|vt0.005|hi3.0,mr_n8,n=8|w=equal|vt=0.005|chi=3.0|mc=None,8,-inf,0.0023066465131458672,0.6477272727272727,0.7507971368453066,0.005,3.0,equal,GBPCAD|CADJPY|AUDCAD|EURUSD|USDCHF|NZDCAD|EURCHF|EURGBP
mr_n8|equal|vt0.0025|hi3.0,mr_n8,n=8|w=equal|vt=0.0025|chi=3.0|mc=None,8,-inf,0.0023061849711181093,0.6477272727272727,0.7556142373289061,0.0025,3.0,equal,GBPCAD|CADJPY|AUDCAD|EURUSD|USDCHF|NZDCAD|EURCHF|EURGBP
mr_n8|equal|vt0.003|hi3.0,mr_n8,n=8|w=equal|vt=0.003|chi=3.0|mc=None,8,-inf,0.0023046676802247076,0.6477272727272727,0.7508661523032993,0.003,3.0,equal,GBPCAD|CADJPY|AUDCAD|EURUSD|USDCHF|NZDCAD|EURCHF|EURGBP
mr_n5|oos_sharpe|vt0.005|hi2.0,mr_n5,n=5|w=oos_sharpe|vt=0.005|chi=2.0|mc=None,5,-inf,0.0022956435763187896,0.6477272727272727,0.6962234366320998,0.005,2.0,oos_sharpe,GBPCAD|CADJPY|AUDCAD|EURUSD|USDCHF
lock_plus3|equal|vt0.0025|hi2.0,lock_plus3,n=8|w=equal|vt=0.0025|chi=2.0|mc=None,8,-inf,0.002270989267413176,0.6306818181818181,0.7213660509482223,0.0025,2.0,equal,USDCHF|GBPUSD|CADJPY|AUDCAD|GBPCAD|EURUSD|GBPJPY|NZDCAD
seed6_n6_c0.5|oos_sharpe|vt0.0035|hi2.0,seed6_n6_c0.5,n=6|w=oos_sharpe|vt=0.0035|chi=2.0|mc=0.5,6,-inf,0.0022626969727819997,0.7386363636363636,0.7342343778922134,0.0035,2.0,oos_sharpe,GBPCAD|AUDCAD|EURUSD|CADJPY|NZDCAD|GBPJPY
seed6_n6_c0.5|oos_sharpe|vt0.004|hi2.0,seed6_n6_c0.5,n=6|w=oos_sharpe|vt=0.004|chi=2.0|mc=0.5,6,-inf,0.0022626969727819997,0.7386363636363636,0.7342343778922134,0.004,2.0,oos_sharpe,GBPCAD|AUDCAD|EURUSD|CADJPY|NZDCAD|GBPJPY
seed6_n6_c0.5|oos_sharpe|vt0.005|hi2.0,seed6_n6_c0.5,n=6|w=oos_sharpe|vt=0.005|chi=2.0|mc=0.5,6,-inf,0.0022626969727819997,0.7386363636363636,0.7342343778922134,0.005,2.0,oos_sharpe,GBPCAD|AUDCAD|EURUSD|CADJPY|NZDCAD|GBPJPY
lock_plus3|equal|vt0.003|hi2.0,lock_plus3,n=8|w=equal|vt=0.003|chi=2.0|mc=None,8,-inf,0.0022626664804117763,0.6306818181818181,0.7215992377912417,0.003,2.0,equal,USDCHF|GBPUSD|CADJPY|AUDCAD|GBPCAD|EURUSD|GBPJPY|NZDCAD
lock_plus3|equal|vt0.0035|hi2.0,lock_plus3,n=8|w=equal|vt=0.0035|chi=2.0|mc=None,8,-inf,0.0022626664804117763,0.6306818181818181,0.7215992377912417,0.0035,2.0,equal,USDCHF|GBPUSD|CADJPY|AUDCAD|GBPCAD|EURUSD|GBPJPY|NZDCAD
lock_plus3|equal|vt0.004|hi2.0,lock_plus3,n=8|w=equal|vt=0.004|chi=2.0|mc=None,8,-inf,0.0022626664804117763,0.6306818181818181,0.7215992377912417,0.004,2.0,equal,USDCHF|GBPUSD|CADJPY|AUDCAD|GBPCAD|EURUSD|GBPJPY|NZDCAD
lock_plus3|equal|vt0.005|hi2.0,lock_plus3,n=8|w=equal|vt=0.005|chi=2.0|mc=None,8,-inf,0.0022626664804117763,0.6306818181818181,0.7215992377912417,0.005,2.0,equal,USDCHF|GBPUSD|CADJPY|AUDCAD|GBPCAD|EURUSD|GBPJPY|NZDCAD
mr_n5|oos_sharpe|vt0.004|hi2.0,mr_n5,n=5|w=oos_sharpe|vt=0.004|chi=2.0|mc=None,5,-inf,0.0022542791629953447,0.6477272727272727,0.695227460832796,0.004,2.0,oos_sharpe,GBPCAD|CADJPY|AUDCAD|EURUSD|USDCHF
seed6_n6_c0.5|oos_sharpe|vt0.0025|hi2.0,seed6_n6_c0.5,n=6|w=oos_sharpe|vt=0.0025|chi=2.0|mc=0.5,6,-inf,0.0022540079549005247,0.7386363636363636,0.7384486526684755,0.0025,2.0,oos_sharpe,GBPCAD|AUDCAD|EURUSD|CADJPY|NZDCAD|GBPJPY
seed6_n6_c0.5|oos_sharpe|vt0.003|hi2.0,seed6_n6_c0.5,n=6|w=oos_sharpe|vt=0.003|chi=2.0|mc=0.5,6,-inf,0.002248034129194115,0.7386363636363636,0.7360969588126215,0.003,2.0,oos_sharpe,GBPCAD|AUDCAD|EURUSD|CADJPY|NZDCAD|GBPJPY
seed7_n10_c0.6|equal|vt0.002|hi2.0,seed7_n10_c0.6,n=10|w=equal|vt=0.002|chi=2.0|mc=0.6,10,-inf,0.002208346837465473,0.7386363636363636,0.663710943274098,0.002,2.0,equal,GBPCAD|CADJPY|AUDCAD|NZDCAD|EURUSD|GBPJPY|NZDJPY|USDCHF|AUDJPY|EURCHF
seed7_n10_c0.6|equal|vt0.0025|hi2.0,seed7_n10_c0.6,n=10|w=equal|vt=0.0025|chi=2.0|mc=0.6,10,-inf,0.002208346837465473,0.7386363636363636,0.663710943274098,0.0025,2.0,equal,GBPCAD|CADJPY|AUDCAD|NZDCAD|EURUSD|GBPJPY|NZDJPY|USDCHF|AUDJPY|EURCHF
seed7_n10_c0.6|equal|vt0.003|hi2.0,seed7_n10_c0.6,n=10|w=equal|vt=0.003|chi=2.0|mc=0.6,10,-inf,0.002208346837465473,0.7386363636363636,0.663710943274098,0.003,2.0,equal,GBPCAD|CADJPY|AUDCAD|NZDCAD|EURUSD|GBPJPY|NZDJPY|USDCHF|AUDJPY|EURCHF
seed7_n10_c0.6|equal|vt0.0035|hi2.0,seed7_n10_c0.6,n=10|w=equal|vt=0.0035|chi=2.0|mc=0.6,10,-inf,0.002208346837465473,0.7386363636363636,0.663710943274098,0.0035,2.0,equal,GBPCAD|CADJPY|AUDCAD|NZDCAD|EURUSD|GBPJPY|NZDJPY|USDCHF|AUDJPY|EURCHF
seed7_n10_c0.6|equal|vt0.004|hi2.0,seed7_n10_c0.6,n=10|w=equal|vt=0.004|chi=2.0|mc=0.6,10,-inf,0.002208346837465473,0.7386363636363636,0.663710943274098,0.004,2.0,equal,GBPCAD|CADJPY|AUDCAD|NZDCAD|EURUSD|GBPJPY|NZDJPY|USDCHF|AUDJPY|EURCHF
seed7_n10_c0.6|equal|vt0.005|hi2.0,seed7_n10_c0.6,n=10|w=equal|vt=0.005|chi=2.0|mc=0.6,10,-inf,0.002208346837465473,0.7386363636363636,0.663710943274098,0.005,2.0,equal,GBPCAD|CADJPY|AUDCAD|NZDCAD|EURUSD|GBPJPY|NZDJPY|USDCHF|AUDJPY|EURCHF
lock_plus3|equal|vt0.002|hi2.0,lock_plus3,n=8|w=equal|vt=0.002|chi=2.0|mc=None,8,-inf,0.002191934692633443,0.6306818181818181,0.7257788537902928,0.002,2.0,equal,USDCHF|GBPUSD|CADJPY|AUDCAD|GBPCAD|EURUSD|GBPJPY|NZDCAD
mr_n6|equal|vt0.002|hi2.0,mr_n6,n=6|w=equal|vt=0.002|chi=2.0|mc=None,6,-inf,0.002183913928836656,0.6306818181818181,0.6526617621096331,0.002,2.0,equal,GBPCAD|CADJPY|AUDCAD|EURUSD|USDCHF|NZDCAD
lock_plus1|equal|vt0.0025|hi3.0,lock_plus1,n=6|w=equal|vt=0.0025|chi=3.0|mc=None,6,-inf,0.0021782055253812623,0.6477272727272727,0.728687748293882,0.0025,3.0,equal,USDCHF|GBPUSD|CADJPY|AUDCAD|GBPCAD|EURUSD
smooth_n12_c0.45|oos_sharpe|vt0.002|hi2.0,smooth_n12_c0.45,n=12|w=oos_sharpe|vt=0.002|chi=2.0|mc=0.45,12,-inf,0.0021186746173180522,0.7386363636363636,0.7113344645331396,0.002,2.0,oos_sharpe,GBPCAD|CADJPY|AUDCAD|EURUSD|GBPJPY|USDCHF|NZDCAD|EURCHF|EURGBP|GBPUSD|AUDUSD|EURCAD
smooth_n12_c0.45|oos_sharpe|vt0.0025|hi2.0,smooth_n12_c0.45,n=12|w=oos_sharpe|vt=0.0025|chi=2.0|mc=0.45,12,-inf,0.0021186746173180522,0.7386363636363636,0.7113344645331396,0.0025,2.0,oos_sharpe,GBPCAD|CADJPY|AUDCAD|EURUSD|GBPJPY|USDCHF|NZDCAD|EURCHF|EURGBP|GBPUSD|AUDUSD|EURCAD
smooth_n12_c0.45|oos_sharpe|vt0.003|hi2.0,smooth_n12_c0.45,n=12|w=oos_sharpe|vt=0.003|chi=2.0|mc=0.45,12,-inf,0.0021186746173180522,0.7386363636363636,0.7113344645331396,0.003,2.0,oos_sharpe,GBPCAD|CADJPY|AUDCAD|EURUSD|GBPJPY|USDCHF|NZDCAD|EURCHF|EURGBP|GBPUSD|AUDUSD|EURCAD
smooth_n12_c0.45|oos_sharpe|vt0.0035|hi2.0,smooth_n12_c0.45,n=12|w=oos_sharpe|vt=0.0035|chi=2.0|mc=0.45,12,-inf,0.0021186746173180522,0.7386363636363636,0.7113344645331396,0.0035,2.0,oos_sharpe,GBPCAD|CADJPY|AUDCAD|EURUSD|GBPJPY|USDCHF|NZDCAD|EURCHF|EURGBP|GBPUSD|AUDUSD|EURCAD
smooth_n12_c0.45|oos_sharpe|vt0.004|hi2.0,smooth_n12_c0.45,n=12|w=oos_sharpe|vt=0.004|chi=2.0|mc=0.45,12,-inf,0.0021186746173180522,0.7386363636363636,0.7113344645331396,0.004,2.0,oos_sharpe,GBPCAD|CADJPY|AUDCAD|EURUSD|GBPJPY|USDCHF|NZDCAD|EURCHF|EURGBP|GBPUSD|AUDUSD|EURCAD
smooth_n12_c0.45|oos_sharpe|vt0.005|hi2.0,smooth_n12_c0.45,n=12|w=oos_sharpe|vt=0.005|chi=2.0|mc=0.45,12,-inf,0.0021186746173180522,0.7386363636363636,0.7113344645331396,0.005,2.0,oos_sharpe,GBPCAD|CADJPY|AUDCAD|EURUSD|GBPJPY|USDCHF|NZDCAD|EURCHF|EURGBP|GBPUSD|AUDUSD|EURCAD
mr_n6|oos_sharpe|vt0.004|hi3.0,mr_n6,n=6|w=oos_sharpe|vt=0.004|chi=3.0|mc=None,6,-inf,0.002117811505100739,0.6306818181818181,0.6749925888071453,0.004,3.0,oos_sharpe,GBPCAD|CADJPY|AUDCAD|EURUSD|USDCHF|NZDCAD
smooth_n12_c0.45|equal|vt0.002|hi2.0,smooth_n12_c0.45,n=12|w=equal|vt=0.002|chi=2.0|mc=0.45,12,-inf,0.002048071472914031,0.7386363636363636,0.7711697070230906,0.002,2.0,equal,GBPCAD|CADJPY|AUDCAD|EURUSD|GBPJPY|USDCHF|NZDCAD|EURCHF|EURGBP|GBPUSD|AUDUSD|EURCAD
smooth_n12_c0.45|equal|vt0.0025|hi2.0,smooth_n12_c0.45,n=12|w=equal|vt=0.0025|chi=2.0|mc=0.45,12,-inf,0.002048071472914031,0.7386363636363636,0.7711697070230906,0.0025,2.0,equal,GBPCAD|CADJPY|AUDCAD|EURUSD|GBPJPY|USDCHF|NZDCAD|EURCHF|EURGBP|GBPUSD|AUDUSD|EURCAD
smooth_n12_c0.45|equal|vt0.003|hi2.0,smooth_n12_c0.45,n=12|w=equal|vt=0.003|chi=2.0|mc=0.45,12,-inf,0.002048071472914031,0.7386363636363636,0.7711697070230906,0.003,2.0,equal,GBPCAD|CADJPY|AUDCAD|EURUSD|GBPJPY|USDCHF|NZDCAD|EURCHF|EURGBP|GBPUSD|AUDUSD|EURCAD
smooth_n12_c0.45|equal|vt0.0035|hi2.0,smooth_n12_c0.45,n=12|w=equal|vt=0.0035|chi=2.0|mc=0.45,12,-inf,0.002048071472914031,0.7386363636363636,0.7711697070230906,0.0035,2.0,equal,GBPCAD|CADJPY|AUDCAD|EURUSD|GBPJPY|USDCHF|NZDCAD|EURCHF|EURGBP|GBPUSD|AUDUSD|EURCAD
smooth_n12_c0.45|equal|vt0.004|hi2.0,smooth_n12_c0.45,n=12|w=equal|vt=0.004|chi=2.0|mc=0.45,12,-inf,0.002048071472914031,0.7386363636363636,0.7711697070230906,0.004,2.0,equal,GBPCAD|CADJPY|AUDCAD|EURUSD|GBPJPY|USDCHF|NZDCAD|EURCHF|EURGBP|GBPUSD|AUDUSD|EURCAD
smooth_n12_c0.45|equal|vt0.005|hi2.0,smooth_n12_c0.45,n=12|w=equal|vt=0.005|chi=2.0|mc=0.45,12,-inf,0.002048071472914031,0.7386363636363636,0.7711697070230906,0.005,2.0,equal,GBPCAD|CADJPY|AUDCAD|EURUSD|GBPJPY|USDCHF|NZDCAD|EURCHF|EURGBP|GBPUSD|AUDUSD|EURCAD
mr_n6|oos_sharpe|vt0.005|hi3.0,mr_n6,n=6|w=oos_sharpe|vt=0.005|chi=3.0|mc=None,6,-inf,0.001974030255796243,0.6306818181818181,0.6696177590219347,0.005,3.0,oos_sharpe,GBPCAD|CADJPY|AUDCAD|EURUSD|USDCHF|NZDCAD
lock_plus1|equal|vt0.003|hi3.0,lock_plus1,n=6|w=equal|vt=0.003|chi=3.0|mc=None,6,-inf,0.0019432374039087515,0.6931818181818181,0.7000527422169495,0.003,3.0,equal,USDCHF|GBPUSD|CADJPY|AUDCAD|GBPCAD|EURUSD
lock_plus2|equal|vt0.005|hi3.0,lock_plus2,n=7|w=equal|vt=0.005|chi=3.0|mc=None,7,-inf,0.0019270276646762285,0.6306818181818181,0.7607868828991264,0.005,3.0,equal,USDCHF|GBPUSD|CADJPY|AUDCAD|GBPCAD|EURUSD|GBPJPY
mr_n6|oos_sharpe|vt0.002|hi2.0,mr_n6,n=6|w=oos_sharpe|vt=0.002|chi=2.0|mc=None,6,-inf,0.0018242763215386376,0.6306818181818181,0.6823257377972177,0.002,2.0,oos_sharpe,GBPCAD|CADJPY|AUDCAD|EURUSD|USDCHF|NZDCAD
mr_n6|equal|vt0.0025|hi2.0,mr_n6,n=6|w=equal|vt=0.0025|chi=2.0|mc=None,6,-inf,0.0018211202038110079,0.6306818181818181,0.6464553515812893,0.0025,2.0,equal,GBPCAD|CADJPY|AUDCAD|EURUSD|USDCHF|NZDCAD
lock_plus2|equal|vt0.0035|hi3.0,lock_plus2,n=7|w=equal|vt=0.0035|chi=3.0|mc=None,7,-inf,0.0018181104917773527,0.6306818181818181,0.7699001257638309,0.0035,3.0,equal,USDCHF|GBPUSD|CADJPY|AUDCAD|GBPCAD|EURUSD|GBPJPY
lock_plus2|equal|vt0.004|hi3.0,lock_plus2,n=7|w=equal|vt=0.004|chi=3.0|mc=None,7,-inf,0.001812237451289861,0.6306818181818181,0.7662970384722274,0.004,3.0,equal,USDCHF|GBPUSD|CADJPY|AUDCAD|GBPCAD|EURUSD|GBPJPY
lock_plus2|equal|vt0.003|hi3.0,lock_plus2,n=7|w=equal|vt=0.003|chi=3.0|mc=None,7,-inf,0.0017574661851414985,0.6306818181818181,0.7723655937753219,0.003,3.0,equal,USDCHF|GBPUSD|CADJPY|AUDCAD|GBPCAD|EURUSD|GBPJPY
lock_plus1|equal|vt0.005|hi3.0,lock_plus1,n=6|w=equal|vt=0.005|chi=3.0|mc=None,6,-inf,0.0017574583911513383,0.6931818181818181,0.6881476759918065,0.005,3.0,equal,USDCHF|GBPUSD|CADJPY|AUDCAD|GBPCAD|EURUSD
mr_n6|equal|vt0.0035|hi2.0,mr_n6,n=6|w=equal|vt=0.0035|chi=2.0|mc=None,6,-inf,0.0017082054645476913,0.6306818181818181,0.638621342423056,0.0035,2.0,equal,GBPCAD|CADJPY|AUDCAD|EURUSD|USDCHF|NZDCAD
mr_n6|equal|vt0.004|hi2.0,mr_n6,n=6|w=equal|vt=0.004|chi=2.0|mc=None,6,-inf,0.0017082054645476913,0.6306818181818181,0.638621342423056,0.004,2.0,equal,GBPCAD|CADJPY|AUDCAD|EURUSD|USDCHF|NZDCAD
mr_n6|equal|vt0.005|hi2.0,mr_n6,n=6|w=equal|vt=0.005|chi=2.0|mc=None,6,-inf,0.0017082054645476913,0.6306818181818181,0.638621342423056,0.005,2.0,equal,GBPCAD|CADJPY|AUDCAD|EURUSD|USDCHF|NZDCAD
mr_n6|equal|vt0.003|hi2.0,mr_n6,n=6|w=equal|vt=0.003|chi=2.0|mc=None,6,-inf,0.0016737214142321251,0.6306818181818181,0.6402243233693103,0.003,2.0,equal,GBPCAD|CADJPY|AUDCAD|EURUSD|USDCHF|NZDCAD
mr_n8|oos_sharpe|vt0.002|hi2.0,mr_n8,n=8|w=oos_sharpe|vt=0.002|chi=2.0|mc=None,8,-inf,0.0016651457825261693,0.6477272727272727,0.7564702272032371,0.002,2.0,oos_sharpe,GBPCAD|CADJPY|AUDCAD|EURUSD|USDCHF|NZDCAD|EURCHF|EURGBP
mr_n8|oos_sharpe|vt0.0025|hi2.0,mr_n8,n=8|w=oos_sharpe|vt=0.0025|chi=2.0|mc=None,8,-inf,0.0016489694001082902,0.6477272727272727,0.7560146396216186,0.0025,2.0,oos_sharpe,GBPCAD|CADJPY|AUDCAD|EURUSD|USDCHF|NZDCAD|EURCHF|EURGBP
mr_n8|oos_sharpe|vt0.003|hi2.0,mr_n8,n=8|w=oos_sharpe|vt=0.003|chi=2.0|mc=None,8,-inf,0.0016489694001082902,0.6477272727272727,0.7560146396216127,0.003,2.0,oos_sharpe,GBPCAD|CADJPY|AUDCAD|EURUSD|USDCHF|NZDCAD|EURCHF|EURGBP
mr_n8|oos_sharpe|vt0.0035|hi2.0,mr_n8,n=8|w=oos_sharpe|vt=0.0035|chi=2.0|mc=None,8,-inf,0.0016489694001082902,0.6477272727272727,0.7560146396216127,0.0035,2.0,oos_sharpe,GBPCAD|CADJPY|AUDCAD|EURUSD|USDCHF|NZDCAD|EURCHF|EURGBP
mr_n8|oos_sharpe|vt0.004|hi2.0,mr_n8,n=8|w=oos_sharpe|vt=0.004|chi=2.0|mc=None,8,-inf,0.0016489694001082902,0.6477272727272727,0.7560146396216127,0.004,2.0,oos_sharpe,GBPCAD|CADJPY|AUDCAD|EURUSD|USDCHF|NZDCAD|EURCHF|EURGBP
mr_n8|oos_sharpe|vt0.005|hi2.0,mr_n8,n=8|w=oos_sharpe|vt=0.005|chi=2.0|mc=None,8,-inf,0.0016489694001082902,0.6477272727272727,0.7560146396216127,0.005,2.0,oos_sharpe,GBPCAD|CADJPY|AUDCAD|EURUSD|USDCHF|NZDCAD|EURCHF|EURGBP
lock_plus1|equal|vt0.0035|hi3.0,lock_plus1,n=6|w=equal|vt=0.0035|chi=3.0|mc=None,6,-inf,0.0016325225970589678,0.6931818181818181,0.6847783868398292,0.0035,3.0,equal,USDCHF|GBPUSD|CADJPY|AUDCAD|GBPCAD|EURUSD
mr_n6|oos_sharpe|vt0.0025|hi2.0,mr_n6,n=6|w=oos_sharpe|vt=0.0025|chi=2.0|mc=None,6,-inf,0.0015637872617860558,0.6306818181818181,0.676173397376718,0.0025,2.0,oos_sharpe,GBPCAD|CADJPY|AUDCAD|EURUSD|USDCHF|NZDCAD
mr_n8|equal|vt0.0025|hi2.0,mr_n8,n=8|w=equal|vt=0.0025|chi=2.0|mc=None,8,-inf,0.0015625303444376313,0.6477272727272727,0.7497734753940837,0.0025,2.0,equal,GBPCAD|CADJPY|AUDCAD|EURUSD|USDCHF|NZDCAD|EURCHF|EURGBP
mr_n8|equal|vt0.003|hi2.0,mr_n8,n=8|w=equal|vt=0.003|chi=2.0|mc=None,8,-inf,0.0015625303444376313,0.6477272727272727,0.7497734753940843,0.003,2.0,equal,GBPCAD|CADJPY|AUDCAD|EURUSD|USDCHF|NZDCAD|EURCHF|EURGBP
mr_n8|equal|vt0.0035|hi2.0,mr_n8,n=8|w=equal|vt=0.0035|chi=2.0|mc=None,8,-inf,0.0015625303444376313,0.6477272727272727,0.7497734753940843,0.0035,2.0,equal,GBPCAD|CADJPY|AUDCAD|EURUSD|USDCHF|NZDCAD|EURCHF|EURGBP
mr_n8|equal|vt0.004|hi2.0,mr_n8,n=8|w=equal|vt=0.004|chi=2.0|mc=None,8,-inf,0.0015625303444376313,0.6477272727272727,0.7497734753940843,0.004,2.0,equal,GBPCAD|CADJPY|AUDCAD|EURUSD|USDCHF|NZDCAD|EURCHF|EURGBP
mr_n8|equal|vt0.005|hi2.0,mr_n8,n=8|w=equal|vt=0.005|chi=2.0|mc=None,8,-inf,0.0015625303444376313,0.6477272727272727,0.7497734753940843,0.005,2.0,equal,GBPCAD|CADJPY|AUDCAD|EURUSD|USDCHF|NZDCAD|EURCHF|EURGBP
mr_n8|equal|vt0.002|hi2.0,mr_n8,n=8|w=equal|vt=0.002|chi=2.0|mc=None,8,-inf,0.001561196455725399,0.6477272727272727,0.7498422439770385,0.002,2.0,equal,GBPCAD|CADJPY|AUDCAD|EURUSD|USDCHF|NZDCAD|EURCHF|EURGBP
lock_plus1|equal|vt0.004|hi3.0,lock_plus1,n=6|w=equal|vt=0.004|chi=3.0|mc=None,6,-inf,0.0015594243008428719,0.6931818181818181,0.6881476759917886,0.004,3.0,equal,USDCHF|GBPUSD|CADJPY|AUDCAD|GBPCAD|EURUSD
mr_n6|oos_sharpe|vt0.0035|hi2.0,mr_n6,n=6|w=oos_sharpe|vt=0.0035|chi=2.0|mc=None,6,-inf,0.0013729908212453325,0.6306818181818181,0.6690712730780143,0.0035,2.0,oos_sharpe,GBPCAD|CADJPY|AUDCAD|EURUSD|USDCHF|NZDCAD
mr_n6|oos_sharpe|vt0.004|hi2.0,mr_n6,n=6|w=oos_sharpe|vt=0.004|chi=2.0|mc=None,6,-inf,0.0013729908212453325,0.6306818181818181,0.6690712730780143,0.004,2.0,oos_sharpe,GBPCAD|CADJPY|AUDCAD|EURUSD|USDCHF|NZDCAD
mr_n6|oos_sharpe|vt0.005|hi2.0,mr_n6,n=6|w=oos_sharpe|vt=0.005|chi=2.0|mc=None,6,-inf,0.0013729908212453325,0.6306818181818181,0.6690712730780143,0.005,2.0,oos_sharpe,GBPCAD|CADJPY|AUDCAD|EURUSD|USDCHF|NZDCAD
mr_n6|oos_sharpe|vt0.003|hi2.0,mr_n6,n=6|w=oos_sharpe|vt=0.003|chi=2.0|mc=None,6,-inf,0.0013489813740954785,0.6306818181818181,0.6713669112170111,0.003,2.0,oos_sharpe,GBPCAD|CADJPY|AUDCAD|EURUSD|USDCHF|NZDCAD
lock_plus1|equal|vt0.002|hi2.0,lock_plus1,n=6|w=equal|vt=0.002|chi=2.0|mc=None,6,-inf,0.0013372514015202806,0.6931818181818181,0.6964663065300112,0.002,2.0,equal,USDCHF|GBPUSD|CADJPY|AUDCAD|GBPCAD|EURUSD
lock_plus2|equal|vt0.0035|hi2.0,lock_plus2,n=7|w=equal|vt=0.0035|chi=2.0|mc=None,7,-inf,0.0013157845492366704,0.6306818181818181,0.758456970884723,0.0035,2.0,equal,USDCHF|GBPUSD|CADJPY|AUDCAD|GBPCAD|EURUSD|GBPJPY
lock_plus2|equal|vt0.004|hi2.0,lock_plus2,n=7|w=equal|vt=0.004|chi=2.0|mc=None,7,-inf,0.0013157845492366704,0.6306818181818181,0.758456970884723,0.004,2.0,equal,USDCHF|GBPUSD|CADJPY|AUDCAD|GBPCAD|EURUSD|GBPJPY
lock_plus2|equal|vt0.005|hi2.0,lock_plus2,n=7|w=equal|vt=0.005|chi=2.0|mc=None,7,-inf,0.0013157845492366704,0.6306818181818181,0.758456970884723,0.005,2.0,equal,USDCHF|GBPUSD|CADJPY|AUDCAD|GBPCAD|EURUSD|GBPJPY
lock_plus2|equal|vt0.003|hi2.0,lock_plus2,n=7|w=equal|vt=0.003|chi=2.0|mc=None,7,-inf,0.001311145496586355,0.6306818181818181,0.7603234934705988,0.003,2.0,equal,USDCHF|GBPUSD|CADJPY|AUDCAD|GBPCAD|EURUSD|GBPJPY
lock_plus2|equal|vt0.0025|hi2.0,lock_plus2,n=7|w=equal|vt=0.0025|chi=2.0|mc=None,7,-inf,0.001220976198416615,0.6306818181818181,0.7661851569754805,0.0025,2.0,equal,USDCHF|GBPUSD|CADJPY|AUDCAD|GBPCAD|EURUSD|GBPJPY
lock_plus1|equal|vt0.0035|hi2.0,lock_plus1,n=6|w=equal|vt=0.0035|chi=2.0|mc=None,6,-inf,0.0012202116314220827,0.6931818181818181,0.6842194455810404,0.0035,2.0,equal,USDCHF|GBPUSD|CADJPY|AUDCAD|GBPCAD|EURUSD
lock_plus1|equal|vt0.004|hi2.0,lock_plus1,n=6|w=equal|vt=0.004|chi=2.0|mc=None,6,-inf,0.0012202116314220827,0.6931818181818181,0.6842194455810404,0.004,2.0,equal,USDCHF|GBPUSD|CADJPY|AUDCAD|GBPCAD|EURUSD
lock_plus1|equal|vt0.005|hi2.0,lock_plus1,n=6|w=equal|vt=0.005|chi=2.0|mc=None,6,-inf,0.0012202116314220827,0.6931818181818181,0.6842194455810404,0.005,2.0,equal,USDCHF|GBPUSD|CADJPY|AUDCAD|GBPCAD|EURUSD
lock_plus2|equal|vt0.002|hi2.0,lock_plus2,n=7|w=equal|vt=0.002|chi=2.0|mc=None,7,-inf,0.0012017695439618947,0.6306818181818181,0.7700526933381557,0.002,2.0,equal,USDCHF|GBPUSD|CADJPY|AUDCAD|GBPCAD|EURUSD|GBPJPY
lock_plus1|equal|vt0.003|hi2.0,lock_plus1,n=6|w=equal|vt=0.003|chi=2.0|mc=None,6,-inf,0.001110518380763915,0.6931818181818181,0.6842194455810383,0.003,2.0,equal,USDCHF|GBPUSD|CADJPY|AUDCAD|GBPCAD|EURUSD
lock_plus1|equal|vt0.0025|hi2.0,lock_plus1,n=6|w=equal|vt=0.0025|chi=2.0|mc=None,6,-inf,0.0011012990547586725,0.6931818181818181,0.6839260701181902,0.0025,2.0,equal,USDCHF|GBPUSD|CADJPY|AUDCAD|GBPCAD|EURUSD
bo_n5|oos_sharpe|vt0.002|hi3.0,bo_n5,n=5|w=oos_sharpe|vt=0.002|chi=3.0|mc=None,5,-inf,-0.00677008602877209,0.5056818181818181,0.8669963950179114,0.002,3.0,oos_sharpe,GBPJPY|GBPUSD|EURJPY|USDJPY|EURAUD
bo_n5|oos_sharpe|vt0.002|hi2.0,bo_n5,n=5|w=oos_sharpe|vt=0.002|chi=2.0|mc=None,5,-inf,-0.007086004229641951,0.4602272727272727,0.8454134128970956,0.002,2.0,oos_sharpe,GBPJPY|GBPUSD|EURJPY|USDJPY|EURAUD
bo_n5|oos_sharpe|vt0.0025|hi3.0,bo_n5,n=5|w=oos_sharpe|vt=0.0025|chi=3.0|mc=None,5,-inf,-0.008558430186877145,0.4602272727272727,0.858544077180954,0.0025,3.0,oos_sharpe,GBPJPY|GBPUSD|EURJPY|USDJPY|EURAUD
bo_n5|oos_sharpe|vt0.0025|hi2.0,bo_n5,n=5|w=oos_sharpe|vt=0.0025|chi=2.0|mc=None,5,-inf,-0.00951818252468413,0.5056818181818181,0.8496314644776692,0.0025,2.0,oos_sharpe,GBPJPY|GBPUSD|EURJPY|USDJPY|EURAUD
bo_n5|equal|vt0.002|hi3.0,bo_n5,n=5|w=equal|vt=0.002|chi=3.0|mc=None,5,-inf,-0.01042912339741553,0.5056818181818181,0.8281609535170991,0.002,3.0,equal,GBPJPY|GBPUSD|EURJPY|USDJPY|EURAUD
bo_n5|oos_sharpe|vt0.003|hi3.0,bo_n5,n=5|w=oos_sharpe|vt=0.003|chi=3.0|mc=None,5,-inf,-0.010730309539193503,0.4602272727272727,0.8468401847749432,0.003,3.0,oos_sharpe,GBPJPY|GBPUSD|EURJPY|USDJPY|EURAUD
bo_n5|equal|vt0.002|hi2.0,bo_n5,n=5|w=equal|vt=0.002|chi=2.0|mc=None,5,-inf,-0.010872706069320892,0.48863636363636365,0.8085637742032209,0.002,2.0,equal,GBPJPY|GBPUSD|EURJPY|USDJPY|EURAUD
bo_n5|oos_sharpe|vt0.003|hi2.0,bo_n5,n=5|w=oos_sharpe|vt=0.003|chi=2.0|mc=None,5,-inf,-0.011841732606808306,0.5056818181818181,0.86663589107617,0.003,2.0,oos_sharpe,GBPJPY|GBPUSD|EURJPY|USDJPY|EURAUD
bo_n5|equal|vt0.0025|hi2.0,bo_n5,n=5|w=equal|vt=0.0025|chi=2.0|mc=None,5,-inf,-0.012791497531555368,0.48863636363636365,0.7900105168695755,0.0025,2.0,equal,GBPJPY|GBPUSD|EURJPY|USDJPY|EURAUD
bo_n5|oos_sharpe|vt0.0035|hi3.0,bo_n5,n=5|w=oos_sharpe|vt=0.0035|chi=3.0|mc=None,5,-inf,-0.013003182615680994,0.5056818181818181,0.8430028103691363,0.0035,3.0,oos_sharpe,GBPJPY|GBPUSD|EURJPY|USDJPY|EURAUD
bo_n5|equal|vt0.0025|hi3.0,bo_n5,n=5|w=equal|vt=0.0025|chi=3.0|mc=None,5,-inf,-0.0133135401727483,0.48863636363636365,0.8197913432018775,0.0025,3.0,equal,GBPJPY|GBPUSD|EURJPY|USDJPY|EURAUD
bo_n5|oos_sharpe|vt0.0035|hi2.0,bo_n5,n=5|w=oos_sharpe|vt=0.0035|chi=2.0|mc=None,5,-inf,-0.013326543203469432,0.5056818181818181,0.8690519325539332,0.0035,2.0,oos_sharpe,GBPJPY|GBPUSD|EURJPY|USDJPY|EURAUD
bo_n5|oos_sharpe|vt0.004|hi2.0,bo_n5,n=5|w=oos_sharpe|vt=0.004|chi=2.0|mc=None,5,-inf,-0.013859040821448801,0.5056818181818181,0.8724458339708323,0.004,2.0,oos_sharpe,GBPJPY|GBPUSD|EURJPY|USDJPY|EURAUD
bo_n5|equal|vt0.003|hi2.0,bo_n5,n=5|w=equal|vt=0.003|chi=2.0|mc=None,5,-inf,-0.013871139080587194,0.48863636363636365,0.779934045353643,0.003,2.0,equal,GBPJPY|GBPUSD|EURJPY|USDJPY|EURAUD
bo_n5|oos_sharpe|vt0.005|hi2.0,bo_n5,n=5|w=oos_sharpe|vt=0.005|chi=2.0|mc=None,5,-inf,-0.013948427509921354,0.5056818181818181,0.8793681882696855,0.005,2.0,oos_sharpe,GBPJPY|GBPUSD|EURJPY|USDJPY|EURAUD
bo_n5|equal|vt0.0035|hi2.0,bo_n5,n=5|w=equal|vt=0.0035|chi=2.0|mc=None,5,-inf,-0.014113984063681695,0.48863636363636365,0.7703196320691337,0.0035,2.0,equal,GBPJPY|GBPUSD|EURJPY|USDJPY|EURAUD
bo_n5|equal|vt0.004|hi2.0,bo_n5,n=5|w=equal|vt=0.004|chi=2.0|mc=None,5,-inf,-0.01435470385839685,0.48863636363636365,0.7638256356095587,0.004,2.0,equal,GBPJPY|GBPUSD|EURJPY|USDJPY|EURAUD
bo_n5|equal|vt0.005|hi2.0,bo_n5,n=5|w=equal|vt=0.005|chi=2.0|mc=None,5,-inf,-0.014886296916731018,0.42613636363636365,0.7615659157676713,0.005,2.0,equal,GBPJPY|GBPUSD|EURJPY|USDJPY|EURAUD
bo_n5|oos_sharpe|vt0.004|hi3.0,bo_n5,n=5|w=oos_sharpe|vt=0.004|chi=3.0|mc=None,5,-inf,-0.015541660219328096,0.5056818181818181,0.8557771711201954,0.004,3.0,oos_sharpe,GBPJPY|GBPUSD|EURJPY|USDJPY|EURAUD
bo_n5|equal|vt0.003|hi3.0,bo_n5,n=5|w=equal|vt=0.003|chi=3.0|mc=None,5,-inf,-0.01631818880164798,0.48863636363636365,0.8096186655907105,0.003,3.0,equal,GBPJPY|GBPUSD|EURJPY|USDJPY|EURAUD
bo_n5|equal|vt0.0035|hi3.0,bo_n5,n=5|w=equal|vt=0.0035|chi=3.0|mc=None,5,-inf,-0.018425503231123228,0.48863636363636365,0.7958339796482718,0.0035,3.0,equal,GBPJPY|GBPUSD|EURJPY|USDJPY|EURAUD
bo_n5|oos_sharpe|vt0.005|hi3.0,bo_n5,n=5|w=oos_sharpe|vt=0.005|chi=3.0|mc=None,5,-inf,-0.01951243322920765,0.5056818181818181,0.8698658777836353,0.005,3.0,oos_sharpe,GBPJPY|GBPUSD|EURJPY|USDJPY|EURAUD
bo_n5|equal|vt0.004|hi3.0,bo_n5,n=5|w=equal|vt=0.004|chi=3.0|mc=None,5,-inf,-0.01987964525236391,0.48863636363636365,0.7869618115877199,0.004,3.0,equal,GBPJPY|GBPUSD|EURJPY|USDJPY|EURAUD
bo_n5|equal|vt0.005|hi3.0,bo_n5,n=5|w=equal|vt=0.005|chi=3.0|mc=None,5,-inf,-0.021104585766342165,0.48863636363636365,0.7743538799271719,0.005,3.0,equal,GBPJPY|GBPUSD|EURJPY|USDJPY|EURAUD
