idea,params,score,min_mean_mo,max_top3,min_pct_pos,soft_pass,hard_pass,sizing,y2024_mo,y2025_mo
real_n2_z_vol,"{""betas_2024"": {""AUDUSD/NZDUSD"": 0.7150032270701753, ""EURAUD/AUDUSD"": -0.31093367860651805}, ""entry"": 1.5, ""exit_z"": 0.2, ""nested"": ""opt2024_val2025"", ""pairs"": [""EURAUD/AUDUSD:w40"", ""AUDUSD/NZDUSD:w40""], ""risk_frac"": 0.005, ""sizing"": ""z_vol"", ""sleeve_budget"": 0.55}",-inf,-3.725278505301022e-05,0.9504636565319362,0.5,False,False,z_vol,0.0010328978373691914,-3.725278505301022e-05
real_n2_z_vol,"{""betas_2024"": {""AUDUSD/NZDUSD"": 0.7150032270701753, ""EURAUD/AUDUSD"": -0.31093367860651805}, ""entry"": 1.5, ""exit_z"": 0.2, ""nested"": ""opt2024_val2025"", ""pairs"": [""EURAUD/AUDUSD:w40"", ""AUDUSD/NZDUSD:w40""], ""risk_frac"": 0.005, ""sizing"": ""z_vol"", ""sleeve_budget"": 1.0}",-inf,-5.329358184455457e-05,0.9505283944578475,0.5,False,False,z_vol,0.00187543859246792,-5.329358184455457e-05
real_n2_z_vol,"{""betas_2024"": {""AUDUSD/NZDUSD"": 0.7150032270701753, ""EURAUD/AUDUSD"": -0.31093367860651805}, ""entry"": 1.5, ""exit_z"": 0.2, ""nested"": ""opt2024_val2025"", ""pairs"": [""EURAUD/AUDUSD:w40"", ""AUDUSD/NZDUSD:w40""], ""risk_frac"": 0.0075, ""sizing"": ""z_vol"", ""sleeve_budget"": 0.55}",-inf,0.0006484887255089611,0.962816081703469,0.5,False,False,z_vol,0.00159431628424381,0.0006484887255089611
real_n2_z_vol,"{""betas_2024"": {""AUDUSD/NZDUSD"": 0.7150032270701753, ""EURAUD/AUDUSD"": -0.31093367860651805}, ""entry"": 1.5, ""exit_z"": 0.2, ""nested"": ""opt2024_val2025"", ""pairs"": [""EURAUD/AUDUSD:w40"", ""AUDUSD/NZDUSD:w40""], ""risk_frac"": 0.0075, ""sizing"": ""z_vol"", ""sleeve_budget"": 1.0}",-inf,0.0012077863433560682,0.9630178496118138,0.5,False,False,z_vol,0.0028892437466527202,0.0012077863433560682
real_n2_z_vol,"{""betas_2024"": {""AUDUSD/NZDUSD"": 0.7150032270701753, ""EURAUD/AUDUSD"": -0.31093367860651805}, ""entry"": 1.5, ""exit_z"": 0.2, ""nested"": ""opt2024_val2025"", ""pairs"": [""EURAUD/AUDUSD:w40"", ""AUDUSD/NZDUSD:w40""], ""risk_frac"": 0.01, ""sizing"": ""z_vol"", ""sleeve_budget"": 0.55}",-inf,0.0011394148966706458,0.9657432913731061,0.45454545454545453,False,False,z_vol,0.002031451695329599,0.0011394148966706458
real_n2_z_vol,"{""betas_2024"": {""AUDUSD/NZDUSD"": 0.7150032270701753, ""EURAUD/AUDUSD"": -0.31093367860651805}, ""entry"": 1.5, ""exit_z"": 0.2, ""nested"": ""opt2024_val2025"", ""pairs"": [""EURAUD/AUDUSD:w40"", ""AUDUSD/NZDUSD:w40""], ""risk_frac"": 0.01, ""sizing"": ""z_vol"", ""sleeve_budget"": 1.0}",-inf,0.0021148537448084093,0.9660285986674627,0.45454545454545453,False,False,z_vol,0.00367282666869161,0.0021148537448084093
real_n2_z_vol,"{""betas_2024"": {""AUDUSD/NZDUSD"": 0.7150032270701753, ""EURAUD/AUDUSD"": -0.31093367860651805}, ""entry"": 1.5, ""exit_z"": 0.3, ""nested"": ""opt2024_val2025"", ""pairs"": [""EURAUD/AUDUSD:w40"", ""AUDUSD/NZDUSD:w40""], ""risk_frac"": 0.005, ""sizing"": ""z_vol"", ""sleeve_budget"": 0.55}",-inf,0.0006908345400901961,0.9554403563243925,0.5,False,False,z_vol,0.001207983825310813,0.0006908345400901961
real_n2_z_vol,"{""betas_2024"": {""AUDUSD/NZDUSD"": 0.7150032270701753, ""EURAUD/AUDUSD"": -0.31093367860651805}, ""entry"": 1.5, ""exit_z"": 0.3, ""nested"": ""opt2024_val2025"", ""pairs"": [""EURAUD/AUDUSD:w40"", ""AUDUSD/NZDUSD:w40""], ""risk_frac"": 0.005, ""sizing"": ""z_vol"", ""sleeve_budget"": 1.0}",-inf,0.0012675325401756699,0.9554567214432296,0.5,False,False,z_vol,0.0021905097768216194,0.0012675325401756699
real_n2_z_vol,"{""betas_2024"": {""AUDUSD/NZDUSD"": 0.7150032270701753, ""EURAUD/AUDUSD"": -0.31093367860651805}, ""entry"": 1.5, ""exit_z"": 0.3, ""nested"": ""opt2024_val2025"", ""pairs"": [""EURAUD/AUDUSD:w40"", ""AUDUSD/NZDUSD:w40""], ""risk_frac"": 0.0075, ""sizing"": ""z_vol"", ""sleeve_budget"": 0.55}",-inf,0.0017247481743568327,0.9232899398428617,0.5,False,False,z_vol,0.0018478804383004503,0.0017247481743568327
real_n2_z_vol,"{""betas_2024"": {""AUDUSD/NZDUSD"": 0.7150032270701753, ""EURAUD/AUDUSD"": -0.31093367860651805}, ""entry"": 1.5, ""exit_z"": 0.3, ""nested"": ""opt2024_val2025"", ""pairs"": [""EURAUD/AUDUSD:w40"", ""AUDUSD/NZDUSD:w40""], ""risk_frac"": 0.0075, ""sizing"": ""z_vol"", ""sleeve_budget"": 1.0}",-inf,0.003149059273209423,0.9239963148103626,0.5,False,False,z_vol,0.003343636069350367,0.003149059273209423
real_n2_z_vol,"{""betas_2024"": {""AUDUSD/NZDUSD"": 0.7150032270701753, ""EURAUD/AUDUSD"": -0.31093367860651805}, ""entry"": 1.5, ""exit_z"": 0.3, ""nested"": ""opt2024_val2025"", ""pairs"": [""EURAUD/AUDUSD:w40"", ""AUDUSD/NZDUSD:w40""], ""risk_frac"": 0.01, ""sizing"": ""z_vol"", ""sleeve_budget"": 0.55}",-inf,0.002339268023332064,0.9228058646640661,0.45454545454545453,False,False,z_vol,0.002374120180926521,0.002339268023332064
real_n2_z_vol,"{""betas_2024"": {""AUDUSD/NZDUSD"": 0.7150032270701753, ""EURAUD/AUDUSD"": -0.31093367860651805}, ""entry"": 1.5, ""exit_z"": 0.3, ""nested"": ""opt2024_val2025"", ""pairs"": [""EURAUD/AUDUSD:w40"", ""AUDUSD/NZDUSD:w40""], ""risk_frac"": 0.01, ""sizing"": ""z_vol"", ""sleeve_budget"": 1.0}",-inf,0.004270762319438112,0.9237433093972789,0.45454545454545453,False,False,z_vol,0.00428367270832393,0.004270762319438112
real_n2_z_vol,"{""betas_2024"": {""AUDUSD/NZDUSD"": 0.7150032270701753, ""EURAUD/AUDUSD"": -0.31093367860651805}, ""entry"": 1.5, ""exit_z"": 0.5, ""nested"": ""opt2024_val2025"", ""pairs"": [""EURAUD/AUDUSD:w40"", ""AUDUSD/NZDUSD:w40""], ""risk_frac"": 0.005, ""sizing"": ""z_vol"", ""sleeve_budget"": 0.55}",-inf,-0.0003412202243684992,1.0,0.375,False,False,z_vol,0.0007190329111720855,-0.0003412202243684992
real_n2_z_vol,"{""betas_2024"": {""AUDUSD/NZDUSD"": 0.7150032270701753, ""EURAUD/AUDUSD"": -0.31093367860651805}, ""entry"": 1.5, ""exit_z"": 0.5, ""nested"": ""opt2024_val2025"", ""pairs"": [""EURAUD/AUDUSD:w40"", ""AUDUSD/NZDUSD:w40""], ""risk_frac"": 0.005, ""sizing"": ""z_vol"", ""sleeve_budget"": 1.0}",-inf,-0.0006095381738062539,1.0,0.375,False,False,z_vol,0.0013137342417978855,-0.0006095381738062539
real_n2_z_vol,"{""betas_2024"": {""AUDUSD/NZDUSD"": 0.7150032270701753, ""EURAUD/AUDUSD"": -0.31093367860651805}, ""entry"": 1.5, ""exit_z"": 0.5, ""nested"": ""opt2024_val2025"", ""pairs"": [""EURAUD/AUDUSD:w40"", ""AUDUSD/NZDUSD:w40""], ""risk_frac"": 0.0075, ""sizing"": ""z_vol"", ""sleeve_budget"": 0.55}",-inf,0.0002059661390411277,0.8815539324099363,0.36363636363636365,False,False,z_vol,0.0009273679063406461,0.0002059661390411277
real_n2_z_vol,"{""betas_2024"": {""AUDUSD/NZDUSD"": 0.7150032270701753, ""EURAUD/AUDUSD"": -0.31093367860651805}, ""entry"": 1.5, ""exit_z"": 0.5, ""nested"": ""opt2024_val2025"", ""pairs"": [""EURAUD/AUDUSD:w40"", ""AUDUSD/NZDUSD:w40""], ""risk_frac"": 0.0075, ""sizing"": ""z_vol"", ""sleeve_budget"": 1.0}",-inf,0.00039725967958047226,0.881890933650864,0.36363636363636365,False,False,z_vol,0.001701986628378333,0.00039725967958047226
real_n2_z_vol,"{""betas_2024"": {""AUDUSD/NZDUSD"": 0.7150032270701753, ""EURAUD/AUDUSD"": -0.31093367860651805}, ""entry"": 1.5, ""exit_z"": 0.5, ""nested"": ""opt2024_val2025"", ""pairs"": [""EURAUD/AUDUSD:w40"", ""AUDUSD/NZDUSD:w40""], ""risk_frac"": 0.01, ""sizing"": ""z_vol"", ""sleeve_budget"": 0.55}",-inf,0.00032009028636943715,0.8792755596882477,0.36363636363636365,False,False,z_vol,0.0012204792490108389,0.00032009028636943715
real_n2_z_vol,"{""betas_2024"": {""AUDUSD/NZDUSD"": 0.7150032270701753, ""EURAUD/AUDUSD"": -0.31093367860651805}, ""entry"": 1.5, ""exit_z"": 0.5, ""nested"": ""opt2024_val2025"", ""pairs"": [""EURAUD/AUDUSD:w40"", ""AUDUSD/NZDUSD:w40""], ""risk_frac"": 0.01, ""sizing"": ""z_vol"", ""sleeve_budget"": 1.0}",-inf,0.0006178233830990698,0.8797219054728698,0.36363636363636365,False,False,z_vol,0.002239901483954769,0.0006178233830990698
real_n2_z_vol,"{""betas_2024"": {""AUDUSD/NZDUSD"": 0.7150032270701753, ""EURAUD/AUDUSD"": -0.31093367860651805}, ""entry"": 1.75, ""exit_z"": 0.2, ""nested"": ""opt2024_val2025"", ""pairs"": [""EURAUD/AUDUSD:w40"", ""AUDUSD/NZDUSD:w40""], ""risk_frac"": 0.005, ""sizing"": ""z_vol"", ""sleeve_budget"": 0.55}",-inf,-0.000657099970199651,1.0,0.375,False,False,z_vol,0.001132058114951035,-0.000657099970199651
real_n2_z_vol,"{""betas_2024"": {""AUDUSD/NZDUSD"": 0.7150032270701753, ""EURAUD/AUDUSD"": -0.31093367860651805}, ""entry"": 1.75, ""exit_z"": 0.2, ""nested"": ""opt2024_val2025"", ""pairs"": [""EURAUD/AUDUSD:w40"", ""AUDUSD/NZDUSD:w40""], ""risk_frac"": 0.005, ""sizing"": ""z_vol"", ""sleeve_budget"": 1.0}",-inf,-0.0011836552428630964,1.0,0.375,False,False,z_vol,0.0020684398575658847,-0.0011836552428630964
real_n2_z_vol,"{""betas_2024"": {""AUDUSD/NZDUSD"": 0.7150032270701753, ""EURAUD/AUDUSD"": -0.31093367860651805}, ""entry"": 1.75, ""exit_z"": 0.2, ""nested"": ""opt2024_val2025"", ""pairs"": [""EURAUD/AUDUSD:w40"", ""AUDUSD/NZDUSD:w40""], ""risk_frac"": 0.0075, ""sizing"": ""z_vol"", ""sleeve_budget"": 0.55}",-inf,-0.00024182789555776685,1.0,0.375,False,False,z_vol,0.001606999687017375,-0.00024182789555776685
real_n2_z_vol,"{""betas_2024"": {""AUDUSD/NZDUSD"": 0.7150032270701753, ""EURAUD/AUDUSD"": -0.31093367860651805}, ""entry"": 1.75, ""exit_z"": 0.2, ""nested"": ""opt2024_val2025"", ""pairs"": [""EURAUD/AUDUSD:w40"", ""AUDUSD/NZDUSD:w40""], ""risk_frac"": 0.0075, ""sizing"": ""z_vol"", ""sleeve_budget"": 1.0}",-inf,-0.00040840723402423007,1.0,0.375,False,False,z_vol,0.002944817971509331,-0.00040840723402423007
real_n2_z_vol,"{""betas_2024"": {""AUDUSD/NZDUSD"": 0.7150032270701753, ""EURAUD/AUDUSD"": -0.31093367860651805}, ""entry"": 1.75, ""exit_z"": 0.2, ""nested"": ""opt2024_val2025"", ""pairs"": [""EURAUD/AUDUSD:w40"", ""AUDUSD/NZDUSD:w40""], ""risk_frac"": 0.01, ""sizing"": ""z_vol"", ""sleeve_budget"": 0.55}",-inf,-4.731037130725757e-05,1.0,0.375,False,False,z_vol,0.0018920314598177557,-4.731037130725757e-05
real_n2_z_vol,"{""betas_2024"": {""AUDUSD/NZDUSD"": 0.7150032270701753, ""EURAUD/AUDUSD"": -0.31093367860651805}, ""entry"": 1.75, ""exit_z"": 0.2, ""nested"": ""opt2024_val2025"", ""pairs"": [""EURAUD/AUDUSD:w40"", ""AUDUSD/NZDUSD:w40""], ""risk_frac"": 0.01, ""sizing"": ""z_vol"", ""sleeve_budget"": 1.0}",-inf,-3.287559160169984e-05,1.0,0.375,False,False,z_vol,0.0034807440852345165,-3.287559160169984e-05
real_n2_z_vol,"{""betas_2024"": {""AUDUSD/NZDUSD"": 0.7150032270701753, ""EURAUD/AUDUSD"": -0.31093367860651805}, ""entry"": 1.75, ""exit_z"": 0.3, ""nested"": ""opt2024_val2025"", ""pairs"": [""EURAUD/AUDUSD:w40"", ""AUDUSD/NZDUSD:w40""], ""risk_frac"": 0.005, ""sizing"": ""z_vol"", ""sleeve_budget"": 0.55}",-inf,5.5396132250154495e-05,0.9610806397863287,0.5,False,False,z_vol,0.001233753930697054,5.5396132250154495e-05
real_n2_z_vol,"{""betas_2024"": {""AUDUSD/NZDUSD"": 0.7150032270701753, ""EURAUD/AUDUSD"": -0.31093367860651805}, ""entry"": 1.75, ""exit_z"": 0.3, ""nested"": ""opt2024_val2025"", ""pairs"": [""EURAUD/AUDUSD:w40"", ""AUDUSD/NZDUSD:w40""], ""risk_frac"": 0.005, ""sizing"": ""z_vol"", ""sleeve_budget"": 1.0}",-inf,0.00011543141943028135,0.9610712504922276,0.5,False,False,z_vol,0.002243808081150353,0.00011543141943028135
real_n2_z_vol,"{""betas_2024"": {""AUDUSD/NZDUSD"": 0.7150032270701753, ""EURAUD/AUDUSD"": -0.31093367860651805}, ""entry"": 1.75, ""exit_z"": 0.3, ""nested"": ""opt2024_val2025"", ""pairs"": [""EURAUD/AUDUSD:w40"", ""AUDUSD/NZDUSD:w40""], ""risk_frac"": 0.0075, ""sizing"": ""z_vol"", ""sleeve_budget"": 0.55}",-inf,0.0007932637338764759,0.9518503761200292,0.5,False,False,z_vol,0.0017581653453369141,0.0007932637338764759
real_n2_z_vol,"{""betas_2024"": {""AUDUSD/NZDUSD"": 0.7150032270701753, ""EURAUD/AUDUSD"": -0.31093367860651805}, ""entry"": 1.75, ""exit_z"": 0.3, ""nested"": ""opt2024_val2025"", ""pairs"": [""EURAUD/AUDUSD:w40"", ""AUDUSD/NZDUSD:w40""], ""risk_frac"": 0.0075, ""sizing"": ""z_vol"", ""sleeve_budget"": 1.0}",-inf,0.0014722751465600092,0.9522597778443636,0.5,False,False,z_vol,0.003200241162964347,0.0014722751465600092
real_n2_z_vol,"{""betas_2024"": {""AUDUSD/NZDUSD"": 0.7150032270701753, ""EURAUD/AUDUSD"": -0.31093367860651805}, ""entry"": 1.75, ""exit_z"": 0.3, ""nested"": ""opt2024_val2025"", ""pairs"": [""EURAUD/AUDUSD:w40"", ""AUDUSD/NZDUSD:w40""], ""risk_frac"": 0.01, ""sizing"": ""z_vol"", ""sleeve_budget"": 0.55}",-inf,0.001108910628539489,0.9522666799816041,0.5,False,False,z_vol,0.0020827238980633896,0.001108910628539489
real_n2_z_vol,"{""betas_2024"": {""AUDUSD/NZDUSD"": 0.7150032270701753, ""EURAUD/AUDUSD"": -0.31093367860651805}, ""entry"": 1.75, ""exit_z"": 0.3, ""nested"": ""opt2024_val2025"", ""pairs"": [""EURAUD/AUDUSD:w40"", ""AUDUSD/NZDUSD:w40""], ""risk_frac"": 0.01, ""sizing"": ""z_vol"", ""sleeve_budget"": 1.0}",-inf,0.0020644674146758496,0.952805830158448,0.5,False,False,z_vol,0.0037975899715112,0.0020644674146758496
real_n2_z_vol,"{""betas_2024"": {""AUDUSD/NZDUSD"": 0.7150032270701753, ""EURAUD/AUDUSD"": -0.31093367860651805}, ""entry"": 1.75, ""exit_z"": 0.5, ""nested"": ""opt2024_val2025"", ""pairs"": [""EURAUD/AUDUSD:w40"", ""AUDUSD/NZDUSD:w40""], ""risk_frac"": 0.005, ""sizing"": ""z_vol"", ""sleeve_budget"": 0.55}",-inf,-0.000898498368713932,1.0,0.25,False,False,z_vol,0.000953703883860977,-0.000898498368713932
real_n2_z_vol,"{""betas_2024"": {""AUDUSD/NZDUSD"": 0.7150032270701753, ""EURAUD/AUDUSD"": -0.31093367860651805}, ""entry"": 1.75, ""exit_z"": 0.5, ""nested"": ""opt2024_val2025"", ""pairs"": [""EURAUD/AUDUSD:w40"", ""AUDUSD/NZDUSD:w40""], ""risk_frac"": 0.005, ""sizing"": ""z_vol"", ""sleeve_budget"": 1.0}",-inf,-0.0016282270849167363,1.0,0.25,False,False,z_vol,0.001739196952345176,-0.0016282270849167363
real_n2_z_vol,"{""betas_2024"": {""AUDUSD/NZDUSD"": 0.7150032270701753, ""EURAUD/AUDUSD"": -0.31093367860651805}, ""entry"": 1.75, ""exit_z"": 0.5, ""nested"": ""opt2024_val2025"", ""pairs"": [""EURAUD/AUDUSD:w40"", ""AUDUSD/NZDUSD:w40""], ""risk_frac"": 0.0075, ""sizing"": ""z_vol"", ""sleeve_budget"": 0.55}",-inf,-0.0006464185065117589,1.0,0.36363636363636365,False,False,z_vol,0.0011916083875911164,-0.0006464185065117589
real_n2_z_vol,"{""betas_2024"": {""AUDUSD/NZDUSD"": 0.7150032270701753, ""EURAUD/AUDUSD"": -0.31093367860651805}, ""entry"": 1.75, ""exit_z"": 0.5, ""nested"": ""opt2024_val2025"", ""pairs"": [""EURAUD/AUDUSD:w40"", ""AUDUSD/NZDUSD:w40""], ""risk_frac"": 0.0075, ""sizing"": ""z_vol"", ""sleeve_budget"": 1.0}",-inf,-0.0011549885400614496,1.0,0.36363636363636365,False,False,z_vol,0.0021836482602824903,-0.0011549885400614496
real_n2_z_vol,"{""betas_2024"": {""AUDUSD/NZDUSD"": 0.7150032270701753, ""EURAUD/AUDUSD"": -0.31093367860651805}, ""entry"": 1.75, ""exit_z"": 0.5, ""nested"": ""opt2024_val2025"", ""pairs"": [""EURAUD/AUDUSD:w40"", ""AUDUSD/NZDUSD:w40""], ""risk_frac"": 0.01, ""sizing"": ""z_vol"", ""sleeve_budget"": 0.55}",-inf,-0.0008182407310220602,1.0,0.36363636363636365,False,False,z_vol,0.0014103143039905129,-0.0008182407310220602
real_n2_z_vol,"{""betas_2024"": {""AUDUSD/NZDUSD"": 0.7150032270701753, ""EURAUD/AUDUSD"": -0.31093367860651805}, ""entry"": 1.75, ""exit_z"": 0.5, ""nested"": ""opt2024_val2025"", ""pairs"": [""EURAUD/AUDUSD:w40"", ""AUDUSD/NZDUSD:w40""], ""risk_frac"": 0.01, ""sizing"": ""z_vol"", ""sleeve_budget"": 1.0}",-inf,-0.0014551553873828754,1.0,0.36363636363636365,False,False,z_vol,0.002595261111077511,-0.0014551553873828754
real_n2_z_vol,"{""betas_2024"": {""AUDUSD/NZDUSD"": 0.7150032270701753, ""EURAUD/AUDUSD"": -0.31093367860651805}, ""entry"": 2.0, ""exit_z"": 0.2, ""nested"": ""opt2024_val2025"", ""pairs"": [""EURAUD/AUDUSD:w40"", ""AUDUSD/NZDUSD:w40""], ""risk_frac"": 0.005, ""sizing"": ""z_vol"", ""sleeve_budget"": 0.55}",-inf,0.00023629188265902878,0.9090591649112347,0.625,False,False,z_vol,0.0020621806468042207,0.00023629188265902878
real_n2_z_vol,"{""betas_2024"": {""AUDUSD/NZDUSD"": 0.7150032270701753, ""EURAUD/AUDUSD"": -0.31093367860651805}, ""entry"": 2.0, ""exit_z"": 0.2, ""nested"": ""opt2024_val2025"", ""pairs"": [""EURAUD/AUDUSD:w40"", ""AUDUSD/NZDUSD:w40""], ""risk_frac"": 0.005, ""sizing"": ""z_vol"", ""sleeve_budget"": 1.0}",-inf,0.0004410119414798852,0.9093575145755607,0.625,False,False,z_vol,0.003742742630432737,0.0004410119414798852
real_n2_z_vol,"{""betas_2024"": {""AUDUSD/NZDUSD"": 0.7150032270701753, ""EURAUD/AUDUSD"": -0.31093367860651805}, ""entry"": 2.0, ""exit_z"": 0.2, ""nested"": ""opt2024_val2025"", ""pairs"": [""EURAUD/AUDUSD:w40"", ""AUDUSD/NZDUSD:w40""], ""risk_frac"": 0.0075, ""sizing"": ""z_vol"", ""sleeve_budget"": 0.55}",-inf,0.0005225657456757876,0.9164069243336473,0.625,False,False,z_vol,0.003183326506521392,0.0005225657456757876
real_n2_z_vol,"{""betas_2024"": {""AUDUSD/NZDUSD"": 0.7150032270701753, ""EURAUD/AUDUSD"": -0.31093367860651805}, ""entry"": 2.0, ""exit_z"": 0.2, ""nested"": ""opt2024_val2025"", ""pairs"": [""EURAUD/AUDUSD:w40"", ""AUDUSD/NZDUSD:w40""], ""risk_frac"": 0.0075, ""sizing"": ""z_vol"", ""sleeve_budget"": 1.0}",-inf,0.0009761526800829562,0.9168910727510173,0.625,False,False,z_vol,0.005767958605821214,0.0009761526800829562
real_n2_z_vol,"{""betas_2024"": {""AUDUSD/NZDUSD"": 0.7150032270701753, ""EURAUD/AUDUSD"": -0.31093367860651805}, ""entry"": 2.0, ""exit_z"": 0.2, ""nested"": ""opt2024_val2025"", ""pairs"": [""EURAUD/AUDUSD:w40"", ""AUDUSD/NZDUSD:w40""], ""risk_frac"": 0.01, ""sizing"": ""z_vol"", ""sleeve_budget"": 0.55}",-inf,0.0011317915479543417,0.9110958413539894,0.625,False,False,z_vol,0.0038359874290807864,0.0011317915479543417
real_n2_z_vol,"{""betas_2024"": {""AUDUSD/NZDUSD"": 0.7150032270701753, ""EURAUD/AUDUSD"": -0.31093367860651805}, ""entry"": 2.0, ""exit_z"": 0.2, ""nested"": ""opt2024_val2025"", ""pairs"": [""EURAUD/AUDUSD:w40"", ""AUDUSD/NZDUSD:w40""], ""risk_frac"": 0.01, ""sizing"": ""z_vol"", ""sleeve_budget"": 1.0}",-inf,0.002101067434150533,0.9119289069513179,0.625,False,False,z_vol,0.006955069091666392,0.002101067434150533
real_n2_z_vol,"{""betas_2024"": {""AUDUSD/NZDUSD"": 0.7150032270701753, ""EURAUD/AUDUSD"": -0.31093367860651805}, ""entry"": 2.0, ""exit_z"": 0.3, ""nested"": ""opt2024_val2025"", ""pairs"": [""EURAUD/AUDUSD:w40"", ""AUDUSD/NZDUSD:w40""], ""risk_frac"": 0.005, ""sizing"": ""z_vol"", ""sleeve_budget"": 0.55}",-inf,0.0008232853297088644,0.857405761501733,0.625,False,False,z_vol,0.0021796632556138366,0.0008232853297088644
real_n2_z_vol,"{""betas_2024"": {""AUDUSD/NZDUSD"": 0.7150032270701753, ""EURAUD/AUDUSD"": -0.31093367860651805}, ""entry"": 2.0, ""exit_z"": 0.3, ""nested"": ""opt2024_val2025"", ""pairs"": [""EURAUD/AUDUSD:w40"", ""AUDUSD/NZDUSD:w40""], ""risk_frac"": 0.005, ""sizing"": ""z_vol"", ""sleeve_budget"": 1.0}",-inf,0.0015053549540635092,0.8581842445715989,0.625,False,False,z_vol,0.00394003484238585,0.0015053549540635092
real_n2_z_vol,"{""betas_2024"": {""AUDUSD/NZDUSD"": 0.7150032270701753, ""EURAUD/AUDUSD"": -0.31093367860651805}, ""entry"": 2.0, ""exit_z"": 0.3, ""nested"": ""opt2024_val2025"", ""pairs"": [""EURAUD/AUDUSD:w40"", ""AUDUSD/NZDUSD:w40""], ""risk_frac"": 0.0075, ""sizing"": ""z_vol"", ""sleeve_budget"": 0.55}",-inf,0.0014031738171692287,0.8635457864864611,0.625,False,False,z_vol,0.0033442148354973955,0.0014031738171692287
real_n2_z_vol,"{""betas_2024"": {""AUDUSD/NZDUSD"": 0.7150032270701753, ""EURAUD/AUDUSD"": -0.31093367860651805}, ""entry"": 2.0, ""exit_z"": 0.3, ""nested"": ""opt2024_val2025"", ""pairs"": [""EURAUD/AUDUSD:w40"", ""AUDUSD/NZDUSD:w40""], ""risk_frac"": 0.0075, ""sizing"": ""z_vol"", ""sleeve_budget"": 1.0}",-inf,0.0025689441598037294,0.8647593347474001,0.625,False,False,z_vol,0.006024365547258704,0.0025689441598037294
real_n2_z_vol,"{""betas_2024"": {""AUDUSD/NZDUSD"": 0.7150032270701753, ""EURAUD/AUDUSD"": -0.31093367860651805}, ""entry"": 2.0, ""exit_z"": 0.3, ""nested"": ""opt2024_val2025"", ""pairs"": [""EURAUD/AUDUSD:w40"", ""AUDUSD/NZDUSD:w40""], ""risk_frac"": 0.01, ""sizing"": ""z_vol"", ""sleeve_budget"": 0.55}",-inf,0.002243472150321474,0.8708025683685957,0.625,False,False,z_vol,0.004071321773284378,0.002243472150321474
real_n2_z_vol,"{""betas_2024"": {""AUDUSD/NZDUSD"": 0.7150032270701753, ""EURAUD/AUDUSD"": -0.31093367860651805}, ""entry"": 2.0, ""exit_z"": 0.3, ""nested"": ""opt2024_val2025"", ""pairs"": [""EURAUD/AUDUSD:w40"", ""AUDUSD/NZDUSD:w40""], ""risk_frac"": 0.01, ""sizing"": ""z_vol"", ""sleeve_budget"": 1.0}",-inf,0.004103115286114706,0.8725182661368012,0.625,False,False,z_vol,0.007324876089986837,0.004103115286114706
real_n2_z_vol,"{""betas_2024"": {""AUDUSD/NZDUSD"": 0.7150032270701753, ""EURAUD/AUDUSD"": -0.31093367860651805}, ""entry"": 2.0, ""exit_z"": 0.5, ""nested"": ""opt2024_val2025"", ""pairs"": [""EURAUD/AUDUSD:w40"", ""AUDUSD/NZDUSD:w40""], ""risk_frac"": 0.005, ""sizing"": ""z_vol"", ""sleeve_budget"": 0.55}",-inf,-1.9558151379855948e-05,0.8482988013968265,0.625,False,False,z_vol,0.0017418711712839123,-1.9558151379855948e-05
real_n2_z_vol,"{""betas_2024"": {""AUDUSD/NZDUSD"": 0.7150032270701753, ""EURAUD/AUDUSD"": -0.31093367860651805}, ""entry"": 2.0, ""exit_z"": 0.5, ""nested"": ""opt2024_val2025"", ""pairs"": [""EURAUD/AUDUSD:w40"", ""AUDUSD/NZDUSD:w40""], ""risk_frac"": 0.005, ""sizing"": ""z_vol"", ""sleeve_budget"": 1.0}",-inf,-2.749502472954024e-05,0.848730886854008,0.625,False,False,z_vol,0.00315612380135028,-2.749502472954024e-05
real_n2_z_vol,"{""betas_2024"": {""AUDUSD/NZDUSD"": 0.7150032270701753, ""EURAUD/AUDUSD"": -0.31093367860651805}, ""entry"": 2.0, ""exit_z"": 0.5, ""nested"": ""opt2024_val2025"", ""pairs"": [""EURAUD/AUDUSD:w40"", ""AUDUSD/NZDUSD:w40""], ""risk_frac"": 0.0075, ""sizing"": ""z_vol"", ""sleeve_budget"": 0.55}",-inf,9.768094888003287e-05,0.8647751354679895,0.625,False,False,z_vol,0.0024825442876529424,9.768094888003287e-05
real_n2_z_vol,"{""betas_2024"": {""AUDUSD/NZDUSD"": 0.7150032270701753, ""EURAUD/AUDUSD"": -0.31093367860651805}, ""entry"": 2.0, ""exit_z"": 0.5, ""nested"": ""opt2024_val2025"", ""pairs"": [""EURAUD/AUDUSD:w40"", ""AUDUSD/NZDUSD:w40""], ""risk_frac"": 0.0075, ""sizing"": ""z_vol"", ""sleeve_budget"": 1.0}",-inf,0.00019677538317672272,0.8646138777341401,0.625,False,False,z_vol,0.004493224055073141,0.00019677538317672272
real_n2_z_vol,"{""betas_2024"": {""AUDUSD/NZDUSD"": 0.7150032270701753, ""EURAUD/AUDUSD"": -0.31093367860651805}, ""entry"": 2.0, ""exit_z"": 0.5, ""nested"": ""opt2024_val2025"", ""pairs"": [""EURAUD/AUDUSD:w40"", ""AUDUSD/NZDUSD:w40""], ""risk_frac"": 0.01, ""sizing"": ""z_vol"", ""sleeve_budget"": 0.55}",-inf,0.000516823511833589,0.9137578781770558,0.5454545454545454,False,False,z_vol,0.002999543660076083,0.000516823511833589
real_n2_z_vol,"{""betas_2024"": {""AUDUSD/NZDUSD"": 0.7150032270701753, ""EURAUD/AUDUSD"": -0.31093367860651805}, ""entry"": 2.0, ""exit_z"": 0.5, ""nested"": ""opt2024_val2025"", ""pairs"": [""EURAUD/AUDUSD:w40"", ""AUDUSD/NZDUSD:w40""], ""risk_frac"": 0.01, ""sizing"": ""z_vol"", ""sleeve_budget"": 1.0}",-inf,0.0009737458639973579,0.9137651090521489,0.5454545454545454,False,False,z_vol,0.005431059413602244,0.0009737458639973579
real_n2_z_vol,"{""betas_2024"": {""AUDUSD/NZDUSD"": 0.7150032270701753, ""EURAUD/AUDUSD"": -0.31093367860651805}, ""entry"": 2.25, ""exit_z"": 0.2, ""nested"": ""opt2024_val2025"", ""pairs"": [""EURAUD/AUDUSD:w40"", ""AUDUSD/NZDUSD:w40""], ""risk_frac"": 0.005, ""sizing"": ""z_vol"", ""sleeve_budget"": 0.55}",-inf,0.00030981195750498514,0.9089438355189813,0.625,False,False,z_vol,0.0017802788709910104,0.00030981195750498514
real_n2_z_vol,"{""betas_2024"": {""AUDUSD/NZDUSD"": 0.7150032270701753, ""EURAUD/AUDUSD"": -0.31093367860651805}, ""entry"": 2.25, ""exit_z"": 0.2, ""nested"": ""opt2024_val2025"", ""pairs"": [""EURAUD/AUDUSD:w40"", ""AUDUSD/NZDUSD:w40""], ""risk_frac"": 0.005, ""sizing"": ""z_vol"", ""sleeve_budget"": 1.0}",-inf,0.0005739667779090796,0.9092391090540529,0.625,False,False,z_vol,0.0032364283366776788,0.0005739667779090796
real_n2_z_vol,"{""betas_2024"": {""AUDUSD/NZDUSD"": 0.7150032270701753, ""EURAUD/AUDUSD"": -0.31093367860651805}, ""entry"": 2.25, ""exit_z"": 0.2, ""nested"": ""opt2024_val2025"", ""pairs"": [""EURAUD/AUDUSD:w40"", ""AUDUSD/NZDUSD:w40""], ""risk_frac"": 0.0075, ""sizing"": ""z_vol"", ""sleeve_budget"": 0.55}",-inf,0.0006185200745368047,0.9154758332592572,0.625,False,False,z_vol,0.0026718309567063114,0.0006185200745368047
real_n2_z_vol,"{""betas_2024"": {""AUDUSD/NZDUSD"": 0.7150032270701753, ""EURAUD/AUDUSD"": -0.31093367860651805}, ""entry"": 2.25, ""exit_z"": 0.2, ""nested"": ""opt2024_val2025"", ""pairs"": [""EURAUD/AUDUSD:w40"", ""AUDUSD/NZDUSD:w40""], ""risk_frac"": 0.0075, ""sizing"": ""z_vol"", ""sleeve_budget"": 1.0}",-inf,0.0011487242315819934,0.9159559839514708,0.625,False,False,z_vol,0.004855926886619682,0.0011487242315819934
real_n2_z_vol,"{""betas_2024"": {""AUDUSD/NZDUSD"": 0.7150032270701753, ""EURAUD/AUDUSD"": -0.31093367860651805}, ""entry"": 2.25, ""exit_z"": 0.2, ""nested"": ""opt2024_val2025"", ""pairs"": [""EURAUD/AUDUSD:w40"", ""AUDUSD/NZDUSD:w40""], ""risk_frac"": 0.01, ""sizing"": ""z_vol"", ""sleeve_budget"": 0.55}",-inf,0.0012738029804119644,0.9104810345396757,0.625,False,False,z_vol,0.0033086703360889684,0.0012738029804119644
real_n2_z_vol,"{""betas_2024"": {""AUDUSD/NZDUSD"": 0.7150032270701753, ""EURAUD/AUDUSD"": -0.31093367860651805}, ""entry"": 2.25, ""exit_z"": 0.2, ""nested"": ""opt2024_val2025"", ""pairs"": [""EURAUD/AUDUSD:w40"", ""AUDUSD/NZDUSD:w40""], ""risk_frac"": 0.01, ""sizing"": ""z_vol"", ""sleeve_budget"": 1.0}",-inf,0.002355198834322822,0.9113113947220622,0.625,False,False,z_vol,0.006017502642862988,0.002355198834322822
real_n2_z_vol,"{""betas_2024"": {""AUDUSD/NZDUSD"": 0.7150032270701753, ""EURAUD/AUDUSD"": -0.31093367860651805}, ""entry"": 2.25, ""exit_z"": 0.3, ""nested"": ""opt2024_val2025"", ""pairs"": [""EURAUD/AUDUSD:w40"", ""AUDUSD/NZDUSD:w40""], ""risk_frac"": 0.005, ""sizing"": ""z_vol"", ""sleeve_budget"": 0.55}",-inf,0.0008965052713864469,0.8558059237454839,0.625,False,False,z_vol,0.0018450456222135884,0.0008965052713864469
real_n2_z_vol,"{""betas_2024"": {""AUDUSD/NZDUSD"": 0.7150032270701753, ""EURAUD/AUDUSD"": -0.31093367860651805}, ""entry"": 2.25, ""exit_z"": 0.3, ""nested"": ""opt2024_val2025"", ""pairs"": [""EURAUD/AUDUSD:w40"", ""AUDUSD/NZDUSD:w40""], ""risk_frac"": 0.005, ""sizing"": ""z_vol"", ""sleeve_budget"": 1.0}",-inf,0.001637349368029603,0.8565878973328325,0.625,False,False,z_vol,0.0033426072728944115,0.001637349368029603
real_n2_z_vol,"{""betas_2024"": {""AUDUSD/NZDUSD"": 0.7150032270701753, ""EURAUD/AUDUSD"": -0.31093367860651805}, ""entry"": 2.25, ""exit_z"": 0.3, ""nested"": ""opt2024_val2025"", ""pairs"": [""EURAUD/AUDUSD:w40"", ""AUDUSD/NZDUSD:w40""], ""risk_frac"": 0.0075, ""sizing"": ""z_vol"", ""sleeve_budget"": 0.55}",-inf,0.0015007429252662519,0.8628479948304253,0.625,False,False,z_vol,0.0027902403545261804,0.0015007429252662519
real_n2_z_vol,"{""betas_2024"": {""AUDUSD/NZDUSD"": 0.7150032270701753, ""EURAUD/AUDUSD"": -0.31093367860651805}, ""entry"": 2.25, ""exit_z"": 0.3, ""nested"": ""opt2024_val2025"", ""pairs"": [""EURAUD/AUDUSD:w40"", ""AUDUSD/NZDUSD:w40""], ""risk_frac"": 0.0075, ""sizing"": ""z_vol"", ""sleeve_budget"": 1.0}",-inf,0.0027436568772788716,0.8640557391639252,0.625,False,False,z_vol,0.005045204189855374,0.0027436568772788716
real_n2_z_vol,"{""betas_2024"": {""AUDUSD/NZDUSD"": 0.7150032270701753, ""EURAUD/AUDUSD"": -0.31093367860651805}, ""entry"": 2.25, ""exit_z"": 0.3, ""nested"": ""opt2024_val2025"", ""pairs"": [""EURAUD/AUDUSD:w40"", ""AUDUSD/NZDUSD:w40""], ""risk_frac"": 0.01, ""sizing"": ""z_vol"", ""sleeve_budget"": 0.55}",-inf,0.0023725521923628062,0.8697315723731885,0.625,False,False,z_vol,0.0034714728441679736,0.0023725521923628062
real_n2_z_vol,"{""betas_2024"": {""AUDUSD/NZDUSD"": 0.7150032270701753, ""EURAUD/AUDUSD"": -0.31093367860651805}, ""entry"": 2.25, ""exit_z"": 0.3, ""nested"": ""opt2024_val2025"", ""pairs"": [""EURAUD/AUDUSD:w40"", ""AUDUSD/NZDUSD:w40""], ""risk_frac"": 0.01, ""sizing"": ""z_vol"", ""sleeve_budget"": 1.0}",-inf,0.00433248711607942,0.8714435322605868,0.625,False,False,z_vol,0.0062708856531451225,0.00433248711607942
real_n2_z_vol,"{""betas_2024"": {""AUDUSD/NZDUSD"": 0.7150032270701753, ""EURAUD/AUDUSD"": -0.31093367860651805}, ""entry"": 2.25, ""exit_z"": 0.5, ""nested"": ""opt2024_val2025"", ""pairs"": [""EURAUD/AUDUSD:w40"", ""AUDUSD/NZDUSD:w40""], ""risk_frac"": 0.005, ""sizing"": ""z_vol"", ""sleeve_budget"": 0.55}",-inf,4.588342201926332e-05,0.8445243756062286,0.625,False,False,z_vol,0.0014444905769647085,4.588342201926332e-05
real_n2_z_vol,"{""betas_2024"": {""AUDUSD/NZDUSD"": 0.7150032270701753, ""EURAUD/AUDUSD"": -0.31093367860651805}, ""entry"": 2.25, ""exit_z"": 0.5, ""nested"": ""opt2024_val2025"", ""pairs"": [""EURAUD/AUDUSD:w40"", ""AUDUSD/NZDUSD:w40""], ""risk_frac"": 0.005, ""sizing"": ""z_vol"", ""sleeve_budget"": 1.0}",-inf,9.112771742161851e-05,0.8449549407891732,0.625,False,False,z_vol,0.002623280965886568,9.112771742161851e-05
real_n2_z_vol,"{""betas_2024"": {""AUDUSD/NZDUSD"": 0.7150032270701753, ""EURAUD/AUDUSD"": -0.31093367860651805}, ""entry"": 2.25, ""exit_z"": 0.5, ""nested"": ""opt2024_val2025"", ""pairs"": [""EURAUD/AUDUSD:w40"", ""AUDUSD/NZDUSD:w40""], ""risk_frac"": 0.0075, ""sizing"": ""z_vol"", ""sleeve_budget"": 0.55}",-inf,0.00021539600971125228,0.8548388674024857,0.625,False,False,z_vol,0.0019710406253313872,0.00021539600971125228
real_n2_z_vol,"{""betas_2024"": {""AUDUSD/NZDUSD"": 0.7150032270701753, ""EURAUD/AUDUSD"": -0.31093367860651805}, ""entry"": 2.25, ""exit_z"": 0.5, ""nested"": ""opt2024_val2025"", ""pairs"": [""EURAUD/AUDUSD:w40"", ""AUDUSD/NZDUSD:w40""], ""risk_frac"": 0.0075, ""sizing"": ""z_vol"", ""sleeve_budget"": 1.0}",-inf,0.00040996137453346015,0.8555599843469233,0.625,False,False,z_vol,0.0035823545040855258,0.00040996137453346015
real_n2_z_vol,"{""betas_2024"": {""AUDUSD/NZDUSD"": 0.7150032270701753, ""EURAUD/AUDUSD"": -0.31093367860651805}, ""entry"": 2.25, ""exit_z"": 0.5, ""nested"": ""opt2024_val2025"", ""pairs"": [""EURAUD/AUDUSD:w40"", ""AUDUSD/NZDUSD:w40""], ""risk_frac"": 0.01, ""sizing"": ""z_vol"", ""sleeve_budget"": 0.55}",-inf,0.0006457146357298216,0.8771759645976265,0.625,False,False,z_vol,0.002411221143982027,0.0006457146357298216
real_n2_z_vol,"{""betas_2024"": {""AUDUSD/NZDUSD"": 0.7150032270701753, ""EURAUD/AUDUSD"": -0.31093367860651805}, ""entry"": 2.25, ""exit_z"": 0.5, ""nested"": ""opt2024_val2025"", ""pairs"": [""EURAUD/AUDUSD:w40"", ""AUDUSD/NZDUSD:w40""], ""risk_frac"": 0.01, ""sizing"": ""z_vol"", ""sleeve_budget"": 1.0}",-inf,0.0012057534866205255,0.8768392782145188,0.625,False,False,z_vol,0.004386363692786272,0.0012057534866205255
real_n2_z_vol,"{""betas_2024"": {""AUDUSD/NZDUSD"": 0.7150032270701753, ""EURAUD/AUDUSD"": -0.31093367860651805}, ""entry"": 2.5, ""exit_z"": 0.2, ""nested"": ""opt2024_val2025"", ""pairs"": [""EURAUD/AUDUSD:w40"", ""AUDUSD/NZDUSD:w40""], ""risk_frac"": 0.005, ""sizing"": ""z_vol"", ""sleeve_budget"": 0.55}",-inf,0.000711838612815624,0.9292491788140692,0.5,False,False,z_vol,0.001490919327324329,0.000711838612815624
real_n2_z_vol,"{""betas_2024"": {""AUDUSD/NZDUSD"": 0.7150032270701753, ""EURAUD/AUDUSD"": -0.31093367860651805}, ""entry"": 2.5, ""exit_z"": 0.2, ""nested"": ""opt2024_val2025"", ""pairs"": [""EURAUD/AUDUSD:w40"", ""AUDUSD/NZDUSD:w40""], ""risk_frac"": 0.005, ""sizing"": ""z_vol"", ""sleeve_budget"": 1.0}",-inf,0.0013027882951595904,0.9294578587748559,0.5,False,False,z_vol,0.0027060393062429233,0.0013027882951595904
real_n2_z_vol,"{""betas_2024"": {""AUDUSD/NZDUSD"": 0.7150032270701753, ""EURAUD/AUDUSD"": -0.31093367860651805}, ""entry"": 2.5, ""exit_z"": 0.2, ""nested"": ""opt2024_val2025"", ""pairs"": [""EURAUD/AUDUSD:w40"", ""AUDUSD/NZDUSD:w40""], ""risk_frac"": 0.0075, ""sizing"": ""z_vol"", ""sleeve_budget"": 0.55}",-inf,0.0012325955418985984,0.933709046252344,0.5,False,False,z_vol,0.002255995447495945,0.0012325955418985984
real_n2_z_vol,"{""betas_2024"": {""AUDUSD/NZDUSD"": 0.7150032270701753, ""EURAUD/AUDUSD"": -0.31093367860651805}, ""entry"": 2.5, ""exit_z"": 0.2, ""nested"": ""opt2024_val2025"", ""pairs"": [""EURAUD/AUDUSD:w40"", ""AUDUSD/NZDUSD:w40""], ""risk_frac"": 0.0075, ""sizing"": ""z_vol"", ""sleeve_budget"": 1.0}",-inf,0.0022595254048638352,0.9340539344573221,0.5,False,False,z_vol,0.004090272012535332,0.0022595254048638352
real_n2_z_vol,"{""betas_2024"": {""AUDUSD/NZDUSD"": 0.7150032270701753, ""EURAUD/AUDUSD"": -0.31093367860651805}, ""entry"": 2.5, ""exit_z"": 0.2, ""nested"": ""opt2024_val2025"", ""pairs"": [""EURAUD/AUDUSD:w40"", ""AUDUSD/NZDUSD:w40""], ""risk_frac"": 0.01, ""sizing"": ""z_vol"", ""sleeve_budget"": 0.55}",-inf,0.0021139358908632278,0.9284636237413296,0.45454545454545453,False,False,z_vol,0.0027536408134034777,0.0021139358908632278
real_n2_z_vol,"{""betas_2024"": {""AUDUSD/NZDUSD"": 0.7150032270701753, ""EURAUD/AUDUSD"": -0.31093367860651805}, ""entry"": 2.5, ""exit_z"": 0.2, ""nested"": ""opt2024_val2025"", ""pairs"": [""EURAUD/AUDUSD:w40"", ""AUDUSD/NZDUSD:w40""], ""risk_frac"": 0.01, ""sizing"": ""z_vol"", ""sleeve_budget"": 1.0}",-inf,0.003869052357240818,0.9290791208400351,0.45454545454545453,False,False,z_vol,0.004994272343267406,0.003869052357240818
real_n2_z_vol,"{""betas_2024"": {""AUDUSD/NZDUSD"": 0.7150032270701753, ""EURAUD/AUDUSD"": -0.31093367860651805}, ""entry"": 2.5, ""exit_z"": 0.3, ""nested"": ""opt2024_val2025"", ""pairs"": [""EURAUD/AUDUSD:w40"", ""AUDUSD/NZDUSD:w40""], ""risk_frac"": 0.005, ""sizing"": ""z_vol"", ""sleeve_budget"": 0.55}",-inf,0.001084426790280174,0.8597187714333862,0.5,False,False,z_vol,0.0015468880128787727,0.001084426790280174
real_n2_z_vol,"{""betas_2024"": {""AUDUSD/NZDUSD"": 0.7150032270701753, ""EURAUD/AUDUSD"": -0.31093367860651805}, ""entry"": 2.5, ""exit_z"": 0.3, ""nested"": ""opt2024_val2025"", ""pairs"": [""EURAUD/AUDUSD:w40"", ""AUDUSD/NZDUSD:w40""], ""risk_frac"": 0.005, ""sizing"": ""z_vol"", ""sleeve_budget"": 1.0}",-inf,0.001977680007882107,0.8604722118962101,0.5,False,False,z_vol,0.0028067700084053056,0.001977680007882107
real_n2_z_vol,"{""betas_2024"": {""AUDUSD/NZDUSD"": 0.7150032270701753, ""EURAUD/AUDUSD"": -0.31093367860651805}, ""entry"": 2.5, ""exit_z"": 0.3, ""nested"": ""opt2024_val2025"", ""pairs"": [""EURAUD/AUDUSD:w40"", ""AUDUSD/NZDUSD:w40""], ""risk_frac"": 0.0075, ""sizing"": ""z_vol"", ""sleeve_budget"": 0.55}",-inf,0.0017935897653957866,0.8648265128082574,0.5,False,False,z_vol,0.0023395772713934245,0.0017935897653957866
real_n2_z_vol,"{""betas_2024"": {""AUDUSD/NZDUSD"": 0.7150032270701753, ""EURAUD/AUDUSD"": -0.31093367860651805}, ""entry"": 2.5, ""exit_z"": 0.3, ""nested"": ""opt2024_val2025"", ""pairs"": [""EURAUD/AUDUSD:w40"", ""AUDUSD/NZDUSD:w40""], ""risk_frac"": 0.0075, ""sizing"": ""z_vol"", ""sleeve_budget"": 1.0}",-inf,0.0032727259474201464,0.8660047451611392,0.5,False,False,z_vol,0.004239915578722397,0.0032727259474201464
real_n2_z_vol,"{""betas_2024"": {""AUDUSD/NZDUSD"": 0.7150032270701753, ""EURAUD/AUDUSD"": -0.31093367860651805}, ""entry"": 2.5, ""exit_z"": 0.3, ""nested"": ""opt2024_val2025"", ""pairs"": [""EURAUD/AUDUSD:w40"", ""AUDUSD/NZDUSD:w40""], ""risk_frac"": 0.01, ""sizing"": ""z_vol"", ""sleeve_budget"": 0.55}",-inf,0.0028003195939189374,0.8707971119660334,0.45454545454545453,False,False,z_vol,0.0028640381648166887,0.0028003195939189374
real_n2_z_vol,"{""betas_2024"": {""AUDUSD/NZDUSD"": 0.7150032270701753, ""EURAUD/AUDUSD"": -0.31093367860651805}, ""entry"": 2.5, ""exit_z"": 0.3, ""nested"": ""opt2024_val2025"", ""pairs"": [""EURAUD/AUDUSD:w40"", ""AUDUSD/NZDUSD:w40""], ""risk_frac"": 0.01, ""sizing"": ""z_vol"", ""sleeve_budget"": 1.0}",-inf,0.005102639853347676,0.8724906949455552,0.45454545454545453,False,False,z_vol,0.005191092146462184,0.005102639853347676
real_n2_z_vol,"{""betas_2024"": {""AUDUSD/NZDUSD"": 0.7150032270701753, ""EURAUD/AUDUSD"": -0.31093367860651805}, ""entry"": 2.5, ""exit_z"": 0.5, ""nested"": ""opt2024_val2025"", ""pairs"": [""EURAUD/AUDUSD:w40"", ""AUDUSD/NZDUSD:w40""], ""risk_frac"": 0.005, ""sizing"": ""z_vol"", ""sleeve_budget"": 0.55}",-inf,0.00034906013615940146,0.7929220154403425,0.5,False,False,z_vol,0.001427731761983378,0.00034906013615940146
real_n2_z_vol,"{""betas_2024"": {""AUDUSD/NZDUSD"": 0.7150032270701753, ""EURAUD/AUDUSD"": -0.31093367860651805}, ""entry"": 2.5, ""exit_z"": 0.5, ""nested"": ""opt2024_val2025"", ""pairs"": [""EURAUD/AUDUSD:w40"", ""AUDUSD/NZDUSD:w40""], ""risk_frac"": 0.005, ""sizing"": ""z_vol"", ""sleeve_budget"": 1.0}",-inf,0.0006417704946348884,0.7934515973041709,0.5,False,False,z_vol,0.0025911031675303065,0.0006417704946348884
real_n2_z_vol,"{""betas_2024"": {""AUDUSD/NZDUSD"": 0.7150032270701753, ""EURAUD/AUDUSD"": -0.31093367860651805}, ""entry"": 2.5, ""exit_z"": 0.5, ""nested"": ""opt2024_val2025"", ""pairs"": [""EURAUD/AUDUSD:w40"", ""AUDUSD/NZDUSD:w40""], ""risk_frac"": 0.0075, ""sizing"": ""z_vol"", ""sleeve_budget"": 0.55}",-inf,0.0006570585227120285,0.8049146228083415,0.5,False,False,z_vol,0.0019697191634546144,0.0006570585227120285
real_n2_z_vol,"{""betas_2024"": {""AUDUSD/NZDUSD"": 0.7150032270701753, ""EURAUD/AUDUSD"": -0.31093367860651805}, ""entry"": 2.5, ""exit_z"": 0.5, ""nested"": ""opt2024_val2025"", ""pairs"": [""EURAUD/AUDUSD:w40"", ""AUDUSD/NZDUSD:w40""], ""risk_frac"": 0.0075, ""sizing"": ""z_vol"", ""sleeve_budget"": 1.0}",-inf,0.001210924283266246,0.8057985435474899,0.5,False,False,z_vol,0.0035758122427262144,0.001210924283266246
real_n2_z_vol,"{""betas_2024"": {""AUDUSD/NZDUSD"": 0.7150032270701753, ""EURAUD/AUDUSD"": -0.31093367860651805}, ""entry"": 2.5, ""exit_z"": 0.5, ""nested"": ""opt2024_val2025"", ""pairs"": [""EURAUD/AUDUSD:w40"", ""AUDUSD/NZDUSD:w40""], ""risk_frac"": 0.01, ""sizing"": ""z_vol"", ""sleeve_budget"": 0.55}",-inf,0.0012650506136518275,0.8197995660237724,0.5,False,False,z_vol,0.002388177284698342,0.0012650506136518275
real_n2_z_vol,"{""betas_2024"": {""AUDUSD/NZDUSD"": 0.7150032270701753, ""EURAUD/AUDUSD"": -0.31093367860651805}, ""entry"": 2.5, ""exit_z"": 0.5, ""nested"": ""opt2024_val2025"", ""pairs"": [""EURAUD/AUDUSD:w40"", ""AUDUSD/NZDUSD:w40""], ""risk_frac"": 0.01, ""sizing"": ""z_vol"", ""sleeve_budget"": 1.0}",-inf,0.0023259552102073283,0.8211850298472542,0.5,False,False,z_vol,0.004338048984824886,0.0023259552102073283
real_n2_z_vol,"{""betas_2024"": {""AUDUSD/NZDUSD"": 0.7150032270701753, ""EURAUD/AUDUSD"": -0.31093367860651805}, ""entry"": 1.5, ""exit_z"": 0.2, ""nested"": ""opt2024_val2025"", ""pairs"": [""EURAUD/AUDUSD:w60"", ""AUDUSD/NZDUSD:w60""], ""risk_frac"": 0.005, ""sizing"": ""z_vol"", ""sleeve_budget"": 0.55}",-inf,-0.00020419829242623866,0.8904133510329028,0.5454545454545454,False,False,z_vol,0.0017767102320044303,-0.00020419829242623866
real_n2_z_vol,"{""betas_2024"": {""AUDUSD/NZDUSD"": 0.7150032270701753, ""EURAUD/AUDUSD"": -0.31093367860651805}, ""entry"": 1.5, ""exit_z"": 0.2, ""nested"": ""opt2024_val2025"", ""pairs"": [""EURAUD/AUDUSD:w60"", ""AUDUSD/NZDUSD:w60""], ""risk_frac"": 0.005, ""sizing"": ""z_vol"", ""sleeve_budget"": 1.0}",-inf,-0.00035757127323612914,0.8902544379505556,0.5454545454545454,False,False,z_vol,0.0032159322938060926,-0.00035757127323612914
real_n2_z_vol,"{""betas_2024"": {""AUDUSD/NZDUSD"": 0.7150032270701753, ""EURAUD/AUDUSD"": -0.31093367860651805}, ""entry"": 1.5, ""exit_z"": 0.2, ""nested"": ""opt2024_val2025"", ""pairs"": [""EURAUD/AUDUSD:w60"", ""AUDUSD/NZDUSD:w60""], ""risk_frac"": 0.0075, ""sizing"": ""z_vol"", ""sleeve_budget"": 0.55}",-inf,0.00031198357954329015,0.9013368461394871,0.5454545454545454,False,False,z_vol,0.002352176645972567,0.00031198357954329015
real_n2_z_vol,"{""betas_2024"": {""AUDUSD/NZDUSD"": 0.7150032270701753, ""EURAUD/AUDUSD"": -0.31093367860651805}, ""entry"": 1.5, ""exit_z"": 0.2, ""nested"": ""opt2024_val2025"", ""pairs"": [""EURAUD/AUDUSD:w60"", ""AUDUSD/NZDUSD:w60""], ""risk_frac"": 0.0075, ""sizing"": ""z_vol"", ""sleeve_budget"": 1.0}",-inf,0.0005997354460382937,0.9022053870462347,0.5454545454545454,False,False,z_vol,0.004260125880884303,0.0005997354460382937
real_n2_z_vol,"{""betas_2024"": {""AUDUSD/NZDUSD"": 0.7150032270701753, ""EURAUD/AUDUSD"": -0.31093367860651805}, ""entry"": 1.5, ""exit_z"": 0.2, ""nested"": ""opt2024_val2025"", ""pairs"": [""EURAUD/AUDUSD:w60"", ""AUDUSD/NZDUSD:w60""], ""risk_frac"": 0.01, ""sizing"": ""z_vol"", ""sleeve_budget"": 0.55}",-inf,0.00042511434982230034,0.8979570556076204,0.5454545454545454,False,False,z_vol,0.0032374362314363425,0.00042511434982230034
real_n2_z_vol,"{""betas_2024"": {""AUDUSD/NZDUSD"": 0.7150032270701753, ""EURAUD/AUDUSD"": -0.31093367860651805}, ""entry"": 1.5, ""exit_z"": 0.2, ""nested"": ""opt2024_val2025"", ""pairs"": [""EURAUD/AUDUSD:w60"", ""AUDUSD/NZDUSD:w60""], ""risk_frac"": 0.01, ""sizing"": ""z_vol"", ""sleeve_budget"": 1.0}",-inf,0.0008261244947884161,0.8991080033853494,0.5454545454545454,False,False,z_vol,0.005847210674720312,0.0008261244947884161
real_n2_z_vol,"{""betas_2024"": {""AUDUSD/NZDUSD"": 0.7150032270701753, ""EURAUD/AUDUSD"": -0.31093367860651805}, ""entry"": 1.5, ""exit_z"": 0.3, ""nested"": ""opt2024_val2025"", ""pairs"": [""EURAUD/AUDUSD:w60"", ""AUDUSD/NZDUSD:w60""], ""risk_frac"": 0.005, ""sizing"": ""z_vol"", ""sleeve_budget"": 0.55}",-inf,0.00023851481762909854,0.8904133510329028,0.625,False,False,z_vol,0.001536510878875085,0.00023851481762909854
real_n2_z_vol,"{""betas_2024"": {""AUDUSD/NZDUSD"": 0.7150032270701753, ""EURAUD/AUDUSD"": -0.31093367860651805}, ""entry"": 1.5, ""exit_z"": 0.3, ""nested"": ""opt2024_val2025"", ""pairs"": [""EURAUD/AUDUSD:w60"", ""AUDUSD/NZDUSD:w60""], ""risk_frac"": 0.005, ""sizing"": ""z_vol"", ""sleeve_budget"": 1.0}",-inf,0.00044538091874955776,0.8902544379505556,0.625,False,False,z_vol,0.0027821579688369017,0.00044538091874955776
real_n2_z_vol,"{""betas_2024"": {""AUDUSD/NZDUSD"": 0.7150032270701753, ""EURAUD/AUDUSD"": -0.31093367860651805}, ""entry"": 1.5, ""exit_z"": 0.3, ""nested"": ""opt2024_val2025"", ""pairs"": [""EURAUD/AUDUSD:w60"", ""AUDUSD/NZDUSD:w60""], ""risk_frac"": 0.0075, ""sizing"": ""z_vol"", ""sleeve_budget"": 0.55}",-inf,0.0009823124063794153,0.9013368461394871,0.625,False,False,z_vol,0.0019762002270401076,0.0009823124063794153
real_n2_z_vol,"{""betas_2024"": {""AUDUSD/NZDUSD"": 0.7150032270701753, ""EURAUD/AUDUSD"": -0.31093367860651805}, ""entry"": 1.5, ""exit_z"": 0.3, ""nested"": ""opt2024_val2025"", ""pairs"": [""EURAUD/AUDUSD:w60"", ""AUDUSD/NZDUSD:w60""], ""risk_frac"": 0.0075, ""sizing"": ""z_vol"", ""sleeve_budget"": 1.0}",-inf,0.001809180755581813,0.9022053870462347,0.625,False,False,z_vol,0.003580010792397589,0.001809180755581813
real_n2_z_vol,"{""betas_2024"": {""AUDUSD/NZDUSD"": 0.7150032270701753, ""EURAUD/AUDUSD"": -0.31093367860651805}, ""entry"": 1.5, ""exit_z"": 0.3, ""nested"": ""opt2024_val2025"", ""pairs"": [""EURAUD/AUDUSD:w60"", ""AUDUSD/NZDUSD:w60""], ""risk_frac"": 0.01, ""sizing"": ""z_vol"", ""sleeve_budget"": 0.55}",-inf,0.0013196574138043815,0.8979570556076204,0.625,False,False,z_vol,0.0027988368061361898,0.0013196574138043815
real_n2_z_vol,"{""betas_2024"": {""AUDUSD/NZDUSD"": 0.7150032270701753, ""EURAUD/AUDUSD"": -0.31093367860651805}, ""entry"": 1.5, ""exit_z"": 0.3, ""nested"": ""opt2024_val2025"", ""pairs"": [""EURAUD/AUDUSD:w60"", ""AUDUSD/NZDUSD:w60""], ""risk_frac"": 0.01, ""sizing"": ""z_vol"", ""sleeve_budget"": 1.0}",-inf,0.0024359249286999424,0.8991080033853494,0.625,False,False,z_vol,0.005053742253782109,0.0024359249286999424
real_n2_z_vol,"{""betas_2024"": {""AUDUSD/NZDUSD"": 0.7150032270701753, ""EURAUD/AUDUSD"": -0.31093367860651805}, ""entry"": 1.5, ""exit_z"": 0.5, ""nested"": ""opt2024_val2025"", ""pairs"": [""EURAUD/AUDUSD:w60"", ""AUDUSD/NZDUSD:w60""], ""risk_frac"": 0.005, ""sizing"": ""z_vol"", ""sleeve_budget"": 0.55}",-inf,0.000637678300479963,0.9224481620547489,0.625,False,False,z_vol,0.0006977031918082451,0.000637678300479963
real_n2_z_vol,"{""betas_2024"": {""AUDUSD/NZDUSD"": 0.7150032270701753, ""EURAUD/AUDUSD"": -0.31093367860651805}, ""entry"": 1.5, ""exit_z"": 0.5, ""nested"": ""opt2024_val2025"", ""pairs"": [""EURAUD/AUDUSD:w60"", ""AUDUSD/NZDUSD:w60""], ""risk_frac"": 0.005, ""sizing"": ""z_vol"", ""sleeve_budget"": 1.0}",-inf,0.0011725432198694818,0.9225960100520645,0.625,False,False,z_vol,0.0012736931745952575,0.0011725432198694818
real_n2_z_vol,"{""betas_2024"": {""AUDUSD/NZDUSD"": 0.7150032270701753, ""EURAUD/AUDUSD"": -0.31093367860651805}, ""entry"": 1.5, ""exit_z"": 0.5, ""nested"": ""opt2024_val2025"", ""pairs"": [""EURAUD/AUDUSD:w60"", ""AUDUSD/NZDUSD:w60""], ""risk_frac"": 0.0075, ""sizing"": ""z_vol"", ""sleeve_budget"": 0.55}",-inf,0.0007282566449076807,0.9642136174906529,0.5454545454545454,False,False,z_vol,0.0007282566449076807,0.001637893040878996
real_n2_z_vol,"{""betas_2024"": {""AUDUSD/NZDUSD"": 0.7150032270701753, ""EURAUD/AUDUSD"": -0.31093367860651805}, ""entry"": 1.5, ""exit_z"": 0.5, ""nested"": ""opt2024_val2025"", ""pairs"": [""EURAUD/AUDUSD:w60"", ""AUDUSD/NZDUSD:w60""], ""risk_frac"": 0.0075, ""sizing"": ""z_vol"", ""sleeve_budget"": 1.0}",-inf,0.001341091971909196,0.9642065128498564,0.5454545454545454,False,False,z_vol,0.001341091971909196,0.0029971953887519692
real_n2_z_vol,"{""betas_2024"": {""AUDUSD/NZDUSD"": 0.7150032270701753, ""EURAUD/AUDUSD"": -0.31093367860651805}, ""entry"": 1.5, ""exit_z"": 0.5, ""nested"": ""opt2024_val2025"", ""pairs"": [""EURAUD/AUDUSD:w60"", ""AUDUSD/NZDUSD:w60""], ""risk_frac"": 0.01, ""sizing"": ""z_vol"", ""sleeve_budget"": 0.55}",-inf,0.0010808924074063358,0.9614057052445667,0.5454545454545454,False,False,z_vol,0.0010808924074063358,0.002180144009521656
real_n2_z_vol,"{""betas_2024"": {""AUDUSD/NZDUSD"": 0.7150032270701753, ""EURAUD/AUDUSD"": -0.31093367860651805}, ""entry"": 1.5, ""exit_z"": 0.5, ""nested"": ""opt2024_val2025"", ""pairs"": [""EURAUD/AUDUSD:w60"", ""AUDUSD/NZDUSD:w60""], ""risk_frac"": 0.01, ""sizing"": ""z_vol"", ""sleeve_budget"": 1.0}",-inf,0.001986620322395534,0.9613867340644188,0.5454545454545454,False,False,z_vol,0.001986620322395534,0.003991883378574604
real_n2_z_vol,"{""betas_2024"": {""AUDUSD/NZDUSD"": 0.7150032270701753, ""EURAUD/AUDUSD"": -0.31093367860651805}, ""entry"": 1.75, ""exit_z"": 0.2, ""nested"": ""opt2024_val2025"", ""pairs"": [""EURAUD/AUDUSD:w60"", ""AUDUSD/NZDUSD:w60""], ""risk_frac"": 0.005, ""sizing"": ""z_vol"", ""sleeve_budget"": 0.55}",-inf,-0.00034797266620201217,0.9188000417529413,0.5,False,False,z_vol,0.0022685841071484647,-0.00034797266620201217
real_n2_z_vol,"{""betas_2024"": {""AUDUSD/NZDUSD"": 0.7150032270701753, ""EURAUD/AUDUSD"": -0.31093367860651805}, ""entry"": 1.75, ""exit_z"": 0.2, ""nested"": ""opt2024_val2025"", ""pairs"": [""EURAUD/AUDUSD:w60"", ""AUDUSD/NZDUSD:w60""], ""risk_frac"": 0.005, ""sizing"": ""z_vol"", ""sleeve_budget"": 1.0}",-inf,-0.0006220108712727962,0.9186588992295937,0.5,False,False,z_vol,0.004107575519422505,-0.0006220108712727962
real_n2_z_vol,"{""betas_2024"": {""AUDUSD/NZDUSD"": 0.7150032270701753, ""EURAUD/AUDUSD"": -0.31093367860651805}, ""entry"": 1.75, ""exit_z"": 0.2, ""nested"": ""opt2024_val2025"", ""pairs"": [""EURAUD/AUDUSD:w60"", ""AUDUSD/NZDUSD:w60""], ""risk_frac"": 0.0075, ""sizing"": ""z_vol"", ""sleeve_budget"": 0.55}",-inf,-5.411992241992347e-05,0.8972274091304886,0.5,False,False,z_vol,0.003145069115629698,-5.411992241992347e-05
real_n2_z_vol,"{""betas_2024"": {""AUDUSD/NZDUSD"": 0.7150032270701753, ""EURAUD/AUDUSD"": -0.31093367860651805}, ""entry"": 1.75, ""exit_z"": 0.2, ""nested"": ""opt2024_val2025"", ""pairs"": [""EURAUD/AUDUSD:w60"", ""AUDUSD/NZDUSD:w60""], ""risk_frac"": 0.0075, ""sizing"": ""z_vol"", ""sleeve_budget"": 1.0}",-inf,-7.024823387137558e-05,0.8979647442718128,0.5,False,False,z_vol,0.005695581339433779,-7.024823387137558e-05
real_n2_z_vol,"{""betas_2024"": {""AUDUSD/NZDUSD"": 0.7150032270701753, ""EURAUD/AUDUSD"": -0.31093367860651805}, ""entry"": 1.75, ""exit_z"": 0.2, ""nested"": ""opt2024_val2025"", ""pairs"": [""EURAUD/AUDUSD:w60"", ""AUDUSD/NZDUSD:w60""], ""risk_frac"": 0.01, ""sizing"": ""z_vol"", ""sleeve_budget"": 0.55}",-inf,0.00019793547350752116,0.8982291980804851,0.5,False,False,z_vol,0.0042288161212219455,0.00019793547350752116
real_n2_z_vol,"{""betas_2024"": {""AUDUSD/NZDUSD"": 0.7150032270701753, ""EURAUD/AUDUSD"": -0.31093367860651805}, ""entry"": 1.75, ""exit_z"": 0.2, ""nested"": ""opt2024_val2025"", ""pairs"": [""EURAUD/AUDUSD:w60"", ""AUDUSD/NZDUSD:w60""], ""risk_frac"": 0.01, ""sizing"": ""z_vol"", ""sleeve_budget"": 1.0}",-inf,0.00040746675652884867,0.8992644454428914,0.5,False,False,z_vol,0.007640325121451408,0.00040746675652884867
real_n2_z_vol,"{""betas_2024"": {""AUDUSD/NZDUSD"": 0.7150032270701753, ""EURAUD/AUDUSD"": -0.31093367860651805}, ""entry"": 1.75, ""exit_z"": 0.3, ""nested"": ""opt2024_val2025"", ""pairs"": [""EURAUD/AUDUSD:w60"", ""AUDUSD/NZDUSD:w60""], ""risk_frac"": 0.005, ""sizing"": ""z_vol"", ""sleeve_budget"": 0.55}",-inf,9.657631875316375e-05,0.9188000417529413,0.5,False,False,z_vol,0.0015546458666623186,9.657631875316375e-05
real_n2_z_vol,"{""betas_2024"": {""AUDUSD/NZDUSD"": 0.7150032270701753, ""EURAUD/AUDUSD"": -0.31093367860651805}, ""entry"": 1.75, ""exit_z"": 0.3, ""nested"": ""opt2024_val2025"", ""pairs"": [""EURAUD/AUDUSD:w60"", ""AUDUSD/NZDUSD:w60""], ""risk_frac"": 0.005, ""sizing"": ""z_vol"", ""sleeve_budget"": 1.0}",-inf,0.00018491600369316408,0.9186588992295937,0.5,False,False,z_vol,0.002820282125569638,0.00018491600369316408
real_n2_z_vol,"{""betas_2024"": {""AUDUSD/NZDUSD"": 0.7150032270701753, ""EURAUD/AUDUSD"": -0.31093367860651805}, ""entry"": 1.75, ""exit_z"": 0.3, ""nested"": ""opt2024_val2025"", ""pairs"": [""EURAUD/AUDUSD:w60"", ""AUDUSD/NZDUSD:w60""], ""risk_frac"": 0.0075, ""sizing"": ""z_vol"", ""sleeve_budget"": 0.55}",-inf,0.0006133219292238368,0.8972274091304886,0.5,False,False,z_vol,0.002069997434662387,0.0006133219292238368
real_n2_z_vol,"{""betas_2024"": {""AUDUSD/NZDUSD"": 0.7150032270701753, ""EURAUD/AUDUSD"": -0.31093367860651805}, ""entry"": 1.75, ""exit_z"": 0.3, ""nested"": ""opt2024_val2025"", ""pairs"": [""EURAUD/AUDUSD:w60"", ""AUDUSD/NZDUSD:w60""], ""risk_frac"": 0.0075, ""sizing"": ""z_vol"", ""sleeve_budget"": 1.0}",-inf,0.0011366124157043134,0.8979647442718128,0.5,False,False,z_vol,0.0037591686085928122,0.0011366124157043134
real_n2_z_vol,"{""betas_2024"": {""AUDUSD/NZDUSD"": 0.7150032270701753, ""EURAUD/AUDUSD"": -0.31093367860651805}, ""entry"": 1.75, ""exit_z"": 0.3, ""nested"": ""opt2024_val2025"", ""pairs"": [""EURAUD/AUDUSD:w60"", ""AUDUSD/NZDUSD:w60""], ""risk_frac"": 0.01, ""sizing"": ""z_vol"", ""sleeve_budget"": 0.55}",-inf,0.001099557627938355,0.8982291980804851,0.5,False,False,z_vol,0.0028749699629783436,0.001099557627938355
real_n2_z_vol,"{""betas_2024"": {""AUDUSD/NZDUSD"": 0.7150032270701753, ""EURAUD/AUDUSD"": -0.31093367860651805}, ""entry"": 1.75, ""exit_z"": 0.3, ""nested"": ""opt2024_val2025"", ""pairs"": [""EURAUD/AUDUSD:w60"", ""AUDUSD/NZDUSD:w60""], ""risk_frac"": 0.01, ""sizing"": ""z_vol"", ""sleeve_budget"": 1.0}",-inf,0.0020319352871452506,0.8992644454428914,0.5,False,False,z_vol,0.005210426569576467,0.0020319352871452506
real_n2_z_vol,"{""betas_2024"": {""AUDUSD/NZDUSD"": 0.7150032270701753, ""EURAUD/AUDUSD"": -0.31093367860651805}, ""entry"": 1.75, ""exit_z"": 0.5, ""nested"": ""opt2024_val2025"", ""pairs"": [""EURAUD/AUDUSD:w60"", ""AUDUSD/NZDUSD:w60""], ""risk_frac"": 0.005, ""sizing"": ""z_vol"", ""sleeve_budget"": 0.55}",-inf,0.0003842623900235098,0.9208977270832218,0.5,False,False,z_vol,0.0008192003610388652,0.0003842623900235098
real_n2_z_vol,"{""betas_2024"": {""AUDUSD/NZDUSD"": 0.7150032270701753, ""EURAUD/AUDUSD"": -0.31093367860651805}, ""entry"": 1.75, ""exit_z"": 0.5, ""nested"": ""opt2024_val2025"", ""pairs"": [""EURAUD/AUDUSD:w60"", ""AUDUSD/NZDUSD:w60""], ""risk_frac"": 0.005, ""sizing"": ""z_vol"", ""sleeve_budget"": 1.0}",-inf,0.0007099316400113048,0.9207262145987041,0.5,False,False,z_vol,0.0014953293664875119,0.0007099316400113048
real_n2_z_vol,"{""betas_2024"": {""AUDUSD/NZDUSD"": 0.7150032270701753, ""EURAUD/AUDUSD"": -0.31093367860651805}, ""entry"": 1.75, ""exit_z"": 0.5, ""nested"": ""opt2024_val2025"", ""pairs"": [""EURAUD/AUDUSD:w60"", ""AUDUSD/NZDUSD:w60""], ""risk_frac"": 0.0075, ""sizing"": ""z_vol"", ""sleeve_budget"": 0.55}",-inf,0.0009581032552686123,0.8920357348727194,0.5,False,False,z_vol,0.0009581032552686123,0.0010249075356431325
real_n2_z_vol,"{""betas_2024"": {""AUDUSD/NZDUSD"": 0.7150032270701753, ""EURAUD/AUDUSD"": -0.31093367860651805}, ""entry"": 1.75, ""exit_z"": 0.5, ""nested"": ""opt2024_val2025"", ""pairs"": [""EURAUD/AUDUSD:w60"", ""AUDUSD/NZDUSD:w60""], ""risk_frac"": 0.0075, ""sizing"": ""z_vol"", ""sleeve_budget"": 1.0}",-inf,0.0017599915304553223,0.893035237784834,0.5,False,False,z_vol,0.0017599915304553223,0.0018860120670325248
real_n2_z_vol,"{""betas_2024"": {""AUDUSD/NZDUSD"": 0.7150032270701753, ""EURAUD/AUDUSD"": -0.31093367860651805}, ""entry"": 1.75, ""exit_z"": 0.5, ""nested"": ""opt2024_val2025"", ""pairs"": [""EURAUD/AUDUSD:w60"", ""AUDUSD/NZDUSD:w60""], ""risk_frac"": 0.01, ""sizing"": ""z_vol"", ""sleeve_budget"": 0.55}",-inf,0.001417844004979493,0.8932653263800422,0.5,False,False,z_vol,0.001417844004979493,0.0016393440885078964
real_n2_z_vol,"{""betas_2024"": {""AUDUSD/NZDUSD"": 0.7150032270701753, ""EURAUD/AUDUSD"": -0.31093367860651805}, ""entry"": 1.75, ""exit_z"": 0.5, ""nested"": ""opt2024_val2025"", ""pairs"": [""EURAUD/AUDUSD:w60"", ""AUDUSD/NZDUSD:w60""], ""risk_frac"": 0.01, ""sizing"": ""z_vol"", ""sleeve_budget"": 1.0}",-inf,0.0026005026155748127,0.894616356308752,0.5,False,False,z_vol,0.0026005026155748127,0.003011796627118646
real_n2_z_vol,"{""betas_2024"": {""AUDUSD/NZDUSD"": 0.7150032270701753, ""EURAUD/AUDUSD"": -0.31093367860651805}, ""entry"": 2.0, ""exit_z"": 0.2, ""nested"": ""opt2024_val2025"", ""pairs"": [""EURAUD/AUDUSD:w60"", ""AUDUSD/NZDUSD:w60""], ""risk_frac"": 0.005, ""sizing"": ""z_vol"", ""sleeve_budget"": 0.55}",-inf,0.00012080404484557383,0.8322456231467626,0.5,False,False,z_vol,0.0025512587366251353,0.00012080404484557383
real_n2_z_vol,"{""betas_2024"": {""AUDUSD/NZDUSD"": 0.7150032270701753, ""EURAUD/AUDUSD"": -0.31093367860651805}, ""entry"": 2.0, ""exit_z"": 0.2, ""nested"": ""opt2024_val2025"", ""pairs"": [""EURAUD/AUDUSD:w60"", ""AUDUSD/NZDUSD:w60""], ""risk_frac"": 0.005, ""sizing"": ""z_vol"", ""sleeve_budget"": 1.0}",-inf,0.00023197902890827182,0.8330201034892297,0.5,False,False,z_vol,0.004608751564070055,0.00023197902890827182
real_n2_z_vol,"{""betas_2024"": {""AUDUSD/NZDUSD"": 0.7150032270701753, ""EURAUD/AUDUSD"": -0.31093367860651805}, ""entry"": 2.0, ""exit_z"": 0.2, ""nested"": ""opt2024_val2025"", ""pairs"": [""EURAUD/AUDUSD:w60"", ""AUDUSD/NZDUSD:w60""], ""risk_frac"": 0.0075, ""sizing"": ""z_vol"", ""sleeve_budget"": 0.55}",-inf,0.0004854956551986339,0.8441422251524797,0.5,False,False,z_vol,0.0036799933492339173,0.0004854956551986339
real_n2_z_vol,"{""betas_2024"": {""AUDUSD/NZDUSD"": 0.7150032270701753, ""EURAUD/AUDUSD"": -0.31093367860651805}, ""entry"": 2.0, ""exit_z"": 0.2, ""nested"": ""opt2024_val2025"", ""pairs"": [""EURAUD/AUDUSD:w60"", ""AUDUSD/NZDUSD:w60""], ""risk_frac"": 0.0075, ""sizing"": ""z_vol"", ""sleeve_budget"": 1.0}",-inf,0.0009128474057294306,0.8454354667935727,0.5,False,False,z_vol,0.006633876730668287,0.0009128474057294306
real_n2_z_vol,"{""betas_2024"": {""AUDUSD/NZDUSD"": 0.7150032270701753, ""EURAUD/AUDUSD"": -0.31093367860651805}, ""entry"": 2.0, ""exit_z"": 0.2, ""nested"": ""opt2024_val2025"", ""pairs"": [""EURAUD/AUDUSD:w60"", ""AUDUSD/NZDUSD:w60""], ""risk_frac"": 0.01, ""sizing"": ""z_vol"", ""sleeve_budget"": 0.55}",-inf,0.0008407481597721422,0.8467025711077979,0.5,False,False,z_vol,0.004723725046368906,0.0008407481597721422
real_n2_z_vol,"{""betas_2024"": {""AUDUSD/NZDUSD"": 0.7150032270701753, ""EURAUD/AUDUSD"": -0.31093367860651805}, ""entry"": 2.0, ""exit_z"": 0.2, ""nested"": ""opt2024_val2025"", ""pairs"": [""EURAUD/AUDUSD:w60"", ""AUDUSD/NZDUSD:w60""], ""risk_frac"": 0.01, ""sizing"": ""z_vol"", ""sleeve_budget"": 1.0}",-inf,0.0015776626664774918,0.8484453773215189,0.5,False,False,z_vol,0.008498333036672428,0.0015776626664774918
real_n2_z_vol,"{""betas_2024"": {""AUDUSD/NZDUSD"": 0.7150032270701753, ""EURAUD/AUDUSD"": -0.31093367860651805}, ""entry"": 2.0, ""exit_z"": 0.3, ""nested"": ""opt2024_val2025"", ""pairs"": [""EURAUD/AUDUSD:w60"", ""AUDUSD/NZDUSD:w60""], ""risk_frac"": 0.005, ""sizing"": ""z_vol"", ""sleeve_budget"": 0.55}",-inf,0.000643747775832898,0.8322456231467626,0.5,False,False,z_vol,0.0018013818052201793,0.000643747775832898
real_n2_z_vol,"{""betas_2024"": {""AUDUSD/NZDUSD"": 0.7150032270701753, ""EURAUD/AUDUSD"": -0.31093367860651805}, ""entry"": 2.0, ""exit_z"": 0.3, ""nested"": ""opt2024_val2025"", ""pairs"": [""EURAUD/AUDUSD:w60"", ""AUDUSD/NZDUSD:w60""], ""risk_frac"": 0.005, ""sizing"": ""z_vol"", ""sleeve_budget"": 1.0}",-inf,0.0011783903541819352,0.8330201034892297,0.5,False,False,z_vol,0.003262396763845654,0.0011783903541819352
real_n2_z_vol,"{""betas_2024"": {""AUDUSD/NZDUSD"": 0.7150032270701753, ""EURAUD/AUDUSD"": -0.31093367860651805}, ""entry"": 2.0, ""exit_z"": 0.3, ""nested"": ""opt2024_val2025"", ""pairs"": [""EURAUD/AUDUSD:w60"", ""AUDUSD/NZDUSD:w60""], ""risk_frac"": 0.0075, ""sizing"": ""z_vol"", ""sleeve_budget"": 0.55}",-inf,0.0012784755956285893,0.8441422251524797,0.5,False,False,z_vol,0.002521602355895905,0.0012784755956285893
real_n2_z_vol,"{""betas_2024"": {""AUDUSD/NZDUSD"": 0.7150032270701753, ""EURAUD/AUDUSD"": -0.31093367860651805}, ""entry"": 2.0, ""exit_z"": 0.3, ""nested"": ""opt2024_val2025"", ""pairs"": [""EURAUD/AUDUSD:w60"", ""AUDUSD/NZDUSD:w60""], ""risk_frac"": 0.0075, ""sizing"": ""z_vol"", ""sleeve_budget"": 1.0}",-inf,0.002341863495466237,0.8454354667935727,0.5,False,False,z_vol,0.004563128070684829,0.002341863495466237
real_n2_z_vol,"{""betas_2024"": {""AUDUSD/NZDUSD"": 0.7150032270701753, ""EURAUD/AUDUSD"": -0.31093367860651805}, ""entry"": 2.0, ""exit_z"": 0.3, ""nested"": ""opt2024_val2025"", ""pairs"": [""EURAUD/AUDUSD:w60"", ""AUDUSD/NZDUSD:w60""], ""risk_frac"": 0.01, ""sizing"": ""z_vol"", ""sleeve_budget"": 0.55}",-inf,0.0018982292703872694,0.8467025711077979,0.5,False,False,z_vol,0.00323252229528239,0.0018982292703872694
real_n2_z_vol,"{""betas_2024"": {""AUDUSD/NZDUSD"": 0.7150032270701753, ""EURAUD/AUDUSD"": -0.31093367860651805}, ""entry"": 2.0, ""exit_z"": 0.3, ""nested"": ""opt2024_val2025"", ""pairs"": [""EURAUD/AUDUSD:w60"", ""AUDUSD/NZDUSD:w60""], ""risk_frac"": 0.01, ""sizing"": ""z_vol"", ""sleeve_budget"": 1.0}",-inf,0.003475490216702848,0.8484453773215189,0.5,False,False,z_vol,0.005843619104142398,0.003475490216702848
real_n2_z_vol,"{""betas_2024"": {""AUDUSD/NZDUSD"": 0.7150032270701753, ""EURAUD/AUDUSD"": -0.31093367860651805}, ""entry"": 2.0, ""exit_z"": 0.5, ""nested"": ""opt2024_val2025"", ""pairs"": [""EURAUD/AUDUSD:w60"", ""AUDUSD/NZDUSD:w60""], ""risk_frac"": 0.005, ""sizing"": ""z_vol"", ""sleeve_budget"": 0.55}",-inf,0.0009188266695235314,0.8775268596128482,0.5,False,False,z_vol,0.0010934750635188774,0.0009188266695235314
real_n2_z_vol,"{""betas_2024"": {""AUDUSD/NZDUSD"": 0.7150032270701753, ""EURAUD/AUDUSD"": -0.31093367860651805}, ""entry"": 2.0, ""exit_z"": 0.5, ""nested"": ""opt2024_val2025"", ""pairs"": [""EURAUD/AUDUSD:w60"", ""AUDUSD/NZDUSD:w60""], ""risk_frac"": 0.005, ""sizing"": ""z_vol"", ""sleeve_budget"": 1.0}",-inf,0.0016780495451915317,0.8775747694203716,0.5,False,False,z_vol,0.0019896401806591387,0.0016780495451915317
real_n2_z_vol,"{""betas_2024"": {""AUDUSD/NZDUSD"": 0.7150032270701753, ""EURAUD/AUDUSD"": -0.31093367860651805}, ""entry"": 2.0, ""exit_z"": 0.5, ""nested"": ""opt2024_val2025"", ""pairs"": [""EURAUD/AUDUSD:w60"", ""AUDUSD/NZDUSD:w60""], ""risk_frac"": 0.0075, ""sizing"": ""z_vol"", ""sleeve_budget"": 0.55}",-inf,0.0014482456470700032,0.8863646102034897,0.5,False,False,z_vol,0.0014482456470700032,0.0016643034106521848
real_n2_z_vol,"{""betas_2024"": {""AUDUSD/NZDUSD"": 0.7150032270701753, ""EURAUD/AUDUSD"": -0.31093367860651805}, ""entry"": 2.0, ""exit_z"": 0.5, ""nested"": ""opt2024_val2025"", ""pairs"": [""EURAUD/AUDUSD:w60"", ""AUDUSD/NZDUSD:w60""], ""risk_frac"": 0.0075, ""sizing"": ""z_vol"", ""sleeve_budget"": 1.0}",-inf,0.0026404973257870934,0.8863630179516693,0.5,False,False,z_vol,0.0026404973257870934,0.003040357903658017
real_n2_z_vol,"{""betas_2024"": {""AUDUSD/NZDUSD"": 0.7150032270701753, ""EURAUD/AUDUSD"": -0.31093367860651805}, ""entry"": 2.0, ""exit_z"": 0.5, ""nested"": ""opt2024_val2025"", ""pairs"": [""EURAUD/AUDUSD:w60"", ""AUDUSD/NZDUSD:w60""], ""risk_frac"": 0.01, ""sizing"": ""z_vol"", ""sleeve_budget"": 0.55}",-inf,0.001797768987507639,0.8863352463818569,0.5,False,False,z_vol,0.001797768987507639,0.002420331973329151
real_n2_z_vol,"{""betas_2024"": {""AUDUSD/NZDUSD"": 0.7150032270701753, ""EURAUD/AUDUSD"": -0.31093367860651805}, ""entry"": 2.0, ""exit_z"": 0.5, ""nested"": ""opt2024_val2025"", ""pairs"": [""EURAUD/AUDUSD:w60"", ""AUDUSD/NZDUSD:w60""], ""risk_frac"": 0.01, ""sizing"": ""z_vol"", ""sleeve_budget"": 1.0}",-inf,0.003281908525724903,0.8862069312829738,0.5,False,False,z_vol,0.003281908525724903,0.0044166612766844
real_n2_z_vol,"{""betas_2024"": {""AUDUSD/NZDUSD"": 0.7150032270701753, ""EURAUD/AUDUSD"": -0.31093367860651805}, ""entry"": 2.25, ""exit_z"": 0.2, ""nested"": ""opt2024_val2025"", ""pairs"": [""EURAUD/AUDUSD:w60"", ""AUDUSD/NZDUSD:w60""], ""risk_frac"": 0.005, ""sizing"": ""z_vol"", ""sleeve_budget"": 0.55}",-inf,-0.0001347136161176099,0.9204547262418249,0.5,False,False,z_vol,0.002050065504593594,-0.0001347136161176099
real_n2_z_vol,"{""betas_2024"": {""AUDUSD/NZDUSD"": 0.7150032270701753, ""EURAUD/AUDUSD"": -0.31093367860651805}, ""entry"": 2.25, ""exit_z"": 0.2, ""nested"": ""opt2024_val2025"", ""pairs"": [""EURAUD/AUDUSD:w60"", ""AUDUSD/NZDUSD:w60""], ""risk_frac"": 0.005, ""sizing"": ""z_vol"", ""sleeve_budget"": 1.0}",-inf,-0.00023365089981597364,0.9205669296671459,0.5,False,False,z_vol,0.003715679501962408,-0.00023365089981597364
real_n2_z_vol,"{""betas_2024"": {""AUDUSD/NZDUSD"": 0.7150032270701753, ""EURAUD/AUDUSD"": -0.31093367860651805}, ""entry"": 2.25, ""exit_z"": 0.2, ""nested"": ""opt2024_val2025"", ""pairs"": [""EURAUD/AUDUSD:w60"", ""AUDUSD/NZDUSD:w60""], ""risk_frac"": 0.0075, ""sizing"": ""z_vol"", ""sleeve_budget"": 0.55}",-inf,7.88867430427248e-05,0.9294065662827147,0.5,False,False,z_vol,0.0029255309568735244,7.88867430427248e-05
real_n2_z_vol,"{""betas_2024"": {""AUDUSD/NZDUSD"": 0.7150032270701753, ""EURAUD/AUDUSD"": -0.31093367860651805}, ""entry"": 2.25, ""exit_z"": 0.2, ""nested"": ""opt2024_val2025"", ""pairs"": [""EURAUD/AUDUSD:w60"", ""AUDUSD/NZDUSD:w60""], ""risk_frac"": 0.0075, ""sizing"": ""z_vol"", ""sleeve_budget"": 1.0}",-inf,0.00017244748418507316,0.9295240165055951,0.5,False,False,z_vol,0.005300958345791514,0.00017244748418507316
real_n2_z_vol,"{""betas_2024"": {""AUDUSD/NZDUSD"": 0.7150032270701753, ""EURAUD/AUDUSD"": -0.31093367860651805}, ""entry"": 2.25, ""exit_z"": 0.2, ""nested"": ""opt2024_val2025"", ""pairs"": [""EURAUD/AUDUSD:w60"", ""AUDUSD/NZDUSD:w60""], ""risk_frac"": 0.01, ""sizing"": ""z_vol"", ""sleeve_budget"": 0.55}",-inf,0.00031141010068631847,0.9297884425920775,0.5,False,False,z_vol,0.003674476016226048,0.00031141010068631847
real_n2_z_vol,"{""betas_2024"": {""AUDUSD/NZDUSD"": 0.7150032270701753, ""EURAUD/AUDUSD"": -0.31093367860651805}, ""entry"": 2.25, ""exit_z"": 0.2, ""nested"": ""opt2024_val2025"", ""pairs"": [""EURAUD/AUDUSD:w60"", ""AUDUSD/NZDUSD:w60""], ""risk_frac"": 0.01, ""sizing"": ""z_vol"", ""sleeve_budget"": 1.0}",-inf,0.0006144938310814335,0.929867829293738,0.5,False,False,z_vol,0.006657197003242824,0.0006144938310814335
real_n2_z_vol,"{""betas_2024"": {""AUDUSD/NZDUSD"": 0.7150032270701753, ""EURAUD/AUDUSD"": -0.31093367860651805}, ""entry"": 2.25, ""exit_z"": 0.3, ""nested"": ""opt2024_val2025"", ""pairs"": [""EURAUD/AUDUSD:w60"", ""AUDUSD/NZDUSD:w60""], ""risk_frac"": 0.005, ""sizing"": ""z_vol"", ""sleeve_budget"": 0.55}",-inf,0.00036902461920615415,0.9204547262418249,0.5,False,False,z_vol,0.0012539588642607484,0.00036902461920615415
real_n2_z_vol,"{""betas_2024"": {""AUDUSD/NZDUSD"": 0.7150032270701753, ""EURAUD/AUDUSD"": -0.31093367860651805}, ""entry"": 2.25, ""exit_z"": 0.3, ""nested"": ""opt2024_val2025"", ""pairs"": [""EURAUD/AUDUSD:w60"", ""AUDUSD/NZDUSD:w60""], ""risk_frac"": 0.005, ""sizing"": ""z_vol"", ""sleeve_budget"": 1.0}",-inf,0.0006796943524976229,0.9205669296671459,0.5,False,False,z_vol,0.0022775593917902866,0.0006796943524976229
real_n2_z_vol,"{""betas_2024"": {""AUDUSD/NZDUSD"": 0.7150032270701753, ""EURAUD/AUDUSD"": -0.31093367860651805}, ""entry"": 2.25, ""exit_z"": 0.3, ""nested"": ""opt2024_val2025"", ""pairs"": [""EURAUD/AUDUSD:w60"", ""AUDUSD/NZDUSD:w60""], ""risk_frac"": 0.0075, ""sizing"": ""z_vol"", ""sleeve_budget"": 0.55}",-inf,0.0008380375771164378,0.9294065662827147,0.5,False,False,z_vol,0.0017112245784102905,0.0008380375771164378
real_n2_z_vol,"{""betas_2024"": {""AUDUSD/NZDUSD"": 0.7150032270701753, ""EURAUD/AUDUSD"": -0.31093367860651805}, ""entry"": 2.25, ""exit_z"": 0.3, ""nested"": ""opt2024_val2025"", ""pairs"": [""EURAUD/AUDUSD:w60"", ""AUDUSD/NZDUSD:w60""], ""risk_frac"": 0.0075, ""sizing"": ""z_vol"", ""sleeve_budget"": 1.0}",-inf,0.0015445107573191091,0.9295240165055951,0.5,False,False,z_vol,0.0031111663136536623,0.0015445107573191091
real_n2_z_vol,"{""betas_2024"": {""AUDUSD/NZDUSD"": 0.7150032270701753, ""EURAUD/AUDUSD"": -0.31093367860651805}, ""entry"": 2.25, ""exit_z"": 0.3, ""nested"": ""opt2024_val2025"", ""pairs"": [""EURAUD/AUDUSD:w60"", ""AUDUSD/NZDUSD:w60""], ""risk_frac"": 0.01, ""sizing"": ""z_vol"", ""sleeve_budget"": 0.55}",-inf,0.0013207446725289063,0.9297884425920775,0.5,False,False,z_vol,0.002138731218396553,0.0013207446725289063
real_n2_z_vol,"{""betas_2024"": {""AUDUSD/NZDUSD"": 0.7150032270701753, ""EURAUD/AUDUSD"": -0.31093367860651805}, ""entry"": 2.25, ""exit_z"": 0.3, ""nested"": ""opt2024_val2025"", ""pairs"": [""EURAUD/AUDUSD:w60"", ""AUDUSD/NZDUSD:w60""], ""risk_frac"": 0.01, ""sizing"": ""z_vol"", ""sleeve_budget"": 1.0}",-inf,0.0024328262795173528,0.929867829293738,0.5,False,False,z_vol,0.0038916369911058705,0.0024328262795173528
real_n2_z_vol,"{""betas_2024"": {""AUDUSD/NZDUSD"": 0.7150032270701753, ""EURAUD/AUDUSD"": -0.31093367860651805}, ""entry"": 2.25, ""exit_z"": 0.5, ""nested"": ""opt2024_val2025"", ""pairs"": [""EURAUD/AUDUSD:w60"", ""AUDUSD/NZDUSD:w60""], ""risk_frac"": 0.005, ""sizing"": ""z_vol"", ""sleeve_budget"": 0.55}",-inf,0.0005826992424744392,1.0,0.375,False,False,z_vol,0.0005826992424744392,0.0006579441751263793
real_n2_z_vol,"{""betas_2024"": {""AUDUSD/NZDUSD"": 0.7150032270701753, ""EURAUD/AUDUSD"": -0.31093367860651805}, ""entry"": 2.25, ""exit_z"": 0.5, ""nested"": ""opt2024_val2025"", ""pairs"": [""EURAUD/AUDUSD:w60"", ""AUDUSD/NZDUSD:w60""], ""risk_frac"": 0.005, ""sizing"": ""z_vol"", ""sleeve_budget"": 1.0}",-inf,0.0010651715963870116,1.0,0.375,False,False,z_vol,0.0010651715963870116,0.001205076746931072
real_n2_z_vol,"{""betas_2024"": {""AUDUSD/NZDUSD"": 0.7150032270701753, ""EURAUD/AUDUSD"": -0.31093367860651805}, ""entry"": 2.25, ""exit_z"": 0.5, ""nested"": ""opt2024_val2025"", ""pairs"": [""EURAUD/AUDUSD:w60"", ""AUDUSD/NZDUSD:w60""], ""risk_frac"": 0.0075, ""sizing"": ""z_vol"", ""sleeve_budget"": 0.55}",-inf,0.0006915021386874761,1.0,0.375,False,False,z_vol,0.0006915021386874761,0.001292451269332917
real_n2_z_vol,"{""betas_2024"": {""AUDUSD/NZDUSD"": 0.7150032270701753, ""EURAUD/AUDUSD"": -0.31093367860651805}, ""entry"": 2.25, ""exit_z"": 0.5, ""nested"": ""opt2024_val2025"", ""pairs"": [""EURAUD/AUDUSD:w60"", ""AUDUSD/NZDUSD:w60""], ""risk_frac"": 0.0075, ""sizing"": ""z_vol"", ""sleeve_budget"": 1.0}",-inf,0.0012722542793270493,1.0,0.375,False,False,z_vol,0.0012722542793270493,0.0023685702989948015
real_n2_z_vol,"{""betas_2024"": {""AUDUSD/NZDUSD"": 0.7150032270701753, ""EURAUD/AUDUSD"": -0.31093367860651805}, ""entry"": 2.25, ""exit_z"": 0.5, ""nested"": ""opt2024_val2025"", ""pairs"": [""EURAUD/AUDUSD:w60"", ""AUDUSD/NZDUSD:w60""], ""risk_frac"": 0.01, ""sizing"": ""z_vol"", ""sleeve_budget"": 0.55}",-inf,0.0007897774523365889,1.0,0.375,False,False,z_vol,0.0007897774523365889,0.0019103756350395407
real_n2_z_vol,"{""betas_2024"": {""AUDUSD/NZDUSD"": 0.7150032270701753, ""EURAUD/AUDUSD"": -0.31093367860651805}, ""entry"": 2.25, ""exit_z"": 0.5, ""nested"": ""opt2024_val2025"", ""pairs"": [""EURAUD/AUDUSD:w60"", ""AUDUSD/NZDUSD:w60""], ""risk_frac"": 0.01, ""sizing"": ""z_vol"", ""sleeve_budget"": 1.0}",-inf,0.0014615147703810236,1.0,0.375,False,False,z_vol,0.0014615147703810236,0.003498645039900744
real_n2_z_vol,"{""betas_2024"": {""AUDUSD/NZDUSD"": 0.7150032270701753, ""EURAUD/AUDUSD"": -0.31093367860651805}, ""entry"": 2.5, ""exit_z"": 0.2, ""nested"": ""opt2024_val2025"", ""pairs"": [""EURAUD/AUDUSD:w60"", ""AUDUSD/NZDUSD:w60""], ""risk_frac"": 0.005, ""sizing"": ""z_vol"", ""sleeve_budget"": 0.55}",-inf,-0.0001347136161176099,0.9204547262418249,0.5,False,False,z_vol,0.0015561893355626542,-0.0001347136161176099
real_n2_z_vol,"{""betas_2024"": {""AUDUSD/NZDUSD"": 0.7150032270701753, ""EURAUD/AUDUSD"": -0.31093367860651805}, ""entry"": 2.5, ""exit_z"": 0.2, ""nested"": ""opt2024_val2025"", ""pairs"": [""EURAUD/AUDUSD:w60"", ""AUDUSD/NZDUSD:w60""], ""risk_frac"": 0.005, ""sizing"": ""z_vol"", ""sleeve_budget"": 1.0}",-inf,-0.00023365089981597364,0.9205669296671459,0.5,False,False,z_vol,0.0028312481371944257,-0.00023365089981597364
real_n2_z_vol,"{""betas_2024"": {""AUDUSD/NZDUSD"": 0.7150032270701753, ""EURAUD/AUDUSD"": -0.31093367860651805}, ""entry"": 2.5, ""exit_z"": 0.2, ""nested"": ""opt2024_val2025"", ""pairs"": [""EURAUD/AUDUSD:w60"", ""AUDUSD/NZDUSD:w60""], ""risk_frac"": 0.0075, ""sizing"": ""z_vol"", ""sleeve_budget"": 0.55}",-inf,7.88867430427248e-05,0.9294065662827147,0.45454545454545453,False,False,z_vol,0.0021613195002409195,7.88867430427248e-05
real_n2_z_vol,"{""betas_2024"": {""AUDUSD/NZDUSD"": 0.7150032270701753, ""EURAUD/AUDUSD"": -0.31093367860651805}, ""entry"": 2.5, ""exit_z"": 0.2, ""nested"": ""opt2024_val2025"", ""pairs"": [""EURAUD/AUDUSD:w60"", ""AUDUSD/NZDUSD:w60""], ""risk_frac"": 0.0075, ""sizing"": ""z_vol"", ""sleeve_budget"": 1.0}",-inf,0.00017244748418507316,0.9295240165055951,0.45454545454545453,False,False,z_vol,0.003940538052336164,0.00017244748418507316
real_n2_z_vol,"{""betas_2024"": {""AUDUSD/NZDUSD"": 0.7150032270701753, ""EURAUD/AUDUSD"": -0.31093367860651805}, ""entry"": 2.5, ""exit_z"": 0.2, ""nested"": ""opt2024_val2025"", ""pairs"": [""EURAUD/AUDUSD:w60"", ""AUDUSD/NZDUSD:w60""], ""risk_frac"": 0.01, ""sizing"": ""z_vol"", ""sleeve_budget"": 0.55}",-inf,0.00031141010068631847,0.9297884425920775,0.45454545454545453,False,False,z_vol,0.002524198188699574,0.00031141010068631847
real_n2_z_vol,"{""betas_2024"": {""AUDUSD/NZDUSD"": 0.7150032270701753, ""EURAUD/AUDUSD"": -0.31093367860651805}, ""entry"": 2.5, ""exit_z"": 0.2, ""nested"": ""opt2024_val2025"", ""pairs"": [""EURAUD/AUDUSD:w60"", ""AUDUSD/NZDUSD:w60""], ""risk_frac"": 0.01, ""sizing"": ""z_vol"", ""sleeve_budget"": 1.0}",-inf,0.0006144938310814335,0.929867829293738,0.45454545454545453,False,False,z_vol,0.00461659152901755,0.0006144938310814335
real_n2_z_vol,"{""betas_2024"": {""AUDUSD/NZDUSD"": 0.7150032270701753, ""EURAUD/AUDUSD"": -0.31093367860651805}, ""entry"": 2.5, ""exit_z"": 0.3, ""nested"": ""opt2024_val2025"", ""pairs"": [""EURAUD/AUDUSD:w60"", ""AUDUSD/NZDUSD:w60""], ""risk_frac"": 0.005, ""sizing"": ""z_vol"", ""sleeve_budget"": 0.55}",-inf,0.0006422095755500151,0.9204547262418249,0.5,False,False,z_vol,0.0007393569796127032,0.0006422095755500151
real_n2_z_vol,"{""betas_2024"": {""AUDUSD/NZDUSD"": 0.7150032270701753, ""EURAUD/AUDUSD"": -0.31093367860651805}, ""entry"": 2.5, ""exit_z"": 0.3, ""nested"": ""opt2024_val2025"", ""pairs"": [""EURAUD/AUDUSD:w60"", ""AUDUSD/NZDUSD:w60""], ""risk_frac"": 0.005, ""sizing"": ""z_vol"", ""sleeve_budget"": 1.0}",-inf,0.001174457202760562,0.9205669296671459,0.5,False,False,z_vol,0.001349149558145983,0.001174457202760562
real_n2_z_vol,"{""betas_2024"": {""AUDUSD/NZDUSD"": 0.7150032270701753, ""EURAUD/AUDUSD"": -0.31093367860651805}, ""entry"": 2.5, ""exit_z"": 0.3, ""nested"": ""opt2024_val2025"", ""pairs"": [""EURAUD/AUDUSD:w60"", ""AUDUSD/NZDUSD:w60""], ""risk_frac"": 0.0075, ""sizing"": ""z_vol"", ""sleeve_budget"": 0.55}",-inf,0.0009332913759975137,0.9294065662827147,0.45454545454545453,False,False,z_vol,0.0009332913759975137,0.0012523805661958792
real_n2_z_vol,"{""betas_2024"": {""AUDUSD/NZDUSD"": 0.7150032270701753, ""EURAUD/AUDUSD"": -0.31093367860651805}, ""entry"": 2.5, ""exit_z"": 0.3, ""nested"": ""opt2024_val2025"", ""pairs"": [""EURAUD/AUDUSD:w60"", ""AUDUSD/NZDUSD:w60""], ""risk_frac"": 0.0075, ""sizing"": ""z_vol"", ""sleeve_budget"": 1.0}",-inf,0.001710806719953071,0.9295240165055951,0.45454545454545453,False,False,z_vol,0.001710806719953071,0.0022921035751345964
real_n2_z_vol,"{""betas_2024"": {""AUDUSD/NZDUSD"": 0.7150032270701753, ""EURAUD/AUDUSD"": -0.31093367860651805}, ""entry"": 2.5, ""exit_z"": 0.3, ""nested"": ""opt2024_val2025"", ""pairs"": [""EURAUD/AUDUSD:w60"", ""AUDUSD/NZDUSD:w60""], ""risk_frac"": 0.01, ""sizing"": ""z_vol"", ""sleeve_budget"": 0.55}",-inf,0.0009902690072282464,0.9297884425920775,0.45454545454545453,False,False,z_vol,0.0009902690072282464,0.0018765837491600962
real_n2_z_vol,"{""betas_2024"": {""AUDUSD/NZDUSD"": 0.7150032270701753, ""EURAUD/AUDUSD"": -0.31093367860651805}, ""entry"": 2.5, ""exit_z"": 0.3, ""nested"": ""opt2024_val2025"", ""pairs"": [""EURAUD/AUDUSD:w60"", ""AUDUSD/NZDUSD:w60""], ""risk_frac"": 0.01, ""sizing"": ""z_vol"", ""sleeve_budget"": 1.0}",-inf,0.0018262731771131872,0.929867829293738,0.45454545454545453,False,False,z_vol,0.0018262731771131872,0.0034319000533870325
real_n2_z_vol,"{""betas_2024"": {""AUDUSD/NZDUSD"": 0.7150032270701753, ""EURAUD/AUDUSD"": -0.31093367860651805}, ""entry"": 2.5, ""exit_z"": 0.5, ""nested"": ""opt2024_val2025"", ""pairs"": [""EURAUD/AUDUSD:w60"", ""AUDUSD/NZDUSD:w60""], ""risk_frac"": 0.005, ""sizing"": ""z_vol"", ""sleeve_budget"": 0.55}",-inf,0.0003584512940117362,1.0,0.375,False,False,z_vol,0.0003584512940117362,0.0009341976500178567
real_n2_z_vol,"{""betas_2024"": {""AUDUSD/NZDUSD"": 0.7150032270701753, ""EURAUD/AUDUSD"": -0.31093367860651805}, ""entry"": 2.5, ""exit_z"": 0.5, ""nested"": ""opt2024_val2025"", ""pairs"": [""EURAUD/AUDUSD:w60"", ""AUDUSD/NZDUSD:w60""], ""risk_frac"": 0.005, ""sizing"": ""z_vol"", ""sleeve_budget"": 1.0}",-inf,0.0006593665168332526,1.0,0.375,False,False,z_vol,0.0006593665168332526,0.001704052085970964
real_n2_z_vol,"{""betas_2024"": {""AUDUSD/NZDUSD"": 0.7150032270701753, ""EURAUD/AUDUSD"": -0.31093367860651805}, ""entry"": 2.5, ""exit_z"": 0.5, ""nested"": ""opt2024_val2025"", ""pairs"": [""EURAUD/AUDUSD:w60"", ""AUDUSD/NZDUSD:w60""], ""risk_frac"": 0.0075, ""sizing"": ""z_vol"", ""sleeve_budget"": 0.55}",-inf,0.0003561060397007906,1.0,0.36363636363636365,False,False,z_vol,0.0003561060397007906,0.0017063764618297506
real_n2_z_vol,"{""betas_2024"": {""AUDUSD/NZDUSD"": 0.7150032270701753, ""EURAUD/AUDUSD"": -0.31093367860651805}, ""entry"": 2.5, ""exit_z"": 0.5, ""nested"": ""opt2024_val2025"", ""pairs"": [""EURAUD/AUDUSD:w60"", ""AUDUSD/NZDUSD:w60""], ""risk_frac"": 0.0075, ""sizing"": ""z_vol"", ""sleeve_budget"": 1.0}",-inf,0.0006658891087422731,1.0,0.36363636363636365,False,False,z_vol,0.0006658891087422731,0.003112363162519838
real_n2_z_vol,"{""betas_2024"": {""AUDUSD/NZDUSD"": 0.7150032270701753, ""EURAUD/AUDUSD"": -0.31093367860651805}, ""entry"": 2.5, ""exit_z"": 0.5, ""nested"": ""opt2024_val2025"", ""pairs"": [""EURAUD/AUDUSD:w60"", ""AUDUSD/NZDUSD:w60""], ""risk_frac"": 0.01, ""sizing"": ""z_vol"", ""sleeve_budget"": 0.55}",-inf,0.00023029599592461203,1.0,0.36363636363636365,False,False,z_vol,0.00023029599592461203,0.0024641007341369703
real_n2_z_vol,"{""betas_2024"": {""AUDUSD/NZDUSD"": 0.7150032270701753, ""EURAUD/AUDUSD"": -0.31093367860651805}, ""entry"": 2.5, ""exit_z"": 0.5, ""nested"": ""opt2024_val2025"", ""pairs"": [""EURAUD/AUDUSD:w60"", ""AUDUSD/NZDUSD:w60""], ""risk_frac"": 0.01, ""sizing"": ""z_vol"", ""sleeve_budget"": 1.0}",-inf,0.00044927578543312914,1.0,0.36363636363636365,False,False,z_vol,0.00044927578543312914,0.004488681064949776
real_n3_z_vol,"{""betas_2024"": {""AUDUSD/NZDUSD"": 0.7150032270701753, ""EURAUD/AUDUSD"": -0.31093367860651805, ""GBPCAD/USDCAD"": 0.7854865692584787}, ""entry"": 1.5, ""exit_z"": 0.2, ""nested"": ""opt2024_val2025"", ""pairs"": [""EURAUD/AUDUSD:w40"", ""AUDUSD/NZDUSD:w40"", ""GBPCAD/USDCAD:w40""], ""risk_frac"": 0.005, ""sizing"": ""z_vol"", ""sleeve_budget"": 0.55}",-inf,-5.9329466947241616e-05,0.9462309647938992,0.5,False,False,z_vol,0.0012476224362322208,-5.9329466947241616e-05
real_n3_z_vol,"{""betas_2024"": {""AUDUSD/NZDUSD"": 0.7150032270701753, ""EURAUD/AUDUSD"": -0.31093367860651805, ""GBPCAD/USDCAD"": 0.7854865692584787}, ""entry"": 1.5, ""exit_z"": 0.2, ""nested"": ""opt2024_val2025"", ""pairs"": [""EURAUD/AUDUSD:w40"", ""AUDUSD/NZDUSD:w40"", ""GBPCAD/USDCAD:w40""], ""risk_frac"": 0.005, ""sizing"": ""z_vol"", ""sleeve_budget"": 1.0}",-inf,-9.817328060945929e-05,0.9461655535784607,0.5,False,False,z_vol,0.002258728290347153,-9.817328060945929e-05
real_n3_z_vol,"{""betas_2024"": {""AUDUSD/NZDUSD"": 0.7150032270701753, ""EURAUD/AUDUSD"": -0.31093367860651805, ""GBPCAD/USDCAD"": 0.7854865692584787}, ""entry"": 1.5, ""exit_z"": 0.2, ""nested"": ""opt2024_val2025"", ""pairs"": [""EURAUD/AUDUSD:w40"", ""AUDUSD/NZDUSD:w40"", ""GBPCAD/USDCAD:w40""], ""risk_frac"": 0.0075, ""sizing"": ""z_vol"", ""sleeve_budget"": 0.55}",-inf,0.00037767794332256577,0.9048495144769381,0.5454545454545454,False,False,z_vol,0.0018978409288242287,0.00037767794332256577
real_n3_z_vol,"{""betas_2024"": {""AUDUSD/NZDUSD"": 0.7150032270701753, ""EURAUD/AUDUSD"": -0.31093367860651805, ""GBPCAD/USDCAD"": 0.7854865692584787}, ""entry"": 1.5, ""exit_z"": 0.2, ""nested"": ""opt2024_val2025"", ""pairs"": [""EURAUD/AUDUSD:w40"", ""AUDUSD/NZDUSD:w40"", ""GBPCAD/USDCAD:w40""], ""risk_frac"": 0.0075, ""sizing"": ""z_vol"", ""sleeve_budget"": 1.0}",-inf,0.0007056879143388511,0.9048311809021141,0.5454545454545454,False,False,z_vol,0.0034274599350759623,0.0007056879143388511
real_n3_z_vol,"{""betas_2024"": {""AUDUSD/NZDUSD"": 0.7150032270701753, ""EURAUD/AUDUSD"": -0.31093367860651805, ""GBPCAD/USDCAD"": 0.7854865692584787}, ""entry"": 1.5, ""exit_z"": 0.2, ""nested"": ""opt2024_val2025"", ""pairs"": [""EURAUD/AUDUSD:w40"", ""AUDUSD/NZDUSD:w40"", ""GBPCAD/USDCAD:w40""], ""risk_frac"": 0.01, ""sizing"": ""z_vol"", ""sleeve_budget"": 0.55}",-inf,0.0006613779573904077,0.9121394980989934,0.625,False,False,z_vol,0.002419178774151411,0.0006613779573904077
real_n3_z_vol,"{""betas_2024"": {""AUDUSD/NZDUSD"": 0.7150032270701753, ""EURAUD/AUDUSD"": -0.31093367860651805, ""GBPCAD/USDCAD"": 0.7854865692584787}, ""entry"": 1.5, ""exit_z"": 0.2, ""nested"": ""opt2024_val2025"", ""pairs"": [""EURAUD/AUDUSD:w40"", ""AUDUSD/NZDUSD:w40"", ""GBPCAD/USDCAD:w40""], ""risk_frac"": 0.01, ""sizing"": ""z_vol"", ""sleeve_budget"": 1.0}",-inf,0.001231924107618354,0.9121811342893387,0.625,False,False,z_vol,0.004358220289713282,0.001231924107618354
real_n3_z_vol,"{""betas_2024"": {""AUDUSD/NZDUSD"": 0.7150032270701753, ""EURAUD/AUDUSD"": -0.31093367860651805, ""GBPCAD/USDCAD"": 0.7854865692584787}, ""entry"": 1.5, ""exit_z"": 0.3, ""nested"": ""opt2024_val2025"", ""pairs"": [""EURAUD/AUDUSD:w40"", ""AUDUSD/NZDUSD:w40"", ""GBPCAD/USDCAD:w40""], ""risk_frac"": 0.005, ""sizing"": ""z_vol"", ""sleeve_budget"": 0.55}",-inf,0.0007807731544906549,0.8621453937600649,0.5454545454545454,False,False,z_vol,0.001060851150410052,0.0007807731544906549
real_n3_z_vol,"{""betas_2024"": {""AUDUSD/NZDUSD"": 0.7150032270701753, ""EURAUD/AUDUSD"": -0.31093367860651805, ""GBPCAD/USDCAD"": 0.7854865692584787}, ""entry"": 1.5, ""exit_z"": 0.3, ""nested"": ""opt2024_val2025"", ""pairs"": [""EURAUD/AUDUSD:w40"", ""AUDUSD/NZDUSD:w40"", ""GBPCAD/USDCAD:w40""], ""risk_frac"": 0.005, ""sizing"": ""z_vol"", ""sleeve_budget"": 1.0}",-inf,0.0014250587482881188,0.8629955005271168,0.5454545454545454,False,False,z_vol,0.0019240225728357383,0.0014250587482881188
real_n3_z_vol,"{""betas_2024"": {""AUDUSD/NZDUSD"": 0.7150032270701753, ""EURAUD/AUDUSD"": -0.31093367860651805, ""GBPCAD/USDCAD"": 0.7854865692584787}, ""entry"": 1.5, ""exit_z"": 0.3, ""nested"": ""opt2024_val2025"", ""pairs"": [""EURAUD/AUDUSD:w40"", ""AUDUSD/NZDUSD:w40"", ""GBPCAD/USDCAD:w40""], ""risk_frac"": 0.0075, ""sizing"": ""z_vol"", ""sleeve_budget"": 0.55}",-inf,0.0016134920691723538,0.902303206452024,0.5454545454545454,False,False,z_vol,0.0016134920691723538,0.0016308639776044381
real_n3_z_vol,"{""betas_2024"": {""AUDUSD/NZDUSD"": 0.7150032270701753, ""EURAUD/AUDUSD"": -0.31093367860651805, ""GBPCAD/USDCAD"": 0.7854865692584787}, ""entry"": 1.5, ""exit_z"": 0.3, ""nested"": ""opt2024_val2025"", ""pairs"": [""EURAUD/AUDUSD:w40"", ""AUDUSD/NZDUSD:w40"", ""GBPCAD/USDCAD:w40""], ""risk_frac"": 0.0075, ""sizing"": ""z_vol"", ""sleeve_budget"": 1.0}",-inf,0.00292205272967713,0.9034173293694121,0.5454545454545454,False,False,z_vol,0.00292205272967713,0.0029704061637240986
real_n3_z_vol,"{""betas_2024"": {""AUDUSD/NZDUSD"": 0.7150032270701753, ""EURAUD/AUDUSD"": -0.31093367860651805, ""GBPCAD/USDCAD"": 0.7854865692584787}, ""entry"": 1.5, ""exit_z"": 0.3, ""nested"": ""opt2024_val2025"", ""pairs"": [""EURAUD/AUDUSD:w40"", ""AUDUSD/NZDUSD:w40"", ""GBPCAD/USDCAD:w40""], ""risk_frac"": 0.01, ""sizing"": ""z_vol"", ""sleeve_budget"": 0.55}",-inf,0.0020523069523429205,0.8816541232816049,0.6363636363636364,False,False,z_vol,0.0020523069523429205,0.002193204928663983
real_n3_z_vol,"{""betas_2024"": {""AUDUSD/NZDUSD"": 0.7150032270701753, ""EURAUD/AUDUSD"": -0.31093367860651805, ""GBPCAD/USDCAD"": 0.7854865692584787}, ""entry"": 1.5, ""exit_z"": 0.3, ""nested"": ""opt2024_val2025"", ""pairs"": [""EURAUD/AUDUSD:w40"", ""AUDUSD/NZDUSD:w40"", ""GBPCAD/USDCAD:w40""], ""risk_frac"": 0.01, ""sizing"": ""z_vol"", ""sleeve_budget"": 1.0}",-inf,0.003711006107396901,0.883068530531216,0.6363636363636364,False,False,z_vol,0.003711006107396901,0.003993898188094175
real_n3_z_vol,"{""betas_2024"": {""AUDUSD/NZDUSD"": 0.7150032270701753, ""EURAUD/AUDUSD"": -0.31093367860651805, ""GBPCAD/USDCAD"": 0.7854865692584787}, ""entry"": 1.5, ""exit_z"": 0.5, ""nested"": ""opt2024_val2025"", ""pairs"": [""EURAUD/AUDUSD:w40"", ""AUDUSD/NZDUSD:w40"", ""GBPCAD/USDCAD:w40""], ""risk_frac"": 0.005, ""sizing"": ""z_vol"", ""sleeve_budget"": 0.55}",-inf,-8.891270756325453e-05,0.8896326317149347,0.5454545454545454,False,False,z_vol,0.0007882770766170448,-8.891270756325453e-05
real_n3_z_vol,"{""betas_2024"": {""AUDUSD/NZDUSD"": 0.7150032270701753, ""EURAUD/AUDUSD"": -0.31093367860651805, ""GBPCAD/USDCAD"": 0.7854865692584787}, ""entry"": 1.5, ""exit_z"": 0.5, ""nested"": ""opt2024_val2025"", ""pairs"": [""EURAUD/AUDUSD:w40"", ""AUDUSD/NZDUSD:w40"", ""GBPCAD/USDCAD:w40""], ""risk_frac"": 0.005, ""sizing"": ""z_vol"", ""sleeve_budget"": 1.0}",-inf,-0.00015367435016214182,0.8894307125722424,0.5454545454545454,False,False,z_vol,0.0014346388116254015,-0.00015367435016214182
real_n3_z_vol,"{""betas_2024"": {""AUDUSD/NZDUSD"": 0.7150032270701753, ""EURAUD/AUDUSD"": -0.31093367860651805, ""GBPCAD/USDCAD"": 0.7854865692584787}, ""entry"": 1.5, ""exit_z"": 0.5, ""nested"": ""opt2024_val2025"", ""pairs"": [""EURAUD/AUDUSD:w40"", ""AUDUSD/NZDUSD:w40"", ""GBPCAD/USDCAD:w40""], ""risk_frac"": 0.0075, ""sizing"": ""z_vol"", ""sleeve_budget"": 0.55}",-inf,0.00035091880845515566,0.9060060788571576,0.45454545454545453,False,False,z_vol,0.0010733831400747988,0.00035091880845515566
real_n3_z_vol,"{""betas_2024"": {""AUDUSD/NZDUSD"": 0.7150032270701753, ""EURAUD/AUDUSD"": -0.31093367860651805, ""GBPCAD/USDCAD"": 0.7854865692584787}, ""entry"": 1.5, ""exit_z"": 0.5, ""nested"": ""opt2024_val2025"", ""pairs"": [""EURAUD/AUDUSD:w40"", ""AUDUSD/NZDUSD:w40"", ""GBPCAD/USDCAD:w40""], ""risk_frac"": 0.0075, ""sizing"": ""z_vol"", ""sleeve_budget"": 1.0}",-inf,0.0006549330623301791,0.906963925755205,0.45454545454545453,False,False,z_vol,0.001956104896354732,0.0006549330623301791
real_n3_z_vol,"{""betas_2024"": {""AUDUSD/NZDUSD"": 0.7150032270701753, ""EURAUD/AUDUSD"": -0.31093367860651805, ""GBPCAD/USDCAD"": 0.7854865692584787}, ""entry"": 1.5, ""exit_z"": 0.5, ""nested"": ""opt2024_val2025"", ""pairs"": [""EURAUD/AUDUSD:w40"", ""AUDUSD/NZDUSD:w40"", ""GBPCAD/USDCAD:w40""], ""risk_frac"": 0.01, ""sizing"": ""z_vol"", ""sleeve_budget"": 0.55}",-inf,0.0004933907658642017,0.899543942603689,0.45454545454545453,False,False,z_vol,0.0013905394382982045,0.0004933907658642017
real_n3_z_vol,"{""betas_2024"": {""AUDUSD/NZDUSD"": 0.7150032270701753, ""EURAUD/AUDUSD"": -0.31093367860651805, ""GBPCAD/USDCAD"": 0.7854865692584787}, ""entry"": 1.5, ""exit_z"": 0.5, ""nested"": ""opt2024_val2025"", ""pairs"": [""EURAUD/AUDUSD:w40"", ""AUDUSD/NZDUSD:w40"", ""GBPCAD/USDCAD:w40""], ""risk_frac"": 0.01, ""sizing"": ""z_vol"", ""sleeve_budget"": 1.0}",-inf,0.0009245839173719211,0.9008221794618538,0.45454545454545453,False,False,z_vol,0.002532512744432386,0.0009245839173719211
real_n3_z_vol,"{""betas_2024"": {""AUDUSD/NZDUSD"": 0.7150032270701753, ""EURAUD/AUDUSD"": -0.31093367860651805, ""GBPCAD/USDCAD"": 0.7854865692584787}, ""entry"": 1.75, ""exit_z"": 0.2, ""nested"": ""opt2024_val2025"", ""pairs"": [""EURAUD/AUDUSD:w40"", ""AUDUSD/NZDUSD:w40"", ""GBPCAD/USDCAD:w40""], ""risk_frac"": 0.005, ""sizing"": ""z_vol"", ""sleeve_budget"": 0.55}",-inf,-0.0004153850921227026,0.9319046717215469,0.5,False,False,z_vol,0.0015096198487645712,-0.0004153850921227026
real_n3_z_vol,"{""betas_2024"": {""AUDUSD/NZDUSD"": 0.7150032270701753, ""EURAUD/AUDUSD"": -0.31093367860651805, ""GBPCAD/USDCAD"": 0.7854865692584787}, ""entry"": 1.75, ""exit_z"": 0.2, ""nested"": ""opt2024_val2025"", ""pairs"": [""EURAUD/AUDUSD:w40"", ""AUDUSD/NZDUSD:w40"", ""GBPCAD/USDCAD:w40""], ""risk_frac"": 0.005, ""sizing"": ""z_vol"", ""sleeve_budget"": 1.0}",-inf,-0.0007477794060303938,0.9317560794206025,0.5,False,False,z_vol,0.002740803123758694,-0.0007477794060303938
real_n3_z_vol,"{""betas_2024"": {""AUDUSD/NZDUSD"": 0.7150032270701753, ""EURAUD/AUDUSD"": -0.31093367860651805, ""GBPCAD/USDCAD"": 0.7854865692584787}, ""entry"": 1.75, ""exit_z"": 0.2, ""nested"": ""opt2024_val2025"", ""pairs"": [""EURAUD/AUDUSD:w40"", ""AUDUSD/NZDUSD:w40"", ""GBPCAD/USDCAD:w40""], ""risk_frac"": 0.0075, ""sizing"": ""z_vol"", ""sleeve_budget"": 0.55}",-inf,-0.0001304959960291563,0.8433749485552212,0.625,False,False,z_vol,0.0022138940863530047,-0.0001304959960291563
real_n3_z_vol,"{""betas_2024"": {""AUDUSD/NZDUSD"": 0.7150032270701753, ""EURAUD/AUDUSD"": -0.31093367860651805, ""GBPCAD/USDCAD"": 0.7854865692584787}, ""entry"": 1.75, ""exit_z"": 0.2, ""nested"": ""opt2024_val2025"", ""pairs"": [""EURAUD/AUDUSD:w40"", ""AUDUSD/NZDUSD:w40"", ""GBPCAD/USDCAD:w40""], ""risk_frac"": 0.0075, ""sizing"": ""z_vol"", ""sleeve_budget"": 1.0}",-inf,-0.00021941136151701346,0.8445951796325599,0.625,False,False,z_vol,0.0040174377806119314,-0.00021941136151701346
real_n3_z_vol,"{""betas_2024"": {""AUDUSD/NZDUSD"": 0.7150032270701753, ""EURAUD/AUDUSD"": -0.31093367860651805, ""GBPCAD/USDCAD"": 0.7854865692584787}, ""entry"": 1.75, ""exit_z"": 0.2, ""nested"": ""opt2024_val2025"", ""pairs"": [""EURAUD/AUDUSD:w40"", ""AUDUSD/NZDUSD:w40"", ""GBPCAD/USDCAD:w40""], ""risk_frac"": 0.01, ""sizing"": ""z_vol"", ""sleeve_budget"": 0.55}",-inf,1.2046907773996529e-05,0.8569758442653416,0.625,False,False,z_vol,0.002797562274871682,1.2046907773996529e-05
real_n3_z_vol,"{""betas_2024"": {""AUDUSD/NZDUSD"": 0.7150032270701753, ""EURAUD/AUDUSD"": -0.31093367860651805, ""GBPCAD/USDCAD"": 0.7854865692584787}, ""entry"": 1.75, ""exit_z"": 0.2, ""nested"": ""opt2024_val2025"", ""pairs"": [""EURAUD/AUDUSD:w40"", ""AUDUSD/NZDUSD:w40"", ""GBPCAD/USDCAD:w40""], ""risk_frac"": 0.01, ""sizing"": ""z_vol"", ""sleeve_budget"": 1.0}",-inf,5.1298058710097516e-05,0.8586134081177857,0.625,False,False,z_vol,0.005074774837623328,5.1298058710097516e-05
real_n3_z_vol,"{""betas_2024"": {""AUDUSD/NZDUSD"": 0.7150032270701753, ""EURAUD/AUDUSD"": -0.31093367860651805, ""GBPCAD/USDCAD"": 0.7854865692584787}, ""entry"": 1.75, ""exit_z"": 0.3, ""nested"": ""opt2024_val2025"", ""pairs"": [""EURAUD/AUDUSD:w40"", ""AUDUSD/NZDUSD:w40"", ""GBPCAD/USDCAD:w40""], ""risk_frac"": 0.005, ""sizing"": ""z_vol"", ""sleeve_budget"": 0.55}",-inf,0.0003652092761714243,0.8393997157749735,0.6363636363636364,False,False,z_vol,0.00129908779790864,0.0003652092761714243
real_n3_z_vol,"{""betas_2024"": {""AUDUSD/NZDUSD"": 0.7150032270701753, ""EURAUD/AUDUSD"": -0.31093367860651805, ""GBPCAD/USDCAD"": 0.7854865692584787}, ""entry"": 1.75, ""exit_z"": 0.3, ""nested"": ""opt2024_val2025"", ""pairs"": [""EURAUD/AUDUSD:w40"", ""AUDUSD/NZDUSD:w40"", ""GBPCAD/USDCAD:w40""], ""risk_frac"": 0.005, ""sizing"": ""z_vol"", ""sleeve_budget"": 1.0}",-inf,0.0006719525926784375,0.8401866428530972,0.6363636363636364,False,False,z_vol,0.0023558667909238007,0.0006719525926784375
real_n3_z_vol,"{""betas_2024"": {""AUDUSD/NZDUSD"": 0.7150032270701753, ""EURAUD/AUDUSD"": -0.31093367860651805, ""GBPCAD/USDCAD"": 0.7854865692584787}, ""entry"": 1.75, ""exit_z"": 0.3, ""nested"": ""opt2024_val2025"", ""pairs"": [""EURAUD/AUDUSD:w40"", ""AUDUSD/NZDUSD:w40"", ""GBPCAD/USDCAD:w40""], ""risk_frac"": 0.0075, ""sizing"": ""z_vol"", ""sleeve_budget"": 0.55}",-inf,0.0010162304725401528,0.881215768277132,0.6363636363636364,False,False,z_vol,0.0018866055552211021,0.0010162304725401528
real_n3_z_vol,"{""betas_2024"": {""AUDUSD/NZDUSD"": 0.7150032270701753, ""EURAUD/AUDUSD"": -0.31093367860651805, ""GBPCAD/USDCAD"": 0.7854865692584787}, ""entry"": 1.75, ""exit_z"": 0.3, ""nested"": ""opt2024_val2025"", ""pairs"": [""EURAUD/AUDUSD:w40"", ""AUDUSD/NZDUSD:w40"", ""GBPCAD/USDCAD:w40""], ""risk_frac"": 0.0075, ""sizing"": ""z_vol"", ""sleeve_budget"": 1.0}",-inf,0.0018622660627678894,0.8822149363961489,0.6363636363636364,False,False,z_vol,0.0034187713082702753,0.0018622660627678894
real_n3_z_vol,"{""betas_2024"": {""AUDUSD/NZDUSD"": 0.7150032270701753, ""EURAUD/AUDUSD"": -0.31093367860651805, ""GBPCAD/USDCAD"": 0.7854865692584787}, ""entry"": 1.75, ""exit_z"": 0.3, ""nested"": ""opt2024_val2025"", ""pairs"": [""EURAUD/AUDUSD:w40"", ""AUDUSD/NZDUSD:w40"", ""GBPCAD/USDCAD:w40""], ""risk_frac"": 0.01, ""sizing"": ""z_vol"", ""sleeve_budget"": 0.55}",-inf,0.0013848953038048534,0.900424319487688,0.6363636363636364,False,False,z_vol,0.002338539438609036,0.0013848953038048534
real_n3_z_vol,"{""betas_2024"": {""AUDUSD/NZDUSD"": 0.7150032270701753, ""EURAUD/AUDUSD"": -0.31093367860651805, ""GBPCAD/USDCAD"": 0.7854865692584787}, ""entry"": 1.75, ""exit_z"": 0.3, ""nested"": ""opt2024_val2025"", ""pairs"": [""EURAUD/AUDUSD:w40"", ""AUDUSD/NZDUSD:w40"", ""GBPCAD/USDCAD:w40""], ""risk_frac"": 0.01, ""sizing"": ""z_vol"", ""sleeve_budget"": 1.0}",-inf,0.002541067660824764,0.9017430791230496,0.6363636363636364,False,False,z_vol,0.004235916893564173,0.002541067660824764
real_n3_z_vol,"{""betas_2024"": {""AUDUSD/NZDUSD"": 0.7150032270701753, ""EURAUD/AUDUSD"": -0.31093367860651805, ""GBPCAD/USDCAD"": 0.7854865692584787}, ""entry"": 1.75, ""exit_z"": 0.5, ""nested"": ""opt2024_val2025"", ""pairs"": [""EURAUD/AUDUSD:w40"", ""AUDUSD/NZDUSD:w40"", ""GBPCAD/USDCAD:w40""], ""risk_frac"": 0.005, ""sizing"": ""z_vol"", ""sleeve_budget"": 0.55}",-inf,-0.0004437752025552716,0.8565025496624055,0.6363636363636364,False,False,z_vol,0.001185654599846663,-0.0004437752025552716
real_n3_z_vol,"{""betas_2024"": {""AUDUSD/NZDUSD"": 0.7150032270701753, ""EURAUD/AUDUSD"": -0.31093367860651805, ""GBPCAD/USDCAD"": 0.7854865692584787}, ""entry"": 1.75, ""exit_z"": 0.5, ""nested"": ""opt2024_val2025"", ""pairs"": [""EURAUD/AUDUSD:w40"", ""AUDUSD/NZDUSD:w40"", ""GBPCAD/USDCAD:w40""], ""risk_frac"": 0.005, ""sizing"": ""z_vol"", ""sleeve_budget"": 1.0}",-inf,-0.000801073893701168,0.85722737942058,0.6363636363636364,False,False,z_vol,0.002150971128385743,-0.000801073893701168
real_n3_z_vol,"{""betas_2024"": {""AUDUSD/NZDUSD"": 0.7150032270701753, ""EURAUD/AUDUSD"": -0.31093367860651805, ""GBPCAD/USDCAD"": 0.7854865692584787}, ""entry"": 1.75, ""exit_z"": 0.5, ""nested"": ""opt2024_val2025"", ""pairs"": [""EURAUD/AUDUSD:w40"", ""AUDUSD/NZDUSD:w40"", ""GBPCAD/USDCAD:w40""], ""risk_frac"": 0.0075, ""sizing"": ""z_vol"", ""sleeve_budget"": 0.55}",-inf,-0.00019638716924877397,0.8921608443839237,0.5454545454545454,False,False,z_vol,0.0016137114220053726,-0.00019638716924877397
real_n3_z_vol,"{""betas_2024"": {""AUDUSD/NZDUSD"": 0.7150032270701753, ""EURAUD/AUDUSD"": -0.31093367860651805, ""GBPCAD/USDCAD"": 0.7854865692584787}, ""entry"": 1.75, ""exit_z"": 0.5, ""nested"": ""opt2024_val2025"", ""pairs"": [""EURAUD/AUDUSD:w40"", ""AUDUSD/NZDUSD:w40"", ""GBPCAD/USDCAD:w40""], ""risk_frac"": 0.0075, ""sizing"": ""z_vol"", ""sleeve_budget"": 1.0}",-inf,-0.00034115342387501524,0.8930706760099915,0.5454545454545454,False,False,z_vol,0.002927470667999063,-0.00034115342387501524
real_n3_z_vol,"{""betas_2024"": {""AUDUSD/NZDUSD"": 0.7150032270701753, ""EURAUD/AUDUSD"": -0.31093367860651805, ""GBPCAD/USDCAD"": 0.7854865692584787}, ""entry"": 1.75, ""exit_z"": 0.5, ""nested"": ""opt2024_val2025"", ""pairs"": [""EURAUD/AUDUSD:w40"", ""AUDUSD/NZDUSD:w40"", ""GBPCAD/USDCAD:w40""], ""risk_frac"": 0.01, ""sizing"": ""z_vol"", ""sleeve_budget"": 0.55}",-inf,-0.00024080704092439842,0.8860550538139993,0.5454545454545454,False,False,z_vol,0.0020317842423712303,-0.00024080704092439842
real_n3_z_vol,"{""betas_2024"": {""AUDUSD/NZDUSD"": 0.7150032270701753, ""EURAUD/AUDUSD"": -0.31093367860651805, ""GBPCAD/USDCAD"": 0.7854865692584787}, ""entry"": 1.75, ""exit_z"": 0.5, ""nested"": ""opt2024_val2025"", ""pairs"": [""EURAUD/AUDUSD:w40"", ""AUDUSD/NZDUSD:w40"", ""GBPCAD/USDCAD:w40""], ""risk_frac"": 0.01, ""sizing"": ""z_vol"", ""sleeve_budget"": 1.0}",-inf,-0.0004116710515162103,0.8872726527556043,0.5454545454545454,False,False,z_vol,0.003683263756746496,-0.0004116710515162103
real_n3_z_vol,"{""betas_2024"": {""AUDUSD/NZDUSD"": 0.7150032270701753, ""EURAUD/AUDUSD"": -0.31093367860651805, ""GBPCAD/USDCAD"": 0.7854865692584787}, ""entry"": 2.0, ""exit_z"": 0.2, ""nested"": ""opt2024_val2025"", ""pairs"": [""EURAUD/AUDUSD:w40"", ""AUDUSD/NZDUSD:w40"", ""GBPCAD/USDCAD:w40""], ""risk_frac"": 0.005, ""sizing"": ""z_vol"", ""sleeve_budget"": 0.55}",-inf,0.0005061558368565783,0.8400233124562069,0.625,False,False,z_vol,0.002321752103112534,0.0005061558368565783
real_n3_z_vol,"{""betas_2024"": {""AUDUSD/NZDUSD"": 0.7150032270701753, ""EURAUD/AUDUSD"": -0.31093367860651805, ""GBPCAD/USDCAD"": 0.7854865692584787}, ""entry"": 2.0, ""exit_z"": 0.2, ""nested"": ""opt2024_val2025"", ""pairs"": [""EURAUD/AUDUSD:w40"", ""AUDUSD/NZDUSD:w40"", ""GBPCAD/USDCAD:w40""], ""risk_frac"": 0.005, ""sizing"": ""z_vol"", ""sleeve_budget"": 1.0}",-inf,0.0009238697577416549,0.8403618635053027,0.625,False,False,z_vol,0.0041985386450582385,0.0009238697577416549
real_n3_z_vol,"{""betas_2024"": {""AUDUSD/NZDUSD"": 0.7150032270701753, ""EURAUD/AUDUSD"": -0.31093367860651805, ""GBPCAD/USDCAD"": 0.7854865692584787}, ""entry"": 2.0, ""exit_z"": 0.2, ""nested"": ""opt2024_val2025"", ""pairs"": [""EURAUD/AUDUSD:w40"", ""AUDUSD/NZDUSD:w40"", ""GBPCAD/USDCAD:w40""], ""risk_frac"": 0.0075, ""sizing"": ""z_vol"", ""sleeve_budget"": 0.55}",-inf,0.0008785668854844053,0.8503457951744474,0.625,False,False,z_vol,0.0035421653663413725,0.0008785668854844053
real_n3_z_vol,"{""betas_2024"": {""AUDUSD/NZDUSD"": 0.7150032270701753, ""EURAUD/AUDUSD"": -0.31093367860651805, ""GBPCAD/USDCAD"": 0.7854865692584787}, ""entry"": 2.0, ""exit_z"": 0.2, ""nested"": ""opt2024_val2025"", ""pairs"": [""EURAUD/AUDUSD:w40"", ""AUDUSD/NZDUSD:w40"", ""GBPCAD/USDCAD:w40""], ""risk_frac"": 0.0075, ""sizing"": ""z_vol"", ""sleeve_budget"": 1.0}",-inf,0.0016047698956215134,0.8508922885994323,0.625,False,False,z_vol,0.006386494619087398,0.0016047698956215134
real_n3_z_vol,"{""betas_2024"": {""AUDUSD/NZDUSD"": 0.7150032270701753, ""EURAUD/AUDUSD"": -0.31093367860651805, ""GBPCAD/USDCAD"": 0.7854865692584787}, ""entry"": 2.0, ""exit_z"": 0.2, ""nested"": ""opt2024_val2025"", ""pairs"": [""EURAUD/AUDUSD:w40"", ""AUDUSD/NZDUSD:w40"", ""GBPCAD/USDCAD:w40""], ""risk_frac"": 0.01, ""sizing"": ""z_vol"", ""sleeve_budget"": 0.55}",-inf,0.0014479011469665792,0.863595663833097,0.625,False,False,z_vol,0.004459493627671244,0.0014479011469665792
real_n3_z_vol,"{""betas_2024"": {""AUDUSD/NZDUSD"": 0.7150032270701753, ""EURAUD/AUDUSD"": -0.31093367860651805, ""GBPCAD/USDCAD"": 0.7854865692584787}, ""entry"": 2.0, ""exit_z"": 0.2, ""nested"": ""opt2024_val2025"", ""pairs"": [""EURAUD/AUDUSD:w40"", ""AUDUSD/NZDUSD:w40"", ""GBPCAD/USDCAD:w40""], ""risk_frac"": 0.01, ""sizing"": ""z_vol"", ""sleeve_budget"": 1.0}",-inf,0.002641476929379938,0.8644182763407449,0.625,False,False,z_vol,0.008026545764100536,0.002641476929379938
real_n3_z_vol,"{""betas_2024"": {""AUDUSD/NZDUSD"": 0.7150032270701753, ""EURAUD/AUDUSD"": -0.31093367860651805, ""GBPCAD/USDCAD"": 0.7854865692584787}, ""entry"": 2.0, ""exit_z"": 0.3, ""nested"": ""opt2024_val2025"", ""pairs"": [""EURAUD/AUDUSD:w40"", ""AUDUSD/NZDUSD:w40"", ""GBPCAD/USDCAD:w40""], ""risk_frac"": 0.005, ""sizing"": ""z_vol"", ""sleeve_budget"": 0.55}",-inf,0.0011124530137227029,0.7431252981371339,0.7272727272727273,False,False,z_vol,0.0021679782548583715,0.0011124530137227029
real_n3_z_vol,"{""betas_2024"": {""AUDUSD/NZDUSD"": 0.7150032270701753, ""EURAUD/AUDUSD"": -0.31093367860651805, ""GBPCAD/USDCAD"": 0.7854865692584787}, ""entry"": 2.0, ""exit_z"": 0.3, ""nested"": ""opt2024_val2025"", ""pairs"": [""EURAUD/AUDUSD:w40"", ""AUDUSD/NZDUSD:w40"", ""GBPCAD/USDCAD:w40""], ""risk_frac"": 0.005, ""sizing"": ""z_vol"", ""sleeve_budget"": 1.0}",-inf,0.0020213331017003983,0.7438361676239292,0.7272727272727273,False,False,z_vol,0.0039143552887610815,0.0020213331017003983
real_n3_z_vol,"{""betas_2024"": {""AUDUSD/NZDUSD"": 0.7150032270701753, ""EURAUD/AUDUSD"": -0.31093367860651805, ""GBPCAD/USDCAD"": 0.7854865692584787}, ""entry"": 2.0, ""exit_z"": 0.3, ""nested"": ""opt2024_val2025"", ""pairs"": [""EURAUD/AUDUSD:w40"", ""AUDUSD/NZDUSD:w40"", ""GBPCAD/USDCAD:w40""], ""risk_frac"": 0.0075, ""sizing"": ""z_vol"", ""sleeve_budget"": 0.55}",-inf,0.0017842382772588206,0.7571861900516421,0.7272727272727273,False,False,z_vol,0.0033101211775829727,0.0017842382772588206
real_n3_z_vol,"{""betas_2024"": {""AUDUSD/NZDUSD"": 0.7150032270701753, ""EURAUD/AUDUSD"": -0.31093367860651805, ""GBPCAD/USDCAD"": 0.7854865692584787}, ""entry"": 2.0, ""exit_z"": 0.3, ""nested"": ""opt2024_val2025"", ""pairs"": [""EURAUD/AUDUSD:w40"", ""AUDUSD/NZDUSD:w40"", ""GBPCAD/USDCAD:w40""], ""risk_frac"": 0.0075, ""sizing"": ""z_vol"", ""sleeve_budget"": 1.0}",-inf,0.0032397452892933692,0.7583284881612282,0.7272727272727273,False,False,z_vol,0.0059545274325940286,0.0032397452892933692
real_n3_z_vol,"{""betas_2024"": {""AUDUSD/NZDUSD"": 0.7150032270701753, ""EURAUD/AUDUSD"": -0.31093367860651805, ""GBPCAD/USDCAD"": 0.7854865692584787}, ""entry"": 2.0, ""exit_z"": 0.3, ""nested"": ""opt2024_val2025"", ""pairs"": [""EURAUD/AUDUSD:w40"", ""AUDUSD/NZDUSD:w40"", ""GBPCAD/USDCAD:w40""], ""risk_frac"": 0.01, ""sizing"": ""z_vol"", ""sleeve_budget"": 0.55}",-inf,0.002625853740027259,0.7692851236757844,0.7272727272727273,False,False,z_vol,0.004161299979575988,0.002625853740027259
real_n3_z_vol,"{""betas_2024"": {""AUDUSD/NZDUSD"": 0.7150032270701753, ""EURAUD/AUDUSD"": -0.31093367860651805, ""GBPCAD/USDCAD"": 0.7854865692584787}, ""entry"": 2.0, ""exit_z"": 0.3, ""nested"": ""opt2024_val2025"", ""pairs"": [""EURAUD/AUDUSD:w40"", ""AUDUSD/NZDUSD:w40"", ""GBPCAD/USDCAD:w40""], ""risk_frac"": 0.01, ""sizing"": ""z_vol"", ""sleeve_budget"": 1.0}",-inf,0.00476057632561705,0.7709578956878969,0.7272727272727273,False,False,z_vol,0.007467929093459633,0.00476057632561705
real_n3_z_vol,"{""betas_2024"": {""AUDUSD/NZDUSD"": 0.7150032270701753, ""EURAUD/AUDUSD"": -0.31093367860651805, ""GBPCAD/USDCAD"": 0.7854865692584787}, ""entry"": 2.0, ""exit_z"": 0.5, ""nested"": ""opt2024_val2025"", ""pairs"": [""EURAUD/AUDUSD:w40"", ""AUDUSD/NZDUSD:w40"", ""GBPCAD/USDCAD:w40""], ""risk_frac"": 0.005, ""sizing"": ""z_vol"", ""sleeve_budget"": 0.55}",-inf,0.00030921418253065935,0.7766510129167359,0.7272727272727273,False,False,z_vol,0.0017674588613364461,0.00030921418253065935
real_n3_z_vol,"{""betas_2024"": {""AUDUSD/NZDUSD"": 0.7150032270701753, ""EURAUD/AUDUSD"": -0.31093367860651805, ""GBPCAD/USDCAD"": 0.7854865692584787}, ""entry"": 2.0, ""exit_z"": 0.5, ""nested"": ""opt2024_val2025"", ""pairs"": [""EURAUD/AUDUSD:w40"", ""AUDUSD/NZDUSD:w40"", ""GBPCAD/USDCAD:w40""], ""risk_frac"": 0.005, ""sizing"": ""z_vol"", ""sleeve_budget"": 1.0}",-inf,0.000565626272822306,0.7768943183803642,0.7272727272727273,False,False,z_vol,0.003195009064731852,0.000565626272822306
real_n3_z_vol,"{""betas_2024"": {""AUDUSD/NZDUSD"": 0.7150032270701753, ""EURAUD/AUDUSD"": -0.31093367860651805, ""GBPCAD/USDCAD"": 0.7854865692584787}, ""entry"": 2.0, ""exit_z"": 0.5, ""nested"": ""opt2024_val2025"", ""pairs"": [""EURAUD/AUDUSD:w40"", ""AUDUSD/NZDUSD:w40"", ""GBPCAD/USDCAD:w40""], ""risk_frac"": 0.0075, ""sizing"": ""z_vol"", ""sleeve_budget"": 0.55}",-inf,0.0005530475272997326,0.7911366496823076,0.7272727272727273,False,False,z_vol,0.0025673326833643277,0.0005530475272997326
real_n3_z_vol,"{""betas_2024"": {""AUDUSD/NZDUSD"": 0.7150032270701753, ""EURAUD/AUDUSD"": -0.31093367860651805, ""GBPCAD/USDCAD"": 0.7854865692584787}, ""entry"": 2.0, ""exit_z"": 0.5, ""nested"": ""opt2024_val2025"", ""pairs"": [""EURAUD/AUDUSD:w40"", ""AUDUSD/NZDUSD:w40"", ""GBPCAD/USDCAD:w40""], ""risk_frac"": 0.0075, ""sizing"": ""z_vol"", ""sleeve_budget"": 1.0}",-inf,0.0010134121861593293,0.7915783051547862,0.7272727272727273,False,False,z_vol,0.004628748363653598,0.0010134121861593293
real_n3_z_vol,"{""betas_2024"": {""AUDUSD/NZDUSD"": 0.7150032270701753, ""EURAUD/AUDUSD"": -0.31093367860651805, ""GBPCAD/USDCAD"": 0.7854865692584787}, ""entry"": 2.0, ""exit_z"": 0.5, ""nested"": ""opt2024_val2025"", ""pairs"": [""EURAUD/AUDUSD:w40"", ""AUDUSD/NZDUSD:w40"", ""GBPCAD/USDCAD:w40""], ""risk_frac"": 0.01, ""sizing"": ""z_vol"", ""sleeve_budget"": 0.55}",-inf,0.0009879857839844575,0.8084320769861577,0.7272727272727273,False,False,z_vol,0.0032175231836435243,0.0009879857839844575
real_n3_z_vol,"{""betas_2024"": {""AUDUSD/NZDUSD"": 0.7150032270701753, ""EURAUD/AUDUSD"": -0.31093367860651805, ""GBPCAD/USDCAD"": 0.7854865692584787}, ""entry"": 2.0, ""exit_z"": 0.5, ""nested"": ""opt2024_val2025"", ""pairs"": [""EURAUD/AUDUSD:w40"", ""AUDUSD/NZDUSD:w40"", ""GBPCAD/USDCAD:w40""], ""risk_frac"": 0.01, ""sizing"": ""z_vol"", ""sleeve_budget"": 1.0}",-inf,0.0018087119738088575,0.8091890382534587,0.7272727272727273,False,False,z_vol,0.005789074327419193,0.0018087119738088575
real_n3_z_vol,"{""betas_2024"": {""AUDUSD/NZDUSD"": 0.7150032270701753, ""EURAUD/AUDUSD"": -0.31093367860651805, ""GBPCAD/USDCAD"": 0.7854865692584787}, ""entry"": 2.25, ""exit_z"": 0.2, ""nested"": ""opt2024_val2025"", ""pairs"": [""EURAUD/AUDUSD:w40"", ""AUDUSD/NZDUSD:w40"", ""GBPCAD/USDCAD:w40""], ""risk_frac"": 0.005, ""sizing"": ""z_vol"", ""sleeve_budget"": 0.55}",-inf,0.0003422972538397462,0.823144601007472,0.625,False,False,z_vol,0.0022170471538853665,0.0003422972538397462
real_n3_z_vol,"{""betas_2024"": {""AUDUSD/NZDUSD"": 0.7150032270701753, ""EURAUD/AUDUSD"": -0.31093367860651805, ""GBPCAD/USDCAD"": 0.7854865692584787}, ""entry"": 2.25, ""exit_z"": 0.2, ""nested"": ""opt2024_val2025"", ""pairs"": [""EURAUD/AUDUSD:w40"", ""AUDUSD/NZDUSD:w40"", ""GBPCAD/USDCAD:w40""], ""risk_frac"": 0.005, ""sizing"": ""z_vol"", ""sleeve_budget"": 1.0}",-inf,0.0006264860190772215,0.823377559684066,0.625,False,False,z_vol,0.004012398068363126,0.0006264860190772215
real_n3_z_vol,"{""betas_2024"": {""AUDUSD/NZDUSD"": 0.7150032270701753, ""EURAUD/AUDUSD"": -0.31093367860651805, ""GBPCAD/USDCAD"": 0.7854865692584787}, ""entry"": 2.25, ""exit_z"": 0.2, ""nested"": ""opt2024_val2025"", ""pairs"": [""EURAUD/AUDUSD:w40"", ""AUDUSD/NZDUSD:w40"", ""GBPCAD/USDCAD:w40""], ""risk_frac"": 0.0075, ""sizing"": ""z_vol"", ""sleeve_budget"": 0.55}",-inf,0.0006173950582476079,0.8326001757350191,0.625,False,False,z_vol,0.0033354265690043387,0.0006173950582476079
real_n3_z_vol,"{""betas_2024"": {""AUDUSD/NZDUSD"": 0.7150032270701753, ""EURAUD/AUDUSD"": -0.31093367860651805, ""GBPCAD/USDCAD"": 0.7854865692584787}, ""entry"": 2.25, ""exit_z"": 0.2, ""nested"": ""opt2024_val2025"", ""pairs"": [""EURAUD/AUDUSD:w40"", ""AUDUSD/NZDUSD:w40"", ""GBPCAD/USDCAD:w40""], ""risk_frac"": 0.0075, ""sizing"": ""z_vol"", ""sleeve_budget"": 1.0}",-inf,0.0011314791251498674,0.8330180682295583,0.625,False,False,z_vol,0.006022501919317524,0.0011314791251498674
real_n3_z_vol,"{""betas_2024"": {""AUDUSD/NZDUSD"": 0.7150032270701753, ""EURAUD/AUDUSD"": -0.31093367860651805, ""GBPCAD/USDCAD"": 0.7854865692584787}, ""entry"": 2.25, ""exit_z"": 0.2, ""nested"": ""opt2024_val2025"", ""pairs"": [""EURAUD/AUDUSD:w40"", ""AUDUSD/NZDUSD:w40"", ""GBPCAD/USDCAD:w40""], ""risk_frac"": 0.01, ""sizing"": ""z_vol"", ""sleeve_budget"": 0.55}",-inf,0.0011215672122703163,0.84304948545071,0.625,False,False,z_vol,0.00429173573430287,0.0011215672122703163
real_n3_z_vol,"{""betas_2024"": {""AUDUSD/NZDUSD"": 0.7150032270701753, ""EURAUD/AUDUSD"": -0.31093367860651805, ""GBPCAD/USDCAD"": 0.7854865692584787}, ""entry"": 2.25, ""exit_z"": 0.2, ""nested"": ""opt2024_val2025"", ""pairs"": [""EURAUD/AUDUSD:w40"", ""AUDUSD/NZDUSD:w40"", ""GBPCAD/USDCAD:w40""], ""risk_frac"": 0.01, ""sizing"": ""z_vol"", ""sleeve_budget"": 1.0}",-inf,0.0020519002691381655,0.8437884331257263,0.625,False,False,z_vol,0.007734263091217891,0.0020519002691381655
real_n3_z_vol,"{""betas_2024"": {""AUDUSD/NZDUSD"": 0.7150032270701753, ""EURAUD/AUDUSD"": -0.31093367860651805, ""GBPCAD/USDCAD"": 0.7854865692584787}, ""entry"": 2.25, ""exit_z"": 0.3, ""nested"": ""opt2024_val2025"", ""pairs"": [""EURAUD/AUDUSD:w40"", ""AUDUSD/NZDUSD:w40"", ""GBPCAD/USDCAD:w40""], ""risk_frac"": 0.005, ""sizing"": ""z_vol"", ""sleeve_budget"": 0.55}",-inf,0.0009385564216655429,0.7132475049038902,0.7272727272727273,False,False,z_vol,0.002066684592163112,0.0009385564216655429
real_n3_z_vol,"{""betas_2024"": {""AUDUSD/NZDUSD"": 0.7150032270701753, ""EURAUD/AUDUSD"": -0.31093367860651805, ""GBPCAD/USDCAD"": 0.7854865692584787}, ""entry"": 2.25, ""exit_z"": 0.3, ""nested"": ""opt2024_val2025"", ""pairs"": [""EURAUD/AUDUSD:w40"", ""AUDUSD/NZDUSD:w40"", ""GBPCAD/USDCAD:w40""], ""risk_frac"": 0.005, ""sizing"": ""z_vol"", ""sleeve_budget"": 1.0}",-inf,0.0017068179704030767,0.7138655989334549,0.7272727272727273,False,False,z_vol,0.00373496227496085,0.0017068179704030767
real_n3_z_vol,"{""betas_2024"": {""AUDUSD/NZDUSD"": 0.7150032270701753, ""EURAUD/AUDUSD"": -0.31093367860651805, ""GBPCAD/USDCAD"": 0.7854865692584787}, ""entry"": 2.25, ""exit_z"": 0.3, ""nested"": ""opt2024_val2025"", ""pairs"": [""EURAUD/AUDUSD:w40"", ""AUDUSD/NZDUSD:w40"", ""GBPCAD/USDCAD:w40""], ""risk_frac"": 0.0075, ""sizing"": ""z_vol"", ""sleeve_budget"": 0.55}",-inf,0.001510287530831142,0.725283494182861,0.7272727272727273,False,False,z_vol,0.0031176026787237614,0.001510287530831142
real_n3_z_vol,"{""betas_2024"": {""AUDUSD/NZDUSD"": 0.7150032270701753, ""EURAUD/AUDUSD"": -0.31093367860651805, ""GBPCAD/USDCAD"": 0.7854865692584787}, ""entry"": 2.25, ""exit_z"": 0.3, ""nested"": ""opt2024_val2025"", ""pairs"": [""EURAUD/AUDUSD:w40"", ""AUDUSD/NZDUSD:w40"", ""GBPCAD/USDCAD:w40""], ""risk_frac"": 0.0075, ""sizing"": ""z_vol"", ""sleeve_budget"": 1.0}",-inf,0.0027457869839666166,0.7263216876392687,0.7272727272727273,False,False,z_vol,0.005617464655769349,0.0027457869839666166
real_n3_z_vol,"{""betas_2024"": {""AUDUSD/NZDUSD"": 0.7150032270701753, ""EURAUD/AUDUSD"": -0.31093367860651805, ""GBPCAD/USDCAD"": 0.7854865692584787}, ""entry"": 2.25, ""exit_z"": 0.3, ""nested"": ""opt2024_val2025"", ""pairs"": [""EURAUD/AUDUSD:w40"", ""AUDUSD/NZDUSD:w40"", ""GBPCAD/USDCAD:w40""], ""risk_frac"": 0.01, ""sizing"": ""z_vol"", ""sleeve_budget"": 0.55}",-inf,0.0022591442037226406,0.7393372488361136,0.7272727272727273,False,False,z_vol,0.004001745380837277,0.0022591442037226406
real_n3_z_vol,"{""betas_2024"": {""AUDUSD/NZDUSD"": 0.7150032270701753, ""EURAUD/AUDUSD"": -0.31093367860651805, ""GBPCAD/USDCAD"": 0.7854865692584787}, ""entry"": 2.25, ""exit_z"": 0.3, ""nested"": ""opt2024_val2025"", ""pairs"": [""EURAUD/AUDUSD:w40"", ""AUDUSD/NZDUSD:w40"", ""GBPCAD/USDCAD:w40""], ""risk_frac"": 0.01, ""sizing"": ""z_vol"", ""sleeve_budget"": 1.0}",-inf,0.004102257853883504,0.7409403218883128,0.7272727272727273,False,False,z_vol,0.007191927664968415,0.004102257853883504
real_n3_z_vol,"{""betas_2024"": {""AUDUSD/NZDUSD"": 0.7150032270701753, ""EURAUD/AUDUSD"": -0.31093367860651805, ""GBPCAD/USDCAD"": 0.7854865692584787}, ""entry"": 2.25, ""exit_z"": 0.5, ""nested"": ""opt2024_val2025"", ""pairs"": [""EURAUD/AUDUSD:w40"", ""AUDUSD/NZDUSD:w40"", ""GBPCAD/USDCAD:w40""], ""risk_frac"": 0.005, ""sizing"": ""z_vol"", ""sleeve_budget"": 0.55}",-inf,0.00022912330807246806,0.787892586294274,0.7272727272727273,False,False,z_vol,0.0017570871528621176,0.00022912330807246806
real_n3_z_vol,"{""betas_2024"": {""AUDUSD/NZDUSD"": 0.7150032270701753, ""EURAUD/AUDUSD"": -0.31093367860651805, ""GBPCAD/USDCAD"": 0.7854865692584787}, ""entry"": 2.25, ""exit_z"": 0.5, ""nested"": ""opt2024_val2025"", ""pairs"": [""EURAUD/AUDUSD:w40"", ""AUDUSD/NZDUSD:w40"", ""GBPCAD/USDCAD:w40""], ""risk_frac"": 0.005, ""sizing"": ""z_vol"", ""sleeve_budget"": 1.0}",-inf,0.00042010376573302366,0.7883507772674819,0.7272727272727273,False,False,z_vol,0.0031781467327668903,0.00042010376573302366
real_n3_z_vol,"{""betas_2024"": {""AUDUSD/NZDUSD"": 0.7150032270701753, ""EURAUD/AUDUSD"": -0.31093367860651805, ""GBPCAD/USDCAD"": 0.7854865692584787}, ""entry"": 2.25, ""exit_z"": 0.5, ""nested"": ""opt2024_val2025"", ""pairs"": [""EURAUD/AUDUSD:w40"", ""AUDUSD/NZDUSD:w40"", ""GBPCAD/USDCAD:w40""], ""risk_frac"": 0.0075, ""sizing"": ""z_vol"", ""sleeve_budget"": 0.55}",-inf,0.00044215343935977147,0.8025868091973899,0.7272727272727273,False,False,z_vol,0.002506441649262392,0.00044215343935977147
real_n3_z_vol,"{""betas_2024"": {""AUDUSD/NZDUSD"": 0.7150032270701753, ""EURAUD/AUDUSD"": -0.31093367860651805, ""GBPCAD/USDCAD"": 0.7854865692584787}, ""entry"": 2.25, ""exit_z"": 0.5, ""nested"": ""opt2024_val2025"", ""pairs"": [""EURAUD/AUDUSD:w40"", ""AUDUSD/NZDUSD:w40"", ""GBPCAD/USDCAD:w40""], ""risk_frac"": 0.0075, ""sizing"": ""z_vol"", ""sleeve_budget"": 1.0}",-inf,0.0008121218805636071,0.803343119009724,0.7272727272727273,False,False,z_vol,0.004524311536996819,0.0008121218805636071
real_n3_z_vol,"{""betas_2024"": {""AUDUSD/NZDUSD"": 0.7150032270701753, ""EURAUD/AUDUSD"": -0.31093367860651805, ""GBPCAD/USDCAD"": 0.7854865692584787}, ""entry"": 2.25, ""exit_z"": 0.5, ""nested"": ""opt2024_val2025"", ""pairs"": [""EURAUD/AUDUSD:w40"", ""AUDUSD/NZDUSD:w40"", ""GBPCAD/USDCAD:w40""], ""risk_frac"": 0.01, ""sizing"": ""z_vol"", ""sleeve_budget"": 0.55}",-inf,0.0008247428057290285,0.8185865229677114,0.7272727272727273,False,False,z_vol,0.0032059818090008504,0.0008247428057290285
real_n3_z_vol,"{""betas_2024"": {""AUDUSD/NZDUSD"": 0.7150032270701753, ""EURAUD/AUDUSD"": -0.31093367860651805, ""GBPCAD/USDCAD"": 0.7854865692584787}, ""entry"": 2.25, ""exit_z"": 0.5, ""nested"": ""opt2024_val2025"", ""pairs"": [""EURAUD/AUDUSD:w40"", ""AUDUSD/NZDUSD:w40"", ""GBPCAD/USDCAD:w40""], ""risk_frac"": 0.01, ""sizing"": ""z_vol"", ""sleeve_budget"": 1.0}",-inf,0.0015129489001791813,0.8197123295313348,0.7272727272727273,False,False,z_vol,0.005774190679409783,0.0015129489001791813
real_n3_z_vol,"{""betas_2024"": {""AUDUSD/NZDUSD"": 0.7150032270701753, ""EURAUD/AUDUSD"": -0.31093367860651805, ""GBPCAD/USDCAD"": 0.7854865692584787}, ""entry"": 2.5, ""exit_z"": 0.2, ""nested"": ""opt2024_val2025"", ""pairs"": [""EURAUD/AUDUSD:w40"", ""AUDUSD/NZDUSD:w40"", ""GBPCAD/USDCAD:w40""], ""risk_frac"": 0.005, ""sizing"": ""z_vol"", ""sleeve_budget"": 0.55}",-inf,0.00047228311062538775,0.9291634366603019,0.5,False,False,z_vol,0.001807617648237074,0.00047228311062538775
real_n3_z_vol,"{""betas_2024"": {""AUDUSD/NZDUSD"": 0.7150032270701753, ""EURAUD/AUDUSD"": -0.31093367860651805, ""GBPCAD/USDCAD"": 0.7854865692584787}, ""entry"": 2.5, ""exit_z"": 0.2, ""nested"": ""opt2024_val2025"", ""pairs"": [""EURAUD/AUDUSD:w40"", ""AUDUSD/NZDUSD:w40"", ""GBPCAD/USDCAD:w40""], ""risk_frac"": 0.005, ""sizing"": ""z_vol"", ""sleeve_budget"": 1.0}",-inf,0.0008610376691068067,0.9293022406069344,0.5,False,False,z_vol,0.0032702884689914465,0.0008610376691068067
real_n3_z_vol,"{""betas_2024"": {""AUDUSD/NZDUSD"": 0.7150032270701753, ""EURAUD/AUDUSD"": -0.31093367860651805, ""GBPCAD/USDCAD"": 0.7854865692584787}, ""entry"": 2.5, ""exit_z"": 0.2, ""nested"": ""opt2024_val2025"", ""pairs"": [""EURAUD/AUDUSD:w40"", ""AUDUSD/NZDUSD:w40"", ""GBPCAD/USDCAD:w40""], ""risk_frac"": 0.0075, ""sizing"": ""z_vol"", ""sleeve_budget"": 0.55}",-inf,0.0008163640602413258,0.9335665427301902,0.5,False,False,z_vol,0.0027224839750727074,0.0008163640602413258
real_n3_z_vol,"{""betas_2024"": {""AUDUSD/NZDUSD"": 0.7150032270701753, ""EURAUD/AUDUSD"": -0.31093367860651805, ""GBPCAD/USDCAD"": 0.7854865692584787}, ""entry"": 2.5, ""exit_z"": 0.2, ""nested"": ""opt2024_val2025"", ""pairs"": [""EURAUD/AUDUSD:w40"", ""AUDUSD/NZDUSD:w40"", ""GBPCAD/USDCAD:w40""], ""risk_frac"": 0.0075, ""sizing"": ""z_vol"", ""sleeve_budget"": 1.0}",-inf,0.0014887452152372999,0.9337959495016781,0.5,False,False,z_vol,0.004913791719816329,0.0014887452152372999
real_n3_z_vol,"{""betas_2024"": {""AUDUSD/NZDUSD"": 0.7150032270701753, ""EURAUD/AUDUSD"": -0.31093367860651805, ""GBPCAD/USDCAD"": 0.7854865692584787}, ""entry"": 2.5, ""exit_z"": 0.2, ""nested"": ""opt2024_val2025"", ""pairs"": [""EURAUD/AUDUSD:w40"", ""AUDUSD/NZDUSD:w40"", ""GBPCAD/USDCAD:w40""], ""risk_frac"": 0.01, ""sizing"": ""z_vol"", ""sleeve_budget"": 0.55}",-inf,0.0013995148680646524,0.9282073581075939,0.5,False,False,z_vol,0.003468676778416194,0.0013995148680646524
real_n3_z_vol,"{""betas_2024"": {""AUDUSD/NZDUSD"": 0.7150032270701753, ""EURAUD/AUDUSD"": -0.31093367860651805, ""GBPCAD/USDCAD"": 0.7854865692584787}, ""entry"": 2.5, ""exit_z"": 0.2, ""nested"": ""opt2024_val2025"", ""pairs"": [""EURAUD/AUDUSD:w40"", ""AUDUSD/NZDUSD:w40"", ""GBPCAD/USDCAD:w40""], ""risk_frac"": 0.01, ""sizing"": ""z_vol"", ""sleeve_budget"": 1.0}",-inf,0.0025474194986536414,0.9286174672891417,0.5,False,False,z_vol,0.006248831616632155,0.0025474194986536414
real_n3_z_vol,"{""betas_2024"": {""AUDUSD/NZDUSD"": 0.7150032270701753, ""EURAUD/AUDUSD"": -0.31093367860651805, ""GBPCAD/USDCAD"": 0.7854865692584787}, ""entry"": 2.5, ""exit_z"": 0.3, ""nested"": ""opt2024_val2025"", ""pairs"": [""EURAUD/AUDUSD:w40"", ""AUDUSD/NZDUSD:w40"", ""GBPCAD/USDCAD:w40""], ""risk_frac"": 0.005, ""sizing"": ""z_vol"", ""sleeve_budget"": 0.55}",-inf,0.0007205409923224104,0.8594077455499601,0.5,False,False,z_vol,0.0016642728181794403,0.0007205409923224104
real_n3_z_vol,"{""betas_2024"": {""AUDUSD/NZDUSD"": 0.7150032270701753, ""EURAUD/AUDUSD"": -0.31093367860651805, ""GBPCAD/USDCAD"": 0.7854865692584787}, ""entry"": 2.5, ""exit_z"": 0.3, ""nested"": ""opt2024_val2025"", ""pairs"": [""EURAUD/AUDUSD:w40"", ""AUDUSD/NZDUSD:w40"", ""GBPCAD/USDCAD:w40""], ""risk_frac"": 0.005, ""sizing"": ""z_vol"", ""sleeve_budget"": 1.0}",-inf,0.001310533464702418,0.8599108253934008,0.5,False,False,z_vol,0.0030128290204078823,0.001310533464702418
real_n3_z_vol,"{""betas_2024"": {""AUDUSD/NZDUSD"": 0.7150032270701753, ""EURAUD/AUDUSD"": -0.31093367860651805, ""GBPCAD/USDCAD"": 0.7854865692584787}, ""entry"": 2.5, ""exit_z"": 0.3, ""nested"": ""opt2024_val2025"", ""pairs"": [""EURAUD/AUDUSD:w40"", ""AUDUSD/NZDUSD:w40"", ""GBPCAD/USDCAD:w40""], ""risk_frac"": 0.0075, ""sizing"": ""z_vol"", ""sleeve_budget"": 0.55}",-inf,0.0011902192941121575,0.8643363569396798,0.5,False,False,z_vol,0.0025158736867587727,0.0011902192941121575
real_n3_z_vol,"{""betas_2024"": {""AUDUSD/NZDUSD"": 0.7150032270701753, ""EURAUD/AUDUSD"": -0.31093367860651805, ""GBPCAD/USDCAD"": 0.7854865692584787}, ""entry"": 2.5, ""exit_z"": 0.3, ""nested"": ""opt2024_val2025"", ""pairs"": [""EURAUD/AUDUSD:w40"", ""AUDUSD/NZDUSD:w40"", ""GBPCAD/USDCAD:w40""], ""risk_frac"": 0.0075, ""sizing"": ""z_vol"", ""sleeve_budget"": 1.0}",-inf,0.0021637804253851756,0.8651244666711517,0.5,False,False,z_vol,0.00454476814029174,0.0021637804253851756
real_n3_z_vol,"{""betas_2024"": {""AUDUSD/NZDUSD"": 0.7150032270701753, ""EURAUD/AUDUSD"": -0.31093367860651805, ""GBPCAD/USDCAD"": 0.7854865692584787}, ""entry"": 2.5, ""exit_z"": 0.3, ""nested"": ""opt2024_val2025"", ""pairs"": [""EURAUD/AUDUSD:w40"", ""AUDUSD/NZDUSD:w40"", ""GBPCAD/USDCAD:w40""], ""risk_frac"": 0.01, ""sizing"": ""z_vol"", ""sleeve_budget"": 0.55}",-inf,0.0018573900114903508,0.8700856808763996,0.5,False,False,z_vol,0.003185139929193125,0.0018573900114903508
real_n3_z_vol,"{""betas_2024"": {""AUDUSD/NZDUSD"": 0.7150032270701753, ""EURAUD/AUDUSD"": -0.31093367860651805, ""GBPCAD/USDCAD"": 0.7854865692584787}, ""entry"": 2.5, ""exit_z"": 0.3, ""nested"": ""opt2024_val2025"", ""pairs"": [""EURAUD/AUDUSD:w40"", ""AUDUSD/NZDUSD:w40"", ""GBPCAD/USDCAD:w40""], ""risk_frac"": 0.01, ""sizing"": ""z_vol"", ""sleeve_budget"": 1.0}",-inf,0.00337079553031909,0.8712224132860793,0.5,False,False,z_vol,0.005744810924923435,0.00337079553031909
real_n3_z_vol,"{""betas_2024"": {""AUDUSD/NZDUSD"": 0.7150032270701753, ""EURAUD/AUDUSD"": -0.31093367860651805, ""GBPCAD/USDCAD"": 0.7854865692584787}, ""entry"": 2.5, ""exit_z"": 0.5, ""nested"": ""opt2024_val2025"", ""pairs"": [""EURAUD/AUDUSD:w40"", ""AUDUSD/NZDUSD:w40"", ""GBPCAD/USDCAD:w40""], ""risk_frac"": 0.005, ""sizing"": ""z_vol"", ""sleeve_budget"": 0.55}",-inf,0.00023115353100901237,0.7927046955955642,0.5,False,False,z_vol,0.0015448975408339177,0.00023115353100901237
real_n3_z_vol,"{""betas_2024"": {""AUDUSD/NZDUSD"": 0.7150032270701753, ""EURAUD/AUDUSD"": -0.31093367860651805, ""GBPCAD/USDCAD"": 0.7854865692584787}, ""entry"": 2.5, ""exit_z"": 0.5, ""nested"": ""opt2024_val2025"", ""pairs"": [""EURAUD/AUDUSD:w40"", ""AUDUSD/NZDUSD:w40"", ""GBPCAD/USDCAD:w40""], ""risk_frac"": 0.005, ""sizing"": ""z_vol"", ""sleeve_budget"": 1.0}",-inf,0.0004227148303044548,0.7930565842930073,0.5,False,False,z_vol,0.0027969036381223704,0.0004227148303044548
real_n3_z_vol,"{""betas_2024"": {""AUDUSD/NZDUSD"": 0.7150032270701753, ""EURAUD/AUDUSD"": -0.31093367860651805, ""GBPCAD/USDCAD"": 0.7854865692584787}, ""entry"": 2.5, ""exit_z"": 0.5, ""nested"": ""opt2024_val2025"", ""pairs"": [""EURAUD/AUDUSD:w40"", ""AUDUSD/NZDUSD:w40"", ""GBPCAD/USDCAD:w40""], ""risk_frac"": 0.0075, ""sizing"": ""z_vol"", ""sleeve_budget"": 0.55}",-inf,0.00043421960343840993,0.8045502560603357,0.5,False,False,z_vol,0.0022079186150914783,0.00043421960343840993
real_n3_z_vol,"{""betas_2024"": {""AUDUSD/NZDUSD"": 0.7150032270701753, ""EURAUD/AUDUSD"": -0.31093367860651805, ""GBPCAD/USDCAD"": 0.7854865692584787}, ""entry"": 2.5, ""exit_z"": 0.5, ""nested"": ""opt2024_val2025"", ""pairs"": [""EURAUD/AUDUSD:w40"", ""AUDUSD/NZDUSD:w40"", ""GBPCAD/USDCAD:w40""], ""risk_frac"": 0.0075, ""sizing"": ""z_vol"", ""sleeve_budget"": 1.0}",-inf,0.0007946717176244289,0.805137071053769,0.5,False,False,z_vol,0.003990865026464507,0.0007946717176244289
real_n3_z_vol,"{""betas_2024"": {""AUDUSD/NZDUSD"": 0.7150032270701753, ""EURAUD/AUDUSD"": -0.31093367860651805, ""GBPCAD/USDCAD"": 0.7854865692584787}, ""entry"": 2.5, ""exit_z"": 0.5, ""nested"": ""opt2024_val2025"", ""pairs"": [""EURAUD/AUDUSD:w40"", ""AUDUSD/NZDUSD:w40"", ""GBPCAD/USDCAD:w40""], ""risk_frac"": 0.01, ""sizing"": ""z_vol"", ""sleeve_budget"": 0.55}",-inf,0.0008359464801121069,0.8192246239207162,0.5,False,False,z_vol,0.002786506270748602,0.0008359464801121069
real_n3_z_vol,"{""betas_2024"": {""AUDUSD/NZDUSD"": 0.7150032270701753, ""EURAUD/AUDUSD"": -0.31093367860651805, ""GBPCAD/USDCAD"": 0.7854865692584787}, ""entry"": 2.5, ""exit_z"": 0.5, ""nested"": ""opt2024_val2025"", ""pairs"": [""EURAUD/AUDUSD:w40"", ""AUDUSD/NZDUSD:w40"", ""GBPCAD/USDCAD:w40""], ""risk_frac"": 0.01, ""sizing"": ""z_vol"", ""sleeve_budget"": 1.0}",-inf,0.00152619001454736,0.8201452553715333,0.5,False,False,z_vol,0.005028612239146766,0.00152619001454736
real_n3_z_vol,"{""betas_2024"": {""AUDUSD/NZDUSD"": 0.7150032270701753, ""EURAUD/AUDUSD"": -0.31093367860651805, ""GBPCAD/USDCAD"": 0.7854865692584787}, ""entry"": 1.5, ""exit_z"": 0.2, ""nested"": ""opt2024_val2025"", ""pairs"": [""EURAUD/AUDUSD:w60"", ""AUDUSD/NZDUSD:w60"", ""GBPCAD/USDCAD:w60""], ""risk_frac"": 0.005, ""sizing"": ""z_vol"", ""sleeve_budget"": 0.55}",-inf,-0.0001225934342530266,1.0,0.375,False,False,z_vol,0.0015223971615364494,-0.0001225934342530266
real_n3_z_vol,"{""betas_2024"": {""AUDUSD/NZDUSD"": 0.7150032270701753, ""EURAUD/AUDUSD"": -0.31093367860651805, ""GBPCAD/USDCAD"": 0.7854865692584787}, ""entry"": 1.5, ""exit_z"": 0.2, ""nested"": ""opt2024_val2025"", ""pairs"": [""EURAUD/AUDUSD:w60"", ""AUDUSD/NZDUSD:w60"", ""GBPCAD/USDCAD:w60""], ""risk_frac"": 0.005, ""sizing"": ""z_vol"", ""sleeve_budget"": 1.0}",-inf,-0.00021748657827262707,1.0,0.375,False,False,z_vol,0.0027551216237525363,-0.00021748657827262707
real_n3_z_vol,"{""betas_2024"": {""AUDUSD/NZDUSD"": 0.7150032270701753, ""EURAUD/AUDUSD"": -0.31093367860651805, ""GBPCAD/USDCAD"": 0.7854865692584787}, ""entry"": 1.5, ""exit_z"": 0.2, ""nested"": ""opt2024_val2025"", ""pairs"": [""EURAUD/AUDUSD:w60"", ""AUDUSD/NZDUSD:w60"", ""GBPCAD/USDCAD:w60""], ""risk_frac"": 0.0075, ""sizing"": ""z_vol"", ""sleeve_budget"": 0.55}",-inf,0.00022537295540045466,0.8303573849412339,0.5,False,False,z_vol,0.0020701964980957403,0.00022537295540045466
real_n3_z_vol,"{""betas_2024"": {""AUDUSD/NZDUSD"": 0.7150032270701753, ""EURAUD/AUDUSD"": -0.31093367860651805, ""GBPCAD/USDCAD"": 0.7854865692584787}, ""entry"": 1.5, ""exit_z"": 0.2, ""nested"": ""opt2024_val2025"", ""pairs"": [""EURAUD/AUDUSD:w60"", ""AUDUSD/NZDUSD:w60"", ""GBPCAD/USDCAD:w60""], ""risk_frac"": 0.0075, ""sizing"": ""z_vol"", ""sleeve_budget"": 1.0}",-inf,0.00042217080016028474,0.8306424373937007,0.5,False,False,z_vol,0.003743623550401375,0.00042217080016028474
real_n3_z_vol,"{""betas_2024"": {""AUDUSD/NZDUSD"": 0.7150032270701753, ""EURAUD/AUDUSD"": -0.31093367860651805, ""GBPCAD/USDCAD"": 0.7854865692584787}, ""entry"": 1.5, ""exit_z"": 0.2, ""nested"": ""opt2024_val2025"", ""pairs"": [""EURAUD/AUDUSD:w60"", ""AUDUSD/NZDUSD:w60"", ""GBPCAD/USDCAD:w60""], ""risk_frac"": 0.01, ""sizing"": ""z_vol"", ""sleeve_budget"": 0.55}",-inf,0.00030184639098002064,0.841307884955821,0.5,False,False,z_vol,0.002757527266626228,0.00030184639098002064
real_n3_z_vol,"{""betas_2024"": {""AUDUSD/NZDUSD"": 0.7150032270701753, ""EURAUD/AUDUSD"": -0.31093367860651805, ""GBPCAD/USDCAD"": 0.7854865692584787}, ""entry"": 1.5, ""exit_z"": 0.2, ""nested"": ""opt2024_val2025"", ""pairs"": [""EURAUD/AUDUSD:w60"", ""AUDUSD/NZDUSD:w60"", ""GBPCAD/USDCAD:w60""], ""risk_frac"": 0.01, ""sizing"": ""z_vol"", ""sleeve_budget"": 1.0}",-inf,0.0005689124528038964,0.8417111987491641,0.5,False,False,z_vol,0.0049756977950612905,0.0005689124528038964
real_n3_z_vol,"{""betas_2024"": {""AUDUSD/NZDUSD"": 0.7150032270701753, ""EURAUD/AUDUSD"": -0.31093367860651805, ""GBPCAD/USDCAD"": 0.7854865692584787}, ""entry"": 1.5, ""exit_z"": 0.3, ""nested"": ""opt2024_val2025"", ""pairs"": [""EURAUD/AUDUSD:w60"", ""AUDUSD/NZDUSD:w60"", ""GBPCAD/USDCAD:w60""], ""risk_frac"": 0.005, ""sizing"": ""z_vol"", ""sleeve_budget"": 0.55}",-inf,0.0004962436501011885,0.8999043335869912,0.5454545454545454,False,False,z_vol,0.0014526338058716735,0.0004962436501011885
real_n3_z_vol,"{""betas_2024"": {""AUDUSD/NZDUSD"": 0.7150032270701753, ""EURAUD/AUDUSD"": -0.31093367860651805, ""GBPCAD/USDCAD"": 0.7854865692584787}, ""entry"": 1.5, ""exit_z"": 0.3, ""nested"": ""opt2024_val2025"", ""pairs"": [""EURAUD/AUDUSD:w60"", ""AUDUSD/NZDUSD:w60"", ""GBPCAD/USDCAD:w60""], ""risk_frac"": 0.005, ""sizing"": ""z_vol"", ""sleeve_budget"": 1.0}",-inf,0.0009072829726616272,0.9000322160375359,0.5454545454545454,False,False,z_vol,0.0026296129753221095,0.0009072829726616272
real_n3_z_vol,"{""betas_2024"": {""AUDUSD/NZDUSD"": 0.7150032270701753, ""EURAUD/AUDUSD"": -0.31093367860651805, ""GBPCAD/USDCAD"": 0.7854865692584787}, ""entry"": 1.5, ""exit_z"": 0.3, ""nested"": ""opt2024_val2025"", ""pairs"": [""EURAUD/AUDUSD:w60"", ""AUDUSD/NZDUSD:w60"", ""GBPCAD/USDCAD:w60""], ""risk_frac"": 0.0075, ""sizing"": ""z_vol"", ""sleeve_budget"": 0.55}",-inf,0.0011565106112974427,0.9498580094160246,0.5454545454545454,False,False,z_vol,0.0019639663198811404,0.0011565106112974427
real_n3_z_vol,"{""betas_2024"": {""AUDUSD/NZDUSD"": 0.7150032270701753, ""EURAUD/AUDUSD"": -0.31093367860651805, ""GBPCAD/USDCAD"": 0.7854865692584787}, ""entry"": 1.5, ""exit_z"": 0.3, ""nested"": ""opt2024_val2025"", ""pairs"": [""EURAUD/AUDUSD:w60"", ""AUDUSD/NZDUSD:w60"", ""GBPCAD/USDCAD:w60""], ""risk_frac"": 0.0075, ""sizing"": ""z_vol"", ""sleeve_budget"": 1.0}",-inf,0.0021113849353409514,0.9499204596259478,0.5454545454545454,False,False,z_vol,0.0035526075840960044,0.0021113849353409514
real_n3_z_vol,"{""betas_2024"": {""AUDUSD/NZDUSD"": 0.7150032270701753, ""EURAUD/AUDUSD"": -0.31093367860651805, ""GBPCAD/USDCAD"": 0.7854865692584787}, ""entry"": 1.5, ""exit_z"": 0.3, ""nested"": ""opt2024_val2025"", ""pairs"": [""EURAUD/AUDUSD:w60"", ""AUDUSD/NZDUSD:w60"", ""GBPCAD/USDCAD:w60""], ""risk_frac"": 0.01, ""sizing"": ""z_vol"", ""sleeve_budget"": 0.55}",-inf,0.0015337688221643553,0.93854812234972,0.45454545454545453,False,False,z_vol,0.0026385118048403156,0.0015337688221643553
real_n3_z_vol,"{""betas_2024"": {""AUDUSD/NZDUSD"": 0.7150032270701753, ""EURAUD/AUDUSD"": -0.31093367860651805, ""GBPCAD/USDCAD"": 0.7854865692584787}, ""entry"": 1.5, ""exit_z"": 0.3, ""nested"": ""opt2024_val2025"", ""pairs"": [""EURAUD/AUDUSD:w60"", ""AUDUSD/NZDUSD:w60"", ""GBPCAD/USDCAD:w60""], ""risk_frac"": 0.01, ""sizing"": ""z_vol"", ""sleeve_budget"": 1.0}",-inf,0.0028019833727401106,0.9387224495668866,0.45454545454545453,False,False,z_vol,0.0047617507096939385,0.0028019833727401106
real_n3_z_vol,"{""betas_2024"": {""AUDUSD/NZDUSD"": 0.7150032270701753, ""EURAUD/AUDUSD"": -0.31093367860651805, ""GBPCAD/USDCAD"": 0.7854865692584787}, ""entry"": 1.5, ""exit_z"": 0.5, ""nested"": ""opt2024_val2025"", ""pairs"": [""EURAUD/AUDUSD:w60"", ""AUDUSD/NZDUSD:w60"", ""GBPCAD/USDCAD:w60""], ""risk_frac"": 0.005, ""sizing"": ""z_vol"", ""sleeve_budget"": 0.55}",-inf,0.0007454659666469299,0.8421103466885674,0.6363636363636364,False,False,z_vol,0.0009269490706627485,0.0007454659666469299
real_n3_z_vol,"{""betas_2024"": {""AUDUSD/NZDUSD"": 0.7150032270701753, ""EURAUD/AUDUSD"": -0.31093367860651805, ""GBPCAD/USDCAD"": 0.7854865692584787}, ""entry"": 1.5, ""exit_z"": 0.5, ""nested"": ""opt2024_val2025"", ""pairs"": [""EURAUD/AUDUSD:w60"", ""AUDUSD/NZDUSD:w60"", ""GBPCAD/USDCAD:w60""], ""risk_frac"": 0.005, ""sizing"": ""z_vol"", ""sleeve_budget"": 1.0}",-inf,0.001359970559838275,0.8425145688409962,0.6363636363636364,False,False,z_vol,0.0016848343978253875,0.001359970559838275
real_n3_z_vol,"{""betas_2024"": {""AUDUSD/NZDUSD"": 0.7150032270701753, ""EURAUD/AUDUSD"": -0.31093367860651805, ""GBPCAD/USDCAD"": 0.7854865692584787}, ""entry"": 1.5, ""exit_z"": 0.5, ""nested"": ""opt2024_val2025"", ""pairs"": [""EURAUD/AUDUSD:w60"", ""AUDUSD/NZDUSD:w60"", ""GBPCAD/USDCAD:w60""], ""risk_frac"": 0.0075, ""sizing"": ""z_vol"", ""sleeve_budget"": 0.55}",-inf,0.0011807712237550797,0.8868099347271959,0.6363636363636364,False,False,z_vol,0.0011807712237550797,0.0015675358956390995
real_n3_z_vol,"{""betas_2024"": {""AUDUSD/NZDUSD"": 0.7150032270701753, ""EURAUD/AUDUSD"": -0.31093367860651805, ""GBPCAD/USDCAD"": 0.7854865692584787}, ""entry"": 1.5, ""exit_z"": 0.5, ""nested"": ""opt2024_val2025"", ""pairs"": [""EURAUD/AUDUSD:w60"", ""AUDUSD/NZDUSD:w60"", ""GBPCAD/USDCAD:w60""], ""risk_frac"": 0.0075, ""sizing"": ""z_vol"", ""sleeve_budget"": 1.0}",-inf,0.0021500737782938636,0.8872838261627464,0.6363636363636364,False,False,z_vol,0.0021500737782938636,0.0028548072101148986
real_n3_z_vol,"{""betas_2024"": {""AUDUSD/NZDUSD"": 0.7150032270701753, ""EURAUD/AUDUSD"": -0.31093367860651805, ""GBPCAD/USDCAD"": 0.7854865692584787}, ""entry"": 1.5, ""exit_z"": 0.5, ""nested"": ""opt2024_val2025"", ""pairs"": [""EURAUD/AUDUSD:w60"", ""AUDUSD/NZDUSD:w60"", ""GBPCAD/USDCAD:w60""], ""risk_frac"": 0.01, ""sizing"": ""z_vol"", ""sleeve_budget"": 0.55}",-inf,0.0015608006670790168,0.8898528397428482,0.6363636363636364,False,False,z_vol,0.0015608006670790168,0.002080692142125487
real_n3_z_vol,"{""betas_2024"": {""AUDUSD/NZDUSD"": 0.7150032270701753, ""EURAUD/AUDUSD"": -0.31093367860651805, ""GBPCAD/USDCAD"": 0.7854865692584787}, ""entry"": 1.5, ""exit_z"": 0.5, ""nested"": ""opt2024_val2025"", ""pairs"": [""EURAUD/AUDUSD:w60"", ""AUDUSD/NZDUSD:w60"", ""GBPCAD/USDCAD:w60""], ""risk_frac"": 0.01, ""sizing"": ""z_vol"", ""sleeve_budget"": 1.0}",-inf,0.002840916316583059,0.8904444447921861,0.6363636363636364,False,False,z_vol,0.002840916316583059,0.0037889369857446314
real_n3_z_vol,"{""betas_2024"": {""AUDUSD/NZDUSD"": 0.7150032270701753, ""EURAUD/AUDUSD"": -0.31093367860651805, ""GBPCAD/USDCAD"": 0.7854865692584787}, ""entry"": 1.75, ""exit_z"": 0.2, ""nested"": ""opt2024_val2025"", ""pairs"": [""EURAUD/AUDUSD:w60"", ""AUDUSD/NZDUSD:w60"", ""GBPCAD/USDCAD:w60""], ""risk_frac"": 0.005, ""sizing"": ""z_vol"", ""sleeve_budget"": 0.55}",-inf,-0.0001621297107366193,1.0,0.375,False,False,z_vol,0.0020425799024732312,-0.0001621297107366193
real_n3_z_vol,"{""betas_2024"": {""AUDUSD/NZDUSD"": 0.7150032270701753, ""EURAUD/AUDUSD"": -0.31093367860651805, ""GBPCAD/USDCAD"": 0.7854865692584787}, ""entry"": 1.75, ""exit_z"": 0.2, ""nested"": ""opt2024_val2025"", ""pairs"": [""EURAUD/AUDUSD:w60"", ""AUDUSD/NZDUSD:w60"", ""GBPCAD/USDCAD:w60""], ""risk_frac"": 0.005, ""sizing"": ""z_vol"", ""sleeve_budget"": 1.0}",-inf,-0.00029090741135592846,1.0,0.375,False,False,z_vol,0.0036931997914339087,-0.00029090741135592846
real_n3_z_vol,"{""betas_2024"": {""AUDUSD/NZDUSD"": 0.7150032270701753, ""EURAUD/AUDUSD"": -0.31093367860651805, ""GBPCAD/USDCAD"": 0.7854865692584787}, ""entry"": 1.75, ""exit_z"": 0.2, ""nested"": ""opt2024_val2025"", ""pairs"": [""EURAUD/AUDUSD:w60"", ""AUDUSD/NZDUSD:w60"", ""GBPCAD/USDCAD:w60""], ""risk_frac"": 0.0075, ""sizing"": ""z_vol"", ""sleeve_budget"": 0.55}",-inf,7.571367869767254e-05,0.8358834822757462,0.5,False,False,z_vol,0.002888039093100042,7.571367869767254e-05
real_n3_z_vol,"{""betas_2024"": {""AUDUSD/NZDUSD"": 0.7150032270701753, ""EURAUD/AUDUSD"": -0.31093367860651805, ""GBPCAD/USDCAD"": 0.7854865692584787}, ""entry"": 1.75, ""exit_z"": 0.2, ""nested"": ""opt2024_val2025"", ""pairs"": [""EURAUD/AUDUSD:w60"", ""AUDUSD/NZDUSD:w60"", ""GBPCAD/USDCAD:w60""], ""risk_frac"": 0.0075, ""sizing"": ""z_vol"", ""sleeve_budget"": 1.0}",-inf,0.00014745104365362915,0.835488285543491,0.5,False,False,z_vol,0.005213467797484742,0.00014745104365362915
real_n3_z_vol,"{""betas_2024"": {""AUDUSD/NZDUSD"": 0.7150032270701753, ""EURAUD/AUDUSD"": -0.31093367860651805, ""GBPCAD/USDCAD"": 0.7854865692584787}, ""entry"": 1.75, ""exit_z"": 0.2, ""nested"": ""opt2024_val2025"", ""pairs"": [""EURAUD/AUDUSD:w60"", ""AUDUSD/NZDUSD:w60"", ""GBPCAD/USDCAD:w60""], ""risk_frac"": 0.01, ""sizing"": ""z_vol"", ""sleeve_budget"": 0.55}",-inf,0.0002696615412555309,0.8244072571223444,0.5,False,False,z_vol,0.003870849349005753,0.0002696615412555309
real_n3_z_vol,"{""betas_2024"": {""AUDUSD/NZDUSD"": 0.7150032270701753, ""EURAUD/AUDUSD"": -0.31093367860651805, ""GBPCAD/USDCAD"": 0.7854865692584787}, ""entry"": 1.75, ""exit_z"": 0.2, ""nested"": ""opt2024_val2025"", ""pairs"": [""EURAUD/AUDUSD:w60"", ""AUDUSD/NZDUSD:w60"", ""GBPCAD/USDCAD:w60""], ""risk_frac"": 0.01, ""sizing"": ""z_vol"", ""sleeve_budget"": 1.0}",-inf,0.0005063011974765635,0.8266279651609366,0.5,False,False,z_vol,0.006968514347470519,0.0005063011974765635
real_n3_z_vol,"{""betas_2024"": {""AUDUSD/NZDUSD"": 0.7150032270701753, ""EURAUD/AUDUSD"": -0.31093367860651805, ""GBPCAD/USDCAD"": 0.7854865692584787}, ""entry"": 1.75, ""exit_z"": 0.3, ""nested"": ""opt2024_val2025"", ""pairs"": [""EURAUD/AUDUSD:w60"", ""AUDUSD/NZDUSD:w60"", ""GBPCAD/USDCAD:w60""], ""risk_frac"": 0.005, ""sizing"": ""z_vol"", ""sleeve_budget"": 0.55}",-inf,0.0004306218883221441,0.7510542037639819,0.625,False,False,z_vol,0.0016747217022013176,0.0004306218883221441
real_n3_z_vol,"{""betas_2024"": {""AUDUSD/NZDUSD"": 0.7150032270701753, ""EURAUD/AUDUSD"": -0.31093367860651805, ""GBPCAD/USDCAD"": 0.7854865692584787}, ""entry"": 1.75, ""exit_z"": 0.3, ""nested"": ""opt2024_val2025"", ""pairs"": [""EURAUD/AUDUSD:w60"", ""AUDUSD/NZDUSD:w60"", ""GBPCAD/USDCAD:w60""], ""risk_frac"": 0.005, ""sizing"": ""z_vol"", ""sleeve_budget"": 1.0}",-inf,0.0007865910082105049,0.7515246691520542,0.625,False,False,z_vol,0.003031996611756632,0.0007865910082105049
real_n3_z_vol,"{""betas_2024"": {""AUDUSD/NZDUSD"": 0.7150032270701753, ""EURAUD/AUDUSD"": -0.31093367860651805, ""GBPCAD/USDCAD"": 0.7854865692584787}, ""entry"": 1.75, ""exit_z"": 0.3, ""nested"": ""opt2024_val2025"", ""pairs"": [""EURAUD/AUDUSD:w60"", ""AUDUSD/NZDUSD:w60"", ""GBPCAD/USDCAD:w60""], ""risk_frac"": 0.0075, ""sizing"": ""z_vol"", ""sleeve_budget"": 0.55}",-inf,0.0009640836311035073,0.7874573876809136,0.625,False,False,z_vol,0.0023410866414020804,0.0009640836311035073
real_n3_z_vol,"{""betas_2024"": {""AUDUSD/NZDUSD"": 0.7150032270701753, ""EURAUD/AUDUSD"": -0.31093367860651805, ""GBPCAD/USDCAD"": 0.7854865692584787}, ""entry"": 1.75, ""exit_z"": 0.3, ""nested"": ""opt2024_val2025"", ""pairs"": [""EURAUD/AUDUSD:w60"", ""AUDUSD/NZDUSD:w60"", ""GBPCAD/USDCAD:w60""], ""risk_frac"": 0.0075, ""sizing"": ""z_vol"", ""sleeve_budget"": 1.0}",-inf,0.0017600840960181469,0.7880685880841728,0.625,False,False,z_vol,0.004234239930412104,0.0017600840960181469
real_n3_z_vol,"{""betas_2024"": {""AUDUSD/NZDUSD"": 0.7150032270701753, ""EURAUD/AUDUSD"": -0.31093367860651805, ""GBPCAD/USDCAD"": 0.7854865692584787}, ""entry"": 1.75, ""exit_z"": 0.3, ""nested"": ""opt2024_val2025"", ""pairs"": [""EURAUD/AUDUSD:w60"", ""AUDUSD/NZDUSD:w60"", ""GBPCAD/USDCAD:w60""], ""risk_frac"": 0.01, ""sizing"": ""z_vol"", ""sleeve_budget"": 0.55}",-inf,0.00146071002967689,0.7969287014373004,0.625,False,False,z_vol,0.003184859948608035,0.00146071002967689
real_n3_z_vol,"{""betas_2024"": {""AUDUSD/NZDUSD"": 0.7150032270701753, ""EURAUD/AUDUSD"": -0.31093367860651805, ""GBPCAD/USDCAD"": 0.7854865692584787}, ""entry"": 1.75, ""exit_z"": 0.3, ""nested"": ""opt2024_val2025"", ""pairs"": [""EURAUD/AUDUSD:w60"", ""AUDUSD/NZDUSD:w60"", ""GBPCAD/USDCAD:w60""], ""risk_frac"": 0.01, ""sizing"": ""z_vol"", ""sleeve_budget"": 1.0}",-inf,0.002665175631804184,0.7986843154137946,0.625,False,False,z_vol,0.005747727048475552,0.002665175631804184
real_n3_z_vol,"{""betas_2024"": {""AUDUSD/NZDUSD"": 0.7150032270701753, ""EURAUD/AUDUSD"": -0.31093367860651805, ""GBPCAD/USDCAD"": 0.7854865692584787}, ""entry"": 1.75, ""exit_z"": 0.5, ""nested"": ""opt2024_val2025"", ""pairs"": [""EURAUD/AUDUSD:w60"", ""AUDUSD/NZDUSD:w60"", ""GBPCAD/USDCAD:w60""], ""risk_frac"": 0.005, ""sizing"": ""z_vol"", ""sleeve_budget"": 0.55}",-inf,0.00044811668055998177,0.8001801452440193,0.6363636363636364,False,False,z_vol,0.0011623612377893444,0.00044811668055998177
real_n3_z_vol,"{""betas_2024"": {""AUDUSD/NZDUSD"": 0.7150032270701753, ""EURAUD/AUDUSD"": -0.31093367860651805, ""GBPCAD/USDCAD"": 0.7854865692584787}, ""entry"": 1.75, ""exit_z"": 0.5, ""nested"": ""opt2024_val2025"", ""pairs"": [""EURAUD/AUDUSD:w60"", ""AUDUSD/NZDUSD:w60"", ""GBPCAD/USDCAD:w60""], ""risk_frac"": 0.005, ""sizing"": ""z_vol"", ""sleeve_budget"": 1.0}",-inf,0.0008186408613382185,0.8008596956331699,0.6363636363636364,False,False,z_vol,0.002111385874509572,0.0008186408613382185
real_n3_z_vol,"{""betas_2024"": {""AUDUSD/NZDUSD"": 0.7150032270701753, ""EURAUD/AUDUSD"": -0.31093367860651805, ""GBPCAD/USDCAD"": 0.7854865692584787}, ""entry"": 1.75, ""exit_z"": 0.5, ""nested"": ""opt2024_val2025"", ""pairs"": [""EURAUD/AUDUSD:w60"", ""AUDUSD/NZDUSD:w60"", ""GBPCAD/USDCAD:w60""], ""risk_frac"": 0.0075, ""sizing"": ""z_vol"", ""sleeve_budget"": 0.55}",-inf,0.0009754130268320588,0.827954283013691,0.6363636363636364,False,False,z_vol,0.0015647935275947848,0.0009754130268320588
real_n3_z_vol,"{""betas_2024"": {""AUDUSD/NZDUSD"": 0.7150032270701753, ""EURAUD/AUDUSD"": -0.31093367860651805, ""GBPCAD/USDCAD"": 0.7854865692584787}, ""entry"": 1.75, ""exit_z"": 0.5, ""nested"": ""opt2024_val2025"", ""pairs"": [""EURAUD/AUDUSD:w60"", ""AUDUSD/NZDUSD:w60"", ""GBPCAD/USDCAD:w60""], ""risk_frac"": 0.0075, ""sizing"": ""z_vol"", ""sleeve_budget"": 1.0}",-inf,0.001780576547209381,0.8290474081283096,0.6363636363636364,False,False,z_vol,0.0028451520193877814,0.001780576547209381
real_n3_z_vol,"{""betas_2024"": {""AUDUSD/NZDUSD"": 0.7150032270701753, ""EURAUD/AUDUSD"": -0.31093367860651805, ""GBPCAD/USDCAD"": 0.7854865692584787}, ""entry"": 1.75, ""exit_z"": 0.5, ""nested"": ""opt2024_val2025"", ""pairs"": [""EURAUD/AUDUSD:w60"", ""AUDUSD/NZDUSD:w60"", ""GBPCAD/USDCAD:w60""], ""risk_frac"": 0.01, ""sizing"": ""z_vol"", ""sleeve_budget"": 0.55}",-inf,0.0014830360957043681,0.8322347500605125,0.6363636363636364,False,False,z_vol,0.002170603194067538,0.0014830360957043681
real_n3_z_vol,"{""betas_2024"": {""AUDUSD/NZDUSD"": 0.7150032270701753, ""EURAUD/AUDUSD"": -0.31093367860651805, ""GBPCAD/USDCAD"": 0.7854865692584787}, ""entry"": 1.75, ""exit_z"": 0.5, ""nested"": ""opt2024_val2025"", ""pairs"": [""EURAUD/AUDUSD:w60"", ""AUDUSD/NZDUSD:w60"", ""GBPCAD/USDCAD:w60""], ""risk_frac"": 0.01, ""sizing"": ""z_vol"", ""sleeve_budget"": 1.0}",-inf,0.0027046174481400592,0.8337113405694843,0.6363636363636364,False,False,z_vol,0.003942112461125676,0.0027046174481400592
real_n3_z_vol,"{""betas_2024"": {""AUDUSD/NZDUSD"": 0.7150032270701753, ""EURAUD/AUDUSD"": -0.31093367860651805, ""GBPCAD/USDCAD"": 0.7854865692584787}, ""entry"": 2.0, ""exit_z"": 0.2, ""nested"": ""opt2024_val2025"", ""pairs"": [""EURAUD/AUDUSD:w60"", ""AUDUSD/NZDUSD:w60"", ""GBPCAD/USDCAD:w60""], ""risk_frac"": 0.005, ""sizing"": ""z_vol"", ""sleeve_budget"": 0.55}",-inf,0.00010263037261318275,0.8126900990528935,0.5,False,False,z_vol,0.0021987684541232063,0.00010263037261318275
real_n3_z_vol,"{""betas_2024"": {""AUDUSD/NZDUSD"": 0.7150032270701753, ""EURAUD/AUDUSD"": -0.31093367860651805, ""GBPCAD/USDCAD"": 0.7854865692584787}, ""entry"": 2.0, ""exit_z"": 0.2, ""nested"": ""opt2024_val2025"", ""pairs"": [""EURAUD/AUDUSD:w60"", ""AUDUSD/NZDUSD:w60"", ""GBPCAD/USDCAD:w60""], ""risk_frac"": 0.005, ""sizing"": ""z_vol"", ""sleeve_budget"": 1.0}",-inf,0.00019113578473167747,0.8127891332196678,0.5,False,False,z_vol,0.003971881296623433,0.00019113578473167747
real_n3_z_vol,"{""betas_2024"": {""AUDUSD/NZDUSD"": 0.7150032270701753, ""EURAUD/AUDUSD"": -0.31093367860651805, ""GBPCAD/USDCAD"": 0.7854865692584787}, ""entry"": 2.0, ""exit_z"": 0.2, ""nested"": ""opt2024_val2025"", ""pairs"": [""EURAUD/AUDUSD:w60"", ""AUDUSD/NZDUSD:w60"", ""GBPCAD/USDCAD:w60""], ""risk_frac"": 0.0075, ""sizing"": ""z_vol"", ""sleeve_budget"": 0.55}",-inf,0.0003558591925188065,0.832684954191072,0.5,False,False,z_vol,0.0031962613117234987,0.0003558591925188065
real_n3_z_vol,"{""betas_2024"": {""AUDUSD/NZDUSD"": 0.7150032270701753, ""EURAUD/AUDUSD"": -0.31093367860651805, ""GBPCAD/USDCAD"": 0.7854865692584787}, ""entry"": 2.0, ""exit_z"": 0.2, ""nested"": ""opt2024_val2025"", ""pairs"": [""EURAUD/AUDUSD:w60"", ""AUDUSD/NZDUSD:w60"", ""GBPCAD/USDCAD:w60""], ""risk_frac"": 0.0075, ""sizing"": ""z_vol"", ""sleeve_budget"": 1.0}",-inf,0.0006580527640506761,0.8327415415053772,0.5,False,False,z_vol,0.005758762386399163,0.0006580527640506761
real_n3_z_vol,"{""betas_2024"": {""AUDUSD/NZDUSD"": 0.7150032270701753, ""EURAUD/AUDUSD"": -0.31093367860651805, ""GBPCAD/USDCAD"": 0.7854865692584787}, ""entry"": 2.0, ""exit_z"": 0.2, ""nested"": ""opt2024_val2025"", ""pairs"": [""EURAUD/AUDUSD:w60"", ""AUDUSD/NZDUSD:w60"", ""GBPCAD/USDCAD:w60""], ""risk_frac"": 0.01, ""sizing"": ""z_vol"", ""sleeve_budget"": 0.55}",-inf,0.0005976229671677269,0.8357474353110608,0.5,False,False,z_vol,0.004130338096491195,0.0005976229671677269
real_n3_z_vol,"{""betas_2024"": {""AUDUSD/NZDUSD"": 0.7150032270701753, ""EURAUD/AUDUSD"": -0.31093367860651805, ""GBPCAD/USDCAD"": 0.7854865692584787}, ""entry"": 2.0, ""exit_z"": 0.2, ""nested"": ""opt2024_val2025"", ""pairs"": [""EURAUD/AUDUSD:w60"", ""AUDUSD/NZDUSD:w60"", ""GBPCAD/USDCAD:w60""], ""risk_frac"": 0.01, ""sizing"": ""z_vol"", ""sleeve_budget"": 1.0}",-inf,0.001104243855506351,0.8357163562293615,0.5,False,False,z_vol,0.00742391140138105,0.001104243855506351
real_n3_z_vol,"{""betas_2024"": {""AUDUSD/NZDUSD"": 0.7150032270701753, ""EURAUD/AUDUSD"": -0.31093367860651805, ""GBPCAD/USDCAD"": 0.7854865692584787}, ""entry"": 2.0, ""exit_z"": 0.3, ""nested"": ""opt2024_val2025"", ""pairs"": [""EURAUD/AUDUSD:w60"", ""AUDUSD/NZDUSD:w60"", ""GBPCAD/USDCAD:w60""], ""risk_frac"": 0.005, ""sizing"": ""z_vol"", ""sleeve_budget"": 0.55}",-inf,0.0007665584640525608,0.7202688845483064,0.625,False,False,z_vol,0.0018052051695567845,0.0007665584640525608
real_n3_z_vol,"{""betas_2024"": {""AUDUSD/NZDUSD"": 0.7150032270701753, ""EURAUD/AUDUSD"": -0.31093367860651805, ""GBPCAD/USDCAD"": 0.7854865692584787}, ""entry"": 2.0, ""exit_z"": 0.3, ""nested"": ""opt2024_val2025"", ""pairs"": [""EURAUD/AUDUSD:w60"", ""AUDUSD/NZDUSD:w60"", ""GBPCAD/USDCAD:w60""], ""risk_frac"": 0.005, ""sizing"": ""z_vol"", ""sleeve_budget"": 1.0}",-inf,0.0013963014894724651,0.7206003517386184,0.625,False,False,z_vol,0.0032660689746700374,0.0013963014894724651
real_n3_z_vol,"{""betas_2024"": {""AUDUSD/NZDUSD"": 0.7150032270701753, ""EURAUD/AUDUSD"": -0.31093367860651805, ""GBPCAD/USDCAD"": 0.7854865692584787}, ""entry"": 2.0, ""exit_z"": 0.3, ""nested"": ""opt2024_val2025"", ""pairs"": [""EURAUD/AUDUSD:w60"", ""AUDUSD/NZDUSD:w60"", ""GBPCAD/USDCAD:w60""], ""risk_frac"": 0.0075, ""sizing"": ""z_vol"", ""sleeve_budget"": 0.55}",-inf,0.001354054237527616,0.7471325048670676,0.625,False,False,z_vol,0.0025899647899909617,0.001354054237527616
real_n3_z_vol,"{""betas_2024"": {""AUDUSD/NZDUSD"": 0.7150032270701753, ""EURAUD/AUDUSD"": -0.31093367860651805, ""GBPCAD/USDCAD"": 0.7854865692584787}, ""entry"": 2.0, ""exit_z"": 0.3, ""nested"": ""opt2024_val2025"", ""pairs"": [""EURAUD/AUDUSD:w60"", ""AUDUSD/NZDUSD:w60"", ""GBPCAD/USDCAD:w60""], ""risk_frac"": 0.0075, ""sizing"": ""z_vol"", ""sleeve_budget"": 1.0}",-inf,0.002466982818681074,0.7476159725660898,0.625,False,False,z_vol,0.004677608125930604,0.002466982818681074
real_n3_z_vol,"{""betas_2024"": {""AUDUSD/NZDUSD"": 0.7150032270701753, ""EURAUD/AUDUSD"": -0.31093367860651805, ""GBPCAD/USDCAD"": 0.7854865692584787}, ""entry"": 2.0, ""exit_z"": 0.3, ""nested"": ""opt2024_val2025"", ""pairs"": [""EURAUD/AUDUSD:w60"", ""AUDUSD/NZDUSD:w60"", ""GBPCAD/USDCAD:w60""], ""risk_frac"": 0.01, ""sizing"": ""z_vol"", ""sleeve_budget"": 0.55}",-inf,0.0019346968929263991,0.7503475579466267,0.625,False,False,z_vol,0.003353547376416345,0.0019346968929263991
real_n3_z_vol,"{""betas_2024"": {""AUDUSD/NZDUSD"": 0.7150032270701753, ""EURAUD/AUDUSD"": -0.31093367860651805, ""GBPCAD/USDCAD"": 0.7854865692584787}, ""entry"": 2.0, ""exit_z"": 0.3, ""nested"": ""opt2024_val2025"", ""pairs"": [""EURAUD/AUDUSD:w60"", ""AUDUSD/NZDUSD:w60"", ""GBPCAD/USDCAD:w60""], ""risk_frac"": 0.01, ""sizing"": ""z_vol"", ""sleeve_budget"": 1.0}",-inf,0.0035228629825927588,0.7516147843014941,0.625,False,False,z_vol,0.006047068993692117,0.0035228629825927588
real_n3_z_vol,"{""betas_2024"": {""AUDUSD/NZDUSD"": 0.7150032270701753, ""EURAUD/AUDUSD"": -0.31093367860651805, ""GBPCAD/USDCAD"": 0.7854865692584787}, ""entry"": 2.0, ""exit_z"": 0.5, ""nested"": ""opt2024_val2025"", ""pairs"": [""EURAUD/AUDUSD:w60"", ""AUDUSD/NZDUSD:w60"", ""GBPCAD/USDCAD:w60""], ""risk_frac"": 0.005, ""sizing"": ""z_vol"", ""sleeve_budget"": 0.55}",-inf,0.00077656193474962,0.7963946847558174,0.6363636363636364,False,False,z_vol,0.0012884012666426572,0.00077656193474962
real_n3_z_vol,"{""betas_2024"": {""AUDUSD/NZDUSD"": 0.7150032270701753, ""EURAUD/AUDUSD"": -0.31093367860651805, ""GBPCAD/USDCAD"": 0.7854865692584787}, ""entry"": 2.0, ""exit_z"": 0.5, ""nested"": ""opt2024_val2025"", ""pairs"": [""EURAUD/AUDUSD:w60"", ""AUDUSD/NZDUSD:w60"", ""GBPCAD/USDCAD:w60""], ""risk_frac"": 0.005, ""sizing"": ""z_vol"", ""sleeve_budget"": 1.0}",-inf,0.0014141501275451995,0.7968365288187699,0.6363636363636364,False,False,z_vol,0.0023384760201558097,0.0014141501275451995
real_n3_z_vol,"{""betas_2024"": {""AUDUSD/NZDUSD"": 0.7150032270701753, ""EURAUD/AUDUSD"": -0.31093367860651805, ""GBPCAD/USDCAD"": 0.7854865692584787}, ""entry"": 2.0, ""exit_z"": 0.5, ""nested"": ""opt2024_val2025"", ""pairs"": [""EURAUD/AUDUSD:w60"", ""AUDUSD/NZDUSD:w60"", ""GBPCAD/USDCAD:w60""], ""risk_frac"": 0.0075, ""sizing"": ""z_vol"", ""sleeve_budget"": 0.55}",-inf,0.0013607626769786135,0.8126381496340989,0.6363636363636364,False,False,z_vol,0.0018076911344903988,0.0013607626769786135
real_n3_z_vol,"{""betas_2024"": {""AUDUSD/NZDUSD"": 0.7150032270701753, ""EURAUD/AUDUSD"": -0.31093367860651805, ""GBPCAD/USDCAD"": 0.7854865692584787}, ""entry"": 2.0, ""exit_z"": 0.5, ""nested"": ""opt2024_val2025"", ""pairs"": [""EURAUD/AUDUSD:w60"", ""AUDUSD/NZDUSD:w60"", ""GBPCAD/USDCAD:w60""], ""risk_frac"": 0.0075, ""sizing"": ""z_vol"", ""sleeve_budget"": 1.0}",-inf,0.002477983419961652,0.8132847929598621,0.6363636363636364,False,False,z_vol,0.003280698704330474,0.002477983419961652
real_n3_z_vol,"{""betas_2024"": {""AUDUSD/NZDUSD"": 0.7150032270701753, ""EURAUD/AUDUSD"": -0.31093367860651805, ""GBPCAD/USDCAD"": 0.7854865692584787}, ""entry"": 2.0, ""exit_z"": 0.5, ""nested"": ""opt2024_val2025"", ""pairs"": [""EURAUD/AUDUSD:w60"", ""AUDUSD/NZDUSD:w60"", ""GBPCAD/USDCAD:w60""], ""risk_frac"": 0.01, ""sizing"": ""z_vol"", ""sleeve_budget"": 0.55}",-inf,0.0019420720736056524,0.8150901189606492,0.6363636363636364,False,False,z_vol,0.0023084337867067943,0.0019420720736056524
real_n3_z_vol,"{""betas_2024"": {""AUDUSD/NZDUSD"": 0.7150032270701753, ""EURAUD/AUDUSD"": -0.31093367860651805, ""GBPCAD/USDCAD"": 0.7854865692584787}, ""entry"": 2.0, ""exit_z"": 0.5, ""nested"": ""opt2024_val2025"", ""pairs"": [""EURAUD/AUDUSD:w60"", ""AUDUSD/NZDUSD:w60"", ""GBPCAD/USDCAD:w60""], ""risk_frac"": 0.01, ""sizing"": ""z_vol"", ""sleeve_budget"": 1.0}",-inf,0.003533520514811192,0.815860749204936,0.6363636363636364,False,False,z_vol,0.004189456217327429,0.003533520514811192
real_n3_z_vol,"{""betas_2024"": {""AUDUSD/NZDUSD"": 0.7150032270701753, ""EURAUD/AUDUSD"": -0.31093367860651805, ""GBPCAD/USDCAD"": 0.7854865692584787}, ""entry"": 2.25, ""exit_z"": 0.2, ""nested"": ""opt2024_val2025"", ""pairs"": [""EURAUD/AUDUSD:w60"", ""AUDUSD/NZDUSD:w60"", ""GBPCAD/USDCAD:w60""], ""risk_frac"": 0.005, ""sizing"": ""z_vol"", ""sleeve_budget"": 0.55}",-inf,-7.501039089802264e-05,0.9592315537857408,0.5,False,False,z_vol,0.001871792798318536,-7.501039089802264e-05
real_n3_z_vol,"{""betas_2024"": {""AUDUSD/NZDUSD"": 0.7150032270701753, ""EURAUD/AUDUSD"": -0.31093367860651805, ""GBPCAD/USDCAD"": 0.7854865692584787}, ""entry"": 2.25, ""exit_z"": 0.2, ""nested"": ""opt2024_val2025"", ""pairs"": [""EURAUD/AUDUSD:w60"", ""AUDUSD/NZDUSD:w60"", ""GBPCAD/USDCAD:w60""], ""risk_frac"": 0.005, ""sizing"": ""z_vol"", ""sleeve_budget"": 1.0}",-inf,-0.00013210661258077072,0.9593096262849014,0.5,False,False,z_vol,0.0033873464768599186,-0.00013210661258077072
real_n3_z_vol,"{""betas_2024"": {""AUDUSD/NZDUSD"": 0.7150032270701753, ""EURAUD/AUDUSD"": -0.31093367860651805, ""GBPCAD/USDCAD"": 0.7854865692584787}, ""entry"": 2.25, ""exit_z"": 0.2, ""nested"": ""opt2024_val2025"", ""pairs"": [""EURAUD/AUDUSD:w60"", ""AUDUSD/NZDUSD:w60"", ""GBPCAD/USDCAD:w60""], ""risk_frac"": 0.0075, ""sizing"": ""z_vol"", ""sleeve_budget"": 0.55}",-inf,6.861692536026809e-05,0.963933953898234,0.5,False,False,z_vol,0.0027079194791553044,6.861692536026809e-05
real_n3_z_vol,"{""betas_2024"": {""AUDUSD/NZDUSD"": 0.7150032270701753, ""EURAUD/AUDUSD"": -0.31093367860651805, ""GBPCAD/USDCAD"": 0.7854865692584787}, ""entry"": 2.25, ""exit_z"": 0.2, ""nested"": ""opt2024_val2025"", ""pairs"": [""EURAUD/AUDUSD:w60"", ""AUDUSD/NZDUSD:w60"", ""GBPCAD/USDCAD:w60""], ""risk_frac"": 0.0075, ""sizing"": ""z_vol"", ""sleeve_budget"": 1.0}",-inf,0.00013575987945359247,0.9640212782177372,0.5,False,False,z_vol,0.004892345264185169,0.00013575987945359247
real_n3_z_vol,"{""betas_2024"": {""AUDUSD/NZDUSD"": 0.7150032270701753, ""EURAUD/AUDUSD"": -0.31093367860651805, ""GBPCAD/USDCAD"": 0.7854865692584787}, ""entry"": 2.25, ""exit_z"": 0.2, ""nested"": ""opt2024_val2025"", ""pairs"": [""EURAUD/AUDUSD:w60"", ""AUDUSD/NZDUSD:w60"", ""GBPCAD/USDCAD:w60""], ""risk_frac"": 0.01, ""sizing"": ""z_vol"", ""sleeve_budget"": 0.55}",-inf,0.00021943995514073222,0.9660093766960939,0.5,False,False,z_vol,0.0034461818346636893,0.00021943995514073222
real_n3_z_vol,"{""betas_2024"": {""AUDUSD/NZDUSD"": 0.7150032270701753, ""EURAUD/AUDUSD"": -0.31093367860651805, ""GBPCAD/USDCAD"": 0.7854865692584787}, ""entry"": 2.25, ""exit_z"": 0.2, ""nested"": ""opt2024_val2025"", ""pairs"": [""EURAUD/AUDUSD:w60"", ""AUDUSD/NZDUSD:w60"", ""GBPCAD/USDCAD:w60""], ""risk_frac"": 0.01, ""sizing"": ""z_vol"", ""sleeve_budget"": 1.0}",-inf,0.0004169657920386899,0.9660931964415378,0.5,False,False,z_vol,0.006217852127448056,0.0004169657920386899
real_n3_z_vol,"{""betas_2024"": {""AUDUSD/NZDUSD"": 0.7150032270701753, ""EURAUD/AUDUSD"": -0.31093367860651805, ""GBPCAD/USDCAD"": 0.7854865692584787}, ""entry"": 2.25, ""exit_z"": 0.3, ""nested"": ""opt2024_val2025"", ""pairs"": [""EURAUD/AUDUSD:w60"", ""AUDUSD/NZDUSD:w60"", ""GBPCAD/USDCAD:w60""], ""risk_frac"": 0.005, ""sizing"": ""z_vol"", ""sleeve_budget"": 0.55}",-inf,0.00061395142169407,0.7983143385188145,0.625,False,False,z_vol,0.0015638985266229048,0.00061395142169407
real_n3_z_vol,"{""betas_2024"": {""AUDUSD/NZDUSD"": 0.7150032270701753, ""EURAUD/AUDUSD"": -0.31093367860651805, ""GBPCAD/USDCAD"": 0.7854865692584787}, ""entry"": 2.25, ""exit_z"": 0.3, ""nested"": ""opt2024_val2025"", ""pairs"": [""EURAUD/AUDUSD:w60"", ""AUDUSD/NZDUSD:w60"", ""GBPCAD/USDCAD:w60""], ""risk_frac"": 0.005, ""sizing"": ""z_vol"", ""sleeve_budget"": 1.0}",-inf,0.0011198870816040846,0.7989058830588852,0.625,False,False,z_vol,0.0028320079360229762,0.0011198870816040846
real_n3_z_vol,"{""betas_2024"": {""AUDUSD/NZDUSD"": 0.7150032270701753, ""EURAUD/AUDUSD"": -0.31093367860651805, ""GBPCAD/USDCAD"": 0.7854865692584787}, ""entry"": 2.25, ""exit_z"": 0.3, ""nested"": ""opt2024_val2025"", ""pairs"": [""EURAUD/AUDUSD:w60"", ""AUDUSD/NZDUSD:w60"", ""GBPCAD/USDCAD:w60""], ""risk_frac"": 0.0075, ""sizing"": ""z_vol"", ""sleeve_budget"": 0.55}",-inf,0.00110108165373983,0.8195895329595209,0.625,False,False,z_vol,0.0022428569686498774,0.00110108165373983
real_n3_z_vol,"{""betas_2024"": {""AUDUSD/NZDUSD"": 0.7150032270701753, ""EURAUD/AUDUSD"": -0.31093367860651805, ""GBPCAD/USDCAD"": 0.7854865692584787}, ""entry"": 2.25, ""exit_z"": 0.3, ""nested"": ""opt2024_val2025"", ""pairs"": [""EURAUD/AUDUSD:w60"", ""AUDUSD/NZDUSD:w60"", ""GBPCAD/USDCAD:w60""], ""risk_frac"": 0.0075, ""sizing"": ""z_vol"", ""sleeve_budget"": 1.0}",-inf,0.002010048227202646,0.8204760886575556,0.625,False,False,z_vol,0.004055820987986524,0.002010048227202646
real_n3_z_vol,"{""betas_2024"": {""AUDUSD/NZDUSD"": 0.7150032270701753, ""EURAUD/AUDUSD"": -0.31093367860651805, ""GBPCAD/USDCAD"": 0.7854865692584787}, ""entry"": 2.25, ""exit_z"": 0.3, ""nested"": ""opt2024_val2025"", ""pairs"": [""EURAUD/AUDUSD:w60"", ""AUDUSD/NZDUSD:w60"", ""GBPCAD/USDCAD:w60""], ""risk_frac"": 0.01, ""sizing"": ""z_vol"", ""sleeve_budget"": 0.55}",-inf,0.0015987298663399513,0.8204623960089299,0.625,False,False,z_vol,0.002887326415682305,0.0015987298663399513
real_n3_z_vol,"{""betas_2024"": {""AUDUSD/NZDUSD"": 0.7150032270701753, ""EURAUD/AUDUSD"": -0.31093367860651805, ""GBPCAD/USDCAD"": 0.7854865692584787}, ""entry"": 2.25, ""exit_z"": 0.3, ""nested"": ""opt2024_val2025"", ""pairs"": [""EURAUD/AUDUSD:w60"", ""AUDUSD/NZDUSD:w60"", ""GBPCAD/USDCAD:w60""], ""risk_frac"": 0.01, ""sizing"": ""z_vol"", ""sleeve_budget"": 1.0}",-inf,0.0029176285953471104,0.8216107871619222,0.625,False,False,z_vol,0.005215081413623187,0.0029176285953471104
real_n3_z_vol,"{""betas_2024"": {""AUDUSD/NZDUSD"": 0.7150032270701753, ""EURAUD/AUDUSD"": -0.31093367860651805, ""GBPCAD/USDCAD"": 0.7854865692584787}, ""entry"": 2.25, ""exit_z"": 0.5, ""nested"": ""opt2024_val2025"", ""pairs"": [""EURAUD/AUDUSD:w60"", ""AUDUSD/NZDUSD:w60"", ""GBPCAD/USDCAD:w60""], ""risk_frac"": 0.005, ""sizing"": ""z_vol"", ""sleeve_budget"": 0.55}",-inf,0.0006529541037734038,0.9121469574247247,0.5,False,False,z_vol,0.0010988094852772362,0.0006529541037734038
real_n3_z_vol,"{""betas_2024"": {""AUDUSD/NZDUSD"": 0.7150032270701753, ""EURAUD/AUDUSD"": -0.31093367860651805, ""GBPCAD/USDCAD"": 0.7854865692584787}, ""entry"": 2.25, ""exit_z"": 0.5, ""nested"": ""opt2024_val2025"", ""pairs"": [""EURAUD/AUDUSD:w60"", ""AUDUSD/NZDUSD:w60"", ""GBPCAD/USDCAD:w60""], ""risk_frac"": 0.005, ""sizing"": ""z_vol"", ""sleeve_budget"": 1.0}",-inf,0.0011894061878661155,0.912621738423831,0.5,False,False,z_vol,0.0019953652077774834,0.0011894061878661155
real_n3_z_vol,"{""betas_2024"": {""AUDUSD/NZDUSD"": 0.7150032270701753, ""EURAUD/AUDUSD"": -0.31093367860651805, ""GBPCAD/USDCAD"": 0.7854865692584787}, ""entry"": 2.25, ""exit_z"": 0.5, ""nested"": ""opt2024_val2025"", ""pairs"": [""EURAUD/AUDUSD:w60"", ""AUDUSD/NZDUSD:w60"", ""GBPCAD/USDCAD:w60""], ""risk_frac"": 0.0075, ""sizing"": ""z_vol"", ""sleeve_budget"": 0.55}",-inf,0.0011803156471589804,0.9199099992244544,0.5,False,False,z_vol,0.0015356776864315913,0.0011803156471589804
real_n3_z_vol,"{""betas_2024"": {""AUDUSD/NZDUSD"": 0.7150032270701753, ""EURAUD/AUDUSD"": -0.31093367860651805, ""GBPCAD/USDCAD"": 0.7854865692584787}, ""entry"": 2.25, ""exit_z"": 0.5, ""nested"": ""opt2024_val2025"", ""pairs"": [""EURAUD/AUDUSD:w60"", ""AUDUSD/NZDUSD:w60"", ""GBPCAD/USDCAD:w60""], ""risk_frac"": 0.0075, ""sizing"": ""z_vol"", ""sleeve_budget"": 1.0}",-inf,0.0021496111929566047,0.920625972122559,0.5,False,False,z_vol,0.0027889448501983868,0.0021496111929566047
real_n3_z_vol,"{""betas_2024"": {""AUDUSD/NZDUSD"": 0.7150032270701753, ""EURAUD/AUDUSD"": -0.31093367860651805, ""GBPCAD/USDCAD"": 0.7854865692584787}, ""entry"": 2.25, ""exit_z"": 0.5, ""nested"": ""opt2024_val2025"", ""pairs"": [""EURAUD/AUDUSD:w60"", ""AUDUSD/NZDUSD:w60"", ""GBPCAD/USDCAD:w60""], ""risk_frac"": 0.01, ""sizing"": ""z_vol"", ""sleeve_budget"": 0.55}",-inf,0.001700603780892193,0.9193153861988868,0.5,False,False,z_vol,0.001957484137282563,0.001700603780892193
real_n3_z_vol,"{""betas_2024"": {""AUDUSD/NZDUSD"": 0.7150032270701753, ""EURAUD/AUDUSD"": -0.31093367860651805, ""GBPCAD/USDCAD"": 0.7854865692584787}, ""entry"": 2.25, ""exit_z"": 0.5, ""nested"": ""opt2024_val2025"", ""pairs"": [""EURAUD/AUDUSD:w60"", ""AUDUSD/NZDUSD:w60"", ""GBPCAD/USDCAD:w60""], ""risk_frac"": 0.01, ""sizing"": ""z_vol"", ""sleeve_budget"": 1.0}",-inf,0.003093727698338905,0.9202711062282765,0.5,False,False,z_vol,0.0035552117808218746,0.003093727698338905
real_n3_z_vol,"{""betas_2024"": {""AUDUSD/NZDUSD"": 0.7150032270701753, ""EURAUD/AUDUSD"": -0.31093367860651805, ""GBPCAD/USDCAD"": 0.7854865692584787}, ""entry"": 2.5, ""exit_z"": 0.2, ""nested"": ""opt2024_val2025"", ""pairs"": [""EURAUD/AUDUSD:w60"", ""AUDUSD/NZDUSD:w60"", ""GBPCAD/USDCAD:w60""], ""risk_frac"": 0.005, ""sizing"": ""z_vol"", ""sleeve_budget"": 0.55}",-inf,-0.0003502185070952263,0.9592315537857408,0.5,False,False,z_vol,0.0015045336895982823,-0.0003502185070952263
real_n3_z_vol,"{""betas_2024"": {""AUDUSD/NZDUSD"": 0.7150032270701753, ""EURAUD/AUDUSD"": -0.31093367860651805, ""GBPCAD/USDCAD"": 0.7854865692584787}, ""entry"": 2.5, ""exit_z"": 0.2, ""nested"": ""opt2024_val2025"", ""pairs"": [""EURAUD/AUDUSD:w60"", ""AUDUSD/NZDUSD:w60"", ""GBPCAD/USDCAD:w60""], ""risk_frac"": 0.005, ""sizing"": ""z_vol"", ""sleeve_budget"": 1.0}",-inf,-0.0006325679471973905,0.9593096262849014,0.5,False,False,z_vol,0.002727044303305302,-0.0006325679471973905
real_n3_z_vol,"{""betas_2024"": {""AUDUSD/NZDUSD"": 0.7150032270701753, ""EURAUD/AUDUSD"": -0.31093367860651805, ""GBPCAD/USDCAD"": 0.7854865692584787}, ""entry"": 2.5, ""exit_z"": 0.2, ""nested"": ""opt2024_val2025"", ""pairs"": [""EURAUD/AUDUSD:w60"", ""AUDUSD/NZDUSD:w60"", ""GBPCAD/USDCAD:w60""], ""risk_frac"": 0.0075, ""sizing"": ""z_vol"", ""sleeve_budget"": 0.55}",-inf,-0.0003392979532710477,0.963933953898234,0.5,False,False,z_vol,0.0021385606343512294,-0.0003392979532710477
real_n3_z_vol,"{""betas_2024"": {""AUDUSD/NZDUSD"": 0.7150032270701753, ""EURAUD/AUDUSD"": -0.31093367860651805, ""GBPCAD/USDCAD"": 0.7854865692584787}, ""entry"": 2.5, ""exit_z"": 0.2, ""nested"": ""opt2024_val2025"", ""pairs"": [""EURAUD/AUDUSD:w60"", ""AUDUSD/NZDUSD:w60"", ""GBPCAD/USDCAD:w60""], ""risk_frac"": 0.0075, ""sizing"": ""z_vol"", ""sleeve_budget"": 1.0}",-inf,-0.0006051736244519212,0.9640212782177372,0.5,False,False,z_vol,0.003873216909795353,-0.0006051736244519212
real_n3_z_vol,"{""betas_2024"": {""AUDUSD/NZDUSD"": 0.7150032270701753, ""EURAUD/AUDUSD"": -0.31093367860651805, ""GBPCAD/USDCAD"": 0.7854865692584787}, ""entry"": 2.5, ""exit_z"": 0.2, ""nested"": ""opt2024_val2025"", ""pairs"": [""EURAUD/AUDUSD:w60"", ""AUDUSD/NZDUSD:w60"", ""GBPCAD/USDCAD:w60""], ""risk_frac"": 0.01, ""sizing"": ""z_vol"", ""sleeve_budget"": 0.55}",-inf,-0.00032155071009994096,0.9660093766960939,0.5,False,False,z_vol,0.0026005121758642617,-0.00032155071009994096
real_n3_z_vol,"{""betas_2024"": {""AUDUSD/NZDUSD"": 0.7150032270701753, ""EURAUD/AUDUSD"": -0.31093367860651805, ""GBPCAD/USDCAD"": 0.7854865692584787}, ""entry"": 2.5, ""exit_z"": 0.2, ""nested"": ""opt2024_val2025"", ""pairs"": [""EURAUD/AUDUSD:w60"", ""AUDUSD/NZDUSD:w60"", ""GBPCAD/USDCAD:w60""], ""risk_frac"": 0.01, ""sizing"": ""z_vol"", ""sleeve_budget"": 1.0}",-inf,-0.0005645272767828002,0.9660931964415378,0.5,False,False,z_vol,0.0047084231148065096,-0.0005645272767828002
real_n3_z_vol,"{""betas_2024"": {""AUDUSD/NZDUSD"": 0.7150032270701753, ""EURAUD/AUDUSD"": -0.31093367860651805, ""GBPCAD/USDCAD"": 0.7854865692584787}, ""entry"": 2.5, ""exit_z"": 0.3, ""nested"": ""opt2024_val2025"", ""pairs"": [""EURAUD/AUDUSD:w60"", ""AUDUSD/NZDUSD:w60"", ""GBPCAD/USDCAD:w60""], ""risk_frac"": 0.005, ""sizing"": ""z_vol"", ""sleeve_budget"": 0.55}",-inf,0.0005134925647158617,0.9218913184753709,0.5,False,False,z_vol,0.0011853147507033914,0.0005134925647158617
real_n3_z_vol,"{""betas_2024"": {""AUDUSD/NZDUSD"": 0.7150032270701753, ""EURAUD/AUDUSD"": -0.31093367860651805, ""GBPCAD/USDCAD"": 0.7854865692584787}, ""entry"": 2.5, ""exit_z"": 0.3, ""nested"": ""opt2024_val2025"", ""pairs"": [""EURAUD/AUDUSD:w60"", ""AUDUSD/NZDUSD:w60"", ""GBPCAD/USDCAD:w60""], ""risk_frac"": 0.005, ""sizing"": ""z_vol"", ""sleeve_budget"": 1.0}",-inf,0.0009374852016381108,0.9219693612624079,0.5,False,False,z_vol,0.002149240721565284,0.0009374852016381108
real_n3_z_vol,"{""betas_2024"": {""AUDUSD/NZDUSD"": 0.7150032270701753, ""EURAUD/AUDUSD"": -0.31093367860651805, ""GBPCAD/USDCAD"": 0.7854865692584787}, ""entry"": 2.5, ""exit_z"": 0.3, ""nested"": ""opt2024_val2025"", ""pairs"": [""EURAUD/AUDUSD:w60"", ""AUDUSD/NZDUSD:w60"", ""GBPCAD/USDCAD:w60""], ""risk_frac"": 0.0075, ""sizing"": ""z_vol"", ""sleeve_budget"": 0.55}",-inf,0.0009628017222820667,0.9298441564169779,0.5,False,False,z_vol,0.0016725952637834636,0.0009628017222820667
real_n3_z_vol,"{""betas_2024"": {""AUDUSD/NZDUSD"": 0.7150032270701753, ""EURAUD/AUDUSD"": -0.31093367860651805, ""GBPCAD/USDCAD"": 0.7854865692584787}, ""entry"": 2.5, ""exit_z"": 0.3, ""nested"": ""opt2024_val2025"", ""pairs"": [""EURAUD/AUDUSD:w60"", ""AUDUSD/NZDUSD:w60"", ""GBPCAD/USDCAD:w60""], ""risk_frac"": 0.0075, ""sizing"": ""z_vol"", ""sleeve_budget"": 1.0}",-inf,0.0017594126791374703,0.929933022840208,0.5,False,False,z_vol,0.003030344161912633,0.0017594126791374703
real_n3_z_vol,"{""betas_2024"": {""AUDUSD/NZDUSD"": 0.7150032270701753, ""EURAUD/AUDUSD"": -0.31093367860651805, ""GBPCAD/USDCAD"": 0.7854865692584787}, ""entry"": 2.5, ""exit_z"": 0.3, ""nested"": ""opt2024_val2025"", ""pairs"": [""EURAUD/AUDUSD:w60"", ""AUDUSD/NZDUSD:w60"", ""GBPCAD/USDCAD:w60""], ""risk_frac"": 0.01, ""sizing"": ""z_vol"", ""sleeve_budget"": 0.55}",-inf,0.0014155043348449692,0.9308901157210393,0.5,False,False,z_vol,0.0020487159021430816,0.0014155043348449692
real_n3_z_vol,"{""betas_2024"": {""AUDUSD/NZDUSD"": 0.7150032270701753, ""EURAUD/AUDUSD"": -0.31093367860651805, ""GBPCAD/USDCAD"": 0.7854865692584787}, ""entry"": 2.5, ""exit_z"": 0.3, ""nested"": ""opt2024_val2025"", ""pairs"": [""EURAUD/AUDUSD:w60"", ""AUDUSD/NZDUSD:w60"", ""GBPCAD/USDCAD:w60""], ""risk_frac"": 0.01, ""sizing"": ""z_vol"", ""sleeve_budget"": 1.0}",-inf,0.00258613052185247,0.9309584338526783,0.5,False,False,z_vol,0.0037098465453348343,0.00258613052185247
real_n3_z_vol,"{""betas_2024"": {""AUDUSD/NZDUSD"": 0.7150032270701753, ""EURAUD/AUDUSD"": -0.31093367860651805, ""GBPCAD/USDCAD"": 0.7854865692584787}, ""entry"": 2.5, ""exit_z"": 0.5, ""nested"": ""opt2024_val2025"", ""pairs"": [""EURAUD/AUDUSD:w60"", ""AUDUSD/NZDUSD:w60"", ""GBPCAD/USDCAD:w60""], ""risk_frac"": 0.005, ""sizing"": ""z_vol"", ""sleeve_budget"": 0.55}",-inf,0.0006973681179182206,1.0,0.375,False,False,z_vol,0.0009136255650959384,0.0006973681179182206
real_n3_z_vol,"{""betas_2024"": {""AUDUSD/NZDUSD"": 0.7150032270701753, ""EURAUD/AUDUSD"": -0.31093367860651805, ""GBPCAD/USDCAD"": 0.7854865692584787}, ""entry"": 2.5, ""exit_z"": 0.5, ""nested"": ""opt2024_val2025"", ""pairs"": [""EURAUD/AUDUSD:w60"", ""AUDUSD/NZDUSD:w60"", ""GBPCAD/USDCAD:w60""], ""risk_frac"": 0.005, ""sizing"": ""z_vol"", ""sleeve_budget"": 1.0}",-inf,0.001269521138022145,1.0,0.375,False,False,z_vol,0.0016607949875877145,0.001269521138022145
real_n3_z_vol,"{""betas_2024"": {""AUDUSD/NZDUSD"": 0.7150032270701753, ""EURAUD/AUDUSD"": -0.31093367860651805, ""GBPCAD/USDCAD"": 0.7854865692584787}, ""entry"": 2.5, ""exit_z"": 0.5, ""nested"": ""opt2024_val2025"", ""pairs"": [""EURAUD/AUDUSD:w60"", ""AUDUSD/NZDUSD:w60"", ""GBPCAD/USDCAD:w60""], ""risk_frac"": 0.0075, ""sizing"": ""z_vol"", ""sleeve_budget"": 0.55}",-inf,0.0012477931416911836,1.0,0.375,False,False,z_vol,0.0012564206076657212,0.0012477931416911836
real_n3_z_vol,"{""betas_2024"": {""AUDUSD/NZDUSD"": 0.7150032270701753, ""EURAUD/AUDUSD"": -0.31093367860651805, ""GBPCAD/USDCAD"": 0.7854865692584787}, ""entry"": 2.5, ""exit_z"": 0.5, ""nested"": ""opt2024_val2025"", ""pairs"": [""EURAUD/AUDUSD:w60"", ""AUDUSD/NZDUSD:w60"", ""GBPCAD/USDCAD:w60""], ""risk_frac"": 0.0075, ""sizing"": ""z_vol"", ""sleeve_budget"": 1.0}",-inf,0.002270708311563008,1.0,0.375,False,False,z_vol,0.0022854835749814436,0.002270708311563008
real_n3_z_vol,"{""betas_2024"": {""AUDUSD/NZDUSD"": 0.7150032270701753, ""EURAUD/AUDUSD"": -0.31093367860651805, ""GBPCAD/USDCAD"": 0.7854865692584787}, ""entry"": 2.5, ""exit_z"": 0.5, ""nested"": ""opt2024_val2025"", ""pairs"": [""EURAUD/AUDUSD:w60"", ""AUDUSD/NZDUSD:w60"", ""GBPCAD/USDCAD:w60""], ""risk_frac"": 0.01, ""sizing"": ""z_vol"", ""sleeve_budget"": 0.55}",-inf,0.0015106765139736805,1.0,0.375,False,False,z_vol,0.0015106765139736805,0.001789443962729148
real_n3_z_vol,"{""betas_2024"": {""AUDUSD/NZDUSD"": 0.7150032270701753, ""EURAUD/AUDUSD"": -0.31093367860651805, ""GBPCAD/USDCAD"": 0.7854865692584787}, ""entry"": 2.5, ""exit_z"": 0.5, ""nested"": ""opt2024_val2025"", ""pairs"": [""EURAUD/AUDUSD:w60"", ""AUDUSD/NZDUSD:w60"", ""GBPCAD/USDCAD:w60""], ""risk_frac"": 0.01, ""sizing"": ""z_vol"", ""sleeve_budget"": 1.0}",-inf,0.002750244522114233,1.0,0.375,False,False,z_vol,0.002750244522114233,0.003252321291815005
real_n4_z_vol,"{""betas_2024"": {""AUDUSD/NZDUSD"": 0.7150032270701753, ""EURAUD/AUDUSD"": -0.31093367860651805, ""EURJPY/GBPJPY"": 0.8256957854656395, ""GBPCAD/USDCAD"": 0.7854865692584787}, ""entry"": 1.5, ""exit_z"": 0.2, ""nested"": ""opt2024_val2025"", ""pairs"": [""EURAUD/AUDUSD:w40"", ""AUDUSD/NZDUSD:w40"", ""GBPCAD/USDCAD:w40"", ""EURJPY/GBPJPY:w40""], ""risk_frac"": 0.005, ""sizing"": ""z_vol"", ""sleeve_budget"": 0.55}",-inf,-3.910530603982998e-05,0.947587878306011,0.5,False,False,z_vol,0.0009444133008413544,-3.910530603982998e-05
real_n4_z_vol,"{""betas_2024"": {""AUDUSD/NZDUSD"": 0.7150032270701753, ""EURAUD/AUDUSD"": -0.31093367860651805, ""EURJPY/GBPJPY"": 0.8256957854656395, ""GBPCAD/USDCAD"": 0.7854865692584787}, ""entry"": 1.5, ""exit_z"": 0.2, ""nested"": ""opt2024_val2025"", ""pairs"": [""EURAUD/AUDUSD:w40"", ""AUDUSD/NZDUSD:w40"", ""GBPCAD/USDCAD:w40"", ""EURJPY/GBPJPY:w40""], ""risk_frac"": 0.005, ""sizing"": ""z_vol"", ""sleeve_budget"": 1.0}",-inf,-6.564070587589121e-05,0.9475414309892127,0.5,False,False,z_vol,0.0017114951336612914,-6.564070587589121e-05
real_n4_z_vol,"{""betas_2024"": {""AUDUSD/NZDUSD"": 0.7150032270701753, ""EURAUD/AUDUSD"": -0.31093367860651805, ""EURJPY/GBPJPY"": 0.8256957854656395, ""GBPCAD/USDCAD"": 0.7854865692584787}, ""entry"": 1.5, ""exit_z"": 0.2, ""nested"": ""opt2024_val2025"", ""pairs"": [""EURAUD/AUDUSD:w40"", ""AUDUSD/NZDUSD:w40"", ""GBPCAD/USDCAD:w40"", ""EURJPY/GBPJPY:w40""], ""risk_frac"": 0.0075, ""sizing"": ""z_vol"", ""sleeve_budget"": 0.55}",-inf,0.00028743277883742924,0.9061993659403169,0.5454545454545454,False,False,z_vol,0.0014372643707676325,0.00028743277883742924
real_n4_z_vol,"{""betas_2024"": {""AUDUSD/NZDUSD"": 0.7150032270701753, ""EURAUD/AUDUSD"": -0.31093367860651805, ""EURJPY/GBPJPY"": 0.8256957854656395, ""GBPCAD/USDCAD"": 0.7854865692584787}, ""entry"": 1.5, ""exit_z"": 0.2, ""nested"": ""opt2024_val2025"", ""pairs"": [""EURAUD/AUDUSD:w40"", ""AUDUSD/NZDUSD:w40"", ""GBPCAD/USDCAD:w40"", ""EURJPY/GBPJPY:w40""], ""risk_frac"": 0.0075, ""sizing"": ""z_vol"", ""sleeve_budget"": 1.0}",-inf,0.0005333407561581155,0.906188716357814,0.5454545454545454,False,False,z_vol,0.002599771305183064,0.0005333407561581155
real_n4_z_vol,"{""betas_2024"": {""AUDUSD/NZDUSD"": 0.7150032270701753, ""EURAUD/AUDUSD"": -0.31093367860651805, ""EURJPY/GBPJPY"": 0.8256957854656395, ""GBPCAD/USDCAD"": 0.7854865692584787}, ""entry"": 1.5, ""exit_z"": 0.2, ""nested"": ""opt2024_val2025"", ""pairs"": [""EURAUD/AUDUSD:w40"", ""AUDUSD/NZDUSD:w40"", ""GBPCAD/USDCAD:w40"", ""EURJPY/GBPJPY:w40""], ""risk_frac"": 0.01, ""sizing"": ""z_vol"", ""sleeve_budget"": 0.55}",-inf,0.0004988333845970666,0.9131316183487411,0.625,False,False,z_vol,0.001825131650159618,0.0004988333845970666
real_n4_z_vol,"{""betas_2024"": {""AUDUSD/NZDUSD"": 0.7150032270701753, ""EURAUD/AUDUSD"": -0.31093367860651805, ""EURJPY/GBPJPY"": 0.8256957854656395, ""GBPCAD/USDCAD"": 0.7854865692584787}, ""entry"": 1.5, ""exit_z"": 0.2, ""nested"": ""opt2024_val2025"", ""pairs"": [""EURAUD/AUDUSD:w40"", ""AUDUSD/NZDUSD:w40"", ""GBPCAD/USDCAD:w40"", ""EURJPY/GBPJPY:w40""], ""risk_frac"": 0.01, ""sizing"": ""z_vol"", ""sleeve_budget"": 1.0}",-inf,0.0009236681914915751,0.9131652807776363,0.625,False,False,z_vol,0.0032953577008104033,0.0009236681914915751
real_n4_z_vol,"{""betas_2024"": {""AUDUSD/NZDUSD"": 0.7150032270701753, ""EURAUD/AUDUSD"": -0.31093367860651805, ""EURJPY/GBPJPY"": 0.8256957854656395, ""GBPCAD/USDCAD"": 0.7854865692584787}, ""entry"": 1.5, ""exit_z"": 0.3, ""nested"": ""opt2024_val2025"", ""pairs"": [""EURAUD/AUDUSD:w40"", ""AUDUSD/NZDUSD:w40"", ""GBPCAD/USDCAD:w40"", ""EURJPY/GBPJPY:w40""], ""risk_frac"": 0.005, ""sizing"": ""z_vol"", ""sleeve_budget"": 0.55}",-inf,0.0005852205136663569,0.8608223860767563,0.5454545454545454,False,False,z_vol,0.0008028165330697339,0.0005852205136663569
real_n4_z_vol,"{""betas_2024"": {""AUDUSD/NZDUSD"": 0.7150032270701753, ""EURAUD/AUDUSD"": -0.31093367860651805, ""EURJPY/GBPJPY"": 0.8256957854656395, ""GBPCAD/USDCAD"": 0.7854865692584787}, ""entry"": 1.5, ""exit_z"": 0.3, ""nested"": ""opt2024_val2025"", ""pairs"": [""EURAUD/AUDUSD:w40"", ""AUDUSD/NZDUSD:w40"", ""GBPCAD/USDCAD:w40"", ""EURJPY/GBPJPY:w40""], ""risk_frac"": 0.005, ""sizing"": ""z_vol"", ""sleeve_budget"": 1.0}",-inf,0.0010671230250377944,0.8614703465840836,0.5454545454545454,False,False,z_vol,0.0014568458578825979,0.0010671230250377944
real_n4_z_vol,"{""betas_2024"": {""AUDUSD/NZDUSD"": 0.7150032270701753, ""EURAUD/AUDUSD"": -0.31093367860651805, ""EURJPY/GBPJPY"": 0.8256957854656395, ""GBPCAD/USDCAD"": 0.7854865692584787}, ""entry"": 1.5, ""exit_z"": 0.3, ""nested"": ""opt2024_val2025"", ""pairs"": [""EURAUD/AUDUSD:w40"", ""AUDUSD/NZDUSD:w40"", ""GBPCAD/USDCAD:w40"", ""EURJPY/GBPJPY:w40""], ""risk_frac"": 0.0075, ""sizing"": ""z_vol"", ""sleeve_budget"": 0.55}",-inf,0.0012193661674943462,0.9014780361806732,0.5454545454545454,False,False,z_vol,0.0012193661674943462,0.0012228011451171361
real_n4_z_vol,"{""betas_2024"": {""AUDUSD/NZDUSD"": 0.7150032270701753, ""EURAUD/AUDUSD"": -0.31093367860651805, ""EURJPY/GBPJPY"": 0.8256957854656395, ""GBPCAD/USDCAD"": 0.7854865692584787}, ""entry"": 1.5, ""exit_z"": 0.3, ""nested"": ""opt2024_val2025"", ""pairs"": [""EURAUD/AUDUSD:w40"", ""AUDUSD/NZDUSD:w40"", ""GBPCAD/USDCAD:w40"", ""EURJPY/GBPJPY:w40""], ""risk_frac"": 0.0075, ""sizing"": ""z_vol"", ""sleeve_budget"": 1.0}",-inf,0.002210303199593972,0.9023315886422725,0.5454545454545454,False,False,z_vol,0.002210303199593972,0.0022262333602671713
real_n4_z_vol,"{""betas_2024"": {""AUDUSD/NZDUSD"": 0.7150032270701753, ""EURAUD/AUDUSD"": -0.31093367860651805, ""EURJPY/GBPJPY"": 0.8256957854656395, ""GBPCAD/USDCAD"": 0.7854865692584787}, ""entry"": 1.5, ""exit_z"": 0.3, ""nested"": ""opt2024_val2025"", ""pairs"": [""EURAUD/AUDUSD:w40"", ""AUDUSD/NZDUSD:w40"", ""GBPCAD/USDCAD:w40"", ""EURJPY/GBPJPY:w40""], ""risk_frac"": 0.01, ""sizing"": ""z_vol"", ""sleeve_budget"": 0.55}",-inf,0.0015431641312614723,0.8795178795144984,0.6363636363636364,False,False,z_vol,0.0015431641312614723,0.0016443910532932815
real_n4_z_vol,"{""betas_2024"": {""AUDUSD/NZDUSD"": 0.7150032270701753, ""EURAUD/AUDUSD"": -0.31093367860651805, ""EURJPY/GBPJPY"": 0.8256957854656395, ""GBPCAD/USDCAD"": 0.7854865692584787}, ""entry"": 1.5, ""exit_z"": 0.3, ""nested"": ""opt2024_val2025"", ""pairs"": [""EURAUD/AUDUSD:w40"", ""AUDUSD/NZDUSD:w40"", ""GBPCAD/USDCAD:w40"", ""EURJPY/GBPJPY:w40""], ""risk_frac"": 0.01, ""sizing"": ""z_vol"", ""sleeve_budget"": 1.0}",-inf,0.002794216531334805,0.8806097007800985,0.6363636363636364,False,False,z_vol,0.002794216531334805,0.0029934212538972327
real_n4_z_vol,"{""betas_2024"": {""AUDUSD/NZDUSD"": 0.7150032270701753, ""EURAUD/AUDUSD"": -0.31093367860651805, ""EURJPY/GBPJPY"": 0.8256957854656395, ""GBPCAD/USDCAD"": 0.7854865692584787}, ""entry"": 1.5, ""exit_z"": 0.5, ""nested"": ""opt2024_val2025"", ""pairs"": [""EURAUD/AUDUSD:w40"", ""AUDUSD/NZDUSD:w40"", ""GBPCAD/USDCAD:w40"", ""EURJPY/GBPJPY:w40""], ""risk_frac"": 0.005, ""sizing"": ""z_vol"", ""sleeve_budget"": 0.55}",-inf,-6.778015667083248e-05,0.8901111411725754,0.5454545454545454,False,False,z_vol,0.0005977393709447811,-6.778015667083248e-05
real_n4_z_vol,"{""betas_2024"": {""AUDUSD/NZDUSD"": 0.7150032270701753, ""EURAUD/AUDUSD"": -0.31093367860651805, ""EURJPY/GBPJPY"": 0.8256957854656395, ""GBPCAD/USDCAD"": 0.7854865692584787}, ""entry"": 1.5, ""exit_z"": 0.5, ""nested"": ""opt2024_val2025"", ""pairs"": [""EURAUD/AUDUSD:w40"", ""AUDUSD/NZDUSD:w40"", ""GBPCAD/USDCAD:w40"", ""EURJPY/GBPJPY:w40""], ""risk_frac"": 0.005, ""sizing"": ""z_vol"", ""sleeve_budget"": 1.0}",-inf,-0.00011875776269659744,0.8899601412487993,0.5454545454545454,False,False,z_vol,0.0010875112193278191,-0.00011875776269659744
real_n4_z_vol,"{""betas_2024"": {""AUDUSD/NZDUSD"": 0.7150032270701753, ""EURAUD/AUDUSD"": -0.31093367860651805, ""EURJPY/GBPJPY"": 0.8256957854656395, ""GBPCAD/USDCAD"": 0.7854865692584787}, ""entry"": 1.5, ""exit_z"": 0.5, ""nested"": ""opt2024_val2025"", ""pairs"": [""EURAUD/AUDUSD:w40"", ""AUDUSD/NZDUSD:w40"", ""GBPCAD/USDCAD:w40"", ""EURJPY/GBPJPY:w40""], ""risk_frac"": 0.0075, ""sizing"": ""z_vol"", ""sleeve_budget"": 0.55}",-inf,0.0002609533480933124,0.9054422855119155,0.45454545454545453,False,False,z_vol,0.0008119104154397598,0.0002609533480933124
real_n4_z_vol,"{""betas_2024"": {""AUDUSD/NZDUSD"": 0.7150032270701753, ""EURAUD/AUDUSD"": -0.31093367860651805, ""EURJPY/GBPJPY"": 0.8256957854656395, ""GBPCAD/USDCAD"": 0.7854865692584787}, ""entry"": 1.5, ""exit_z"": 0.5, ""nested"": ""opt2024_val2025"", ""pairs"": [""EURAUD/AUDUSD:w40"", ""AUDUSD/NZDUSD:w40"", ""GBPCAD/USDCAD:w40"", ""EURJPY/GBPJPY:w40""], ""risk_frac"": 0.0075, ""sizing"": ""z_vol"", ""sleeve_budget"": 1.0}",-inf,0.00048396955915354367,0.9061718851186009,0.45454545454545453,False,False,z_vol,0.0014786340604122548,0.00048396955915354367
real_n4_z_vol,"{""betas_2024"": {""AUDUSD/NZDUSD"": 0.7150032270701753, ""EURAUD/AUDUSD"": -0.31093367860651805, ""EURJPY/GBPJPY"": 0.8256957854656395, ""GBPCAD/USDCAD"": 0.7854865692584787}, ""entry"": 1.5, ""exit_z"": 0.5, ""nested"": ""opt2024_val2025"", ""pairs"": [""EURAUD/AUDUSD:w40"", ""AUDUSD/NZDUSD:w40"", ""GBPCAD/USDCAD:w40"", ""EURJPY/GBPJPY:w40""], ""risk_frac"": 0.01, ""sizing"": ""z_vol"", ""sleeve_budget"": 0.55}",-inf,0.00036644795102129535,0.8978357461193884,0.45454545454545453,False,False,z_vol,0.0010443852644351265,0.00036644795102129535
real_n4_z_vol,"{""betas_2024"": {""AUDUSD/NZDUSD"": 0.7150032270701753, ""EURAUD/AUDUSD"": -0.31093367860651805, ""EURJPY/GBPJPY"": 0.8256957854656395, ""GBPCAD/USDCAD"": 0.7854865692584787}, ""entry"": 1.5, ""exit_z"": 0.5, ""nested"": ""opt2024_val2025"", ""pairs"": [""EURAUD/AUDUSD:w40"", ""AUDUSD/NZDUSD:w40"", ""GBPCAD/USDCAD:w40"", ""EURJPY/GBPJPY:w40""], ""risk_frac"": 0.01, ""sizing"": ""z_vol"", ""sleeve_budget"": 1.0}",-inf,0.0006817840699055583,0.898819617002116,0.45454545454545453,False,False,z_vol,0.0019013579177036076,0.0006817840699055583
real_n4_z_vol,"{""betas_2024"": {""AUDUSD/NZDUSD"": 0.7150032270701753, ""EURAUD/AUDUSD"": -0.31093367860651805, ""EURJPY/GBPJPY"": 0.8256957854656395, ""GBPCAD/USDCAD"": 0.7854865692584787}, ""entry"": 1.75, ""exit_z"": 0.2, ""nested"": ""opt2024_val2025"", ""pairs"": [""EURAUD/AUDUSD:w40"", ""AUDUSD/NZDUSD:w40"", ""GBPCAD/USDCAD:w40"", ""EURJPY/GBPJPY:w40""], ""risk_frac"": 0.005, ""sizing"": ""z_vol"", ""sleeve_budget"": 0.55}",-inf,-0.00030243229328112686,0.9329986453317307,0.5,False,False,z_vol,0.0011396811789352692,-0.00030243229328112686
real_n4_z_vol,"{""betas_2024"": {""AUDUSD/NZDUSD"": 0.7150032270701753, ""EURAUD/AUDUSD"": -0.31093367860651805, ""EURJPY/GBPJPY"": 0.8256957854656395, ""GBPCAD/USDCAD"": 0.7854865692584787}, ""entry"": 1.75, ""exit_z"": 0.2, ""nested"": ""opt2024_val2025"", ""pairs"": [""EURAUD/AUDUSD:w40"", ""AUDUSD/NZDUSD:w40"", ""GBPCAD/USDCAD:w40"", ""EURJPY/GBPJPY:w40""], ""risk_frac"": 0.005, ""sizing"": ""z_vol"", ""sleeve_budget"": 1.0}",-inf,-0.0005456398520908429,0.93289204720518,0.5,False,False,z_vol,0.0020697953647967992,-0.0005456398520908429
real_n4_z_vol,"{""betas_2024"": {""AUDUSD/NZDUSD"": 0.7150032270701753, ""EURAUD/AUDUSD"": -0.31093367860651805, ""EURJPY/GBPJPY"": 0.8256957854656395, ""GBPCAD/USDCAD"": 0.7854865692584787}, ""entry"": 1.75, ""exit_z"": 0.2, ""nested"": ""opt2024_val2025"", ""pairs"": [""EURAUD/AUDUSD:w40"", ""AUDUSD/NZDUSD:w40"", ""GBPCAD/USDCAD:w40"", ""EURJPY/GBPJPY:w40""], ""risk_frac"": 0.0075, ""sizing"": ""z_vol"", ""sleeve_budget"": 0.55}",-inf,-9.009640867757573e-05,0.8425424029985435,0.625,False,False,z_vol,0.0016676434733062795,-9.009640867757573e-05
real_n4_z_vol,"{""betas_2024"": {""AUDUSD/NZDUSD"": 0.7150032270701753, ""EURAUD/AUDUSD"": -0.31093367860651805, ""EURJPY/GBPJPY"": 0.8256957854656395, ""GBPCAD/USDCAD"": 0.7854865692584787}, ""entry"": 1.75, ""exit_z"": 0.2, ""nested"": ""opt2024_val2025"", ""pairs"": [""EURAUD/AUDUSD:w40"", ""AUDUSD/NZDUSD:w40"", ""GBPCAD/USDCAD:w40"", ""EURJPY/GBPJPY:w40""], ""risk_frac"": 0.0075, ""sizing"": ""z_vol"", ""sleeve_budget"": 1.0}",-inf,-0.000153704065769672,0.8434746533279991,0.625,False,False,z_vol,0.003027490835694192,-0.000153704065769672
real_n4_z_vol,"{""betas_2024"": {""AUDUSD/NZDUSD"": 0.7150032270701753, ""EURAUD/AUDUSD"": -0.31093367860651805, ""EURJPY/GBPJPY"": 0.8256957854656395, ""GBPCAD/USDCAD"": 0.7854865692584787}, ""entry"": 1.75, ""exit_z"": 0.2, ""nested"": ""opt2024_val2025"", ""pairs"": [""EURAUD/AUDUSD:w40"", ""AUDUSD/NZDUSD:w40"", ""GBPCAD/USDCAD:w40"", ""EURJPY/GBPJPY:w40""], ""risk_frac"": 0.01, ""sizing"": ""z_vol"", ""sleeve_budget"": 0.55}",-inf,1.532397267121899e-05,0.8581519432888467,0.625,False,False,z_vol,0.0020998518315930733,1.532397267121899e-05
real_n4_z_vol,"{""betas_2024"": {""AUDUSD/NZDUSD"": 0.7150032270701753, ""EURAUD/AUDUSD"": -0.31093367860651805, ""EURJPY/GBPJPY"": 0.8256957854656395, ""GBPCAD/USDCAD"": 0.7854865692584787}, ""entry"": 1.75, ""exit_z"": 0.2, ""nested"": ""opt2024_val2025"", ""pairs"": [""EURAUD/AUDUSD:w40"", ""AUDUSD/NZDUSD:w40"", ""GBPCAD/USDCAD:w40"", ""EURJPY/GBPJPY:w40""], ""risk_frac"": 0.01, ""sizing"": ""z_vol"", ""sleeve_budget"": 1.0}",-inf,4.4524869709655635e-05,0.8594091202433292,0.625,False,False,z_vol,0.0038112621610732226,4.4524869709655635e-05
real_n4_z_vol,"{""betas_2024"": {""AUDUSD/NZDUSD"": 0.7150032270701753, ""EURAUD/AUDUSD"": -0.31093367860651805, ""EURJPY/GBPJPY"": 0.8256957854656395, ""GBPCAD/USDCAD"": 0.7854865692584787}, ""entry"": 1.75, ""exit_z"": 0.3, ""nested"": ""opt2024_val2025"", ""pairs"": [""EURAUD/AUDUSD:w40"", ""AUDUSD/NZDUSD:w40"", ""GBPCAD/USDCAD:w40"", ""EURJPY/GBPJPY:w40""], ""risk_frac"": 0.005, ""sizing"": ""z_vol"", ""sleeve_budget"": 0.55}",-inf,0.0002749408846279555,0.8379493878427204,0.6363636363636364,False,False,z_vol,0.0009814128941775953,0.0002749408846279555
real_n4_z_vol,"{""betas_2024"": {""AUDUSD/NZDUSD"": 0.7150032270701753, ""EURAUD/AUDUSD"": -0.31093367860651805, ""EURJPY/GBPJPY"": 0.8256957854656395, ""GBPCAD/USDCAD"": 0.7854865692584787}, ""entry"": 1.75, ""exit_z"": 0.3, ""nested"": ""opt2024_val2025"", ""pairs"": [""EURAUD/AUDUSD:w40"", ""AUDUSD/NZDUSD:w40"", ""GBPCAD/USDCAD:w40"", ""EURJPY/GBPJPY:w40""], ""risk_frac"": 0.005, ""sizing"": ""z_vol"", ""sleeve_budget"": 1.0}",-inf,0.0005043576537818867,0.8385501809483964,0.6363636363636364,False,False,z_vol,0.0017808330289812132,0.0005043576537818867
real_n4_z_vol,"{""betas_2024"": {""AUDUSD/NZDUSD"": 0.7150032270701753, ""EURAUD/AUDUSD"": -0.31093367860651805, ""EURJPY/GBPJPY"": 0.8256957854656395, ""GBPCAD/USDCAD"": 0.7854865692584787}, ""entry"": 1.75, ""exit_z"": 0.3, ""nested"": ""opt2024_val2025"", ""pairs"": [""EURAUD/AUDUSD:w40"", ""AUDUSD/NZDUSD:w40"", ""GBPCAD/USDCAD:w40"", ""EURJPY/GBPJPY:w40""], ""risk_frac"": 0.0075, ""sizing"": ""z_vol"", ""sleeve_budget"": 0.55}",-inf,0.0007623467519699695,0.8802640465394462,0.6363636363636364,False,False,z_vol,0.0014219881389053825,0.0007623467519699695
real_n4_z_vol,"{""betas_2024"": {""AUDUSD/NZDUSD"": 0.7150032270701753, ""EURAUD/AUDUSD"": -0.31093367860651805, ""EURJPY/GBPJPY"": 0.8256957854656395, ""GBPCAD/USDCAD"": 0.7854865692584787}, ""entry"": 1.75, ""exit_z"": 0.3, ""nested"": ""opt2024_val2025"", ""pairs"": [""EURAUD/AUDUSD:w40"", ""AUDUSD/NZDUSD:w40"", ""GBPCAD/USDCAD:w40"", ""EURJPY/GBPJPY:w40""], ""risk_frac"": 0.0075, ""sizing"": ""z_vol"", ""sleeve_budget"": 1.0}",-inf,0.0013943125897320774,0.8810303438440488,0.6363636363636364,False,False,z_vol,0.00257884988604669,0.0013943125897320774
real_n4_z_vol,"{""betas_2024"": {""AUDUSD/NZDUSD"": 0.7150032270701753, ""EURAUD/AUDUSD"": -0.31093367860651805, ""EURJPY/GBPJPY"": 0.8256957854656395, ""GBPCAD/USDCAD"": 0.7854865692584787}, ""entry"": 1.75, ""exit_z"": 0.3, ""nested"": ""opt2024_val2025"", ""pairs"": [""EURAUD/AUDUSD:w40"", ""AUDUSD/NZDUSD:w40"", ""GBPCAD/USDCAD:w40"", ""EURJPY/GBPJPY:w40""], ""risk_frac"": 0.01, ""sizing"": ""z_vol"", ""sleeve_budget"": 0.55}",-inf,0.001037740467656506,0.9022153767246914,0.6363636363636364,False,False,z_vol,0.0017533381539425288,0.001037740467656506
real_n4_z_vol,"{""betas_2024"": {""AUDUSD/NZDUSD"": 0.7150032270701753, ""EURAUD/AUDUSD"": -0.31093367860651805, ""EURJPY/GBPJPY"": 0.8256957854656395, ""GBPCAD/USDCAD"": 0.7854865692584787}, ""entry"": 1.75, ""exit_z"": 0.3, ""nested"": ""opt2024_val2025"", ""pairs"": [""EURAUD/AUDUSD:w40"", ""AUDUSD/NZDUSD:w40"", ""GBPCAD/USDCAD:w40"", ""EURJPY/GBPJPY:w40""], ""risk_frac"": 0.01, ""sizing"": ""z_vol"", ""sleeve_budget"": 1.0}",-inf,0.0018998802054989994,0.9032288567203355,0.6363636363636364,False,False,z_vol,0.0031789851822977555,0.0018998802054989994
real_n4_z_vol,"{""betas_2024"": {""AUDUSD/NZDUSD"": 0.7150032270701753, ""EURAUD/AUDUSD"": -0.31093367860651805, ""EURJPY/GBPJPY"": 0.8256957854656395, ""GBPCAD/USDCAD"": 0.7854865692584787}, ""entry"": 1.75, ""exit_z"": 0.5, ""nested"": ""opt2024_val2025"", ""pairs"": [""EURAUD/AUDUSD:w40"", ""AUDUSD/NZDUSD:w40"", ""GBPCAD/USDCAD:w40"", ""EURJPY/GBPJPY:w40""], ""risk_frac"": 0.005, ""sizing"": ""z_vol"", ""sleeve_budget"": 0.55}",-inf,-0.00033194028997698966,0.8547830500223238,0.6363636363636364,False,False,z_vol,0.0008962965308520325,-0.00033194028997698966
real_n4_z_vol,"{""betas_2024"": {""AUDUSD/NZDUSD"": 0.7150032270701753, ""EURAUD/AUDUSD"": -0.31093367860651805, ""EURJPY/GBPJPY"": 0.8256957854656395, ""GBPCAD/USDCAD"": 0.7854865692584787}, ""entry"": 1.75, ""exit_z"": 0.5, ""nested"": ""opt2024_val2025"", ""pairs"": [""EURAUD/AUDUSD:w40"", ""AUDUSD/NZDUSD:w40"", ""GBPCAD/USDCAD:w40"", ""EURJPY/GBPJPY:w40""], ""risk_frac"": 0.005, ""sizing"": ""z_vol"", ""sleeve_budget"": 1.0}",-inf,-0.0006002806628365165,0.855336208777261,0.6363636363636364,False,False,z_vol,0.0016268442611157513,-0.0006002806628365165
real_n4_z_vol,"{""betas_2024"": {""AUDUSD/NZDUSD"": 0.7150032270701753, ""EURAUD/AUDUSD"": -0.31093367860651805, ""EURJPY/GBPJPY"": 0.8256957854656395, ""GBPCAD/USDCAD"": 0.7854865692584787}, ""entry"": 1.75, ""exit_z"": 0.5, ""nested"": ""opt2024_val2025"", ""pairs"": [""EURAUD/AUDUSD:w40"", ""AUDUSD/NZDUSD:w40"", ""GBPCAD/USDCAD:w40"", ""EURJPY/GBPJPY:w40""], ""risk_frac"": 0.0075, ""sizing"": ""z_vol"", ""sleeve_budget"": 0.55}",-inf,-0.00014768043977642087,0.8913109838134294,0.5454545454545454,False,False,z_vol,0.00121634934471181,-0.00014768043977642087
real_n4_z_vol,"{""betas_2024"": {""AUDUSD/NZDUSD"": 0.7150032270701753, ""EURAUD/AUDUSD"": -0.31093367860651805, ""EURJPY/GBPJPY"": 0.8256957854656395, ""GBPCAD/USDCAD"": 0.7854865692584787}, ""entry"": 1.75, ""exit_z"": 0.5, ""nested"": ""opt2024_val2025"", ""pairs"": [""EURAUD/AUDUSD:w40"", ""AUDUSD/NZDUSD:w40"", ""GBPCAD/USDCAD:w40"", ""EURJPY/GBPJPY:w40""], ""risk_frac"": 0.0075, ""sizing"": ""z_vol"", ""sleeve_budget"": 1.0}",-inf,-0.00025957506277228537,0.8920064213365653,0.5454545454545454,False,False,z_vol,0.0022077386626944344,-0.00025957506277228537
real_n4_z_vol,"{""betas_2024"": {""AUDUSD/NZDUSD"": 0.7150032270701753, ""EURAUD/AUDUSD"": -0.31093367860651805, ""EURJPY/GBPJPY"": 0.8256957854656395, ""GBPCAD/USDCAD"": 0.7854865692584787}, ""entry"": 1.75, ""exit_z"": 0.5, ""nested"": ""opt2024_val2025"", ""pairs"": [""EURAUD/AUDUSD:w40"", ""AUDUSD/NZDUSD:w40"", ""GBPCAD/USDCAD:w40"", ""EURJPY/GBPJPY:w40""], ""risk_frac"": 0.01, ""sizing"": ""z_vol"", ""sleeve_budget"": 0.55}",-inf,-0.00018229150115560422,0.884669686700891,0.5454545454545454,False,False,z_vol,0.0015233293189382117,-0.00018229150115560422
real_n4_z_vol,"{""betas_2024"": {""AUDUSD/NZDUSD"": 0.7150032270701753, ""EURAUD/AUDUSD"": -0.31093367860651805, ""EURJPY/GBPJPY"": 0.8256957854656395, ""GBPCAD/USDCAD"": 0.7854865692584787}, ""entry"": 1.75, ""exit_z"": 0.5, ""nested"": ""opt2024_val2025"", ""pairs"": [""EURAUD/AUDUSD:w40"", ""AUDUSD/NZDUSD:w40"", ""GBPCAD/USDCAD:w40"", ""EURJPY/GBPJPY:w40""], ""risk_frac"": 0.01, ""sizing"": ""z_vol"", ""sleeve_budget"": 1.0}",-inf,-0.00031673952850745646,0.8856002157216495,0.5454545454545454,False,False,z_vol,0.0027636354155464826,-0.00031673952850745646
real_n4_z_vol,"{""betas_2024"": {""AUDUSD/NZDUSD"": 0.7150032270701753, ""EURAUD/AUDUSD"": -0.31093367860651805, ""EURJPY/GBPJPY"": 0.8256957854656395, ""GBPCAD/USDCAD"": 0.7854865692584787}, ""entry"": 2.0, ""exit_z"": 0.2, ""nested"": ""opt2024_val2025"", ""pairs"": [""EURAUD/AUDUSD:w40"", ""AUDUSD/NZDUSD:w40"", ""GBPCAD/USDCAD:w40"", ""EURJPY/GBPJPY:w40""], ""risk_frac"": 0.005, ""sizing"": ""z_vol"", ""sleeve_budget"": 0.55}",-inf,0.00037684951452376936,0.8396181975810989,0.625,False,False,z_vol,0.0017507452632534322,0.00037684951452376936
real_n4_z_vol,"{""betas_2024"": {""AUDUSD/NZDUSD"": 0.7150032270701753, ""EURAUD/AUDUSD"": -0.31093367860651805, ""EURJPY/GBPJPY"": 0.8256957854656395, ""GBPCAD/USDCAD"": 0.7854865692584787}, ""entry"": 2.0, ""exit_z"": 0.2, ""nested"": ""opt2024_val2025"", ""pairs"": [""EURAUD/AUDUSD:w40"", ""AUDUSD/NZDUSD:w40"", ""GBPCAD/USDCAD:w40"", ""EURJPY/GBPJPY:w40""], ""risk_frac"": 0.005, ""sizing"": ""z_vol"", ""sleeve_budget"": 1.0}",-inf,0.0006872377930620399,0.839873430115907,0.625,False,False,z_vol,0.0031700535491520883,0.0006872377930620399
real_n4_z_vol,"{""betas_2024"": {""AUDUSD/NZDUSD"": 0.7150032270701753, ""EURAUD/AUDUSD"": -0.31093367860651805, ""EURJPY/GBPJPY"": 0.8256957854656395, ""GBPCAD/USDCAD"": 0.7854865692584787}, ""entry"": 2.0, ""exit_z"": 0.2, ""nested"": ""opt2024_val2025"", ""pairs"": [""EURAUD/AUDUSD:w40"", ""AUDUSD/NZDUSD:w40"", ""GBPCAD/USDCAD:w40"", ""EURJPY/GBPJPY:w40""], ""risk_frac"": 0.0075, ""sizing"": ""z_vol"", ""sleeve_budget"": 0.55}",-inf,0.0006556764115043107,0.849998382590156,0.625,False,False,z_vol,0.002668168139074213,0.0006556764115043107
real_n4_z_vol,"{""betas_2024"": {""AUDUSD/NZDUSD"": 0.7150032270701753, ""EURAUD/AUDUSD"": -0.31093367860651805, ""EURJPY/GBPJPY"": 0.8256957854656395, ""GBPCAD/USDCAD"": 0.7854865692584787}, ""entry"": 2.0, ""exit_z"": 0.2, ""nested"": ""opt2024_val2025"", ""pairs"": [""EURAUD/AUDUSD:w40"", ""AUDUSD/NZDUSD:w40"", ""GBPCAD/USDCAD:w40"", ""EURJPY/GBPJPY:w40""], ""risk_frac"": 0.0075, ""sizing"": ""z_vol"", ""sleeve_budget"": 1.0}",-inf,0.0011963720995837451,0.8504109467536457,0.625,False,False,z_vol,0.004820327506836818,0.0011963720995837451
real_n4_z_vol,"{""betas_2024"": {""AUDUSD/NZDUSD"": 0.7150032270701753, ""EURAUD/AUDUSD"": -0.31093367860651805, ""EURJPY/GBPJPY"": 0.8256957854656395, ""GBPCAD/USDCAD"": 0.7854865692584787}, ""entry"": 2.0, ""exit_z"": 0.2, ""nested"": ""opt2024_val2025"", ""pairs"": [""EURAUD/AUDUSD:w40"", ""AUDUSD/NZDUSD:w40"", ""GBPCAD/USDCAD:w40"", ""EURJPY/GBPJPY:w40""], ""risk_frac"": 0.01, ""sizing"": ""z_vol"", ""sleeve_budget"": 0.55}",-inf,0.001082469180113635,0.8632230475695349,0.625,False,False,z_vol,0.003359719450738147,0.001082469180113635
real_n4_z_vol,"{""betas_2024"": {""AUDUSD/NZDUSD"": 0.7150032270701753, ""EURAUD/AUDUSD"": -0.31093367860651805, ""EURJPY/GBPJPY"": 0.8256957854656395, ""GBPCAD/USDCAD"": 0.7854865692584787}, ""entry"": 2.0, ""exit_z"": 0.2, ""nested"": ""opt2024_val2025"", ""pairs"": [""EURAUD/AUDUSD:w40"", ""AUDUSD/NZDUSD:w40"", ""GBPCAD/USDCAD:w40"", ""EURJPY/GBPJPY:w40""], ""risk_frac"": 0.01, ""sizing"": ""z_vol"", ""sleeve_budget"": 1.0}",-inf,0.0019732997944447994,0.8638456146388616,0.625,False,False,z_vol,0.0060615583363679,0.0019732997944447994
real_n4_z_vol,"{""betas_2024"": {""AUDUSD/NZDUSD"": 0.7150032270701753, ""EURAUD/AUDUSD"": -0.31093367860651805, ""EURJPY/GBPJPY"": 0.8256957854656395, ""GBPCAD/USDCAD"": 0.7854865692584787}, ""entry"": 2.0, ""exit_z"": 0.3, ""nested"": ""opt2024_val2025"", ""pairs"": [""EURAUD/AUDUSD:w40"", ""AUDUSD/NZDUSD:w40"", ""GBPCAD/USDCAD:w40"", ""EURJPY/GBPJPY:w40""], ""risk_frac"": 0.005, ""sizing"": ""z_vol"", ""sleeve_budget"": 0.55}",-inf,0.0008351333391258403,0.743073424930756,0.7272727272727273,False,False,z_vol,0.0016353652123952274,0.0008351333391258403
real_n4_z_vol,"{""betas_2024"": {""AUDUSD/NZDUSD"": 0.7150032270701753, ""EURAUD/AUDUSD"": -0.31093367860651805, ""EURJPY/GBPJPY"": 0.8256957854656395, ""GBPCAD/USDCAD"": 0.7854865692584787}, ""entry"": 2.0, ""exit_z"": 0.3, ""nested"": ""opt2024_val2025"", ""pairs"": [""EURAUD/AUDUSD:w40"", ""AUDUSD/NZDUSD:w40"", ""GBPCAD/USDCAD:w40"", ""EURJPY/GBPJPY:w40""], ""risk_frac"": 0.005, ""sizing"": ""z_vol"", ""sleeve_budget"": 1.0}",-inf,0.0015176839286688143,0.743611272713432,0.7272727272727273,False,False,z_vol,0.002957676834630804,0.0015176839286688143
real_n4_z_vol,"{""betas_2024"": {""AUDUSD/NZDUSD"": 0.7150032270701753, ""EURAUD/AUDUSD"": -0.31093367860651805, ""EURJPY/GBPJPY"": 0.8256957854656395, ""GBPCAD/USDCAD"": 0.7854865692584787}, ""entry"": 2.0, ""exit_z"": 0.3, ""nested"": ""opt2024_val2025"", ""pairs"": [""EURAUD/AUDUSD:w40"", ""AUDUSD/NZDUSD:w40"", ""GBPCAD/USDCAD:w40"", ""EURJPY/GBPJPY:w40""], ""risk_frac"": 0.0075, ""sizing"": ""z_vol"", ""sleeve_budget"": 0.55}",-inf,0.001339346121101967,0.7569373615150559,0.7272727272727273,False,False,z_vol,0.0024947976001792327,0.001339346121101967
real_n4_z_vol,"{""betas_2024"": {""AUDUSD/NZDUSD"": 0.7150032270701753, ""EURAUD/AUDUSD"": -0.31093367860651805, ""EURJPY/GBPJPY"": 0.8256957854656395, ""GBPCAD/USDCAD"": 0.7854865692584787}, ""entry"": 2.0, ""exit_z"": 0.3, ""nested"": ""opt2024_val2025"", ""pairs"": [""EURAUD/AUDUSD:w40"", ""AUDUSD/NZDUSD:w40"", ""GBPCAD/USDCAD:w40"", ""EURJPY/GBPJPY:w40""], ""risk_frac"": 0.0075, ""sizing"": ""z_vol"", ""sleeve_budget"": 1.0}",-inf,0.0024327415279365716,0.7578020357568949,0.7272727272727273,False,False,z_vol,0.004499395189984737,0.0024327415279365716
real_n4_z_vol,"{""betas_2024"": {""AUDUSD/NZDUSD"": 0.7150032270701753, ""EURAUD/AUDUSD"": -0.31093367860651805, ""EURJPY/GBPJPY"": 0.8256957854656395, ""GBPCAD/USDCAD"": 0.7854865692584787}, ""entry"": 2.0, ""exit_z"": 0.3, ""nested"": ""opt2024_val2025"", ""pairs"": [""EURAUD/AUDUSD:w40"", ""AUDUSD/NZDUSD:w40"", ""GBPCAD/USDCAD:w40"", ""EURJPY/GBPJPY:w40""], ""risk_frac"": 0.01, ""sizing"": ""z_vol"", ""sleeve_budget"": 0.55}",-inf,0.0019717415175850156,0.7688392891871452,0.7272727272727273,False,False,z_vol,0.003135444669662232,0.0019717415175850156
real_n4_z_vol,"{""betas_2024"": {""AUDUSD/NZDUSD"": 0.7150032270701753, ""EURAUD/AUDUSD"": -0.31093367860651805, ""EURJPY/GBPJPY"": 0.8256957854656395, ""GBPCAD/USDCAD"": 0.7854865692584787}, ""entry"": 2.0, ""exit_z"": 0.3, ""nested"": ""opt2024_val2025"", ""pairs"": [""EURAUD/AUDUSD:w40"", ""AUDUSD/NZDUSD:w40"", ""GBPCAD/USDCAD:w40"", ""EURJPY/GBPJPY:w40""], ""risk_frac"": 0.01, ""sizing"": ""z_vol"", ""sleeve_budget"": 1.0}",-inf,0.0035772530738613084,0.7701080418790014,0.7272727272727273,False,False,z_vol,0.005644535026237993,0.0035772530738613084
real_n4_z_vol,"{""betas_2024"": {""AUDUSD/NZDUSD"": 0.7150032270701753, ""EURAUD/AUDUSD"": -0.31093367860651805, ""EURJPY/GBPJPY"": 0.8256957854656395, ""GBPCAD/USDCAD"": 0.7854865692584787}, ""entry"": 2.0, ""exit_z"": 0.5, ""nested"": ""opt2024_val2025"", ""pairs"": [""EURAUD/AUDUSD:w40"", ""AUDUSD/NZDUSD:w40"", ""GBPCAD/USDCAD:w40"", ""EURJPY/GBPJPY:w40""], ""risk_frac"": 0.005, ""sizing"": ""z_vol"", ""sleeve_budget"": 0.55}",-inf,0.00023104871500223556,0.7771461414748657,0.7272727272727273,False,False,z_vol,0.0013339742983880974,0.00023104871500223556
real_n4_z_vol,"{""betas_2024"": {""AUDUSD/NZDUSD"": 0.7150032270701753, ""EURAUD/AUDUSD"": -0.31093367860651805, ""EURJPY/GBPJPY"": 0.8256957854656395, ""GBPCAD/USDCAD"": 0.7854865692584787}, ""entry"": 2.0, ""exit_z"": 0.5, ""nested"": ""opt2024_val2025"", ""pairs"": [""EURAUD/AUDUSD:w40"", ""AUDUSD/NZDUSD:w40"", ""GBPCAD/USDCAD:w40"", ""EURJPY/GBPJPY:w40""], ""risk_frac"": 0.005, ""sizing"": ""z_vol"", ""sleeve_budget"": 1.0}",-inf,0.00042201819658739537,0.7773302148263,0.7272727272727273,False,False,z_vol,0.002414771575202494,0.00042201819658739537
real_n4_z_vol,"{""betas_2024"": {""AUDUSD/NZDUSD"": 0.7150032270701753, ""EURAUD/AUDUSD"": -0.31093367860651805, ""EURJPY/GBPJPY"": 0.8256957854656395, ""GBPCAD/USDCAD"": 0.7854865692584787}, ""entry"": 2.0, ""exit_z"": 0.5, ""nested"": ""opt2024_val2025"", ""pairs"": [""EURAUD/AUDUSD:w40"", ""AUDUSD/NZDUSD:w40"", ""GBPCAD/USDCAD:w40"", ""EURJPY/GBPJPY:w40""], ""risk_frac"": 0.0075, ""sizing"": ""z_vol"", ""sleeve_budget"": 0.55}",-inf,0.00041335855727239745,0.7913644028443556,0.7272727272727273,False,False,z_vol,0.0019341509991217935,0.00041335855727239745
real_n4_z_vol,"{""betas_2024"": {""AUDUSD/NZDUSD"": 0.7150032270701753, ""EURAUD/AUDUSD"": -0.31093367860651805, ""EURJPY/GBPJPY"": 0.8256957854656395, ""GBPCAD/USDCAD"": 0.7854865692584787}, ""entry"": 2.0, ""exit_z"": 0.5, ""nested"": ""opt2024_val2025"", ""pairs"": [""EURAUD/AUDUSD:w40"", ""AUDUSD/NZDUSD:w40"", ""GBPCAD/USDCAD:w40"", ""EURJPY/GBPJPY:w40""], ""risk_frac"": 0.0075, ""sizing"": ""z_vol"", ""sleeve_budget"": 1.0}",-inf,0.0007560111415016307,0.7916974298388955,0.7272727272727273,False,False,z_vol,0.003494274900668004,0.0007560111415016307
real_n4_z_vol,"{""betas_2024"": {""AUDUSD/NZDUSD"": 0.7150032270701753, ""EURAUD/AUDUSD"": -0.31093367860651805, ""EURJPY/GBPJPY"": 0.8256957854656395, ""GBPCAD/USDCAD"": 0.7854865692584787}, ""entry"": 2.0, ""exit_z"": 0.5, ""nested"": ""opt2024_val2025"", ""pairs"": [""EURAUD/AUDUSD:w40"", ""AUDUSD/NZDUSD:w40"", ""GBPCAD/USDCAD:w40"", ""EURJPY/GBPJPY:w40""], ""risk_frac"": 0.01, ""sizing"": ""z_vol"", ""sleeve_budget"": 0.55}",-inf,0.0007389861797642144,0.808456304463711,0.7272727272727273,False,False,z_vol,0.0024234572293540283,0.0007389861797642144
real_n4_z_vol,"{""betas_2024"": {""AUDUSD/NZDUSD"": 0.7150032270701753, ""EURAUD/AUDUSD"": -0.31093367860651805, ""EURJPY/GBPJPY"": 0.8256957854656395, ""GBPCAD/USDCAD"": 0.7854865692584787}, ""entry"": 2.0, ""exit_z"": 0.5, ""nested"": ""opt2024_val2025"", ""pairs"": [""EURAUD/AUDUSD:w40"", ""AUDUSD/NZDUSD:w40"", ""GBPCAD/USDCAD:w40"", ""EURJPY/GBPJPY:w40""], ""risk_frac"": 0.01, ""sizing"": ""z_vol"", ""sleeve_budget"": 1.0}",-inf,0.00135062679879705,0.8090268063086508,0.7272727272727273,False,False,z_vol,0.004371397119489115,0.00135062679879705
real_n4_z_vol,"{""betas_2024"": {""AUDUSD/NZDUSD"": 0.7150032270701753, ""EURAUD/AUDUSD"": -0.31093367860651805, ""EURJPY/GBPJPY"": 0.8256957854656395, ""GBPCAD/USDCAD"": 0.7854865692584787}, ""entry"": 2.25, ""exit_z"": 0.2, ""nested"": ""opt2024_val2025"", ""pairs"": [""EURAUD/AUDUSD:w40"", ""AUDUSD/NZDUSD:w40"", ""GBPCAD/USDCAD:w40"", ""EURJPY/GBPJPY:w40""], ""risk_frac"": 0.005, ""sizing"": ""z_vol"", ""sleeve_budget"": 0.55}",-inf,0.0002538878675715506,0.824883293745797,0.625,False,False,z_vol,0.0016694847546001286,0.0002538878675715506
real_n4_z_vol,"{""betas_2024"": {""AUDUSD/NZDUSD"": 0.7150032270701753, ""EURAUD/AUDUSD"": -0.31093367860651805, ""EURJPY/GBPJPY"": 0.8256957854656395, ""GBPCAD/USDCAD"": 0.7854865692584787}, ""entry"": 2.25, ""exit_z"": 0.2, ""nested"": ""opt2024_val2025"", ""pairs"": [""EURAUD/AUDUSD:w40"", ""AUDUSD/NZDUSD:w40"", ""GBPCAD/USDCAD:w40"", ""EURJPY/GBPJPY:w40""], ""risk_frac"": 0.005, ""sizing"": ""z_vol"", ""sleeve_budget"": 1.0}",-inf,0.0004639746186279603,0.8250558543770444,0.625,False,False,z_vol,0.003024776331440099,0.0004639746186279603
real_n4_z_vol,"{""betas_2024"": {""AUDUSD/NZDUSD"": 0.7150032270701753, ""EURAUD/AUDUSD"": -0.31093367860651805, ""EURJPY/GBPJPY"": 0.8256957854656395, ""GBPCAD/USDCAD"": 0.7854865692584787}, ""entry"": 2.25, ""exit_z"": 0.2, ""nested"": ""opt2024_val2025"", ""pairs"": [""EURAUD/AUDUSD:w40"", ""AUDUSD/NZDUSD:w40"", ""GBPCAD/USDCAD:w40"", ""EURJPY/GBPJPY:w40""], ""risk_frac"": 0.0075, ""sizing"": ""z_vol"", ""sleeve_budget"": 0.55}",-inf,0.0004596013804854526,0.8336113756134446,0.625,False,False,z_vol,0.0025093951167584564,0.0004596013804854526
real_n4_z_vol,"{""betas_2024"": {""AUDUSD/NZDUSD"": 0.7150032270701753, ""EURAUD/AUDUSD"": -0.31093367860651805, ""EURJPY/GBPJPY"": 0.8256957854656395, ""GBPCAD/USDCAD"": 0.7854865692584787}, ""entry"": 2.25, ""exit_z"": 0.2, ""nested"": ""opt2024_val2025"", ""pairs"": [""EURAUD/AUDUSD:w40"", ""AUDUSD/NZDUSD:w40"", ""GBPCAD/USDCAD:w40"", ""EURJPY/GBPJPY:w40""], ""risk_frac"": 0.0075, ""sizing"": ""z_vol"", ""sleeve_budget"": 1.0}",-inf,0.0008407510146319352,0.8339229298784429,0.625,False,False,z_vol,0.004538550421021511,0.0008407510146319352
real_n4_z_vol,"{""betas_2024"": {""AUDUSD/NZDUSD"": 0.7150032270701753, ""EURAUD/AUDUSD"": -0.31093367860651805, ""EURJPY/GBPJPY"": 0.8256957854656395, ""GBPCAD/USDCAD"": 0.7854865692584787}, ""entry"": 2.25, ""exit_z"": 0.2, ""nested"": ""opt2024_val2025"", ""pairs"": [""EURAUD/AUDUSD:w40"", ""AUDUSD/NZDUSD:w40"", ""GBPCAD/USDCAD:w40"", ""EURJPY/GBPJPY:w40""], ""risk_frac"": 0.01, ""sizing"": ""z_vol"", ""sleeve_budget"": 0.55}",-inf,0.0008372460187392877,0.8436160359392693,0.625,False,False,z_vol,0.0032291108716348297,0.0008372460187392877
real_n4_z_vol,"{""betas_2024"": {""AUDUSD/NZDUSD"": 0.7150032270701753, ""EURAUD/AUDUSD"": -0.31093367860651805, ""EURJPY/GBPJPY"": 0.8256957854656395, ""GBPCAD/USDCAD"": 0.7854865692584787}, ""entry"": 2.25, ""exit_z"": 0.2, ""nested"": ""opt2024_val2025"", ""pairs"": [""EURAUD/AUDUSD:w40"", ""AUDUSD/NZDUSD:w40"", ""GBPCAD/USDCAD:w40"", ""EURJPY/GBPJPY:w40""], ""risk_frac"": 0.01, ""sizing"": ""z_vol"", ""sleeve_budget"": 1.0}",-inf,0.0015295522544648832,0.8441698374163216,0.625,False,False,z_vol,0.005831565562133611,0.0015295522544648832
real_n4_z_vol,"{""betas_2024"": {""AUDUSD/NZDUSD"": 0.7150032270701753, ""EURAUD/AUDUSD"": -0.31093367860651805, ""EURJPY/GBPJPY"": 0.8256957854656395, ""GBPCAD/USDCAD"": 0.7854865692584787}, ""entry"": 2.25, ""exit_z"": 0.3, ""nested"": ""opt2024_val2025"", ""pairs"": [""EURAUD/AUDUSD:w40"", ""AUDUSD/NZDUSD:w40"", ""GBPCAD/USDCAD:w40"", ""EURJPY/GBPJPY:w40""], ""risk_frac"": 0.005, ""sizing"": ""z_vol"", ""sleeve_budget"": 0.55}",-inf,0.0007047846983955497,0.7147842407899039,0.7272727272727273,False,False,z_vol,0.0015573870238281577,0.0007047846983955497
real_n4_z_vol,"{""betas_2024"": {""AUDUSD/NZDUSD"": 0.7150032270701753, ""EURAUD/AUDUSD"": -0.31093367860651805, ""EURJPY/GBPJPY"": 0.8256957854656395, ""GBPCAD/USDCAD"": 0.7854865692584787}, ""entry"": 2.25, ""exit_z"": 0.3, ""nested"": ""opt2024_val2025"", ""pairs"": [""EURAUD/AUDUSD:w40"", ""AUDUSD/NZDUSD:w40"", ""GBPCAD/USDCAD:w40"", ""EURJPY/GBPJPY:w40""], ""risk_frac"": 0.005, ""sizing"": ""z_vol"", ""sleeve_budget"": 1.0}",-inf,0.0012816259486197468,0.7152486082262139,0.7272727272727273,False,False,z_vol,0.0028186617467035628,0.0012816259486197468
real_n4_z_vol,"{""betas_2024"": {""AUDUSD/NZDUSD"": 0.7150032270701753, ""EURAUD/AUDUSD"": -0.31093367860651805, ""EURJPY/GBPJPY"": 0.8256957854656395, ""GBPCAD/USDCAD"": 0.7854865692584787}, ""entry"": 2.25, ""exit_z"": 0.3, ""nested"": ""opt2024_val2025"", ""pairs"": [""EURAUD/AUDUSD:w40"", ""AUDUSD/NZDUSD:w40"", ""GBPCAD/USDCAD:w40"", ""EURJPY/GBPJPY:w40""], ""risk_frac"": 0.0075, ""sizing"": ""z_vol"", ""sleeve_budget"": 0.55}",-inf,0.0011336432512015493,0.7260619080135039,0.7272727272727273,False,False,z_vol,0.002347333130914458,0.0011336432512015493
real_n4_z_vol,"{""betas_2024"": {""AUDUSD/NZDUSD"": 0.7150032270701753, ""EURAUD/AUDUSD"": -0.31093367860651805, ""EURJPY/GBPJPY"": 0.8256957854656395, ""GBPCAD/USDCAD"": 0.7854865692584787}, ""entry"": 2.25, ""exit_z"": 0.3, ""nested"": ""opt2024_val2025"", ""pairs"": [""EURAUD/AUDUSD:w40"", ""AUDUSD/NZDUSD:w40"", ""GBPCAD/USDCAD:w40"", ""EURJPY/GBPJPY:w40""], ""risk_frac"": 0.0075, ""sizing"": ""z_vol"", ""sleeve_budget"": 1.0}",-inf,0.0020610771989710425,0.7268429244861209,0.7272727272727273,False,False,z_vol,0.004238778517355859,0.0020610771989710425
real_n4_z_vol,"{""betas_2024"": {""AUDUSD/NZDUSD"": 0.7150032270701753, ""EURAUD/AUDUSD"": -0.31093367860651805, ""EURJPY/GBPJPY"": 0.8256957854656395, ""GBPCAD/USDCAD"": 0.7854865692584787}, ""entry"": 2.25, ""exit_z"": 0.3, ""nested"": ""opt2024_val2025"", ""pairs"": [""EURAUD/AUDUSD:w40"", ""AUDUSD/NZDUSD:w40"", ""GBPCAD/USDCAD:w40"", ""EURJPY/GBPJPY:w40""], ""risk_frac"": 0.01, ""sizing"": ""z_vol"", ""sleeve_budget"": 0.55}",-inf,0.0016959204842319359,0.739619802648279,0.7272727272727273,False,False,z_vol,0.0030171177025560924,0.0016959204842319359
real_n4_z_vol,"{""betas_2024"": {""AUDUSD/NZDUSD"": 0.7150032270701753, ""EURAUD/AUDUSD"": -0.31093367860651805, ""EURJPY/GBPJPY"": 0.8256957854656395, ""GBPCAD/USDCAD"": 0.7854865692584787}, ""entry"": 2.25, ""exit_z"": 0.3, ""nested"": ""opt2024_val2025"", ""pairs"": [""EURAUD/AUDUSD:w40"", ""AUDUSD/NZDUSD:w40"", ""GBPCAD/USDCAD:w40"", ""EURJPY/GBPJPY:w40""], ""risk_frac"": 0.01, ""sizing"": ""z_vol"", ""sleeve_budget"": 1.0}",-inf,0.003080543412523562,0.7408286209755393,0.7272727272727273,False,False,z_vol,0.005437397669135677,0.003080543412523562
real_n4_z_vol,"{""betas_2024"": {""AUDUSD/NZDUSD"": 0.7150032270701753, ""EURAUD/AUDUSD"": -0.31093367860651805, ""EURJPY/GBPJPY"": 0.8256957854656395, ""GBPCAD/USDCAD"": 0.7854865692584787}, ""entry"": 2.25, ""exit_z"": 0.5, ""nested"": ""opt2024_val2025"", ""pairs"": [""EURAUD/AUDUSD:w40"", ""AUDUSD/NZDUSD:w40"", ""GBPCAD/USDCAD:w40"", ""EURJPY/GBPJPY:w40""], ""risk_frac"": 0.005, ""sizing"": ""z_vol"", ""sleeve_budget"": 0.55}",-inf,0.00017125137650371436,0.7900861842602213,0.7272727272727273,False,False,z_vol,0.0013246217144405577,0.00017125137650371436
real_n4_z_vol,"{""betas_2024"": {""AUDUSD/NZDUSD"": 0.7150032270701753, ""EURAUD/AUDUSD"": -0.31093367860651805, ""EURJPY/GBPJPY"": 0.8256957854656395, ""GBPCAD/USDCAD"": 0.7854865692584787}, ""entry"": 2.25, ""exit_z"": 0.5, ""nested"": ""opt2024_val2025"", ""pairs"": [""EURAUD/AUDUSD:w40"", ""AUDUSD/NZDUSD:w40"", ""GBPCAD/USDCAD:w40"", ""EURJPY/GBPJPY:w40""], ""risk_frac"": 0.005, ""sizing"": ""z_vol"", ""sleeve_budget"": 1.0}",-inf,0.0003133509442775628,0.7904287761291499,0.7272727272727273,False,False,z_vol,0.0023989316568377387,0.0003133509442775628
real_n4_z_vol,"{""betas_2024"": {""AUDUSD/NZDUSD"": 0.7150032270701753, ""EURAUD/AUDUSD"": -0.31093367860651805, ""EURJPY/GBPJPY"": 0.8256957854656395, ""GBPCAD/USDCAD"": 0.7854865692584787}, ""entry"": 2.25, ""exit_z"": 0.5, ""nested"": ""opt2024_val2025"", ""pairs"": [""EURAUD/AUDUSD:w40"", ""AUDUSD/NZDUSD:w40"", ""GBPCAD/USDCAD:w40"", ""EURJPY/GBPJPY:w40""], ""risk_frac"": 0.0075, ""sizing"": ""z_vol"", ""sleeve_budget"": 0.55}",-inf,0.0003304300849676367,0.803808183248686,0.7272727272727273,False,False,z_vol,0.0018863559976845371,0.0003304300849676367
real_n4_z_vol,"{""betas_2024"": {""AUDUSD/NZDUSD"": 0.7150032270701753, ""EURAUD/AUDUSD"": -0.31093367860651805, ""EURJPY/GBPJPY"": 0.8256957854656395, ""GBPCAD/USDCAD"": 0.7854865692584787}, ""entry"": 2.25, ""exit_z"": 0.5, ""nested"": ""opt2024_val2025"", ""pairs"": [""EURAUD/AUDUSD:w40"", ""AUDUSD/NZDUSD:w40"", ""GBPCAD/USDCAD:w40"", ""EURJPY/GBPJPY:w40""], ""risk_frac"": 0.0075, ""sizing"": ""z_vol"", ""sleeve_budget"": 1.0}",-inf,0.0006054199224287266,0.8043750267446875,0.7272727272727273,False,False,z_vol,0.0034109982758237863,0.0006054199224287266
real_n4_z_vol,"{""betas_2024"": {""AUDUSD/NZDUSD"": 0.7150032270701753, ""EURAUD/AUDUSD"": -0.31093367860651805, ""EURJPY/GBPJPY"": 0.8256957854656395, ""GBPCAD/USDCAD"": 0.7854865692584787}, ""entry"": 2.25, ""exit_z"": 0.5, ""nested"": ""opt2024_val2025"", ""pairs"": [""EURAUD/AUDUSD:w40"", ""AUDUSD/NZDUSD:w40"", ""GBPCAD/USDCAD:w40"", ""EURJPY/GBPJPY:w40""], ""risk_frac"": 0.01, ""sizing"": ""z_vol"", ""sleeve_budget"": 0.55}",-inf,0.000616708657262155,0.8192530031352189,0.7272727272727273,False,False,z_vol,0.0024169728796317484,0.000616708657262155
real_n4_z_vol,"{""betas_2024"": {""AUDUSD/NZDUSD"": 0.7150032270701753, ""EURAUD/AUDUSD"": -0.31093367860651805, ""EURJPY/GBPJPY"": 0.8256957854656395, ""GBPCAD/USDCAD"": 0.7854865692584787}, ""entry"": 2.25, ""exit_z"": 0.5, ""nested"": ""opt2024_val2025"", ""pairs"": [""EURAUD/AUDUSD:w40"", ""AUDUSD/NZDUSD:w40"", ""GBPCAD/USDCAD:w40"", ""EURJPY/GBPJPY:w40""], ""risk_frac"": 0.01, ""sizing"": ""z_vol"", ""sleeve_budget"": 1.0}",-inf,0.0011288860812287832,0.8200989555679751,0.7272727272727273,False,False,z_vol,0.004363000782926164,0.0011288860812287832
real_n4_z_vol,"{""betas_2024"": {""AUDUSD/NZDUSD"": 0.7150032270701753, ""EURAUD/AUDUSD"": -0.31093367860651805, ""EURJPY/GBPJPY"": 0.8256957854656395, ""GBPCAD/USDCAD"": 0.7854865692584787}, ""entry"": 2.5, ""exit_z"": 0.2, ""nested"": ""opt2024_val2025"", ""pairs"": [""EURAUD/AUDUSD:w40"", ""AUDUSD/NZDUSD:w40"", ""GBPCAD/USDCAD:w40"", ""EURJPY/GBPJPY:w40""], ""risk_frac"": 0.005, ""sizing"": ""z_vol"", ""sleeve_budget"": 0.55}",-inf,0.00035280830374026517,0.9275623872911578,0.5,False,False,z_vol,0.0013605920371355966,0.00035280830374026517
real_n4_z_vol,"{""betas_2024"": {""AUDUSD/NZDUSD"": 0.7150032270701753, ""EURAUD/AUDUSD"": -0.31093367860651805, ""EURJPY/GBPJPY"": 0.8256957854656395, ""GBPCAD/USDCAD"": 0.7854865692584787}, ""entry"": 2.5, ""exit_z"": 0.2, ""nested"": ""opt2024_val2025"", ""pairs"": [""EURAUD/AUDUSD:w40"", ""AUDUSD/NZDUSD:w40"", ""GBPCAD/USDCAD:w40"", ""EURJPY/GBPJPY:w40""], ""risk_frac"": 0.005, ""sizing"": ""z_vol"", ""sleeve_budget"": 1.0}",-inf,0.0006428245524455339,0.9276680362135861,0.5,False,False,z_vol,0.0024644998576115965,0.0006428245524455339
real_n4_z_vol,"{""betas_2024"": {""AUDUSD/NZDUSD"": 0.7150032270701753, ""EURAUD/AUDUSD"": -0.31093367860651805, ""EURJPY/GBPJPY"": 0.8256957854656395, ""GBPCAD/USDCAD"": 0.7854865692584787}, ""entry"": 2.5, ""exit_z"": 0.2, ""nested"": ""opt2024_val2025"", ""pairs"": [""EURAUD/AUDUSD:w40"", ""AUDUSD/NZDUSD:w40"", ""GBPCAD/USDCAD:w40"", ""EURJPY/GBPJPY:w40""], ""risk_frac"": 0.0075, ""sizing"": ""z_vol"", ""sleeve_budget"": 0.55}",-inf,0.000610597579093014,0.9325147483759731,0.5,False,False,z_vol,0.002046874441498607,0.000610597579093014
real_n4_z_vol,"{""betas_2024"": {""AUDUSD/NZDUSD"": 0.7150032270701753, ""EURAUD/AUDUSD"": -0.31093367860651805, ""EURJPY/GBPJPY"": 0.8256957854656395, ""GBPCAD/USDCAD"": 0.7854865692584787}, ""entry"": 2.5, ""exit_z"": 0.2, ""nested"": ""opt2024_val2025"", ""pairs"": [""EURAUD/AUDUSD:w40"", ""AUDUSD/NZDUSD:w40"", ""GBPCAD/USDCAD:w40"", ""EURJPY/GBPJPY:w40""], ""risk_frac"": 0.0075, ""sizing"": ""z_vol"", ""sleeve_budget"": 1.0}",-inf,0.0011127616978625215,0.9326892460196388,0.5,False,False,z_vol,0.003700966566355818,0.0011127616978625215
real_n4_z_vol,"{""betas_2024"": {""AUDUSD/NZDUSD"": 0.7150032270701753, ""EURAUD/AUDUSD"": -0.31093367860651805, ""EURJPY/GBPJPY"": 0.8256957854656395, ""GBPCAD/USDCAD"": 0.7854865692584787}, ""entry"": 2.5, ""exit_z"": 0.2, ""nested"": ""opt2024_val2025"", ""pairs"": [""EURAUD/AUDUSD:w40"", ""AUDUSD/NZDUSD:w40"", ""GBPCAD/USDCAD:w40"", ""EURJPY/GBPJPY:w40""], ""risk_frac"": 0.01, ""sizing"": ""z_vol"", ""sleeve_budget"": 0.55}",-inf,0.00104814755917787,0.9274138792221416,0.5,False,False,z_vol,0.0026134671869329847,0.00104814755917787
real_n4_z_vol,"{""betas_2024"": {""AUDUSD/NZDUSD"": 0.7150032270701753, ""EURAUD/AUDUSD"": -0.31093367860651805, ""EURJPY/GBPJPY"": 0.8256957854656395, ""GBPCAD/USDCAD"": 0.7854865692584787}, ""entry"": 2.5, ""exit_z"": 0.2, ""nested"": ""opt2024_val2025"", ""pairs"": [""EURAUD/AUDUSD:w40"", ""AUDUSD/NZDUSD:w40"", ""GBPCAD/USDCAD:w40"", ""EURJPY/GBPJPY:w40""], ""risk_frac"": 0.01, ""sizing"": ""z_vol"", ""sleeve_budget"": 1.0}",-inf,0.0019074668207663542,0.9277258037710715,0.5,False,False,z_vol,0.004718497909507705,0.0019074668207663542
real_n4_z_vol,"{""betas_2024"": {""AUDUSD/NZDUSD"": 0.7150032270701753, ""EURAUD/AUDUSD"": -0.31093367860651805, ""EURJPY/GBPJPY"": 0.8256957854656395, ""GBPCAD/USDCAD"": 0.7854865692584787}, ""entry"": 2.5, ""exit_z"": 0.3, ""nested"": ""opt2024_val2025"", ""pairs"": [""EURAUD/AUDUSD:w40"", ""AUDUSD/NZDUSD:w40"", ""GBPCAD/USDCAD:w40"", ""EURJPY/GBPJPY:w40""], ""risk_frac"": 0.005, ""sizing"": ""z_vol"", ""sleeve_budget"": 0.55}",-inf,0.0005424608502658523,0.8595197466196591,0.5,False,False,z_vol,0.0012528459163997868,0.0005424608502658523
real_n4_z_vol,"{""betas_2024"": {""AUDUSD/NZDUSD"": 0.7150032270701753, ""EURAUD/AUDUSD"": -0.31093367860651805, ""EURJPY/GBPJPY"": 0.8256957854656395, ""GBPCAD/USDCAD"": 0.7854865692584787}, ""entry"": 2.5, ""exit_z"": 0.3, ""nested"": ""opt2024_val2025"", ""pairs"": [""EURAUD/AUDUSD:w40"", ""AUDUSD/NZDUSD:w40"", ""GBPCAD/USDCAD:w40"", ""EURJPY/GBPJPY:w40""], ""risk_frac"": 0.005, ""sizing"": ""z_vol"", ""sleeve_budget"": 1.0}",-inf,0.0009865474583021366,0.8598995391043119,0.5,False,False,z_vol,0.0022704013650050744,0.0009865474583021366
real_n4_z_vol,"{""betas_2024"": {""AUDUSD/NZDUSD"": 0.7150032270701753, ""EURAUD/AUDUSD"": -0.31093367860651805, ""EURJPY/GBPJPY"": 0.8256957854656395, ""GBPCAD/USDCAD"": 0.7854865692584787}, ""entry"": 2.5, ""exit_z"": 0.3, ""nested"": ""opt2024_val2025"", ""pairs"": [""EURAUD/AUDUSD:w40"", ""AUDUSD/NZDUSD:w40"", ""GBPCAD/USDCAD:w40"", ""EURJPY/GBPJPY:w40""], ""risk_frac"": 0.0075, ""sizing"": ""z_vol"", ""sleeve_budget"": 0.55}",-inf,0.0008947939504232449,0.8642563175706351,0.5,False,False,z_vol,0.0018912248146814934,0.0008947939504232449
real_n4_z_vol,"{""betas_2024"": {""AUDUSD/NZDUSD"": 0.7150032270701753, ""EURAUD/AUDUSD"": -0.31093367860651805, ""EURJPY/GBPJPY"": 0.8256957854656395, ""GBPCAD/USDCAD"": 0.7854865692584787}, ""entry"": 2.5, ""exit_z"": 0.3, ""nested"": ""opt2024_val2025"", ""pairs"": [""EURAUD/AUDUSD:w40"", ""AUDUSD/NZDUSD:w40"", ""GBPCAD/USDCAD:w40"", ""EURJPY/GBPJPY:w40""], ""risk_frac"": 0.0075, ""sizing"": ""z_vol"", ""sleeve_budget"": 1.0}",-inf,0.0016267699804961427,0.8648527550328601,0.5,False,False,z_vol,0.0034217560293905032,0.0016267699804961427
real_n4_z_vol,"{""betas_2024"": {""AUDUSD/NZDUSD"": 0.7150032270701753, ""EURAUD/AUDUSD"": -0.31093367860651805, ""EURJPY/GBPJPY"": 0.8256957854656395, ""GBPCAD/USDCAD"": 0.7854865692584787}, ""entry"": 2.5, ""exit_z"": 0.3, ""nested"": ""opt2024_val2025"", ""pairs"": [""EURAUD/AUDUSD:w40"", ""AUDUSD/NZDUSD:w40"", ""GBPCAD/USDCAD:w40"", ""EURJPY/GBPJPY:w40""], ""risk_frac"": 0.01, ""sizing"": ""z_vol"", ""sleeve_budget"": 0.55}",-inf,0.0013959133938357127,0.8698426038434622,0.5,False,False,z_vol,0.002398323246494502,0.0013959133938357127
real_n4_z_vol,"{""betas_2024"": {""AUDUSD/NZDUSD"": 0.7150032270701753, ""EURAUD/AUDUSD"": -0.31093367860651805, ""EURJPY/GBPJPY"": 0.8256957854656395, ""GBPCAD/USDCAD"": 0.7854865692584787}, ""entry"": 2.5, ""exit_z"": 0.3, ""nested"": ""opt2024_val2025"", ""pairs"": [""EURAUD/AUDUSD:w40"", ""AUDUSD/NZDUSD:w40"", ""GBPCAD/USDCAD:w40"", ""EURJPY/GBPJPY:w40""], ""risk_frac"": 0.01, ""sizing"": ""z_vol"", ""sleeve_budget"": 1.0}",-inf,0.0025345237193244025,0.8707058990837808,0.5,False,False,z_vol,0.004333974188453695,0.0025345237193244025
real_n4_z_vol,"{""betas_2024"": {""AUDUSD/NZDUSD"": 0.7150032270701753, ""EURAUD/AUDUSD"": -0.31093367860651805, ""EURJPY/GBPJPY"": 0.8256957854656395, ""GBPCAD/USDCAD"": 0.7854865692584787}, ""entry"": 2.5, ""exit_z"": 0.5, ""nested"": ""opt2024_val2025"", ""pairs"": [""EURAUD/AUDUSD:w40"", ""AUDUSD/NZDUSD:w40"", ""GBPCAD/USDCAD:w40"", ""EURJPY/GBPJPY:w40""], ""risk_frac"": 0.005, ""sizing"": ""z_vol"", ""sleeve_budget"": 0.55}",-inf,0.0001748259897744464,0.7930792336867885,0.5,False,False,z_vol,0.0011631733061603367,0.0001748259897744464
real_n4_z_vol,"{""betas_2024"": {""AUDUSD/NZDUSD"": 0.7150032270701753, ""EURAUD/AUDUSD"": -0.31093367860651805, ""EURJPY/GBPJPY"": 0.8256957854656395, ""GBPCAD/USDCAD"": 0.7854865692584787}, ""entry"": 2.5, ""exit_z"": 0.5, ""nested"": ""opt2024_val2025"", ""pairs"": [""EURAUD/AUDUSD:w40"", ""AUDUSD/NZDUSD:w40"", ""GBPCAD/USDCAD:w40"", ""EURJPY/GBPJPY:w40""], ""risk_frac"": 0.005, ""sizing"": ""z_vol"", ""sleeve_budget"": 1.0}",-inf,0.0003192384919196989,0.7933450646318454,0.5,False,False,z_vol,0.0021080043640119284,0.0003192384919196989
real_n4_z_vol,"{""betas_2024"": {""AUDUSD/NZDUSD"": 0.7150032270701753, ""EURAUD/AUDUSD"": -0.31093367860651805, ""EURJPY/GBPJPY"": 0.8256957854656395, ""GBPCAD/USDCAD"": 0.7854865692584787}, ""entry"": 2.5, ""exit_z"": 0.5, ""nested"": ""opt2024_val2025"", ""pairs"": [""EURAUD/AUDUSD:w40"", ""AUDUSD/NZDUSD:w40"", ""GBPCAD/USDCAD:w40"", ""EURJPY/GBPJPY:w40""], ""risk_frac"": 0.0075, ""sizing"": ""z_vol"", ""sleeve_budget"": 0.55}",-inf,0.0003267700174631877,0.8046553823762133,0.5,False,False,z_vol,0.001659482057357876,0.0003267700174631877
real_n4_z_vol,"{""betas_2024"": {""AUDUSD/NZDUSD"": 0.7150032270701753, ""EURAUD/AUDUSD"": -0.31093367860651805, ""EURJPY/GBPJPY"": 0.8256957854656395, ""GBPCAD/USDCAD"": 0.7854865692584787}, ""entry"": 2.5, ""exit_z"": 0.5, ""nested"": ""opt2024_val2025"", ""pairs"": [""EURAUD/AUDUSD:w40"", ""AUDUSD/NZDUSD:w40"", ""GBPCAD/USDCAD:w40"", ""EURJPY/GBPJPY:w40""], ""risk_frac"": 0.0075, ""sizing"": ""z_vol"", ""sleeve_budget"": 1.0}",-inf,0.0005970627956987523,0.8050985584120924,0.5,False,False,z_vol,0.0030038490433947906,0.0005970627956987523
real_n4_z_vol,"{""betas_2024"": {""AUDUSD/NZDUSD"": 0.7150032270701753, ""EURAUD/AUDUSD"": -0.31093367860651805, ""EURJPY/GBPJPY"": 0.8256957854656395, ""GBPCAD/USDCAD"": 0.7854865692584787}, ""entry"": 2.5, ""exit_z"": 0.5, ""nested"": ""opt2024_val2025"", ""pairs"": [""EURAUD/AUDUSD:w40"", ""AUDUSD/NZDUSD:w40"", ""GBPCAD/USDCAD:w40"", ""EURJPY/GBPJPY:w40""], ""risk_frac"": 0.01, ""sizing"": ""z_vol"", ""sleeve_budget"": 0.55}",-inf,0.0006279094589199813,0.8191226183749533,0.5,False,False,z_vol,0.0020982390210155296,0.0006279094589199813
real_n4_z_vol,"{""betas_2024"": {""AUDUSD/NZDUSD"": 0.7150032270701753, ""EURAUD/AUDUSD"": -0.31093367860651805, ""EURJPY/GBPJPY"": 0.8256957854656395, ""GBPCAD/USDCAD"": 0.7854865692584787}, ""entry"": 2.5, ""exit_z"": 0.5, ""nested"": ""opt2024_val2025"", ""pairs"": [""EURAUD/AUDUSD:w40"", ""AUDUSD/NZDUSD:w40"", ""GBPCAD/USDCAD:w40"", ""EURJPY/GBPJPY:w40""], ""risk_frac"": 0.01, ""sizing"": ""z_vol"", ""sleeve_budget"": 1.0}",-inf,0.0011452420683504133,0.8198189142712835,0.5,False,False,z_vol,0.003793326839448219,0.0011452420683504133
real_n4_z_vol,"{""betas_2024"": {""AUDUSD/NZDUSD"": 0.7150032270701753, ""EURAUD/AUDUSD"": -0.31093367860651805, ""EURJPY/GBPJPY"": 0.8256957854656395, ""GBPCAD/USDCAD"": 0.7854865692584787}, ""entry"": 1.5, ""exit_z"": 0.2, ""nested"": ""opt2024_val2025"", ""pairs"": [""EURAUD/AUDUSD:w60"", ""AUDUSD/NZDUSD:w60"", ""GBPCAD/USDCAD:w60"", ""EURJPY/GBPJPY:w60""], ""risk_frac"": 0.005, ""sizing"": ""z_vol"", ""sleeve_budget"": 0.55}",-inf,-8.928524001695914e-05,1.0,0.375,False,False,z_vol,0.0011444006010595405,-8.928524001695914e-05
real_n4_z_vol,"{""betas_2024"": {""AUDUSD/NZDUSD"": 0.7150032270701753, ""EURAUD/AUDUSD"": -0.31093367860651805, ""EURJPY/GBPJPY"": 0.8256957854656395, ""GBPCAD/USDCAD"": 0.7854865692584787}, ""entry"": 1.5, ""exit_z"": 0.2, ""nested"": ""opt2024_val2025"", ""pairs"": [""EURAUD/AUDUSD:w60"", ""AUDUSD/NZDUSD:w60"", ""GBPCAD/USDCAD:w60"", ""EURJPY/GBPJPY:w60""], ""risk_frac"": 0.005, ""sizing"": ""z_vol"", ""sleeve_budget"": 1.0}",-inf,-0.00015929960134498933,1.0,0.375,False,False,z_vol,0.00207345267234461,-0.00015929960134498933
real_n4_z_vol,"{""betas_2024"": {""AUDUSD/NZDUSD"": 0.7150032270701753, ""EURAUD/AUDUSD"": -0.31093367860651805, ""EURJPY/GBPJPY"": 0.8256957854656395, ""GBPCAD/USDCAD"": 0.7854865692584787}, ""entry"": 1.5, ""exit_z"": 0.2, ""nested"": ""opt2024_val2025"", ""pairs"": [""EURAUD/AUDUSD:w60"", ""AUDUSD/NZDUSD:w60"", ""GBPCAD/USDCAD:w60"", ""EURJPY/GBPJPY:w60""], ""risk_frac"": 0.0075, ""sizing"": ""z_vol"", ""sleeve_budget"": 0.55}",-inf,0.0001708013282062104,0.8312113934565797,0.5,False,False,z_vol,0.0015559413433691362,0.0001708013282062104
real_n4_z_vol,"{""betas_2024"": {""AUDUSD/NZDUSD"": 0.7150032270701753, ""EURAUD/AUDUSD"": -0.31093367860651805, ""EURJPY/GBPJPY"": 0.8256957854656395, ""GBPCAD/USDCAD"": 0.7854865692584787}, ""entry"": 1.5, ""exit_z"": 0.2, ""nested"": ""opt2024_val2025"", ""pairs"": [""EURAUD/AUDUSD:w60"", ""AUDUSD/NZDUSD:w60"", ""GBPCAD/USDCAD:w60"", ""EURJPY/GBPJPY:w60""], ""risk_frac"": 0.0075, ""sizing"": ""z_vol"", ""sleeve_budget"": 1.0}",-inf,0.00031750589690410225,0.8314228106639396,0.5,False,False,z_vol,0.0028175025411343816,0.00031750589690410225
real_n4_z_vol,"{""betas_2024"": {""AUDUSD/NZDUSD"": 0.7150032270701753, ""EURAUD/AUDUSD"": -0.31093367860651805, ""EURJPY/GBPJPY"": 0.8256957854656395, ""GBPCAD/USDCAD"": 0.7854865692584787}, ""entry"": 1.5, ""exit_z"": 0.2, ""nested"": ""opt2024_val2025"", ""pairs"": [""EURAUD/AUDUSD:w60"", ""AUDUSD/NZDUSD:w60"", ""GBPCAD/USDCAD:w60"", ""EURJPY/GBPJPY:w60""], ""risk_frac"": 0.01, ""sizing"": ""z_vol"", ""sleeve_budget"": 0.55}",-inf,0.00022718385931470853,0.8409439354477608,0.5,False,False,z_vol,0.0020794432098856634,0.00022718385931470853
real_n4_z_vol,"{""betas_2024"": {""AUDUSD/NZDUSD"": 0.7150032270701753, ""EURAUD/AUDUSD"": -0.31093367860651805, ""EURJPY/GBPJPY"": 0.8256957854656395, ""GBPCAD/USDCAD"": 0.7854865692584787}, ""entry"": 1.5, ""exit_z"": 0.2, ""nested"": ""opt2024_val2025"", ""pairs"": [""EURAUD/AUDUSD:w60"", ""AUDUSD/NZDUSD:w60"", ""GBPCAD/USDCAD:w60"", ""EURJPY/GBPJPY:w60""], ""risk_frac"": 0.01, ""sizing"": ""z_vol"", ""sleeve_budget"": 1.0}",-inf,0.0004243453033769551,0.8412583056648488,0.5,False,False,z_vol,0.003759194967030083,0.0004243453033769551
real_n4_z_vol,"{""betas_2024"": {""AUDUSD/NZDUSD"": 0.7150032270701753, ""EURAUD/AUDUSD"": -0.31093367860651805, ""EURJPY/GBPJPY"": 0.8256957854656395, ""GBPCAD/USDCAD"": 0.7854865692584787}, ""entry"": 1.5, ""exit_z"": 0.3, ""nested"": ""opt2024_val2025"", ""pairs"": [""EURAUD/AUDUSD:w60"", ""AUDUSD/NZDUSD:w60"", ""GBPCAD/USDCAD:w60"", ""EURJPY/GBPJPY:w60""], ""risk_frac"": 0.005, ""sizing"": ""z_vol"", ""sleeve_budget"": 0.55}",-inf,0.0003754178173438899,0.8995625765595215,0.5454545454545454,False,False,z_vol,0.001092893269126094,0.0003754178173438899
real_n4_z_vol,"{""betas_2024"": {""AUDUSD/NZDUSD"": 0.7150032270701753, ""EURAUD/AUDUSD"": -0.31093367860651805, ""EURJPY/GBPJPY"": 0.8256957854656395, ""GBPCAD/USDCAD"": 0.7854865692584787}, ""entry"": 1.5, ""exit_z"": 0.3, ""nested"": ""opt2024_val2025"", ""pairs"": [""EURAUD/AUDUSD:w60"", ""AUDUSD/NZDUSD:w60"", ""GBPCAD/USDCAD:w60"", ""EURJPY/GBPJPY:w60""], ""risk_frac"": 0.005, ""sizing"": ""z_vol"", ""sleeve_budget"": 1.0}",-inf,0.0006853809005825245,0.899656676832599,0.5454545454545454,False,False,z_vol,0.001980523274213719,0.0006853809005825245
real_n4_z_vol,"{""betas_2024"": {""AUDUSD/NZDUSD"": 0.7150032270701753, ""EURAUD/AUDUSD"": -0.31093367860651805, ""EURJPY/GBPJPY"": 0.8256957854656395, ""GBPCAD/USDCAD"": 0.7854865692584787}, ""entry"": 1.5, ""exit_z"": 0.3, ""nested"": ""opt2024_val2025"", ""pairs"": [""EURAUD/AUDUSD:w60"", ""AUDUSD/NZDUSD:w60"", ""GBPCAD/USDCAD:w60"", ""EURJPY/GBPJPY:w60""], ""risk_frac"": 0.0075, ""sizing"": ""z_vol"", ""sleeve_budget"": 0.55}",-inf,0.0008701502963652796,0.9490248396712698,0.5454545454545454,False,False,z_vol,0.0014785827089188338,0.0008701502963652796
real_n4_z_vol,"{""betas_2024"": {""AUDUSD/NZDUSD"": 0.7150032270701753, ""EURAUD/AUDUSD"": -0.31093367860651805, ""EURJPY/GBPJPY"": 0.8256957854656395, ""GBPCAD/USDCAD"": 0.7854865692584787}, ""entry"": 1.5, ""exit_z"": 0.3, ""nested"": ""opt2024_val2025"", ""pairs"": [""EURAUD/AUDUSD:w60"", ""AUDUSD/NZDUSD:w60"", ""GBPCAD/USDCAD:w60"", ""EURJPY/GBPJPY:w60""], ""risk_frac"": 0.0075, ""sizing"": ""z_vol"", ""sleeve_budget"": 1.0}",-inf,0.0015868982787274888,0.9490724731557998,0.5454545454545454,False,False,z_vol,0.0026779344331720415,0.0015868982787274888
real_n4_z_vol,"{""betas_2024"": {""AUDUSD/NZDUSD"": 0.7150032270701753, ""EURAUD/AUDUSD"": -0.31093367860651805, ""EURJPY/GBPJPY"": 0.8256957854656395, ""GBPCAD/USDCAD"": 0.7854865692584787}, ""entry"": 1.5, ""exit_z"": 0.3, ""nested"": ""opt2024_val2025"", ""pairs"": [""EURAUD/AUDUSD:w60"", ""AUDUSD/NZDUSD:w60"", ""GBPCAD/USDCAD:w60"", ""EURJPY/GBPJPY:w60""], ""risk_frac"": 0.01, ""sizing"": ""z_vol"", ""sleeve_budget"": 0.55}",-inf,0.001152498370248209,0.9387106276754034,0.45454545454545453,False,False,z_vol,0.0019919862525510975,0.001152498370248209
real_n4_z_vol,"{""betas_2024"": {""AUDUSD/NZDUSD"": 0.7150032270701753, ""EURAUD/AUDUSD"": -0.31093367860651805, ""EURJPY/GBPJPY"": 0.8256957854656395, ""GBPCAD/USDCAD"": 0.7854865692584787}, ""entry"": 1.5, ""exit_z"": 0.3, ""nested"": ""opt2024_val2025"", ""pairs"": [""EURAUD/AUDUSD:w60"", ""AUDUSD/NZDUSD:w60"", ""GBPCAD/USDCAD:w60"", ""EURJPY/GBPJPY:w60""], ""risk_frac"": 0.01, ""sizing"": ""z_vol"", ""sleeve_budget"": 1.0}",-inf,0.002102865695956288,0.938839985312113,0.45454545454545453,False,False,z_vol,0.0036013612589574514,0.002102865695956288
real_n4_z_vol,"{""betas_2024"": {""AUDUSD/NZDUSD"": 0.7150032270701753, ""EURAUD/AUDUSD"": -0.31093367860651805, ""EURJPY/GBPJPY"": 0.8256957854656395, ""GBPCAD/USDCAD"": 0.7854865692584787}, ""entry"": 1.5, ""exit_z"": 0.5, ""nested"": ""opt2024_val2025"", ""pairs"": [""EURAUD/AUDUSD:w60"", ""AUDUSD/NZDUSD:w60"", ""GBPCAD/USDCAD:w60"", ""EURJPY/GBPJPY:w60""], ""risk_frac"": 0.005, ""sizing"": ""z_vol"", ""sleeve_budget"": 0.55}",-inf,0.0005633074836662588,0.8403458090187829,0.6363636363636364,False,False,z_vol,0.0006989327331774386,0.0005633074836662588
real_n4_z_vol,"{""betas_2024"": {""AUDUSD/NZDUSD"": 0.7150032270701753, ""EURAUD/AUDUSD"": -0.31093367860651805, ""EURJPY/GBPJPY"": 0.8256957854656395, ""GBPCAD/USDCAD"": 0.7854865692584787}, ""entry"": 1.5, ""exit_z"": 0.5, ""nested"": ""opt2024_val2025"", ""pairs"": [""EURAUD/AUDUSD:w60"", ""AUDUSD/NZDUSD:w60"", ""GBPCAD/USDCAD:w60"", ""EURJPY/GBPJPY:w60""], ""risk_frac"": 0.005, ""sizing"": ""z_vol"", ""sleeve_budget"": 1.0}",-inf,0.0010267187931058963,0.8406517608751356,0.6363636363636364,False,False,z_vol,0.001270460900117257,0.0010267187931058963
real_n4_z_vol,"{""betas_2024"": {""AUDUSD/NZDUSD"": 0.7150032270701753, ""EURAUD/AUDUSD"": -0.31093367860651805, ""EURJPY/GBPJPY"": 0.8256957854656395, ""GBPCAD/USDCAD"": 0.7854865692584787}, ""entry"": 1.5, ""exit_z"": 0.5, ""nested"": ""opt2024_val2025"", ""pairs"": [""EURAUD/AUDUSD:w60"", ""AUDUSD/NZDUSD:w60"", ""GBPCAD/USDCAD:w60"", ""EURJPY/GBPJPY:w60""], ""risk_frac"": 0.0075, ""sizing"": ""z_vol"", ""sleeve_budget"": 0.55}",-inf,0.0008901619113634549,0.884813470760414,0.6363636363636364,False,False,z_vol,0.0008901619113634549,0.0011798201004098868
real_n4_z_vol,"{""betas_2024"": {""AUDUSD/NZDUSD"": 0.7150032270701753, ""EURAUD/AUDUSD"": -0.31093367860651805, ""EURJPY/GBPJPY"": 0.8256957854656395, ""GBPCAD/USDCAD"": 0.7854865692584787}, ""entry"": 1.5, ""exit_z"": 0.5, ""nested"": ""opt2024_val2025"", ""pairs"": [""EURAUD/AUDUSD:w60"", ""AUDUSD/NZDUSD:w60"", ""GBPCAD/USDCAD:w60"", ""EURJPY/GBPJPY:w60""], ""risk_frac"": 0.0075, ""sizing"": ""z_vol"", ""sleeve_budget"": 1.0}",-inf,0.0016202547026891471,0.8851760523509158,0.6363636363636364,False,False,z_vol,0.0016202547026891471,0.0021476811981503557
real_n4_z_vol,"{""betas_2024"": {""AUDUSD/NZDUSD"": 0.7150032270701753, ""EURAUD/AUDUSD"": -0.31093367860651805, ""EURJPY/GBPJPY"": 0.8256957854656395, ""GBPCAD/USDCAD"": 0.7854865692584787}, ""entry"": 1.5, ""exit_z"": 0.5, ""nested"": ""opt2024_val2025"", ""pairs"": [""EURAUD/AUDUSD:w60"", ""AUDUSD/NZDUSD:w60"", ""GBPCAD/USDCAD:w60"", ""EURJPY/GBPJPY:w60""], ""risk_frac"": 0.01, ""sizing"": ""z_vol"", ""sleeve_budget"": 0.55}",-inf,0.0011767837452732416,0.8873596060950015,0.6363636363636364,False,False,z_vol,0.0011767837452732416,0.0015645381454413854
real_n4_z_vol,"{""betas_2024"": {""AUDUSD/NZDUSD"": 0.7150032270701753, ""EURAUD/AUDUSD"": -0.31093367860651805, ""EURJPY/GBPJPY"": 0.8256957854656395, ""GBPCAD/USDCAD"": 0.7854865692584787}, ""entry"": 1.5, ""exit_z"": 0.5, ""nested"": ""opt2024_val2025"", ""pairs"": [""EURAUD/AUDUSD:w60"", ""AUDUSD/NZDUSD:w60"", ""GBPCAD/USDCAD:w60"", ""EURJPY/GBPJPY:w60""], ""risk_frac"": 0.01, ""sizing"": ""z_vol"", ""sleeve_budget"": 1.0}",-inf,0.002141347678368902,0.8878158847155103,0.6363636363636364,False,False,z_vol,0.002141347678368902,0.002847739583423353
real_n4_z_vol,"{""betas_2024"": {""AUDUSD/NZDUSD"": 0.7150032270701753, ""EURAUD/AUDUSD"": -0.31093367860651805, ""EURJPY/GBPJPY"": 0.8256957854656395, ""GBPCAD/USDCAD"": 0.7854865692584787}, ""entry"": 1.75, ""exit_z"": 0.2, ""nested"": ""opt2024_val2025"", ""pairs"": [""EURAUD/AUDUSD:w60"", ""AUDUSD/NZDUSD:w60"", ""GBPCAD/USDCAD:w60"", ""EURJPY/GBPJPY:w60""], ""risk_frac"": 0.005, ""sizing"": ""z_vol"", ""sleeve_budget"": 0.55}",-inf,-0.00011952374410371946,1.0,0.375,False,False,z_vol,0.001535528777456249,-0.00011952374410371946
real_n4_z_vol,"{""betas_2024"": {""AUDUSD/NZDUSD"": 0.7150032270701753, ""EURAUD/AUDUSD"": -0.31093367860651805, ""EURJPY/GBPJPY"": 0.8256957854656395, ""GBPCAD/USDCAD"": 0.7854865692584787}, ""entry"": 1.75, ""exit_z"": 0.2, ""nested"": ""opt2024_val2025"", ""pairs"": [""EURAUD/AUDUSD:w60"", ""AUDUSD/NZDUSD:w60"", ""GBPCAD/USDCAD:w60"", ""EURJPY/GBPJPY:w60""], ""risk_frac"": 0.005, ""sizing"": ""z_vol"", ""sleeve_budget"": 1.0}",-inf,-0.00021513670589978773,1.0,0.375,False,False,z_vol,0.0027801409829858762,-0.00021513670589978773
real_n4_z_vol,"{""betas_2024"": {""AUDUSD/NZDUSD"": 0.7150032270701753, ""EURAUD/AUDUSD"": -0.31093367860651805, ""EURJPY/GBPJPY"": 0.8256957854656395, ""GBPCAD/USDCAD"": 0.7854865692584787}, ""entry"": 1.75, ""exit_z"": 0.2, ""nested"": ""opt2024_val2025"", ""pairs"": [""EURAUD/AUDUSD:w60"", ""AUDUSD/NZDUSD:w60"", ""GBPCAD/USDCAD:w60"", ""EURJPY/GBPJPY:w60""], ""risk_frac"": 0.0075, ""sizing"": ""z_vol"", ""sleeve_budget"": 0.55}",-inf,5.810903062386519e-05,0.8351737570735948,0.5,False,False,z_vol,0.0021715858786809372,5.810903062386519e-05
real_n4_z_vol,"{""betas_2024"": {""AUDUSD/NZDUSD"": 0.7150032270701753, ""EURAUD/AUDUSD"": -0.31093367860651805, ""EURJPY/GBPJPY"": 0.8256957854656395, ""GBPCAD/USDCAD"": 0.7854865692584787}, ""entry"": 1.75, ""exit_z"": 0.2, ""nested"": ""opt2024_val2025"", ""pairs"": [""EURAUD/AUDUSD:w60"", ""AUDUSD/NZDUSD:w60"", ""GBPCAD/USDCAD:w60"", ""EURJPY/GBPJPY:w60""], ""risk_frac"": 0.0075, ""sizing"": ""z_vol"", ""sleeve_budget"": 1.0}",-inf,0.00011115767017658151,0.8348768460247158,0.5,False,False,z_vol,0.00392684924012009,0.00011115767017658151
real_n4_z_vol,"{""betas_2024"": {""AUDUSD/NZDUSD"": 0.7150032270701753, ""EURAUD/AUDUSD"": -0.31093367860651805, ""EURJPY/GBPJPY"": 0.8256957854656395, ""GBPCAD/USDCAD"": 0.7854865692584787}, ""entry"": 1.75, ""exit_z"": 0.2, ""nested"": ""opt2024_val2025"", ""pairs"": [""EURAUD/AUDUSD:w60"", ""AUDUSD/NZDUSD:w60"", ""GBPCAD/USDCAD:w60"", ""EURJPY/GBPJPY:w60""], ""risk_frac"": 0.01, ""sizing"": ""z_vol"", ""sleeve_budget"": 0.55}",-inf,0.00020278001993702388,0.8232429725345108,0.5,False,False,z_vol,0.0029186299784760383,0.00020278001993702388
real_n4_z_vol,"{""betas_2024"": {""AUDUSD/NZDUSD"": 0.7150032270701753, ""EURAUD/AUDUSD"": -0.31093367860651805, ""EURJPY/GBPJPY"": 0.8256957854656395, ""GBPCAD/USDCAD"": 0.7854865692584787}, ""entry"": 1.75, ""exit_z"": 0.2, ""nested"": ""opt2024_val2025"", ""pairs"": [""EURAUD/AUDUSD:w60"", ""AUDUSD/NZDUSD:w60"", ""GBPCAD/USDCAD:w60"", ""EURJPY/GBPJPY:w60""], ""risk_frac"": 0.01, ""sizing"": ""z_vol"", ""sleeve_budget"": 1.0}",-inf,0.00037770068765477505,0.824942290186613,0.5,False,False,z_vol,0.005266457375243652,0.00037770068765477505
real_n4_z_vol,"{""betas_2024"": {""AUDUSD/NZDUSD"": 0.7150032270701753, ""EURAUD/AUDUSD"": -0.31093367860651805, ""EURJPY/GBPJPY"": 0.8256957854656395, ""GBPCAD/USDCAD"": 0.7854865692584787}, ""entry"": 1.75, ""exit_z"": 0.3, ""nested"": ""opt2024_val2025"", ""pairs"": [""EURAUD/AUDUSD:w60"", ""AUDUSD/NZDUSD:w60"", ""GBPCAD/USDCAD:w60"", ""EURJPY/GBPJPY:w60""], ""risk_frac"": 0.005, ""sizing"": ""z_vol"", ""sleeve_budget"": 0.55}",-inf,0.000325598408196362,0.7506043550109087,0.625,False,False,z_vol,0.0012594081675780901,0.000325598408196362
real_n4_z_vol,"{""betas_2024"": {""AUDUSD/NZDUSD"": 0.7150032270701753, ""EURAUD/AUDUSD"": -0.31093367860651805, ""EURJPY/GBPJPY"": 0.8256957854656395, ""GBPCAD/USDCAD"": 0.7854865692584787}, ""entry"": 1.75, ""exit_z"": 0.3, ""nested"": ""opt2024_val2025"", ""pairs"": [""EURAUD/AUDUSD:w60"", ""AUDUSD/NZDUSD:w60"", ""GBPCAD/USDCAD:w60"", ""EURJPY/GBPJPY:w60""], ""risk_frac"": 0.005, ""sizing"": ""z_vol"", ""sleeve_budget"": 1.0}",-inf,0.0005940352957954365,0.7509577305319007,0.625,False,False,z_vol,0.0022824498848115116,0.0005940352957954365
real_n4_z_vol,"{""betas_2024"": {""AUDUSD/NZDUSD"": 0.7150032270701753, ""EURAUD/AUDUSD"": -0.31093367860651805, ""EURJPY/GBPJPY"": 0.8256957854656395, ""GBPCAD/USDCAD"": 0.7854865692584787}, ""entry"": 1.75, ""exit_z"": 0.3, ""nested"": ""opt2024_val2025"", ""pairs"": [""EURAUD/AUDUSD:w60"", ""AUDUSD/NZDUSD:w60"", ""GBPCAD/USDCAD:w60"", ""EURJPY/GBPJPY:w60""], ""risk_frac"": 0.0075, ""sizing"": ""z_vol"", ""sleeve_budget"": 0.55}",-inf,0.0007252359068644909,0.7866587711750356,0.625,False,False,z_vol,0.0017616454430636045,0.0007252359068644909
real_n4_z_vol,"{""betas_2024"": {""AUDUSD/NZDUSD"": 0.7150032270701753, ""EURAUD/AUDUSD"": -0.31093367860651805, ""EURJPY/GBPJPY"": 0.8256957854656395, ""GBPCAD/USDCAD"": 0.7854865692584787}, ""entry"": 1.75, ""exit_z"": 0.3, ""nested"": ""opt2024_val2025"", ""pairs"": [""EURAUD/AUDUSD:w60"", ""AUDUSD/NZDUSD:w60"", ""GBPCAD/USDCAD:w60"", ""EURJPY/GBPJPY:w60""], ""risk_frac"": 0.0075, ""sizing"": ""z_vol"", ""sleeve_budget"": 1.0}",-inf,0.0013226423758648381,0.7871212579871624,0.625,False,False,z_vol,0.0031901975176598803,0.0013226423758648381
real_n4_z_vol,"{""betas_2024"": {""AUDUSD/NZDUSD"": 0.7150032270701753, ""EURAUD/AUDUSD"": -0.31093367860651805, ""EURJPY/GBPJPY"": 0.8256957854656395, ""GBPCAD/USDCAD"": 0.7854865692584787}, ""entry"": 1.75, ""exit_z"": 0.3, ""nested"": ""opt2024_val2025"", ""pairs"": [""EURAUD/AUDUSD:w60"", ""AUDUSD/NZDUSD:w60"", ""GBPCAD/USDCAD:w60"", ""EURJPY/GBPJPY:w60""], ""risk_frac"": 0.01, ""sizing"": ""z_vol"", ""sleeve_budget"": 0.55}",-inf,0.0010974267461359433,0.7960007639273674,0.625,False,False,z_vol,0.0024024495831186277,0.0010974267461359433
real_n4_z_vol,"{""betas_2024"": {""AUDUSD/NZDUSD"": 0.7150032270701753, ""EURAUD/AUDUSD"": -0.31093367860651805, ""EURJPY/GBPJPY"": 0.8256957854656395, ""GBPCAD/USDCAD"": 0.7854865692584787}, ""entry"": 1.75, ""exit_z"": 0.3, ""nested"": ""opt2024_val2025"", ""pairs"": [""EURAUD/AUDUSD:w60"", ""AUDUSD/NZDUSD:w60"", ""GBPCAD/USDCAD:w60"", ""EURJPY/GBPJPY:w60""], ""risk_frac"": 0.01, ""sizing"": ""z_vol"", ""sleeve_budget"": 1.0}",-inf,0.0020005466605139827,0.7973428455024564,0.625,False,False,z_vol,0.004343194482550807,0.0020005466605139827
real_n4_z_vol,"{""betas_2024"": {""AUDUSD/NZDUSD"": 0.7150032270701753, ""EURAUD/AUDUSD"": -0.31093367860651805, ""EURJPY/GBPJPY"": 0.8256957854656395, ""GBPCAD/USDCAD"": 0.7854865692584787}, ""entry"": 1.75, ""exit_z"": 0.5, ""nested"": ""opt2024_val2025"", ""pairs"": [""EURAUD/AUDUSD:w60"", ""AUDUSD/NZDUSD:w60"", ""GBPCAD/USDCAD:w60"", ""EURJPY/GBPJPY:w60""], ""risk_frac"": 0.005, ""sizing"": ""z_vol"", ""sleeve_budget"": 0.55}",-inf,0.00033961440040476687,0.8026033651574584,0.6363636363636364,False,False,z_vol,0.0008750708837472047,0.00033961440040476687
real_n4_z_vol,"{""betas_2024"": {""AUDUSD/NZDUSD"": 0.7150032270701753, ""EURAUD/AUDUSD"": -0.31093367860651805, ""EURJPY/GBPJPY"": 0.8256957854656395, ""GBPCAD/USDCAD"": 0.7854865692584787}, ""entry"": 1.75, ""exit_z"": 0.5, ""nested"": ""opt2024_val2025"", ""pairs"": [""EURAUD/AUDUSD:w60"", ""AUDUSD/NZDUSD:w60"", ""GBPCAD/USDCAD:w60"", ""EURJPY/GBPJPY:w60""], ""risk_frac"": 0.005, ""sizing"": ""z_vol"", ""sleeve_budget"": 1.0}",-inf,0.0006196401228840548,0.8031110370846786,0.6363636363636364,False,False,z_vol,0.001589863360138787,0.0006196401228840548
real_n4_z_vol,"{""betas_2024"": {""AUDUSD/NZDUSD"": 0.7150032270701753, ""EURAUD/AUDUSD"": -0.31093367860651805, ""EURJPY/GBPJPY"": 0.8256957854656395, ""GBPCAD/USDCAD"": 0.7854865692584787}, ""entry"": 1.75, ""exit_z"": 0.5, ""nested"": ""opt2024_val2025"", ""pairs"": [""EURAUD/AUDUSD:w60"", ""AUDUSD/NZDUSD:w60"", ""GBPCAD/USDCAD:w60"", ""EURJPY/GBPJPY:w60""], ""risk_frac"": 0.0075, ""sizing"": ""z_vol"", ""sleeve_budget"": 0.55}",-inf,0.0007346656904274468,0.8291027809292432,0.6363636363636364,False,False,z_vol,0.0011778944114886033,0.0007346656904274468
real_n4_z_vol,"{""betas_2024"": {""AUDUSD/NZDUSD"": 0.7150032270701753, ""EURAUD/AUDUSD"": -0.31093367860651805, ""EURJPY/GBPJPY"": 0.8256957854656395, ""GBPCAD/USDCAD"": 0.7854865692584787}, ""entry"": 1.75, ""exit_z"": 0.5, ""nested"": ""opt2024_val2025"", ""pairs"": [""EURAUD/AUDUSD:w60"", ""AUDUSD/NZDUSD:w60"", ""GBPCAD/USDCAD:w60"", ""EURJPY/GBPJPY:w60""], ""risk_frac"": 0.0075, ""sizing"": ""z_vol"", ""sleeve_budget"": 1.0}",-inf,0.0013397029937018828,0.829922407430096,0.6363636363636364,False,False,z_vol,0.0021415589693670745,0.0013397029937018828
real_n4_z_vol,"{""betas_2024"": {""AUDUSD/NZDUSD"": 0.7150032270701753, ""EURAUD/AUDUSD"": -0.31093367860651805, ""EURJPY/GBPJPY"": 0.8256957854656395, ""GBPCAD/USDCAD"": 0.7854865692584787}, ""entry"": 1.75, ""exit_z"": 0.5, ""nested"": ""opt2024_val2025"", ""pairs"": [""EURAUD/AUDUSD:w60"", ""AUDUSD/NZDUSD:w60"", ""GBPCAD/USDCAD:w60"", ""EURJPY/GBPJPY:w60""], ""risk_frac"": 0.01, ""sizing"": ""z_vol"", ""sleeve_budget"": 0.55}",-inf,0.0011152310823411699,0.8328642262946143,0.6363636363636364,False,False,z_vol,0.0016344398406303458,0.0011152310823411699
real_n4_z_vol,"{""betas_2024"": {""AUDUSD/NZDUSD"": 0.7150032270701753, ""EURAUD/AUDUSD"": -0.31093367860651805, ""EURJPY/GBPJPY"": 0.8256957854656395, ""GBPCAD/USDCAD"": 0.7854865692584787}, ""entry"": 1.75, ""exit_z"": 0.5, ""nested"": ""opt2024_val2025"", ""pairs"": [""EURAUD/AUDUSD:w60"", ""AUDUSD/NZDUSD:w60"", ""GBPCAD/USDCAD:w60"", ""EURJPY/GBPJPY:w60""], ""risk_frac"": 0.01, ""sizing"": ""z_vol"", ""sleeve_budget"": 1.0}",-inf,0.0020322351270459504,0.8339752238574578,0.6363636363636364,False,False,z_vol,0.0029690216415836053,0.0020322351270459504
real_n4_z_vol,"{""betas_2024"": {""AUDUSD/NZDUSD"": 0.7150032270701753, ""EURAUD/AUDUSD"": -0.31093367860651805, ""EURJPY/GBPJPY"": 0.8256957854656395, ""GBPCAD/USDCAD"": 0.7854865692584787}, ""entry"": 2.0, ""exit_z"": 0.2, ""nested"": ""opt2024_val2025"", ""pairs"": [""EURAUD/AUDUSD:w60"", ""AUDUSD/NZDUSD:w60"", ""GBPCAD/USDCAD:w60"", ""EURJPY/GBPJPY:w60""], ""risk_frac"": 0.005, ""sizing"": ""z_vol"", ""sleeve_budget"": 0.55}",-inf,7.943008490904346e-05,0.8123801192209548,0.5,False,False,z_vol,0.0016531873461593895,7.943008490904346e-05
real_n4_z_vol,"{""betas_2024"": {""AUDUSD/NZDUSD"": 0.7150032270701753, ""EURAUD/AUDUSD"": -0.31093367860651805, ""EURJPY/GBPJPY"": 0.8256957854656395, ""GBPCAD/USDCAD"": 0.7854865692584787}, ""entry"": 2.0, ""exit_z"": 0.2, ""nested"": ""opt2024_val2025"", ""pairs"": [""EURAUD/AUDUSD:w60"", ""AUDUSD/NZDUSD:w60"", ""GBPCAD/USDCAD:w60"", ""EURJPY/GBPJPY:w60""], ""risk_frac"": 0.005, ""sizing"": ""z_vol"", ""sleeve_budget"": 1.0}",-inf,0.0001469735844238651,0.8124523344908126,0.5,False,False,z_vol,0.0029910570664960804,0.0001469735844238651
real_n4_z_vol,"{""betas_2024"": {""AUDUSD/NZDUSD"": 0.7150032270701753, ""EURAUD/AUDUSD"": -0.31093367860651805, ""EURJPY/GBPJPY"": 0.8256957854656395, ""GBPCAD/USDCAD"": 0.7854865692584787}, ""entry"": 2.0, ""exit_z"": 0.2, ""nested"": ""opt2024_val2025"", ""pairs"": [""EURAUD/AUDUSD:w60"", ""AUDUSD/NZDUSD:w60"", ""GBPCAD/USDCAD:w60"", ""EURJPY/GBPJPY:w60""], ""risk_frac"": 0.0075, ""sizing"": ""z_vol"", ""sleeve_budget"": 0.55}",-inf,0.00026853000996378273,0.8324585888520578,0.5,False,False,z_vol,0.002404532474732783,0.00026853000996378273
real_n4_z_vol,"{""betas_2024"": {""AUDUSD/NZDUSD"": 0.7150032270701753, ""EURAUD/AUDUSD"": -0.31093367860651805, ""EURJPY/GBPJPY"": 0.8256957854656395, ""GBPCAD/USDCAD"": 0.7854865692584787}, ""entry"": 2.0, ""exit_z"": 0.2, ""nested"": ""opt2024_val2025"", ""pairs"": [""EURAUD/AUDUSD:w60"", ""AUDUSD/NZDUSD:w60"", ""GBPCAD/USDCAD:w60"", ""EURJPY/GBPJPY:w60""], ""risk_frac"": 0.0075, ""sizing"": ""z_vol"", ""sleeve_budget"": 1.0}",-inf,0.0004944499242706679,0.8324988787122661,0.5,False,False,z_vol,0.00434177708776679,0.0004944499242706679
real_n4_z_vol,"{""betas_2024"": {""AUDUSD/NZDUSD"": 0.7150032270701753, ""EURAUD/AUDUSD"": -0.31093367860651805, ""EURJPY/GBPJPY"": 0.8256957854656395, ""GBPCAD/USDCAD"": 0.7854865692584787}, ""entry"": 2.0, ""exit_z"": 0.2, ""nested"": ""opt2024_val2025"", ""pairs"": [""EURAUD/AUDUSD:w60"", ""AUDUSD/NZDUSD:w60"", ""GBPCAD/USDCAD:w60"", ""EURJPY/GBPJPY:w60""], ""risk_frac"": 0.01, ""sizing"": ""z_vol"", ""sleeve_budget"": 0.55}",-inf,0.0004490117173457375,0.8355956129483225,0.5,False,False,z_vol,0.003115498392328699,0.0004490117173457375
real_n4_z_vol,"{""betas_2024"": {""AUDUSD/NZDUSD"": 0.7150032270701753, ""EURAUD/AUDUSD"": -0.31093367860651805, ""EURJPY/GBPJPY"": 0.8256957854656395, ""GBPCAD/USDCAD"": 0.7854865692584787}, ""entry"": 2.0, ""exit_z"": 0.2, ""nested"": ""opt2024_val2025"", ""pairs"": [""EURAUD/AUDUSD:w60"", ""AUDUSD/NZDUSD:w60"", ""GBPCAD/USDCAD:w60"", ""EURJPY/GBPJPY:w60""], ""risk_frac"": 0.01, ""sizing"": ""z_vol"", ""sleeve_budget"": 1.0}",-inf,0.0008263332883295255,0.8355697052260421,0.5,False,False,z_vol,0.005614977909849863,0.0008263332883295255
real_n4_z_vol,"{""betas_2024"": {""AUDUSD/NZDUSD"": 0.7150032270701753, ""EURAUD/AUDUSD"": -0.31093367860651805, ""EURJPY/GBPJPY"": 0.8256957854656395, ""GBPCAD/USDCAD"": 0.7854865692584787}, ""entry"": 2.0, ""exit_z"": 0.3, ""nested"": ""opt2024_val2025"", ""pairs"": [""EURAUD/AUDUSD:w60"", ""AUDUSD/NZDUSD:w60"", ""GBPCAD/USDCAD:w60"", ""EURJPY/GBPJPY:w60""], ""risk_frac"": 0.005, ""sizing"": ""z_vol"", ""sleeve_budget"": 0.55}",-inf,0.0005781518961854998,0.7203277443421169,0.625,False,False,z_vol,0.0013571442787331347,0.0005781518961854998
real_n4_z_vol,"{""betas_2024"": {""AUDUSD/NZDUSD"": 0.7150032270701753, ""EURAUD/AUDUSD"": -0.31093367860651805, ""EURJPY/GBPJPY"": 0.8256957854656395, ""GBPCAD/USDCAD"": 0.7854865692584787}, ""entry"": 2.0, ""exit_z"": 0.3, ""nested"": ""opt2024_val2025"", ""pairs"": [""EURAUD/AUDUSD:w60"", ""AUDUSD/NZDUSD:w60"", ""GBPCAD/USDCAD:w60"", ""EURJPY/GBPJPY:w60""], ""risk_frac"": 0.005, ""sizing"": ""z_vol"", ""sleeve_budget"": 1.0}",-inf,0.0010526084208766912,0.7205755158708483,0.625,False,False,z_vol,0.002458365090596513,0.0010526084208766912
real_n4_z_vol,"{""betas_2024"": {""AUDUSD/NZDUSD"": 0.7150032270701753, ""EURAUD/AUDUSD"": -0.31093367860651805, ""EURJPY/GBPJPY"": 0.8256957854656395, ""GBPCAD/USDCAD"": 0.7854865692584787}, ""entry"": 2.0, ""exit_z"": 0.3, ""nested"": ""opt2024_val2025"", ""pairs"": [""EURAUD/AUDUSD:w60"", ""AUDUSD/NZDUSD:w60"", ""GBPCAD/USDCAD:w60"", ""EURJPY/GBPJPY:w60""], ""risk_frac"": 0.0075, ""sizing"": ""z_vol"", ""sleeve_budget"": 0.55}",-inf,0.0010184522090371934,0.7470331291396782,0.625,False,False,z_vol,0.001948239516468245,0.0010184522090371934
real_n4_z_vol,"{""betas_2024"": {""AUDUSD/NZDUSD"": 0.7150032270701753, ""EURAUD/AUDUSD"": -0.31093367860651805, ""EURJPY/GBPJPY"": 0.8256957854656395, ""GBPCAD/USDCAD"": 0.7854865692584787}, ""entry"": 2.0, ""exit_z"": 0.3, ""nested"": ""opt2024_val2025"", ""pairs"": [""EURAUD/AUDUSD:w60"", ""AUDUSD/NZDUSD:w60"", ""GBPCAD/USDCAD:w60"", ""EURJPY/GBPJPY:w60""], ""risk_frac"": 0.0075, ""sizing"": ""z_vol"", ""sleeve_budget"": 1.0}",-inf,0.0018545439102633232,0.7473956620598391,0.625,False,False,z_vol,0.0035243064016504174,0.0018545439102633232
real_n4_z_vol,"{""betas_2024"": {""AUDUSD/NZDUSD"": 0.7150032270701753, ""EURAUD/AUDUSD"": -0.31093367860651805, ""EURJPY/GBPJPY"": 0.8256957854656395, ""GBPCAD/USDCAD"": 0.7854865692584787}, ""entry"": 2.0, ""exit_z"": 0.3, ""nested"": ""opt2024_val2025"", ""pairs"": [""EURAUD/AUDUSD:w60"", ""AUDUSD/NZDUSD:w60"", ""GBPCAD/USDCAD:w60"", ""EURJPY/GBPJPY:w60""], ""risk_frac"": 0.01, ""sizing"": ""z_vol"", ""sleeve_budget"": 0.55}",-inf,0.0014539089396216065,0.749420548577973,0.625,False,False,z_vol,0.0025289795779772236,0.0014539089396216065
real_n4_z_vol,"{""betas_2024"": {""AUDUSD/NZDUSD"": 0.7150032270701753, ""EURAUD/AUDUSD"": -0.31093367860651805, ""EURJPY/GBPJPY"": 0.8256957854656395, ""GBPCAD/USDCAD"": 0.7854865692584787}, ""entry"": 2.0, ""exit_z"": 0.3, ""nested"": ""opt2024_val2025"", ""pairs"": [""EURAUD/AUDUSD:w60"", ""AUDUSD/NZDUSD:w60"", ""GBPCAD/USDCAD:w60"", ""EURJPY/GBPJPY:w60""], ""risk_frac"": 0.01, ""sizing"": ""z_vol"", ""sleeve_budget"": 1.0}",-inf,0.0026463482001589933,0.7504000030259699,0.625,False,False,z_vol,0.00456909323144575,0.0026463482001589933
real_n4_z_vol,"{""betas_2024"": {""AUDUSD/NZDUSD"": 0.7150032270701753, ""EURAUD/AUDUSD"": -0.31093367860651805, ""EURJPY/GBPJPY"": 0.8256957854656395, ""GBPCAD/USDCAD"": 0.7854865692584787}, ""entry"": 2.0, ""exit_z"": 0.5, ""nested"": ""opt2024_val2025"", ""pairs"": [""EURAUD/AUDUSD:w60"", ""AUDUSD/NZDUSD:w60"", ""GBPCAD/USDCAD:w60"", ""EURJPY/GBPJPY:w60""], ""risk_frac"": 0.005, ""sizing"": ""z_vol"", ""sleeve_budget"": 0.55}",-inf,0.0005854545080305057,0.7961482127400441,0.6363636363636364,False,False,z_vol,0.0009692871990220771,0.0005854545080305057
real_n4_z_vol,"{""betas_2024"": {""AUDUSD/NZDUSD"": 0.7150032270701753, ""EURAUD/AUDUSD"": -0.31093367860651805, ""EURJPY/GBPJPY"": 0.8256957854656395, ""GBPCAD/USDCAD"": 0.7854865692584787}, ""entry"": 2.0, ""exit_z"": 0.5, ""nested"": ""opt2024_val2025"", ""pairs"": [""EURAUD/AUDUSD:w60"", ""AUDUSD/NZDUSD:w60"", ""GBPCAD/USDCAD:w60"", ""EURJPY/GBPJPY:w60""], ""risk_frac"": 0.005, ""sizing"": ""z_vol"", ""sleeve_budget"": 1.0}",-inf,0.0010656929536485282,0.7964803846387525,0.6363636363636364,False,False,z_vol,0.0017599997799369453,0.0010656929536485282
real_n4_z_vol,"{""betas_2024"": {""AUDUSD/NZDUSD"": 0.7150032270701753, ""EURAUD/AUDUSD"": -0.31093367860651805, ""EURJPY/GBPJPY"": 0.8256957854656395, ""GBPCAD/USDCAD"": 0.7854865692584787}, ""entry"": 2.0, ""exit_z"": 0.5, ""nested"": ""opt2024_val2025"", ""pairs"": [""EURAUD/AUDUSD:w60"", ""AUDUSD/NZDUSD:w60"", ""GBPCAD/USDCAD:w60"", ""EURJPY/GBPJPY:w60""], ""risk_frac"": 0.0075, ""sizing"": ""z_vol"", ""sleeve_budget"": 0.55}",-inf,0.0010233937656006081,0.8123438327759707,0.6363636363636364,False,False,z_vol,0.0013595558365783794,0.0010233937656006081
real_n4_z_vol,"{""betas_2024"": {""AUDUSD/NZDUSD"": 0.7150032270701753, ""EURAUD/AUDUSD"": -0.31093367860651805, ""EURJPY/GBPJPY"": 0.8256957854656395, ""GBPCAD/USDCAD"": 0.7854865692584787}, ""entry"": 2.0, ""exit_z"": 0.5, ""nested"": ""opt2024_val2025"", ""pairs"": [""EURAUD/AUDUSD:w60"", ""AUDUSD/NZDUSD:w60"", ""GBPCAD/USDCAD:w60"", ""EURJPY/GBPJPY:w60""], ""risk_frac"": 0.0075, ""sizing"": ""z_vol"", ""sleeve_budget"": 1.0}",-inf,0.001862848263251865,0.8128307216656352,0.6363636363636364,False,False,z_vol,0.002468435165324417,0.001862848263251865
real_n4_z_vol,"{""betas_2024"": {""AUDUSD/NZDUSD"": 0.7150032270701753, ""EURAUD/AUDUSD"": -0.31093367860651805, ""EURJPY/GBPJPY"": 0.8256957854656395, ""GBPCAD/USDCAD"": 0.7854865692584787}, ""entry"": 2.0, ""exit_z"": 0.5, ""nested"": ""opt2024_val2025"", ""pairs"": [""EURAUD/AUDUSD:w60"", ""AUDUSD/NZDUSD:w60"", ""GBPCAD/USDCAD:w60"", ""EURJPY/GBPJPY:w60""], ""risk_frac"": 0.01, ""sizing"": ""z_vol"", ""sleeve_budget"": 0.55}",-inf,0.0014595506184900409,0.8147780626529456,0.6363636363636364,False,False,z_vol,0.00173726198854081,0.0014595506184900409
real_n4_z_vol,"{""betas_2024"": {""AUDUSD/NZDUSD"": 0.7150032270701753, ""EURAUD/AUDUSD"": -0.31093367860651805, ""EURJPY/GBPJPY"": 0.8256957854656395, ""GBPCAD/USDCAD"": 0.7854865692584787}, ""entry"": 2.0, ""exit_z"": 0.5, ""nested"": ""opt2024_val2025"", ""pairs"": [""EURAUD/AUDUSD:w60"", ""AUDUSD/NZDUSD:w60"", ""GBPCAD/USDCAD:w60"", ""EURJPY/GBPJPY:w60""], ""risk_frac"": 0.01, ""sizing"": ""z_vol"", ""sleeve_budget"": 1.0}",-inf,0.0026550397986036672,0.8153595544302158,0.6363636363636364,False,False,z_vol,0.0031541392678433385,0.0026550397986036672
real_n4_z_vol,"{""betas_2024"": {""AUDUSD/NZDUSD"": 0.7150032270701753, ""EURAUD/AUDUSD"": -0.31093367860651805, ""EURJPY/GBPJPY"": 0.8256957854656395, ""GBPCAD/USDCAD"": 0.7854865692584787}, ""entry"": 2.25, ""exit_z"": 0.2, ""nested"": ""opt2024_val2025"", ""pairs"": [""EURAUD/AUDUSD:w60"", ""AUDUSD/NZDUSD:w60"", ""GBPCAD/USDCAD:w60"", ""EURJPY/GBPJPY:w60""], ""risk_frac"": 0.005, ""sizing"": ""z_vol"", ""sleeve_budget"": 0.55}",-inf,-5.4587202193701057e-05,0.9593373616348584,0.5,False,False,z_vol,0.0014058758302154832,-5.4587202193701057e-05
real_n4_z_vol,"{""betas_2024"": {""AUDUSD/NZDUSD"": 0.7150032270701753, ""EURAUD/AUDUSD"": -0.31093367860651805, ""EURJPY/GBPJPY"": 0.8256957854656395, ""GBPCAD/USDCAD"": 0.7854865692584787}, ""entry"": 2.25, ""exit_z"": 0.2, ""nested"": ""opt2024_val2025"", ""pairs"": [""EURAUD/AUDUSD:w60"", ""AUDUSD/NZDUSD:w60"", ""GBPCAD/USDCAD:w60"", ""EURJPY/GBPJPY:w60""], ""risk_frac"": 0.005, ""sizing"": ""z_vol"", ""sleeve_budget"": 1.0}",-inf,-9.684219676638073e-05,0.9593953956837559,0.5,False,False,z_vol,0.0025470875875316782,-9.684219676638073e-05
real_n4_z_vol,"{""betas_2024"": {""AUDUSD/NZDUSD"": 0.7150032270701753, ""EURAUD/AUDUSD"": -0.31093367860651805, ""EURJPY/GBPJPY"": 0.8256957854656395, ""GBPCAD/USDCAD"": 0.7854865692584787}, ""entry"": 2.25, ""exit_z"": 0.2, ""nested"": ""opt2024_val2025"", ""pairs"": [""EURAUD/AUDUSD:w60"", ""AUDUSD/NZDUSD:w60"", ""GBPCAD/USDCAD:w60"", ""EURJPY/GBPJPY:w60""], ""risk_frac"": 0.0075, ""sizing"": ""z_vol"", ""sleeve_budget"": 0.55}",-inf,5.2292070058648776e-05,0.963974793501215,0.5,False,False,z_vol,0.0020349469252532097,5.2292070058648776e-05
real_n4_z_vol,"{""betas_2024"": {""AUDUSD/NZDUSD"": 0.7150032270701753, ""EURAUD/AUDUSD"": -0.31093367860651805, ""EURJPY/GBPJPY"": 0.8256957854656395, ""GBPCAD/USDCAD"": 0.7854865692584787}, ""entry"": 2.25, ""exit_z"": 0.2, ""nested"": ""opt2024_val2025"", ""pairs"": [""EURAUD/AUDUSD:w60"", ""AUDUSD/NZDUSD:w60"", ""GBPCAD/USDCAD:w60"", ""EURJPY/GBPJPY:w60""], ""risk_frac"": 0.0075, ""sizing"": ""z_vol"", ""sleeve_budget"": 1.0}",-inf,0.00010125698629319391,0.9640397849635127,0.5,False,False,z_vol,0.003682102917508741,0.00010125698629319391
real_n4_z_vol,"{""betas_2024"": {""AUDUSD/NZDUSD"": 0.7150032270701753, ""EURAUD/AUDUSD"": -0.31093367860651805, ""EURJPY/GBPJPY"": 0.8256957854656395, ""GBPCAD/USDCAD"": 0.7854865692584787}, ""entry"": 2.25, ""exit_z"": 0.2, ""nested"": ""opt2024_val2025"", ""pairs"": [""EURAUD/AUDUSD:w60"", ""AUDUSD/NZDUSD:w60"", ""GBPCAD/USDCAD:w60"", ""EURJPY/GBPJPY:w60""], ""risk_frac"": 0.01, ""sizing"": ""z_vol"", ""sleeve_budget"": 0.55}",-inf,0.00016453437243167668,0.9660313825991494,0.5,False,False,z_vol,0.002595605842184394,0.00016453437243167668
real_n4_z_vol,"{""betas_2024"": {""AUDUSD/NZDUSD"": 0.7150032270701753, ""EURAUD/AUDUSD"": -0.31093367860651805, ""EURJPY/GBPJPY"": 0.8256957854656395, ""GBPCAD/USDCAD"": 0.7854865692584787}, ""entry"": 2.25, ""exit_z"": 0.2, ""nested"": ""opt2024_val2025"", ""pairs"": [""EURAUD/AUDUSD:w60"", ""AUDUSD/NZDUSD:w60"", ""GBPCAD/USDCAD:w60"", ""EURJPY/GBPJPY:w60""], ""risk_frac"": 0.01, ""sizing"": ""z_vol"", ""sleeve_budget"": 1.0}",-inf,0.00030925070863729864,0.966093679704437,0.5,False,False,z_vol,0.004691607890125965,0.00030925070863729864
real_n4_z_vol,"{""betas_2024"": {""AUDUSD/NZDUSD"": 0.7150032270701753, ""EURAUD/AUDUSD"": -0.31093367860651805, ""EURJPY/GBPJPY"": 0.8256957854656395, ""GBPCAD/USDCAD"": 0.7854865692584787}, ""entry"": 2.25, ""exit_z"": 0.3, ""nested"": ""opt2024_val2025"", ""pairs"": [""EURAUD/AUDUSD:w60"", ""AUDUSD/NZDUSD:w60"", ""GBPCAD/USDCAD:w60"", ""EURJPY/GBPJPY:w60""], ""risk_frac"": 0.005, ""sizing"": ""z_vol"", ""sleeve_budget"": 0.55}",-inf,0.00046275209356852476,0.7986818093201269,0.625,False,False,z_vol,0.0011750771427468437,0.00046275209356852476
real_n4_z_vol,"{""betas_2024"": {""AUDUSD/NZDUSD"": 0.7150032270701753, ""EURAUD/AUDUSD"": -0.31093367860651805, ""EURJPY/GBPJPY"": 0.8256957854656395, ""GBPCAD/USDCAD"": 0.7854865692584787}, ""entry"": 2.25, ""exit_z"": 0.3, ""nested"": ""opt2024_val2025"", ""pairs"": [""EURAUD/AUDUSD:w60"", ""AUDUSD/NZDUSD:w60"", ""GBPCAD/USDCAD:w60"", ""EURJPY/GBPJPY:w60""], ""risk_frac"": 0.005, ""sizing"": ""z_vol"", ""sleeve_budget"": 1.0}",-inf,0.000843393029869674,0.7991262490212927,0.625,False,False,z_vol,0.002130001479759129,0.000843393029869674
real_n4_z_vol,"{""betas_2024"": {""AUDUSD/NZDUSD"": 0.7150032270701753, ""EURAUD/AUDUSD"": -0.31093367860651805, ""EURJPY/GBPJPY"": 0.8256957854656395, ""GBPCAD/USDCAD"": 0.7854865692584787}, ""entry"": 2.25, ""exit_z"": 0.3, ""nested"": ""opt2024_val2025"", ""pairs"": [""EURAUD/AUDUSD:w60"", ""AUDUSD/NZDUSD:w60"", ""GBPCAD/USDCAD:w60"", ""EURJPY/GBPJPY:w60""], ""risk_frac"": 0.0075, ""sizing"": ""z_vol"", ""sleeve_budget"": 0.55}",-inf,0.0008275419303994669,0.8196209324164037,0.625,False,False,z_vol,0.0016856649992795893,0.0008275419303994669
real_n4_z_vol,"{""betas_2024"": {""AUDUSD/NZDUSD"": 0.7150032270701753, ""EURAUD/AUDUSD"": -0.31093367860651805, ""EURJPY/GBPJPY"": 0.8256957854656395, ""GBPCAD/USDCAD"": 0.7854865692584787}, ""entry"": 2.25, ""exit_z"": 0.3, ""nested"": ""opt2024_val2025"", ""pairs"": [""EURAUD/AUDUSD:w60"", ""AUDUSD/NZDUSD:w60"", ""GBPCAD/USDCAD:w60"", ""EURJPY/GBPJPY:w60""], ""risk_frac"": 0.0075, ""sizing"": ""z_vol"", ""sleeve_budget"": 1.0}",-inf,0.0015091399580737658,0.8202874619100287,0.625,False,False,z_vol,0.003052249400483532,0.0015091399580737658
real_n4_z_vol,"{""betas_2024"": {""AUDUSD/NZDUSD"": 0.7150032270701753, ""EURAUD/AUDUSD"": -0.31093367860651805, ""EURJPY/GBPJPY"": 0.8256957854656395, ""GBPCAD/USDCAD"": 0.7854865692584787}, ""entry"": 2.25, ""exit_z"": 0.3, ""nested"": ""opt2024_val2025"", ""pairs"": [""EURAUD/AUDUSD:w60"", ""AUDUSD/NZDUSD:w60"", ""GBPCAD/USDCAD:w60"", ""EURJPY/GBPJPY:w60""], ""risk_frac"": 0.01, ""sizing"": ""z_vol"", ""sleeve_budget"": 0.55}",-inf,0.0012004366851805365,0.8203357979200172,0.625,False,False,z_vol,0.0021766282508677596,0.0012004366851805365
real_n4_z_vol,"{""betas_2024"": {""AUDUSD/NZDUSD"": 0.7150032270701753, ""EURAUD/AUDUSD"": -0.31093367860651805, ""EURJPY/GBPJPY"": 0.8256957854656395, ""GBPCAD/USDCAD"": 0.7854865692584787}, ""entry"": 2.25, ""exit_z"": 0.3, ""nested"": ""opt2024_val2025"", ""pairs"": [""EURAUD/AUDUSD:w60"", ""AUDUSD/NZDUSD:w60"", ""GBPCAD/USDCAD:w60"", ""EURJPY/GBPJPY:w60""], ""risk_frac"": 0.01, ""sizing"": ""z_vol"", ""sleeve_budget"": 1.0}",-inf,0.0021886536517007754,0.8212003625342279,0.625,False,False,z_vol,0.003937508825087709,0.0021886536517007754
real_n4_z_vol,"{""betas_2024"": {""AUDUSD/NZDUSD"": 0.7150032270701753, ""EURAUD/AUDUSD"": -0.31093367860651805, ""EURJPY/GBPJPY"": 0.8256957854656395, ""GBPCAD/USDCAD"": 0.7854865692584787}, ""entry"": 2.25, ""exit_z"": 0.5, ""nested"": ""opt2024_val2025"", ""pairs"": [""EURAUD/AUDUSD:w60"", ""AUDUSD/NZDUSD:w60"", ""GBPCAD/USDCAD:w60"", ""EURJPY/GBPJPY:w60""], ""risk_frac"": 0.005, ""sizing"": ""z_vol"", ""sleeve_budget"": 0.55}",-inf,0.000492134773712849,0.9120468683461096,0.5,False,False,z_vol,0.0008264017427834174,0.000492134773712849
real_n4_z_vol,"{""betas_2024"": {""AUDUSD/NZDUSD"": 0.7150032270701753, ""EURAUD/AUDUSD"": -0.31093367860651805, ""EURJPY/GBPJPY"": 0.8256957854656395, ""GBPCAD/USDCAD"": 0.7854865692584787}, ""entry"": 2.25, ""exit_z"": 0.5, ""nested"": ""opt2024_val2025"", ""pairs"": [""EURAUD/AUDUSD:w60"", ""AUDUSD/NZDUSD:w60"", ""GBPCAD/USDCAD:w60"", ""EURJPY/GBPJPY:w60""], ""risk_frac"": 0.005, ""sizing"": ""z_vol"", ""sleeve_budget"": 1.0}",-inf,0.0008960293834703315,0.9124052381233132,0.5,False,False,z_vol,0.0015011296681322567,0.0008960293834703315
real_n4_z_vol,"{""betas_2024"": {""AUDUSD/NZDUSD"": 0.7150032270701753, ""EURAUD/AUDUSD"": -0.31093367860651805, ""EURJPY/GBPJPY"": 0.8256957854656395, ""GBPCAD/USDCAD"": 0.7854865692584787}, ""entry"": 2.25, ""exit_z"": 0.5, ""nested"": ""opt2024_val2025"", ""pairs"": [""EURAUD/AUDUSD:w60"", ""AUDUSD/NZDUSD:w60"", ""GBPCAD/USDCAD:w60"", ""EURJPY/GBPJPY:w60""], ""risk_frac"": 0.0075, ""sizing"": ""z_vol"", ""sleeve_budget"": 0.55}",-inf,0.000887485185907616,0.9197060057279856,0.5,False,False,z_vol,0.0011541377701392548,0.000887485185907616
real_n4_z_vol,"{""betas_2024"": {""AUDUSD/NZDUSD"": 0.7150032270701753, ""EURAUD/AUDUSD"": -0.31093367860651805, ""EURJPY/GBPJPY"": 0.8256957854656395, ""GBPCAD/USDCAD"": 0.7854865692584787}, ""entry"": 2.25, ""exit_z"": 0.5, ""nested"": ""opt2024_val2025"", ""pairs"": [""EURAUD/AUDUSD:w60"", ""AUDUSD/NZDUSD:w60"", ""GBPCAD/USDCAD:w60"", ""EURJPY/GBPJPY:w60""], ""risk_frac"": 0.0075, ""sizing"": ""z_vol"", ""sleeve_budget"": 1.0}",-inf,0.0016155980974434797,0.9202474561041974,0.5,False,False,z_vol,0.002096590726979955,0.0016155980974434797
real_n4_z_vol,"{""betas_2024"": {""AUDUSD/NZDUSD"": 0.7150032270701753, ""EURAUD/AUDUSD"": -0.31093367860651805, ""EURJPY/GBPJPY"": 0.8256957854656395, ""GBPCAD/USDCAD"": 0.7854865692584787}, ""entry"": 2.25, ""exit_z"": 0.5, ""nested"": ""opt2024_val2025"", ""pairs"": [""EURAUD/AUDUSD:w60"", ""AUDUSD/NZDUSD:w60"", ""GBPCAD/USDCAD:w60"", ""EURJPY/GBPJPY:w60""], ""risk_frac"": 0.01, ""sizing"": ""z_vol"", ""sleeve_budget"": 0.55}",-inf,0.001277940726698082,0.9190331376051554,0.5,False,False,z_vol,0.0014728790511359619,0.001277940726698082
real_n4_z_vol,"{""betas_2024"": {""AUDUSD/NZDUSD"": 0.7150032270701753, ""EURAUD/AUDUSD"": -0.31093367860651805, ""EURJPY/GBPJPY"": 0.8256957854656395, ""GBPCAD/USDCAD"": 0.7854865692584787}, ""entry"": 2.25, ""exit_z"": 0.5, ""nested"": ""opt2024_val2025"", ""pairs"": [""EURAUD/AUDUSD:w60"", ""AUDUSD/NZDUSD:w60"", ""GBPCAD/USDCAD:w60"", ""EURJPY/GBPJPY:w60""], ""risk_frac"": 0.01, ""sizing"": ""z_vol"", ""sleeve_budget"": 1.0}",-inf,0.0023244366234228125,0.9197576119725154,0.5,False,False,z_vol,0.0026757002933657944,0.0023244366234228125
real_n4_z_vol,"{""betas_2024"": {""AUDUSD/NZDUSD"": 0.7150032270701753, ""EURAUD/AUDUSD"": -0.31093367860651805, ""EURJPY/GBPJPY"": 0.8256957854656395, ""GBPCAD/USDCAD"": 0.7854865692584787}, ""entry"": 2.5, ""exit_z"": 0.2, ""nested"": ""opt2024_val2025"", ""pairs"": [""EURAUD/AUDUSD:w60"", ""AUDUSD/NZDUSD:w60"", ""GBPCAD/USDCAD:w60"", ""EURJPY/GBPJPY:w60""], ""risk_frac"": 0.005, ""sizing"": ""z_vol"", ""sleeve_budget"": 0.55}",-inf,-0.00026015981030071134,0.9593781692052998,0.5,False,False,z_vol,0.0011310896901674577,-0.00026015981030071134
real_n4_z_vol,"{""betas_2024"": {""AUDUSD/NZDUSD"": 0.7150032270701753, ""EURAUD/AUDUSD"": -0.31093367860651805, ""EURJPY/GBPJPY"": 0.8256957854656395, ""GBPCAD/USDCAD"": 0.7854865692584787}, ""entry"": 2.5, ""exit_z"": 0.2, ""nested"": ""opt2024_val2025"", ""pairs"": [""EURAUD/AUDUSD:w60"", ""AUDUSD/NZDUSD:w60"", ""GBPCAD/USDCAD:w60"", ""EURJPY/GBPJPY:w60""], ""risk_frac"": 0.005, ""sizing"": ""z_vol"", ""sleeve_budget"": 1.0}",-inf,-0.0004706457951322157,0.9594361086490784,0.5,False,False,z_vol,0.0020516762713680414,-0.0004706457951322157
real_n4_z_vol,"{""betas_2024"": {""AUDUSD/NZDUSD"": 0.7150032270701753, ""EURAUD/AUDUSD"": -0.31093367860651805, ""EURJPY/GBPJPY"": 0.8256957854656395, ""GBPCAD/USDCAD"": 0.7854865692584787}, ""entry"": 2.5, ""exit_z"": 0.2, ""nested"": ""opt2024_val2025"", ""pairs"": [""EURAUD/AUDUSD:w60"", ""AUDUSD/NZDUSD:w60"", ""GBPCAD/USDCAD:w60"", ""EURJPY/GBPJPY:w60""], ""risk_frac"": 0.0075, ""sizing"": ""z_vol"", ""sleeve_budget"": 0.55}",-inf,-0.0002529110518410954,0.9639960527877612,0.5,False,False,z_vol,0.0016074647251807265,-0.0002529110518410954
real_n4_z_vol,"{""betas_2024"": {""AUDUSD/NZDUSD"": 0.7150032270701753, ""EURAUD/AUDUSD"": -0.31093367860651805, ""EURJPY/GBPJPY"": 0.8256957854656395, ""GBPCAD/USDCAD"": 0.7854865692584787}, ""entry"": 2.5, ""exit_z"": 0.2, ""nested"": ""opt2024_val2025"", ""pairs"": [""EURAUD/AUDUSD:w60"", ""AUDUSD/NZDUSD:w60"", ""GBPCAD/USDCAD:w60"", ""EURJPY/GBPJPY:w60""], ""risk_frac"": 0.0075, ""sizing"": ""z_vol"", ""sleeve_budget"": 1.0}",-inf,-0.0004532299483915314,0.9640609652265291,0.5,False,False,z_vol,0.0029139835662072315,-0.0004532299483915314
real_n4_z_vol,"{""betas_2024"": {""AUDUSD/NZDUSD"": 0.7150032270701753, ""EURAUD/AUDUSD"": -0.31093367860651805, ""EURJPY/GBPJPY"": 0.8256957854656395, ""GBPCAD/USDCAD"": 0.7854865692584787}, ""entry"": 2.5, ""exit_z"": 0.2, ""nested"": ""opt2024_val2025"", ""pairs"": [""EURAUD/AUDUSD:w60"", ""AUDUSD/NZDUSD:w60"", ""GBPCAD/USDCAD:w60"", ""EURJPY/GBPJPY:w60""], ""risk_frac"": 0.01, ""sizing"": ""z_vol"", ""sleeve_budget"": 0.55}",-inf,-0.00024065069012728368,0.9660463570060335,0.5,False,False,z_vol,0.001954530052522269,-0.00024065069012728368
real_n4_z_vol,"{""betas_2024"": {""AUDUSD/NZDUSD"": 0.7150032270701753, ""EURAUD/AUDUSD"": -0.31093367860651805, ""EURJPY/GBPJPY"": 0.8256957854656395, ""GBPCAD/USDCAD"": 0.7854865692584787}, ""entry"": 2.5, ""exit_z"": 0.2, ""nested"": ""opt2024_val2025"", ""pairs"": [""EURAUD/AUDUSD:w60"", ""AUDUSD/NZDUSD:w60"", ""GBPCAD/USDCAD:w60"", ""EURJPY/GBPJPY:w60""], ""risk_frac"": 0.01, ""sizing"": ""z_vol"", ""sleeve_budget"": 1.0}",-inf,-0.0004262273833533503,0.9661085868998789,0.5,False,False,z_vol,0.0035422429925537294,-0.0004262273833533503
real_n4_z_vol,"{""betas_2024"": {""AUDUSD/NZDUSD"": 0.7150032270701753, ""EURAUD/AUDUSD"": -0.31093367860651805, ""EURJPY/GBPJPY"": 0.8256957854656395, ""GBPCAD/USDCAD"": 0.7854865692584787}, ""entry"": 2.5, ""exit_z"": 0.3, ""nested"": ""opt2024_val2025"", ""pairs"": [""EURAUD/AUDUSD:w60"", ""AUDUSD/NZDUSD:w60"", ""GBPCAD/USDCAD:w60"", ""EURJPY/GBPJPY:w60""], ""risk_frac"": 0.005, ""sizing"": ""z_vol"", ""sleeve_budget"": 0.55}",-inf,0.000388120083086807,0.9221672315548574,0.5,False,False,z_vol,0.0008909163128529144,0.000388120083086807
real_n4_z_vol,"{""betas_2024"": {""AUDUSD/NZDUSD"": 0.7150032270701753, ""EURAUD/AUDUSD"": -0.31093367860651805, ""EURJPY/GBPJPY"": 0.8256957854656395, ""GBPCAD/USDCAD"": 0.7854865692584787}, ""entry"": 2.5, ""exit_z"": 0.3, ""nested"": ""opt2024_val2025"", ""pairs"": [""EURAUD/AUDUSD:w60"", ""AUDUSD/NZDUSD:w60"", ""GBPCAD/USDCAD:w60"", ""EURJPY/GBPJPY:w60""], ""risk_frac"": 0.005, ""sizing"": ""z_vol"", ""sleeve_budget"": 1.0}",-inf,0.0007078396585551427,0.9222248592180771,0.5,False,False,z_vol,0.0016165079378760337,0.0007078396585551427
real_n4_z_vol,"{""betas_2024"": {""AUDUSD/NZDUSD"": 0.7150032270701753, ""EURAUD/AUDUSD"": -0.31093367860651805, ""EURJPY/GBPJPY"": 0.8256957854656395, ""GBPCAD/USDCAD"": 0.7854865692584787}, ""entry"": 2.5, ""exit_z"": 0.3, ""nested"": ""opt2024_val2025"", ""pairs"": [""EURAUD/AUDUSD:w60"", ""AUDUSD/NZDUSD:w60"", ""GBPCAD/USDCAD:w60"", ""EURJPY/GBPJPY:w60""], ""risk_frac"": 0.0075, ""sizing"": ""z_vol"", ""sleeve_budget"": 0.55}",-inf,0.000724476437789584,0.9299796554982437,0.5,False,False,z_vol,0.0012569966975333696,0.000724476437789584
real_n4_z_vol,"{""betas_2024"": {""AUDUSD/NZDUSD"": 0.7150032270701753, ""EURAUD/AUDUSD"": -0.31093367860651805, ""EURJPY/GBPJPY"": 0.8256957854656395, ""GBPCAD/USDCAD"": 0.7854865692584787}, ""entry"": 2.5, ""exit_z"": 0.3, ""nested"": ""opt2024_val2025"", ""pairs"": [""EURAUD/AUDUSD:w60"", ""AUDUSD/NZDUSD:w60"", ""GBPCAD/USDCAD:w60"", ""EURJPY/GBPJPY:w60""], ""risk_frac"": 0.0075, ""sizing"": ""z_vol"", ""sleeve_budget"": 1.0}",-inf,0.0013221869202826864,0.9300450757529772,0.5,False,False,z_vol,0.002279332175926402,0.0013221869202826864
real_n4_z_vol,"{""betas_2024"": {""AUDUSD/NZDUSD"": 0.7150032270701753, ""EURAUD/AUDUSD"": -0.31093367860651805, ""EURJPY/GBPJPY"": 0.8256957854656395, ""GBPCAD/USDCAD"": 0.7854865692584787}, ""entry"": 2.5, ""exit_z"": 0.3, ""nested"": ""opt2024_val2025"", ""pairs"": [""EURAUD/AUDUSD:w60"", ""AUDUSD/NZDUSD:w60"", ""GBPCAD/USDCAD:w60"", ""EURJPY/GBPJPY:w60""], ""risk_frac"": 0.01, ""sizing"": ""z_vol"", ""sleeve_budget"": 0.55}",-inf,0.0010635533760022658,0.9309894398192552,0.5,False,False,z_vol,0.001542191312620375,0.0010635533760022658
real_n4_z_vol,"{""betas_2024"": {""AUDUSD/NZDUSD"": 0.7150032270701753, ""EURAUD/AUDUSD"": -0.31093367860651805, ""EURJPY/GBPJPY"": 0.8256957854656395, ""GBPCAD/USDCAD"": 0.7854865692584787}, ""entry"": 2.5, ""exit_z"": 0.3, ""nested"": ""opt2024_val2025"", ""pairs"": [""EURAUD/AUDUSD:w60"", ""AUDUSD/NZDUSD:w60"", ""GBPCAD/USDCAD:w60"", ""EURJPY/GBPJPY:w60""], ""risk_frac"": 0.01, ""sizing"": ""z_vol"", ""sleeve_budget"": 1.0}",-inf,0.0019406943757025175,0.9310389913469218,0.5,False,False,z_vol,0.0027952792583386373,0.0019406943757025175
real_n4_z_vol,"{""betas_2024"": {""AUDUSD/NZDUSD"": 0.7150032270701753, ""EURAUD/AUDUSD"": -0.31093367860651805, ""EURJPY/GBPJPY"": 0.8256957854656395, ""GBPCAD/USDCAD"": 0.7854865692584787}, ""entry"": 2.5, ""exit_z"": 0.5, ""nested"": ""opt2024_val2025"", ""pairs"": [""EURAUD/AUDUSD:w60"", ""AUDUSD/NZDUSD:w60"", ""GBPCAD/USDCAD:w60"", ""EURJPY/GBPJPY:w60""], ""risk_frac"": 0.005, ""sizing"": ""z_vol"", ""sleeve_budget"": 0.55}",-inf,0.0005260575054282651,1.0,0.375,False,False,z_vol,0.0006868448602903487,0.0005260575054282651
real_n4_z_vol,"{""betas_2024"": {""AUDUSD/NZDUSD"": 0.7150032270701753, ""EURAUD/AUDUSD"": -0.31093367860651805, ""EURJPY/GBPJPY"": 0.8256957854656395, ""GBPCAD/USDCAD"": 0.7854865692584787}, ""entry"": 2.5, ""exit_z"": 0.5, ""nested"": ""opt2024_val2025"", ""pairs"": [""EURAUD/AUDUSD:w60"", ""AUDUSD/NZDUSD:w60"", ""GBPCAD/USDCAD:w60"", ""EURJPY/GBPJPY:w60""], ""risk_frac"": 0.005, ""sizing"": ""z_vol"", ""sleeve_budget"": 1.0}",-inf,0.0009573410342252064,1.0,0.375,False,False,z_vol,0.0012486005521148828,0.0009573410342252064
real_n4_z_vol,"{""betas_2024"": {""AUDUSD/NZDUSD"": 0.7150032270701753, ""EURAUD/AUDUSD"": -0.31093367860651805, ""EURJPY/GBPJPY"": 0.8256957854656395, ""GBPCAD/USDCAD"": 0.7854865692584787}, ""entry"": 2.5, ""exit_z"": 0.5, ""nested"": ""opt2024_val2025"", ""pairs"": [""EURAUD/AUDUSD:w60"", ""AUDUSD/NZDUSD:w60"", ""GBPCAD/USDCAD:w60"", ""EURJPY/GBPJPY:w60""], ""risk_frac"": 0.0075, ""sizing"": ""z_vol"", ""sleeve_budget"": 0.55}",-inf,0.00093882659086654,1.0,0.375,False,False,z_vol,0.0009437555929089347,0.00093882659086654
real_n4_z_vol,"{""betas_2024"": {""AUDUSD/NZDUSD"": 0.7150032270701753, ""EURAUD/AUDUSD"": -0.31093367860651805, ""EURJPY/GBPJPY"": 0.8256957854656395, ""GBPCAD/USDCAD"": 0.7854865692584787}, ""entry"": 2.5, ""exit_z"": 0.5, ""nested"": ""opt2024_val2025"", ""pairs"": [""EURAUD/AUDUSD:w60"", ""AUDUSD/NZDUSD:w60"", ""GBPCAD/USDCAD:w60"", ""EURJPY/GBPJPY:w60""], ""risk_frac"": 0.0075, ""sizing"": ""z_vol"", ""sleeve_budget"": 1.0}",-inf,0.0017080324682784143,1.0,0.375,False,False,z_vol,0.0017165082132736063,0.0017080324682784143
real_n4_z_vol,"{""betas_2024"": {""AUDUSD/NZDUSD"": 0.7150032270701753, ""EURAUD/AUDUSD"": -0.31093367860651805, ""EURJPY/GBPJPY"": 0.8256957854656395, ""GBPCAD/USDCAD"": 0.7854865692584787}, ""entry"": 2.5, ""exit_z"": 0.5, ""nested"": ""opt2024_val2025"", ""pairs"": [""EURAUD/AUDUSD:w60"", ""AUDUSD/NZDUSD:w60"", ""GBPCAD/USDCAD:w60"", ""EURJPY/GBPJPY:w60""], ""risk_frac"": 0.01, ""sizing"": ""z_vol"", ""sleeve_budget"": 0.55}",-inf,0.0011339604622914875,1.0,0.375,False,False,z_vol,0.0011339604622914875,0.0013454780689434037
real_n4_z_vol,"{""betas_2024"": {""AUDUSD/NZDUSD"": 0.7150032270701753, ""EURAUD/AUDUSD"": -0.31093367860651805, ""EURJPY/GBPJPY"": 0.8256957854656395, ""GBPCAD/USDCAD"": 0.7854865692584787}, ""entry"": 2.5, ""exit_z"": 0.5, ""nested"": ""opt2024_val2025"", ""pairs"": [""EURAUD/AUDUSD:w60"", ""AUDUSD/NZDUSD:w60"", ""GBPCAD/USDCAD:w60"", ""EURJPY/GBPJPY:w60""], ""risk_frac"": 0.01, ""sizing"": ""z_vol"", ""sleeve_budget"": 1.0}",-inf,0.0020637150281831136,1.0,0.375,False,False,z_vol,0.0020637150281831136,0.0024455399907337694
real_n2_unit_residual,"{""betas_2024"": {""AUDUSD/NZDUSD"": 0.7150032270701753, ""EURAUD/AUDUSD"": -0.31093367860651805}, ""entry"": 1.5, ""exit_z"": 0.2, ""nested"": ""opt2024_val2025"", ""pairs"": [""EURAUD/AUDUSD:w40"", ""AUDUSD/NZDUSD:w40""], ""risk_frac"": 0.005, ""sizing"": ""unit_residual"", ""sleeve_budget"": 0.55}",-inf,-1.7201108061234982e-05,0.9944786526124403,0.45454545454545453,False,False,unit_residual,2.2112432439002173e-05,-1.7201108061234982e-05
real_n2_unit_residual,"{""betas_2024"": {""AUDUSD/NZDUSD"": 0.7150032270701753, ""EURAUD/AUDUSD"": -0.31093367860651805}, ""entry"": 1.5, ""exit_z"": 0.2, ""nested"": ""opt2024_val2025"", ""pairs"": [""EURAUD/AUDUSD:w40"", ""AUDUSD/NZDUSD:w40""], ""risk_frac"": 0.005, ""sizing"": ""unit_residual"", ""sleeve_budget"": 1.0}",-inf,-3.127342620497242e-05,0.994478604224764,0.45454545454545453,False,False,unit_residual,4.020185298619411e-05,-3.127342620497242e-05
real_n2_unit_residual,"{""betas_2024"": {""AUDUSD/NZDUSD"": 0.7150032270701753, ""EURAUD/AUDUSD"": -0.31093367860651805}, ""entry"": 1.5, ""exit_z"": 0.2, ""nested"": ""opt2024_val2025"", ""pairs"": [""EURAUD/AUDUSD:w40"", ""AUDUSD/NZDUSD:w40""], ""risk_frac"": 0.0075, ""sizing"": ""unit_residual"", ""sleeve_budget"": 0.55}",-inf,-1.7201108061234982e-05,0.9944786526124403,0.45454545454545453,False,False,unit_residual,2.2112432439002173e-05,-1.7201108061234982e-05
real_n2_unit_residual,"{""betas_2024"": {""AUDUSD/NZDUSD"": 0.7150032270701753, ""EURAUD/AUDUSD"": -0.31093367860651805}, ""entry"": 1.5, ""exit_z"": 0.2, ""nested"": ""opt2024_val2025"", ""pairs"": [""EURAUD/AUDUSD:w40"", ""AUDUSD/NZDUSD:w40""], ""risk_frac"": 0.0075, ""sizing"": ""unit_residual"", ""sleeve_budget"": 1.0}",-inf,-3.127342620497242e-05,0.994478604224764,0.45454545454545453,False,False,unit_residual,4.020185298619411e-05,-3.127342620497242e-05
real_n2_unit_residual,"{""betas_2024"": {""AUDUSD/NZDUSD"": 0.7150032270701753, ""EURAUD/AUDUSD"": -0.31093367860651805}, ""entry"": 1.5, ""exit_z"": 0.2, ""nested"": ""opt2024_val2025"", ""pairs"": [""EURAUD/AUDUSD:w40"", ""AUDUSD/NZDUSD:w40""], ""risk_frac"": 0.01, ""sizing"": ""unit_residual"", ""sleeve_budget"": 0.55}",-inf,-9.018749679290394e-06,0.8685394375495735,0.5,False,False,unit_residual,1.9516390655722144e-05,-9.018749679290394e-06
real_n2_unit_residual,"{""betas_2024"": {""AUDUSD/NZDUSD"": 0.7150032270701753, ""EURAUD/AUDUSD"": -0.31093367860651805}, ""entry"": 1.5, ""exit_z"": 0.2, ""nested"": ""opt2024_val2025"", ""pairs"": [""EURAUD/AUDUSD:w40"", ""AUDUSD/NZDUSD:w40""], ""risk_frac"": 0.01, ""sizing"": ""unit_residual"", ""sleeve_budget"": 1.0}",-inf,-1.6395351530515412e-05,0.8685372878314194,0.5,False,False,unit_residual,3.548222570164002e-05,-1.6395351530515412e-05
real_n2_unit_residual,"{""betas_2024"": {""AUDUSD/NZDUSD"": 0.7150032270701753, ""EURAUD/AUDUSD"": -0.31093367860651805}, ""entry"": 1.5, ""exit_z"": 0.3, ""nested"": ""opt2024_val2025"", ""pairs"": [""EURAUD/AUDUSD:w40"", ""AUDUSD/NZDUSD:w40""], ""risk_frac"": 0.005, ""sizing"": ""unit_residual"", ""sleeve_budget"": 0.55}",-inf,-3.0178562925309294e-06,0.9096580513883018,0.45454545454545453,False,False,unit_residual,2.1823151566786e-05,-3.0178562925309294e-06
real_n2_unit_residual,"{""betas_2024"": {""AUDUSD/NZDUSD"": 0.7150032270701753, ""EURAUD/AUDUSD"": -0.31093367860651805}, ""entry"": 1.5, ""exit_z"": 0.3, ""nested"": ""opt2024_val2025"", ""pairs"": [""EURAUD/AUDUSD:w40"", ""AUDUSD/NZDUSD:w40""], ""risk_frac"": 0.005, ""sizing"": ""unit_residual"", ""sleeve_budget"": 1.0}",-inf,-5.484150181589431e-06,0.9096595774154362,0.45454545454545453,False,False,unit_residual,3.967593136532489e-05,-5.484150181589431e-06
real_n2_unit_residual,"{""betas_2024"": {""AUDUSD/NZDUSD"": 0.7150032270701753, ""EURAUD/AUDUSD"": -0.31093367860651805}, ""entry"": 1.5, ""exit_z"": 0.3, ""nested"": ""opt2024_val2025"", ""pairs"": [""EURAUD/AUDUSD:w40"", ""AUDUSD/NZDUSD:w40""], ""risk_frac"": 0.0075, ""sizing"": ""unit_residual"", ""sleeve_budget"": 0.55}",-inf,-3.0178562925309294e-06,0.9096580513883018,0.45454545454545453,False,False,unit_residual,2.1823151566786e-05,-3.0178562925309294e-06
real_n2_unit_residual,"{""betas_2024"": {""AUDUSD/NZDUSD"": 0.7150032270701753, ""EURAUD/AUDUSD"": -0.31093367860651805}, ""entry"": 1.5, ""exit_z"": 0.3, ""nested"": ""opt2024_val2025"", ""pairs"": [""EURAUD/AUDUSD:w40"", ""AUDUSD/NZDUSD:w40""], ""risk_frac"": 0.0075, ""sizing"": ""unit_residual"", ""sleeve_budget"": 1.0}",-inf,-5.484150181589431e-06,0.9096595774154362,0.45454545454545453,False,False,unit_residual,3.967593136532489e-05,-5.484150181589431e-06
real_n2_unit_residual,"{""betas_2024"": {""AUDUSD/NZDUSD"": 0.7150032270701753, ""EURAUD/AUDUSD"": -0.31093367860651805}, ""entry"": 1.5, ""exit_z"": 0.3, ""nested"": ""opt2024_val2025"", ""pairs"": [""EURAUD/AUDUSD:w40"", ""AUDUSD/NZDUSD:w40""], ""risk_frac"": 0.01, ""sizing"": ""unit_residual"", ""sleeve_budget"": 0.55}",-inf,5.1633787491595085e-06,0.8385425695586465,0.5,False,False,unit_residual,2.429408965654023e-05,5.1633787491595085e-06
real_n2_unit_residual,"{""betas_2024"": {""AUDUSD/NZDUSD"": 0.7150032270701753, ""EURAUD/AUDUSD"": -0.31093367860651805}, ""entry"": 1.5, ""exit_z"": 0.3, ""nested"": ""opt2024_val2025"", ""pairs"": [""EURAUD/AUDUSD:w40"", ""AUDUSD/NZDUSD:w40""], ""risk_frac"": 0.01, ""sizing"": ""unit_residual"", ""sleeve_budget"": 1.0}",-inf,9.390210688339784e-06,0.838550807888276,0.5,False,False,unit_residual,4.416716781827847e-05,9.390210688339784e-06
real_n2_unit_residual,"{""betas_2024"": {""AUDUSD/NZDUSD"": 0.7150032270701753, ""EURAUD/AUDUSD"": -0.31093367860651805}, ""entry"": 1.5, ""exit_z"": 0.5, ""nested"": ""opt2024_val2025"", ""pairs"": [""EURAUD/AUDUSD:w40"", ""AUDUSD/NZDUSD:w40""], ""risk_frac"": 0.005, ""sizing"": ""unit_residual"", ""sleeve_budget"": 0.55}",-inf,-1.2652646470975859e-05,0.99622893222522,0.45454545454545453,False,False,unit_residual,1.918721703801514e-05,-1.2652646470975859e-05
real_n2_unit_residual,"{""betas_2024"": {""AUDUSD/NZDUSD"": 0.7150032270701753, ""EURAUD/AUDUSD"": -0.31093367860651805}, ""entry"": 1.5, ""exit_z"": 0.5, ""nested"": ""opt2024_val2025"", ""pairs"": [""EURAUD/AUDUSD:w40"", ""AUDUSD/NZDUSD:w40""], ""risk_frac"": 0.005, ""sizing"": ""unit_residual"", ""sleeve_budget"": 1.0}",-inf,-2.3002552983403257e-05,0.9962291150620471,0.45454545454545453,False,False,unit_residual,3.48846005706111e-05,-2.3002552983403257e-05
real_n2_unit_residual,"{""betas_2024"": {""AUDUSD/NZDUSD"": 0.7150032270701753, ""EURAUD/AUDUSD"": -0.31093367860651805}, ""entry"": 1.5, ""exit_z"": 0.5, ""nested"": ""opt2024_val2025"", ""pairs"": [""EURAUD/AUDUSD:w40"", ""AUDUSD/NZDUSD:w40""], ""risk_frac"": 0.0075, ""sizing"": ""unit_residual"", ""sleeve_budget"": 0.55}",-inf,-1.2652646470975859e-05,0.99622893222522,0.45454545454545453,False,False,unit_residual,1.918721703801514e-05,-1.2652646470975859e-05
real_n2_unit_residual,"{""betas_2024"": {""AUDUSD/NZDUSD"": 0.7150032270701753, ""EURAUD/AUDUSD"": -0.31093367860651805}, ""entry"": 1.5, ""exit_z"": 0.5, ""nested"": ""opt2024_val2025"", ""pairs"": [""EURAUD/AUDUSD:w40"", ""AUDUSD/NZDUSD:w40""], ""risk_frac"": 0.0075, ""sizing"": ""unit_residual"", ""sleeve_budget"": 1.0}",-inf,-2.3002552983403257e-05,0.9962291150620471,0.45454545454545453,False,False,unit_residual,3.48846005706111e-05,-2.3002552983403257e-05
real_n2_unit_residual,"{""betas_2024"": {""AUDUSD/NZDUSD"": 0.7150032270701753, ""EURAUD/AUDUSD"": -0.31093367860651805}, ""entry"": 1.5, ""exit_z"": 0.5, ""nested"": ""opt2024_val2025"", ""pairs"": [""EURAUD/AUDUSD:w40"", ""AUDUSD/NZDUSD:w40""], ""risk_frac"": 0.01, ""sizing"": ""unit_residual"", ""sleeve_budget"": 0.55}",-inf,-5.471552190813855e-06,0.8225248551675662,0.45454545454545453,False,False,unit_residual,1.5340823940784336e-05,-5.471552190813855e-06
real_n2_unit_residual,"{""betas_2024"": {""AUDUSD/NZDUSD"": 0.7150032270701753, ""EURAUD/AUDUSD"": -0.31093367860651805}, ""entry"": 1.5, ""exit_z"": 0.5, ""nested"": ""opt2024_val2025"", ""pairs"": [""EURAUD/AUDUSD:w40"", ""AUDUSD/NZDUSD:w40""], ""risk_frac"": 0.01, ""sizing"": ""unit_residual"", ""sleeve_budget"": 1.0}",-inf,-9.945645083678234e-06,0.8225426899896245,0.45454545454545453,False,False,unit_residual,2.7893322544926168e-05,-9.945645083678234e-06
real_n2_unit_residual,"{""betas_2024"": {""AUDUSD/NZDUSD"": 0.7150032270701753, ""EURAUD/AUDUSD"": -0.31093367860651805}, ""entry"": 1.75, ""exit_z"": 0.2, ""nested"": ""opt2024_val2025"", ""pairs"": [""EURAUD/AUDUSD:w40"", ""AUDUSD/NZDUSD:w40""], ""risk_frac"": 0.005, ""sizing"": ""unit_residual"", ""sleeve_budget"": 0.55}",-inf,-2.6565373982670448e-05,1.0,0.25,False,False,unit_residual,2.299351017450006e-05,-2.6565373982670448e-05
real_n2_unit_residual,"{""betas_2024"": {""AUDUSD/NZDUSD"": 0.7150032270701753, ""EURAUD/AUDUSD"": -0.31093367860651805}, ""entry"": 1.75, ""exit_z"": 0.2, ""nested"": ""opt2024_val2025"", ""pairs"": [""EURAUD/AUDUSD:w40"", ""AUDUSD/NZDUSD:w40""], ""risk_frac"": 0.005, ""sizing"": ""unit_residual"", ""sleeve_budget"": 1.0}",-inf,-4.830298642141684e-05,1.0,0.25,False,False,unit_residual,4.180908923861521e-05,-4.830298642141684e-05
real_n2_unit_residual,"{""betas_2024"": {""AUDUSD/NZDUSD"": 0.7150032270701753, ""EURAUD/AUDUSD"": -0.31093367860651805}, ""entry"": 1.75, ""exit_z"": 0.2, ""nested"": ""opt2024_val2025"", ""pairs"": [""EURAUD/AUDUSD:w40"", ""AUDUSD/NZDUSD:w40""], ""risk_frac"": 0.0075, ""sizing"": ""unit_residual"", ""sleeve_budget"": 0.55}",-inf,-2.6565373982670448e-05,1.0,0.25,False,False,unit_residual,2.299351017450006e-05,-2.6565373982670448e-05
real_n2_unit_residual,"{""betas_2024"": {""AUDUSD/NZDUSD"": 0.7150032270701753, ""EURAUD/AUDUSD"": -0.31093367860651805}, ""entry"": 1.75, ""exit_z"": 0.2, ""nested"": ""opt2024_val2025"", ""pairs"": [""EURAUD/AUDUSD:w40"", ""AUDUSD/NZDUSD:w40""], ""risk_frac"": 0.0075, ""sizing"": ""unit_residual"", ""sleeve_budget"": 1.0}",-inf,-4.830298642141684e-05,1.0,0.25,False,False,unit_residual,4.180908923861521e-05,-4.830298642141684e-05
real_n2_unit_residual,"{""betas_2024"": {""AUDUSD/NZDUSD"": 0.7150032270701753, ""EURAUD/AUDUSD"": -0.31093367860651805}, ""entry"": 1.75, ""exit_z"": 0.2, ""nested"": ""opt2024_val2025"", ""pairs"": [""EURAUD/AUDUSD:w40"", ""AUDUSD/NZDUSD:w40""], ""risk_frac"": 0.01, ""sizing"": ""unit_residual"", ""sleeve_budget"": 0.55}",-inf,-1.8717516194644013e-05,1.0,0.375,False,False,unit_residual,2.098928308109043e-05,-1.8717516194644013e-05
real_n2_unit_residual,"{""betas_2024"": {""AUDUSD/NZDUSD"": 0.7150032270701753, ""EURAUD/AUDUSD"": -0.31093367860651805}, ""entry"": 1.75, ""exit_z"": 0.2, ""nested"": ""opt2024_val2025"", ""pairs"": [""EURAUD/AUDUSD:w40"", ""AUDUSD/NZDUSD:w40""], ""risk_frac"": 0.01, ""sizing"": ""unit_residual"", ""sleeve_budget"": 1.0}",-inf,-3.403118213216039e-05,1.0,0.375,False,False,unit_residual,3.816570276308924e-05,-3.403118213216039e-05
real_n2_unit_residual,"{""betas_2024"": {""AUDUSD/NZDUSD"": 0.7150032270701753, ""EURAUD/AUDUSD"": -0.31093367860651805}, ""entry"": 1.75, ""exit_z"": 0.3, ""nested"": ""opt2024_val2025"", ""pairs"": [""EURAUD/AUDUSD:w40"", ""AUDUSD/NZDUSD:w40""], ""risk_frac"": 0.005, ""sizing"": ""unit_residual"", ""sleeve_budget"": 0.55}",-inf,-1.2380458652289095e-05,1.0,0.375,False,False,unit_residual,2.19727214959654e-05,-1.2380458652289095e-05
real_n2_unit_residual,"{""betas_2024"": {""AUDUSD/NZDUSD"": 0.7150032270701753, ""EURAUD/AUDUSD"": -0.31093367860651805}, ""entry"": 1.75, ""exit_z"": 0.3, ""nested"": ""opt2024_val2025"", ""pairs"": [""EURAUD/AUDUSD:w40"", ""AUDUSD/NZDUSD:w40""], ""risk_frac"": 0.005, ""sizing"": ""unit_residual"", ""sleeve_budget"": 1.0}",-inf,-2.2508374654547914e-05,1.0,0.375,False,False,unit_residual,3.995048058519862e-05,-2.2508374654547914e-05
real_n2_unit_residual,"{""betas_2024"": {""AUDUSD/NZDUSD"": 0.7150032270701753, ""EURAUD/AUDUSD"": -0.31093367860651805}, ""entry"": 1.75, ""exit_z"": 0.3, ""nested"": ""opt2024_val2025"", ""pairs"": [""EURAUD/AUDUSD:w40"", ""AUDUSD/NZDUSD:w40""], ""risk_frac"": 0.0075, ""sizing"": ""unit_residual"", ""sleeve_budget"": 0.55}",-inf,-1.2380458652289095e-05,1.0,0.375,False,False,unit_residual,2.19727214959654e-05,-1.2380458652289095e-05
real_n2_unit_residual,"{""betas_2024"": {""AUDUSD/NZDUSD"": 0.7150032270701753, ""EURAUD/AUDUSD"": -0.31093367860651805}, ""entry"": 1.75, ""exit_z"": 0.3, ""nested"": ""opt2024_val2025"", ""pairs"": [""EURAUD/AUDUSD:w40"", ""AUDUSD/NZDUSD:w40""], ""risk_frac"": 0.0075, ""sizing"": ""unit_residual"", ""sleeve_budget"": 1.0}",-inf,-2.2508374654547914e-05,1.0,0.375,False,False,unit_residual,3.995048058519862e-05,-2.2508374654547914e-05
real_n2_unit_residual,"{""betas_2024"": {""AUDUSD/NZDUSD"": 0.7150032270701753, ""EURAUD/AUDUSD"": -0.31093367860651805}, ""entry"": 1.75, ""exit_z"": 0.3, ""nested"": ""opt2024_val2025"", ""pairs"": [""EURAUD/AUDUSD:w40"", ""AUDUSD/NZDUSD:w40""], ""risk_frac"": 0.01, ""sizing"": ""unit_residual"", ""sleeve_budget"": 0.55}",-inf,-4.533698683167886e-06,1.0,0.375,False,False,unit_residual,1.9968839031880847e-05,-4.533698683167886e-06
real_n2_unit_residual,"{""betas_2024"": {""AUDUSD/NZDUSD"": 0.7150032270701753, ""EURAUD/AUDUSD"": -0.31093367860651805}, ""entry"": 1.75, ""exit_z"": 0.3, ""nested"": ""opt2024_val2025"", ""pairs"": [""EURAUD/AUDUSD:w40"", ""AUDUSD/NZDUSD:w40""], ""risk_frac"": 0.01, ""sizing"": ""unit_residual"", ""sleeve_budget"": 1.0}",-inf,-8.240200552234178e-06,1.0,0.375,False,False,unit_residual,3.630803096387293e-05,-8.240200552234178e-06
real_n2_unit_residual,"{""betas_2024"": {""AUDUSD/NZDUSD"": 0.7150032270701753, ""EURAUD/AUDUSD"": -0.31093367860651805}, ""entry"": 1.75, ""exit_z"": 0.5, ""nested"": ""opt2024_val2025"", ""pairs"": [""EURAUD/AUDUSD:w40"", ""AUDUSD/NZDUSD:w40""], ""risk_frac"": 0.005, ""sizing"": ""unit_residual"", ""sleeve_budget"": 0.55}",-inf,-2.2017925197265198e-05,1.0,0.25,False,False,unit_residual,2.0982713399816692e-05,-2.2017925197265198e-05
real_n2_unit_residual,"{""betas_2024"": {""AUDUSD/NZDUSD"": 0.7150032270701753, ""EURAUD/AUDUSD"": -0.31093367860651805}, ""entry"": 1.75, ""exit_z"": 0.5, ""nested"": ""opt2024_val2025"", ""pairs"": [""EURAUD/AUDUSD:w40"", ""AUDUSD/NZDUSD:w40""], ""risk_frac"": 0.005, ""sizing"": ""unit_residual"", ""sleeve_budget"": 1.0}",-inf,-4.003336809876856e-05,1.0,0.25,False,False,unit_residual,3.815035377740074e-05,-4.003336809876856e-05
real_n2_unit_residual,"{""betas_2024"": {""AUDUSD/NZDUSD"": 0.7150032270701753, ""EURAUD/AUDUSD"": -0.31093367860651805}, ""entry"": 1.75, ""exit_z"": 0.5, ""nested"": ""opt2024_val2025"", ""pairs"": [""EURAUD/AUDUSD:w40"", ""AUDUSD/NZDUSD:w40""], ""risk_frac"": 0.0075, ""sizing"": ""unit_residual"", ""sleeve_budget"": 0.55}",-inf,-2.2017925197265198e-05,1.0,0.25,False,False,unit_residual,2.0982713399816692e-05,-2.2017925197265198e-05
real_n2_unit_residual,"{""betas_2024"": {""AUDUSD/NZDUSD"": 0.7150032270701753, ""EURAUD/AUDUSD"": -0.31093367860651805}, ""entry"": 1.75, ""exit_z"": 0.5, ""nested"": ""opt2024_val2025"", ""pairs"": [""EURAUD/AUDUSD:w40"", ""AUDUSD/NZDUSD:w40""], ""risk_frac"": 0.0075, ""sizing"": ""unit_residual"", ""sleeve_budget"": 1.0}",-inf,-4.003336809876856e-05,1.0,0.25,False,False,unit_residual,3.815035377740074e-05,-4.003336809876856e-05
real_n2_unit_residual,"{""betas_2024"": {""AUDUSD/NZDUSD"": 0.7150032270701753, ""EURAUD/AUDUSD"": -0.31093367860651805}, ""entry"": 1.75, ""exit_z"": 0.5, ""nested"": ""opt2024_val2025"", ""pairs"": [""EURAUD/AUDUSD:w40"", ""AUDUSD/NZDUSD:w40""], ""risk_frac"": 0.01, ""sizing"": ""unit_residual"", ""sleeve_budget"": 0.55}",-inf,-1.5171440785083368e-05,1.0,0.375,False,False,unit_residual,1.6877757432057468e-05,-1.5171440785083368e-05
real_n2_unit_residual,"{""betas_2024"": {""AUDUSD/NZDUSD"": 0.7150032270701753, ""EURAUD/AUDUSD"": -0.31093367860651805}, ""entry"": 1.75, ""exit_z"": 0.5, ""nested"": ""opt2024_val2025"", ""pairs"": [""EURAUD/AUDUSD:w40"", ""AUDUSD/NZDUSD:w40""], ""risk_frac"": 0.01, ""sizing"": ""unit_residual"", ""sleeve_budget"": 1.0}",-inf,-2.7583296594441142e-05,1.0,0.375,False,False,unit_residual,3.068876474649434e-05,-2.7583296594441142e-05
real_n2_unit_residual,"{""betas_2024"": {""AUDUSD/NZDUSD"": 0.7150032270701753, ""EURAUD/AUDUSD"": -0.31093367860651805}, ""entry"": 2.0, ""exit_z"": 0.2, ""nested"": ""opt2024_val2025"", ""pairs"": [""EURAUD/AUDUSD:w40"", ""AUDUSD/NZDUSD:w40""], ""risk_frac"": 0.005, ""sizing"": ""unit_residual"", ""sleeve_budget"": 0.55}",-inf,-1.8090009319876588e-05,1.0,0.375,False,False,unit_residual,4.1606769102354626e-05,-1.8090009319876588e-05
real_n2_unit_residual,"{""betas_2024"": {""AUDUSD/NZDUSD"": 0.7150032270701753, ""EURAUD/AUDUSD"": -0.31093367860651805}, ""entry"": 2.0, ""exit_z"": 0.2, ""nested"": ""opt2024_val2025"", ""pairs"": [""EURAUD/AUDUSD:w40"", ""AUDUSD/NZDUSD:w40""], ""risk_frac"": 0.005, ""sizing"": ""unit_residual"", ""sleeve_budget"": 1.0}",-inf,-3.289131972264436e-05,1.0,0.375,False,False,unit_residual,7.564508140992218e-05,-3.289131972264436e-05
real_n2_unit_residual,"{""betas_2024"": {""AUDUSD/NZDUSD"": 0.7150032270701753, ""EURAUD/AUDUSD"": -0.31093367860651805}, ""entry"": 2.0, ""exit_z"": 0.2, ""nested"": ""opt2024_val2025"", ""pairs"": [""EURAUD/AUDUSD:w40"", ""AUDUSD/NZDUSD:w40""], ""risk_frac"": 0.0075, ""sizing"": ""unit_residual"", ""sleeve_budget"": 0.55}",-inf,-1.8090009319876588e-05,1.0,0.375,False,False,unit_residual,4.1606769102354626e-05,-1.8090009319876588e-05
real_n2_unit_residual,"{""betas_2024"": {""AUDUSD/NZDUSD"": 0.7150032270701753, ""EURAUD/AUDUSD"": -0.31093367860651805}, ""entry"": 2.0, ""exit_z"": 0.2, ""nested"": ""opt2024_val2025"", ""pairs"": [""EURAUD/AUDUSD:w40"", ""AUDUSD/NZDUSD:w40""], ""risk_frac"": 0.0075, ""sizing"": ""unit_residual"", ""sleeve_budget"": 1.0}",-inf,-3.289131972264436e-05,1.0,0.375,False,False,unit_residual,7.564508140992218e-05,-3.289131972264436e-05
real_n2_unit_residual,"{""betas_2024"": {""AUDUSD/NZDUSD"": 0.7150032270701753, ""EURAUD/AUDUSD"": -0.31093367860651805}, ""entry"": 2.0, ""exit_z"": 0.2, ""nested"": ""opt2024_val2025"", ""pairs"": [""EURAUD/AUDUSD:w40"", ""AUDUSD/NZDUSD:w40""], ""risk_frac"": 0.01, ""sizing"": ""unit_residual"", ""sleeve_budget"": 0.55}",-inf,-1.6709912222800938e-06,0.849038367699116,0.625,False,False,unit_residual,4.0239818707669834e-05,-1.6709912222800938e-06
real_n2_unit_residual,"{""betas_2024"": {""AUDUSD/NZDUSD"": 0.7150032270701753, ""EURAUD/AUDUSD"": -0.31093367860651805}, ""entry"": 2.0, ""exit_z"": 0.2, ""nested"": ""opt2024_val2025"", ""pairs"": [""EURAUD/AUDUSD:w40"", ""AUDUSD/NZDUSD:w40""], ""risk_frac"": 0.01, ""sizing"": ""unit_residual"", ""sleeve_budget"": 1.0}",-inf,-3.0357518206042267e-06,0.8490429058534087,0.625,False,False,unit_residual,7.316039948661187e-05,-3.0357518206042267e-06
real_n2_unit_residual,"{""betas_2024"": {""AUDUSD/NZDUSD"": 0.7150032270701753, ""EURAUD/AUDUSD"": -0.31093367860651805}, ""entry"": 2.0, ""exit_z"": 0.3, ""nested"": ""opt2024_val2025"", ""pairs"": [""EURAUD/AUDUSD:w40"", ""AUDUSD/NZDUSD:w40""], ""risk_frac"": 0.005, ""sizing"": ""unit_residual"", ""sleeve_budget"": 0.55}",-inf,-3.909301051971403e-06,0.9302745467984097,0.5,False,False,unit_residual,4.058878844526159e-05,-3.909301051971403e-06
real_n2_unit_residual,"{""betas_2024"": {""AUDUSD/NZDUSD"": 0.7150032270701753, ""EURAUD/AUDUSD"": -0.31093367860651805}, ""entry"": 2.0, ""exit_z"": 0.3, ""nested"": ""opt2024_val2025"", ""pairs"": [""EURAUD/AUDUSD:w40"", ""AUDUSD/NZDUSD:w40""], ""risk_frac"": 0.005, ""sizing"": ""unit_residual"", ""sleeve_budget"": 1.0}",-inf,-7.105724115330503e-06,0.93027708130961,0.5,False,False,unit_residual,7.378946709345569e-05,-7.105724115330503e-06
real_n2_unit_residual,"{""betas_2024"": {""AUDUSD/NZDUSD"": 0.7150032270701753, ""EURAUD/AUDUSD"": -0.31093367860651805}, ""entry"": 2.0, ""exit_z"": 0.3, ""nested"": ""opt2024_val2025"", ""pairs"": [""EURAUD/AUDUSD:w40"", ""AUDUSD/NZDUSD:w40""], ""risk_frac"": 0.0075, ""sizing"": ""unit_residual"", ""sleeve_budget"": 0.55}",-inf,-3.909301051971403e-06,0.9302745467984097,0.5,False,False,unit_residual,4.058878844526159e-05,-3.909301051971403e-06
real_n2_unit_residual,"{""betas_2024"": {""AUDUSD/NZDUSD"": 0.7150032270701753, ""EURAUD/AUDUSD"": -0.31093367860651805}, ""entry"": 2.0, ""exit_z"": 0.3, ""nested"": ""opt2024_val2025"", ""pairs"": [""EURAUD/AUDUSD:w40"", ""AUDUSD/NZDUSD:w40""], ""risk_frac"": 0.0075, ""sizing"": ""unit_residual"", ""sleeve_budget"": 1.0}",-inf,-7.105724115330503e-06,0.93027708130961,0.5,False,False,unit_residual,7.378946709345569e-05,-7.105724115330503e-06
real_n2_unit_residual,"{""betas_2024"": {""AUDUSD/NZDUSD"": 0.7150032270701753, ""EURAUD/AUDUSD"": -0.31093367860651805}, ""entry"": 2.0, ""exit_z"": 0.3, ""nested"": ""opt2024_val2025"", ""pairs"": [""EURAUD/AUDUSD:w40"", ""AUDUSD/NZDUSD:w40""], ""risk_frac"": 0.01, ""sizing"": ""unit_residual"", ""sleeve_budget"": 0.55}",-inf,1.2507602594025169e-05,0.7685717590933787,0.625,False,False,unit_residual,3.9221908428139166e-05,1.2507602594025169e-05
real_n2_unit_residual,"{""betas_2024"": {""AUDUSD/NZDUSD"": 0.7150032270701753, ""EURAUD/AUDUSD"": -0.31093367860651805}, ""entry"": 2.0, ""exit_z"": 0.3, ""nested"": ""opt2024_val2025"", ""pairs"": [""EURAUD/AUDUSD:w40"", ""AUDUSD/NZDUSD:w40""], ""risk_frac"": 0.01, ""sizing"": ""unit_residual"", ""sleeve_budget"": 1.0}",-inf,2.2742853174523292e-05,0.7685715445687185,0.625,False,False,unit_residual,7.130514126651999e-05,2.2742853174523292e-05
real_n2_unit_residual,"{""betas_2024"": {""AUDUSD/NZDUSD"": 0.7150032270701753, ""EURAUD/AUDUSD"": -0.31093367860651805}, ""entry"": 2.0, ""exit_z"": 0.5, ""nested"": ""opt2024_val2025"", ""pairs"": [""EURAUD/AUDUSD:w40"", ""AUDUSD/NZDUSD:w40""], ""risk_frac"": 0.005, ""sizing"": ""unit_residual"", ""sleeve_budget"": 0.55}",-inf,-1.3543661910656035e-05,0.97003556320557,0.5,False,False,unit_residual,3.565864940033051e-05,-1.3543661910656035e-05
real_n2_unit_residual,"{""betas_2024"": {""AUDUSD/NZDUSD"": 0.7150032270701753, ""EURAUD/AUDUSD"": -0.31093367860651805}, ""entry"": 2.0, ""exit_z"": 0.5, ""nested"": ""opt2024_val2025"", ""pairs"": [""EURAUD/AUDUSD:w40"", ""AUDUSD/NZDUSD:w40""], ""risk_frac"": 0.005, ""sizing"": ""unit_residual"", ""sleeve_budget"": 1.0}",-inf,-2.4624194754407913e-05,0.9700390377589265,0.5,False,False,unit_residual,6.482800191368295e-05,-2.4624194754407913e-05
real_n2_unit_residual,"{""betas_2024"": {""AUDUSD/NZDUSD"": 0.7150032270701753, ""EURAUD/AUDUSD"": -0.31093367860651805}, ""entry"": 2.0, ""exit_z"": 0.5, ""nested"": ""opt2024_val2025"", ""pairs"": [""EURAUD/AUDUSD:w40"", ""AUDUSD/NZDUSD:w40""], ""risk_frac"": 0.0075, ""sizing"": ""unit_residual"", ""sleeve_budget"": 0.55}",-inf,-1.3543661910656035e-05,0.97003556320557,0.5,False,False,unit_residual,3.565864940033051e-05,-1.3543661910656035e-05
real_n2_unit_residual,"{""betas_2024"": {""AUDUSD/NZDUSD"": 0.7150032270701753, ""EURAUD/AUDUSD"": -0.31093367860651805}, ""entry"": 2.0, ""exit_z"": 0.5, ""nested"": ""opt2024_val2025"", ""pairs"": [""EURAUD/AUDUSD:w40"", ""AUDUSD/NZDUSD:w40""], ""risk_frac"": 0.0075, ""sizing"": ""unit_residual"", ""sleeve_budget"": 1.0}",-inf,-2.4624194754407913e-05,0.9700390377589265,0.5,False,False,unit_residual,6.482800191368295e-05,-2.4624194754407913e-05
real_n2_unit_residual,"{""betas_2024"": {""AUDUSD/NZDUSD"": 0.7150032270701753, ""EURAUD/AUDUSD"": -0.31093367860651805}, ""entry"": 2.0, ""exit_z"": 0.5, ""nested"": ""opt2024_val2025"", ""pairs"": [""EURAUD/AUDUSD:w40"", ""AUDUSD/NZDUSD:w40""], ""risk_frac"": 0.01, ""sizing"": ""unit_residual"", ""sleeve_budget"": 0.55}",-inf,1.8740167194580826e-06,0.8610540689142067,0.625,False,False,unit_residual,3.2191396338930964e-05,1.8740167194580826e-06
real_n2_unit_residual,"{""betas_2024"": {""AUDUSD/NZDUSD"": 0.7150032270701753, ""EURAUD/AUDUSD"": -0.31093367860651805}, ""entry"": 2.0, ""exit_z"": 0.5, ""nested"": ""opt2024_val2025"", ""pairs"": [""EURAUD/AUDUSD:w40"", ""AUDUSD/NZDUSD:w40""], ""risk_frac"": 0.01, ""sizing"": ""unit_residual"", ""sleeve_budget"": 1.0}",-inf,3.4095424657348827e-06,0.8610484777813151,0.625,False,False,unit_residual,5.852611472775574e-05,3.4095424657348827e-06
real_n2_unit_residual,"{""betas_2024"": {""AUDUSD/NZDUSD"": 0.7150032270701753, ""EURAUD/AUDUSD"": -0.31093367860651805}, ""entry"": 2.25, ""exit_z"": 0.2, ""nested"": ""opt2024_val2025"", ""pairs"": [""EURAUD/AUDUSD:w40"", ""AUDUSD/NZDUSD:w40""], ""risk_frac"": 0.005, ""sizing"": ""unit_residual"", ""sleeve_budget"": 0.55}",-inf,-1.7912571161154967e-05,1.0,0.375,False,False,unit_residual,4.273910646067737e-05,-1.7912571161154967e-05
real_n2_unit_residual,"{""betas_2024"": {""AUDUSD/NZDUSD"": 0.7150032270701753, ""EURAUD/AUDUSD"": -0.31093367860651805}, ""entry"": 2.25, ""exit_z"": 0.2, ""nested"": ""opt2024_val2025"", ""pairs"": [""EURAUD/AUDUSD:w40"", ""AUDUSD/NZDUSD:w40""], ""risk_frac"": 0.005, ""sizing"": ""unit_residual"", ""sleeve_budget"": 1.0}",-inf,-3.2568674945249176e-05,1.0,0.375,False,False,unit_residual,7.770355633590127e-05,-3.2568674945249176e-05
real_n2_unit_residual,"{""betas_2024"": {""AUDUSD/NZDUSD"": 0.7150032270701753, ""EURAUD/AUDUSD"": -0.31093367860651805}, ""entry"": 2.25, ""exit_z"": 0.2, ""nested"": ""opt2024_val2025"", ""pairs"": [""EURAUD/AUDUSD:w40"", ""AUDUSD/NZDUSD:w40""], ""risk_frac"": 0.0075, ""sizing"": ""unit_residual"", ""sleeve_budget"": 0.55}",-inf,-1.7912571161154967e-05,1.0,0.375,False,False,unit_residual,4.273910646067737e-05,-1.7912571161154967e-05
real_n2_unit_residual,"{""betas_2024"": {""AUDUSD/NZDUSD"": 0.7150032270701753, ""EURAUD/AUDUSD"": -0.31093367860651805}, ""entry"": 2.25, ""exit_z"": 0.2, ""nested"": ""opt2024_val2025"", ""pairs"": [""EURAUD/AUDUSD:w40"", ""AUDUSD/NZDUSD:w40""], ""risk_frac"": 0.0075, ""sizing"": ""unit_residual"", ""sleeve_budget"": 1.0}",-inf,-3.2568674945249176e-05,1.0,0.375,False,False,unit_residual,7.770355633590127e-05,-3.2568674945249176e-05
real_n2_unit_residual,"{""betas_2024"": {""AUDUSD/NZDUSD"": 0.7150032270701753, ""EURAUD/AUDUSD"": -0.31093367860651805}, ""entry"": 2.25, ""exit_z"": 0.2, ""nested"": ""opt2024_val2025"", ""pairs"": [""EURAUD/AUDUSD:w40"", ""AUDUSD/NZDUSD:w40""], ""risk_frac"": 0.01, ""sizing"": ""unit_residual"", ""sleeve_budget"": 0.55}",-inf,-9.856930688612042e-07,0.8490055553898869,0.625,False,False,unit_residual,3.845455350721066e-05,-9.856930688612042e-07
real_n2_unit_residual,"{""betas_2024"": {""AUDUSD/NZDUSD"": 0.7150032270701753, ""EURAUD/AUDUSD"": -0.31093367860651805}, ""entry"": 2.25, ""exit_z"": 0.2, ""nested"": ""opt2024_val2025"", ""pairs"": [""EURAUD/AUDUSD:w40"", ""AUDUSD/NZDUSD:w40""], ""risk_frac"": 0.01, ""sizing"": ""unit_residual"", ""sleeve_budget"": 1.0}",-inf,-1.7898073662730996e-06,0.8490100948547754,0.625,False,False,unit_residual,6.991511481653627e-05,-1.7898073662730996e-06
real_n2_unit_residual,"{""betas_2024"": {""AUDUSD/NZDUSD"": 0.7150032270701753, ""EURAUD/AUDUSD"": -0.31093367860651805}, ""entry"": 2.25, ""exit_z"": 0.3, ""nested"": ""opt2024_val2025"", ""pairs"": [""EURAUD/AUDUSD:w40"", ""AUDUSD/NZDUSD:w40""], ""risk_frac"": 0.005, ""sizing"": ""unit_residual"", ""sleeve_budget"": 0.55}",-inf,-3.733479500764303e-06,0.930224075274079,0.5,False,False,unit_residual,4.172126022109176e-05,-3.733479500764303e-06
real_n2_unit_residual,"{""betas_2024"": {""AUDUSD/NZDUSD"": 0.7150032270701753, ""EURAUD/AUDUSD"": -0.31093367860651805}, ""entry"": 2.25, ""exit_z"": 0.3, ""nested"": ""opt2024_val2025"", ""pairs"": [""EURAUD/AUDUSD:w40"", ""AUDUSD/NZDUSD:w40""], ""risk_frac"": 0.005, ""sizing"": ""unit_residual"", ""sleeve_budget"": 1.0}",-inf,-6.7860426685856234e-06,0.9302266147430233,0.5,False,False,unit_residual,7.584805727519931e-05,-6.7860426685856234e-06
real_n2_unit_residual,"{""betas_2024"": {""AUDUSD/NZDUSD"": 0.7150032270701753, ""EURAUD/AUDUSD"": -0.31093367860651805}, ""entry"": 2.25, ""exit_z"": 0.3, ""nested"": ""opt2024_val2025"", ""pairs"": [""EURAUD/AUDUSD:w40"", ""AUDUSD/NZDUSD:w40""], ""risk_frac"": 0.0075, ""sizing"": ""unit_residual"", ""sleeve_budget"": 0.55}",-inf,-3.733479500764303e-06,0.930224075274079,0.5,False,False,unit_residual,4.172126022109176e-05,-3.733479500764303e-06
real_n2_unit_residual,"{""betas_2024"": {""AUDUSD/NZDUSD"": 0.7150032270701753, ""EURAUD/AUDUSD"": -0.31093367860651805}, ""entry"": 2.25, ""exit_z"": 0.3, ""nested"": ""opt2024_val2025"", ""pairs"": [""EURAUD/AUDUSD:w40"", ""AUDUSD/NZDUSD:w40""], ""risk_frac"": 0.0075, ""sizing"": ""unit_residual"", ""sleeve_budget"": 1.0}",-inf,-6.7860426685856234e-06,0.9302266147430233,0.5,False,False,unit_residual,7.584805727519931e-05,-6.7860426685856234e-06
real_n2_unit_residual,"{""betas_2024"": {""AUDUSD/NZDUSD"": 0.7150032270701753, ""EURAUD/AUDUSD"": -0.31093367860651805}, ""entry"": 2.25, ""exit_z"": 0.3, ""nested"": ""opt2024_val2025"", ""pairs"": [""EURAUD/AUDUSD:w40"", ""AUDUSD/NZDUSD:w40""], ""risk_frac"": 0.01, ""sizing"": ""unit_residual"", ""sleeve_budget"": 0.55}",-inf,1.3191237794793476e-05,0.7688509834906646,0.625,False,False,unit_residual,3.743699751473423e-05,1.3191237794793476e-05
real_n2_unit_residual,"{""betas_2024"": {""AUDUSD/NZDUSD"": 0.7150032270701753, ""EURAUD/AUDUSD"": -0.31093367860651805}, ""entry"": 2.25, ""exit_z"": 0.3, ""nested"": ""opt2024_val2025"", ""pairs"": [""EURAUD/AUDUSD:w40"", ""AUDUSD/NZDUSD:w40""], ""risk_frac"": 0.01, ""sizing"": ""unit_residual"", ""sleeve_budget"": 1.0}",-inf,2.3985681126575953e-05,0.7688507820865295,0.625,False,False,unit_residual,6.806069178431276e-05,2.3985681126575953e-05
real_n2_unit_residual,"{""betas_2024"": {""AUDUSD/NZDUSD"": 0.7150032270701753, ""EURAUD/AUDUSD"": -0.31093367860651805}, ""entry"": 2.25, ""exit_z"": 0.5, ""nested"": ""opt2024_val2025"", ""pairs"": [""EURAUD/AUDUSD:w40"", ""AUDUSD/NZDUSD:w40""], ""risk_frac"": 0.005, ""sizing"": ""unit_residual"", ""sleeve_budget"": 0.55}",-inf,-1.336717428403189e-05,0.9714453615822487,0.5,False,False,unit_residual,3.586136384227011e-05,-1.336717428403189e-05
real_n2_unit_residual,"{""betas_2024"": {""AUDUSD/NZDUSD"": 0.7150032270701753, ""EURAUD/AUDUSD"": -0.31093367860651805}, ""entry"": 2.25, ""exit_z"": 0.5, ""nested"": ""opt2024_val2025"", ""pairs"": [""EURAUD/AUDUSD:w40"", ""AUDUSD/NZDUSD:w40""], ""risk_frac"": 0.005, ""sizing"": ""unit_residual"", ""sleeve_budget"": 1.0}",-inf,-2.4303281715126746e-05,0.9714486794779967,0.5,False,False,unit_residual,6.51968053344251e-05,-2.4303281715126746e-05
real_n2_unit_residual,"{""betas_2024"": {""AUDUSD/NZDUSD"": 0.7150032270701753, ""EURAUD/AUDUSD"": -0.31093367860651805}, ""entry"": 2.25, ""exit_z"": 0.5, ""nested"": ""opt2024_val2025"", ""pairs"": [""EURAUD/AUDUSD:w40"", ""AUDUSD/NZDUSD:w40""], ""risk_frac"": 0.0075, ""sizing"": ""unit_residual"", ""sleeve_budget"": 0.55}",-inf,-1.336717428403189e-05,0.9714453615822487,0.5,False,False,unit_residual,3.586136384227011e-05,-1.336717428403189e-05
real_n2_unit_residual,"{""betas_2024"": {""AUDUSD/NZDUSD"": 0.7150032270701753, ""EURAUD/AUDUSD"": -0.31093367860651805}, ""entry"": 2.25, ""exit_z"": 0.5, ""nested"": ""opt2024_val2025"", ""pairs"": [""EURAUD/AUDUSD:w40"", ""AUDUSD/NZDUSD:w40""], ""risk_frac"": 0.0075, ""sizing"": ""unit_residual"", ""sleeve_budget"": 1.0}",-inf,-2.4303281715126746e-05,0.9714486794779967,0.5,False,False,unit_residual,6.51968053344251e-05,-2.4303281715126746e-05
real_n2_unit_residual,"{""betas_2024"": {""AUDUSD/NZDUSD"": 0.7150032270701753, ""EURAUD/AUDUSD"": -0.31093367860651805}, ""entry"": 2.25, ""exit_z"": 0.5, ""nested"": ""opt2024_val2025"", ""pairs"": [""EURAUD/AUDUSD:w40"", ""AUDUSD/NZDUSD:w40""], ""risk_frac"": 0.01, ""sizing"": ""unit_residual"", ""sleeve_budget"": 0.55}",-inf,2.5580547040326973e-06,0.8700152486823105,0.625,False,False,unit_residual,3.130511673439655e-05,2.5580547040326973e-06
real_n2_unit_residual,"{""betas_2024"": {""AUDUSD/NZDUSD"": 0.7150032270701753, ""EURAUD/AUDUSD"": -0.31093367860651805}, ""entry"": 2.25, ""exit_z"": 0.5, ""nested"": ""opt2024_val2025"", ""pairs"": [""EURAUD/AUDUSD:w40"", ""AUDUSD/NZDUSD:w40""], ""risk_frac"": 0.01, ""sizing"": ""unit_residual"", ""sleeve_budget"": 1.0}",-inf,4.653203735202616e-06,0.8700103158639712,0.625,False,False,unit_residual,5.691498806127303e-05,4.653203735202616e-06
real_n2_unit_residual,"{""betas_2024"": {""AUDUSD/NZDUSD"": 0.7150032270701753, ""EURAUD/AUDUSD"": -0.31093367860651805}, ""entry"": 2.5, ""exit_z"": 0.2, ""nested"": ""opt2024_val2025"", ""pairs"": [""EURAUD/AUDUSD:w40"", ""AUDUSD/NZDUSD:w40""], ""risk_frac"": 0.005, ""sizing"": ""unit_residual"", ""sleeve_budget"": 0.55}",-inf,-1.5106202381223732e-05,1.0,0.375,False,False,unit_residual,3.914212405838184e-05,-1.5106202381223732e-05
real_n2_unit_residual,"{""betas_2024"": {""AUDUSD/NZDUSD"": 0.7150032270701753, ""EURAUD/AUDUSD"": -0.31093367860651805}, ""entry"": 2.5, ""exit_z"": 0.2, ""nested"": ""opt2024_val2025"", ""pairs"": [""EURAUD/AUDUSD:w40"", ""AUDUSD/NZDUSD:w40""], ""risk_frac"": 0.005, ""sizing"": ""unit_residual"", ""sleeve_budget"": 1.0}",-inf,-2.7465701386925057e-05,1.0,0.375,False,False,unit_residual,7.116048428983996e-05,-2.7465701386925057e-05
real_n2_unit_residual,"{""betas_2024"": {""AUDUSD/NZDUSD"": 0.7150032270701753, ""EURAUD/AUDUSD"": -0.31093367860651805}, ""entry"": 2.5, ""exit_z"": 0.2, ""nested"": ""opt2024_val2025"", ""pairs"": [""EURAUD/AUDUSD:w40"", ""AUDUSD/NZDUSD:w40""], ""risk_frac"": 0.0075, ""sizing"": ""unit_residual"", ""sleeve_budget"": 0.55}",-inf,-1.5106202381223732e-05,1.0,0.375,False,False,unit_residual,3.914212405838184e-05,-1.5106202381223732e-05
real_n2_unit_residual,"{""betas_2024"": {""AUDUSD/NZDUSD"": 0.7150032270701753, ""EURAUD/AUDUSD"": -0.31093367860651805}, ""entry"": 2.5, ""exit_z"": 0.2, ""nested"": ""opt2024_val2025"", ""pairs"": [""EURAUD/AUDUSD:w40"", ""AUDUSD/NZDUSD:w40""], ""risk_frac"": 0.0075, ""sizing"": ""unit_residual"", ""sleeve_budget"": 1.0}",-inf,-2.7465701386925057e-05,1.0,0.375,False,False,unit_residual,7.116048428983996e-05,-2.7465701386925057e-05
real_n2_unit_residual,"{""betas_2024"": {""AUDUSD/NZDUSD"": 0.7150032270701753, ""EURAUD/AUDUSD"": -0.31093367860651805}, ""entry"": 2.5, ""exit_z"": 0.2, ""nested"": ""opt2024_val2025"", ""pairs"": [""EURAUD/AUDUSD:w40"", ""AUDUSD/NZDUSD:w40""], ""risk_frac"": 0.01, ""sizing"": ""unit_residual"", ""sleeve_budget"": 0.55}",-inf,5.071145766574747e-06,0.9092302530316735,0.5,False,False,unit_residual,3.9142277717961847e-05,5.071145766574747e-06
real_n2_unit_residual,"{""betas_2024"": {""AUDUSD/NZDUSD"": 0.7150032270701753, ""EURAUD/AUDUSD"": -0.31093367860651805}, ""entry"": 2.5, ""exit_z"": 0.2, ""nested"": ""opt2024_val2025"", ""pairs"": [""EURAUD/AUDUSD:w40"", ""AUDUSD/NZDUSD:w40""], ""risk_frac"": 0.01, ""sizing"": ""unit_residual"", ""sleeve_budget"": 1.0}",-inf,9.222485480783749e-06,0.9092325494693949,0.5,False,False,unit_residual,7.116076358258041e-05,9.222485480783749e-06
real_n2_unit_residual,"{""betas_2024"": {""AUDUSD/NZDUSD"": 0.7150032270701753, ""EURAUD/AUDUSD"": -0.31093367860651805}, ""entry"": 2.5, ""exit_z"": 0.3, ""nested"": ""opt2024_val2025"", ""pairs"": [""EURAUD/AUDUSD:w40"", ""AUDUSD/NZDUSD:w40""], ""risk_frac"": 0.005, ""sizing"": ""unit_residual"", ""sleeve_budget"": 0.55}",-inf,-7.591372320328582e-06,1.0,0.375,False,False,unit_residual,3.811763831114549e-05,-7.591372320328582e-06
real_n2_unit_residual,"{""betas_2024"": {""AUDUSD/NZDUSD"": 0.7150032270701753, ""EURAUD/AUDUSD"": -0.31093367860651805}, ""entry"": 2.5, ""exit_z"": 0.3, ""nested"": ""opt2024_val2025"", ""pairs"": [""EURAUD/AUDUSD:w40"", ""AUDUSD/NZDUSD:w40""], ""risk_frac"": 0.005, ""sizing"": ""unit_residual"", ""sleeve_budget"": 1.0}",-inf,-1.3800736225116905e-05,1.0,0.375,False,False,unit_residual,6.929826768583861e-05,-1.3800736225116905e-05
real_n2_unit_residual,"{""betas_2024"": {""AUDUSD/NZDUSD"": 0.7150032270701753, ""EURAUD/AUDUSD"": -0.31093367860651805}, ""entry"": 2.5, ""exit_z"": 0.3, ""nested"": ""opt2024_val2025"", ""pairs"": [""EURAUD/AUDUSD:w40"", ""AUDUSD/NZDUSD:w40""], ""risk_frac"": 0.0075, ""sizing"": ""unit_residual"", ""sleeve_budget"": 0.55}",-inf,-7.591372320328582e-06,1.0,0.375,False,False,unit_residual,3.811763831114549e-05,-7.591372320328582e-06
real_n2_unit_residual,"{""betas_2024"": {""AUDUSD/NZDUSD"": 0.7150032270701753, ""EURAUD/AUDUSD"": -0.31093367860651805}, ""entry"": 2.5, ""exit_z"": 0.3, ""nested"": ""opt2024_val2025"", ""pairs"": [""EURAUD/AUDUSD:w40"", ""AUDUSD/NZDUSD:w40""], ""risk_frac"": 0.0075, ""sizing"": ""unit_residual"", ""sleeve_budget"": 1.0}",-inf,-1.3800736225116905e-05,1.0,0.375,False,False,unit_residual,6.929826768583861e-05,-1.3800736225116905e-05
real_n2_unit_residual,"{""betas_2024"": {""AUDUSD/NZDUSD"": 0.7150032270701753, ""EURAUD/AUDUSD"": -0.31093367860651805}, ""entry"": 2.5, ""exit_z"": 0.3, ""nested"": ""opt2024_val2025"", ""pairs"": [""EURAUD/AUDUSD:w40"", ""AUDUSD/NZDUSD:w40""], ""risk_frac"": 0.01, ""sizing"": ""unit_residual"", ""sleeve_budget"": 0.55}",-inf,1.2584705316093237e-05,0.8215639327070838,0.5,False,False,unit_residual,3.8117755004335955e-05,1.2584705316093237e-05
real_n2_unit_residual,"{""betas_2024"": {""AUDUSD/NZDUSD"": 0.7150032270701753, ""EURAUD/AUDUSD"": -0.31093367860651805}, ""entry"": 2.5, ""exit_z"": 0.3, ""nested"": ""opt2024_val2025"", ""pairs"": [""EURAUD/AUDUSD:w40"", ""AUDUSD/NZDUSD:w40""], ""risk_frac"": 0.01, ""sizing"": ""unit_residual"", ""sleeve_budget"": 1.0}",-inf,2.288325013033443e-05,0.8215772225710796,0.5,False,False,unit_residual,6.929847978903221e-05,2.288325013033443e-05
real_n2_unit_residual,"{""betas_2024"": {""AUDUSD/NZDUSD"": 0.7150032270701753, ""EURAUD/AUDUSD"": -0.31093367860651805}, ""entry"": 2.5, ""exit_z"": 0.5, ""nested"": ""opt2024_val2025"", ""pairs"": [""EURAUD/AUDUSD:w40"", ""AUDUSD/NZDUSD:w40""], ""risk_frac"": 0.005, ""sizing"": ""unit_residual"", ""sleeve_budget"": 0.55}",-inf,-1.4159225868448644e-05,1.0,0.375,False,False,unit_residual,3.543558612295605e-05,-1.4159225868448644e-05
real_n2_unit_residual,"{""betas_2024"": {""AUDUSD/NZDUSD"": 0.7150032270701753, ""EURAUD/AUDUSD"": -0.31093367860651805}, ""entry"": 2.5, ""exit_z"": 0.5, ""nested"": ""opt2024_val2025"", ""pairs"": [""EURAUD/AUDUSD:w40"", ""AUDUSD/NZDUSD:w40""], ""risk_frac"": 0.005, ""sizing"": ""unit_residual"", ""sleeve_budget"": 1.0}",-inf,-2.574353151778286e-05,1.0,0.375,False,False,unit_residual,6.442286185028642e-05,-2.574353151778286e-05
real_n2_unit_residual,"{""betas_2024"": {""AUDUSD/NZDUSD"": 0.7150032270701753, ""EURAUD/AUDUSD"": -0.31093367860651805}, ""entry"": 2.5, ""exit_z"": 0.5, ""nested"": ""opt2024_val2025"", ""pairs"": [""EURAUD/AUDUSD:w40"", ""AUDUSD/NZDUSD:w40""], ""risk_frac"": 0.0075, ""sizing"": ""unit_residual"", ""sleeve_budget"": 0.55}",-inf,-1.4159225868448644e-05,1.0,0.375,False,False,unit_residual,3.543558612295605e-05,-1.4159225868448644e-05
real_n2_unit_residual,"{""betas_2024"": {""AUDUSD/NZDUSD"": 0.7150032270701753, ""EURAUD/AUDUSD"": -0.31093367860651805}, ""entry"": 2.5, ""exit_z"": 0.5, ""nested"": ""opt2024_val2025"", ""pairs"": [""EURAUD/AUDUSD:w40"", ""AUDUSD/NZDUSD:w40""], ""risk_frac"": 0.0075, ""sizing"": ""unit_residual"", ""sleeve_budget"": 1.0}",-inf,-2.574353151778286e-05,1.0,0.375,False,False,unit_residual,6.442286185028642e-05,-2.574353151778286e-05
real_n2_unit_residual,"{""betas_2024"": {""AUDUSD/NZDUSD"": 0.7150032270701753, ""EURAUD/AUDUSD"": -0.31093367860651805}, ""entry"": 2.5, ""exit_z"": 0.5, ""nested"": ""opt2024_val2025"", ""pairs"": [""EURAUD/AUDUSD:w40"", ""AUDUSD/NZDUSD:w40""], ""risk_frac"": 0.01, ""sizing"": ""unit_residual"", ""sleeve_budget"": 0.55}",-inf,5.017848161259497e-06,0.7966188680222839,0.5,False,False,unit_residual,3.543570281599512e-05,5.017848161259497e-06
real_n2_unit_residual,"{""betas_2024"": {""AUDUSD/NZDUSD"": 0.7150032270701753, ""EURAUD/AUDUSD"": -0.31093367860651805}, ""entry"": 2.5, ""exit_z"": 0.5, ""nested"": ""opt2024_val2025"", ""pairs"": [""EURAUD/AUDUSD:w40"", ""AUDUSD/NZDUSD:w40""], ""risk_frac"": 0.01, ""sizing"": ""unit_residual"", ""sleeve_budget"": 1.0}",-inf,9.125553614042214e-06,0.7966388492775381,0.5,False,False,unit_residual,6.442307395290473e-05,9.125553614042214e-06
real_n2_unit_residual,"{""betas_2024"": {""AUDUSD/NZDUSD"": 0.7150032270701753, ""EURAUD/AUDUSD"": -0.31093367860651805}, ""entry"": 1.5, ""exit_z"": 0.2, ""nested"": ""opt2024_val2025"", ""pairs"": [""EURAUD/AUDUSD:w60"", ""AUDUSD/NZDUSD:w60""], ""risk_frac"": 0.005, ""sizing"": ""unit_residual"", ""sleeve_budget"": 0.55}",-inf,-1.129208311038965e-05,0.9162319328963262,0.5454545454545454,False,False,unit_residual,4.264639260689116e-05,-1.129208311038965e-05
real_n2_unit_residual,"{""betas_2024"": {""AUDUSD/NZDUSD"": 0.7150032270701753, ""EURAUD/AUDUSD"": -0.31093367860651805}, ""entry"": 1.5, ""exit_z"": 0.2, ""nested"": ""opt2024_val2025"", ""pairs"": [""EURAUD/AUDUSD:w60"", ""AUDUSD/NZDUSD:w60""], ""risk_frac"": 0.005, ""sizing"": ""unit_residual"", ""sleeve_budget"": 1.0}",-inf,-2.052949814330962e-05,0.9162346080630123,0.5454545454545454,False,False,unit_residual,7.752672590232257e-05,-2.052949814330962e-05
real_n2_unit_residual,"{""betas_2024"": {""AUDUSD/NZDUSD"": 0.7150032270701753, ""EURAUD/AUDUSD"": -0.31093367860651805}, ""entry"": 1.5, ""exit_z"": 0.2, ""nested"": ""opt2024_val2025"", ""pairs"": [""EURAUD/AUDUSD:w60"", ""AUDUSD/NZDUSD:w60""], ""risk_frac"": 0.0075, ""sizing"": ""unit_residual"", ""sleeve_budget"": 0.55}",-inf,-1.129208311038965e-05,0.9162319328963262,0.5454545454545454,False,False,unit_residual,4.264639260689116e-05,-1.129208311038965e-05
real_n2_unit_residual,"{""betas_2024"": {""AUDUSD/NZDUSD"": 0.7150032270701753, ""EURAUD/AUDUSD"": -0.31093367860651805}, ""entry"": 1.5, ""exit_z"": 0.2, ""nested"": ""opt2024_val2025"", ""pairs"": [""EURAUD/AUDUSD:w60"", ""AUDUSD/NZDUSD:w60""], ""risk_frac"": 0.0075, ""sizing"": ""unit_residual"", ""sleeve_budget"": 1.0}",-inf,-2.052949814330962e-05,0.9162346080630123,0.5454545454545454,False,False,unit_residual,7.752672590232257e-05,-2.052949814330962e-05
real_n2_unit_residual,"{""betas_2024"": {""AUDUSD/NZDUSD"": 0.7150032270701753, ""EURAUD/AUDUSD"": -0.31093367860651805}, ""entry"": 1.5, ""exit_z"": 0.2, ""nested"": ""opt2024_val2025"", ""pairs"": [""EURAUD/AUDUSD:w60"", ""AUDUSD/NZDUSD:w60""], ""risk_frac"": 0.01, ""sizing"": ""unit_residual"", ""sleeve_budget"": 0.55}",-inf,-3.7258077731222583e-06,0.9520818708831468,0.5,False,False,unit_residual,3.793881290673181e-05,-3.7258077731222583e-06
real_n2_unit_residual,"{""betas_2024"": {""AUDUSD/NZDUSD"": 0.7150032270701753, ""EURAUD/AUDUSD"": -0.31093367860651805}, ""entry"": 1.5, ""exit_z"": 0.2, ""nested"": ""opt2024_val2025"", ""pairs"": [""EURAUD/AUDUSD:w60"", ""AUDUSD/NZDUSD:w60""], ""risk_frac"": 0.01, ""sizing"": ""unit_residual"", ""sleeve_budget"": 1.0}",-inf,-6.7710738557436034e-06,0.9520835007871169,0.5,False,False,unit_residual,6.897108099611738e-05,-6.7710738557436034e-06
real_n2_unit_residual,"{""betas_2024"": {""AUDUSD/NZDUSD"": 0.7150032270701753, ""EURAUD/AUDUSD"": -0.31093367860651805}, ""entry"": 1.5, ""exit_z"": 0.3, ""nested"": ""opt2024_val2025"", ""pairs"": [""EURAUD/AUDUSD:w60"", ""AUDUSD/NZDUSD:w60""], ""risk_frac"": 0.005, ""sizing"": ""unit_residual"", ""sleeve_budget"": 0.55}",-inf,-8.865013144662703e-06,0.9162319959605649,0.5454545454545454,False,False,unit_residual,3.764017926358417e-05,-8.865013144662703e-06
real_n2_unit_residual,"{""betas_2024"": {""AUDUSD/NZDUSD"": 0.7150032270701753, ""EURAUD/AUDUSD"": -0.31093367860651805}, ""entry"": 1.5, ""exit_z"": 0.3, ""nested"": ""opt2024_val2025"", ""pairs"": [""EURAUD/AUDUSD:w60"", ""AUDUSD/NZDUSD:w60""], ""risk_frac"": 0.005, ""sizing"": ""unit_residual"", ""sleeve_budget"": 1.0}",-inf,-1.611640592902308e-05,0.9162347227297891,0.5454545454545454,False,False,unit_residual,6.842773891778776e-05,-1.611640592902308e-05
real_n2_unit_residual,"{""betas_2024"": {""AUDUSD/NZDUSD"": 0.7150032270701753, ""EURAUD/AUDUSD"": -0.31093367860651805}, ""entry"": 1.5, ""exit_z"": 0.3, ""nested"": ""opt2024_val2025"", ""pairs"": [""EURAUD/AUDUSD:w60"", ""AUDUSD/NZDUSD:w60""], ""risk_frac"": 0.0075, ""sizing"": ""unit_residual"", ""sleeve_budget"": 0.55}",-inf,-8.865013144662703e-06,0.9162319959605649,0.5454545454545454,False,False,unit_residual,3.764017926358417e-05,-8.865013144662703e-06
real_n2_unit_residual,"{""betas_2024"": {""AUDUSD/NZDUSD"": 0.7150032270701753, ""EURAUD/AUDUSD"": -0.31093367860651805}, ""entry"": 1.5, ""exit_z"": 0.3, ""nested"": ""opt2024_val2025"", ""pairs"": [""EURAUD/AUDUSD:w60"", ""AUDUSD/NZDUSD:w60""], ""risk_frac"": 0.0075, ""sizing"": ""unit_residual"", ""sleeve_budget"": 1.0}",-inf,-1.611640592902308e-05,0.9162347227297891,0.5454545454545454,False,False,unit_residual,6.842773891778776e-05,-1.611640592902308e-05
real_n2_unit_residual,"{""betas_2024"": {""AUDUSD/NZDUSD"": 0.7150032270701753, ""EURAUD/AUDUSD"": -0.31093367860651805}, ""entry"": 1.5, ""exit_z"": 0.3, ""nested"": ""opt2024_val2025"", ""pairs"": [""EURAUD/AUDUSD:w60"", ""AUDUSD/NZDUSD:w60""], ""risk_frac"": 0.01, ""sizing"": ""unit_residual"", ""sleeve_budget"": 0.55}",-inf,-9.922569677855986e-07,0.9520818708831468,0.5,False,False,unit_residual,3.5905700811780037e-05,-9.922569677855986e-07
real_n2_unit_residual,"{""betas_2024"": {""AUDUSD/NZDUSD"": 0.7150032270701753, ""EURAUD/AUDUSD"": -0.31093367860651805}, ""entry"": 1.5, ""exit_z"": 0.3, ""nested"": ""opt2024_val2025"", ""pairs"": [""EURAUD/AUDUSD:w60"", ""AUDUSD/NZDUSD:w60""], ""risk_frac"": 0.01, ""sizing"": ""unit_residual"", ""sleeve_budget"": 1.0}",-inf,-1.8011112281751673e-06,0.9520835007871169,0.5,False,False,unit_residual,6.527556396699027e-05,-1.8011112281751673e-06
real_n2_unit_residual,"{""betas_2024"": {""AUDUSD/NZDUSD"": 0.7150032270701753, ""EURAUD/AUDUSD"": -0.31093367860651805}, ""entry"": 1.5, ""exit_z"": 0.5, ""nested"": ""opt2024_val2025"", ""pairs"": [""EURAUD/AUDUSD:w60"", ""AUDUSD/NZDUSD:w60""], ""risk_frac"": 0.005, ""sizing"": ""unit_residual"", ""sleeve_budget"": 0.55}",-inf,-1.379190449388168e-06,0.9514317598976906,0.45454545454545453,False,False,unit_residual,2.4447259351508116e-05,-1.379190449388168e-06
real_n2_unit_residual,"{""betas_2024"": {""AUDUSD/NZDUSD"": 0.7150032270701753, ""EURAUD/AUDUSD"": -0.31093367860651805}, ""entry"": 1.5, ""exit_z"": 0.5, ""nested"": ""opt2024_val2025"", ""pairs"": [""EURAUD/AUDUSD:w60"", ""AUDUSD/NZDUSD:w60""], ""risk_frac"": 0.005, ""sizing"": ""unit_residual"", ""sleeve_budget"": 1.0}",-inf,-2.5043866581919705e-06,0.9514342411888963,0.45454545454545453,False,False,unit_residual,4.444826673424072e-05,-2.5043866581919705e-06
real_n2_unit_residual,"{""betas_2024"": {""AUDUSD/NZDUSD"": 0.7150032270701753, ""EURAUD/AUDUSD"": -0.31093367860651805}, ""entry"": 1.5, ""exit_z"": 0.5, ""nested"": ""opt2024_val2025"", ""pairs"": [""EURAUD/AUDUSD:w60"", ""AUDUSD/NZDUSD:w60""], ""risk_frac"": 0.0075, ""sizing"": ""unit_residual"", ""sleeve_budget"": 0.55}",-inf,-1.379190449388168e-06,0.9514317598976906,0.45454545454545453,False,False,unit_residual,2.4447259351508116e-05,-1.379190449388168e-06
real_n2_unit_residual,"{""betas_2024"": {""AUDUSD/NZDUSD"": 0.7150032270701753, ""EURAUD/AUDUSD"": -0.31093367860651805}, ""entry"": 1.5, ""exit_z"": 0.5, ""nested"": ""opt2024_val2025"", ""pairs"": [""EURAUD/AUDUSD:w60"", ""AUDUSD/NZDUSD:w60""], ""risk_frac"": 0.0075, ""sizing"": ""unit_residual"", ""sleeve_budget"": 1.0}",-inf,-2.5043866581919705e-06,0.9514342411888963,0.45454545454545453,False,False,unit_residual,4.444826673424072e-05,-2.5043866581919705e-06
real_n2_unit_residual,"{""betas_2024"": {""AUDUSD/NZDUSD"": 0.7150032270701753, ""EURAUD/AUDUSD"": -0.31093367860651805}, ""entry"": 1.5, ""exit_z"": 0.5, ""nested"": ""opt2024_val2025"", ""pairs"": [""EURAUD/AUDUSD:w60"", ""AUDUSD/NZDUSD:w60""], ""risk_frac"": 0.01, ""sizing"": ""unit_residual"", ""sleeve_budget"": 0.55}",-inf,7.117640416734461e-06,0.9625872506523738,0.5,False,False,unit_residual,2.263729849330795e-05,7.117640416734461e-06
real_n2_unit_residual,"{""betas_2024"": {""AUDUSD/NZDUSD"": 0.7150032270701753, ""EURAUD/AUDUSD"": -0.31093367860651805}, ""entry"": 1.5, ""exit_z"": 0.5, ""nested"": ""opt2024_val2025"", ""pairs"": [""EURAUD/AUDUSD:w60"", ""AUDUSD/NZDUSD:w60""], ""risk_frac"": 0.01, ""sizing"": ""unit_residual"", ""sleeve_budget"": 1.0}",-inf,1.2944526992436645e-05,0.9625896498178438,0.5,False,False,unit_residual,4.115830228216973e-05,1.2944526992436645e-05
real_n2_unit_residual,"{""betas_2024"": {""AUDUSD/NZDUSD"": 0.7150032270701753, ""EURAUD/AUDUSD"": -0.31093367860651805}, ""entry"": 1.75, ""exit_z"": 0.2, ""nested"": ""opt2024_val2025"", ""pairs"": [""EURAUD/AUDUSD:w60"", ""AUDUSD/NZDUSD:w60""], ""risk_frac"": 0.005, ""sizing"": ""unit_residual"", ""sleeve_budget"": 0.55}",-inf,-1.4522986885173728e-05,1.0,0.375,False,False,unit_residual,5.25619773735573e-05,-1.4522986885173728e-05
real_n2_unit_residual,"{""betas_2024"": {""AUDUSD/NZDUSD"": 0.7150032270701753, ""EURAUD/AUDUSD"": -0.31093367860651805}, ""entry"": 1.75, ""exit_z"": 0.2, ""nested"": ""opt2024_val2025"", ""pairs"": [""EURAUD/AUDUSD:w60"", ""AUDUSD/NZDUSD:w60""], ""risk_frac"": 0.005, ""sizing"": ""unit_residual"", ""sleeve_budget"": 1.0}",-inf,-2.640447498006293e-05,1.0,0.375,False,False,unit_residual,9.555226906661622e-05,-2.640447498006293e-05
real_n2_unit_residual,"{""betas_2024"": {""AUDUSD/NZDUSD"": 0.7150032270701753, ""EURAUD/AUDUSD"": -0.31093367860651805}, ""entry"": 1.75, ""exit_z"": 0.2, ""nested"": ""opt2024_val2025"", ""pairs"": [""EURAUD/AUDUSD:w60"", ""AUDUSD/NZDUSD:w60""], ""risk_frac"": 0.0075, ""sizing"": ""unit_residual"", ""sleeve_budget"": 0.55}",-inf,-1.4522986885173728e-05,1.0,0.375,False,False,unit_residual,5.25619773735573e-05,-1.4522986885173728e-05
real_n2_unit_residual,"{""betas_2024"": {""AUDUSD/NZDUSD"": 0.7150032270701753, ""EURAUD/AUDUSD"": -0.31093367860651805}, ""entry"": 1.75, ""exit_z"": 0.2, ""nested"": ""opt2024_val2025"", ""pairs"": [""EURAUD/AUDUSD:w60"", ""AUDUSD/NZDUSD:w60""], ""risk_frac"": 0.0075, ""sizing"": ""unit_residual"", ""sleeve_budget"": 1.0}",-inf,-2.640447498006293e-05,1.0,0.375,False,False,unit_residual,9.555226906661622e-05,-2.640447498006293e-05
real_n2_unit_residual,"{""betas_2024"": {""AUDUSD/NZDUSD"": 0.7150032270701753, ""EURAUD/AUDUSD"": -0.31093367860651805}, ""entry"": 1.75, ""exit_z"": 0.2, ""nested"": ""opt2024_val2025"", ""pairs"": [""EURAUD/AUDUSD:w60"", ""AUDUSD/NZDUSD:w60""], ""risk_frac"": 0.01, ""sizing"": ""unit_residual"", ""sleeve_budget"": 0.55}",-inf,-8.166869472900351e-06,1.0,0.375,False,False,unit_residual,4.864473427988105e-05,-8.166869472900351e-06
real_n2_unit_residual,"{""betas_2024"": {""AUDUSD/NZDUSD"": 0.7150032270701753, ""EURAUD/AUDUSD"": -0.31093367860651805}, ""entry"": 1.75, ""exit_z"": 0.2, ""nested"": ""opt2024_val2025"", ""pairs"": [""EURAUD/AUDUSD:w60"", ""AUDUSD/NZDUSD:w60""], ""risk_frac"": 0.01, ""sizing"": ""unit_residual"", ""sleeve_budget"": 1.0}",-inf,-1.4846154137979073e-05,1.0,0.375,False,False,unit_residual,8.843345409336279e-05,-1.4846154137979073e-05
real_n2_unit_residual,"{""betas_2024"": {""AUDUSD/NZDUSD"": 0.7150032270701753, ""EURAUD/AUDUSD"": -0.31093367860651805}, ""entry"": 1.75, ""exit_z"": 0.3, ""nested"": ""opt2024_val2025"", ""pairs"": [""EURAUD/AUDUSD:w60"", ""AUDUSD/NZDUSD:w60""], ""risk_frac"": 0.005, ""sizing"": ""unit_residual"", ""sleeve_budget"": 0.55}",-inf,-1.209594085567478e-05,1.0,0.375,False,False,unit_residual,4.0865637159719966e-05,-1.209594085567478e-05
real_n2_unit_residual,"{""betas_2024"": {""AUDUSD/NZDUSD"": 0.7150032270701753, ""EURAUD/AUDUSD"": -0.31093367860651805}, ""entry"": 1.75, ""exit_z"": 0.3, ""nested"": ""opt2024_val2025"", ""pairs"": [""EURAUD/AUDUSD:w60"", ""AUDUSD/NZDUSD:w60""], ""risk_frac"": 0.005, ""sizing"": ""unit_residual"", ""sleeve_budget"": 1.0}",-inf,-2.199133294565614e-05,1.0,0.375,False,False,unit_residual,7.429285351915035e-05,-2.199133294565614e-05
real_n2_unit_residual,"{""betas_2024"": {""AUDUSD/NZDUSD"": 0.7150032270701753, ""EURAUD/AUDUSD"": -0.31093367860651805}, ""entry"": 1.75, ""exit_z"": 0.3, ""nested"": ""opt2024_val2025"", ""pairs"": [""EURAUD/AUDUSD:w60"", ""AUDUSD/NZDUSD:w60""], ""risk_frac"": 0.0075, ""sizing"": ""unit_residual"", ""sleeve_budget"": 0.55}",-inf,-1.209594085567478e-05,1.0,0.375,False,False,unit_residual,4.0865637159719966e-05,-1.209594085567478e-05
real_n2_unit_residual,"{""betas_2024"": {""AUDUSD/NZDUSD"": 0.7150032270701753, ""EURAUD/AUDUSD"": -0.31093367860651805}, ""entry"": 1.75, ""exit_z"": 0.3, ""nested"": ""opt2024_val2025"", ""pairs"": [""EURAUD/AUDUSD:w60"", ""AUDUSD/NZDUSD:w60""], ""risk_frac"": 0.0075, ""sizing"": ""unit_residual"", ""sleeve_budget"": 1.0}",-inf,-2.199133294565614e-05,1.0,0.375,False,False,unit_residual,7.429285351915035e-05,-2.199133294565614e-05
real_n2_unit_residual,"{""betas_2024"": {""AUDUSD/NZDUSD"": 0.7150032270701753, ""EURAUD/AUDUSD"": -0.31093367860651805}, ""entry"": 1.75, ""exit_z"": 0.3, ""nested"": ""opt2024_val2025"", ""pairs"": [""EURAUD/AUDUSD:w60"", ""AUDUSD/NZDUSD:w60""], ""risk_frac"": 0.01, ""sizing"": ""unit_residual"", ""sleeve_budget"": 0.55}",-inf,-5.433416538830338e-06,1.0,0.375,False,False,unit_residual,3.9921354559496244e-05,-5.433416538830338e-06
real_n2_unit_residual,"{""betas_2024"": {""AUDUSD/NZDUSD"": 0.7150032270701753, ""EURAUD/AUDUSD"": -0.31093367860651805}, ""entry"": 1.75, ""exit_z"": 0.3, ""nested"": ""opt2024_val2025"", ""pairs"": [""EURAUD/AUDUSD:w60"", ""AUDUSD/NZDUSD:w60""], ""risk_frac"": 0.01, ""sizing"": ""unit_residual"", ""sleeve_budget"": 1.0}",-inf,-9.876224978333514e-06,1.0,0.375,False,False,unit_residual,7.257704597952618e-05,-9.876224978333514e-06
real_n2_unit_residual,"{""betas_2024"": {""AUDUSD/NZDUSD"": 0.7150032270701753, ""EURAUD/AUDUSD"": -0.31093367860651805}, ""entry"": 1.75, ""exit_z"": 0.5, ""nested"": ""opt2024_val2025"", ""pairs"": [""EURAUD/AUDUSD:w60"", ""AUDUSD/NZDUSD:w60""], ""risk_frac"": 0.005, ""sizing"": ""unit_residual"", ""sleeve_budget"": 0.55}",-inf,-5.431778799164233e-06,1.0,0.375,False,False,unit_residual,2.8659285072028176e-05,-5.431778799164233e-06
real_n2_unit_residual,"{""betas_2024"": {""AUDUSD/NZDUSD"": 0.7150032270701753, ""EURAUD/AUDUSD"": -0.31093367860651805}, ""entry"": 1.75, ""exit_z"": 0.5, ""nested"": ""opt2024_val2025"", ""pairs"": [""EURAUD/AUDUSD:w60"", ""AUDUSD/NZDUSD:w60""], ""risk_frac"": 0.005, ""sizing"": ""unit_residual"", ""sleeve_budget"": 1.0}",-inf,-9.872902545227102e-06,1.0,0.375,False,False,unit_residual,5.210588262230783e-05,-9.872902545227102e-06
real_n2_unit_residual,"{""betas_2024"": {""AUDUSD/NZDUSD"": 0.7150032270701753, ""EURAUD/AUDUSD"": -0.31093367860651805}, ""entry"": 1.75, ""exit_z"": 0.5, ""nested"": ""opt2024_val2025"", ""pairs"": [""EURAUD/AUDUSD:w60"", ""AUDUSD/NZDUSD:w60""], ""risk_frac"": 0.0075, ""sizing"": ""unit_residual"", ""sleeve_budget"": 0.55}",-inf,-5.431778799164233e-06,1.0,0.375,False,False,unit_residual,2.8659285072028176e-05,-5.431778799164233e-06
real_n2_unit_residual,"{""betas_2024"": {""AUDUSD/NZDUSD"": 0.7150032270701753, ""EURAUD/AUDUSD"": -0.31093367860651805}, ""entry"": 1.75, ""exit_z"": 0.5, ""nested"": ""opt2024_val2025"", ""pairs"": [""EURAUD/AUDUSD:w60"", ""AUDUSD/NZDUSD:w60""], ""risk_frac"": 0.0075, ""sizing"": ""unit_residual"", ""sleeve_budget"": 1.0}",-inf,-9.872902545227102e-06,1.0,0.375,False,False,unit_residual,5.210588262230783e-05,-9.872902545227102e-06
real_n2_unit_residual,"{""betas_2024"": {""AUDUSD/NZDUSD"": 0.7150032270701753, ""EURAUD/AUDUSD"": -0.31093367860651805}, ""entry"": 1.75, ""exit_z"": 0.5, ""nested"": ""opt2024_val2025"", ""pairs"": [""EURAUD/AUDUSD:w60"", ""AUDUSD/NZDUSD:w60""], ""risk_frac"": 0.01, ""sizing"": ""unit_residual"", ""sleeve_budget"": 0.55}",-inf,9.8213396695912e-07,1.0,0.375,False,False,unit_residual,2.7639499935450118e-05,9.8213396695912e-07
real_n2_unit_residual,"{""betas_2024"": {""AUDUSD/NZDUSD"": 0.7150032270701753, ""EURAUD/AUDUSD"": -0.31093367860651805}, ""entry"": 1.75, ""exit_z"": 0.5, ""nested"": ""opt2024_val2025"", ""pairs"": [""EURAUD/AUDUSD:w60"", ""AUDUSD/NZDUSD:w60""], ""risk_frac"": 0.01, ""sizing"": ""unit_residual"", ""sleeve_budget"": 1.0}",-inf,1.789473867391811e-06,1.0,0.375,False,False,unit_residual,5.025248253557021e-05,1.789473867391811e-06
real_n2_unit_residual,"{""betas_2024"": {""AUDUSD/NZDUSD"": 0.7150032270701753, ""EURAUD/AUDUSD"": -0.31093367860651805}, ""entry"": 2.0, ""exit_z"": 0.2, ""nested"": ""opt2024_val2025"", ""pairs"": [""EURAUD/AUDUSD:w60"", ""AUDUSD/NZDUSD:w60""], ""risk_frac"": 0.005, ""sizing"": ""unit_residual"", ""sleeve_budget"": 0.55}",-inf,-1.0986783501878983e-05,1.0,0.375,False,False,unit_residual,5.907586515810611e-05,-1.0986783501878983e-05
real_n2_unit_residual,"{""betas_2024"": {""AUDUSD/NZDUSD"": 0.7150032270701753, ""EURAUD/AUDUSD"": -0.31093367860651805}, ""entry"": 2.0, ""exit_z"": 0.2, ""nested"": ""opt2024_val2025"", ""pairs"": [""EURAUD/AUDUSD:w60"", ""AUDUSD/NZDUSD:w60""], ""risk_frac"": 0.005, ""sizing"": ""unit_residual"", ""sleeve_budget"": 1.0}",-inf,-1.997465895203776e-05,1.0,0.375,False,False,unit_residual,0.00010738954276912072,-1.997465895203776e-05
real_n2_unit_residual,"{""betas_2024"": {""AUDUSD/NZDUSD"": 0.7150032270701753, ""EURAUD/AUDUSD"": -0.31093367860651805}, ""entry"": 2.0, ""exit_z"": 0.2, ""nested"": ""opt2024_val2025"", ""pairs"": [""EURAUD/AUDUSD:w60"", ""AUDUSD/NZDUSD:w60""], ""risk_frac"": 0.0075, ""sizing"": ""unit_residual"", ""sleeve_budget"": 0.55}",-inf,-1.0986783501878983e-05,1.0,0.375,False,False,unit_residual,5.907586515810611e-05,-1.0986783501878983e-05
real_n2_unit_residual,"{""betas_2024"": {""AUDUSD/NZDUSD"": 0.7150032270701753, ""EURAUD/AUDUSD"": -0.31093367860651805}, ""entry"": 2.0, ""exit_z"": 0.2, ""nested"": ""opt2024_val2025"", ""pairs"": [""EURAUD/AUDUSD:w60"", ""AUDUSD/NZDUSD:w60""], ""risk_frac"": 0.0075, ""sizing"": ""unit_residual"", ""sleeve_budget"": 1.0}",-inf,-1.997465895203776e-05,1.0,0.375,False,False,unit_residual,0.00010738954276912072,-1.997465895203776e-05
real_n2_unit_residual,"{""betas_2024"": {""AUDUSD/NZDUSD"": 0.7150032270701753, ""EURAUD/AUDUSD"": -0.31093367860651805}, ""entry"": 2.0, ""exit_z"": 0.2, ""nested"": ""opt2024_val2025"", ""pairs"": [""EURAUD/AUDUSD:w60"", ""AUDUSD/NZDUSD:w60""], ""risk_frac"": 0.01, ""sizing"": ""unit_residual"", ""sleeve_budget"": 0.55}",-inf,9.571476154116021e-06,0.7932906793851098,0.5,False,False,unit_residual,5.472204645690598e-05,9.571476154116021e-06
real_n2_unit_residual,"{""betas_2024"": {""AUDUSD/NZDUSD"": 0.7150032270701753, ""EURAUD/AUDUSD"": -0.31093367860651805}, ""entry"": 2.0, ""exit_z"": 0.2, ""nested"": ""opt2024_val2025"", ""pairs"": [""EURAUD/AUDUSD:w60"", ""AUDUSD/NZDUSD:w60""], ""risk_frac"": 0.01, ""sizing"": ""unit_residual"", ""sleeve_budget"": 1.0}",-inf,1.740582148541947e-05,0.7932871995032846,0.5,False,False,unit_residual,9.947760410257033e-05,1.740582148541947e-05
real_n2_unit_residual,"{""betas_2024"": {""AUDUSD/NZDUSD"": 0.7150032270701753, ""EURAUD/AUDUSD"": -0.31093367860651805}, ""entry"": 2.0, ""exit_z"": 0.3, ""nested"": ""opt2024_val2025"", ""pairs"": [""EURAUD/AUDUSD:w60"", ""AUDUSD/NZDUSD:w60""], ""risk_frac"": 0.005, ""sizing"": ""unit_residual"", ""sleeve_budget"": 0.55}",-inf,-7.930684692875056e-06,1.0,0.375,False,False,unit_residual,4.644397895277445e-05,-7.930684692875056e-06
real_n2_unit_residual,"{""betas_2024"": {""AUDUSD/NZDUSD"": 0.7150032270701753, ""EURAUD/AUDUSD"": -0.31093367860651805}, ""entry"": 2.0, ""exit_z"": 0.3, ""nested"": ""opt2024_val2025"", ""pairs"": [""EURAUD/AUDUSD:w60"", ""AUDUSD/NZDUSD:w60""], ""risk_frac"": 0.005, ""sizing"": ""unit_residual"", ""sleeve_budget"": 1.0}",-inf,-1.441782742325759e-05,1.0,0.375,False,False,unit_residual,8.443177540986355e-05,-1.441782742325759e-05
real_n2_unit_residual,"{""betas_2024"": {""AUDUSD/NZDUSD"": 0.7150032270701753, ""EURAUD/AUDUSD"": -0.31093367860651805}, ""entry"": 2.0, ""exit_z"": 0.3, ""nested"": ""opt2024_val2025"", ""pairs"": [""EURAUD/AUDUSD:w60"", ""AUDUSD/NZDUSD:w60""], ""risk_frac"": 0.0075, ""sizing"": ""unit_residual"", ""sleeve_budget"": 0.55}",-inf,-7.930684692875056e-06,1.0,0.375,False,False,unit_residual,4.644397895277445e-05,-7.930684692875056e-06
real_n2_unit_residual,"{""betas_2024"": {""AUDUSD/NZDUSD"": 0.7150032270701753, ""EURAUD/AUDUSD"": -0.31093367860651805}, ""entry"": 2.0, ""exit_z"": 0.3, ""nested"": ""opt2024_val2025"", ""pairs"": [""EURAUD/AUDUSD:w60"", ""AUDUSD/NZDUSD:w60""], ""risk_frac"": 0.0075, ""sizing"": ""unit_residual"", ""sleeve_budget"": 1.0}",-inf,-1.441782742325759e-05,1.0,0.375,False,False,unit_residual,8.443177540986355e-05,-1.441782742325759e-05
real_n2_unit_residual,"{""betas_2024"": {""AUDUSD/NZDUSD"": 0.7150032270701753, ""EURAUD/AUDUSD"": -0.31093367860651805}, ""entry"": 2.0, ""exit_z"": 0.3, ""nested"": ""opt2024_val2025"", ""pairs"": [""EURAUD/AUDUSD:w60"", ""AUDUSD/NZDUSD:w60""], ""risk_frac"": 0.01, ""sizing"": ""unit_residual"", ""sleeve_budget"": 0.55}",-inf,1.397535890935997e-05,0.7932906793851098,0.5,False,False,unit_residual,4.612887421451273e-05,1.397535890935997e-05
real_n2_unit_residual,"{""betas_2024"": {""AUDUSD/NZDUSD"": 0.7150032270701753, ""EURAUD/AUDUSD"": -0.31093367860651805}, ""entry"": 2.0, ""exit_z"": 0.3, ""nested"": ""opt2024_val2025"", ""pairs"": [""EURAUD/AUDUSD:w60"", ""AUDUSD/NZDUSD:w60""], ""risk_frac"": 0.01, ""sizing"": ""unit_residual"", ""sleeve_budget"": 1.0}",-inf,2.5411975346972815e-05,0.7932871995032846,0.5,False,False,unit_residual,8.385893810286034e-05,2.5411975346972815e-05
real_n2_unit_residual,"{""betas_2024"": {""AUDUSD/NZDUSD"": 0.7150032270701753, ""EURAUD/AUDUSD"": -0.31093367860651805}, ""entry"": 2.0, ""exit_z"": 0.5, ""nested"": ""opt2024_val2025"", ""pairs"": [""EURAUD/AUDUSD:w60"", ""AUDUSD/NZDUSD:w60""], ""risk_frac"": 0.005, ""sizing"": ""unit_residual"", ""sleeve_budget"": 0.55}",-inf,-1.2682942809733033e-06,0.9994848864323181,0.5,False,False,unit_residual,3.4238441157564594e-05,-1.2682942809733033e-06
real_n2_unit_residual,"{""betas_2024"": {""AUDUSD/NZDUSD"": 0.7150032270701753, ""EURAUD/AUDUSD"": -0.31093367860651805}, ""entry"": 2.0, ""exit_z"": 0.5, ""nested"": ""opt2024_val2025"", ""pairs"": [""EURAUD/AUDUSD:w60"", ""AUDUSD/NZDUSD:w60""], ""risk_frac"": 0.005, ""sizing"": ""unit_residual"", ""sleeve_budget"": 1.0}",-inf,-2.3029683618863706e-06,0.9994849409186182,0.5,False,False,unit_residual,6.224754210107627e-05,-2.3029683618863706e-06
real_n2_unit_residual,"{""betas_2024"": {""AUDUSD/NZDUSD"": 0.7150032270701753, ""EURAUD/AUDUSD"": -0.31093367860651805}, ""entry"": 2.0, ""exit_z"": 0.5, ""nested"": ""opt2024_val2025"", ""pairs"": [""EURAUD/AUDUSD:w60"", ""AUDUSD/NZDUSD:w60""], ""risk_frac"": 0.0075, ""sizing"": ""unit_residual"", ""sleeve_budget"": 0.55}",-inf,-1.2682942809733033e-06,0.9994848864323181,0.5,False,False,unit_residual,3.4238441157564594e-05,-1.2682942809733033e-06
real_n2_unit_residual,"{""betas_2024"": {""AUDUSD/NZDUSD"": 0.7150032270701753, ""EURAUD/AUDUSD"": -0.31093367860651805}, ""entry"": 2.0, ""exit_z"": 0.5, ""nested"": ""opt2024_val2025"", ""pairs"": [""EURAUD/AUDUSD:w60"", ""AUDUSD/NZDUSD:w60""], ""risk_frac"": 0.0075, ""sizing"": ""unit_residual"", ""sleeve_budget"": 1.0}",-inf,-2.3029683618863706e-06,0.9994849409186182,0.5,False,False,unit_residual,6.224754210107627e-05,-2.3029683618863706e-06
real_n2_unit_residual,"{""betas_2024"": {""AUDUSD/NZDUSD"": 0.7150032270701753, ""EURAUD/AUDUSD"": -0.31093367860651805}, ""entry"": 2.0, ""exit_z"": 0.5, ""nested"": ""opt2024_val2025"", ""pairs"": [""EURAUD/AUDUSD:w60"", ""AUDUSD/NZDUSD:w60""], ""risk_frac"": 0.01, ""sizing"": ""unit_residual"", ""sleeve_budget"": 0.55}",-inf,2.0387941470439985e-05,0.8778335460670103,0.5,False,False,unit_residual,3.384788064783343e-05,2.0387941470439985e-05
real_n2_unit_residual,"{""betas_2024"": {""AUDUSD/NZDUSD"": 0.7150032270701753, ""EURAUD/AUDUSD"": -0.31093367860651805}, ""entry"": 2.0, ""exit_z"": 0.5, ""nested"": ""opt2024_val2025"", ""pairs"": [""EURAUD/AUDUSD:w60"", ""AUDUSD/NZDUSD:w60""], ""risk_frac"": 0.01, ""sizing"": ""unit_residual"", ""sleeve_budget"": 1.0}",-inf,3.707014835876987e-05,0.8778319884248105,0.5,False,False,unit_residual,6.15372707805297e-05,3.707014835876987e-05
real_n2_unit_residual,"{""betas_2024"": {""AUDUSD/NZDUSD"": 0.7150032270701753, ""EURAUD/AUDUSD"": -0.31093367860651805}, ""entry"": 2.25, ""exit_z"": 0.2, ""nested"": ""opt2024_val2025"", ""pairs"": [""EURAUD/AUDUSD:w60"", ""AUDUSD/NZDUSD:w60""], ""risk_frac"": 0.005, ""sizing"": ""unit_residual"", ""sleeve_budget"": 0.55}",-inf,-1.2570127318631275e-05,1.0,0.375,False,False,unit_residual,4.3696383803324615e-05,-1.2570127318631275e-05
real_n2_unit_residual,"{""betas_2024"": {""AUDUSD/NZDUSD"": 0.7150032270701753, ""EURAUD/AUDUSD"": -0.31093367860651805}, ""entry"": 2.25, ""exit_z"": 0.2, ""nested"": ""opt2024_val2025"", ""pairs"": [""EURAUD/AUDUSD:w60"", ""AUDUSD/NZDUSD:w60""], ""risk_frac"": 0.005, ""sizing"": ""unit_residual"", ""sleeve_budget"": 1.0}",-inf,-2.2853738054787187e-05,1.0,0.375,False,False,unit_residual,7.943807917428062e-05,-2.2853738054787187e-05
real_n2_unit_residual,"{""betas_2024"": {""AUDUSD/NZDUSD"": 0.7150032270701753, ""EURAUD/AUDUSD"": -0.31093367860651805}, ""entry"": 2.25, ""exit_z"": 0.2, ""nested"": ""opt2024_val2025"", ""pairs"": [""EURAUD/AUDUSD:w60"", ""AUDUSD/NZDUSD:w60""], ""risk_frac"": 0.0075, ""sizing"": ""unit_residual"", ""sleeve_budget"": 0.55}",-inf,-1.2570127318631275e-05,1.0,0.375,False,False,unit_residual,4.3696383803324615e-05,-1.2570127318631275e-05
real_n2_unit_residual,"{""betas_2024"": {""AUDUSD/NZDUSD"": 0.7150032270701753, ""EURAUD/AUDUSD"": -0.31093367860651805}, ""entry"": 2.25, ""exit_z"": 0.2, ""nested"": ""opt2024_val2025"", ""pairs"": [""EURAUD/AUDUSD:w60"", ""AUDUSD/NZDUSD:w60""], ""risk_frac"": 0.0075, ""sizing"": ""unit_residual"", ""sleeve_budget"": 1.0}",-inf,-2.2853738054787187e-05,1.0,0.375,False,False,unit_residual,7.943807917428062e-05,-2.2853738054787187e-05
real_n2_unit_residual,"{""betas_2024"": {""AUDUSD/NZDUSD"": 0.7150032270701753, ""EURAUD/AUDUSD"": -0.31093367860651805}, ""entry"": 2.25, ""exit_z"": 0.2, ""nested"": ""opt2024_val2025"", ""pairs"": [""EURAUD/AUDUSD:w60"", ""AUDUSD/NZDUSD:w60""], ""risk_frac"": 0.01, ""sizing"": ""unit_residual"", ""sleeve_budget"": 0.55}",-inf,2.235319090451715e-06,0.9158457100776112,0.5,False,False,unit_residual,4.030229703416205e-05,2.235319090451715e-06
real_n2_unit_residual,"{""betas_2024"": {""AUDUSD/NZDUSD"": 0.7150032270701753, ""EURAUD/AUDUSD"": -0.31093367860651805}, ""entry"": 2.25, ""exit_z"": 0.2, ""nested"": ""opt2024_val2025"", ""pairs"": [""EURAUD/AUDUSD:w60"", ""AUDUSD/NZDUSD:w60""], ""risk_frac"": 0.01, ""sizing"": ""unit_residual"", ""sleeve_budget"": 1.0}",-inf,4.0674859013156706e-06,0.9158472950992101,0.5,False,False,unit_residual,7.326900804939151e-05,4.0674859013156706e-06
real_n2_unit_residual,"{""betas_2024"": {""AUDUSD/NZDUSD"": 0.7150032270701753, ""EURAUD/AUDUSD"": -0.31093367860651805}, ""entry"": 2.25, ""exit_z"": 0.3, ""nested"": ""opt2024_val2025"", ""pairs"": [""EURAUD/AUDUSD:w60"", ""AUDUSD/NZDUSD:w60""], ""risk_frac"": 0.005, ""sizing"": ""unit_residual"", ""sleeve_budget"": 0.55}",-inf,-9.613838276315012e-06,1.0,0.375,False,False,unit_residual,3.162747619850864e-05,-9.613838276315012e-06
real_n2_unit_residual,"{""betas_2024"": {""AUDUSD/NZDUSD"": 0.7150032270701753, ""EURAUD/AUDUSD"": -0.31093367860651805}, ""entry"": 2.25, ""exit_z"": 0.3, ""nested"": ""opt2024_val2025"", ""pairs"": [""EURAUD/AUDUSD:w60"", ""AUDUSD/NZDUSD:w60""], ""risk_frac"": 0.005, ""sizing"": ""unit_residual"", ""sleeve_budget"": 1.0}",-inf,-1.747833252929709e-05,1.0,0.375,False,False,unit_residual,5.749986706533998e-05,-1.747833252929709e-05
real_n2_unit_residual,"{""betas_2024"": {""AUDUSD/NZDUSD"": 0.7150032270701753, ""EURAUD/AUDUSD"": -0.31093367860651805}, ""entry"": 2.25, ""exit_z"": 0.3, ""nested"": ""opt2024_val2025"", ""pairs"": [""EURAUD/AUDUSD:w60"", ""AUDUSD/NZDUSD:w60""], ""risk_frac"": 0.0075, ""sizing"": ""unit_residual"", ""sleeve_budget"": 0.55}",-inf,-9.613838276315012e-06,1.0,0.375,False,False,unit_residual,3.162747619850864e-05,-9.613838276315012e-06
real_n2_unit_residual,"{""betas_2024"": {""AUDUSD/NZDUSD"": 0.7150032270701753, ""EURAUD/AUDUSD"": -0.31093367860651805}, ""entry"": 2.25, ""exit_z"": 0.3, ""nested"": ""opt2024_val2025"", ""pairs"": [""EURAUD/AUDUSD:w60"", ""AUDUSD/NZDUSD:w60""], ""risk_frac"": 0.0075, ""sizing"": ""unit_residual"", ""sleeve_budget"": 1.0}",-inf,-1.747833252929709e-05,1.0,0.375,False,False,unit_residual,5.749986706533998e-05,-1.747833252929709e-05
real_n2_unit_residual,"{""betas_2024"": {""AUDUSD/NZDUSD"": 0.7150032270701753, ""EURAUD/AUDUSD"": -0.31093367860651805}, ""entry"": 2.25, ""exit_z"": 0.3, ""nested"": ""opt2024_val2025"", ""pairs"": [""EURAUD/AUDUSD:w60"", ""AUDUSD/NZDUSD:w60""], ""risk_frac"": 0.01, ""sizing"": ""unit_residual"", ""sleeve_budget"": 0.55}",-inf,7.261583812229189e-06,0.9158457100776112,0.5,False,False,unit_residual,2.823293884391852e-05,7.261583812229189e-06
real_n2_unit_residual,"{""betas_2024"": {""AUDUSD/NZDUSD"": 0.7150032270701753, ""EURAUD/AUDUSD"": -0.31093367860651805}, ""entry"": 2.25, ""exit_z"": 0.3, ""nested"": ""opt2024_val2025"", ""pairs"": [""EURAUD/AUDUSD:w60"", ""AUDUSD/NZDUSD:w60""], ""risk_frac"": 0.01, ""sizing"": ""unit_residual"", ""sleeve_budget"": 1.0}",-inf,1.3205553992243213e-05,0.9158472950992101,0.5,False,False,unit_residual,5.132930725848528e-05,1.3205553992243213e-05
real_n2_unit_residual,"{""betas_2024"": {""AUDUSD/NZDUSD"": 0.7150032270701753, ""EURAUD/AUDUSD"": -0.31093367860651805}, ""entry"": 2.25, ""exit_z"": 0.5, ""nested"": ""opt2024_val2025"", ""pairs"": [""EURAUD/AUDUSD:w60"", ""AUDUSD/NZDUSD:w60""], ""risk_frac"": 0.005, ""sizing"": ""unit_residual"", ""sleeve_budget"": 0.55}",-inf,-4.5316839664966135e-06,1.0,0.25,False,False,unit_residual,1.982246632282646e-05,-4.5316839664966135e-06
real_n2_unit_residual,"{""betas_2024"": {""AUDUSD/NZDUSD"": 0.7150032270701753, ""EURAUD/AUDUSD"": -0.31093367860651805}, ""entry"": 2.25, ""exit_z"": 0.5, ""nested"": ""opt2024_val2025"", ""pairs"": [""EURAUD/AUDUSD:w60"", ""AUDUSD/NZDUSD:w60""], ""risk_frac"": 0.005, ""sizing"": ""unit_residual"", ""sleeve_budget"": 1.0}",-inf,-8.236695147698092e-06,1.0,0.25,False,False,unit_residual,3.604084846689756e-05,-8.236695147698092e-06
real_n2_unit_residual,"{""betas_2024"": {""AUDUSD/NZDUSD"": 0.7150032270701753, ""EURAUD/AUDUSD"": -0.31093367860651805}, ""entry"": 2.25, ""exit_z"": 0.5, ""nested"": ""opt2024_val2025"", ""pairs"": [""EURAUD/AUDUSD:w60"", ""AUDUSD/NZDUSD:w60""], ""risk_frac"": 0.0075, ""sizing"": ""unit_residual"", ""sleeve_budget"": 0.55}",-inf,-4.5316839664966135e-06,1.0,0.25,False,False,unit_residual,1.982246632282646e-05,-4.5316839664966135e-06
real_n2_unit_residual,"{""betas_2024"": {""AUDUSD/NZDUSD"": 0.7150032270701753, ""EURAUD/AUDUSD"": -0.31093367860651805}, ""entry"": 2.25, ""exit_z"": 0.5, ""nested"": ""opt2024_val2025"", ""pairs"": [""EURAUD/AUDUSD:w60"", ""AUDUSD/NZDUSD:w60""], ""risk_frac"": 0.0075, ""sizing"": ""unit_residual"", ""sleeve_budget"": 1.0}",-inf,-8.236695147698092e-06,1.0,0.25,False,False,unit_residual,3.604084846689756e-05,-8.236695147698092e-06
real_n2_unit_residual,"{""betas_2024"": {""AUDUSD/NZDUSD"": 0.7150032270701753, ""EURAUD/AUDUSD"": -0.31093367860651805}, ""entry"": 2.25, ""exit_z"": 0.5, ""nested"": ""opt2024_val2025"", ""pairs"": [""EURAUD/AUDUSD:w60"", ""AUDUSD/NZDUSD:w60""], ""risk_frac"": 0.01, ""sizing"": ""unit_residual"", ""sleeve_budget"": 0.55}",-inf,1.2262226208412108e-05,1.0,0.375,False,False,unit_residual,1.6352028191411108e-05,1.2262226208412108e-05
real_n2_unit_residual,"{""betas_2024"": {""AUDUSD/NZDUSD"": 0.7150032270701753, ""EURAUD/AUDUSD"": -0.31093367860651805}, ""entry"": 2.25, ""exit_z"": 0.5, ""nested"": ""opt2024_val2025"", ""pairs"": [""EURAUD/AUDUSD:w60"", ""AUDUSD/NZDUSD:w60""], ""risk_frac"": 0.01, ""sizing"": ""unit_residual"", ""sleeve_budget"": 1.0}",-inf,2.2297454219166735e-05,1.0,0.375,False,False,unit_residual,2.973143163535626e-05,2.2297454219166735e-05
real_n2_unit_residual,"{""betas_2024"": {""AUDUSD/NZDUSD"": 0.7150032270701753, ""EURAUD/AUDUSD"": -0.31093367860651805}, ""entry"": 2.5, ""exit_z"": 0.2, ""nested"": ""opt2024_val2025"", ""pairs"": [""EURAUD/AUDUSD:w60"", ""AUDUSD/NZDUSD:w60""], ""risk_frac"": 0.005, ""sizing"": ""unit_residual"", ""sleeve_budget"": 0.55}",-inf,-1.2570152347027297e-05,1.0,0.375,False,False,unit_residual,3.770175678501958e-05,-1.2570152347027297e-05
real_n2_unit_residual,"{""betas_2024"": {""AUDUSD/NZDUSD"": 0.7150032270701753, ""EURAUD/AUDUSD"": -0.31093367860651805}, ""entry"": 2.5, ""exit_z"": 0.2, ""nested"": ""opt2024_val2025"", ""pairs"": [""EURAUD/AUDUSD:w60"", ""AUDUSD/NZDUSD:w60""], ""risk_frac"": 0.005, ""sizing"": ""unit_residual"", ""sleeve_budget"": 1.0}",-inf,-2.2853783562731822e-05,1.0,0.375,False,False,unit_residual,6.854261073156605e-05,-2.2853783562731822e-05
real_n2_unit_residual,"{""betas_2024"": {""AUDUSD/NZDUSD"": 0.7150032270701753, ""EURAUD/AUDUSD"": -0.31093367860651805}, ""entry"": 2.5, ""exit_z"": 0.2, ""nested"": ""opt2024_val2025"", ""pairs"": [""EURAUD/AUDUSD:w60"", ""AUDUSD/NZDUSD:w60""], ""risk_frac"": 0.0075, ""sizing"": ""unit_residual"", ""sleeve_budget"": 0.55}",-inf,-1.2570152347027297e-05,1.0,0.375,False,False,unit_residual,3.770175678501958e-05,-1.2570152347027297e-05
real_n2_unit_residual,"{""betas_2024"": {""AUDUSD/NZDUSD"": 0.7150032270701753, ""EURAUD/AUDUSD"": -0.31093367860651805}, ""entry"": 2.5, ""exit_z"": 0.2, ""nested"": ""opt2024_val2025"", ""pairs"": [""EURAUD/AUDUSD:w60"", ""AUDUSD/NZDUSD:w60""], ""risk_frac"": 0.0075, ""sizing"": ""unit_residual"", ""sleeve_budget"": 1.0}",-inf,-2.2853783562731822e-05,1.0,0.375,False,False,unit_residual,6.854261073156605e-05,-2.2853783562731822e-05
real_n2_unit_residual,"{""betas_2024"": {""AUDUSD/NZDUSD"": 0.7150032270701753, ""EURAUD/AUDUSD"": -0.31093367860651805}, ""entry"": 2.5, ""exit_z"": 0.2, ""nested"": ""opt2024_val2025"", ""pairs"": [""EURAUD/AUDUSD:w60"", ""AUDUSD/NZDUSD:w60""], ""risk_frac"": 0.01, ""sizing"": ""unit_residual"", ""sleeve_budget"": 0.55}",-inf,2.2353095739668927e-06,0.9158457186656255,0.5,False,False,unit_residual,3.22170515963545e-05,2.2353095739668927e-06
real_n2_unit_residual,"{""betas_2024"": {""AUDUSD/NZDUSD"": 0.7150032270701753, ""EURAUD/AUDUSD"": -0.31093367860651805}, ""entry"": 2.5, ""exit_z"": 0.2, ""nested"": ""opt2024_val2025"", ""pairs"": [""EURAUD/AUDUSD:w60"", ""AUDUSD/NZDUSD:w60""], ""risk_frac"": 0.01, ""sizing"": ""unit_residual"", ""sleeve_budget"": 1.0}",-inf,4.067468596269386e-06,0.9158473036900817,0.5,False,False,unit_residual,5.857294806172425e-05,4.067468596269386e-06
real_n2_unit_residual,"{""betas_2024"": {""AUDUSD/NZDUSD"": 0.7150032270701753, ""EURAUD/AUDUSD"": -0.31093367860651805}, ""entry"": 2.5, ""exit_z"": 0.3, ""nested"": ""opt2024_val2025"", ""pairs"": [""EURAUD/AUDUSD:w60"", ""AUDUSD/NZDUSD:w60""], ""risk_frac"": 0.005, ""sizing"": ""unit_residual"", ""sleeve_budget"": 0.55}",-inf,-7.954184633909844e-06,1.0,0.375,False,False,unit_residual,2.563205318335941e-05,-7.954184633909844e-06
real_n2_unit_residual,"{""betas_2024"": {""AUDUSD/NZDUSD"": 0.7150032270701753, ""EURAUD/AUDUSD"": -0.31093367860651805}, ""entry"": 2.5, ""exit_z"": 0.3, ""nested"": ""opt2024_val2025"", ""pairs"": [""EURAUD/AUDUSD:w60"", ""AUDUSD/NZDUSD:w60""], ""risk_frac"": 0.005, ""sizing"": ""unit_residual"", ""sleeve_budget"": 1.0}",-inf,-1.4460612666272743e-05,1.0,0.375,False,False,unit_residual,4.6601768349474604e-05,-1.4460612666272743e-05
real_n2_unit_residual,"{""betas_2024"": {""AUDUSD/NZDUSD"": 0.7150032270701753, ""EURAUD/AUDUSD"": -0.31093367860651805}, ""entry"": 2.5, ""exit_z"": 0.3, ""nested"": ""opt2024_val2025"", ""pairs"": [""EURAUD/AUDUSD:w60"", ""AUDUSD/NZDUSD:w60""], ""risk_frac"": 0.0075, ""sizing"": ""unit_residual"", ""sleeve_budget"": 0.55}",-inf,-7.954184633909844e-06,1.0,0.375,False,False,unit_residual,2.563205318335941e-05,-7.954184633909844e-06
real_n2_unit_residual,"{""betas_2024"": {""AUDUSD/NZDUSD"": 0.7150032270701753, ""EURAUD/AUDUSD"": -0.31093367860651805}, ""entry"": 2.5, ""exit_z"": 0.3, ""nested"": ""opt2024_val2025"", ""pairs"": [""EURAUD/AUDUSD:w60"", ""AUDUSD/NZDUSD:w60""], ""risk_frac"": 0.0075, ""sizing"": ""unit_residual"", ""sleeve_budget"": 1.0}",-inf,-1.4460612666272743e-05,1.0,0.375,False,False,unit_residual,4.6601768349474604e-05,-1.4460612666272743e-05
real_n2_unit_residual,"{""betas_2024"": {""AUDUSD/NZDUSD"": 0.7150032270701753, ""EURAUD/AUDUSD"": -0.31093367860651805}, ""entry"": 2.5, ""exit_z"": 0.3, ""nested"": ""opt2024_val2025"", ""pairs"": [""EURAUD/AUDUSD:w60"", ""AUDUSD/NZDUSD:w60""], ""risk_frac"": 0.01, ""sizing"": ""unit_residual"", ""sleeve_budget"": 0.55}",-inf,1.2929930275698553e-05,0.9158457186656255,0.5,False,False,unit_residual,2.0146619772040434e-05,1.2929930275698553e-05
real_n2_unit_residual,"{""betas_2024"": {""AUDUSD/NZDUSD"": 0.7150032270701753, ""EURAUD/AUDUSD"": -0.31093367860651805}, ""entry"": 2.5, ""exit_z"": 0.3, ""nested"": ""opt2024_val2025"", ""pairs"": [""EURAUD/AUDUSD:w60"", ""AUDUSD/NZDUSD:w60""], ""risk_frac"": 0.01, ""sizing"": ""unit_residual"", ""sleeve_budget"": 1.0}",-inf,2.35107676130053e-05,0.9158473036900817,0.5,False,False,unit_residual,3.6629699291432985e-05,2.35107676130053e-05
real_n2_unit_residual,"{""betas_2024"": {""AUDUSD/NZDUSD"": 0.7150032270701753, ""EURAUD/AUDUSD"": -0.31093367860651805}, ""entry"": 2.5, ""exit_z"": 0.5, ""nested"": ""opt2024_val2025"", ""pairs"": [""EURAUD/AUDUSD:w60"", ""AUDUSD/NZDUSD:w60""], ""risk_frac"": 0.005, ""sizing"": ""unit_residual"", ""sleeve_budget"": 0.55}",-inf,-2.8721150766852777e-06,1.0,0.25,False,False,unit_residual,1.794811286837117e-05,-2.8721150766852777e-06
real_n2_unit_residual,"{""betas_2024"": {""AUDUSD/NZDUSD"": 0.7150032270701753, ""EURAUD/AUDUSD"": -0.31093367860651805}, ""entry"": 2.5, ""exit_z"": 0.5, ""nested"": ""opt2024_val2025"", ""pairs"": [""EURAUD/AUDUSD:w60"", ""AUDUSD/NZDUSD:w60""], ""risk_frac"": 0.005, ""sizing"": ""unit_residual"", ""sleeve_budget"": 1.0}",-inf,-5.219246745180595e-06,1.0,0.25,False,False,unit_residual,3.263352717055377e-05,-5.219246745180595e-06
real_n2_unit_residual,"{""betas_2024"": {""AUDUSD/NZDUSD"": 0.7150032270701753, ""EURAUD/AUDUSD"": -0.31093367860651805}, ""entry"": 2.5, ""exit_z"": 0.5, ""nested"": ""opt2024_val2025"", ""pairs"": [""EURAUD/AUDUSD:w60"", ""AUDUSD/NZDUSD:w60""], ""risk_frac"": 0.0075, ""sizing"": ""unit_residual"", ""sleeve_budget"": 0.55}",-inf,-2.8721150766852777e-06,1.0,0.25,False,False,unit_residual,1.794811286837117e-05,-2.8721150766852777e-06
real_n2_unit_residual,"{""betas_2024"": {""AUDUSD/NZDUSD"": 0.7150032270701753, ""EURAUD/AUDUSD"": -0.31093367860651805}, ""entry"": 2.5, ""exit_z"": 0.5, ""nested"": ""opt2024_val2025"", ""pairs"": [""EURAUD/AUDUSD:w60"", ""AUDUSD/NZDUSD:w60""], ""risk_frac"": 0.0075, ""sizing"": ""unit_residual"", ""sleeve_budget"": 1.0}",-inf,-5.219246745180595e-06,1.0,0.25,False,False,unit_residual,3.263352717055377e-05,-5.219246745180595e-06
real_n2_unit_residual,"{""betas_2024"": {""AUDUSD/NZDUSD"": 0.7150032270701753, ""EURAUD/AUDUSD"": -0.31093367860651805}, ""entry"": 2.5, ""exit_z"": 0.5, ""nested"": ""opt2024_val2025"", ""pairs"": [""EURAUD/AUDUSD:w60"", ""AUDUSD/NZDUSD:w60""], ""risk_frac"": 0.01, ""sizing"": ""unit_residual"", ""sleeve_budget"": 0.55}",-inf,1.2462215749030715e-05,1.0,0.375,False,False,unit_residual,1.2462215749030715e-05,1.7930210522057455e-05
real_n2_unit_residual,"{""betas_2024"": {""AUDUSD/NZDUSD"": 0.7150032270701753, ""EURAUD/AUDUSD"": -0.31093367860651805}, ""entry"": 2.5, ""exit_z"": 0.5, ""nested"": ""opt2024_val2025"", ""pairs"": [""EURAUD/AUDUSD:w60"", ""AUDUSD/NZDUSD:w60""], ""risk_frac"": 0.01, ""sizing"": ""unit_residual"", ""sleeve_budget"": 1.0}",-inf,2.265992553206576e-05,1.0,0.375,False,False,unit_residual,2.265992553206576e-05,3.260147023646798e-05
real_n3_unit_residual,"{""betas_2024"": {""AUDUSD/NZDUSD"": 0.7150032270701753, ""EURAUD/AUDUSD"": -0.31093367860651805, ""GBPCAD/USDCAD"": 0.7854865692584787}, ""entry"": 1.5, ""exit_z"": 0.2, ""nested"": ""opt2024_val2025"", ""pairs"": [""EURAUD/AUDUSD:w40"", ""AUDUSD/NZDUSD:w40"", ""GBPCAD/USDCAD:w40""], ""risk_frac"": 0.005, ""sizing"": ""unit_residual"", ""sleeve_budget"": 0.55}",-inf,-1.4920888471006699e-05,0.9981817782918662,0.5,False,False,unit_residual,2.1549805646594386e-05,-1.4920888471006699e-05
real_n3_unit_residual,"{""betas_2024"": {""AUDUSD/NZDUSD"": 0.7150032270701753, ""EURAUD/AUDUSD"": -0.31093367860651805, ""GBPCAD/USDCAD"": 0.7854865692584787}, ""entry"": 1.5, ""exit_z"": 0.2, ""nested"": ""opt2024_val2025"", ""pairs"": [""EURAUD/AUDUSD:w40"", ""AUDUSD/NZDUSD:w40"", ""GBPCAD/USDCAD:w40""], ""risk_frac"": 0.005, ""sizing"": ""unit_residual"", ""sleeve_budget"": 1.0}",-inf,-2.7125282372544857e-05,0.998181953990028,0.5,False,False,unit_residual,3.918005450484233e-05,-2.7125282372544857e-05
real_n3_unit_residual,"{""betas_2024"": {""AUDUSD/NZDUSD"": 0.7150032270701753, ""EURAUD/AUDUSD"": -0.31093367860651805, ""GBPCAD/USDCAD"": 0.7854865692584787}, ""entry"": 1.5, ""exit_z"": 0.2, ""nested"": ""opt2024_val2025"", ""pairs"": [""EURAUD/AUDUSD:w40"", ""AUDUSD/NZDUSD:w40"", ""GBPCAD/USDCAD:w40""], ""risk_frac"": 0.0075, ""sizing"": ""unit_residual"", ""sleeve_budget"": 0.55}",-inf,-1.4920888471006699e-05,0.9981817782918662,0.5,False,False,unit_residual,2.1549805646594386e-05,-1.4920888471006699e-05
real_n3_unit_residual,"{""betas_2024"": {""AUDUSD/NZDUSD"": 0.7150032270701753, ""EURAUD/AUDUSD"": -0.31093367860651805, ""GBPCAD/USDCAD"": 0.7854865692584787}, ""entry"": 1.5, ""exit_z"": 0.2, ""nested"": ""opt2024_val2025"", ""pairs"": [""EURAUD/AUDUSD:w40"", ""AUDUSD/NZDUSD:w40"", ""GBPCAD/USDCAD:w40""], ""risk_frac"": 0.0075, ""sizing"": ""unit_residual"", ""sleeve_budget"": 1.0}",-inf,-2.7125282372544857e-05,0.998181953990028,0.5,False,False,unit_residual,3.918005450484233e-05,-2.7125282372544857e-05
real_n3_unit_residual,"{""betas_2024"": {""AUDUSD/NZDUSD"": 0.7150032270701753, ""EURAUD/AUDUSD"": -0.31093367860651805, ""GBPCAD/USDCAD"": 0.7854865692584787}, ""entry"": 1.5, ""exit_z"": 0.2, ""nested"": ""opt2024_val2025"", ""pairs"": [""EURAUD/AUDUSD:w40"", ""AUDUSD/NZDUSD:w40"", ""GBPCAD/USDCAD:w40""], ""risk_frac"": 0.01, ""sizing"": ""unit_residual"", ""sleeve_budget"": 0.55}",-inf,-9.466082116035834e-06,0.8992400856171318,0.5,False,False,unit_residual,1.9818942805328486e-05,-9.466082116035834e-06
real_n3_unit_residual,"{""betas_2024"": {""AUDUSD/NZDUSD"": 0.7150032270701753, ""EURAUD/AUDUSD"": -0.31093367860651805, ""GBPCAD/USDCAD"": 0.7854865692584787}, ""entry"": 1.5, ""exit_z"": 0.2, ""nested"": ""opt2024_val2025"", ""pairs"": [""EURAUD/AUDUSD:w40"", ""AUDUSD/NZDUSD:w40"", ""GBPCAD/USDCAD:w40""], ""risk_frac"": 0.01, ""sizing"": ""unit_residual"", ""sleeve_budget"": 1.0}",-inf,-1.7206894422083785e-05,0.8992533896141086,0.5,False,False,unit_residual,3.603308015499472e-05,-1.7206894422083785e-05
real_n3_unit_residual,"{""betas_2024"": {""AUDUSD/NZDUSD"": 0.7150032270701753, ""EURAUD/AUDUSD"": -0.31093367860651805, ""GBPCAD/USDCAD"": 0.7854865692584787}, ""entry"": 1.5, ""exit_z"": 0.3, ""nested"": ""opt2024_val2025"", ""pairs"": [""EURAUD/AUDUSD:w40"", ""AUDUSD/NZDUSD:w40"", ""GBPCAD/USDCAD:w40""], ""risk_frac"": 0.005, ""sizing"": ""unit_residual"", ""sleeve_budget"": 0.55}",-inf,5.473291273039305e-06,0.9332759501079954,0.5454545454545454,False,False,unit_residual,1.632211432385637e-05,5.473291273039305e-06
real_n3_unit_residual,"{""betas_2024"": {""AUDUSD/NZDUSD"": 0.7150032270701753, ""EURAUD/AUDUSD"": -0.31093367860651805, ""GBPCAD/USDCAD"": 0.7854865692584787}, ""entry"": 1.5, ""exit_z"": 0.3, ""nested"": ""opt2024_val2025"", ""pairs"": [""EURAUD/AUDUSD:w40"", ""AUDUSD/NZDUSD:w40"", ""GBPCAD/USDCAD:w40""], ""risk_frac"": 0.005, ""sizing"": ""unit_residual"", ""sleeve_budget"": 1.0}",-inf,9.954879769236147e-06,0.9332729556031238,0.5454545454545454,False,False,unit_residual,2.967685986868504e-05,9.954879769236147e-06
real_n3_unit_residual,"{""betas_2024"": {""AUDUSD/NZDUSD"": 0.7150032270701753, ""EURAUD/AUDUSD"": -0.31093367860651805, ""GBPCAD/USDCAD"": 0.7854865692584787}, ""entry"": 1.5, ""exit_z"": 0.3, ""nested"": ""opt2024_val2025"", ""pairs"": [""EURAUD/AUDUSD:w40"", ""AUDUSD/NZDUSD:w40"", ""GBPCAD/USDCAD:w40""], ""risk_frac"": 0.0075, ""sizing"": ""unit_residual"", ""sleeve_budget"": 0.55}",-inf,5.473291273039305e-06,0.9332759501079954,0.5454545454545454,False,False,unit_residual,1.632211432385637e-05,5.473291273039305e-06
real_n3_unit_residual,"{""betas_2024"": {""AUDUSD/NZDUSD"": 0.7150032270701753, ""EURAUD/AUDUSD"": -0.31093367860651805, ""GBPCAD/USDCAD"": 0.7854865692584787}, ""entry"": 1.5, ""exit_z"": 0.3, ""nested"": ""opt2024_val2025"", ""pairs"": [""EURAUD/AUDUSD:w40"", ""AUDUSD/NZDUSD:w40"", ""GBPCAD/USDCAD:w40""], ""risk_frac"": 0.0075, ""sizing"": ""unit_residual"", ""sleeve_budget"": 1.0}",-inf,9.954879769236147e-06,0.9332729556031238,0.5454545454545454,False,False,unit_residual,2.967685986868504e-05,9.954879769236147e-06
real_n3_unit_residual,"{""betas_2024"": {""AUDUSD/NZDUSD"": 0.7150032270701753, ""EURAUD/AUDUSD"": -0.31093367860651805, ""GBPCAD/USDCAD"": 0.7854865692584787}, ""entry"": 1.5, ""exit_z"": 0.3, ""nested"": ""opt2024_val2025"", ""pairs"": [""EURAUD/AUDUSD:w40"", ""AUDUSD/NZDUSD:w40"", ""GBPCAD/USDCAD:w40""], ""risk_frac"": 0.01, ""sizing"": ""unit_residual"", ""sleeve_budget"": 0.55}",-inf,1.0927334771815289e-05,0.8179640436942256,0.5454545454545454,False,False,unit_residual,1.7969420570902855e-05,1.0927334771815289e-05
real_n3_unit_residual,"{""betas_2024"": {""AUDUSD/NZDUSD"": 0.7150032270701753, ""EURAUD/AUDUSD"": -0.31093367860651805, ""GBPCAD/USDCAD"": 0.7854865692584787}, ""entry"": 1.5, ""exit_z"": 0.3, ""nested"": ""opt2024_val2025"", ""pairs"": [""EURAUD/AUDUSD:w40"", ""AUDUSD/NZDUSD:w40"", ""GBPCAD/USDCAD:w40""], ""risk_frac"": 0.01, ""sizing"": ""unit_residual"", ""sleeve_budget"": 1.0}",-inf,1.987074620607432e-05,0.8179626259459944,0.5454545454545454,False,False,unit_residual,3.267106412902459e-05,1.987074620607432e-05
real_n3_unit_residual,"{""betas_2024"": {""AUDUSD/NZDUSD"": 0.7150032270701753, ""EURAUD/AUDUSD"": -0.31093367860651805, ""GBPCAD/USDCAD"": 0.7854865692584787}, ""entry"": 1.5, ""exit_z"": 0.5, ""nested"": ""opt2024_val2025"", ""pairs"": [""EURAUD/AUDUSD:w40"", ""AUDUSD/NZDUSD:w40"", ""GBPCAD/USDCAD:w40""], ""risk_frac"": 0.005, ""sizing"": ""unit_residual"", ""sleeve_budget"": 0.55}",-inf,-3.98411724993053e-06,0.9413113415651728,0.45454545454545453,False,False,unit_residual,1.9581993460012065e-05,-3.98411724993053e-06
real_n3_unit_residual,"{""betas_2024"": {""AUDUSD/NZDUSD"": 0.7150032270701753, ""EURAUD/AUDUSD"": -0.31093367860651805, ""GBPCAD/USDCAD"": 0.7854865692584787}, ""entry"": 1.5, ""exit_z"": 0.5, ""nested"": ""opt2024_val2025"", ""pairs"": [""EURAUD/AUDUSD:w40"", ""AUDUSD/NZDUSD:w40"", ""GBPCAD/USDCAD:w40""], ""risk_frac"": 0.005, ""sizing"": ""unit_residual"", ""sleeve_budget"": 1.0}",-inf,-7.240637428282404e-06,0.9413120055989078,0.45454545454545453,False,False,unit_residual,3.560230692288936e-05,-7.240637428282404e-06
real_n3_unit_residual,"{""betas_2024"": {""AUDUSD/NZDUSD"": 0.7150032270701753, ""EURAUD/AUDUSD"": -0.31093367860651805, ""GBPCAD/USDCAD"": 0.7854865692584787}, ""entry"": 1.5, ""exit_z"": 0.5, ""nested"": ""opt2024_val2025"", ""pairs"": [""EURAUD/AUDUSD:w40"", ""AUDUSD/NZDUSD:w40"", ""GBPCAD/USDCAD:w40""], ""risk_frac"": 0.0075, ""sizing"": ""unit_residual"", ""sleeve_budget"": 0.55}",-inf,-3.98411724993053e-06,0.9413113415651728,0.45454545454545453,False,False,unit_residual,1.9581993460012065e-05,-3.98411724993053e-06
real_n3_unit_residual,"{""betas_2024"": {""AUDUSD/NZDUSD"": 0.7150032270701753, ""EURAUD/AUDUSD"": -0.31093367860651805, ""GBPCAD/USDCAD"": 0.7854865692584787}, ""entry"": 1.5, ""exit_z"": 0.5, ""nested"": ""opt2024_val2025"", ""pairs"": [""EURAUD/AUDUSD:w40"", ""AUDUSD/NZDUSD:w40"", ""GBPCAD/USDCAD:w40""], ""risk_frac"": 0.0075, ""sizing"": ""unit_residual"", ""sleeve_budget"": 1.0}",-inf,-7.240637428282404e-06,0.9413120055989078,0.45454545454545453,False,False,unit_residual,3.560230692288936e-05,-7.240637428282404e-06
real_n3_unit_residual,"{""betas_2024"": {""AUDUSD/NZDUSD"": 0.7150032270701753, ""EURAUD/AUDUSD"": -0.31093367860651805, ""GBPCAD/USDCAD"": 0.7854865692584787}, ""entry"": 1.5, ""exit_z"": 0.5, ""nested"": ""opt2024_val2025"", ""pairs"": [""EURAUD/AUDUSD:w40"", ""AUDUSD/NZDUSD:w40"", ""GBPCAD/USDCAD:w40""], ""risk_frac"": 0.01, ""sizing"": ""unit_residual"", ""sleeve_budget"": 0.55}",-inf,8.031728200436072e-07,0.844726688312682,0.5454545454545454,False,False,unit_residual,1.7017621183274496e-05,8.031728200436072e-07
real_n3_unit_residual,"{""betas_2024"": {""AUDUSD/NZDUSD"": 0.7150032270701753, ""EURAUD/AUDUSD"": -0.31093367860651805, ""GBPCAD/USDCAD"": 0.7854865692584787}, ""entry"": 1.5, ""exit_z"": 0.5, ""nested"": ""opt2024_val2025"", ""pairs"": [""EURAUD/AUDUSD:w40"", ""AUDUSD/NZDUSD:w40"", ""GBPCAD/USDCAD:w40""], ""risk_frac"": 0.01, ""sizing"": ""unit_residual"", ""sleeve_budget"": 1.0}",-inf,1.4636170717480246e-06,0.8447417666475738,0.5454545454545454,False,False,unit_residual,3.094109067406067e-05,1.4636170717480246e-06
real_n3_unit_residual,"{""betas_2024"": {""AUDUSD/NZDUSD"": 0.7150032270701753, ""EURAUD/AUDUSD"": -0.31093367860651805, ""GBPCAD/USDCAD"": 0.7854865692584787}, ""entry"": 1.75, ""exit_z"": 0.2, ""nested"": ""opt2024_val2025"", ""pairs"": [""EURAUD/AUDUSD:w40"", ""AUDUSD/NZDUSD:w40"", ""GBPCAD/USDCAD:w40""], ""risk_frac"": 0.005, ""sizing"": ""unit_residual"", ""sleeve_budget"": 0.55}",-inf,-2.0079070166476032e-05,1.0,0.375,False,False,unit_residual,2.6367150715669105e-05,-2.0079070166476032e-05
real_n3_unit_residual,"{""betas_2024"": {""AUDUSD/NZDUSD"": 0.7150032270701753, ""EURAUD/AUDUSD"": -0.31093367860651805, ""GBPCAD/USDCAD"": 0.7854865692584787}, ""entry"": 1.75, ""exit_z"": 0.2, ""nested"": ""opt2024_val2025"", ""pairs"": [""EURAUD/AUDUSD:w40"", ""AUDUSD/NZDUSD:w40"", ""GBPCAD/USDCAD:w40""], ""risk_frac"": 0.005, ""sizing"": ""unit_residual"", ""sleeve_budget"": 1.0}",-inf,-3.650611613444099e-05,1.0,0.375,False,False,unit_residual,4.794098328029441e-05,-3.650611613444099e-05
real_n3_unit_residual,"{""betas_2024"": {""AUDUSD/NZDUSD"": 0.7150032270701753, ""EURAUD/AUDUSD"": -0.31093367860651805, ""GBPCAD/USDCAD"": 0.7854865692584787}, ""entry"": 1.75, ""exit_z"": 0.2, ""nested"": ""opt2024_val2025"", ""pairs"": [""EURAUD/AUDUSD:w40"", ""AUDUSD/NZDUSD:w40"", ""GBPCAD/USDCAD:w40""], ""risk_frac"": 0.0075, ""sizing"": ""unit_residual"", ""sleeve_budget"": 0.55}",-inf,-2.0079070166476032e-05,1.0,0.375,False,False,unit_residual,2.6367150715669105e-05,-2.0079070166476032e-05
real_n3_unit_residual,"{""betas_2024"": {""AUDUSD/NZDUSD"": 0.7150032270701753, ""EURAUD/AUDUSD"": -0.31093367860651805, ""GBPCAD/USDCAD"": 0.7854865692584787}, ""entry"": 1.75, ""exit_z"": 0.2, ""nested"": ""opt2024_val2025"", ""pairs"": [""EURAUD/AUDUSD:w40"", ""AUDUSD/NZDUSD:w40"", ""GBPCAD/USDCAD:w40""], ""risk_frac"": 0.0075, ""sizing"": ""unit_residual"", ""sleeve_budget"": 1.0}",-inf,-3.650611613444099e-05,1.0,0.375,False,False,unit_residual,4.794098328029441e-05,-3.650611613444099e-05
real_n3_unit_residual,"{""betas_2024"": {""AUDUSD/NZDUSD"": 0.7150032270701753, ""EURAUD/AUDUSD"": -0.31093367860651805, ""GBPCAD/USDCAD"": 0.7854865692584787}, ""entry"": 1.75, ""exit_z"": 0.2, ""nested"": ""opt2024_val2025"", ""pairs"": [""EURAUD/AUDUSD:w40"", ""AUDUSD/NZDUSD:w40"", ""GBPCAD/USDCAD:w40""], ""risk_frac"": 0.01, ""sizing"": ""unit_residual"", ""sleeve_budget"": 0.55}",-inf,-1.4847587363212011e-05,0.8492411099054127,0.45454545454545453,False,False,unit_residual,2.503107413371291e-05,-1.4847587363212011e-05
real_n3_unit_residual,"{""betas_2024"": {""AUDUSD/NZDUSD"": 0.7150032270701753, ""EURAUD/AUDUSD"": -0.31093367860651805, ""GBPCAD/USDCAD"": 0.7854865692584787}, ""entry"": 1.75, ""exit_z"": 0.2, ""nested"": ""opt2024_val2025"", ""pairs"": [""EURAUD/AUDUSD:w40"", ""AUDUSD/NZDUSD:w40"", ""GBPCAD/USDCAD:w40""], ""risk_frac"": 0.01, ""sizing"": ""unit_residual"", ""sleeve_budget"": 1.0}",-inf,-2.6992976837517113e-05,0.8492323621538718,0.45454545454545453,False,False,unit_residual,4.551230618059106e-05,-2.6992976837517113e-05
real_n3_unit_residual,"{""betas_2024"": {""AUDUSD/NZDUSD"": 0.7150032270701753, ""EURAUD/AUDUSD"": -0.31093367860651805, ""GBPCAD/USDCAD"": 0.7854865692584787}, ""entry"": 1.75, ""exit_z"": 0.3, ""nested"": ""opt2024_val2025"", ""pairs"": [""EURAUD/AUDUSD:w40"", ""AUDUSD/NZDUSD:w40"", ""GBPCAD/USDCAD:w40""], ""risk_frac"": 0.005, ""sizing"": ""unit_residual"", ""sleeve_budget"": 0.55}",-inf,-9.28806989486386e-07,0.9382862087355287,0.45454545454545453,False,False,unit_residual,2.06527649288877e-05,-9.28806989486386e-07
real_n3_unit_residual,"{""betas_2024"": {""AUDUSD/NZDUSD"": 0.7150032270701753, ""EURAUD/AUDUSD"": -0.31093367860651805, ""GBPCAD/USDCAD"": 0.7854865692584787}, ""entry"": 1.75, ""exit_z"": 0.3, ""nested"": ""opt2024_val2025"", ""pairs"": [""EURAUD/AUDUSD:w40"", ""AUDUSD/NZDUSD:w40"", ""GBPCAD/USDCAD:w40""], ""risk_frac"": 0.005, ""sizing"": ""unit_residual"", ""sleeve_budget"": 1.0}",-inf,-1.685549205279746e-06,0.9382834882021039,0.45454545454545453,False,False,unit_residual,3.75507532978406e-05,-1.685549205279746e-06
real_n3_unit_residual,"{""betas_2024"": {""AUDUSD/NZDUSD"": 0.7150032270701753, ""EURAUD/AUDUSD"": -0.31093367860651805, ""GBPCAD/USDCAD"": 0.7854865692584787}, ""entry"": 1.75, ""exit_z"": 0.3, ""nested"": ""opt2024_val2025"", ""pairs"": [""EURAUD/AUDUSD:w40"", ""AUDUSD/NZDUSD:w40"", ""GBPCAD/USDCAD:w40""], ""risk_frac"": 0.0075, ""sizing"": ""unit_residual"", ""sleeve_budget"": 0.55}",-inf,-9.28806989486386e-07,0.9382862087355287,0.45454545454545453,False,False,unit_residual,2.06527649288877e-05,-9.28806989486386e-07
real_n3_unit_residual,"{""betas_2024"": {""AUDUSD/NZDUSD"": 0.7150032270701753, ""EURAUD/AUDUSD"": -0.31093367860651805, ""GBPCAD/USDCAD"": 0.7854865692584787}, ""entry"": 1.75, ""exit_z"": 0.3, ""nested"": ""opt2024_val2025"", ""pairs"": [""EURAUD/AUDUSD:w40"", ""AUDUSD/NZDUSD:w40"", ""GBPCAD/USDCAD:w40""], ""risk_frac"": 0.0075, ""sizing"": ""unit_residual"", ""sleeve_budget"": 1.0}",-inf,-1.685549205279746e-06,0.9382834882021039,0.45454545454545453,False,False,unit_residual,3.75507532978406e-05,-1.685549205279746e-06
real_n3_unit_residual,"{""betas_2024"": {""AUDUSD/NZDUSD"": 0.7150032270701753, ""EURAUD/AUDUSD"": -0.31093367860651805, ""GBPCAD/USDCAD"": 0.7854865692584787}, ""entry"": 1.75, ""exit_z"": 0.3, ""nested"": ""opt2024_val2025"", ""pairs"": [""EURAUD/AUDUSD:w40"", ""AUDUSD/NZDUSD:w40"", ""GBPCAD/USDCAD:w40""], ""risk_frac"": 0.01, ""sizing"": ""unit_residual"", ""sleeve_budget"": 0.55}",-inf,4.301968878239748e-06,0.8135575395667703,0.45454545454545453,False,False,unit_residual,1.9316796389698158e-05,4.301968878239748e-06
real_n3_unit_residual,"{""betas_2024"": {""AUDUSD/NZDUSD"": 0.7150032270701753, ""EURAUD/AUDUSD"": -0.31093367860651805, ""GBPCAD/USDCAD"": 0.7854865692584787}, ""entry"": 1.75, ""exit_z"": 0.3, ""nested"": ""opt2024_val2025"", ""pairs"": [""EURAUD/AUDUSD:w40"", ""AUDUSD/NZDUSD:w40"", ""GBPCAD/USDCAD:w40""], ""risk_frac"": 0.01, ""sizing"": ""unit_residual"", ""sleeve_budget"": 1.0}",-inf,7.825252987050946e-06,0.8135735705988717,0.45454545454545453,False,False,unit_residual,3.512229851436329e-05,7.825252987050946e-06
real_n3_unit_residual,"{""betas_2024"": {""AUDUSD/NZDUSD"": 0.7150032270701753, ""EURAUD/AUDUSD"": -0.31093367860651805, ""GBPCAD/USDCAD"": 0.7854865692584787}, ""entry"": 1.75, ""exit_z"": 0.5, ""nested"": ""opt2024_val2025"", ""pairs"": [""EURAUD/AUDUSD:w40"", ""AUDUSD/NZDUSD:w40"", ""GBPCAD/USDCAD:w40""], ""risk_frac"": 0.005, ""sizing"": ""unit_residual"", ""sleeve_budget"": 0.55}",-inf,-1.2663747892729948e-05,0.8793133847525343,0.5,False,False,unit_residual,2.61351266993761e-05,-1.2663747892729948e-05
real_n3_unit_residual,"{""betas_2024"": {""AUDUSD/NZDUSD"": 0.7150032270701753, ""EURAUD/AUDUSD"": -0.31093367860651805, ""GBPCAD/USDCAD"": 0.7854865692584787}, ""entry"": 1.75, ""exit_z"": 0.5, ""nested"": ""opt2024_val2025"", ""pairs"": [""EURAUD/AUDUSD:w40"", ""AUDUSD/NZDUSD:w40"", ""GBPCAD/USDCAD:w40""], ""risk_frac"": 0.005, ""sizing"": ""unit_residual"", ""sleeve_budget"": 1.0}",-inf,-2.302329370350298e-05,0.8793140009759833,0.5,False,False,unit_residual,4.7515663571337264e-05,-2.302329370350298e-05
real_n3_unit_residual,"{""betas_2024"": {""AUDUSD/NZDUSD"": 0.7150032270701753, ""EURAUD/AUDUSD"": -0.31093367860651805, ""GBPCAD/USDCAD"": 0.7854865692584787}, ""entry"": 1.75, ""exit_z"": 0.5, ""nested"": ""opt2024_val2025"", ""pairs"": [""EURAUD/AUDUSD:w40"", ""AUDUSD/NZDUSD:w40"", ""GBPCAD/USDCAD:w40""], ""risk_frac"": 0.0075, ""sizing"": ""unit_residual"", ""sleeve_budget"": 0.55}",-inf,-1.2663747892729948e-05,0.8793133847525343,0.5,False,False,unit_residual,2.61351266993761e-05,-1.2663747892729948e-05
real_n3_unit_residual,"{""betas_2024"": {""AUDUSD/NZDUSD"": 0.7150032270701753, ""EURAUD/AUDUSD"": -0.31093367860651805, ""GBPCAD/USDCAD"": 0.7854865692584787}, ""entry"": 1.75, ""exit_z"": 0.5, ""nested"": ""opt2024_val2025"", ""pairs"": [""EURAUD/AUDUSD:w40"", ""AUDUSD/NZDUSD:w40"", ""GBPCAD/USDCAD:w40""], ""risk_frac"": 0.0075, ""sizing"": ""unit_residual"", ""sleeve_budget"": 1.0}",-inf,-2.302329370350298e-05,0.8793140009759833,0.5,False,False,unit_residual,4.7515663571337264e-05,-2.302329370350298e-05
real_n3_unit_residual,"{""betas_2024"": {""AUDUSD/NZDUSD"": 0.7150032270701753, ""EURAUD/AUDUSD"": -0.31093367860651805, ""GBPCAD/USDCAD"": 0.7854865692584787}, ""entry"": 1.75, ""exit_z"": 0.5, ""nested"": ""opt2024_val2025"", ""pairs"": [""EURAUD/AUDUSD:w40"", ""AUDUSD/NZDUSD:w40"", ""GBPCAD/USDCAD:w40""], ""risk_frac"": 0.01, ""sizing"": ""unit_residual"", ""sleeve_budget"": 0.55}",-inf,-8.099665867455919e-06,0.838821491468385,0.6363636363636364,False,False,unit_residual,2.3398578086662106e-05,-8.099665867455919e-06
real_n3_unit_residual,"{""betas_2024"": {""AUDUSD/NZDUSD"": 0.7150032270701753, ""EURAUD/AUDUSD"": -0.31093367860651805, ""GBPCAD/USDCAD"": 0.7854865692584787}, ""entry"": 1.75, ""exit_z"": 0.5, ""nested"": ""opt2024_val2025"", ""pairs"": [""EURAUD/AUDUSD:w40"", ""AUDUSD/NZDUSD:w40"", ""GBPCAD/USDCAD:w40""], ""risk_frac"": 0.01, ""sizing"": ""unit_residual"", ""sleeve_budget"": 1.0}",-inf,-1.4724042606217846e-05,0.8388342809469664,0.6363636363636364,False,False,unit_residual,4.254156394881389e-05,-1.4724042606217846e-05
real_n3_unit_residual,"{""betas_2024"": {""AUDUSD/NZDUSD"": 0.7150032270701753, ""EURAUD/AUDUSD"": -0.31093367860651805, ""GBPCAD/USDCAD"": 0.7854865692584787}, ""entry"": 2.0, ""exit_z"": 0.2, ""nested"": ""opt2024_val2025"", ""pairs"": [""EURAUD/AUDUSD:w40"", ""AUDUSD/NZDUSD:w40"", ""GBPCAD/USDCAD:w40""], ""risk_frac"": 0.005, ""sizing"": ""unit_residual"", ""sleeve_budget"": 0.55}",-inf,-3.7118673078678777e-06,0.9399855407598061,0.5,False,False,unit_residual,4.5159898900274086e-05,-3.7118673078678777e-06
real_n3_unit_residual,"{""betas_2024"": {""AUDUSD/NZDUSD"": 0.7150032270701753, ""EURAUD/AUDUSD"": -0.31093367860651805, ""GBPCAD/USDCAD"": 0.7854865692584787}, ""entry"": 2.0, ""exit_z"": 0.2, ""nested"": ""opt2024_val2025"", ""pairs"": [""EURAUD/AUDUSD:w40"", ""AUDUSD/NZDUSD:w40"", ""GBPCAD/USDCAD:w40""], ""risk_frac"": 0.005, ""sizing"": ""unit_residual"", ""sleeve_budget"": 1.0}",-inf,-6.7468912249568636e-06,0.9399912939396826,0.5,False,False,unit_residual,8.210111318436701e-05,-6.7468912249568636e-06
real_n3_unit_residual,"{""betas_2024"": {""AUDUSD/NZDUSD"": 0.7150032270701753, ""EURAUD/AUDUSD"": -0.31093367860651805, ""GBPCAD/USDCAD"": 0.7854865692584787}, ""entry"": 2.0, ""exit_z"": 0.2, ""nested"": ""opt2024_val2025"", ""pairs"": [""EURAUD/AUDUSD:w40"", ""AUDUSD/NZDUSD:w40"", ""GBPCAD/USDCAD:w40""], ""risk_frac"": 0.0075, ""sizing"": ""unit_residual"", ""sleeve_budget"": 0.55}",-inf,-3.7118673078678777e-06,0.9399855407598061,0.5,False,False,unit_residual,4.5159898900274086e-05,-3.7118673078678777e-06
real_n3_unit_residual,"{""betas_2024"": {""AUDUSD/NZDUSD"": 0.7150032270701753, ""EURAUD/AUDUSD"": -0.31093367860651805, ""GBPCAD/USDCAD"": 0.7854865692584787}, ""entry"": 2.0, ""exit_z"": 0.2, ""nested"": ""opt2024_val2025"", ""pairs"": [""EURAUD/AUDUSD:w40"", ""AUDUSD/NZDUSD:w40"", ""GBPCAD/USDCAD:w40""], ""risk_frac"": 0.0075, ""sizing"": ""unit_residual"", ""sleeve_budget"": 1.0}",-inf,-6.7468912249568636e-06,0.9399912939396826,0.5,False,False,unit_residual,8.210111318436701e-05,-6.7468912249568636e-06
real_n3_unit_residual,"{""betas_2024"": {""AUDUSD/NZDUSD"": 0.7150032270701753, ""EURAUD/AUDUSD"": -0.31093367860651805, ""GBPCAD/USDCAD"": 0.7854865692584787}, ""entry"": 2.0, ""exit_z"": 0.2, ""nested"": ""opt2024_val2025"", ""pairs"": [""EURAUD/AUDUSD:w40"", ""AUDUSD/NZDUSD:w40"", ""GBPCAD/USDCAD:w40""], ""risk_frac"": 0.01, ""sizing"": ""unit_residual"", ""sleeve_budget"": 0.55}",-inf,7.232507293244983e-06,0.7733867660129453,0.625,False,False,unit_residual,4.42486475618973e-05,7.232507293244983e-06
real_n3_unit_residual,"{""betas_2024"": {""AUDUSD/NZDUSD"": 0.7150032270701753, ""EURAUD/AUDUSD"": -0.31093367860651805, ""GBPCAD/USDCAD"": 0.7854865692584787}, ""entry"": 2.0, ""exit_z"": 0.2, ""nested"": ""opt2024_val2025"", ""pairs"": [""EURAUD/AUDUSD:w40"", ""AUDUSD/NZDUSD:w40"", ""GBPCAD/USDCAD:w40""], ""risk_frac"": 0.01, ""sizing"": ""unit_residual"", ""sleeve_budget"": 1.0}",-inf,1.3151407132233617e-05,0.7733882196472595,0.625,False,False,unit_residual,8.044482034105541e-05,1.3151407132233617e-05
real_n3_unit_residual,"{""betas_2024"": {""AUDUSD/NZDUSD"": 0.7150032270701753, ""EURAUD/AUDUSD"": -0.31093367860651805, ""GBPCAD/USDCAD"": 0.7854865692584787}, ""entry"": 2.0, ""exit_z"": 0.3, ""nested"": ""opt2024_val2025"", ""pairs"": [""EURAUD/AUDUSD:w40"", ""AUDUSD/NZDUSD:w40"", ""GBPCAD/USDCAD:w40""], ""risk_frac"": 0.005, ""sizing"": ""unit_residual"", ""sleeve_budget"": 0.55}",-inf,1.6507352368869133e-05,0.8197561048224342,0.7272727272727273,False,False,unit_residual,4.0496857835006026e-05,1.6507352368869133e-05
real_n3_unit_residual,"{""betas_2024"": {""AUDUSD/NZDUSD"": 0.7150032270701753, ""EURAUD/AUDUSD"": -0.31093367860651805, ""GBPCAD/USDCAD"": 0.7854865692584787}, ""entry"": 2.0, ""exit_z"": 0.3, ""nested"": ""opt2024_val2025"", ""pairs"": [""EURAUD/AUDUSD:w40"", ""AUDUSD/NZDUSD:w40"", ""GBPCAD/USDCAD:w40""], ""risk_frac"": 0.005, ""sizing"": ""unit_residual"", ""sleeve_budget"": 1.0}",-inf,3.0013669412604083e-05,0.8197477880777416,0.7272727272727273,False,False,unit_residual,7.362162620293645e-05,3.0013669412604083e-05
real_n3_unit_residual,"{""betas_2024"": {""AUDUSD/NZDUSD"": 0.7150032270701753, ""EURAUD/AUDUSD"": -0.31093367860651805, ""GBPCAD/USDCAD"": 0.7854865692584787}, ""entry"": 2.0, ""exit_z"": 0.3, ""nested"": ""opt2024_val2025"", ""pairs"": [""EURAUD/AUDUSD:w40"", ""AUDUSD/NZDUSD:w40"", ""GBPCAD/USDCAD:w40""], ""risk_frac"": 0.0075, ""sizing"": ""unit_residual"", ""sleeve_budget"": 0.55}",-inf,1.6507352368869133e-05,0.8197561048224342,0.7272727272727273,False,False,unit_residual,4.0496857835006026e-05,1.6507352368869133e-05
real_n3_unit_residual,"{""betas_2024"": {""AUDUSD/NZDUSD"": 0.7150032270701753, ""EURAUD/AUDUSD"": -0.31093367860651805, ""GBPCAD/USDCAD"": 0.7854865692584787}, ""entry"": 2.0, ""exit_z"": 0.3, ""nested"": ""opt2024_val2025"", ""pairs"": [""EURAUD/AUDUSD:w40"", ""AUDUSD/NZDUSD:w40"", ""GBPCAD/USDCAD:w40""], ""risk_frac"": 0.0075, ""sizing"": ""unit_residual"", ""sleeve_budget"": 1.0}",-inf,3.0013669412604083e-05,0.8197477880777416,0.7272727272727273,False,False,unit_residual,7.362162620293645e-05,3.0013669412604083e-05
real_n3_unit_residual,"{""betas_2024"": {""AUDUSD/NZDUSD"": 0.7150032270701753, ""EURAUD/AUDUSD"": -0.31093367860651805, ""GBPCAD/USDCAD"": 0.7854865692584787}, ""entry"": 2.0, ""exit_z"": 0.3, ""nested"": ""opt2024_val2025"", ""pairs"": [""EURAUD/AUDUSD:w40"", ""AUDUSD/NZDUSD:w40"", ""GBPCAD/USDCAD:w40""], ""risk_frac"": 0.01, ""sizing"": ""unit_residual"", ""sleeve_budget"": 0.55}",-inf,2.7450531265973965e-05,0.7541822461682041,0.7272727272727273,False,False,unit_residual,3.958560947699267e-05,2.7450531265973965e-05
real_n3_unit_residual,"{""betas_2024"": {""AUDUSD/NZDUSD"": 0.7150032270701753, ""EURAUD/AUDUSD"": -0.31093367860651805, ""GBPCAD/USDCAD"": 0.7854865692584787}, ""entry"": 2.0, ""exit_z"": 0.3, ""nested"": ""opt2024_val2025"", ""pairs"": [""EURAUD/AUDUSD:w40"", ""AUDUSD/NZDUSD:w40"", ""GBPCAD/USDCAD:w40""], ""risk_frac"": 0.01, ""sizing"": ""unit_residual"", ""sleeve_budget"": 1.0}",-inf,4.990801607365758e-05,0.7541774150781897,0.7272727272727273,False,False,unit_residual,7.196542558462016e-05,4.990801607365758e-05
real_n3_unit_residual,"{""betas_2024"": {""AUDUSD/NZDUSD"": 0.7150032270701753, ""EURAUD/AUDUSD"": -0.31093367860651805, ""GBPCAD/USDCAD"": 0.7854865692584787}, ""entry"": 2.0, ""exit_z"": 0.5, ""nested"": ""opt2024_val2025"", ""pairs"": [""EURAUD/AUDUSD:w40"", ""AUDUSD/NZDUSD:w40"", ""GBPCAD/USDCAD:w40""], ""risk_frac"": 0.005, ""sizing"": ""unit_residual"", ""sleeve_budget"": 0.55}",-inf,1.9749481210001862e-06,0.8272961433055355,0.6363636363636364,False,False,unit_residual,3.46524043926998e-05,1.9749481210001862e-06
real_n3_unit_residual,"{""betas_2024"": {""AUDUSD/NZDUSD"": 0.7150032270701753, ""EURAUD/AUDUSD"": -0.31093367860651805, ""GBPCAD/USDCAD"": 0.7854865692584787}, ""entry"": 2.0, ""exit_z"": 0.5, ""nested"": ""opt2024_val2025"", ""pairs"": [""EURAUD/AUDUSD:w40"", ""AUDUSD/NZDUSD:w40"", ""GBPCAD/USDCAD:w40""], ""risk_frac"": 0.005, ""sizing"": ""unit_residual"", ""sleeve_budget"": 1.0}",-inf,3.591869373598122e-06,0.8272930421713833,0.6363636363636364,False,False,unit_residual,6.2996947428032e-05,3.591869373598122e-06
real_n3_unit_residual,"{""betas_2024"": {""AUDUSD/NZDUSD"": 0.7150032270701753, ""EURAUD/AUDUSD"": -0.31093367860651805, ""GBPCAD/USDCAD"": 0.7854865692584787}, ""entry"": 2.0, ""exit_z"": 0.5, ""nested"": ""opt2024_val2025"", ""pairs"": [""EURAUD/AUDUSD:w40"", ""AUDUSD/NZDUSD:w40"", ""GBPCAD/USDCAD:w40""], ""risk_frac"": 0.0075, ""sizing"": ""unit_residual"", ""sleeve_budget"": 0.55}",-inf,1.9749481210001862e-06,0.8272961433055355,0.6363636363636364,False,False,unit_residual,3.46524043926998e-05,1.9749481210001862e-06
real_n3_unit_residual,"{""betas_2024"": {""AUDUSD/NZDUSD"": 0.7150032270701753, ""EURAUD/AUDUSD"": -0.31093367860651805, ""GBPCAD/USDCAD"": 0.7854865692584787}, ""entry"": 2.0, ""exit_z"": 0.5, ""nested"": ""opt2024_val2025"", ""pairs"": [""EURAUD/AUDUSD:w40"", ""AUDUSD/NZDUSD:w40"", ""GBPCAD/USDCAD:w40""], ""risk_frac"": 0.0075, ""sizing"": ""unit_residual"", ""sleeve_budget"": 1.0}",-inf,3.591869373598122e-06,0.8272930421713833,0.6363636363636364,False,False,unit_residual,6.2996947428032e-05,3.591869373598122e-06
real_n3_unit_residual,"{""betas_2024"": {""AUDUSD/NZDUSD"": 0.7150032270701753, ""EURAUD/AUDUSD"": -0.31093367860651805, ""GBPCAD/USDCAD"": 0.7854865692584787}, ""entry"": 2.0, ""exit_z"": 0.5, ""nested"": ""opt2024_val2025"", ""pairs"": [""EURAUD/AUDUSD:w40"", ""AUDUSD/NZDUSD:w40"", ""GBPCAD/USDCAD:w40""], ""risk_frac"": 0.01, ""sizing"": ""unit_residual"", ""sleeve_budget"": 0.55}",-inf,1.2252543458296516e-05,0.737322734255698,0.5454545454545454,False,False,unit_residual,3.2340812108294145e-05,1.2252543458296516e-05
real_n3_unit_residual,"{""betas_2024"": {""AUDUSD/NZDUSD"": 0.7150032270701753, ""EURAUD/AUDUSD"": -0.31093367860651805, ""GBPCAD/USDCAD"": 0.7854865692584787}, ""entry"": 2.0, ""exit_z"": 0.5, ""nested"": ""opt2024_val2025"", ""pairs"": [""EURAUD/AUDUSD:w40"", ""AUDUSD/NZDUSD:w40"", ""GBPCAD/USDCAD:w40""], ""risk_frac"": 0.01, ""sizing"": ""unit_residual"", ""sleeve_budget"": 1.0}",-inf,2.2278194352645664e-05,0.7373247309562623,0.5454545454545454,False,False,unit_residual,5.8795391160886886e-05,2.2278194352645664e-05
real_n3_unit_residual,"{""betas_2024"": {""AUDUSD/NZDUSD"": 0.7150032270701753, ""EURAUD/AUDUSD"": -0.31093367860651805, ""GBPCAD/USDCAD"": 0.7854865692584787}, ""entry"": 2.25, ""exit_z"": 0.2, ""nested"": ""opt2024_val2025"", ""pairs"": [""EURAUD/AUDUSD:w40"", ""AUDUSD/NZDUSD:w40"", ""GBPCAD/USDCAD:w40""], ""risk_frac"": 0.005, ""sizing"": ""unit_residual"", ""sleeve_budget"": 0.55}",-inf,-1.079109890965435e-05,1.0,0.375,False,False,unit_residual,4.935751170910173e-05,-1.079109890965435e-05
real_n3_unit_residual,"{""betas_2024"": {""AUDUSD/NZDUSD"": 0.7150032270701753, ""EURAUD/AUDUSD"": -0.31093367860651805, ""GBPCAD/USDCAD"": 0.7854865692584787}, ""entry"": 2.25, ""exit_z"": 0.2, ""nested"": ""opt2024_val2025"", ""pairs"": [""EURAUD/AUDUSD:w40"", ""AUDUSD/NZDUSD:w40"", ""GBPCAD/USDCAD:w40""], ""risk_frac"": 0.005, ""sizing"": ""unit_residual"", ""sleeve_budget"": 1.0}",-inf,-1.96188889281107e-05,1.0,0.375,False,False,unit_residual,8.973086309683642e-05,-1.96188889281107e-05
real_n3_unit_residual,"{""betas_2024"": {""AUDUSD/NZDUSD"": 0.7150032270701753, ""EURAUD/AUDUSD"": -0.31093367860651805, ""GBPCAD/USDCAD"": 0.7854865692584787}, ""entry"": 2.25, ""exit_z"": 0.2, ""nested"": ""opt2024_val2025"", ""pairs"": [""EURAUD/AUDUSD:w40"", ""AUDUSD/NZDUSD:w40"", ""GBPCAD/USDCAD:w40""], ""risk_frac"": 0.0075, ""sizing"": ""unit_residual"", ""sleeve_budget"": 0.55}",-inf,-1.079109890965435e-05,1.0,0.375,False,False,unit_residual,4.935751170910173e-05,-1.079109890965435e-05
real_n3_unit_residual,"{""betas_2024"": {""AUDUSD/NZDUSD"": 0.7150032270701753, ""EURAUD/AUDUSD"": -0.31093367860651805, ""GBPCAD/USDCAD"": 0.7854865692584787}, ""entry"": 2.25, ""exit_z"": 0.2, ""nested"": ""opt2024_val2025"", ""pairs"": [""EURAUD/AUDUSD:w40"", ""AUDUSD/NZDUSD:w40"", ""GBPCAD/USDCAD:w40""], ""risk_frac"": 0.0075, ""sizing"": ""unit_residual"", ""sleeve_budget"": 1.0}",-inf,-1.96188889281107e-05,1.0,0.375,False,False,unit_residual,8.973086309683642e-05,-1.96188889281107e-05
real_n3_unit_residual,"{""betas_2024"": {""AUDUSD/NZDUSD"": 0.7150032270701753, ""EURAUD/AUDUSD"": -0.31093367860651805, ""GBPCAD/USDCAD"": 0.7854865692584787}, ""entry"": 2.25, ""exit_z"": 0.2, ""nested"": ""opt2024_val2025"", ""pairs"": [""EURAUD/AUDUSD:w40"", ""AUDUSD/NZDUSD:w40"", ""GBPCAD/USDCAD:w40""], ""risk_frac"": 0.01, ""sizing"": ""unit_residual"", ""sleeve_budget"": 0.55}",-inf,4.924830700886451e-07,0.8190103714308719,0.625,False,False,unit_residual,4.650146940335639e-05,4.924830700886451e-07
real_n3_unit_residual,"{""betas_2024"": {""AUDUSD/NZDUSD"": 0.7150032270701753, ""EURAUD/AUDUSD"": -0.31093367860651805, ""GBPCAD/USDCAD"": 0.7854865692584787}, ""entry"": 2.25, ""exit_z"": 0.2, ""nested"": ""opt2024_val2025"", ""pairs"": [""EURAUD/AUDUSD:w40"", ""AUDUSD/NZDUSD:w40"", ""GBPCAD/USDCAD:w40""], ""risk_frac"": 0.01, ""sizing"": ""unit_residual"", ""sleeve_budget"": 1.0}",-inf,8.970386477236136e-07,0.8190087242318246,0.625,False,False,unit_residual,8.453964704969629e-05,8.970386477236136e-07
real_n3_unit_residual,"{""betas_2024"": {""AUDUSD/NZDUSD"": 0.7150032270701753, ""EURAUD/AUDUSD"": -0.31093367860651805, ""GBPCAD/USDCAD"": 0.7854865692584787}, ""entry"": 2.25, ""exit_z"": 0.3, ""nested"": ""opt2024_val2025"", ""pairs"": [""EURAUD/AUDUSD:w40"", ""AUDUSD/NZDUSD:w40"", ""GBPCAD/USDCAD:w40""], ""risk_frac"": 0.005, ""sizing"": ""unit_residual"", ""sleeve_budget"": 0.55}",-inf,9.427491003896615e-06,0.7807561364748035,0.7272727272727273,False,False,unit_residual,4.4696238793046575e-05,9.427491003896615e-06
real_n3_unit_residual,"{""betas_2024"": {""AUDUSD/NZDUSD"": 0.7150032270701753, ""EURAUD/AUDUSD"": -0.31093367860651805, ""GBPCAD/USDCAD"": 0.7854865692584787}, ""entry"": 2.25, ""exit_z"": 0.3, ""nested"": ""opt2024_val2025"", ""pairs"": [""EURAUD/AUDUSD:w40"", ""AUDUSD/NZDUSD:w40"", ""GBPCAD/USDCAD:w40""], ""risk_frac"": 0.005, ""sizing"": ""unit_residual"", ""sleeve_budget"": 1.0}",-inf,1.714204099544092e-05,0.7807564002521619,0.7272727272727273,False,False,unit_residual,8.125446881629921e-05,1.714204099544092e-05
real_n3_unit_residual,"{""betas_2024"": {""AUDUSD/NZDUSD"": 0.7150032270701753, ""EURAUD/AUDUSD"": -0.31093367860651805, ""GBPCAD/USDCAD"": 0.7854865692584787}, ""entry"": 2.25, ""exit_z"": 0.3, ""nested"": ""opt2024_val2025"", ""pairs"": [""EURAUD/AUDUSD:w40"", ""AUDUSD/NZDUSD:w40"", ""GBPCAD/USDCAD:w40""], ""risk_frac"": 0.0075, ""sizing"": ""unit_residual"", ""sleeve_budget"": 0.55}",-inf,9.427491003896615e-06,0.7807561364748035,0.7272727272727273,False,False,unit_residual,4.4696238793046575e-05,9.427491003896615e-06
real_n3_unit_residual,"{""betas_2024"": {""AUDUSD/NZDUSD"": 0.7150032270701753, ""EURAUD/AUDUSD"": -0.31093367860651805, ""GBPCAD/USDCAD"": 0.7854865692584787}, ""entry"": 2.25, ""exit_z"": 0.3, ""nested"": ""opt2024_val2025"", ""pairs"": [""EURAUD/AUDUSD:w40"", ""AUDUSD/NZDUSD:w40"", ""GBPCAD/USDCAD:w40""], ""risk_frac"": 0.0075, ""sizing"": ""unit_residual"", ""sleeve_budget"": 1.0}",-inf,1.714204099544092e-05,0.7807564002521619,0.7272727272727273,False,False,unit_residual,8.125446881629921e-05,1.714204099544092e-05
real_n3_unit_residual,"{""betas_2024"": {""AUDUSD/NZDUSD"": 0.7150032270701753, ""EURAUD/AUDUSD"": -0.31093367860651805, ""GBPCAD/USDCAD"": 0.7854865692584787}, ""entry"": 2.25, ""exit_z"": 0.3, ""nested"": ""opt2024_val2025"", ""pairs"": [""EURAUD/AUDUSD:w40"", ""AUDUSD/NZDUSD:w40"", ""GBPCAD/USDCAD:w40""], ""risk_frac"": 0.01, ""sizing"": ""unit_residual"", ""sleeve_budget"": 0.55}",-inf,2.0709827490209e-05,0.7232738979290687,0.7272727272727273,False,False,unit_residual,4.184021295553205e-05,2.0709827490209e-05
real_n3_unit_residual,"{""betas_2024"": {""AUDUSD/NZDUSD"": 0.7150032270701753, ""EURAUD/AUDUSD"": -0.31093367860651805, ""GBPCAD/USDCAD"": 0.7854865692584787}, ""entry"": 2.25, ""exit_z"": 0.3, ""nested"": ""opt2024_val2025"", ""pairs"": [""EURAUD/AUDUSD:w40"", ""AUDUSD/NZDUSD:w40"", ""GBPCAD/USDCAD:w40""], ""risk_frac"": 0.01, ""sizing"": ""unit_residual"", ""sleeve_budget"": 1.0}",-inf,3.765385186930981e-05,0.7232772280918083,0.7272727272727273,False,False,unit_residual,7.606338516515225e-05,3.765385186930981e-05
real_n3_unit_residual,"{""betas_2024"": {""AUDUSD/NZDUSD"": 0.7150032270701753, ""EURAUD/AUDUSD"": -0.31093367860651805, ""GBPCAD/USDCAD"": 0.7854865692584787}, ""entry"": 2.25, ""exit_z"": 0.5, ""nested"": ""opt2024_val2025"", ""pairs"": [""EURAUD/AUDUSD:w40"", ""AUDUSD/NZDUSD:w40"", ""GBPCAD/USDCAD:w40""], ""risk_frac"": 0.005, ""sizing"": ""unit_residual"", ""sleeve_budget"": 0.55}",-inf,-1.9793836709691703e-06,0.874318365807201,0.7272727272727273,False,False,unit_residual,4.008313483902263e-05,-1.9793836709691703e-06
real_n3_unit_residual,"{""betas_2024"": {""AUDUSD/NZDUSD"": 0.7150032270701753, ""EURAUD/AUDUSD"": -0.31093367860651805, ""GBPCAD/USDCAD"": 0.7854865692584787}, ""entry"": 2.25, ""exit_z"": 0.5, ""nested"": ""opt2024_val2025"", ""pairs"": [""EURAUD/AUDUSD:w40"", ""AUDUSD/NZDUSD:w40"", ""GBPCAD/USDCAD:w40""], ""risk_frac"": 0.005, ""sizing"": ""unit_residual"", ""sleeve_budget"": 1.0}",-inf,-3.5977481846194426e-06,0.8743197381902724,0.7272727272727273,False,False,unit_residual,7.286823202259171e-05,-3.5977481846194426e-06
real_n3_unit_residual,"{""betas_2024"": {""AUDUSD/NZDUSD"": 0.7150032270701753, ""EURAUD/AUDUSD"": -0.31093367860651805, ""GBPCAD/USDCAD"": 0.7854865692584787}, ""entry"": 2.25, ""exit_z"": 0.5, ""nested"": ""opt2024_val2025"", ""pairs"": [""EURAUD/AUDUSD:w40"", ""AUDUSD/NZDUSD:w40"", ""GBPCAD/USDCAD:w40""], ""risk_frac"": 0.0075, ""sizing"": ""unit_residual"", ""sleeve_budget"": 0.55}",-inf,-1.9793836709691703e-06,0.874318365807201,0.7272727272727273,False,False,unit_residual,4.008313483902263e-05,-1.9793836709691703e-06
real_n3_unit_residual,"{""betas_2024"": {""AUDUSD/NZDUSD"": 0.7150032270701753, ""EURAUD/AUDUSD"": -0.31093367860651805, ""GBPCAD/USDCAD"": 0.7854865692584787}, ""entry"": 2.25, ""exit_z"": 0.5, ""nested"": ""opt2024_val2025"", ""pairs"": [""EURAUD/AUDUSD:w40"", ""AUDUSD/NZDUSD:w40"", ""GBPCAD/USDCAD:w40""], ""risk_frac"": 0.0075, ""sizing"": ""unit_residual"", ""sleeve_budget"": 1.0}",-inf,-3.5977481846194426e-06,0.8743197381902724,0.7272727272727273,False,False,unit_residual,7.286823202259171e-05,-3.5977481846194426e-06
real_n3_unit_residual,"{""betas_2024"": {""AUDUSD/NZDUSD"": 0.7150032270701753, ""EURAUD/AUDUSD"": -0.31093367860651805, ""GBPCAD/USDCAD"": 0.7854865692584787}, ""entry"": 2.25, ""exit_z"": 0.5, ""nested"": ""opt2024_val2025"", ""pairs"": [""EURAUD/AUDUSD:w40"", ""AUDUSD/NZDUSD:w40"", ""GBPCAD/USDCAD:w40""], ""risk_frac"": 0.01, ""sizing"": ""unit_residual"", ""sleeve_budget"": 0.55}",-inf,8.636873078685103e-06,0.7285778612432064,0.7272727272727273,False,False,unit_residual,3.704578925511903e-05,8.636873078685103e-06
real_n3_unit_residual,"{""betas_2024"": {""AUDUSD/NZDUSD"": 0.7150032270701753, ""EURAUD/AUDUSD"": -0.31093367860651805, ""GBPCAD/USDCAD"": 0.7854865692584787}, ""entry"": 2.25, ""exit_z"": 0.5, ""nested"": ""opt2024_val2025"", ""pairs"": [""EURAUD/AUDUSD:w40"", ""AUDUSD/NZDUSD:w40"", ""GBPCAD/USDCAD:w40""], ""risk_frac"": 0.01, ""sizing"": ""unit_residual"", ""sleeve_budget"": 1.0}",-inf,1.5704715823572357e-05,0.7285860054680481,0.7272727272727273,False,False,unit_residual,6.734752442719402e-05,1.5704715823572357e-05
real_n3_unit_residual,"{""betas_2024"": {""AUDUSD/NZDUSD"": 0.7150032270701753, ""EURAUD/AUDUSD"": -0.31093367860651805, ""GBPCAD/USDCAD"": 0.7854865692584787}, ""entry"": 2.5, ""exit_z"": 0.2, ""nested"": ""opt2024_val2025"", ""pairs"": [""EURAUD/AUDUSD:w40"", ""AUDUSD/NZDUSD:w40"", ""GBPCAD/USDCAD:w40""], ""risk_frac"": 0.005, ""sizing"": ""unit_residual"", ""sleeve_budget"": 0.55}",-inf,-1.0070165962439148e-05,1.0,0.375,False,False,unit_residual,3.95300125881323e-05,-1.0070165962439148e-05
real_n3_unit_residual,"{""betas_2024"": {""AUDUSD/NZDUSD"": 0.7150032270701753, ""EURAUD/AUDUSD"": -0.31093367860651805, ""GBPCAD/USDCAD"": 0.7854865692584787}, ""entry"": 2.5, ""exit_z"": 0.2, ""nested"": ""opt2024_val2025"", ""pairs"": [""EURAUD/AUDUSD:w40"", ""AUDUSD/NZDUSD:w40"", ""GBPCAD/USDCAD:w40""], ""risk_frac"": 0.005, ""sizing"": ""unit_residual"", ""sleeve_budget"": 1.0}",-inf,-1.83083664683642e-05,1.0,0.375,False,False,unit_residual,7.186478449542041e-05,-1.83083664683642e-05
real_n3_unit_residual,"{""betas_2024"": {""AUDUSD/NZDUSD"": 0.7150032270701753, ""EURAUD/AUDUSD"": -0.31093367860651805, ""GBPCAD/USDCAD"": 0.7854865692584787}, ""entry"": 2.5, ""exit_z"": 0.2, ""nested"": ""opt2024_val2025"", ""pairs"": [""EURAUD/AUDUSD:w40"", ""AUDUSD/NZDUSD:w40"", ""GBPCAD/USDCAD:w40""], ""risk_frac"": 0.0075, ""sizing"": ""unit_residual"", ""sleeve_budget"": 0.55}",-inf,-1.0070165962439148e-05,1.0,0.375,False,False,unit_residual,3.95300125881323e-05,-1.0070165962439148e-05
real_n3_unit_residual,"{""betas_2024"": {""AUDUSD/NZDUSD"": 0.7150032270701753, ""EURAUD/AUDUSD"": -0.31093367860651805, ""GBPCAD/USDCAD"": 0.7854865692584787}, ""entry"": 2.5, ""exit_z"": 0.2, ""nested"": ""opt2024_val2025"", ""pairs"": [""EURAUD/AUDUSD:w40"", ""AUDUSD/NZDUSD:w40"", ""GBPCAD/USDCAD:w40""], ""risk_frac"": 0.0075, ""sizing"": ""unit_residual"", ""sleeve_budget"": 1.0}",-inf,-1.83083664683642e-05,1.0,0.375,False,False,unit_residual,7.186478449542041e-05,-1.83083664683642e-05
real_n3_unit_residual,"{""betas_2024"": {""AUDUSD/NZDUSD"": 0.7150032270701753, ""EURAUD/AUDUSD"": -0.31093367860651805, ""GBPCAD/USDCAD"": 0.7854865692584787}, ""entry"": 2.5, ""exit_z"": 0.2, ""nested"": ""opt2024_val2025"", ""pairs"": [""EURAUD/AUDUSD:w40"", ""AUDUSD/NZDUSD:w40"", ""GBPCAD/USDCAD:w40""], ""risk_frac"": 0.01, ""sizing"": ""unit_residual"", ""sleeve_budget"": 0.55}",-inf,3.380212657791426e-06,0.9092293173477546,0.5,False,False,unit_residual,3.953011502692712e-05,3.380212657791426e-06
real_n3_unit_residual,"{""betas_2024"": {""AUDUSD/NZDUSD"": 0.7150032270701753, ""EURAUD/AUDUSD"": -0.31093367860651805, ""GBPCAD/USDCAD"": 0.7854865692584787}, ""entry"": 2.5, ""exit_z"": 0.2, ""nested"": ""opt2024_val2025"", ""pairs"": [""EURAUD/AUDUSD:w40"", ""AUDUSD/NZDUSD:w40"", ""GBPCAD/USDCAD:w40""], ""risk_frac"": 0.01, ""sizing"": ""unit_residual"", ""sleeve_budget"": 1.0}",-inf,6.146501408468841e-06,0.9092308479960438,0.5,False,False,unit_residual,7.186497068750237e-05,6.146501408468841e-06
real_n3_unit_residual,"{""betas_2024"": {""AUDUSD/NZDUSD"": 0.7150032270701753, ""EURAUD/AUDUSD"": -0.31093367860651805, ""GBPCAD/USDCAD"": 0.7854865692584787}, ""entry"": 2.5, ""exit_z"": 0.3, ""nested"": ""opt2024_val2025"", ""pairs"": [""EURAUD/AUDUSD:w40"", ""AUDUSD/NZDUSD:w40"", ""GBPCAD/USDCAD:w40""], ""risk_frac"": 0.005, ""sizing"": ""unit_residual"", ""sleeve_budget"": 0.55}",-inf,-5.060849093838082e-06,1.0,0.375,False,False,unit_residual,3.557227717582661e-05,-5.060849093838082e-06
real_n3_unit_residual,"{""betas_2024"": {""AUDUSD/NZDUSD"": 0.7150032270701753, ""EURAUD/AUDUSD"": -0.31093367860651805, ""GBPCAD/USDCAD"": 0.7854865692584787}, ""entry"": 2.5, ""exit_z"": 0.3, ""nested"": ""opt2024_val2025"", ""pairs"": [""EURAUD/AUDUSD:w40"", ""AUDUSD/NZDUSD:w40"", ""GBPCAD/USDCAD:w40""], ""risk_frac"": 0.005, ""sizing"": ""unit_residual"", ""sleeve_budget"": 1.0}",-inf,-9.200273722267949e-06,1.0,0.375,False,False,unit_residual,6.467069804925377e-05,-9.200273722267949e-06
real_n3_unit_residual,"{""betas_2024"": {""AUDUSD/NZDUSD"": 0.7150032270701753, ""EURAUD/AUDUSD"": -0.31093367860651805, ""GBPCAD/USDCAD"": 0.7854865692584787}, ""entry"": 2.5, ""exit_z"": 0.3, ""nested"": ""opt2024_val2025"", ""pairs"": [""EURAUD/AUDUSD:w40"", ""AUDUSD/NZDUSD:w40"", ""GBPCAD/USDCAD:w40""], ""risk_frac"": 0.0075, ""sizing"": ""unit_residual"", ""sleeve_budget"": 0.55}",-inf,-5.060849093838082e-06,1.0,0.375,False,False,unit_residual,3.557227717582661e-05,-5.060849093838082e-06
real_n3_unit_residual,"{""betas_2024"": {""AUDUSD/NZDUSD"": 0.7150032270701753, ""EURAUD/AUDUSD"": -0.31093367860651805, ""GBPCAD/USDCAD"": 0.7854865692584787}, ""entry"": 2.5, ""exit_z"": 0.3, ""nested"": ""opt2024_val2025"", ""pairs"": [""EURAUD/AUDUSD:w40"", ""AUDUSD/NZDUSD:w40"", ""GBPCAD/USDCAD:w40""], ""risk_frac"": 0.0075, ""sizing"": ""unit_residual"", ""sleeve_budget"": 1.0}",-inf,-9.200273722267949e-06,1.0,0.375,False,False,unit_residual,6.467069804925377e-05,-9.200273722267949e-06
real_n3_unit_residual,"{""betas_2024"": {""AUDUSD/NZDUSD"": 0.7150032270701753, ""EURAUD/AUDUSD"": -0.31093367860651805, ""GBPCAD/USDCAD"": 0.7854865692584787}, ""entry"": 2.5, ""exit_z"": 0.3, ""nested"": ""opt2024_val2025"", ""pairs"": [""EURAUD/AUDUSD:w40"", ""AUDUSD/NZDUSD:w40"", ""GBPCAD/USDCAD:w40""], ""risk_frac"": 0.01, ""sizing"": ""unit_residual"", ""sleeve_budget"": 0.55}",-inf,8.38896495396202e-06,0.821558517165512,0.5,False,False,unit_residual,3.557235497310028e-05,8.38896495396202e-06
real_n3_unit_residual,"{""betas_2024"": {""AUDUSD/NZDUSD"": 0.7150032270701753, ""EURAUD/AUDUSD"": -0.31093367860651805, ""GBPCAD/USDCAD"": 0.7854865692584787}, ""entry"": 2.5, ""exit_z"": 0.3, ""nested"": ""opt2024_val2025"", ""pairs"": [""EURAUD/AUDUSD:w40"", ""AUDUSD/NZDUSD:w40"", ""GBPCAD/USDCAD:w40""], ""risk_frac"": 0.01, ""sizing"": ""unit_residual"", ""sleeve_budget"": 1.0}",-inf,1.5252727857059667e-05,0.8215673760542065,0.5,False,False,unit_residual,6.467083945727037e-05,1.5252727857059667e-05
real_n3_unit_residual,"{""betas_2024"": {""AUDUSD/NZDUSD"": 0.7150032270701753, ""EURAUD/AUDUSD"": -0.31093367860651805, ""GBPCAD/USDCAD"": 0.7854865692584787}, ""entry"": 2.5, ""exit_z"": 0.5, ""nested"": ""opt2024_val2025"", ""pairs"": [""EURAUD/AUDUSD:w40"", ""AUDUSD/NZDUSD:w40"", ""GBPCAD/USDCAD:w40""], ""risk_frac"": 0.005, ""sizing"": ""unit_residual"", ""sleeve_budget"": 0.55}",-inf,-9.438948165116368e-06,1.0,0.375,False,False,unit_residual,3.323344687854547e-05,-9.438948165116368e-06
real_n3_unit_residual,"{""betas_2024"": {""AUDUSD/NZDUSD"": 0.7150032270701753, ""EURAUD/AUDUSD"": -0.31093367860651805, ""GBPCAD/USDCAD"": 0.7854865692584787}, ""entry"": 2.5, ""exit_z"": 0.5, ""nested"": ""opt2024_val2025"", ""pairs"": [""EURAUD/AUDUSD:w40"", ""AUDUSD/NZDUSD:w40"", ""GBPCAD/USDCAD:w40""], ""risk_frac"": 0.005, ""sizing"": ""unit_residual"", ""sleeve_budget"": 1.0}",-inf,-1.7160583516293015e-05,1.0,0.375,False,False,unit_residual,6.04180168322391e-05,-1.7160583516293015e-05
real_n3_unit_residual,"{""betas_2024"": {""AUDUSD/NZDUSD"": 0.7150032270701753, ""EURAUD/AUDUSD"": -0.31093367860651805, ""GBPCAD/USDCAD"": 0.7854865692584787}, ""entry"": 2.5, ""exit_z"": 0.5, ""nested"": ""opt2024_val2025"", ""pairs"": [""EURAUD/AUDUSD:w40"", ""AUDUSD/NZDUSD:w40"", ""GBPCAD/USDCAD:w40""], ""risk_frac"": 0.0075, ""sizing"": ""unit_residual"", ""sleeve_budget"": 0.55}",-inf,-9.438948165116368e-06,1.0,0.375,False,False,unit_residual,3.323344687854547e-05,-9.438948165116368e-06
real_n3_unit_residual,"{""betas_2024"": {""AUDUSD/NZDUSD"": 0.7150032270701753, ""EURAUD/AUDUSD"": -0.31093367860651805, ""GBPCAD/USDCAD"": 0.7854865692584787}, ""entry"": 2.5, ""exit_z"": 0.5, ""nested"": ""opt2024_val2025"", ""pairs"": [""EURAUD/AUDUSD:w40"", ""AUDUSD/NZDUSD:w40"", ""GBPCAD/USDCAD:w40""], ""risk_frac"": 0.0075, ""sizing"": ""unit_residual"", ""sleeve_budget"": 1.0}",-inf,-1.7160583516293015e-05,1.0,0.375,False,False,unit_residual,6.04180168322391e-05,-1.7160583516293015e-05
real_n3_unit_residual,"{""betas_2024"": {""AUDUSD/NZDUSD"": 0.7150032270701753, ""EURAUD/AUDUSD"": -0.31093367860651805, ""GBPCAD/USDCAD"": 0.7854865692584787}, ""entry"": 2.5, ""exit_z"": 0.5, ""nested"": ""opt2024_val2025"", ""pairs"": [""EURAUD/AUDUSD:w40"", ""AUDUSD/NZDUSD:w40"", ""GBPCAD/USDCAD:w40""], ""risk_frac"": 0.01, ""sizing"": ""unit_residual"", ""sleeve_budget"": 0.55}",-inf,3.3446872895748214e-06,0.7884771966922591,0.5,False,False,unit_residual,3.323352467621277e-05,3.3446872895748214e-06
real_n3_unit_residual,"{""betas_2024"": {""AUDUSD/NZDUSD"": 0.7150032270701753, ""EURAUD/AUDUSD"": -0.31093367860651805, ""GBPCAD/USDCAD"": 0.7854865692584787}, ""entry"": 2.5, ""exit_z"": 0.5, ""nested"": ""opt2024_val2025"", ""pairs"": [""EURAUD/AUDUSD:w40"", ""AUDUSD/NZDUSD:w40"", ""GBPCAD/USDCAD:w40""], ""risk_frac"": 0.01, ""sizing"": ""unit_residual"", ""sleeve_budget"": 1.0}",-inf,6.081901183674354e-06,0.7884789494483045,0.5,False,False,unit_residual,6.0418158241587975e-05,6.081901183674354e-06
real_n3_unit_residual,"{""betas_2024"": {""AUDUSD/NZDUSD"": 0.7150032270701753, ""EURAUD/AUDUSD"": -0.31093367860651805, ""GBPCAD/USDCAD"": 0.7854865692584787}, ""entry"": 1.5, ""exit_z"": 0.2, ""nested"": ""opt2024_val2025"", ""pairs"": [""EURAUD/AUDUSD:w60"", ""AUDUSD/NZDUSD:w60"", ""GBPCAD/USDCAD:w60""], ""risk_frac"": 0.005, ""sizing"": ""unit_residual"", ""sleeve_budget"": 0.55}",-inf,-1.0477736799491266e-05,0.9979815041447602,0.5,False,False,unit_residual,3.2719008764094745e-05,-1.0477736799491266e-05
real_n3_unit_residual,"{""betas_2024"": {""AUDUSD/NZDUSD"": 0.7150032270701753, ""EURAUD/AUDUSD"": -0.31093367860651805, ""GBPCAD/USDCAD"": 0.7854865692584787}, ""entry"": 1.5, ""exit_z"": 0.2, ""nested"": ""opt2024_val2025"", ""pairs"": [""EURAUD/AUDUSD:w60"", ""AUDUSD/NZDUSD:w60"", ""GBPCAD/USDCAD:w60""], ""risk_frac"": 0.005, ""sizing"": ""unit_residual"", ""sleeve_budget"": 1.0}",-inf,-1.904858050839897e-05,0.9979816744134411,0.5,False,False,unit_residual,5.948278530340271e-05,-1.904858050839897e-05
real_n3_unit_residual,"{""betas_2024"": {""AUDUSD/NZDUSD"": 0.7150032270701753, ""EURAUD/AUDUSD"": -0.31093367860651805, ""GBPCAD/USDCAD"": 0.7854865692584787}, ""entry"": 1.5, ""exit_z"": 0.2, ""nested"": ""opt2024_val2025"", ""pairs"": [""EURAUD/AUDUSD:w60"", ""AUDUSD/NZDUSD:w60"", ""GBPCAD/USDCAD:w60""], ""risk_frac"": 0.0075, ""sizing"": ""unit_residual"", ""sleeve_budget"": 0.55}",-inf,-1.0477736799491266e-05,0.9979815041447602,0.5,False,False,unit_residual,3.2719008764094745e-05,-1.0477736799491266e-05
real_n3_unit_residual,"{""betas_2024"": {""AUDUSD/NZDUSD"": 0.7150032270701753, ""EURAUD/AUDUSD"": -0.31093367860651805, ""GBPCAD/USDCAD"": 0.7854865692584787}, ""entry"": 1.5, ""exit_z"": 0.2, ""nested"": ""opt2024_val2025"", ""pairs"": [""EURAUD/AUDUSD:w60"", ""AUDUSD/NZDUSD:w60"", ""GBPCAD/USDCAD:w60""], ""risk_frac"": 0.0075, ""sizing"": ""unit_residual"", ""sleeve_budget"": 1.0}",-inf,-1.904858050839897e-05,0.9979816744134411,0.5,False,False,unit_residual,5.948278530340271e-05,-1.904858050839897e-05
real_n3_unit_residual,"{""betas_2024"": {""AUDUSD/NZDUSD"": 0.7150032270701753, ""EURAUD/AUDUSD"": -0.31093367860651805, ""GBPCAD/USDCAD"": 0.7854865692584787}, ""entry"": 1.5, ""exit_z"": 0.2, ""nested"": ""opt2024_val2025"", ""pairs"": [""EURAUD/AUDUSD:w60"", ""AUDUSD/NZDUSD:w60"", ""GBPCAD/USDCAD:w60""], ""risk_frac"": 0.01, ""sizing"": ""unit_residual"", ""sleeve_budget"": 0.55}",-inf,-5.433887603586984e-06,0.9129696656014715,0.5,False,False,unit_residual,2.9580241995457772e-05,-5.433887603586984e-06
real_n3_unit_residual,"{""betas_2024"": {""AUDUSD/NZDUSD"": 0.7150032270701753, ""EURAUD/AUDUSD"": -0.31093367860651805, ""GBPCAD/USDCAD"": 0.7854865692584787}, ""entry"": 1.5, ""exit_z"": 0.2, ""nested"": ""opt2024_val2025"", ""pairs"": [""EURAUD/AUDUSD:w60"", ""AUDUSD/NZDUSD:w60"", ""GBPCAD/USDCAD:w60""], ""risk_frac"": 0.01, ""sizing"": ""unit_residual"", ""sleeve_budget"": 1.0}",-inf,-9.877403009769803e-06,0.9129674012472324,0.5,False,False,unit_residual,5.3777765538458183e-05,-9.877403009769803e-06
real_n3_unit_residual,"{""betas_2024"": {""AUDUSD/NZDUSD"": 0.7150032270701753, ""EURAUD/AUDUSD"": -0.31093367860651805, ""GBPCAD/USDCAD"": 0.7854865692584787}, ""entry"": 1.5, ""exit_z"": 0.3, ""nested"": ""opt2024_val2025"", ""pairs"": [""EURAUD/AUDUSD:w60"", ""AUDUSD/NZDUSD:w60"", ""GBPCAD/USDCAD:w60""], ""risk_frac"": 0.005, ""sizing"": ""unit_residual"", ""sleeve_budget"": 0.55}",-inf,3.6836188541528037e-06,0.9604059075962105,0.45454545454545453,False,False,unit_residual,3.0269604895100617e-05,3.6836188541528037e-06
real_n3_unit_residual,"{""betas_2024"": {""AUDUSD/NZDUSD"": 0.7150032270701753, ""EURAUD/AUDUSD"": -0.31093367860651805, ""GBPCAD/USDCAD"": 0.7854865692584787}, ""entry"": 1.5, ""exit_z"": 0.3, ""nested"": ""opt2024_val2025"", ""pairs"": [""EURAUD/AUDUSD:w60"", ""AUDUSD/NZDUSD:w60"", ""GBPCAD/USDCAD:w60""], ""risk_frac"": 0.005, ""sizing"": ""unit_residual"", ""sleeve_budget"": 1.0}",-inf,6.699765769405119e-06,0.9604053613212069,0.45454545454545453,False,False,unit_residual,5.503066223072112e-05,6.699765769405119e-06
real_n3_unit_residual,"{""betas_2024"": {""AUDUSD/NZDUSD"": 0.7150032270701753, ""EURAUD/AUDUSD"": -0.31093367860651805, ""GBPCAD/USDCAD"": 0.7854865692584787}, ""entry"": 1.5, ""exit_z"": 0.3, ""nested"": ""opt2024_val2025"", ""pairs"": [""EURAUD/AUDUSD:w60"", ""AUDUSD/NZDUSD:w60"", ""GBPCAD/USDCAD:w60""], ""risk_frac"": 0.0075, ""sizing"": ""unit_residual"", ""sleeve_budget"": 0.55}",-inf,3.6836188541528037e-06,0.9604059075962105,0.45454545454545453,False,False,unit_residual,3.0269604895100617e-05,3.6836188541528037e-06
real_n3_unit_residual,"{""betas_2024"": {""AUDUSD/NZDUSD"": 0.7150032270701753, ""EURAUD/AUDUSD"": -0.31093367860651805, ""GBPCAD/USDCAD"": 0.7854865692584787}, ""entry"": 1.5, ""exit_z"": 0.3, ""nested"": ""opt2024_val2025"", ""pairs"": [""EURAUD/AUDUSD:w60"", ""AUDUSD/NZDUSD:w60"", ""GBPCAD/USDCAD:w60""], ""risk_frac"": 0.0075, ""sizing"": ""unit_residual"", ""sleeve_budget"": 1.0}",-inf,6.699765769405119e-06,0.9604053613212069,0.45454545454545453,False,False,unit_residual,5.503066223072112e-05,6.699765769405119e-06
real_n3_unit_residual,"{""betas_2024"": {""AUDUSD/NZDUSD"": 0.7150032270701753, ""EURAUD/AUDUSD"": -0.31093367860651805, ""GBPCAD/USDCAD"": 0.7854865692584787}, ""entry"": 1.5, ""exit_z"": 0.3, ""nested"": ""opt2024_val2025"", ""pairs"": [""EURAUD/AUDUSD:w60"", ""AUDUSD/NZDUSD:w60"", ""GBPCAD/USDCAD:w60""], ""risk_frac"": 0.01, ""sizing"": ""unit_residual"", ""sleeve_budget"": 0.55}",-inf,8.931677825993467e-06,0.8725861925003918,0.5454545454545454,False,False,unit_residual,2.9113226272061496e-05,8.931677825993467e-06
real_n3_unit_residual,"{""betas_2024"": {""AUDUSD/NZDUSD"": 0.7150032270701753, ""EURAUD/AUDUSD"": -0.31093367860651805, ""GBPCAD/USDCAD"": 0.7854865692584787}, ""entry"": 1.5, ""exit_z"": 0.3, ""nested"": ""opt2024_val2025"", ""pairs"": [""EURAUD/AUDUSD:w60"", ""AUDUSD/NZDUSD:w60"", ""GBPCAD/USDCAD:w60""], ""risk_frac"": 0.01, ""sizing"": ""unit_residual"", ""sleeve_budget"": 1.0}",-inf,1.6241824098456314e-05,0.8725912150035485,0.5454545454545454,False,False,unit_residual,5.2929015250093656e-05,1.6241824098456314e-05
real_n3_unit_residual,"{""betas_2024"": {""AUDUSD/NZDUSD"": 0.7150032270701753, ""EURAUD/AUDUSD"": -0.31093367860651805, ""GBPCAD/USDCAD"": 0.7854865692584787}, ""entry"": 1.5, ""exit_z"": 0.5, ""nested"": ""opt2024_val2025"", ""pairs"": [""EURAUD/AUDUSD:w60"", ""AUDUSD/NZDUSD:w60"", ""GBPCAD/USDCAD:w60""], ""risk_frac"": 0.005, ""sizing"": ""unit_residual"", ""sleeve_budget"": 0.55}",-inf,1.0619398036856853e-05,0.824626169861709,0.5454545454545454,False,False,unit_residual,2.160677990913452e-05,1.0619398036856853e-05
real_n3_unit_residual,"{""betas_2024"": {""AUDUSD/NZDUSD"": 0.7150032270701753, ""EURAUD/AUDUSD"": -0.31093367860651805, ""GBPCAD/USDCAD"": 0.7854865692584787}, ""entry"": 1.5, ""exit_z"": 0.5, ""nested"": ""opt2024_val2025"", ""pairs"": [""EURAUD/AUDUSD:w60"", ""AUDUSD/NZDUSD:w60"", ""GBPCAD/USDCAD:w60""], ""risk_frac"": 0.005, ""sizing"": ""unit_residual"", ""sleeve_budget"": 1.0}",-inf,1.93098115832957e-05,0.8246231915899854,0.5454545454545454,False,False,unit_residual,3.92848678349181e-05,1.93098115832957e-05
real_n3_unit_residual,"{""betas_2024"": {""AUDUSD/NZDUSD"": 0.7150032270701753, ""EURAUD/AUDUSD"": -0.31093367860651805, ""GBPCAD/USDCAD"": 0.7854865692584787}, ""entry"": 1.5, ""exit_z"": 0.5, ""nested"": ""opt2024_val2025"", ""pairs"": [""EURAUD/AUDUSD:w60"", ""AUDUSD/NZDUSD:w60"", ""GBPCAD/USDCAD:w60""], ""risk_frac"": 0.0075, ""sizing"": ""unit_residual"", ""sleeve_budget"": 0.55}",-inf,1.0619398036856853e-05,0.824626169861709,0.5454545454545454,False,False,unit_residual,2.160677990913452e-05,1.0619398036856853e-05
real_n3_unit_residual,"{""betas_2024"": {""AUDUSD/NZDUSD"": 0.7150032270701753, ""EURAUD/AUDUSD"": -0.31093367860651805, ""GBPCAD/USDCAD"": 0.7854865692584787}, ""entry"": 1.5, ""exit_z"": 0.5, ""nested"": ""opt2024_val2025"", ""pairs"": [""EURAUD/AUDUSD:w60"", ""AUDUSD/NZDUSD:w60"", ""GBPCAD/USDCAD:w60""], ""risk_frac"": 0.0075, ""sizing"": ""unit_residual"", ""sleeve_budget"": 1.0}",-inf,1.93098115832957e-05,0.8246231915899854,0.5454545454545454,False,False,unit_residual,3.92848678349181e-05,1.93098115832957e-05
real_n3_unit_residual,"{""betas_2024"": {""AUDUSD/NZDUSD"": 0.7150032270701753, ""EURAUD/AUDUSD"": -0.31093367860651805, ""GBPCAD/USDCAD"": 0.7854865692584787}, ""entry"": 1.5, ""exit_z"": 0.5, ""nested"": ""opt2024_val2025"", ""pairs"": [""EURAUD/AUDUSD:w60"", ""AUDUSD/NZDUSD:w60"", ""GBPCAD/USDCAD:w60""], ""risk_frac"": 0.01, ""sizing"": ""unit_residual"", ""sleeve_budget"": 0.55}",-inf,1.6283439011374745e-05,0.7688918836057024,0.5454545454545454,False,False,unit_residual,2.0400133910540447e-05,1.6283439011374745e-05
real_n3_unit_residual,"{""betas_2024"": {""AUDUSD/NZDUSD"": 0.7150032270701753, ""EURAUD/AUDUSD"": -0.31093367860651805, ""GBPCAD/USDCAD"": 0.7854865692584787}, ""entry"": 1.5, ""exit_z"": 0.5, ""nested"": ""opt2024_val2025"", ""pairs"": [""EURAUD/AUDUSD:w60"", ""AUDUSD/NZDUSD:w60"", ""GBPCAD/USDCAD:w60""], ""risk_frac"": 0.01, ""sizing"": ""unit_residual"", ""sleeve_budget"": 1.0}",-inf,2.9607392140446054e-05,0.7689039132795832,0.5454545454545454,False,False,unit_residual,3.709154037570802e-05,2.9607392140446054e-05
real_n3_unit_residual,"{""betas_2024"": {""AUDUSD/NZDUSD"": 0.7150032270701753, ""EURAUD/AUDUSD"": -0.31093367860651805, ""GBPCAD/USDCAD"": 0.7854865692584787}, ""entry"": 1.75, ""exit_z"": 0.2, ""nested"": ""opt2024_val2025"", ""pairs"": [""EURAUD/AUDUSD:w60"", ""AUDUSD/NZDUSD:w60"", ""GBPCAD/USDCAD:w60""], ""risk_frac"": 0.005, ""sizing"": ""unit_residual"", ""sleeve_budget"": 0.55}",-inf,-1.0199207786873443e-05,1.0,0.375,False,False,unit_residual,4.45656294233331e-05,-1.0199207786873443e-05
real_n3_unit_residual,"{""betas_2024"": {""AUDUSD/NZDUSD"": 0.7150032270701753, ""EURAUD/AUDUSD"": -0.31093367860651805, ""GBPCAD/USDCAD"": 0.7854865692584787}, ""entry"": 1.75, ""exit_z"": 0.2, ""nested"": ""opt2024_val2025"", ""pairs"": [""EURAUD/AUDUSD:w60"", ""AUDUSD/NZDUSD:w60"", ""GBPCAD/USDCAD:w60""], ""risk_frac"": 0.005, ""sizing"": ""unit_residual"", ""sleeve_budget"": 1.0}",-inf,-1.8542482886185763e-05,1.0,0.375,False,False,unit_residual,8.101722014734621e-05,-1.8542482886185763e-05
real_n3_unit_residual,"{""betas_2024"": {""AUDUSD/NZDUSD"": 0.7150032270701753, ""EURAUD/AUDUSD"": -0.31093367860651805, ""GBPCAD/USDCAD"": 0.7854865692584787}, ""entry"": 1.75, ""exit_z"": 0.2, ""nested"": ""opt2024_val2025"", ""pairs"": [""EURAUD/AUDUSD:w60"", ""AUDUSD/NZDUSD:w60"", ""GBPCAD/USDCAD:w60""], ""risk_frac"": 0.0075, ""sizing"": ""unit_residual"", ""sleeve_budget"": 0.55}",-inf,-1.0199207786873443e-05,1.0,0.375,False,False,unit_residual,4.45656294233331e-05,-1.0199207786873443e-05
real_n3_unit_residual,"{""betas_2024"": {""AUDUSD/NZDUSD"": 0.7150032270701753, ""EURAUD/AUDUSD"": -0.31093367860651805, ""GBPCAD/USDCAD"": 0.7854865692584787}, ""entry"": 1.75, ""exit_z"": 0.2, ""nested"": ""opt2024_val2025"", ""pairs"": [""EURAUD/AUDUSD:w60"", ""AUDUSD/NZDUSD:w60"", ""GBPCAD/USDCAD:w60""], ""risk_frac"": 0.0075, ""sizing"": ""unit_residual"", ""sleeve_budget"": 1.0}",-inf,-1.8542482886185763e-05,1.0,0.375,False,False,unit_residual,8.101722014734621e-05,-1.8542482886185763e-05
real_n3_unit_residual,"{""betas_2024"": {""AUDUSD/NZDUSD"": 0.7150032270701753, ""EURAUD/AUDUSD"": -0.31093367860651805, ""GBPCAD/USDCAD"": 0.7854865692584787}, ""entry"": 1.75, ""exit_z"": 0.2, ""nested"": ""opt2024_val2025"", ""pairs"": [""EURAUD/AUDUSD:w60"", ""AUDUSD/NZDUSD:w60"", ""GBPCAD/USDCAD:w60""], ""risk_frac"": 0.01, ""sizing"": ""unit_residual"", ""sleeve_budget"": 0.55}",-inf,-5.962236087966866e-06,0.9128840491263983,0.5,False,False,unit_residual,4.195394586337109e-05,-5.962236087966866e-06
real_n3_unit_residual,"{""betas_2024"": {""AUDUSD/NZDUSD"": 0.7150032270701753, ""EURAUD/AUDUSD"": -0.31093367860651805, ""GBPCAD/USDCAD"": 0.7854865692584787}, ""entry"": 1.75, ""exit_z"": 0.2, ""nested"": ""opt2024_val2025"", ""pairs"": [""EURAUD/AUDUSD:w60"", ""AUDUSD/NZDUSD:w60"", ""GBPCAD/USDCAD:w60""], ""risk_frac"": 0.01, ""sizing"": ""unit_residual"", ""sleeve_budget"": 1.0}",-inf,-1.08383899606046e-05,0.91288269298868,0.5,False,False,unit_residual,7.627072187884912e-05,-1.08383899606046e-05
real_n3_unit_residual,"{""betas_2024"": {""AUDUSD/NZDUSD"": 0.7150032270701753, ""EURAUD/AUDUSD"": -0.31093367860651805, ""GBPCAD/USDCAD"": 0.7854865692584787}, ""entry"": 1.75, ""exit_z"": 0.3, ""nested"": ""opt2024_val2025"", ""pairs"": [""EURAUD/AUDUSD:w60"", ""AUDUSD/NZDUSD:w60"", ""GBPCAD/USDCAD:w60""], ""risk_frac"": 0.005, ""sizing"": ""unit_residual"", ""sleeve_budget"": 0.55}",-inf,2.713496384754155e-06,0.961950355200186,0.5,False,False,unit_residual,3.851247241659639e-05,2.713496384754155e-06
real_n3_unit_residual,"{""betas_2024"": {""AUDUSD/NZDUSD"": 0.7150032270701753, ""EURAUD/AUDUSD"": -0.31093367860651805, ""GBPCAD/USDCAD"": 0.7854865692584787}, ""entry"": 1.75, ""exit_z"": 0.3, ""nested"": ""opt2024_val2025"", ""pairs"": [""EURAUD/AUDUSD:w60"", ""AUDUSD/NZDUSD:w60"", ""GBPCAD/USDCAD:w60""], ""risk_frac"": 0.005, ""sizing"": ""unit_residual"", ""sleeve_budget"": 1.0}",-inf,4.935652676840707e-06,0.9619500655571089,0.5,False,False,unit_residual,7.001468684766163e-05,4.935652676840707e-06
real_n3_unit_residual,"{""betas_2024"": {""AUDUSD/NZDUSD"": 0.7150032270701753, ""EURAUD/AUDUSD"": -0.31093367860651805, ""GBPCAD/USDCAD"": 0.7854865692584787}, ""entry"": 1.75, ""exit_z"": 0.3, ""nested"": ""opt2024_val2025"", ""pairs"": [""EURAUD/AUDUSD:w60"", ""AUDUSD/NZDUSD:w60"", ""GBPCAD/USDCAD:w60""], ""risk_frac"": 0.0075, ""sizing"": ""unit_residual"", ""sleeve_budget"": 0.55}",-inf,2.713496384754155e-06,0.961950355200186,0.5,False,False,unit_residual,3.851247241659639e-05,2.713496384754155e-06
real_n3_unit_residual,"{""betas_2024"": {""AUDUSD/NZDUSD"": 0.7150032270701753, ""EURAUD/AUDUSD"": -0.31093367860651805, ""GBPCAD/USDCAD"": 0.7854865692584787}, ""entry"": 1.75, ""exit_z"": 0.3, ""nested"": ""opt2024_val2025"", ""pairs"": [""EURAUD/AUDUSD:w60"", ""AUDUSD/NZDUSD:w60"", ""GBPCAD/USDCAD:w60""], ""risk_frac"": 0.0075, ""sizing"": ""unit_residual"", ""sleeve_budget"": 1.0}",-inf,4.935652676840707e-06,0.9619500655571089,0.5,False,False,unit_residual,7.001468684766163e-05,4.935652676840707e-06
real_n3_unit_residual,"{""betas_2024"": {""AUDUSD/NZDUSD"": 0.7150032270701753, ""EURAUD/AUDUSD"": -0.31093367860651805, ""GBPCAD/USDCAD"": 0.7854865692584787}, ""entry"": 1.75, ""exit_z"": 0.3, ""nested"": ""opt2024_val2025"", ""pairs"": [""EURAUD/AUDUSD:w60"", ""AUDUSD/NZDUSD:w60"", ""GBPCAD/USDCAD:w60""], ""risk_frac"": 0.01, ""sizing"": ""unit_residual"", ""sleeve_budget"": 0.55}",-inf,7.154571993475689e-06,0.8890034027862149,0.625,False,False,unit_residual,3.7882988828382e-05,7.154571993475689e-06
real_n3_unit_residual,"{""betas_2024"": {""AUDUSD/NZDUSD"": 0.7150032270701753, ""EURAUD/AUDUSD"": -0.31093367860651805, ""GBPCAD/USDCAD"": 0.7854865692584787}, ""entry"": 1.75, ""exit_z"": 0.3, ""nested"": ""opt2024_val2025"", ""pairs"": [""EURAUD/AUDUSD:w60"", ""AUDUSD/NZDUSD:w60"", ""GBPCAD/USDCAD:w60""], ""risk_frac"": 0.01, ""sizing"": ""unit_residual"", ""sleeve_budget"": 1.0}",-inf,1.3010383779599177e-05,0.8890019212053548,0.625,False,False,unit_residual,6.887094127489506e-05,1.3010383779599177e-05
real_n3_unit_residual,"{""betas_2024"": {""AUDUSD/NZDUSD"": 0.7150032270701753, ""EURAUD/AUDUSD"": -0.31093367860651805, ""GBPCAD/USDCAD"": 0.7854865692584787}, ""entry"": 1.75, ""exit_z"": 0.5, ""nested"": ""opt2024_val2025"", ""pairs"": [""EURAUD/AUDUSD:w60"", ""AUDUSD/NZDUSD:w60"", ""GBPCAD/USDCAD:w60""], ""risk_frac"": 0.005, ""sizing"": ""unit_residual"", ""sleeve_budget"": 0.55}",-inf,9.081395683507854e-07,0.8538187231677052,0.625,False,False,unit_residual,3.135796681022737e-05,9.081395683507854e-07
real_n3_unit_residual,"{""betas_2024"": {""AUDUSD/NZDUSD"": 0.7150032270701753, ""EURAUD/AUDUSD"": -0.31093367860651805, ""GBPCAD/USDCAD"": 0.7854865692584787}, ""entry"": 1.75, ""exit_z"": 0.5, ""nested"": ""opt2024_val2025"", ""pairs"": [""EURAUD/AUDUSD:w60"", ""AUDUSD/NZDUSD:w60"", ""GBPCAD/USDCAD:w60""], ""risk_frac"": 0.005, ""sizing"": ""unit_residual"", ""sleeve_budget"": 1.0}",-inf,1.6523320422318077e-06,0.8538204780647931,0.625,False,False,unit_residual,5.701107202808627e-05,1.6523320422318077e-06
real_n3_unit_residual,"{""betas_2024"": {""AUDUSD/NZDUSD"": 0.7150032270701753, ""EURAUD/AUDUSD"": -0.31093367860651805, ""GBPCAD/USDCAD"": 0.7854865692584787}, ""entry"": 1.75, ""exit_z"": 0.5, ""nested"": ""opt2024_val2025"", ""pairs"": [""EURAUD/AUDUSD:w60"", ""AUDUSD/NZDUSD:w60"", ""GBPCAD/USDCAD:w60""], ""risk_frac"": 0.0075, ""sizing"": ""unit_residual"", ""sleeve_budget"": 0.55}",-inf,9.081395683507854e-07,0.8538187231677052,0.625,False,False,unit_residual,3.135796681022737e-05,9.081395683507854e-07
real_n3_unit_residual,"{""betas_2024"": {""AUDUSD/NZDUSD"": 0.7150032270701753, ""EURAUD/AUDUSD"": -0.31093367860651805, ""GBPCAD/USDCAD"": 0.7854865692584787}, ""entry"": 1.75, ""exit_z"": 0.5, ""nested"": ""opt2024_val2025"", ""pairs"": [""EURAUD/AUDUSD:w60"", ""AUDUSD/NZDUSD:w60"", ""GBPCAD/USDCAD:w60""], ""risk_frac"": 0.0075, ""sizing"": ""unit_residual"", ""sleeve_budget"": 1.0}",-inf,1.6523320422318077e-06,0.8538204780647931,0.625,False,False,unit_residual,5.701107202808627e-05,1.6523320422318077e-06
real_n3_unit_residual,"{""betas_2024"": {""AUDUSD/NZDUSD"": 0.7150032270701753, ""EURAUD/AUDUSD"": -0.31093367860651805, ""GBPCAD/USDCAD"": 0.7854865692584787}, ""entry"": 1.75, ""exit_z"": 0.5, ""nested"": ""opt2024_val2025"", ""pairs"": [""EURAUD/AUDUSD:w60"", ""AUDUSD/NZDUSD:w60"", ""GBPCAD/USDCAD:w60""], ""risk_frac"": 0.01, ""sizing"": ""unit_residual"", ""sleeve_budget"": 0.55}",-inf,5.183694800833805e-06,0.7172992493316271,0.6363636363636364,False,False,unit_residual,3.0678129632472576e-05,5.183694800833805e-06
real_n3_unit_residual,"{""betas_2024"": {""AUDUSD/NZDUSD"": 0.7150032270701753, ""EURAUD/AUDUSD"": -0.31093367860651805, ""GBPCAD/USDCAD"": 0.7854865692584787}, ""entry"": 1.75, ""exit_z"": 0.5, ""nested"": ""opt2024_val2025"", ""pairs"": [""EURAUD/AUDUSD:w60"", ""AUDUSD/NZDUSD:w60"", ""GBPCAD/USDCAD:w60""], ""risk_frac"": 0.01, ""sizing"": ""unit_residual"", ""sleeve_budget"": 1.0}",-inf,9.425972037221952e-06,0.7172985840574205,0.6363636363636364,False,False,unit_residual,5.5775536811312904e-05,9.425972037221952e-06
real_n3_unit_residual,"{""betas_2024"": {""AUDUSD/NZDUSD"": 0.7150032270701753, ""EURAUD/AUDUSD"": -0.31093367860651805, ""GBPCAD/USDCAD"": 0.7854865692584787}, ""entry"": 2.0, ""exit_z"": 0.2, ""nested"": ""opt2024_val2025"", ""pairs"": [""EURAUD/AUDUSD:w60"", ""AUDUSD/NZDUSD:w60"", ""GBPCAD/USDCAD:w60""], ""risk_frac"": 0.005, ""sizing"": ""unit_residual"", ""sleeve_budget"": 0.55}",-inf,-9.284118513086526e-06,1.0,0.375,False,False,unit_residual,4.782385535045447e-05,-9.284118513086526e-06
real_n3_unit_residual,"{""betas_2024"": {""AUDUSD/NZDUSD"": 0.7150032270701753, ""EURAUD/AUDUSD"": -0.31093367860651805, ""GBPCAD/USDCAD"": 0.7854865692584787}, ""entry"": 2.0, ""exit_z"": 0.2, ""nested"": ""opt2024_val2025"", ""pairs"": [""EURAUD/AUDUSD:w60"", ""AUDUSD/NZDUSD:w60"", ""GBPCAD/USDCAD:w60""], ""risk_frac"": 0.005, ""sizing"": ""unit_residual"", ""sleeve_budget"": 1.0}",-inf,-1.6878864796787685e-05,1.0,0.375,False,False,unit_residual,8.693890900544268e-05,-1.6878864796787685e-05
real_n3_unit_residual,"{""betas_2024"": {""AUDUSD/NZDUSD"": 0.7150032270701753, ""EURAUD/AUDUSD"": -0.31093367860651805, ""GBPCAD/USDCAD"": 0.7854865692584787}, ""entry"": 2.0, ""exit_z"": 0.2, ""nested"": ""opt2024_val2025"", ""pairs"": [""EURAUD/AUDUSD:w60"", ""AUDUSD/NZDUSD:w60"", ""GBPCAD/USDCAD:w60""], ""risk_frac"": 0.0075, ""sizing"": ""unit_residual"", ""sleeve_budget"": 0.55}",-inf,-9.284118513086526e-06,1.0,0.375,False,False,unit_residual,4.782385535045447e-05,-9.284118513086526e-06
real_n3_unit_residual,"{""betas_2024"": {""AUDUSD/NZDUSD"": 0.7150032270701753, ""EURAUD/AUDUSD"": -0.31093367860651805, ""GBPCAD/USDCAD"": 0.7854865692584787}, ""entry"": 2.0, ""exit_z"": 0.2, ""nested"": ""opt2024_val2025"", ""pairs"": [""EURAUD/AUDUSD:w60"", ""AUDUSD/NZDUSD:w60"", ""GBPCAD/USDCAD:w60""], ""risk_frac"": 0.0075, ""sizing"": ""unit_residual"", ""sleeve_budget"": 1.0}",-inf,-1.6878864796787685e-05,1.0,0.375,False,False,unit_residual,8.693890900544268e-05,-1.6878864796787685e-05
real_n3_unit_residual,"{""betas_2024"": {""AUDUSD/NZDUSD"": 0.7150032270701753, ""EURAUD/AUDUSD"": -0.31093367860651805, ""GBPCAD/USDCAD"": 0.7854865692584787}, ""entry"": 2.0, ""exit_z"": 0.2, ""nested"": ""opt2024_val2025"", ""pairs"": [""EURAUD/AUDUSD:w60"", ""AUDUSD/NZDUSD:w60"", ""GBPCAD/USDCAD:w60""], ""risk_frac"": 0.01, ""sizing"": ""unit_residual"", ""sleeve_budget"": 0.55}",-inf,4.4210775911185385e-06,0.8590005604463827,0.625,False,False,unit_residual,4.492101133852183e-05,4.4210775911185385e-06
real_n3_unit_residual,"{""betas_2024"": {""AUDUSD/NZDUSD"": 0.7150032270701753, ""EURAUD/AUDUSD"": -0.31093367860651805, ""GBPCAD/USDCAD"": 0.7854865692584787}, ""entry"": 2.0, ""exit_z"": 0.2, ""nested"": ""opt2024_val2025"", ""pairs"": [""EURAUD/AUDUSD:w60"", ""AUDUSD/NZDUSD:w60"", ""GBPCAD/USDCAD:w60""], ""risk_frac"": 0.01, ""sizing"": ""unit_residual"", ""sleeve_budget"": 1.0}",-inf,8.040429744685107e-06,0.8589990276396362,0.625,False,False,unit_residual,8.16632981544804e-05,8.040429744685107e-06
real_n3_unit_residual,"{""betas_2024"": {""AUDUSD/NZDUSD"": 0.7150032270701753, ""EURAUD/AUDUSD"": -0.31093367860651805, ""GBPCAD/USDCAD"": 0.7854865692584787}, ""entry"": 2.0, ""exit_z"": 0.3, ""nested"": ""opt2024_val2025"", ""pairs"": [""EURAUD/AUDUSD:w60"", ""AUDUSD/NZDUSD:w60"", ""GBPCAD/USDCAD:w60""], ""risk_frac"": 0.005, ""sizing"": ""unit_residual"", ""sleeve_budget"": 0.55}",-inf,5.1211262759726095e-06,0.902178368074664,0.625,False,False,unit_residual,4.114630998999023e-05,5.1211262759726095e-06
real_n3_unit_residual,"{""betas_2024"": {""AUDUSD/NZDUSD"": 0.7150032270701753, ""EURAUD/AUDUSD"": -0.31093367860651805, ""GBPCAD/USDCAD"": 0.7854865692584787}, ""entry"": 2.0, ""exit_z"": 0.3, ""nested"": ""opt2024_val2025"", ""pairs"": [""EURAUD/AUDUSD:w60"", ""AUDUSD/NZDUSD:w60"", ""GBPCAD/USDCAD:w60""], ""risk_frac"": 0.005, ""sizing"": ""unit_residual"", ""sleeve_budget"": 1.0}",-inf,9.312998675778394e-06,0.902180937542747,0.625,False,False,unit_residual,7.480208195053229e-05,9.312998675778394e-06
real_n3_unit_residual,"{""betas_2024"": {""AUDUSD/NZDUSD"": 0.7150032270701753, ""EURAUD/AUDUSD"": -0.31093367860651805, ""GBPCAD/USDCAD"": 0.7854865692584787}, ""entry"": 2.0, ""exit_z"": 0.3, ""nested"": ""opt2024_val2025"", ""pairs"": [""EURAUD/AUDUSD:w60"", ""AUDUSD/NZDUSD:w60"", ""GBPCAD/USDCAD:w60""], ""risk_frac"": 0.0075, ""sizing"": ""unit_residual"", ""sleeve_budget"": 0.55}",-inf,5.1211262759726095e-06,0.902178368074664,0.625,False,False,unit_residual,4.114630998999023e-05,5.1211262759726095e-06
real_n3_unit_residual,"{""betas_2024"": {""AUDUSD/NZDUSD"": 0.7150032270701753, ""EURAUD/AUDUSD"": -0.31093367860651805, ""GBPCAD/USDCAD"": 0.7854865692584787}, ""entry"": 2.0, ""exit_z"": 0.3, ""nested"": ""opt2024_val2025"", ""pairs"": [""EURAUD/AUDUSD:w60"", ""AUDUSD/NZDUSD:w60"", ""GBPCAD/USDCAD:w60""], ""risk_frac"": 0.0075, ""sizing"": ""unit_residual"", ""sleeve_budget"": 1.0}",-inf,9.312998675778394e-06,0.902180937542747,0.625,False,False,unit_residual,7.480208195053229e-05,9.312998675778394e-06
real_n3_unit_residual,"{""betas_2024"": {""AUDUSD/NZDUSD"": 0.7150032270701753, ""EURAUD/AUDUSD"": -0.31093367860651805, ""GBPCAD/USDCAD"": 0.7854865692584787}, ""entry"": 2.0, ""exit_z"": 0.3, ""nested"": ""opt2024_val2025"", ""pairs"": [""EURAUD/AUDUSD:w60"", ""AUDUSD/NZDUSD:w60"", ""GBPCAD/USDCAD:w60""], ""risk_frac"": 0.01, ""sizing"": ""unit_residual"", ""sleeve_budget"": 0.55}",-inf,1.9724455884148617e-05,0.8108219781320849,0.625,False,False,unit_residual,4.093642110078203e-05,1.9724455884148617e-05
real_n3_unit_residual,"{""betas_2024"": {""AUDUSD/NZDUSD"": 0.7150032270701753, ""EURAUD/AUDUSD"": -0.31093367860651805, ""GBPCAD/USDCAD"": 0.7854865692584787}, ""entry"": 2.0, ""exit_z"": 0.3, ""nested"": ""opt2024_val2025"", ""pairs"": [""EURAUD/AUDUSD:w60"", ""AUDUSD/NZDUSD:w60"", ""GBPCAD/USDCAD:w60""], ""risk_frac"": 0.01, ""sizing"": ""unit_residual"", ""sleeve_budget"": 1.0}",-inf,3.5863888519421794e-05,0.8108205393100072,0.625,False,False,unit_residual,7.442078851058945e-05,3.5863888519421794e-05
real_n3_unit_residual,"{""betas_2024"": {""AUDUSD/NZDUSD"": 0.7150032270701753, ""EURAUD/AUDUSD"": -0.31093367860651805, ""GBPCAD/USDCAD"": 0.7854865692584787}, ""entry"": 2.0, ""exit_z"": 0.5, ""nested"": ""opt2024_val2025"", ""pairs"": [""EURAUD/AUDUSD:w60"", ""AUDUSD/NZDUSD:w60"", ""GBPCAD/USDCAD:w60""], ""risk_frac"": 0.005, ""sizing"": ""unit_residual"", ""sleeve_budget"": 0.55}",-inf,3.3148806158900257e-06,0.7324038713857777,0.6363636363636364,False,False,unit_residual,3.336435180650349e-05,3.3148806158900257e-06
real_n3_unit_residual,"{""betas_2024"": {""AUDUSD/NZDUSD"": 0.7150032270701753, ""EURAUD/AUDUSD"": -0.31093367860651805, ""GBPCAD/USDCAD"": 0.7854865692584787}, ""entry"": 2.0, ""exit_z"": 0.5, ""nested"": ""opt2024_val2025"", ""pairs"": [""EURAUD/AUDUSD:w60"", ""AUDUSD/NZDUSD:w60"", ""GBPCAD/USDCAD:w60""], ""risk_frac"": 0.005, ""sizing"": ""unit_residual"", ""sleeve_budget"": 1.0}",-inf,6.028141911043616e-06,0.7323997293108352,0.6363636363636364,False,False,unit_residual,6.065845579405028e-05,6.028141911043616e-06
real_n3_unit_residual,"{""betas_2024"": {""AUDUSD/NZDUSD"": 0.7150032270701753, ""EURAUD/AUDUSD"": -0.31093367860651805, ""GBPCAD/USDCAD"": 0.7854865692584787}, ""entry"": 2.0, ""exit_z"": 0.5, ""nested"": ""opt2024_val2025"", ""pairs"": [""EURAUD/AUDUSD:w60"", ""AUDUSD/NZDUSD:w60"", ""GBPCAD/USDCAD:w60""], ""risk_frac"": 0.0075, ""sizing"": ""unit_residual"", ""sleeve_budget"": 0.55}",-inf,3.3148806158900257e-06,0.7324038713857777,0.6363636363636364,False,False,unit_residual,3.336435180650349e-05,3.3148806158900257e-06
real_n3_unit_residual,"{""betas_2024"": {""AUDUSD/NZDUSD"": 0.7150032270701753, ""EURAUD/AUDUSD"": -0.31093367860651805, ""GBPCAD/USDCAD"": 0.7854865692584787}, ""entry"": 2.0, ""exit_z"": 0.5, ""nested"": ""opt2024_val2025"", ""pairs"": [""EURAUD/AUDUSD:w60"", ""AUDUSD/NZDUSD:w60"", ""GBPCAD/USDCAD:w60""], ""risk_frac"": 0.0075, ""sizing"": ""unit_residual"", ""sleeve_budget"": 1.0}",-inf,6.028141911043616e-06,0.7323997293108352,0.6363636363636364,False,False,unit_residual,6.065845579405028e-05,6.028141911043616e-06
real_n3_unit_residual,"{""betas_2024"": {""AUDUSD/NZDUSD"": 0.7150032270701753, ""EURAUD/AUDUSD"": -0.31093367860651805, ""GBPCAD/USDCAD"": 0.7854865692584787}, ""entry"": 2.0, ""exit_z"": 0.5, ""nested"": ""opt2024_val2025"", ""pairs"": [""EURAUD/AUDUSD:w60"", ""AUDUSD/NZDUSD:w60"", ""GBPCAD/USDCAD:w60""], ""risk_frac"": 0.01, ""sizing"": ""unit_residual"", ""sleeve_budget"": 0.55}",-inf,1.7752434842865927e-05,0.7205159558306756,0.6363636363636364,False,False,unit_residual,3.3104062632390146e-05,1.7752434842865927e-05
real_n3_unit_residual,"{""betas_2024"": {""AUDUSD/NZDUSD"": 0.7150032270701753, ""EURAUD/AUDUSD"": -0.31093367860651805, ""GBPCAD/USDCAD"": 0.7854865692584787}, ""entry"": 2.0, ""exit_z"": 0.5, ""nested"": ""opt2024_val2025"", ""pairs"": [""EURAUD/AUDUSD:w60"", ""AUDUSD/NZDUSD:w60"", ""GBPCAD/USDCAD:w60""], ""risk_frac"": 0.01, ""sizing"": ""unit_residual"", ""sleeve_budget"": 1.0}",-inf,3.2277097901919904e-05,0.7205279400107479,0.6363636363636364,False,False,unit_residual,6.018522106383943e-05,3.2277097901919904e-05
real_n3_unit_residual,"{""betas_2024"": {""AUDUSD/NZDUSD"": 0.7150032270701753, ""EURAUD/AUDUSD"": -0.31093367860651805, ""GBPCAD/USDCAD"": 0.7854865692584787}, ""entry"": 2.25, ""exit_z"": 0.2, ""nested"": ""opt2024_val2025"", ""pairs"": [""EURAUD/AUDUSD:w60"", ""AUDUSD/NZDUSD:w60"", ""GBPCAD/USDCAD:w60""], ""risk_frac"": 0.005, ""sizing"": ""unit_residual"", ""sleeve_budget"": 0.55}",-inf,-1.1166299733952889e-05,1.0,0.375,False,False,unit_residual,3.95893363404166e-05,-1.1166299733952889e-05
real_n3_unit_residual,"{""betas_2024"": {""AUDUSD/NZDUSD"": 0.7150032270701753, ""EURAUD/AUDUSD"": -0.31093367860651805, ""GBPCAD/USDCAD"": 0.7854865692584787}, ""entry"": 2.25, ""exit_z"": 0.2, ""nested"": ""opt2024_val2025"", ""pairs"": [""EURAUD/AUDUSD:w60"", ""AUDUSD/NZDUSD:w60"", ""GBPCAD/USDCAD:w60""], ""risk_frac"": 0.005, ""sizing"": ""unit_residual"", ""sleeve_budget"": 1.0}",-inf,-2.030127826672945e-05,1.0,0.375,False,False,unit_residual,7.197139518767447e-05,-2.030127826672945e-05
real_n3_unit_residual,"{""betas_2024"": {""AUDUSD/NZDUSD"": 0.7150032270701753, ""EURAUD/AUDUSD"": -0.31093367860651805, ""GBPCAD/USDCAD"": 0.7854865692584787}, ""entry"": 2.25, ""exit_z"": 0.2, ""nested"": ""opt2024_val2025"", ""pairs"": [""EURAUD/AUDUSD:w60"", ""AUDUSD/NZDUSD:w60"", ""GBPCAD/USDCAD:w60""], ""risk_frac"": 0.0075, ""sizing"": ""unit_residual"", ""sleeve_budget"": 0.55}",-inf,-1.1166299733952889e-05,1.0,0.375,False,False,unit_residual,3.95893363404166e-05,-1.1166299733952889e-05
real_n3_unit_residual,"{""betas_2024"": {""AUDUSD/NZDUSD"": 0.7150032270701753, ""EURAUD/AUDUSD"": -0.31093367860651805, ""GBPCAD/USDCAD"": 0.7854865692584787}, ""entry"": 2.25, ""exit_z"": 0.2, ""nested"": ""opt2024_val2025"", ""pairs"": [""EURAUD/AUDUSD:w60"", ""AUDUSD/NZDUSD:w60"", ""GBPCAD/USDCAD:w60""], ""risk_frac"": 0.0075, ""sizing"": ""unit_residual"", ""sleeve_budget"": 1.0}",-inf,-2.030127826672945e-05,1.0,0.375,False,False,unit_residual,7.197139518767447e-05,-2.030127826672945e-05
real_n3_unit_residual,"{""betas_2024"": {""AUDUSD/NZDUSD"": 0.7150032270701753, ""EURAUD/AUDUSD"": -0.31093367860651805, ""GBPCAD/USDCAD"": 0.7854865692584787}, ""entry"": 2.25, ""exit_z"": 0.2, ""nested"": ""opt2024_val2025"", ""pairs"": [""EURAUD/AUDUSD:w60"", ""AUDUSD/NZDUSD:w60"", ""GBPCAD/USDCAD:w60""], ""risk_frac"": 0.01, ""sizing"": ""unit_residual"", ""sleeve_budget"": 0.55}",-inf,-1.2963811247546086e-06,0.9253042262639612,0.5,False,False,unit_residual,3.732668056080887e-05,-1.2963811247546086e-06
real_n3_unit_residual,"{""betas_2024"": {""AUDUSD/NZDUSD"": 0.7150032270701753, ""EURAUD/AUDUSD"": -0.31093367860651805, ""GBPCAD/USDCAD"": 0.7854865692584787}, ""entry"": 2.25, ""exit_z"": 0.2, ""nested"": ""opt2024_val2025"", ""pairs"": [""EURAUD/AUDUSD:w60"", ""AUDUSD/NZDUSD:w60"", ""GBPCAD/USDCAD:w60""], ""risk_frac"": 0.01, ""sizing"": ""unit_residual"", ""sleeve_budget"": 1.0}",-inf,-2.35504851066326e-06,0.9253034195325641,0.5,False,False,unit_residual,6.785890843718046e-05,-2.35504851066326e-06
real_n3_unit_residual,"{""betas_2024"": {""AUDUSD/NZDUSD"": 0.7150032270701753, ""EURAUD/AUDUSD"": -0.31093367860651805, ""GBPCAD/USDCAD"": 0.7854865692584787}, ""entry"": 2.25, ""exit_z"": 0.3, ""nested"": ""opt2024_val2025"", ""pairs"": [""EURAUD/AUDUSD:w60"", ""AUDUSD/NZDUSD:w60"", ""GBPCAD/USDCAD:w60""], ""risk_frac"": 0.005, ""sizing"": ""unit_residual"", ""sleeve_budget"": 0.55}",-inf,6.292510016978059e-06,0.9115165446339987,0.625,False,False,unit_residual,3.5204322844590244e-05,6.292510016978059e-06
real_n3_unit_residual,"{""betas_2024"": {""AUDUSD/NZDUSD"": 0.7150032270701753, ""EURAUD/AUDUSD"": -0.31093367860651805, ""GBPCAD/USDCAD"": 0.7854865692584787}, ""entry"": 2.25, ""exit_z"": 0.3, ""nested"": ""opt2024_val2025"", ""pairs"": [""EURAUD/AUDUSD:w60"", ""AUDUSD/NZDUSD:w60"", ""GBPCAD/USDCAD:w60""], ""risk_frac"": 0.005, ""sizing"": ""unit_residual"", ""sleeve_budget"": 1.0}",-inf,1.1442462475266812e-05,0.9115190232065907,0.625,False,False,unit_residual,6.400047076305825e-05,1.1442462475266812e-05
real_n3_unit_residual,"{""betas_2024"": {""AUDUSD/NZDUSD"": 0.7150032270701753, ""EURAUD/AUDUSD"": -0.31093367860651805, ""GBPCAD/USDCAD"": 0.7854865692584787}, ""entry"": 2.25, ""exit_z"": 0.3, ""nested"": ""opt2024_val2025"", ""pairs"": [""EURAUD/AUDUSD:w60"", ""AUDUSD/NZDUSD:w60"", ""GBPCAD/USDCAD:w60""], ""risk_frac"": 0.0075, ""sizing"": ""unit_residual"", ""sleeve_budget"": 0.55}",-inf,6.292510016978059e-06,0.9115165446339987,0.625,False,False,unit_residual,3.5204322844590244e-05,6.292510016978059e-06
real_n3_unit_residual,"{""betas_2024"": {""AUDUSD/NZDUSD"": 0.7150032270701753, ""EURAUD/AUDUSD"": -0.31093367860651805, ""GBPCAD/USDCAD"": 0.7854865692584787}, ""entry"": 2.25, ""exit_z"": 0.3, ""nested"": ""opt2024_val2025"", ""pairs"": [""EURAUD/AUDUSD:w60"", ""AUDUSD/NZDUSD:w60"", ""GBPCAD/USDCAD:w60""], ""risk_frac"": 0.0075, ""sizing"": ""unit_residual"", ""sleeve_budget"": 1.0}",-inf,1.1442462475266812e-05,0.9115190232065907,0.625,False,False,unit_residual,6.400047076305825e-05,1.1442462475266812e-05
real_n3_unit_residual,"{""betas_2024"": {""AUDUSD/NZDUSD"": 0.7150032270701753, ""EURAUD/AUDUSD"": -0.31093367860651805, ""GBPCAD/USDCAD"": 0.7854865692584787}, ""entry"": 2.25, ""exit_z"": 0.3, ""nested"": ""opt2024_val2025"", ""pairs"": [""EURAUD/AUDUSD:w60"", ""AUDUSD/NZDUSD:w60"", ""GBPCAD/USDCAD:w60""], ""risk_frac"": 0.01, ""sizing"": ""unit_residual"", ""sleeve_budget"": 0.55}",-inf,1.7541921374583658e-05,0.8169982650596622,0.625,False,False,unit_residual,3.294159804220512e-05,1.7541921374583658e-05
real_n3_unit_residual,"{""betas_2024"": {""AUDUSD/NZDUSD"": 0.7150032270701753, ""EURAUD/AUDUSD"": -0.31093367860651805, ""GBPCAD/USDCAD"": 0.7854865692584787}, ""entry"": 2.25, ""exit_z"": 0.3, ""nested"": ""opt2024_val2025"", ""pairs"": [""EURAUD/AUDUSD:w60"", ""AUDUSD/NZDUSD:w60"", ""GBPCAD/USDCAD:w60""], ""risk_frac"": 0.01, ""sizing"": ""unit_residual"", ""sleeve_budget"": 1.0}",-inf,3.1895511009460975e-05,0.8170049570266219,0.625,False,False,unit_residual,5.988775606836537e-05,3.1895511009460975e-05
real_n3_unit_residual,"{""betas_2024"": {""AUDUSD/NZDUSD"": 0.7150032270701753, ""EURAUD/AUDUSD"": -0.31093367860651805, ""GBPCAD/USDCAD"": 0.7854865692584787}, ""entry"": 2.25, ""exit_z"": 0.5, ""nested"": ""opt2024_val2025"", ""pairs"": [""EURAUD/AUDUSD:w60"", ""AUDUSD/NZDUSD:w60"", ""GBPCAD/USDCAD:w60""], ""risk_frac"": 0.005, ""sizing"": ""unit_residual"", ""sleeve_budget"": 0.55}",-inf,4.818844260442989e-06,0.9691301403792132,0.5,False,False,unit_residual,2.763374248339965e-05,4.818844260442989e-06
real_n3_unit_residual,"{""betas_2024"": {""AUDUSD/NZDUSD"": 0.7150032270701753, ""EURAUD/AUDUSD"": -0.31093367860651805, ""GBPCAD/USDCAD"": 0.7854865692584787}, ""entry"": 2.25, ""exit_z"": 0.5, ""nested"": ""opt2024_val2025"", ""pairs"": [""EURAUD/AUDUSD:w60"", ""AUDUSD/NZDUSD:w60"", ""GBPCAD/USDCAD:w60""], ""risk_frac"": 0.005, ""sizing"": ""unit_residual"", ""sleeve_budget"": 1.0}",-inf,8.76264920764147e-06,0.9691317361998539,0.5,False,False,unit_residual,5.024026215101744e-05,8.76264920764147e-06
real_n3_unit_residual,"{""betas_2024"": {""AUDUSD/NZDUSD"": 0.7150032270701753, ""EURAUD/AUDUSD"": -0.31093367860651805, ""GBPCAD/USDCAD"": 0.7854865692584787}, ""entry"": 2.25, ""exit_z"": 0.5, ""nested"": ""opt2024_val2025"", ""pairs"": [""EURAUD/AUDUSD:w60"", ""AUDUSD/NZDUSD:w60"", ""GBPCAD/USDCAD:w60""], ""risk_frac"": 0.0075, ""sizing"": ""unit_residual"", ""sleeve_budget"": 0.55}",-inf,4.818844260442989e-06,0.9691301403792132,0.5,False,False,unit_residual,2.763374248339965e-05,4.818844260442989e-06
real_n3_unit_residual,"{""betas_2024"": {""AUDUSD/NZDUSD"": 0.7150032270701753, ""EURAUD/AUDUSD"": -0.31093367860651805, ""GBPCAD/USDCAD"": 0.7854865692584787}, ""entry"": 2.25, ""exit_z"": 0.5, ""nested"": ""opt2024_val2025"", ""pairs"": [""EURAUD/AUDUSD:w60"", ""AUDUSD/NZDUSD:w60"", ""GBPCAD/USDCAD:w60""], ""risk_frac"": 0.0075, ""sizing"": ""unit_residual"", ""sleeve_budget"": 1.0}",-inf,8.76264920764147e-06,0.9691317361998539,0.5,False,False,unit_residual,5.024026215101744e-05,8.76264920764147e-06
real_n3_unit_residual,"{""betas_2024"": {""AUDUSD/NZDUSD"": 0.7150032270701753, ""EURAUD/AUDUSD"": -0.31093367860651805, ""GBPCAD/USDCAD"": 0.7854865692584787}, ""entry"": 2.25, ""exit_z"": 0.5, ""nested"": ""opt2024_val2025"", ""pairs"": [""EURAUD/AUDUSD:w60"", ""AUDUSD/NZDUSD:w60"", ""GBPCAD/USDCAD:w60""], ""risk_frac"": 0.01, ""sizing"": ""unit_residual"", ""sleeve_budget"": 0.55}",-inf,1.6013773138937037e-05,0.8769194723726288,0.5,False,False,unit_residual,2.5320409700269053e-05,1.6013773138937037e-05
real_n3_unit_residual,"{""betas_2024"": {""AUDUSD/NZDUSD"": 0.7150032270701753, ""EURAUD/AUDUSD"": -0.31093367860651805, ""GBPCAD/USDCAD"": 0.7854865692584787}, ""entry"": 2.25, ""exit_z"": 0.5, ""nested"": ""opt2024_val2025"", ""pairs"": [""EURAUD/AUDUSD:w60"", ""AUDUSD/NZDUSD:w60"", ""GBPCAD/USDCAD:w60""], ""risk_frac"": 0.01, ""sizing"": ""unit_residual"", ""sleeve_budget"": 1.0}",-inf,2.911540670297308e-05,0.8769298387674977,0.5,False,False,unit_residual,4.60349515922069e-05,2.911540670297308e-05
real_n3_unit_residual,"{""betas_2024"": {""AUDUSD/NZDUSD"": 0.7150032270701753, ""EURAUD/AUDUSD"": -0.31093367860651805, ""GBPCAD/USDCAD"": 0.7854865692584787}, ""entry"": 2.5, ""exit_z"": 0.2, ""nested"": ""opt2024_val2025"", ""pairs"": [""EURAUD/AUDUSD:w60"", ""AUDUSD/NZDUSD:w60"", ""GBPCAD/USDCAD:w60""], ""risk_frac"": 0.005, ""sizing"": ""unit_residual"", ""sleeve_budget"": 0.55}",-inf,-1.9997489941317448e-05,1.0,0.25,False,False,unit_residual,3.443433450346266e-05,-1.9997489941317448e-05
real_n3_unit_residual,"{""betas_2024"": {""AUDUSD/NZDUSD"": 0.7150032270701753, ""EURAUD/AUDUSD"": -0.31093367860651805, ""GBPCAD/USDCAD"": 0.7854865692584787}, ""entry"": 2.5, ""exit_z"": 0.2, ""nested"": ""opt2024_val2025"", ""pairs"": [""EURAUD/AUDUSD:w60"", ""AUDUSD/NZDUSD:w60"", ""GBPCAD/USDCAD:w60""], ""risk_frac"": 0.005, ""sizing"": ""unit_residual"", ""sleeve_budget"": 1.0}",-inf,-3.6360038600843914e-05,1.0,0.25,False,False,unit_residual,6.260122478919283e-05,-3.6360038600843914e-05
real_n3_unit_residual,"{""betas_2024"": {""AUDUSD/NZDUSD"": 0.7150032270701753, ""EURAUD/AUDUSD"": -0.31093367860651805, ""GBPCAD/USDCAD"": 0.7854865692584787}, ""entry"": 2.5, ""exit_z"": 0.2, ""nested"": ""opt2024_val2025"", ""pairs"": [""EURAUD/AUDUSD:w60"", ""AUDUSD/NZDUSD:w60"", ""GBPCAD/USDCAD:w60""], ""risk_frac"": 0.0075, ""sizing"": ""unit_residual"", ""sleeve_budget"": 0.55}",-inf,-1.9997489941317448e-05,1.0,0.25,False,False,unit_residual,3.443433450346266e-05,-1.9997489941317448e-05
real_n3_unit_residual,"{""betas_2024"": {""AUDUSD/NZDUSD"": 0.7150032270701753, ""EURAUD/AUDUSD"": -0.31093367860651805, ""GBPCAD/USDCAD"": 0.7854865692584787}, ""entry"": 2.5, ""exit_z"": 0.2, ""nested"": ""opt2024_val2025"", ""pairs"": [""EURAUD/AUDUSD:w60"", ""AUDUSD/NZDUSD:w60"", ""GBPCAD/USDCAD:w60""], ""risk_frac"": 0.0075, ""sizing"": ""unit_residual"", ""sleeve_budget"": 1.0}",-inf,-3.6360038600843914e-05,1.0,0.25,False,False,unit_residual,6.260122478919283e-05,-3.6360038600843914e-05
real_n3_unit_residual,"{""betas_2024"": {""AUDUSD/NZDUSD"": 0.7150032270701753, ""EURAUD/AUDUSD"": -0.31093367860651805, ""GBPCAD/USDCAD"": 0.7854865692584787}, ""entry"": 2.5, ""exit_z"": 0.2, ""nested"": ""opt2024_val2025"", ""pairs"": [""EURAUD/AUDUSD:w60"", ""AUDUSD/NZDUSD:w60"", ""GBPCAD/USDCAD:w60""], ""risk_frac"": 0.01, ""sizing"": ""unit_residual"", ""sleeve_budget"": 0.55}",-inf,-1.0126644519853345e-05,1.0,0.375,False,False,unit_residual,3.077785023732702e-05,-1.0126644519853345e-05
real_n3_unit_residual,"{""betas_2024"": {""AUDUSD/NZDUSD"": 0.7150032270701753, ""EURAUD/AUDUSD"": -0.31093367860651805, ""GBPCAD/USDCAD"": 0.7854865692584787}, ""entry"": 2.5, ""exit_z"": 0.2, ""nested"": ""opt2024_val2025"", ""pairs"": [""EURAUD/AUDUSD:w60"", ""AUDUSD/NZDUSD:w60"", ""GBPCAD/USDCAD:w60""], ""risk_frac"": 0.01, ""sizing"": ""unit_residual"", ""sleeve_budget"": 1.0}",-inf,-1.8410759866957505e-05,1.0,0.375,False,False,unit_residual,5.5954736287903856e-05,-1.8410759866957505e-05
real_n3_unit_residual,"{""betas_2024"": {""AUDUSD/NZDUSD"": 0.7150032270701753, ""EURAUD/AUDUSD"": -0.31093367860651805, ""GBPCAD/USDCAD"": 0.7854865692584787}, ""entry"": 2.5, ""exit_z"": 0.3, ""nested"": ""opt2024_val2025"", ""pairs"": [""EURAUD/AUDUSD:w60"", ""AUDUSD/NZDUSD:w60"", ""GBPCAD/USDCAD:w60""], ""risk_frac"": 0.005, ""sizing"": ""unit_residual"", ""sleeve_budget"": 0.55}",-inf,-1.4311790770688004e-06,0.9436002692209221,0.5,False,False,unit_residual,3.0049133601273148e-05,-1.4311790770688004e-06
real_n3_unit_residual,"{""betas_2024"": {""AUDUSD/NZDUSD"": 0.7150032270701753, ""EURAUD/AUDUSD"": -0.31093367860651805, ""GBPCAD/USDCAD"": 0.7854865692584787}, ""entry"": 2.5, ""exit_z"": 0.3, ""nested"": ""opt2024_val2025"", ""pairs"": [""EURAUD/AUDUSD:w60"", ""AUDUSD/NZDUSD:w60"", ""GBPCAD/USDCAD:w60""], ""risk_frac"": 0.005, ""sizing"": ""unit_residual"", ""sleeve_budget"": 1.0}",-inf,-2.6009870611465313e-06,0.943602553723045,0.5,False,False,unit_residual,5.462968115941471e-05,-2.6009870611465313e-06
real_n3_unit_residual,"{""betas_2024"": {""AUDUSD/NZDUSD"": 0.7150032270701753, ""EURAUD/AUDUSD"": -0.31093367860651805, ""GBPCAD/USDCAD"": 0.7854865692584787}, ""entry"": 2.5, ""exit_z"": 0.3, ""nested"": ""opt2024_val2025"", ""pairs"": [""EURAUD/AUDUSD:w60"", ""AUDUSD/NZDUSD:w60"", ""GBPCAD/USDCAD:w60""], ""risk_frac"": 0.0075, ""sizing"": ""unit_residual"", ""sleeve_budget"": 0.55}",-inf,-1.4311790770688004e-06,0.9436002692209221,0.5,False,False,unit_residual,3.0049133601273148e-05,-1.4311790770688004e-06
real_n3_unit_residual,"{""betas_2024"": {""AUDUSD/NZDUSD"": 0.7150032270701753, ""EURAUD/AUDUSD"": -0.31093367860651805, ""GBPCAD/USDCAD"": 0.7854865692584787}, ""entry"": 2.5, ""exit_z"": 0.3, ""nested"": ""opt2024_val2025"", ""pairs"": [""EURAUD/AUDUSD:w60"", ""AUDUSD/NZDUSD:w60"", ""GBPCAD/USDCAD:w60""], ""risk_frac"": 0.0075, ""sizing"": ""unit_residual"", ""sleeve_budget"": 1.0}",-inf,-2.6009870611465313e-06,0.943602553723045,0.5,False,False,unit_residual,5.462968115941471e-05,-2.6009870611465313e-06
real_n3_unit_residual,"{""betas_2024"": {""AUDUSD/NZDUSD"": 0.7150032270701753, ""EURAUD/AUDUSD"": -0.31093367860651805, ""GBPCAD/USDCAD"": 0.7854865692584787}, ""entry"": 2.5, ""exit_z"": 0.3, ""nested"": ""opt2024_val2025"", ""pairs"": [""EURAUD/AUDUSD:w60"", ""AUDUSD/NZDUSD:w60"", ""GBPCAD/USDCAD:w60""], ""risk_frac"": 0.01, ""sizing"": ""unit_residual"", ""sleeve_budget"": 0.55}",-inf,1.2491716035373246e-05,0.9207199563828034,0.5,False,False,unit_residual,2.639247296010172e-05,1.2491716035373246e-05
real_n3_unit_residual,"{""betas_2024"": {""AUDUSD/NZDUSD"": 0.7150032270701753, ""EURAUD/AUDUSD"": -0.31093367860651805, ""GBPCAD/USDCAD"": 0.7854865692584787}, ""entry"": 2.5, ""exit_z"": 0.3, ""nested"": ""opt2024_val2025"", ""pairs"": [""EURAUD/AUDUSD:w60"", ""AUDUSD/NZDUSD:w60"", ""GBPCAD/USDCAD:w60""], ""risk_frac"": 0.01, ""sizing"": ""unit_residual"", ""sleeve_budget"": 1.0}",-inf,2.271376865660424e-05,0.9207212877987362,0.5,False,False,unit_residual,4.798260986923789e-05,2.271376865660424e-05
real_n3_unit_residual,"{""betas_2024"": {""AUDUSD/NZDUSD"": 0.7150032270701753, ""EURAUD/AUDUSD"": -0.31093367860651805, ""GBPCAD/USDCAD"": 0.7854865692584787}, ""entry"": 2.5, ""exit_z"": 0.5, ""nested"": ""opt2024_val2025"", ""pairs"": [""EURAUD/AUDUSD:w60"", ""AUDUSD/NZDUSD:w60"", ""GBPCAD/USDCAD:w60""], ""risk_frac"": 0.005, ""sizing"": ""unit_residual"", ""sleeve_budget"": 0.55}",-inf,1.5370892474941833e-06,1.0,0.375,False,False,unit_residual,2.5225960668885282e-05,1.5370892474941833e-06
real_n3_unit_residual,"{""betas_2024"": {""AUDUSD/NZDUSD"": 0.7150032270701753, ""EURAUD/AUDUSD"": -0.31093367860651805, ""GBPCAD/USDCAD"": 0.7854865692584787}, ""entry"": 2.5, ""exit_z"": 0.5, ""nested"": ""opt2024_val2025"", ""pairs"": [""EURAUD/AUDUSD:w60"", ""AUDUSD/NZDUSD:w60"", ""GBPCAD/USDCAD:w60""], ""risk_frac"": 0.005, ""sizing"": ""unit_residual"", ""sleeve_budget"": 1.0}",-inf,2.796131777102473e-06,1.0,0.375,False,False,unit_residual,4.586341631706116e-05,2.796131777102473e-06
real_n3_unit_residual,"{""betas_2024"": {""AUDUSD/NZDUSD"": 0.7150032270701753, ""EURAUD/AUDUSD"": -0.31093367860651805, ""GBPCAD/USDCAD"": 0.7854865692584787}, ""entry"": 2.5, ""exit_z"": 0.5, ""nested"": ""opt2024_val2025"", ""pairs"": [""EURAUD/AUDUSD:w60"", ""AUDUSD/NZDUSD:w60"", ""GBPCAD/USDCAD:w60""], ""risk_frac"": 0.0075, ""sizing"": ""unit_residual"", ""sleeve_budget"": 0.55}",-inf,1.5370892474941833e-06,1.0,0.375,False,False,unit_residual,2.5225960668885282e-05,1.5370892474941833e-06
real_n3_unit_residual,"{""betas_2024"": {""AUDUSD/NZDUSD"": 0.7150032270701753, ""EURAUD/AUDUSD"": -0.31093367860651805, ""GBPCAD/USDCAD"": 0.7854865692584787}, ""entry"": 2.5, ""exit_z"": 0.5, ""nested"": ""opt2024_val2025"", ""pairs"": [""EURAUD/AUDUSD:w60"", ""AUDUSD/NZDUSD:w60"", ""GBPCAD/USDCAD:w60""], ""risk_frac"": 0.0075, ""sizing"": ""unit_residual"", ""sleeve_budget"": 1.0}",-inf,2.796131777102473e-06,1.0,0.375,False,False,unit_residual,4.586341631706116e-05,2.796131777102473e-06
real_n3_unit_residual,"{""betas_2024"": {""AUDUSD/NZDUSD"": 0.7150032270701753, ""EURAUD/AUDUSD"": -0.31093367860651805, ""GBPCAD/USDCAD"": 0.7854865692584787}, ""entry"": 2.5, ""exit_z"": 0.5, ""nested"": ""opt2024_val2025"", ""pairs"": [""EURAUD/AUDUSD:w60"", ""AUDUSD/NZDUSD:w60"", ""GBPCAD/USDCAD:w60""], ""risk_frac"": 0.01, ""sizing"": ""unit_residual"", ""sleeve_budget"": 0.55}",-inf,1.5404786616574073e-05,1.0,0.375,False,False,unit_residual,2.1568958955613997e-05,1.5404786616574073e-05
real_n3_unit_residual,"{""betas_2024"": {""AUDUSD/NZDUSD"": 0.7150032270701753, ""EURAUD/AUDUSD"": -0.31093367860651805, ""GBPCAD/USDCAD"": 0.7854865692584787}, ""entry"": 2.5, ""exit_z"": 0.5, ""nested"": ""opt2024_val2025"", ""pairs"": [""EURAUD/AUDUSD:w60"", ""AUDUSD/NZDUSD:w60"", ""GBPCAD/USDCAD:w60""], ""risk_frac"": 0.01, ""sizing"": ""unit_residual"", ""sleeve_budget"": 1.0}",-inf,2.800822574178241e-05,1.0,0.375,False,False,unit_residual,3.921521790541747e-05,2.800822574178241e-05
real_n4_unit_residual,"{""betas_2024"": {""AUDUSD/NZDUSD"": 0.7150032270701753, ""EURAUD/AUDUSD"": -0.31093367860651805, ""EURJPY/GBPJPY"": 0.8256957854656395, ""GBPCAD/USDCAD"": 0.7854865692584787}, ""entry"": 1.5, ""exit_z"": 0.2, ""nested"": ""opt2024_val2025"", ""pairs"": [""EURAUD/AUDUSD:w40"", ""AUDUSD/NZDUSD:w40"", ""GBPCAD/USDCAD:w40"", ""EURJPY/GBPJPY:w40""], ""risk_frac"": 0.005, ""sizing"": ""unit_residual"", ""sleeve_budget"": 0.55}",-inf,-4.550534168784592e-06,0.9719896544520199,0.5454545454545454,False,False,unit_residual,2.3720544466148734e-05,-4.550534168784592e-06
real_n4_unit_residual,"{""betas_2024"": {""AUDUSD/NZDUSD"": 0.7150032270701753, ""EURAUD/AUDUSD"": -0.31093367860651805, ""EURJPY/GBPJPY"": 0.8256957854656395, ""GBPCAD/USDCAD"": 0.7854865692584787}, ""entry"": 1.5, ""exit_z"": 0.2, ""nested"": ""opt2024_val2025"", ""pairs"": [""EURAUD/AUDUSD:w40"", ""AUDUSD/NZDUSD:w40"", ""GBPCAD/USDCAD:w40"", ""EURJPY/GBPJPY:w40""], ""risk_frac"": 0.005, ""sizing"": ""unit_residual"", ""sleeve_budget"": 1.0}",-inf,-8.271898633421815e-06,0.9719923747773223,0.5454545454545454,False,False,unit_residual,4.3124787776581783e-05,-8.271898633421815e-06
real_n4_unit_residual,"{""betas_2024"": {""AUDUSD/NZDUSD"": 0.7150032270701753, ""EURAUD/AUDUSD"": -0.31093367860651805, ""EURJPY/GBPJPY"": 0.8256957854656395, ""GBPCAD/USDCAD"": 0.7854865692584787}, ""entry"": 1.5, ""exit_z"": 0.2, ""nested"": ""opt2024_val2025"", ""pairs"": [""EURAUD/AUDUSD:w40"", ""AUDUSD/NZDUSD:w40"", ""GBPCAD/USDCAD:w40"", ""EURJPY/GBPJPY:w40""], ""risk_frac"": 0.0075, ""sizing"": ""unit_residual"", ""sleeve_budget"": 0.55}",-inf,-4.550534168784592e-06,0.9719896544520199,0.5454545454545454,False,False,unit_residual,2.3720544466148734e-05,-4.550534168784592e-06
real_n4_unit_residual,"{""betas_2024"": {""AUDUSD/NZDUSD"": 0.7150032270701753, ""EURAUD/AUDUSD"": -0.31093367860651805, ""EURJPY/GBPJPY"": 0.8256957854656395, ""GBPCAD/USDCAD"": 0.7854865692584787}, ""entry"": 1.5, ""exit_z"": 0.2, ""nested"": ""opt2024_val2025"", ""pairs"": [""EURAUD/AUDUSD:w40"", ""AUDUSD/NZDUSD:w40"", ""GBPCAD/USDCAD:w40"", ""EURJPY/GBPJPY:w40""], ""risk_frac"": 0.0075, ""sizing"": ""unit_residual"", ""sleeve_budget"": 1.0}",-inf,-8.271898633421815e-06,0.9719923747773223,0.5454545454545454,False,False,unit_residual,4.3124787776581783e-05,-8.271898633421815e-06
real_n4_unit_residual,"{""betas_2024"": {""AUDUSD/NZDUSD"": 0.7150032270701753, ""EURAUD/AUDUSD"": -0.31093367860651805, ""EURJPY/GBPJPY"": 0.8256957854656395, ""GBPCAD/USDCAD"": 0.7854865692584787}, ""entry"": 1.5, ""exit_z"": 0.2, ""nested"": ""opt2024_val2025"", ""pairs"": [""EURAUD/AUDUSD:w40"", ""AUDUSD/NZDUSD:w40"", ""GBPCAD/USDCAD:w40"", ""EURJPY/GBPJPY:w40""], ""risk_frac"": 0.01, ""sizing"": ""unit_residual"", ""sleeve_budget"": 0.55}",-inf,-4.5975425790045765e-07,0.9114469562774798,0.5,False,False,unit_residual,2.242246122390929e-05,-4.5975425790045765e-07
real_n4_unit_residual,"{""betas_2024"": {""AUDUSD/NZDUSD"": 0.7150032270701753, ""EURAUD/AUDUSD"": -0.31093367860651805, ""EURJPY/GBPJPY"": 0.8256957854656395, ""GBPCAD/USDCAD"": 0.7854865692584787}, ""entry"": 1.5, ""exit_z"": 0.2, ""nested"": ""opt2024_val2025"", ""pairs"": [""EURAUD/AUDUSD:w40"", ""AUDUSD/NZDUSD:w40"", ""GBPCAD/USDCAD:w40"", ""EURJPY/GBPJPY:w40""], ""risk_frac"": 0.01, ""sizing"": ""unit_residual"", ""sleeve_budget"": 1.0}",-inf,-8.34181250353172e-07,0.9114437723050323,0.5,False,False,unit_residual,4.076476831648236e-05,-8.34181250353172e-07
real_n4_unit_residual,"{""betas_2024"": {""AUDUSD/NZDUSD"": 0.7150032270701753, ""EURAUD/AUDUSD"": -0.31093367860651805, ""EURJPY/GBPJPY"": 0.8256957854656395, ""GBPCAD/USDCAD"": 0.7854865692584787}, ""entry"": 1.5, ""exit_z"": 0.3, ""nested"": ""opt2024_val2025"", ""pairs"": [""EURAUD/AUDUSD:w40"", ""AUDUSD/NZDUSD:w40"", ""GBPCAD/USDCAD:w40"", ""EURJPY/GBPJPY:w40""], ""risk_frac"": 0.005, ""sizing"": ""unit_residual"", ""sleeve_budget"": 0.55}",-inf,4.4585157318588475e-06,0.9312724220441716,0.5454545454545454,False,False,unit_residual,1.888409138521437e-05,4.4585157318588475e-06
real_n4_unit_residual,"{""betas_2024"": {""AUDUSD/NZDUSD"": 0.7150032270701753, ""EURAUD/AUDUSD"": -0.31093367860651805, ""EURJPY/GBPJPY"": 0.8256957854656395, ""GBPCAD/USDCAD"": 0.7854865692584787}, ""entry"": 1.5, ""exit_z"": 0.3, ""nested"": ""opt2024_val2025"", ""pairs"": [""EURAUD/AUDUSD:w40"", ""AUDUSD/NZDUSD:w40"", ""GBPCAD/USDCAD:w40"", ""EURJPY/GBPJPY:w40""], ""risk_frac"": 0.005, ""sizing"": ""unit_residual"", ""sleeve_budget"": 1.0}",-inf,8.10799069156376e-06,0.9312705923406986,0.5454545454545454,False,False,unit_residual,3.4332893625583175e-05,8.10799069156376e-06
real_n4_unit_residual,"{""betas_2024"": {""AUDUSD/NZDUSD"": 0.7150032270701753, ""EURAUD/AUDUSD"": -0.31093367860651805, ""EURJPY/GBPJPY"": 0.8256957854656395, ""GBPCAD/USDCAD"": 0.7854865692584787}, ""entry"": 1.5, ""exit_z"": 0.3, ""nested"": ""opt2024_val2025"", ""pairs"": [""EURAUD/AUDUSD:w40"", ""AUDUSD/NZDUSD:w40"", ""GBPCAD/USDCAD:w40"", ""EURJPY/GBPJPY:w40""], ""risk_frac"": 0.0075, ""sizing"": ""unit_residual"", ""sleeve_budget"": 0.55}",-inf,4.4585157318588475e-06,0.9312724220441716,0.5454545454545454,False,False,unit_residual,1.888409138521437e-05,4.4585157318588475e-06
real_n4_unit_residual,"{""betas_2024"": {""AUDUSD/NZDUSD"": 0.7150032270701753, ""EURAUD/AUDUSD"": -0.31093367860651805, ""EURJPY/GBPJPY"": 0.8256957854656395, ""GBPCAD/USDCAD"": 0.7854865692584787}, ""entry"": 1.5, ""exit_z"": 0.3, ""nested"": ""opt2024_val2025"", ""pairs"": [""EURAUD/AUDUSD:w40"", ""AUDUSD/NZDUSD:w40"", ""GBPCAD/USDCAD:w40"", ""EURJPY/GBPJPY:w40""], ""risk_frac"": 0.0075, ""sizing"": ""unit_residual"", ""sleeve_budget"": 1.0}",-inf,8.10799069156376e-06,0.9312705923406986,0.5454545454545454,False,False,unit_residual,3.4332893625583175e-05,8.10799069156376e-06
real_n4_unit_residual,"{""betas_2024"": {""AUDUSD/NZDUSD"": 0.7150032270701753, ""EURAUD/AUDUSD"": -0.31093367860651805, ""EURJPY/GBPJPY"": 0.8256957854656395, ""GBPCAD/USDCAD"": 0.7854865692584787}, ""entry"": 1.5, ""exit_z"": 0.3, ""nested"": ""opt2024_val2025"", ""pairs"": [""EURAUD/AUDUSD:w40"", ""AUDUSD/NZDUSD:w40"", ""GBPCAD/USDCAD:w40"", ""EURJPY/GBPJPY:w40""], ""risk_frac"": 0.01, ""sizing"": ""unit_residual"", ""sleeve_budget"": 0.55}",-inf,8.549051067646696e-06,0.8460994396162304,0.5454545454545454,False,False,unit_residual,2.011961633974213e-05,8.549051067646696e-06
real_n4_unit_residual,"{""betas_2024"": {""AUDUSD/NZDUSD"": 0.7150032270701753, ""EURAUD/AUDUSD"": -0.31093367860651805, ""EURJPY/GBPJPY"": 0.8256957854656395, ""GBPCAD/USDCAD"": 0.7854865692584787}, ""entry"": 1.5, ""exit_z"": 0.3, ""nested"": ""opt2024_val2025"", ""pairs"": [""EURAUD/AUDUSD:w40"", ""AUDUSD/NZDUSD:w40"", ""GBPCAD/USDCAD:w40"", ""EURJPY/GBPJPY:w40""], ""risk_frac"": 0.01, ""sizing"": ""unit_residual"", ""sleeve_budget"": 1.0}",-inf,1.5544899672370605e-05,0.8460993549514815,0.5454545454545454,False,False,unit_residual,3.657869664975731e-05,1.5544899672370605e-05
real_n4_unit_residual,"{""betas_2024"": {""AUDUSD/NZDUSD"": 0.7150032270701753, ""EURAUD/AUDUSD"": -0.31093367860651805, ""EURJPY/GBPJPY"": 0.8256957854656395, ""GBPCAD/USDCAD"": 0.7854865692584787}, ""entry"": 1.5, ""exit_z"": 0.5, ""nested"": ""opt2024_val2025"", ""pairs"": [""EURAUD/AUDUSD:w40"", ""AUDUSD/NZDUSD:w40"", ""GBPCAD/USDCAD:w40"", ""EURJPY/GBPJPY:w40""], ""risk_frac"": 0.005, ""sizing"": ""unit_residual"", ""sleeve_budget"": 0.55}",-inf,-3.0595993341792083e-06,0.9978130937223305,0.5,False,False,unit_residual,2.1453394882161884e-05,-3.0595993341792083e-06
real_n4_unit_residual,"{""betas_2024"": {""AUDUSD/NZDUSD"": 0.7150032270701753, ""EURAUD/AUDUSD"": -0.31093367860651805, ""EURJPY/GBPJPY"": 0.8256957854656395, ""GBPCAD/USDCAD"": 0.7854865692584787}, ""entry"": 1.5, ""exit_z"": 0.5, ""nested"": ""opt2024_val2025"", ""pairs"": [""EURAUD/AUDUSD:w40"", ""AUDUSD/NZDUSD:w40"", ""GBPCAD/USDCAD:w40"", ""EURJPY/GBPJPY:w40""], ""risk_frac"": 0.005, ""sizing"": ""unit_residual"", ""sleeve_budget"": 1.0}",-inf,-5.561478976012779e-06,0.9978132214068581,0.5,False,False,unit_residual,3.900326562129978e-05,-5.561478976012779e-06
real_n4_unit_residual,"{""betas_2024"": {""AUDUSD/NZDUSD"": 0.7150032270701753, ""EURAUD/AUDUSD"": -0.31093367860651805, ""EURJPY/GBPJPY"": 0.8256957854656395, ""GBPCAD/USDCAD"": 0.7854865692584787}, ""entry"": 1.5, ""exit_z"": 0.5, ""nested"": ""opt2024_val2025"", ""pairs"": [""EURAUD/AUDUSD:w40"", ""AUDUSD/NZDUSD:w40"", ""GBPCAD/USDCAD:w40"", ""EURJPY/GBPJPY:w40""], ""risk_frac"": 0.0075, ""sizing"": ""unit_residual"", ""sleeve_budget"": 0.55}",-inf,-3.0595993341792083e-06,0.9978130937223305,0.5,False,False,unit_residual,2.1453394882161884e-05,-3.0595993341792083e-06
real_n4_unit_residual,"{""betas_2024"": {""AUDUSD/NZDUSD"": 0.7150032270701753, ""EURAUD/AUDUSD"": -0.31093367860651805, ""EURJPY/GBPJPY"": 0.8256957854656395, ""GBPCAD/USDCAD"": 0.7854865692584787}, ""entry"": 1.5, ""exit_z"": 0.5, ""nested"": ""opt2024_val2025"", ""pairs"": [""EURAUD/AUDUSD:w40"", ""AUDUSD/NZDUSD:w40"", ""GBPCAD/USDCAD:w40"", ""EURJPY/GBPJPY:w40""], ""risk_frac"": 0.0075, ""sizing"": ""unit_residual"", ""sleeve_budget"": 1.0}",-inf,-5.561478976012779e-06,0.9978132214068581,0.5,False,False,unit_residual,3.900326562129978e-05,-5.561478976012779e-06
real_n4_unit_residual,"{""betas_2024"": {""AUDUSD/NZDUSD"": 0.7150032270701753, ""EURAUD/AUDUSD"": -0.31093367860651805, ""EURJPY/GBPJPY"": 0.8256957854656395, ""GBPCAD/USDCAD"": 0.7854865692584787}, ""entry"": 1.5, ""exit_z"": 0.5, ""nested"": ""opt2024_val2025"", ""pairs"": [""EURAUD/AUDUSD:w40"", ""AUDUSD/NZDUSD:w40"", ""GBPCAD/USDCAD:w40"", ""EURJPY/GBPJPY:w40""], ""risk_frac"": 0.01, ""sizing"": ""unit_residual"", ""sleeve_budget"": 0.55}",-inf,5.307940102033948e-07,0.788739256352499,0.5454545454545454,False,False,unit_residual,1.9530134318667226e-05,5.307940102033948e-07
real_n4_unit_residual,"{""betas_2024"": {""AUDUSD/NZDUSD"": 0.7150032270701753, ""EURAUD/AUDUSD"": -0.31093367860651805, ""EURJPY/GBPJPY"": 0.8256957854656395, ""GBPCAD/USDCAD"": 0.7854865692584787}, ""entry"": 1.5, ""exit_z"": 0.5, ""nested"": ""opt2024_val2025"", ""pairs"": [""EURAUD/AUDUSD:w40"", ""AUDUSD/NZDUSD:w40"", ""GBPCAD/USDCAD:w40"", ""EURJPY/GBPJPY:w40""], ""risk_frac"": 0.01, ""sizing"": ""unit_residual"", ""sleeve_budget"": 1.0}",-inf,9.66466717933212e-07,0.788752898336609,0.5454545454545454,False,False,unit_residual,3.550741505811946e-05,9.66466717933212e-07
real_n4_unit_residual,"{""betas_2024"": {""AUDUSD/NZDUSD"": 0.7150032270701753, ""EURAUD/AUDUSD"": -0.31093367860651805, ""EURJPY/GBPJPY"": 0.8256957854656395, ""GBPCAD/USDCAD"": 0.7854865692584787}, ""entry"": 1.75, ""exit_z"": 0.2, ""nested"": ""opt2024_val2025"", ""pairs"": [""EURAUD/AUDUSD:w40"", ""AUDUSD/NZDUSD:w40"", ""GBPCAD/USDCAD:w40"", ""EURJPY/GBPJPY:w40""], ""risk_frac"": 0.005, ""sizing"": ""unit_residual"", ""sleeve_budget"": 0.55}",-inf,-5.0206816631787055e-06,0.8724275580262415,0.5,False,False,unit_residual,2.6809654858946224e-05,-5.0206816631787055e-06
real_n4_unit_residual,"{""betas_2024"": {""AUDUSD/NZDUSD"": 0.7150032270701753, ""EURAUD/AUDUSD"": -0.31093367860651805, ""EURJPY/GBPJPY"": 0.8256957854656395, ""GBPCAD/USDCAD"": 0.7854865692584787}, ""entry"": 1.75, ""exit_z"": 0.2, ""nested"": ""opt2024_val2025"", ""pairs"": [""EURAUD/AUDUSD:w40"", ""AUDUSD/NZDUSD:w40"", ""GBPCAD/USDCAD:w40"", ""EURJPY/GBPJPY:w40""], ""risk_frac"": 0.005, ""sizing"": ""unit_residual"", ""sleeve_budget"": 1.0}",-inf,-9.127264834402071e-06,0.8724236823892815,0.5,False,False,unit_residual,4.874320205448181e-05,-9.127264834402071e-06
real_n4_unit_residual,"{""betas_2024"": {""AUDUSD/NZDUSD"": 0.7150032270701753, ""EURAUD/AUDUSD"": -0.31093367860651805, ""EURJPY/GBPJPY"": 0.8256957854656395, ""GBPCAD/USDCAD"": 0.7854865692584787}, ""entry"": 1.75, ""exit_z"": 0.2, ""nested"": ""opt2024_val2025"", ""pairs"": [""EURAUD/AUDUSD:w40"", ""AUDUSD/NZDUSD:w40"", ""GBPCAD/USDCAD:w40"", ""EURJPY/GBPJPY:w40""], ""risk_frac"": 0.0075, ""sizing"": ""unit_residual"", ""sleeve_budget"": 0.55}",-inf,-5.0206816631787055e-06,0.8724275580262415,0.5,False,False,unit_residual,2.6809654858946224e-05,-5.0206816631787055e-06
real_n4_unit_residual,"{""betas_2024"": {""AUDUSD/NZDUSD"": 0.7150032270701753, ""EURAUD/AUDUSD"": -0.31093367860651805, ""EURJPY/GBPJPY"": 0.8256957854656395, ""GBPCAD/USDCAD"": 0.7854865692584787}, ""entry"": 1.75, ""exit_z"": 0.2, ""nested"": ""opt2024_val2025"", ""pairs"": [""EURAUD/AUDUSD:w40"", ""AUDUSD/NZDUSD:w40"", ""GBPCAD/USDCAD:w40"", ""EURJPY/GBPJPY:w40""], ""risk_frac"": 0.0075, ""sizing"": ""unit_residual"", ""sleeve_budget"": 1.0}",-inf,-9.127264834402071e-06,0.8724236823892815,0.5,False,False,unit_residual,4.874320205448181e-05,-9.127264834402071e-06
real_n4_unit_residual,"{""betas_2024"": {""AUDUSD/NZDUSD"": 0.7150032270701753, ""EURAUD/AUDUSD"": -0.31093367860651805, ""EURJPY/GBPJPY"": 0.8256957854656395, ""GBPCAD/USDCAD"": 0.7854865692584787}, ""entry"": 1.75, ""exit_z"": 0.2, ""nested"": ""opt2024_val2025"", ""pairs"": [""EURAUD/AUDUSD:w40"", ""AUDUSD/NZDUSD:w40"", ""GBPCAD/USDCAD:w40"", ""EURJPY/GBPJPY:w40""], ""risk_frac"": 0.01, ""sizing"": ""unit_residual"", ""sleeve_budget"": 0.55}",-inf,-1.0975334543417148e-06,0.8784335089736631,0.45454545454545453,False,False,unit_residual,2.5807626234255274e-05,-1.0975334543417148e-06
real_n4_unit_residual,"{""betas_2024"": {""AUDUSD/NZDUSD"": 0.7150032270701753, ""EURAUD/AUDUSD"": -0.31093367860651805, ""EURJPY/GBPJPY"": 0.8256957854656395, ""GBPCAD/USDCAD"": 0.7854865692584787}, ""entry"": 1.75, ""exit_z"": 0.2, ""nested"": ""opt2024_val2025"", ""pairs"": [""EURAUD/AUDUSD:w40"", ""AUDUSD/NZDUSD:w40"", ""GBPCAD/USDCAD:w40"", ""EURJPY/GBPJPY:w40""], ""risk_frac"": 0.01, ""sizing"": ""unit_residual"", ""sleeve_budget"": 1.0}",-inf,-1.993943820513544e-06,0.8784296077794405,0.45454545454545453,False,False,unit_residual,4.6921789506664865e-05,-1.993943820513544e-06
real_n4_unit_residual,"{""betas_2024"": {""AUDUSD/NZDUSD"": 0.7150032270701753, ""EURAUD/AUDUSD"": -0.31093367860651805, ""EURJPY/GBPJPY"": 0.8256957854656395, ""GBPCAD/USDCAD"": 0.7854865692584787}, ""entry"": 1.75, ""exit_z"": 0.3, ""nested"": ""opt2024_val2025"", ""pairs"": [""EURAUD/AUDUSD:w40"", ""AUDUSD/NZDUSD:w40"", ""GBPCAD/USDCAD:w40"", ""EURJPY/GBPJPY:w40""], ""risk_frac"": 0.005, ""sizing"": ""unit_residual"", ""sleeve_budget"": 0.55}",-inf,1.3559836867099717e-06,0.8661555334337634,0.45454545454545453,False,False,unit_residual,2.1881943549088717e-05,1.3559836867099717e-06
real_n4_unit_residual,"{""betas_2024"": {""AUDUSD/NZDUSD"": 0.7150032270701753, ""EURAUD/AUDUSD"": -0.31093367860651805, ""EURJPY/GBPJPY"": 0.8256957854656395, ""GBPCAD/USDCAD"": 0.7854865692584787}, ""entry"": 1.75, ""exit_z"": 0.3, ""nested"": ""opt2024_val2025"", ""pairs"": [""EURAUD/AUDUSD:w40"", ""AUDUSD/NZDUSD:w40"", ""GBPCAD/USDCAD:w40"", ""EURJPY/GBPJPY:w40""], ""risk_frac"": 0.005, ""sizing"": ""unit_residual"", ""sleeve_budget"": 1.0}",-inf,2.4669243456759693e-06,0.8661541513720296,0.45454545454545453,False,False,unit_residual,3.978366519136694e-05,2.4669243456759693e-06
real_n4_unit_residual,"{""betas_2024"": {""AUDUSD/NZDUSD"": 0.7150032270701753, ""EURAUD/AUDUSD"": -0.31093367860651805, ""EURJPY/GBPJPY"": 0.8256957854656395, ""GBPCAD/USDCAD"": 0.7854865692584787}, ""entry"": 1.75, ""exit_z"": 0.3, ""nested"": ""opt2024_val2025"", ""pairs"": [""EURAUD/AUDUSD:w40"", ""AUDUSD/NZDUSD:w40"", ""GBPCAD/USDCAD:w40"", ""EURJPY/GBPJPY:w40""], ""risk_frac"": 0.0075, ""sizing"": ""unit_residual"", ""sleeve_budget"": 0.55}",-inf,1.3559836867099717e-06,0.8661555334337634,0.45454545454545453,False,False,unit_residual,2.1881943549088717e-05,1.3559836867099717e-06
real_n4_unit_residual,"{""betas_2024"": {""AUDUSD/NZDUSD"": 0.7150032270701753, ""EURAUD/AUDUSD"": -0.31093367860651805, ""EURJPY/GBPJPY"": 0.8256957854656395, ""GBPCAD/USDCAD"": 0.7854865692584787}, ""entry"": 1.75, ""exit_z"": 0.3, ""nested"": ""opt2024_val2025"", ""pairs"": [""EURAUD/AUDUSD:w40"", ""AUDUSD/NZDUSD:w40"", ""GBPCAD/USDCAD:w40"", ""EURJPY/GBPJPY:w40""], ""risk_frac"": 0.0075, ""sizing"": ""unit_residual"", ""sleeve_budget"": 1.0}",-inf,2.4669243456759693e-06,0.8661541513720296,0.45454545454545453,False,False,unit_residual,3.978366519136694e-05,2.4669243456759693e-06
real_n4_unit_residual,"{""betas_2024"": {""AUDUSD/NZDUSD"": 0.7150032270701753, ""EURAUD/AUDUSD"": -0.31093367860651805, ""EURJPY/GBPJPY"": 0.8256957854656395, ""GBPCAD/USDCAD"": 0.7854865692584787}, ""entry"": 1.75, ""exit_z"": 0.3, ""nested"": ""opt2024_val2025"", ""pairs"": [""EURAUD/AUDUSD:w40"", ""AUDUSD/NZDUSD:w40"", ""GBPCAD/USDCAD:w40"", ""EURJPY/GBPJPY:w40""], ""risk_frac"": 0.01, ""sizing"": ""unit_residual"", ""sleeve_budget"": 0.55}",-inf,5.278936118277566e-06,0.8054467147756621,0.45454545454545453,False,False,unit_residual,2.087999587273671e-05,5.278936118277566e-06
real_n4_unit_residual,"{""betas_2024"": {""AUDUSD/NZDUSD"": 0.7150032270701753, ""EURAUD/AUDUSD"": -0.31093367860651805, ""EURJPY/GBPJPY"": 0.8256957854656395, ""GBPCAD/USDCAD"": 0.7854865692584787}, ""entry"": 1.75, ""exit_z"": 0.3, ""nested"": ""opt2024_val2025"", ""pairs"": [""EURAUD/AUDUSD:w40"", ""AUDUSD/NZDUSD:w40"", ""GBPCAD/USDCAD:w40"", ""EURJPY/GBPJPY:w40""], ""risk_frac"": 0.01, ""sizing"": ""unit_residual"", ""sleeve_budget"": 1.0}",-inf,9.599598175660806e-06,0.8054585257042804,0.45454545454545453,False,False,unit_residual,3.796241912558017e-05,9.599598175660806e-06
real_n4_unit_residual,"{""betas_2024"": {""AUDUSD/NZDUSD"": 0.7150032270701753, ""EURAUD/AUDUSD"": -0.31093367860651805, ""EURJPY/GBPJPY"": 0.8256957854656395, ""GBPCAD/USDCAD"": 0.7854865692584787}, ""entry"": 1.75, ""exit_z"": 0.5, ""nested"": ""opt2024_val2025"", ""pairs"": [""EURAUD/AUDUSD:w40"", ""AUDUSD/NZDUSD:w40"", ""GBPCAD/USDCAD:w40"", ""EURJPY/GBPJPY:w40""], ""risk_frac"": 0.005, ""sizing"": ""unit_residual"", ""sleeve_budget"": 0.55}",-inf,-7.870001171902952e-06,1.0,0.375,False,False,unit_residual,2.611790008416099e-05,-7.870001171902952e-06
real_n4_unit_residual,"{""betas_2024"": {""AUDUSD/NZDUSD"": 0.7150032270701753, ""EURAUD/AUDUSD"": -0.31093367860651805, ""EURJPY/GBPJPY"": 0.8256957854656395, ""GBPCAD/USDCAD"": 0.7854865692584787}, ""entry"": 1.75, ""exit_z"": 0.5, ""nested"": ""opt2024_val2025"", ""pairs"": [""EURAUD/AUDUSD:w40"", ""AUDUSD/NZDUSD:w40"", ""GBPCAD/USDCAD:w40"", ""EURJPY/GBPJPY:w40""], ""risk_frac"": 0.005, ""sizing"": ""unit_residual"", ""sleeve_budget"": 1.0}",-inf,-1.4308313182762045e-05,1.0,0.375,False,False,unit_residual,4.748324467853469e-05,-1.4308313182762045e-05
real_n4_unit_residual,"{""betas_2024"": {""AUDUSD/NZDUSD"": 0.7150032270701753, ""EURAUD/AUDUSD"": -0.31093367860651805, ""EURJPY/GBPJPY"": 0.8256957854656395, ""GBPCAD/USDCAD"": 0.7854865692584787}, ""entry"": 1.75, ""exit_z"": 0.5, ""nested"": ""opt2024_val2025"", ""pairs"": [""EURAUD/AUDUSD:w40"", ""AUDUSD/NZDUSD:w40"", ""GBPCAD/USDCAD:w40"", ""EURJPY/GBPJPY:w40""], ""risk_frac"": 0.0075, ""sizing"": ""unit_residual"", ""sleeve_budget"": 0.55}",-inf,-7.870001171902952e-06,1.0,0.375,False,False,unit_residual,2.611790008416099e-05,-7.870001171902952e-06
real_n4_unit_residual,"{""betas_2024"": {""AUDUSD/NZDUSD"": 0.7150032270701753, ""EURAUD/AUDUSD"": -0.31093367860651805, ""EURJPY/GBPJPY"": 0.8256957854656395, ""GBPCAD/USDCAD"": 0.7854865692584787}, ""entry"": 1.75, ""exit_z"": 0.5, ""nested"": ""opt2024_val2025"", ""pairs"": [""EURAUD/AUDUSD:w40"", ""AUDUSD/NZDUSD:w40"", ""GBPCAD/USDCAD:w40"", ""EURJPY/GBPJPY:w40""], ""risk_frac"": 0.0075, ""sizing"": ""unit_residual"", ""sleeve_budget"": 1.0}",-inf,-1.4308313182762045e-05,1.0,0.375,False,False,unit_residual,4.748324467853469e-05,-1.4308313182762045e-05
real_n4_unit_residual,"{""betas_2024"": {""AUDUSD/NZDUSD"": 0.7150032270701753, ""EURAUD/AUDUSD"": -0.31093367860651805, ""EURJPY/GBPJPY"": 0.8256957854656395, ""GBPCAD/USDCAD"": 0.7854865692584787}, ""entry"": 1.75, ""exit_z"": 0.5, ""nested"": ""opt2024_val2025"", ""pairs"": [""EURAUD/AUDUSD:w40"", ""AUDUSD/NZDUSD:w40"", ""GBPCAD/USDCAD:w40"", ""EURJPY/GBPJPY:w40""], ""risk_frac"": 0.01, ""sizing"": ""unit_residual"", ""sleeve_budget"": 0.55}",-inf,-4.447127024825859e-06,0.7764407528342432,0.6363636363636364,False,False,unit_residual,2.406548708216489e-05,-4.447127024825859e-06
real_n4_unit_residual,"{""betas_2024"": {""AUDUSD/NZDUSD"": 0.7150032270701753, ""EURAUD/AUDUSD"": -0.31093367860651805, ""EURJPY/GBPJPY"": 0.8256957854656395, ""GBPCAD/USDCAD"": 0.7854865692584787}, ""entry"": 1.75, ""exit_z"": 0.5, ""nested"": ""opt2024_val2025"", ""pairs"": [""EURAUD/AUDUSD:w40"", ""AUDUSD/NZDUSD:w40"", ""GBPCAD/USDCAD:w40"", ""EURJPY/GBPJPY:w40""], ""risk_frac"": 0.01, ""sizing"": ""unit_residual"", ""sleeve_budget"": 1.0}",-inf,-8.084494226581751e-06,0.7764532566328903,0.6363636363636364,False,False,unit_residual,4.375266486202698e-05,-8.084494226581751e-06
real_n4_unit_residual,"{""betas_2024"": {""AUDUSD/NZDUSD"": 0.7150032270701753, ""EURAUD/AUDUSD"": -0.31093367860651805, ""EURJPY/GBPJPY"": 0.8256957854656395, ""GBPCAD/USDCAD"": 0.7854865692584787}, ""entry"": 2.0, ""exit_z"": 0.2, ""nested"": ""opt2024_val2025"", ""pairs"": [""EURAUD/AUDUSD:w40"", ""AUDUSD/NZDUSD:w40"", ""GBPCAD/USDCAD:w40"", ""EURJPY/GBPJPY:w40""], ""risk_frac"": 0.005, ""sizing"": ""unit_residual"", ""sleeve_budget"": 0.55}",-inf,-5.111699834622896e-06,0.80693576321223,0.5,False,False,unit_residual,4.0476901758285614e-05,-5.111699834622896e-06
real_n4_unit_residual,"{""betas_2024"": {""AUDUSD/NZDUSD"": 0.7150032270701753, ""EURAUD/AUDUSD"": -0.31093367860651805, ""EURJPY/GBPJPY"": 0.8256957854656395, ""GBPCAD/USDCAD"": 0.7854865692584787}, ""entry"": 2.0, ""exit_z"": 0.2, ""nested"": ""opt2024_val2025"", ""pairs"": [""EURAUD/AUDUSD:w40"", ""AUDUSD/NZDUSD:w40"", ""GBPCAD/USDCAD:w40"", ""EURJPY/GBPJPY:w40""], ""risk_frac"": 0.005, ""sizing"": ""unit_residual"", ""sleeve_budget"": 1.0}",-inf,-9.292437474203719e-06,0.8069312999269638,0.5,False,False,unit_residual,7.358706927867493e-05,-9.292437474203719e-06
real_n4_unit_residual,"{""betas_2024"": {""AUDUSD/NZDUSD"": 0.7150032270701753, ""EURAUD/AUDUSD"": -0.31093367860651805, ""EURJPY/GBPJPY"": 0.8256957854656395, ""GBPCAD/USDCAD"": 0.7854865692584787}, ""entry"": 2.0, ""exit_z"": 0.2, ""nested"": ""opt2024_val2025"", ""pairs"": [""EURAUD/AUDUSD:w40"", ""AUDUSD/NZDUSD:w40"", ""GBPCAD/USDCAD:w40"", ""EURJPY/GBPJPY:w40""], ""risk_frac"": 0.0075, ""sizing"": ""unit_residual"", ""sleeve_budget"": 0.55}",-inf,-5.111699834622896e-06,0.80693576321223,0.5,False,False,unit_residual,4.0476901758285614e-05,-5.111699834622896e-06
real_n4_unit_residual,"{""betas_2024"": {""AUDUSD/NZDUSD"": 0.7150032270701753, ""EURAUD/AUDUSD"": -0.31093367860651805, ""EURJPY/GBPJPY"": 0.8256957854656395, ""GBPCAD/USDCAD"": 0.7854865692584787}, ""entry"": 2.0, ""exit_z"": 0.2, ""nested"": ""opt2024_val2025"", ""pairs"": [""EURAUD/AUDUSD:w40"", ""AUDUSD/NZDUSD:w40"", ""GBPCAD/USDCAD:w40"", ""EURJPY/GBPJPY:w40""], ""risk_frac"": 0.0075, ""sizing"": ""unit_residual"", ""sleeve_budget"": 1.0}",-inf,-9.292437474203719e-06,0.8069312999269638,0.5,False,False,unit_residual,7.358706927867493e-05,-9.292437474203719e-06
real_n4_unit_residual,"{""betas_2024"": {""AUDUSD/NZDUSD"": 0.7150032270701753, ""EURAUD/AUDUSD"": -0.31093367860651805, ""EURJPY/GBPJPY"": 0.8256957854656395, ""GBPCAD/USDCAD"": 0.7854865692584787}, ""entry"": 2.0, ""exit_z"": 0.2, ""nested"": ""opt2024_val2025"", ""pairs"": [""EURAUD/AUDUSD:w40"", ""AUDUSD/NZDUSD:w40"", ""GBPCAD/USDCAD:w40"", ""EURJPY/GBPJPY:w40""], ""risk_frac"": 0.01, ""sizing"": ""unit_residual"", ""sleeve_budget"": 0.55}",-inf,3.0966377012053847e-06,0.8331134418966564,0.5,False,False,unit_residual,3.979347046888616e-05,3.0966377012053847e-06
real_n4_unit_residual,"{""betas_2024"": {""AUDUSD/NZDUSD"": 0.7150032270701753, ""EURAUD/AUDUSD"": -0.31093367860651805, ""EURJPY/GBPJPY"": 0.8256957854656395, ""GBPCAD/USDCAD"": 0.7854865692584787}, ""entry"": 2.0, ""exit_z"": 0.2, ""nested"": ""opt2024_val2025"", ""pairs"": [""EURAUD/AUDUSD:w40"", ""AUDUSD/NZDUSD:w40"", ""GBPCAD/USDCAD:w40"", ""EURJPY/GBPJPY:w40""], ""risk_frac"": 0.01, ""sizing"": ""unit_residual"", ""sleeve_budget"": 1.0}",-inf,5.631473448008961e-06,0.8331073036882887,0.5,False,False,unit_residual,7.234487346429275e-05,5.631473448008961e-06
real_n4_unit_residual,"{""betas_2024"": {""AUDUSD/NZDUSD"": 0.7150032270701753, ""EURAUD/AUDUSD"": -0.31093367860651805, ""EURJPY/GBPJPY"": 0.8256957854656395, ""GBPCAD/USDCAD"": 0.7854865692584787}, ""entry"": 2.0, ""exit_z"": 0.3, ""nested"": ""opt2024_val2025"", ""pairs"": [""EURAUD/AUDUSD:w40"", ""AUDUSD/NZDUSD:w40"", ""GBPCAD/USDCAD:w40"", ""EURJPY/GBPJPY:w40""], ""risk_frac"": 0.005, ""sizing"": ""unit_residual"", ""sleeve_budget"": 0.55}",-inf,1.3017852433044874e-05,0.7477194766639015,0.7272727272727273,False,False,unit_residual,3.63378411929864e-05,1.3017852433044874e-05
real_n4_unit_residual,"{""betas_2024"": {""AUDUSD/NZDUSD"": 0.7150032270701753, ""EURAUD/AUDUSD"": -0.31093367860651805, ""EURJPY/GBPJPY"": 0.8256957854656395, ""GBPCAD/USDCAD"": 0.7854865692584787}, ""entry"": 2.0, ""exit_z"": 0.3, ""nested"": ""opt2024_val2025"", ""pairs"": [""EURAUD/AUDUSD:w40"", ""AUDUSD/NZDUSD:w40"", ""GBPCAD/USDCAD:w40"", ""EURJPY/GBPJPY:w40""], ""risk_frac"": 0.005, ""sizing"": ""unit_residual"", ""sleeve_budget"": 1.0}",-inf,2.366877150498936e-05,0.7477149836085201,0.7272727272727273,False,False,unit_residual,6.606106112872944e-05,2.366877150498936e-05
real_n4_unit_residual,"{""betas_2024"": {""AUDUSD/NZDUSD"": 0.7150032270701753, ""EURAUD/AUDUSD"": -0.31093367860651805, ""EURJPY/GBPJPY"": 0.8256957854656395, ""GBPCAD/USDCAD"": 0.7854865692584787}, ""entry"": 2.0, ""exit_z"": 0.3, ""nested"": ""opt2024_val2025"", ""pairs"": [""EURAUD/AUDUSD:w40"", ""AUDUSD/NZDUSD:w40"", ""GBPCAD/USDCAD:w40"", ""EURJPY/GBPJPY:w40""], ""risk_frac"": 0.0075, ""sizing"": ""unit_residual"", ""sleeve_budget"": 0.55}",-inf,1.3017852433044874e-05,0.7477194766639015,0.7272727272727273,False,False,unit_residual,3.63378411929864e-05,1.3017852433044874e-05
real_n4_unit_residual,"{""betas_2024"": {""AUDUSD/NZDUSD"": 0.7150032270701753, ""EURAUD/AUDUSD"": -0.31093367860651805, ""EURJPY/GBPJPY"": 0.8256957854656395, ""GBPCAD/USDCAD"": 0.7854865692584787}, ""entry"": 2.0, ""exit_z"": 0.3, ""nested"": ""opt2024_val2025"", ""pairs"": [""EURAUD/AUDUSD:w40"", ""AUDUSD/NZDUSD:w40"", ""GBPCAD/USDCAD:w40"", ""EURJPY/GBPJPY:w40""], ""risk_frac"": 0.0075, ""sizing"": ""unit_residual"", ""sleeve_budget"": 1.0}",-inf,2.366877150498936e-05,0.7477149836085201,0.7272727272727273,False,False,unit_residual,6.606106112872944e-05,2.366877150498936e-05
real_n4_unit_residual,"{""betas_2024"": {""AUDUSD/NZDUSD"": 0.7150032270701753, ""EURAUD/AUDUSD"": -0.31093367860651805, ""EURJPY/GBPJPY"": 0.8256957854656395, ""GBPCAD/USDCAD"": 0.7854865692584787}, ""entry"": 2.0, ""exit_z"": 0.3, ""nested"": ""opt2024_val2025"", ""pairs"": [""EURAUD/AUDUSD:w40"", ""AUDUSD/NZDUSD:w40"", ""GBPCAD/USDCAD:w40"", ""EURJPY/GBPJPY:w40""], ""risk_frac"": 0.01, ""sizing"": ""unit_residual"", ""sleeve_budget"": 0.55}",-inf,2.122550010955071e-05,0.7631305775418634,0.7272727272727273,False,False,unit_residual,3.5654407329403654e-05,2.122550010955071e-05
real_n4_unit_residual,"{""betas_2024"": {""AUDUSD/NZDUSD"": 0.7150032270701753, ""EURAUD/AUDUSD"": -0.31093367860651805, ""EURJPY/GBPJPY"": 0.8256957854656395, ""GBPCAD/USDCAD"": 0.7854865692584787}, ""entry"": 2.0, ""exit_z"": 0.3, ""nested"": ""opt2024_val2025"", ""pairs"": [""EURAUD/AUDUSD:w40"", ""AUDUSD/NZDUSD:w40"", ""GBPCAD/USDCAD:w40"", ""EURJPY/GBPJPY:w40""], ""risk_frac"": 0.01, ""sizing"": ""unit_residual"", ""sleeve_budget"": 1.0}",-inf,3.8590402499524834e-05,0.7631274018184259,0.7272727272727273,False,False,unit_residual,6.481891860994752e-05,3.8590402499524834e-05
real_n4_unit_residual,"{""betas_2024"": {""AUDUSD/NZDUSD"": 0.7150032270701753, ""EURAUD/AUDUSD"": -0.31093367860651805, ""EURJPY/GBPJPY"": 0.8256957854656395, ""GBPCAD/USDCAD"": 0.7854865692584787}, ""entry"": 2.0, ""exit_z"": 0.5, ""nested"": ""opt2024_val2025"", ""pairs"": [""EURAUD/AUDUSD:w40"", ""AUDUSD/NZDUSD:w40"", ""GBPCAD/USDCAD:w40"", ""EURJPY/GBPJPY:w40""], ""risk_frac"": 0.005, ""sizing"": ""unit_residual"", ""sleeve_budget"": 0.55}",-inf,1.0514296069769058e-06,0.8475957955859366,0.6363636363636364,False,False,unit_residual,3.207860135896871e-05,1.0514296069769058e-06
real_n4_unit_residual,"{""betas_2024"": {""AUDUSD/NZDUSD"": 0.7150032270701753, ""EURAUD/AUDUSD"": -0.31093367860651805, ""EURJPY/GBPJPY"": 0.8256957854656395, ""GBPCAD/USDCAD"": 0.7854865692584787}, ""entry"": 2.0, ""exit_z"": 0.5, ""nested"": ""opt2024_val2025"", ""pairs"": [""EURAUD/AUDUSD:w40"", ""AUDUSD/NZDUSD:w40"", ""GBPCAD/USDCAD:w40"", ""EURJPY/GBPJPY:w40""], ""risk_frac"": 0.005, ""sizing"": ""unit_residual"", ""sleeve_budget"": 1.0}",-inf,1.9122789253894767e-06,0.8475971917946118,0.6363636363636364,False,False,unit_residual,5.831813167270469e-05,1.9122789253894767e-06
real_n4_unit_residual,"{""betas_2024"": {""AUDUSD/NZDUSD"": 0.7150032270701753, ""EURAUD/AUDUSD"": -0.31093367860651805, ""EURJPY/GBPJPY"": 0.8256957854656395, ""GBPCAD/USDCAD"": 0.7854865692584787}, ""entry"": 2.0, ""exit_z"": 0.5, ""nested"": ""opt2024_val2025"", ""pairs"": [""EURAUD/AUDUSD:w40"", ""AUDUSD/NZDUSD:w40"", ""GBPCAD/USDCAD:w40"", ""EURJPY/GBPJPY:w40""], ""risk_frac"": 0.0075, ""sizing"": ""unit_residual"", ""sleeve_budget"": 0.55}",-inf,1.0514296069769058e-06,0.8475957955859366,0.6363636363636364,False,False,unit_residual,3.207860135896871e-05,1.0514296069769058e-06
real_n4_unit_residual,"{""betas_2024"": {""AUDUSD/NZDUSD"": 0.7150032270701753, ""EURAUD/AUDUSD"": -0.31093367860651805, ""EURJPY/GBPJPY"": 0.8256957854656395, ""GBPCAD/USDCAD"": 0.7854865692584787}, ""entry"": 2.0, ""exit_z"": 0.5, ""nested"": ""opt2024_val2025"", ""pairs"": [""EURAUD/AUDUSD:w40"", ""AUDUSD/NZDUSD:w40"", ""GBPCAD/USDCAD:w40"", ""EURJPY/GBPJPY:w40""], ""risk_frac"": 0.0075, ""sizing"": ""unit_residual"", ""sleeve_budget"": 1.0}",-inf,1.9122789253894767e-06,0.8475971917946118,0.6363636363636364,False,False,unit_residual,5.831813167270469e-05,1.9122789253894767e-06
real_n4_unit_residual,"{""betas_2024"": {""AUDUSD/NZDUSD"": 0.7150032270701753, ""EURAUD/AUDUSD"": -0.31093367860651805, ""EURJPY/GBPJPY"": 0.8256957854656395, ""GBPCAD/USDCAD"": 0.7854865692584787}, ""entry"": 2.0, ""exit_z"": 0.5, ""nested"": ""opt2024_val2025"", ""pairs"": [""EURAUD/AUDUSD:w40"", ""AUDUSD/NZDUSD:w40"", ""GBPCAD/USDCAD:w40"", ""EURJPY/GBPJPY:w40""], ""risk_frac"": 0.01, ""sizing"": ""unit_residual"", ""sleeve_budget"": 0.55}",-inf,8.759694550650177e-06,0.7612353840356536,0.6363636363636364,False,False,unit_residual,3.0344887431325724e-05,8.759694550650177e-06
real_n4_unit_residual,"{""betas_2024"": {""AUDUSD/NZDUSD"": 0.7150032270701753, ""EURAUD/AUDUSD"": -0.31093367860651805, ""EURJPY/GBPJPY"": 0.8256957854656395, ""GBPCAD/USDCAD"": 0.7854865692584787}, ""entry"": 2.0, ""exit_z"": 0.5, ""nested"": ""opt2024_val2025"", ""pairs"": [""EURAUD/AUDUSD:w40"", ""AUDUSD/NZDUSD:w40"", ""GBPCAD/USDCAD:w40"", ""EURJPY/GBPJPY:w40""], ""risk_frac"": 0.01, ""sizing"": ""unit_residual"", ""sleeve_budget"": 1.0}",-inf,1.5927248927682935e-05,0.761238391602597,0.6363636363636364,False,False,unit_residual,5.516689931887738e-05,1.5927248927682935e-05
real_n4_unit_residual,"{""betas_2024"": {""AUDUSD/NZDUSD"": 0.7150032270701753, ""EURAUD/AUDUSD"": -0.31093367860651805, ""EURJPY/GBPJPY"": 0.8256957854656395, ""GBPCAD/USDCAD"": 0.7854865692584787}, ""entry"": 2.25, ""exit_z"": 0.2, ""nested"": ""opt2024_val2025"", ""pairs"": [""EURAUD/AUDUSD:w40"", ""AUDUSD/NZDUSD:w40"", ""GBPCAD/USDCAD:w40"", ""EURJPY/GBPJPY:w40""], ""risk_frac"": 0.005, ""sizing"": ""unit_residual"", ""sleeve_budget"": 0.55}",-inf,-1.0421228508972202e-05,1.0,0.375,False,False,unit_residual,4.1400701428409825e-05,-1.0421228508972202e-05
real_n4_unit_residual,"{""betas_2024"": {""AUDUSD/NZDUSD"": 0.7150032270701753, ""EURAUD/AUDUSD"": -0.31093367860651805, ""EURJPY/GBPJPY"": 0.8256957854656395, ""GBPCAD/USDCAD"": 0.7854865692584787}, ""entry"": 2.25, ""exit_z"": 0.2, ""nested"": ""opt2024_val2025"", ""pairs"": [""EURAUD/AUDUSD:w40"", ""AUDUSD/NZDUSD:w40"", ""GBPCAD/USDCAD:w40"", ""EURJPY/GBPJPY:w40""], ""risk_frac"": 0.005, ""sizing"": ""unit_residual"", ""sleeve_budget"": 1.0}",-inf,-1.8946507677572444e-05,1.0,0.375,False,False,unit_residual,7.526628135454885e-05,-1.8946507677572444e-05
real_n4_unit_residual,"{""betas_2024"": {""AUDUSD/NZDUSD"": 0.7150032270701753, ""EURAUD/AUDUSD"": -0.31093367860651805, ""EURJPY/GBPJPY"": 0.8256957854656395, ""GBPCAD/USDCAD"": 0.7854865692584787}, ""entry"": 2.25, ""exit_z"": 0.2, ""nested"": ""opt2024_val2025"", ""pairs"": [""EURAUD/AUDUSD:w40"", ""AUDUSD/NZDUSD:w40"", ""GBPCAD/USDCAD:w40"", ""EURJPY/GBPJPY:w40""], ""risk_frac"": 0.0075, ""sizing"": ""unit_residual"", ""sleeve_budget"": 0.55}",-inf,-1.0421228508972202e-05,1.0,0.375,False,False,unit_residual,4.1400701428409825e-05,-1.0421228508972202e-05
real_n4_unit_residual,"{""betas_2024"": {""AUDUSD/NZDUSD"": 0.7150032270701753, ""EURAUD/AUDUSD"": -0.31093367860651805, ""EURJPY/GBPJPY"": 0.8256957854656395, ""GBPCAD/USDCAD"": 0.7854865692584787}, ""entry"": 2.25, ""exit_z"": 0.2, ""nested"": ""opt2024_val2025"", ""pairs"": [""EURAUD/AUDUSD:w40"", ""AUDUSD/NZDUSD:w40"", ""GBPCAD/USDCAD:w40"", ""EURJPY/GBPJPY:w40""], ""risk_frac"": 0.0075, ""sizing"": ""unit_residual"", ""sleeve_budget"": 1.0}",-inf,-1.8946507677572444e-05,1.0,0.375,False,False,unit_residual,7.526628135454885e-05,-1.8946507677572444e-05
real_n4_unit_residual,"{""betas_2024"": {""AUDUSD/NZDUSD"": 0.7150032270701753, ""EURAUD/AUDUSD"": -0.31093367860651805, ""EURJPY/GBPJPY"": 0.8256957854656395, ""GBPCAD/USDCAD"": 0.7854865692584787}, ""entry"": 2.25, ""exit_z"": 0.2, ""nested"": ""opt2024_val2025"", ""pairs"": [""EURAUD/AUDUSD:w40"", ""AUDUSD/NZDUSD:w40"", ""GBPCAD/USDCAD:w40"", ""EURJPY/GBPJPY:w40""], ""risk_frac"": 0.01, ""sizing"": ""unit_residual"", ""sleeve_budget"": 0.55}",-inf,-1.9585929414145387e-06,0.975366864614933,0.5,False,False,unit_residual,3.925858444156746e-05,-1.9585929414145387e-06
real_n4_unit_residual,"{""betas_2024"": {""AUDUSD/NZDUSD"": 0.7150032270701753, ""EURAUD/AUDUSD"": -0.31093367860651805, ""EURJPY/GBPJPY"": 0.8256957854656395, ""GBPCAD/USDCAD"": 0.7854865692584787}, ""entry"": 2.25, ""exit_z"": 0.2, ""nested"": ""opt2024_val2025"", ""pairs"": [""EURAUD/AUDUSD:w40"", ""AUDUSD/NZDUSD:w40"", ""GBPCAD/USDCAD:w40"", ""EURJPY/GBPJPY:w40""], ""risk_frac"": 0.01, ""sizing"": ""unit_residual"", ""sleeve_budget"": 1.0}",-inf,-3.559730254162896e-06,0.97536659670564,0.5,False,False,unit_residual,7.137258766713602e-05,-3.559730254162896e-06
real_n4_unit_residual,"{""betas_2024"": {""AUDUSD/NZDUSD"": 0.7150032270701753, ""EURAUD/AUDUSD"": -0.31093367860651805, ""EURJPY/GBPJPY"": 0.8256957854656395, ""GBPCAD/USDCAD"": 0.7854865692584787}, ""entry"": 2.25, ""exit_z"": 0.3, ""nested"": ""opt2024_val2025"", ""pairs"": [""EURAUD/AUDUSD:w40"", ""AUDUSD/NZDUSD:w40"", ""GBPCAD/USDCAD:w40"", ""EURJPY/GBPJPY:w40""], ""risk_frac"": 0.005, ""sizing"": ""unit_residual"", ""sleeve_budget"": 0.55}",-inf,7.989851999942732e-06,0.8386340395696624,0.7272727272727273,False,False,unit_residual,3.807136158654164e-05,7.989851999942732e-06
real_n4_unit_residual,"{""betas_2024"": {""AUDUSD/NZDUSD"": 0.7150032270701753, ""EURAUD/AUDUSD"": -0.31093367860651805, ""EURJPY/GBPJPY"": 0.8256957854656395, ""GBPCAD/USDCAD"": 0.7854865692584787}, ""entry"": 2.25, ""exit_z"": 0.3, ""nested"": ""opt2024_val2025"", ""pairs"": [""EURAUD/AUDUSD:w40"", ""AUDUSD/NZDUSD:w40"", ""GBPCAD/USDCAD:w40"", ""EURJPY/GBPJPY:w40""], ""risk_frac"": 0.005, ""sizing"": ""unit_residual"", ""sleeve_budget"": 1.0}",-inf,1.452757334743926e-05,0.83863502556573,0.7272727272727273,False,False,unit_residual,6.92119509744036e-05,1.452757334743926e-05
real_n4_unit_residual,"{""betas_2024"": {""AUDUSD/NZDUSD"": 0.7150032270701753, ""EURAUD/AUDUSD"": -0.31093367860651805, ""EURJPY/GBPJPY"": 0.8256957854656395, ""GBPCAD/USDCAD"": 0.7854865692584787}, ""entry"": 2.25, ""exit_z"": 0.3, ""nested"": ""opt2024_val2025"", ""pairs"": [""EURAUD/AUDUSD:w40"", ""AUDUSD/NZDUSD:w40"", ""GBPCAD/USDCAD:w40"", ""EURJPY/GBPJPY:w40""], ""risk_frac"": 0.0075, ""sizing"": ""unit_residual"", ""sleeve_budget"": 0.55}",-inf,7.989851999942732e-06,0.8386340395696624,0.7272727272727273,False,False,unit_residual,3.807136158654164e-05,7.989851999942732e-06
real_n4_unit_residual,"{""betas_2024"": {""AUDUSD/NZDUSD"": 0.7150032270701753, ""EURAUD/AUDUSD"": -0.31093367860651805, ""EURJPY/GBPJPY"": 0.8256957854656395, ""GBPCAD/USDCAD"": 0.7854865692584787}, ""entry"": 2.25, ""exit_z"": 0.3, ""nested"": ""opt2024_val2025"", ""pairs"": [""EURAUD/AUDUSD:w40"", ""AUDUSD/NZDUSD:w40"", ""GBPCAD/USDCAD:w40"", ""EURJPY/GBPJPY:w40""], ""risk_frac"": 0.0075, ""sizing"": ""unit_residual"", ""sleeve_budget"": 1.0}",-inf,1.452757334743926e-05,0.83863502556573,0.7272727272727273,False,False,unit_residual,6.92119509744036e-05,1.452757334743926e-05
real_n4_unit_residual,"{""betas_2024"": {""AUDUSD/NZDUSD"": 0.7150032270701753, ""EURAUD/AUDUSD"": -0.31093367860651805, ""EURJPY/GBPJPY"": 0.8256957854656395, ""GBPCAD/USDCAD"": 0.7854865692584787}, ""entry"": 2.25, ""exit_z"": 0.3, ""nested"": ""opt2024_val2025"", ""pairs"": [""EURAUD/AUDUSD:w40"", ""AUDUSD/NZDUSD:w40"", ""GBPCAD/USDCAD:w40"", ""EURJPY/GBPJPY:w40""], ""risk_frac"": 0.01, ""sizing"": ""unit_residual"", ""sleeve_budget"": 0.55}",-inf,1.645175810742472e-05,0.7927165689030465,0.7272727272727273,False,False,unit_residual,3.59292536040622e-05,1.645175810742472e-05
real_n4_unit_residual,"{""betas_2024"": {""AUDUSD/NZDUSD"": 0.7150032270701753, ""EURAUD/AUDUSD"": -0.31093367860651805, ""EURJPY/GBPJPY"": 0.8256957854656395, ""GBPCAD/USDCAD"": 0.7854865692584787}, ""entry"": 2.25, ""exit_z"": 0.3, ""nested"": ""opt2024_val2025"", ""pairs"": [""EURAUD/AUDUSD:w40"", ""AUDUSD/NZDUSD:w40"", ""GBPCAD/USDCAD:w40"", ""EURJPY/GBPJPY:w40""], ""risk_frac"": 0.01, ""sizing"": ""unit_residual"", ""sleeve_budget"": 1.0}",-inf,2.991193973192474e-05,0.7927230059054416,0.7272727272727273,False,False,unit_residual,6.53183455371858e-05,2.991193973192474e-05
real_n4_unit_residual,"{""betas_2024"": {""AUDUSD/NZDUSD"": 0.7150032270701753, ""EURAUD/AUDUSD"": -0.31093367860651805, ""EURJPY/GBPJPY"": 0.8256957854656395, ""GBPCAD/USDCAD"": 0.7854865692584787}, ""entry"": 2.25, ""exit_z"": 0.5, ""nested"": ""opt2024_val2025"", ""pairs"": [""EURAUD/AUDUSD:w40"", ""AUDUSD/NZDUSD:w40"", ""GBPCAD/USDCAD:w40"", ""EURJPY/GBPJPY:w40""], ""risk_frac"": 0.005, ""sizing"": ""unit_residual"", ""sleeve_budget"": 0.55}",-inf,-1.6324687519969627e-06,0.983647041901658,0.625,False,False,unit_residual,3.481637731729169e-05,-1.6324687519969627e-06
real_n4_unit_residual,"{""betas_2024"": {""AUDUSD/NZDUSD"": 0.7150032270701753, ""EURAUD/AUDUSD"": -0.31093367860651805, ""EURJPY/GBPJPY"": 0.8256957854656395, ""GBPCAD/USDCAD"": 0.7854865692584787}, ""entry"": 2.25, ""exit_z"": 0.5, ""nested"": ""opt2024_val2025"", ""pairs"": [""EURAUD/AUDUSD:w40"", ""AUDUSD/NZDUSD:w40"", ""GBPCAD/USDCAD:w40"", ""EURJPY/GBPJPY:w40""], ""risk_frac"": 0.005, ""sizing"": ""unit_residual"", ""sleeve_budget"": 1.0}",-inf,-2.9674341056051823e-06,0.9836476552168808,0.625,False,False,unit_residual,6.329464585761649e-05,-2.9674341056051823e-06
real_n4_unit_residual,"{""betas_2024"": {""AUDUSD/NZDUSD"": 0.7150032270701753, ""EURAUD/AUDUSD"": -0.31093367860651805, ""EURJPY/GBPJPY"": 0.8256957854656395, ""GBPCAD/USDCAD"": 0.7854865692584787}, ""entry"": 2.25, ""exit_z"": 0.5, ""nested"": ""opt2024_val2025"", ""pairs"": [""EURAUD/AUDUSD:w40"", ""AUDUSD/NZDUSD:w40"", ""GBPCAD/USDCAD:w40"", ""EURJPY/GBPJPY:w40""], ""risk_frac"": 0.0075, ""sizing"": ""unit_residual"", ""sleeve_budget"": 0.55}",-inf,-1.6324687519969627e-06,0.983647041901658,0.625,False,False,unit_residual,3.481637731729169e-05,-1.6324687519969627e-06
real_n4_unit_residual,"{""betas_2024"": {""AUDUSD/NZDUSD"": 0.7150032270701753, ""EURAUD/AUDUSD"": -0.31093367860651805, ""EURJPY/GBPJPY"": 0.8256957854656395, ""GBPCAD/USDCAD"": 0.7854865692584787}, ""entry"": 2.25, ""exit_z"": 0.5, ""nested"": ""opt2024_val2025"", ""pairs"": [""EURAUD/AUDUSD:w40"", ""AUDUSD/NZDUSD:w40"", ""GBPCAD/USDCAD:w40"", ""EURJPY/GBPJPY:w40""], ""risk_frac"": 0.0075, ""sizing"": ""unit_residual"", ""sleeve_budget"": 1.0}",-inf,-2.9674341056051823e-06,0.9836476552168808,0.625,False,False,unit_residual,6.329464585761649e-05,-2.9674341056051823e-06
real_n4_unit_residual,"{""betas_2024"": {""AUDUSD/NZDUSD"": 0.7150032270701753, ""EURAUD/AUDUSD"": -0.31093367860651805, ""EURJPY/GBPJPY"": 0.8256957854656395, ""GBPCAD/USDCAD"": 0.7854865692584787}, ""entry"": 2.25, ""exit_z"": 0.5, ""nested"": ""opt2024_val2025"", ""pairs"": [""EURAUD/AUDUSD:w40"", ""AUDUSD/NZDUSD:w40"", ""GBPCAD/USDCAD:w40"", ""EURJPY/GBPJPY:w40""], ""risk_frac"": 0.01, ""sizing"": ""unit_residual"", ""sleeve_budget"": 0.55}",-inf,6.3297387890987045e-06,0.8325998586780542,0.7272727272727273,False,False,unit_residual,3.2538287900315844e-05,6.3297387890987045e-06
real_n4_unit_residual,"{""betas_2024"": {""AUDUSD/NZDUSD"": 0.7150032270701753, ""EURAUD/AUDUSD"": -0.31093367860651805, ""EURJPY/GBPJPY"": 0.8256957854656395, ""GBPCAD/USDCAD"": 0.7854865692584787}, ""entry"": 2.25, ""exit_z"": 0.5, ""nested"": ""opt2024_val2025"", ""pairs"": [""EURAUD/AUDUSD:w40"", ""AUDUSD/NZDUSD:w40"", ""GBPCAD/USDCAD:w40"", ""EURJPY/GBPJPY:w40""], ""risk_frac"": 0.01, ""sizing"": ""unit_residual"", ""sleeve_budget"": 1.0}",-inf,1.1509463438558187e-05,0.8326054670199188,0.7272727272727273,False,False,unit_residual,5.9153850114003106e-05,1.1509463438558187e-05
real_n4_unit_residual,"{""betas_2024"": {""AUDUSD/NZDUSD"": 0.7150032270701753, ""EURAUD/AUDUSD"": -0.31093367860651805, ""EURJPY/GBPJPY"": 0.8256957854656395, ""GBPCAD/USDCAD"": 0.7854865692584787}, ""entry"": 2.5, ""exit_z"": 0.2, ""nested"": ""opt2024_val2025"", ""pairs"": [""EURAUD/AUDUSD:w40"", ""AUDUSD/NZDUSD:w40"", ""GBPCAD/USDCAD:w40"", ""EURJPY/GBPJPY:w40""], ""risk_frac"": 0.005, ""sizing"": ""unit_residual"", ""sleeve_budget"": 0.55}",-inf,-8.671694706988142e-06,1.0,0.375,False,False,unit_residual,3.249013707090126e-05,-8.671694706988142e-06
real_n4_unit_residual,"{""betas_2024"": {""AUDUSD/NZDUSD"": 0.7150032270701753, ""EURAUD/AUDUSD"": -0.31093367860651805, ""EURJPY/GBPJPY"": 0.8256957854656395, ""GBPCAD/USDCAD"": 0.7854865692584787}, ""entry"": 2.5, ""exit_z"": 0.2, ""nested"": ""opt2024_val2025"", ""pairs"": [""EURAUD/AUDUSD:w40"", ""AUDUSD/NZDUSD:w40"", ""GBPCAD/USDCAD:w40"", ""EURJPY/GBPJPY:w40""], ""risk_frac"": 0.005, ""sizing"": ""unit_residual"", ""sleeve_budget"": 1.0}",-inf,-1.5765602686693136e-05,1.0,0.375,False,False,unit_residual,5.9067087876659e-05,-1.5765602686693136e-05
real_n4_unit_residual,"{""betas_2024"": {""AUDUSD/NZDUSD"": 0.7150032270701753, ""EURAUD/AUDUSD"": -0.31093367860651805, ""EURJPY/GBPJPY"": 0.8256957854656395, ""GBPCAD/USDCAD"": 0.7854865692584787}, ""entry"": 2.5, ""exit_z"": 0.2, ""nested"": ""opt2024_val2025"", ""pairs"": [""EURAUD/AUDUSD:w40"", ""AUDUSD/NZDUSD:w40"", ""GBPCAD/USDCAD:w40"", ""EURJPY/GBPJPY:w40""], ""risk_frac"": 0.0075, ""sizing"": ""unit_residual"", ""sleeve_budget"": 0.55}",-inf,-8.671694706988142e-06,1.0,0.375,False,False,unit_residual,3.249013707090126e-05,-8.671694706988142e-06
real_n4_unit_residual,"{""betas_2024"": {""AUDUSD/NZDUSD"": 0.7150032270701753, ""EURAUD/AUDUSD"": -0.31093367860651805, ""EURJPY/GBPJPY"": 0.8256957854656395, ""GBPCAD/USDCAD"": 0.7854865692584787}, ""entry"": 2.5, ""exit_z"": 0.2, ""nested"": ""opt2024_val2025"", ""pairs"": [""EURAUD/AUDUSD:w40"", ""AUDUSD/NZDUSD:w40"", ""GBPCAD/USDCAD:w40"", ""EURJPY/GBPJPY:w40""], ""risk_frac"": 0.0075, ""sizing"": ""unit_residual"", ""sleeve_budget"": 1.0}",-inf,-1.5765602686693136e-05,1.0,0.375,False,False,unit_residual,5.9067087876659e-05,-1.5765602686693136e-05
real_n4_unit_residual,"{""betas_2024"": {""AUDUSD/NZDUSD"": 0.7150032270701753, ""EURAUD/AUDUSD"": -0.31093367860651805, ""EURJPY/GBPJPY"": 0.8256957854656395, ""GBPCAD/USDCAD"": 0.7854865692584787}, ""entry"": 2.5, ""exit_z"": 0.2, ""nested"": ""opt2024_val2025"", ""pairs"": [""EURAUD/AUDUSD:w40"", ""AUDUSD/NZDUSD:w40"", ""GBPCAD/USDCAD:w40"", ""EURJPY/GBPJPY:w40""], ""risk_frac"": 0.01, ""sizing"": ""unit_residual"", ""sleeve_budget"": 0.55}",-inf,1.4160497609216893e-06,0.851690724143902,0.5,False,False,unit_residual,3.249021390488488e-05,1.4160497609216893e-06
real_n4_unit_residual,"{""betas_2024"": {""AUDUSD/NZDUSD"": 0.7150032270701753, ""EURAUD/AUDUSD"": -0.31093367860651805, ""EURJPY/GBPJPY"": 0.8256957854656395, ""GBPCAD/USDCAD"": 0.7854865692584787}, ""entry"": 2.5, ""exit_z"": 0.2, ""nested"": ""opt2024_val2025"", ""pairs"": [""EURAUD/AUDUSD:w40"", ""AUDUSD/NZDUSD:w40"", ""GBPCAD/USDCAD:w40"", ""EURJPY/GBPJPY:w40""], ""risk_frac"": 0.01, ""sizing"": ""unit_residual"", ""sleeve_budget"": 1.0}",-inf,2.575417642869393e-06,0.8516879600925173,0.5,False,False,unit_residual,5.906722753688178e-05,2.575417642869393e-06
real_n4_unit_residual,"{""betas_2024"": {""AUDUSD/NZDUSD"": 0.7150032270701753, ""EURAUD/AUDUSD"": -0.31093367860651805, ""EURJPY/GBPJPY"": 0.8256957854656395, ""GBPCAD/USDCAD"": 0.7854865692584787}, ""entry"": 2.5, ""exit_z"": 0.3, ""nested"": ""opt2024_val2025"", ""pairs"": [""EURAUD/AUDUSD:w40"", ""AUDUSD/NZDUSD:w40"", ""GBPCAD/USDCAD:w40"", ""EURJPY/GBPJPY:w40""], ""risk_frac"": 0.005, ""sizing"": ""unit_residual"", ""sleeve_budget"": 0.55}",-inf,-1.6676829143469352e-06,1.0,0.375,False,False,unit_residual,2.9688238282199464e-05,-1.6676829143469352e-06
real_n4_unit_residual,"{""betas_2024"": {""AUDUSD/NZDUSD"": 0.7150032270701753, ""EURAUD/AUDUSD"": -0.31093367860651805, ""EURJPY/GBPJPY"": 0.8256957854656395, ""GBPCAD/USDCAD"": 0.7854865692584787}, ""entry"": 2.5, ""exit_z"": 0.3, ""nested"": ""opt2024_val2025"", ""pairs"": [""EURAUD/AUDUSD:w40"", ""AUDUSD/NZDUSD:w40"", ""GBPCAD/USDCAD:w40"", ""EURJPY/GBPJPY:w40""], ""risk_frac"": 0.005, ""sizing"": ""unit_residual"", ""sleeve_budget"": 1.0}",-inf,-3.031536556410974e-06,1.0,0.375,False,False,unit_residual,5.397379424941885e-05,-3.031536556410974e-06
real_n4_unit_residual,"{""betas_2024"": {""AUDUSD/NZDUSD"": 0.7150032270701753, ""EURAUD/AUDUSD"": -0.31093367860651805, ""EURJPY/GBPJPY"": 0.8256957854656395, ""GBPCAD/USDCAD"": 0.7854865692584787}, ""entry"": 2.5, ""exit_z"": 0.3, ""nested"": ""opt2024_val2025"", ""pairs"": [""EURAUD/AUDUSD:w40"", ""AUDUSD/NZDUSD:w40"", ""GBPCAD/USDCAD:w40"", ""EURJPY/GBPJPY:w40""], ""risk_frac"": 0.0075, ""sizing"": ""unit_residual"", ""sleeve_budget"": 0.55}",-inf,-1.6676829143469352e-06,1.0,0.375,False,False,unit_residual,2.9688238282199464e-05,-1.6676829143469352e-06
real_n4_unit_residual,"{""betas_2024"": {""AUDUSD/NZDUSD"": 0.7150032270701753, ""EURAUD/AUDUSD"": -0.31093367860651805, ""EURJPY/GBPJPY"": 0.8256957854656395, ""GBPCAD/USDCAD"": 0.7854865692584787}, ""entry"": 2.5, ""exit_z"": 0.3, ""nested"": ""opt2024_val2025"", ""pairs"": [""EURAUD/AUDUSD:w40"", ""AUDUSD/NZDUSD:w40"", ""GBPCAD/USDCAD:w40"", ""EURJPY/GBPJPY:w40""], ""risk_frac"": 0.0075, ""sizing"": ""unit_residual"", ""sleeve_budget"": 1.0}",-inf,-3.031536556410974e-06,1.0,0.375,False,False,unit_residual,5.397379424941885e-05,-3.031536556410974e-06
real_n4_unit_residual,"{""betas_2024"": {""AUDUSD/NZDUSD"": 0.7150032270701753, ""EURAUD/AUDUSD"": -0.31093367860651805, ""EURJPY/GBPJPY"": 0.8256957854656395, ""GBPCAD/USDCAD"": 0.7854865692584787}, ""entry"": 2.5, ""exit_z"": 0.3, ""nested"": ""opt2024_val2025"", ""pairs"": [""EURAUD/AUDUSD:w40"", ""AUDUSD/NZDUSD:w40"", ""GBPCAD/USDCAD:w40"", ""EURJPY/GBPJPY:w40""], ""risk_frac"": 0.01, ""sizing"": ""unit_residual"", ""sleeve_budget"": 0.55}",-inf,8.419702442599708e-06,0.8423759023590077,0.5,False,False,unit_residual,2.9688296633412214e-05,8.419702442599708e-06
real_n4_unit_residual,"{""betas_2024"": {""AUDUSD/NZDUSD"": 0.7150032270701753, ""EURAUD/AUDUSD"": -0.31093367860651805, ""EURJPY/GBPJPY"": 0.8256957854656395, ""GBPCAD/USDCAD"": 0.7854865692584787}, ""entry"": 2.5, ""exit_z"": 0.3, ""nested"": ""opt2024_val2025"", ""pairs"": [""EURAUD/AUDUSD:w40"", ""AUDUSD/NZDUSD:w40"", ""GBPCAD/USDCAD:w40"", ""EURJPY/GBPJPY:w40""], ""risk_frac"": 0.01, ""sizing"": ""unit_residual"", ""sleeve_budget"": 1.0}",-inf,1.5308296749935724e-05,0.8423831811380735,0.5,False,False,unit_residual,5.3973900316361956e-05,1.5308296749935724e-05
real_n4_unit_residual,"{""betas_2024"": {""AUDUSD/NZDUSD"": 0.7150032270701753, ""EURAUD/AUDUSD"": -0.31093367860651805, ""EURJPY/GBPJPY"": 0.8256957854656395, ""GBPCAD/USDCAD"": 0.7854865692584787}, ""entry"": 2.5, ""exit_z"": 0.5, ""nested"": ""opt2024_val2025"", ""pairs"": [""EURAUD/AUDUSD:w40"", ""AUDUSD/NZDUSD:w40"", ""GBPCAD/USDCAD:w40"", ""EURJPY/GBPJPY:w40""], ""risk_frac"": 0.005, ""sizing"": ""unit_residual"", ""sleeve_budget"": 0.55}",-inf,-5.304777708978192e-06,1.0,0.375,False,False,unit_residual,2.7934194376360626e-05,-5.304777708978192e-06
real_n4_unit_residual,"{""betas_2024"": {""AUDUSD/NZDUSD"": 0.7150032270701753, ""EURAUD/AUDUSD"": -0.31093367860651805, ""EURJPY/GBPJPY"": 0.8256957854656395, ""GBPCAD/USDCAD"": 0.7854865692584787}, ""entry"": 2.5, ""exit_z"": 0.5, ""nested"": ""opt2024_val2025"", ""pairs"": [""EURAUD/AUDUSD:w40"", ""AUDUSD/NZDUSD:w40"", ""GBPCAD/USDCAD:w40"", ""EURJPY/GBPJPY:w40""], ""risk_frac"": 0.005, ""sizing"": ""unit_residual"", ""sleeve_budget"": 1.0}",-inf,-9.64440281475687e-06,1.0,0.375,False,False,unit_residual,5.0784566465274366e-05,-9.64440281475687e-06
real_n4_unit_residual,"{""betas_2024"": {""AUDUSD/NZDUSD"": 0.7150032270701753, ""EURAUD/AUDUSD"": -0.31093367860651805, ""EURJPY/GBPJPY"": 0.8256957854656395, ""GBPCAD/USDCAD"": 0.7854865692584787}, ""entry"": 2.5, ""exit_z"": 0.5, ""nested"": ""opt2024_val2025"", ""pairs"": [""EURAUD/AUDUSD:w40"", ""AUDUSD/NZDUSD:w40"", ""GBPCAD/USDCAD:w40"", ""EURJPY/GBPJPY:w40""], ""risk_frac"": 0.0075, ""sizing"": ""unit_residual"", ""sleeve_budget"": 0.55}",-inf,-5.304777708978192e-06,1.0,0.375,False,False,unit_residual,2.7934194376360626e-05,-5.304777708978192e-06
real_n4_unit_residual,"{""betas_2024"": {""AUDUSD/NZDUSD"": 0.7150032270701753, ""EURAUD/AUDUSD"": -0.31093367860651805, ""EURJPY/GBPJPY"": 0.8256957854656395, ""GBPCAD/USDCAD"": 0.7854865692584787}, ""entry"": 2.5, ""exit_z"": 0.5, ""nested"": ""opt2024_val2025"", ""pairs"": [""EURAUD/AUDUSD:w40"", ""AUDUSD/NZDUSD:w40"", ""GBPCAD/USDCAD:w40"", ""EURJPY/GBPJPY:w40""], ""risk_frac"": 0.0075, ""sizing"": ""unit_residual"", ""sleeve_budget"": 1.0}",-inf,-9.64440281475687e-06,1.0,0.375,False,False,unit_residual,5.0784566465274366e-05,-9.64440281475687e-06
real_n4_unit_residual,"{""betas_2024"": {""AUDUSD/NZDUSD"": 0.7150032270701753, ""EURAUD/AUDUSD"": -0.31093367860651805, ""EURJPY/GBPJPY"": 0.8256957854656395, ""GBPCAD/USDCAD"": 0.7854865692584787}, ""entry"": 2.5, ""exit_z"": 0.5, ""nested"": ""opt2024_val2025"", ""pairs"": [""EURAUD/AUDUSD:w40"", ""AUDUSD/NZDUSD:w40"", ""GBPCAD/USDCAD:w40"", ""EURJPY/GBPJPY:w40""], ""risk_frac"": 0.01, ""sizing"": ""unit_residual"", ""sleeve_budget"": 0.55}",-inf,4.282911537062395e-06,0.8146338822309036,0.5,False,False,unit_residual,2.7934252727835794e-05,4.282911537062395e-06
real_n4_unit_residual,"{""betas_2024"": {""AUDUSD/NZDUSD"": 0.7150032270701753, ""EURAUD/AUDUSD"": -0.31093367860651805, ""EURJPY/GBPJPY"": 0.8256957854656395, ""GBPCAD/USDCAD"": 0.7854865692584787}, ""entry"": 2.5, ""exit_z"": 0.5, ""nested"": ""opt2024_val2025"", ""pairs"": [""EURAUD/AUDUSD:w40"", ""AUDUSD/NZDUSD:w40"", ""GBPCAD/USDCAD:w40"", ""EURJPY/GBPJPY:w40""], ""risk_frac"": 0.01, ""sizing"": ""unit_residual"", ""sleeve_budget"": 1.0}",-inf,7.787337312145648e-06,0.814634634444777,0.5,False,False,unit_residual,5.078467253298454e-05,7.787337312145648e-06
real_n4_unit_residual,"{""betas_2024"": {""AUDUSD/NZDUSD"": 0.7150032270701753, ""EURAUD/AUDUSD"": -0.31093367860651805, ""EURJPY/GBPJPY"": 0.8256957854656395, ""GBPCAD/USDCAD"": 0.7854865692584787}, ""entry"": 1.5, ""exit_z"": 0.2, ""nested"": ""opt2024_val2025"", ""pairs"": [""EURAUD/AUDUSD:w60"", ""AUDUSD/NZDUSD:w60"", ""GBPCAD/USDCAD:w60"", ""EURJPY/GBPJPY:w60""], ""risk_frac"": 0.005, ""sizing"": ""unit_residual"", ""sleeve_budget"": 0.55}",-inf,-4.516950636745953e-06,0.9635306155984744,0.625,False,False,unit_residual,2.55208591095119e-05,-4.516950636745953e-06
real_n4_unit_residual,"{""betas_2024"": {""AUDUSD/NZDUSD"": 0.7150032270701753, ""EURAUD/AUDUSD"": -0.31093367860651805, ""EURJPY/GBPJPY"": 0.8256957854656395, ""GBPCAD/USDCAD"": 0.7854865692584787}, ""entry"": 1.5, ""exit_z"": 0.2, ""nested"": ""opt2024_val2025"", ""pairs"": [""EURAUD/AUDUSD:w60"", ""AUDUSD/NZDUSD:w60"", ""GBPCAD/USDCAD:w60"", ""EURJPY/GBPJPY:w60""], ""risk_frac"": 0.005, ""sizing"": ""unit_residual"", ""sleeve_budget"": 1.0}",-inf,-8.211641391878133e-06,0.9635333934724004,0.625,False,False,unit_residual,4.639783492450937e-05,-8.211641391878133e-06
real_n4_unit_residual,"{""betas_2024"": {""AUDUSD/NZDUSD"": 0.7150032270701753, ""EURAUD/AUDUSD"": -0.31093367860651805, ""EURJPY/GBPJPY"": 0.8256957854656395, ""GBPCAD/USDCAD"": 0.7854865692584787}, ""entry"": 1.5, ""exit_z"": 0.2, ""nested"": ""opt2024_val2025"", ""pairs"": [""EURAUD/AUDUSD:w60"", ""AUDUSD/NZDUSD:w60"", ""GBPCAD/USDCAD:w60"", ""EURJPY/GBPJPY:w60""], ""risk_frac"": 0.0075, ""sizing"": ""unit_residual"", ""sleeve_budget"": 0.55}",-inf,-4.516950636745953e-06,0.9635306155984744,0.625,False,False,unit_residual,2.55208591095119e-05,-4.516950636745953e-06
real_n4_unit_residual,"{""betas_2024"": {""AUDUSD/NZDUSD"": 0.7150032270701753, ""EURAUD/AUDUSD"": -0.31093367860651805, ""EURJPY/GBPJPY"": 0.8256957854656395, ""GBPCAD/USDCAD"": 0.7854865692584787}, ""entry"": 1.5, ""exit_z"": 0.2, ""nested"": ""opt2024_val2025"", ""pairs"": [""EURAUD/AUDUSD:w60"", ""AUDUSD/NZDUSD:w60"", ""GBPCAD/USDCAD:w60"", ""EURJPY/GBPJPY:w60""], ""risk_frac"": 0.0075, ""sizing"": ""unit_residual"", ""sleeve_budget"": 1.0}",-inf,-8.211641391878133e-06,0.9635333934724004,0.625,False,False,unit_residual,4.639783492450937e-05,-8.211641391878133e-06
real_n4_unit_residual,"{""betas_2024"": {""AUDUSD/NZDUSD"": 0.7150032270701753, ""EURAUD/AUDUSD"": -0.31093367860651805, ""EURJPY/GBPJPY"": 0.8256957854656395, ""GBPCAD/USDCAD"": 0.7854865692584787}, ""entry"": 1.5, ""exit_z"": 0.2, ""nested"": ""opt2024_val2025"", ""pairs"": [""EURAUD/AUDUSD:w60"", ""AUDUSD/NZDUSD:w60"", ""GBPCAD/USDCAD:w60"", ""EURJPY/GBPJPY:w60""], ""risk_frac"": 0.01, ""sizing"": ""unit_residual"", ""sleeve_budget"": 0.55}",-inf,-7.342343976285415e-07,0.8362373528775404,0.5,False,False,unit_residual,2.316660246755435e-05,-7.342343976285415e-07
real_n4_unit_residual,"{""betas_2024"": {""AUDUSD/NZDUSD"": 0.7150032270701753, ""EURAUD/AUDUSD"": -0.31093367860651805, ""EURJPY/GBPJPY"": 0.8256957854656395, ""GBPCAD/USDCAD"": 0.7854865692584787}, ""entry"": 1.5, ""exit_z"": 0.2, ""nested"": ""opt2024_val2025"", ""pairs"": [""EURAUD/AUDUSD:w60"", ""AUDUSD/NZDUSD:w60"", ""GBPCAD/USDCAD:w60"", ""EURJPY/GBPJPY:w60""], ""risk_frac"": 0.01, ""sizing"": ""unit_residual"", ""sleeve_budget"": 1.0}",-inf,-1.3338222648456854e-06,0.8362341022473185,0.5,False,False,unit_residual,4.2118470202745506e-05,-1.3338222648456854e-06
real_n4_unit_residual,"{""betas_2024"": {""AUDUSD/NZDUSD"": 0.7150032270701753, ""EURAUD/AUDUSD"": -0.31093367860651805, ""EURJPY/GBPJPY"": 0.8256957854656395, ""GBPCAD/USDCAD"": 0.7854865692584787}, ""entry"": 1.5, ""exit_z"": 0.3, ""nested"": ""opt2024_val2025"", ""pairs"": [""EURAUD/AUDUSD:w60"", ""AUDUSD/NZDUSD:w60"", ""GBPCAD/USDCAD:w60"", ""EURJPY/GBPJPY:w60""], ""risk_frac"": 0.005, ""sizing"": ""unit_residual"", ""sleeve_budget"": 0.55}",-inf,6.643395816893771e-06,0.821627428414125,0.6363636363636364,False,False,unit_residual,2.4674632155436367e-05,6.643395816893771e-06
real_n4_unit_residual,"{""betas_2024"": {""AUDUSD/NZDUSD"": 0.7150032270701753, ""EURAUD/AUDUSD"": -0.31093367860651805, ""EURJPY/GBPJPY"": 0.8256957854656395, ""GBPCAD/USDCAD"": 0.7854865692584787}, ""entry"": 1.5, ""exit_z"": 0.3, ""nested"": ""opt2024_val2025"", ""pairs"": [""EURAUD/AUDUSD:w60"", ""AUDUSD/NZDUSD:w60"", ""GBPCAD/USDCAD:w60"", ""EURJPY/GBPJPY:w60""], ""risk_frac"": 0.005, ""sizing"": ""unit_residual"", ""sleeve_budget"": 1.0}",-inf,1.20797471600681e-05,0.8216286274710077,0.6363636363636364,False,False,unit_residual,4.485960436514694e-05,1.20797471600681e-05
real_n4_unit_residual,"{""betas_2024"": {""AUDUSD/NZDUSD"": 0.7150032270701753, ""EURAUD/AUDUSD"": -0.31093367860651805, ""EURJPY/GBPJPY"": 0.8256957854656395, ""GBPCAD/USDCAD"": 0.7854865692584787}, ""entry"": 1.5, ""exit_z"": 0.3, ""nested"": ""opt2024_val2025"", ""pairs"": [""EURAUD/AUDUSD:w60"", ""AUDUSD/NZDUSD:w60"", ""GBPCAD/USDCAD:w60"", ""EURJPY/GBPJPY:w60""], ""risk_frac"": 0.0075, ""sizing"": ""unit_residual"", ""sleeve_budget"": 0.55}",-inf,6.643395816893771e-06,0.821627428414125,0.6363636363636364,False,False,unit_residual,2.4674632155436367e-05,6.643395816893771e-06
real_n4_unit_residual,"{""betas_2024"": {""AUDUSD/NZDUSD"": 0.7150032270701753, ""EURAUD/AUDUSD"": -0.31093367860651805, ""EURJPY/GBPJPY"": 0.8256957854656395, ""GBPCAD/USDCAD"": 0.7854865692584787}, ""entry"": 1.5, ""exit_z"": 0.3, ""nested"": ""opt2024_val2025"", ""pairs"": [""EURAUD/AUDUSD:w60"", ""AUDUSD/NZDUSD:w60"", ""GBPCAD/USDCAD:w60"", ""EURJPY/GBPJPY:w60""], ""risk_frac"": 0.0075, ""sizing"": ""unit_residual"", ""sleeve_budget"": 1.0}",-inf,1.20797471600681e-05,0.8216286274710077,0.6363636363636364,False,False,unit_residual,4.485960436514694e-05,1.20797471600681e-05
real_n4_unit_residual,"{""betas_2024"": {""AUDUSD/NZDUSD"": 0.7150032270701753, ""EURAUD/AUDUSD"": -0.31093367860651805, ""EURJPY/GBPJPY"": 0.8256957854656395, ""GBPCAD/USDCAD"": 0.7854865692584787}, ""entry"": 1.5, ""exit_z"": 0.3, ""nested"": ""opt2024_val2025"", ""pairs"": [""EURAUD/AUDUSD:w60"", ""AUDUSD/NZDUSD:w60"", ""GBPCAD/USDCAD:w60"", ""EURJPY/GBPJPY:w60""], ""risk_frac"": 0.01, ""sizing"": ""unit_residual"", ""sleeve_budget"": 0.55}",-inf,1.0579299132063014e-05,0.8365932106699203,0.5454545454545454,False,False,unit_residual,2.3807302823778105e-05,1.0579299132063014e-05
real_n4_unit_residual,"{""betas_2024"": {""AUDUSD/NZDUSD"": 0.7150032270701753, ""EURAUD/AUDUSD"": -0.31093367860651805, ""EURJPY/GBPJPY"": 0.8256957854656395, ""GBPCAD/USDCAD"": 0.7854865692584787}, ""entry"": 1.5, ""exit_z"": 0.3, ""nested"": ""opt2024_val2025"", ""pairs"": [""EURAUD/AUDUSD:w60"", ""AUDUSD/NZDUSD:w60"", ""GBPCAD/USDCAD:w60"", ""EURJPY/GBPJPY:w60""], ""risk_frac"": 0.01, ""sizing"": ""unit_residual"", ""sleeve_budget"": 1.0}",-inf,1.9235825222618796e-05,0.8365995311175547,0.5454545454545454,False,False,unit_residual,4.3283219323685494e-05,1.9235825222618796e-05
real_n4_unit_residual,"{""betas_2024"": {""AUDUSD/NZDUSD"": 0.7150032270701753, ""EURAUD/AUDUSD"": -0.31093367860651805, ""EURJPY/GBPJPY"": 0.8256957854656395, ""GBPCAD/USDCAD"": 0.7854865692584787}, ""entry"": 1.5, ""exit_z"": 0.5, ""nested"": ""opt2024_val2025"", ""pairs"": [""EURAUD/AUDUSD:w60"", ""AUDUSD/NZDUSD:w60"", ""GBPCAD/USDCAD:w60"", ""EURJPY/GBPJPY:w60""], ""risk_frac"": 0.005, ""sizing"": ""unit_residual"", ""sleeve_budget"": 0.55}",-inf,1.2779587178587959e-05,0.7730061067814569,0.5454545454545454,False,False,unit_residual,1.9889395930833782e-05,1.2779587178587959e-05
real_n4_unit_residual,"{""betas_2024"": {""AUDUSD/NZDUSD"": 0.7150032270701753, ""EURAUD/AUDUSD"": -0.31093367860651805, ""EURJPY/GBPJPY"": 0.8256957854656395, ""GBPCAD/USDCAD"": 0.7854865692584787}, ""entry"": 1.5, ""exit_z"": 0.5, ""nested"": ""opt2024_val2025"", ""pairs"": [""EURAUD/AUDUSD:w60"", ""AUDUSD/NZDUSD:w60"", ""GBPCAD/USDCAD:w60"", ""EURJPY/GBPJPY:w60""], ""risk_frac"": 0.005, ""sizing"": ""unit_residual"", ""sleeve_budget"": 1.0}",-inf,2.32356658016325e-05,0.7730017829523131,0.5454545454545454,False,False,unit_residual,3.61615945240504e-05,2.32356658016325e-05
real_n4_unit_residual,"{""betas_2024"": {""AUDUSD/NZDUSD"": 0.7150032270701753, ""EURAUD/AUDUSD"": -0.31093367860651805, ""EURJPY/GBPJPY"": 0.8256957854656395, ""GBPCAD/USDCAD"": 0.7854865692584787}, ""entry"": 1.5, ""exit_z"": 0.5, ""nested"": ""opt2024_val2025"", ""pairs"": [""EURAUD/AUDUSD:w60"", ""AUDUSD/NZDUSD:w60"", ""GBPCAD/USDCAD:w60"", ""EURJPY/GBPJPY:w60""], ""risk_frac"": 0.0075, ""sizing"": ""unit_residual"", ""sleeve_budget"": 0.55}",-inf,1.2779587178587959e-05,0.7730061067814569,0.5454545454545454,False,False,unit_residual,1.9889395930833782e-05,1.2779587178587959e-05
real_n4_unit_residual,"{""betas_2024"": {""AUDUSD/NZDUSD"": 0.7150032270701753, ""EURAUD/AUDUSD"": -0.31093367860651805, ""EURJPY/GBPJPY"": 0.8256957854656395, ""GBPCAD/USDCAD"": 0.7854865692584787}, ""entry"": 1.5, ""exit_z"": 0.5, ""nested"": ""opt2024_val2025"", ""pairs"": [""EURAUD/AUDUSD:w60"", ""AUDUSD/NZDUSD:w60"", ""GBPCAD/USDCAD:w60"", ""EURJPY/GBPJPY:w60""], ""risk_frac"": 0.0075, ""sizing"": ""unit_residual"", ""sleeve_budget"": 1.0}",-inf,2.32356658016325e-05,0.7730017829523131,0.5454545454545454,False,False,unit_residual,3.61615945240504e-05,2.32356658016325e-05
real_n4_unit_residual,"{""betas_2024"": {""AUDUSD/NZDUSD"": 0.7150032270701753, ""EURAUD/AUDUSD"": -0.31093367860651805, ""EURJPY/GBPJPY"": 0.8256957854656395, ""GBPCAD/USDCAD"": 0.7854865692584787}, ""entry"": 1.5, ""exit_z"": 0.5, ""nested"": ""opt2024_val2025"", ""pairs"": [""EURAUD/AUDUSD:w60"", ""AUDUSD/NZDUSD:w60"", ""GBPCAD/USDCAD:w60"", ""EURJPY/GBPJPY:w60""], ""risk_frac"": 0.01, ""sizing"": ""unit_residual"", ""sleeve_budget"": 0.55}",-inf,1.702747760141954e-05,0.7239609621172896,0.5454545454545454,False,False,unit_residual,1.898438028206813e-05,1.702747760141954e-05
real_n4_unit_residual,"{""betas_2024"": {""AUDUSD/NZDUSD"": 0.7150032270701753, ""EURAUD/AUDUSD"": -0.31093367860651805, ""EURJPY/GBPJPY"": 0.8256957854656395, ""GBPCAD/USDCAD"": 0.7854865692584787}, ""entry"": 1.5, ""exit_z"": 0.5, ""nested"": ""opt2024_val2025"", ""pairs"": [""EURAUD/AUDUSD:w60"", ""AUDUSD/NZDUSD:w60"", ""GBPCAD/USDCAD:w60"", ""EURJPY/GBPJPY:w60""], ""risk_frac"": 0.01, ""sizing"": ""unit_residual"", ""sleeve_budget"": 1.0}",-inf,3.095838765014569e-05,0.7239716464767328,0.5454545454545454,False,False,unit_residual,3.451649609620411e-05,3.095838765014569e-05
real_n4_unit_residual,"{""betas_2024"": {""AUDUSD/NZDUSD"": 0.7150032270701753, ""EURAUD/AUDUSD"": -0.31093367860651805, ""EURJPY/GBPJPY"": 0.8256957854656395, ""GBPCAD/USDCAD"": 0.7854865692584787}, ""entry"": 1.75, ""exit_z"": 0.2, ""nested"": ""opt2024_val2025"", ""pairs"": [""EURAUD/AUDUSD:w60"", ""AUDUSD/NZDUSD:w60"", ""GBPCAD/USDCAD:w60"", ""EURJPY/GBPJPY:w60""], ""risk_frac"": 0.005, ""sizing"": ""unit_residual"", ""sleeve_budget"": 0.55}",-inf,-5.089477751796245e-06,0.9705301745680066,0.5,False,False,unit_residual,3.439038998550884e-05,-5.089477751796245e-06
real_n4_unit_residual,"{""betas_2024"": {""AUDUSD/NZDUSD"": 0.7150032270701753, ""EURAUD/AUDUSD"": -0.31093367860651805, ""EURJPY/GBPJPY"": 0.8256957854656395, ""GBPCAD/USDCAD"": 0.7854865692584787}, ""entry"": 1.75, ""exit_z"": 0.2, ""nested"": ""opt2024_val2025"", ""pairs"": [""EURAUD/AUDUSD:w60"", ""AUDUSD/NZDUSD:w60"", ""GBPCAD/USDCAD:w60"", ""EURJPY/GBPJPY:w60""], ""risk_frac"": 0.005, ""sizing"": ""unit_residual"", ""sleeve_budget"": 1.0}",-inf,-9.252730166095513e-06,0.9705325622300393,0.5,False,False,unit_residual,6.252138594031731e-05,-9.252730166095513e-06
real_n4_unit_residual,"{""betas_2024"": {""AUDUSD/NZDUSD"": 0.7150032270701753, ""EURAUD/AUDUSD"": -0.31093367860651805, ""EURJPY/GBPJPY"": 0.8256957854656395, ""GBPCAD/USDCAD"": 0.7854865692584787}, ""entry"": 1.75, ""exit_z"": 0.2, ""nested"": ""opt2024_val2025"", ""pairs"": [""EURAUD/AUDUSD:w60"", ""AUDUSD/NZDUSD:w60"", ""GBPCAD/USDCAD:w60"", ""EURJPY/GBPJPY:w60""], ""risk_frac"": 0.0075, ""sizing"": ""unit_residual"", ""sleeve_budget"": 0.55}",-inf,-5.089477751796245e-06,0.9705301745680066,0.5,False,False,unit_residual,3.439038998550884e-05,-5.089477751796245e-06
real_n4_unit_residual,"{""betas_2024"": {""AUDUSD/NZDUSD"": 0.7150032270701753, ""EURAUD/AUDUSD"": -0.31093367860651805, ""EURJPY/GBPJPY"": 0.8256957854656395, ""GBPCAD/USDCAD"": 0.7854865692584787}, ""entry"": 1.75, ""exit_z"": 0.2, ""nested"": ""opt2024_val2025"", ""pairs"": [""EURAUD/AUDUSD:w60"", ""AUDUSD/NZDUSD:w60"", ""GBPCAD/USDCAD:w60"", ""EURJPY/GBPJPY:w60""], ""risk_frac"": 0.0075, ""sizing"": ""unit_residual"", ""sleeve_budget"": 1.0}",-inf,-9.252730166095513e-06,0.9705325622300393,0.5,False,False,unit_residual,6.252138594031731e-05,-9.252730166095513e-06
real_n4_unit_residual,"{""betas_2024"": {""AUDUSD/NZDUSD"": 0.7150032270701753, ""EURAUD/AUDUSD"": -0.31093367860651805, ""EURJPY/GBPJPY"": 0.8256957854656395, ""GBPCAD/USDCAD"": 0.7854865692584787}, ""entry"": 1.75, ""exit_z"": 0.2, ""nested"": ""opt2024_val2025"", ""pairs"": [""EURAUD/AUDUSD:w60"", ""AUDUSD/NZDUSD:w60"", ""GBPCAD/USDCAD:w60"", ""EURJPY/GBPJPY:w60""], ""risk_frac"": 0.01, ""sizing"": ""unit_residual"", ""sleeve_budget"": 0.55}",-inf,-1.91187696137185e-06,0.83652954078503,0.5,False,False,unit_residual,3.243142474099433e-05,-1.91187696137185e-06
real_n4_unit_residual,"{""betas_2024"": {""AUDUSD/NZDUSD"": 0.7150032270701753, ""EURAUD/AUDUSD"": -0.31093367860651805, ""EURJPY/GBPJPY"": 0.8256957854656395, ""GBPCAD/USDCAD"": 0.7854865692584787}, ""entry"": 1.75, ""exit_z"": 0.2, ""nested"": ""opt2024_val2025"", ""pairs"": [""EURAUD/AUDUSD:w60"", ""AUDUSD/NZDUSD:w60"", ""GBPCAD/USDCAD:w60"", ""EURJPY/GBPJPY:w60""], ""risk_frac"": 0.01, ""sizing"": ""unit_residual"", ""sleeve_budget"": 1.0}",-inf,-3.4750834532332187e-06,0.8365278244792217,0.5,False,False,unit_residual,5.896084295462713e-05,-3.4750834532332187e-06
real_n4_unit_residual,"{""betas_2024"": {""AUDUSD/NZDUSD"": 0.7150032270701753, ""EURAUD/AUDUSD"": -0.31093367860651805, ""EURJPY/GBPJPY"": 0.8256957854656395, ""GBPCAD/USDCAD"": 0.7854865692584787}, ""entry"": 1.75, ""exit_z"": 0.3, ""nested"": ""opt2024_val2025"", ""pairs"": [""EURAUD/AUDUSD:w60"", ""AUDUSD/NZDUSD:w60"", ""GBPCAD/USDCAD:w60"", ""EURJPY/GBPJPY:w60""], ""risk_frac"": 0.005, ""sizing"": ""unit_residual"", ""sleeve_budget"": 0.55}",-inf,5.13447649810872e-06,0.8391145223132656,0.625,False,False,unit_residual,3.061052793770528e-05,5.13447649810872e-06
real_n4_unit_residual,"{""betas_2024"": {""AUDUSD/NZDUSD"": 0.7150032270701753, ""EURAUD/AUDUSD"": -0.31093367860651805, ""EURJPY/GBPJPY"": 0.8256957854656395, ""GBPCAD/USDCAD"": 0.7854865692584787}, ""entry"": 1.75, ""exit_z"": 0.3, ""nested"": ""opt2024_val2025"", ""pairs"": [""EURAUD/AUDUSD:w60"", ""AUDUSD/NZDUSD:w60"", ""GBPCAD/USDCAD:w60"", ""EURJPY/GBPJPY:w60""], ""risk_frac"": 0.005, ""sizing"": ""unit_residual"", ""sleeve_budget"": 1.0}",-inf,9.336295793985205e-06,0.8391167030214043,0.625,False,False,unit_residual,5.565046629528826e-05,9.336295793985205e-06
real_n4_unit_residual,"{""betas_2024"": {""AUDUSD/NZDUSD"": 0.7150032270701753, ""EURAUD/AUDUSD"": -0.31093367860651805, ""EURJPY/GBPJPY"": 0.8256957854656395, ""GBPCAD/USDCAD"": 0.7854865692584787}, ""entry"": 1.75, ""exit_z"": 0.3, ""nested"": ""opt2024_val2025"", ""pairs"": [""EURAUD/AUDUSD:w60"", ""AUDUSD/NZDUSD:w60"", ""GBPCAD/USDCAD:w60"", ""EURJPY/GBPJPY:w60""], ""risk_frac"": 0.0075, ""sizing"": ""unit_residual"", ""sleeve_budget"": 0.55}",-inf,5.13447649810872e-06,0.8391145223132656,0.625,False,False,unit_residual,3.061052793770528e-05,5.13447649810872e-06
real_n4_unit_residual,"{""betas_2024"": {""AUDUSD/NZDUSD"": 0.7150032270701753, ""EURAUD/AUDUSD"": -0.31093367860651805, ""EURJPY/GBPJPY"": 0.8256957854656395, ""GBPCAD/USDCAD"": 0.7854865692584787}, ""entry"": 1.75, ""exit_z"": 0.3, ""nested"": ""opt2024_val2025"", ""pairs"": [""EURAUD/AUDUSD:w60"", ""AUDUSD/NZDUSD:w60"", ""GBPCAD/USDCAD:w60"", ""EURJPY/GBPJPY:w60""], ""risk_frac"": 0.0075, ""sizing"": ""unit_residual"", ""sleeve_budget"": 1.0}",-inf,9.336295793985205e-06,0.8391167030214043,0.625,False,False,unit_residual,5.565046629528826e-05,9.336295793985205e-06
real_n4_unit_residual,"{""betas_2024"": {""AUDUSD/NZDUSD"": 0.7150032270701753, ""EURAUD/AUDUSD"": -0.31093367860651805, ""EURJPY/GBPJPY"": 0.8256957854656395, ""GBPCAD/USDCAD"": 0.7854865692584787}, ""entry"": 1.75, ""exit_z"": 0.3, ""nested"": ""opt2024_val2025"", ""pairs"": [""EURAUD/AUDUSD:w60"", ""AUDUSD/NZDUSD:w60"", ""GBPCAD/USDCAD:w60"", ""EURJPY/GBPJPY:w60""], ""risk_frac"": 0.01, ""sizing"": ""unit_residual"", ""sleeve_budget"": 0.55}",-inf,8.46519484934416e-06,0.762396353141884,0.5454545454545454,False,False,unit_residual,3.0138373895831222e-05,8.46519484934416e-06
real_n4_unit_residual,"{""betas_2024"": {""AUDUSD/NZDUSD"": 0.7150032270701753, ""EURAUD/AUDUSD"": -0.31093367860651805, ""EURJPY/GBPJPY"": 0.8256957854656395, ""GBPCAD/USDCAD"": 0.7854865692584787}, ""entry"": 1.75, ""exit_z"": 0.3, ""nested"": ""opt2024_val2025"", ""pairs"": [""EURAUD/AUDUSD:w60"", ""AUDUSD/NZDUSD:w60"", ""GBPCAD/USDCAD:w60"", ""EURJPY/GBPJPY:w60""], ""risk_frac"": 0.01, ""sizing"": ""unit_residual"", ""sleeve_budget"": 1.0}",-inf,1.5392052160723146e-05,0.7623942444392097,0.5454545454545454,False,False,unit_residual,5.4792520489192626e-05,1.5392052160723146e-05
real_n4_unit_residual,"{""betas_2024"": {""AUDUSD/NZDUSD"": 0.7150032270701753, ""EURAUD/AUDUSD"": -0.31093367860651805, ""EURJPY/GBPJPY"": 0.8256957854656395, ""GBPCAD/USDCAD"": 0.7854865692584787}, ""entry"": 1.75, ""exit_z"": 0.5, ""nested"": ""opt2024_val2025"", ""pairs"": [""EURAUD/AUDUSD:w60"", ""AUDUSD/NZDUSD:w60"", ""GBPCAD/USDCAD:w60"", ""EURJPY/GBPJPY:w60""], ""risk_frac"": 0.005, ""sizing"": ""unit_residual"", ""sleeve_budget"": 0.55}",-inf,4.7152667359828815e-06,0.8920109594560643,0.625,False,False,unit_residual,2.6584766002530298e-05,4.7152667359828815e-06
real_n4_unit_residual,"{""betas_2024"": {""AUDUSD/NZDUSD"": 0.7150032270701753, ""EURAUD/AUDUSD"": -0.31093367860651805, ""EURJPY/GBPJPY"": 0.8256957854656395, ""GBPCAD/USDCAD"": 0.7854865692584787}, ""entry"": 1.75, ""exit_z"": 0.5, ""nested"": ""opt2024_val2025"", ""pairs"": [""EURAUD/AUDUSD:w60"", ""AUDUSD/NZDUSD:w60"", ""GBPCAD/USDCAD:w60"", ""EURJPY/GBPJPY:w60""], ""risk_frac"": 0.005, ""sizing"": ""unit_residual"", ""sleeve_budget"": 1.0}",-inf,8.573527362693012e-06,0.8920103688349453,0.625,False,False,unit_residual,4.8333061547480646e-05,8.573527362693012e-06
real_n4_unit_residual,"{""betas_2024"": {""AUDUSD/NZDUSD"": 0.7150032270701753, ""EURAUD/AUDUSD"": -0.31093367860651805, ""EURJPY/GBPJPY"": 0.8256957854656395, ""GBPCAD/USDCAD"": 0.7854865692584787}, ""entry"": 1.75, ""exit_z"": 0.5, ""nested"": ""opt2024_val2025"", ""pairs"": [""EURAUD/AUDUSD:w60"", ""AUDUSD/NZDUSD:w60"", ""GBPCAD/USDCAD:w60"", ""EURJPY/GBPJPY:w60""], ""risk_frac"": 0.0075, ""sizing"": ""unit_residual"", ""sleeve_budget"": 0.55}",-inf,4.7152667359828815e-06,0.8920109594560643,0.625,False,False,unit_residual,2.6584766002530298e-05,4.7152667359828815e-06
real_n4_unit_residual,"{""betas_2024"": {""AUDUSD/NZDUSD"": 0.7150032270701753, ""EURAUD/AUDUSD"": -0.31093367860651805, ""EURJPY/GBPJPY"": 0.8256957854656395, ""GBPCAD/USDCAD"": 0.7854865692584787}, ""entry"": 1.75, ""exit_z"": 0.5, ""nested"": ""opt2024_val2025"", ""pairs"": [""EURAUD/AUDUSD:w60"", ""AUDUSD/NZDUSD:w60"", ""GBPCAD/USDCAD:w60"", ""EURJPY/GBPJPY:w60""], ""risk_frac"": 0.0075, ""sizing"": ""unit_residual"", ""sleeve_budget"": 1.0}",-inf,8.573527362693012e-06,0.8920103688349453,0.625,False,False,unit_residual,4.8333061547480646e-05,8.573527362693012e-06
real_n4_unit_residual,"{""betas_2024"": {""AUDUSD/NZDUSD"": 0.7150032270701753, ""EURAUD/AUDUSD"": -0.31093367860651805, ""EURJPY/GBPJPY"": 0.8256957854656395, ""GBPCAD/USDCAD"": 0.7854865692584787}, ""entry"": 1.75, ""exit_z"": 0.5, ""nested"": ""opt2024_val2025"", ""pairs"": [""EURAUD/AUDUSD:w60"", ""AUDUSD/NZDUSD:w60"", ""GBPCAD/USDCAD:w60"", ""EURJPY/GBPJPY:w60""], ""risk_frac"": 0.01, ""sizing"": ""unit_residual"", ""sleeve_budget"": 0.55}",-inf,7.921792787635162e-06,0.7246792948856,0.625,False,False,unit_residual,2.6074876728111494e-05,7.921792787635162e-06
real_n4_unit_residual,"{""betas_2024"": {""AUDUSD/NZDUSD"": 0.7150032270701753, ""EURAUD/AUDUSD"": -0.31093367860651805, ""EURJPY/GBPJPY"": 0.8256957854656395, ""GBPCAD/USDCAD"": 0.7854865692584787}, ""entry"": 1.75, ""exit_z"": 0.5, ""nested"": ""opt2024_val2025"", ""pairs"": [""EURAUD/AUDUSD:w60"", ""AUDUSD/NZDUSD:w60"", ""GBPCAD/USDCAD:w60"", ""EURJPY/GBPJPY:w60""], ""risk_frac"": 0.01, ""sizing"": ""unit_residual"", ""sleeve_budget"": 1.0}",-inf,1.4403293422490804e-05,0.7246787003110472,0.625,False,False,unit_residual,4.740637251713061e-05,1.4403293422490804e-05
real_n4_unit_residual,"{""betas_2024"": {""AUDUSD/NZDUSD"": 0.7150032270701753, ""EURAUD/AUDUSD"": -0.31093367860651805, ""EURJPY/GBPJPY"": 0.8256957854656395, ""GBPCAD/USDCAD"": 0.7854865692584787}, ""entry"": 2.0, ""exit_z"": 0.2, ""nested"": ""opt2024_val2025"", ""pairs"": [""EURAUD/AUDUSD:w60"", ""AUDUSD/NZDUSD:w60"", ""GBPCAD/USDCAD:w60"", ""EURJPY/GBPJPY:w60""], ""risk_frac"": 0.005, ""sizing"": ""unit_residual"", ""sleeve_budget"": 0.55}",-inf,-3.937127503503279e-06,0.9967264973524025,0.5,False,False,unit_residual,3.667839191058185e-05,-3.937127503503279e-06
real_n4_unit_residual,"{""betas_2024"": {""AUDUSD/NZDUSD"": 0.7150032270701753, ""EURAUD/AUDUSD"": -0.31093367860651805, ""EURJPY/GBPJPY"": 0.8256957854656395, ""GBPCAD/USDCAD"": 0.7854865692584787}, ""entry"": 2.0, ""exit_z"": 0.2, ""nested"": ""opt2024_val2025"", ""pairs"": [""EURAUD/AUDUSD:w60"", ""AUDUSD/NZDUSD:w60"", ""GBPCAD/USDCAD:w60"", ""EURJPY/GBPJPY:w60""], ""risk_frac"": 0.005, ""sizing"": ""unit_residual"", ""sleeve_budget"": 1.0}",-inf,-7.157526635159783e-06,0.996726747665563,0.5,False,False,unit_residual,6.668000884636382e-05,-7.157526635159783e-06
real_n4_unit_residual,"{""betas_2024"": {""AUDUSD/NZDUSD"": 0.7150032270701753, ""EURAUD/AUDUSD"": -0.31093367860651805, ""EURJPY/GBPJPY"": 0.8256957854656395, ""GBPCAD/USDCAD"": 0.7854865692584787}, ""entry"": 2.0, ""exit_z"": 0.2, ""nested"": ""opt2024_val2025"", ""pairs"": [""EURAUD/AUDUSD:w60"", ""AUDUSD/NZDUSD:w60"", ""GBPCAD/USDCAD:w60"", ""EURJPY/GBPJPY:w60""], ""risk_frac"": 0.0075, ""sizing"": ""unit_residual"", ""sleeve_budget"": 0.55}",-inf,-3.937127503503279e-06,0.9967264973524025,0.5,False,False,unit_residual,3.667839191058185e-05,-3.937127503503279e-06
real_n4_unit_residual,"{""betas_2024"": {""AUDUSD/NZDUSD"": 0.7150032270701753, ""EURAUD/AUDUSD"": -0.31093367860651805, ""EURJPY/GBPJPY"": 0.8256957854656395, ""GBPCAD/USDCAD"": 0.7854865692584787}, ""entry"": 2.0, ""exit_z"": 0.2, ""nested"": ""opt2024_val2025"", ""pairs"": [""EURAUD/AUDUSD:w60"", ""AUDUSD/NZDUSD:w60"", ""GBPCAD/USDCAD:w60"", ""EURJPY/GBPJPY:w60""], ""risk_frac"": 0.0075, ""sizing"": ""unit_residual"", ""sleeve_budget"": 1.0}",-inf,-7.157526635159783e-06,0.996726747665563,0.5,False,False,unit_residual,6.668000884636382e-05,-7.157526635159783e-06
real_n4_unit_residual,"{""betas_2024"": {""AUDUSD/NZDUSD"": 0.7150032270701753, ""EURAUD/AUDUSD"": -0.31093367860651805, ""EURJPY/GBPJPY"": 0.8256957854656395, ""GBPCAD/USDCAD"": 0.7854865692584787}, ""entry"": 2.0, ""exit_z"": 0.2, ""nested"": ""opt2024_val2025"", ""pairs"": [""EURAUD/AUDUSD:w60"", ""AUDUSD/NZDUSD:w60"", ""GBPCAD/USDCAD:w60"", ""EURJPY/GBPJPY:w60""], ""risk_frac"": 0.01, ""sizing"": ""unit_residual"", ""sleeve_budget"": 0.55}",-inf,6.341461645811841e-06,0.7386579658388236,0.625,False,False,unit_residual,3.45010126762539e-05,6.341461645811841e-06
real_n4_unit_residual,"{""betas_2024"": {""AUDUSD/NZDUSD"": 0.7150032270701753, ""EURAUD/AUDUSD"": -0.31093367860651805, ""EURJPY/GBPJPY"": 0.8256957854656395, ""GBPCAD/USDCAD"": 0.7854865692584787}, ""entry"": 2.0, ""exit_z"": 0.2, ""nested"": ""opt2024_val2025"", ""pairs"": [""EURAUD/AUDUSD:w60"", ""AUDUSD/NZDUSD:w60"", ""GBPCAD/USDCAD:w60"", ""EURJPY/GBPJPY:w60""], ""risk_frac"": 0.01, ""sizing"": ""unit_residual"", ""sleeve_budget"": 1.0}",-inf,1.153092653098653e-05,0.7386613911221297,0.625,False,False,unit_residual,6.272248725236462e-05,1.153092653098653e-05
real_n4_unit_residual,"{""betas_2024"": {""AUDUSD/NZDUSD"": 0.7150032270701753, ""EURAUD/AUDUSD"": -0.31093367860651805, ""EURJPY/GBPJPY"": 0.8256957854656395, ""GBPCAD/USDCAD"": 0.7854865692584787}, ""entry"": 2.0, ""exit_z"": 0.3, ""nested"": ""opt2024_val2025"", ""pairs"": [""EURAUD/AUDUSD:w60"", ""AUDUSD/NZDUSD:w60"", ""GBPCAD/USDCAD:w60"", ""EURJPY/GBPJPY:w60""], ""risk_frac"": 0.005, ""sizing"": ""unit_residual"", ""sleeve_budget"": 0.55}",-inf,7.406167281398535e-06,0.7884472844140604,0.625,False,False,unit_residual,3.205469734949991e-05,7.406167281398535e-06
real_n4_unit_residual,"{""betas_2024"": {""AUDUSD/NZDUSD"": 0.7150032270701753, ""EURAUD/AUDUSD"": -0.31093367860651805, ""EURJPY/GBPJPY"": 0.8256957854656395, ""GBPCAD/USDCAD"": 0.7854865692584787}, ""entry"": 2.0, ""exit_z"": 0.3, ""nested"": ""opt2024_val2025"", ""pairs"": [""EURAUD/AUDUSD:w60"", ""AUDUSD/NZDUSD:w60"", ""GBPCAD/USDCAD:w60"", ""EURJPY/GBPJPY:w60""], ""risk_frac"": 0.005, ""sizing"": ""unit_residual"", ""sleeve_budget"": 1.0}",-inf,1.3466590640845433e-05,0.788447612479041,0.625,False,False,unit_residual,5.827557860294995e-05,1.3466590640845433e-05
real_n4_unit_residual,"{""betas_2024"": {""AUDUSD/NZDUSD"": 0.7150032270701753, ""EURAUD/AUDUSD"": -0.31093367860651805, ""EURJPY/GBPJPY"": 0.8256957854656395, ""GBPCAD/USDCAD"": 0.7854865692584787}, ""entry"": 2.0, ""exit_z"": 0.3, ""nested"": ""opt2024_val2025"", ""pairs"": [""EURAUD/AUDUSD:w60"", ""AUDUSD/NZDUSD:w60"", ""GBPCAD/USDCAD:w60"", ""EURJPY/GBPJPY:w60""], ""risk_frac"": 0.0075, ""sizing"": ""unit_residual"", ""sleeve_budget"": 0.55}",-inf,7.406167281398535e-06,0.7884472844140604,0.625,False,False,unit_residual,3.205469734949991e-05,7.406167281398535e-06
real_n4_unit_residual,"{""betas_2024"": {""AUDUSD/NZDUSD"": 0.7150032270701753, ""EURAUD/AUDUSD"": -0.31093367860651805, ""EURJPY/GBPJPY"": 0.8256957854656395, ""GBPCAD/USDCAD"": 0.7854865692584787}, ""entry"": 2.0, ""exit_z"": 0.3, ""nested"": ""opt2024_val2025"", ""pairs"": [""EURAUD/AUDUSD:w60"", ""AUDUSD/NZDUSD:w60"", ""GBPCAD/USDCAD:w60"", ""EURJPY/GBPJPY:w60""], ""risk_frac"": 0.0075, ""sizing"": ""unit_residual"", ""sleeve_budget"": 1.0}",-inf,1.3466590640845433e-05,0.788447612479041,0.625,False,False,unit_residual,5.827557860294995e-05,1.3466590640845433e-05
real_n4_unit_residual,"{""betas_2024"": {""AUDUSD/NZDUSD"": 0.7150032270701753, ""EURAUD/AUDUSD"": -0.31093367860651805, ""EURJPY/GBPJPY"": 0.8256957854656395, ""GBPCAD/USDCAD"": 0.7854865692584787}, ""entry"": 2.0, ""exit_z"": 0.3, ""nested"": ""opt2024_val2025"", ""pairs"": [""EURAUD/AUDUSD:w60"", ""AUDUSD/NZDUSD:w60"", ""GBPCAD/USDCAD:w60"", ""EURJPY/GBPJPY:w60""], ""risk_frac"": 0.01, ""sizing"": ""unit_residual"", ""sleeve_budget"": 0.55}",-inf,1.8358462112982865e-05,0.750654627606359,0.625,False,False,unit_residual,3.189726825019773e-05,1.8358462112982865e-05
real_n4_unit_residual,"{""betas_2024"": {""AUDUSD/NZDUSD"": 0.7150032270701753, ""EURAUD/AUDUSD"": -0.31093367860651805, ""EURJPY/GBPJPY"": 0.8256957854656395, ""GBPCAD/USDCAD"": 0.7854865692584787}, ""entry"": 2.0, ""exit_z"": 0.3, ""nested"": ""opt2024_val2025"", ""pairs"": [""EURAUD/AUDUSD:w60"", ""AUDUSD/NZDUSD:w60"", ""GBPCAD/USDCAD:w60"", ""EURJPY/GBPJPY:w60""], ""risk_frac"": 0.01, ""sizing"": ""unit_residual"", ""sleeve_budget"": 1.0}",-inf,3.3379089232704606e-05,0.7506525089752765,0.625,False,False,unit_residual,5.7989567479993006e-05,3.3379089232704606e-05
real_n4_unit_residual,"{""betas_2024"": {""AUDUSD/NZDUSD"": 0.7150032270701753, ""EURAUD/AUDUSD"": -0.31093367860651805, ""EURJPY/GBPJPY"": 0.8256957854656395, ""GBPCAD/USDCAD"": 0.7854865692584787}, ""entry"": 2.0, ""exit_z"": 0.5, ""nested"": ""opt2024_val2025"", ""pairs"": [""EURAUD/AUDUSD:w60"", ""AUDUSD/NZDUSD:w60"", ""GBPCAD/USDCAD:w60"", ""EURJPY/GBPJPY:w60""], ""risk_frac"": 0.005, ""sizing"": ""unit_residual"", ""sleeve_budget"": 0.55}",-inf,5.808537918122747e-06,0.7492625704120803,0.6363636363636364,False,False,unit_residual,2.7512389249150328e-05,5.808537918122747e-06
real_n4_unit_residual,"{""betas_2024"": {""AUDUSD/NZDUSD"": 0.7150032270701753, ""EURAUD/AUDUSD"": -0.31093367860651805, ""EURJPY/GBPJPY"": 0.8256957854656395, ""GBPCAD/USDCAD"": 0.7854865692584787}, ""entry"": 2.0, ""exit_z"": 0.5, ""nested"": ""opt2024_val2025"", ""pairs"": [""EURAUD/AUDUSD:w60"", ""AUDUSD/NZDUSD:w60"", ""GBPCAD/USDCAD:w60"", ""EURJPY/GBPJPY:w60""], ""risk_frac"": 0.005, ""sizing"": ""unit_residual"", ""sleeve_budget"": 1.0}",-inf,1.0561489264426793e-05,0.749267435421105,0.6363636363636364,False,False,unit_residual,5.001944839194189e-05,1.0561489264426793e-05
real_n4_unit_residual,"{""betas_2024"": {""AUDUSD/NZDUSD"": 0.7150032270701753, ""EURAUD/AUDUSD"": -0.31093367860651805, ""EURJPY/GBPJPY"": 0.8256957854656395, ""GBPCAD/USDCAD"": 0.7854865692584787}, ""entry"": 2.0, ""exit_z"": 0.5, ""nested"": ""opt2024_val2025"", ""pairs"": [""EURAUD/AUDUSD:w60"", ""AUDUSD/NZDUSD:w60"", ""GBPCAD/USDCAD:w60"", ""EURJPY/GBPJPY:w60""], ""risk_frac"": 0.0075, ""sizing"": ""unit_residual"", ""sleeve_budget"": 0.55}",-inf,5.808537918122747e-06,0.7492625704120803,0.6363636363636364,False,False,unit_residual,2.7512389249150328e-05,5.808537918122747e-06
real_n4_unit_residual,"{""betas_2024"": {""AUDUSD/NZDUSD"": 0.7150032270701753, ""EURAUD/AUDUSD"": -0.31093367860651805, ""EURJPY/GBPJPY"": 0.8256957854656395, ""GBPCAD/USDCAD"": 0.7854865692584787}, ""entry"": 2.0, ""exit_z"": 0.5, ""nested"": ""opt2024_val2025"", ""pairs"": [""EURAUD/AUDUSD:w60"", ""AUDUSD/NZDUSD:w60"", ""GBPCAD/USDCAD:w60"", ""EURJPY/GBPJPY:w60""], ""risk_frac"": 0.0075, ""sizing"": ""unit_residual"", ""sleeve_budget"": 1.0}",-inf,1.0561489264426793e-05,0.749267435421105,0.6363636363636364,False,False,unit_residual,5.001944839194189e-05,1.0561489264426793e-05
real_n4_unit_residual,"{""betas_2024"": {""AUDUSD/NZDUSD"": 0.7150032270701753, ""EURAUD/AUDUSD"": -0.31093367860651805, ""EURJPY/GBPJPY"": 0.8256957854656395, ""GBPCAD/USDCAD"": 0.7854865692584787}, ""entry"": 2.0, ""exit_z"": 0.5, ""nested"": ""opt2024_val2025"", ""pairs"": [""EURAUD/AUDUSD:w60"", ""AUDUSD/NZDUSD:w60"", ""GBPCAD/USDCAD:w60"", ""EURJPY/GBPJPY:w60""], ""risk_frac"": 0.01, ""sizing"": ""unit_residual"", ""sleeve_budget"": 0.55}",-inf,1.6636551741583405e-05,0.724718325411838,0.6363636363636364,False,False,unit_residual,2.7317205496858353e-05,1.6636551741583405e-05
real_n4_unit_residual,"{""betas_2024"": {""AUDUSD/NZDUSD"": 0.7150032270701753, ""EURAUD/AUDUSD"": -0.31093367860651805, ""EURJPY/GBPJPY"": 0.8256957854656395, ""GBPCAD/USDCAD"": 0.7854865692584787}, ""entry"": 2.0, ""exit_z"": 0.5, ""nested"": ""opt2024_val2025"", ""pairs"": [""EURAUD/AUDUSD:w60"", ""AUDUSD/NZDUSD:w60"", ""GBPCAD/USDCAD:w60"", ""EURJPY/GBPJPY:w60""], ""risk_frac"": 0.01, ""sizing"": ""unit_residual"", ""sleeve_budget"": 1.0}",-inf,3.024770437735913e-05,0.7247277987486394,0.6363636363636364,False,False,unit_residual,4.9664631894718134e-05,3.024770437735913e-05
real_n4_unit_residual,"{""betas_2024"": {""AUDUSD/NZDUSD"": 0.7150032270701753, ""EURAUD/AUDUSD"": -0.31093367860651805, ""EURJPY/GBPJPY"": 0.8256957854656395, ""GBPCAD/USDCAD"": 0.7854865692584787}, ""entry"": 2.25, ""exit_z"": 0.2, ""nested"": ""opt2024_val2025"", ""pairs"": [""EURAUD/AUDUSD:w60"", ""AUDUSD/NZDUSD:w60"", ""GBPCAD/USDCAD:w60"", ""EURJPY/GBPJPY:w60""], ""risk_frac"": 0.005, ""sizing"": ""unit_residual"", ""sleeve_budget"": 0.55}",-inf,-6.172265421308665e-06,1.0,0.375,False,False,unit_residual,2.969374695019597e-05,-6.172265421308665e-06
real_n4_unit_residual,"{""betas_2024"": {""AUDUSD/NZDUSD"": 0.7150032270701753, ""EURAUD/AUDUSD"": -0.31093367860651805, ""EURJPY/GBPJPY"": 0.8256957854656395, ""GBPCAD/USDCAD"": 0.7854865692584787}, ""entry"": 2.25, ""exit_z"": 0.2, ""nested"": ""opt2024_val2025"", ""pairs"": [""EURAUD/AUDUSD:w60"", ""AUDUSD/NZDUSD:w60"", ""GBPCAD/USDCAD:w60"", ""EURJPY/GBPJPY:w60""], ""risk_frac"": 0.005, ""sizing"": ""unit_residual"", ""sleeve_budget"": 1.0}",-inf,-1.1221609834202728e-05,1.0,0.375,False,False,unit_residual,5.398341479575822e-05,-1.1221609834202728e-05
real_n4_unit_residual,"{""betas_2024"": {""AUDUSD/NZDUSD"": 0.7150032270701753, ""EURAUD/AUDUSD"": -0.31093367860651805, ""EURJPY/GBPJPY"": 0.8256957854656395, ""GBPCAD/USDCAD"": 0.7854865692584787}, ""entry"": 2.25, ""exit_z"": 0.2, ""nested"": ""opt2024_val2025"", ""pairs"": [""EURAUD/AUDUSD:w60"", ""AUDUSD/NZDUSD:w60"", ""GBPCAD/USDCAD:w60"", ""EURJPY/GBPJPY:w60""], ""risk_frac"": 0.0075, ""sizing"": ""unit_residual"", ""sleeve_budget"": 0.55}",-inf,-6.172265421308665e-06,1.0,0.375,False,False,unit_residual,2.969374695019597e-05,-6.172265421308665e-06
real_n4_unit_residual,"{""betas_2024"": {""AUDUSD/NZDUSD"": 0.7150032270701753, ""EURAUD/AUDUSD"": -0.31093367860651805, ""EURJPY/GBPJPY"": 0.8256957854656395, ""GBPCAD/USDCAD"": 0.7854865692584787}, ""entry"": 2.25, ""exit_z"": 0.2, ""nested"": ""opt2024_val2025"", ""pairs"": [""EURAUD/AUDUSD:w60"", ""AUDUSD/NZDUSD:w60"", ""GBPCAD/USDCAD:w60"", ""EURJPY/GBPJPY:w60""], ""risk_frac"": 0.0075, ""sizing"": ""unit_residual"", ""sleeve_budget"": 1.0}",-inf,-1.1221609834202728e-05,1.0,0.375,False,False,unit_residual,5.398341479575822e-05,-1.1221609834202728e-05
real_n4_unit_residual,"{""betas_2024"": {""AUDUSD/NZDUSD"": 0.7150032270701753, ""EURAUD/AUDUSD"": -0.31093367860651805, ""EURJPY/GBPJPY"": 0.8256957854656395, ""GBPCAD/USDCAD"": 0.7854865692584787}, ""entry"": 2.25, ""exit_z"": 0.2, ""nested"": ""opt2024_val2025"", ""pairs"": [""EURAUD/AUDUSD:w60"", ""AUDUSD/NZDUSD:w60"", ""GBPCAD/USDCAD:w60"", ""EURJPY/GBPJPY:w60""], ""risk_frac"": 0.01, ""sizing"": ""unit_residual"", ""sleeve_budget"": 0.55}",-inf,1.2300110921736884e-06,0.8400619464187753,0.5,False,False,unit_residual,2.799657762683508e-05,1.2300110921736884e-06
real_n4_unit_residual,"{""betas_2024"": {""AUDUSD/NZDUSD"": 0.7150032270701753, ""EURAUD/AUDUSD"": -0.31093367860651805, ""EURJPY/GBPJPY"": 0.8256957854656395, ""GBPCAD/USDCAD"": 0.7854865692584787}, ""entry"": 2.25, ""exit_z"": 0.2, ""nested"": ""opt2024_val2025"", ""pairs"": [""EURAUD/AUDUSD:w60"", ""AUDUSD/NZDUSD:w60"", ""GBPCAD/USDCAD:w60"", ""EURJPY/GBPJPY:w60""], ""risk_frac"": 0.01, ""sizing"": ""unit_residual"", ""sleeve_budget"": 1.0}",-inf,2.2375255969153685e-06,0.8400695208759353,0.5,False,False,unit_residual,5.0898463275005455e-05,2.2375255969153685e-06
real_n4_unit_residual,"{""betas_2024"": {""AUDUSD/NZDUSD"": 0.7150032270701753, ""EURAUD/AUDUSD"": -0.31093367860651805, ""EURJPY/GBPJPY"": 0.8256957854656395, ""GBPCAD/USDCAD"": 0.7854865692584787}, ""entry"": 2.25, ""exit_z"": 0.3, ""nested"": ""opt2024_val2025"", ""pairs"": [""EURAUD/AUDUSD:w60"", ""AUDUSD/NZDUSD:w60"", ""GBPCAD/USDCAD:w60"", ""EURJPY/GBPJPY:w60""], ""risk_frac"": 0.005, ""sizing"": ""unit_residual"", ""sleeve_budget"": 0.55}",-inf,7.46141215232643e-06,0.9533254556831695,0.5,False,False,unit_residual,2.71075780569568e-05,7.46141215232643e-06
real_n4_unit_residual,"{""betas_2024"": {""AUDUSD/NZDUSD"": 0.7150032270701753, ""EURAUD/AUDUSD"": -0.31093367860651805, ""EURJPY/GBPJPY"": 0.8256957854656395, ""GBPCAD/USDCAD"": 0.7854865692584787}, ""entry"": 2.25, ""exit_z"": 0.3, ""nested"": ""opt2024_val2025"", ""pairs"": [""EURAUD/AUDUSD:w60"", ""AUDUSD/NZDUSD:w60"", ""GBPCAD/USDCAD:w60"", ""EURJPY/GBPJPY:w60""], ""risk_frac"": 0.005, ""sizing"": ""unit_residual"", ""sleeve_budget"": 1.0}",-inf,1.3567100039399427e-05,0.9533263086216188,0.5,False,False,unit_residual,4.928212304598147e-05,1.3567100039399427e-05
real_n4_unit_residual,"{""betas_2024"": {""AUDUSD/NZDUSD"": 0.7150032270701753, ""EURAUD/AUDUSD"": -0.31093367860651805, ""EURJPY/GBPJPY"": 0.8256957854656395, ""GBPCAD/USDCAD"": 0.7854865692584787}, ""entry"": 2.25, ""exit_z"": 0.3, ""nested"": ""opt2024_val2025"", ""pairs"": [""EURAUD/AUDUSD:w60"", ""AUDUSD/NZDUSD:w60"", ""GBPCAD/USDCAD:w60"", ""EURJPY/GBPJPY:w60""], ""risk_frac"": 0.0075, ""sizing"": ""unit_residual"", ""sleeve_budget"": 0.55}",-inf,7.46141215232643e-06,0.9533254556831695,0.5,False,False,unit_residual,2.71075780569568e-05,7.46141215232643e-06
real_n4_unit_residual,"{""betas_2024"": {""AUDUSD/NZDUSD"": 0.7150032270701753, ""EURAUD/AUDUSD"": -0.31093367860651805, ""EURJPY/GBPJPY"": 0.8256957854656395, ""GBPCAD/USDCAD"": 0.7854865692584787}, ""entry"": 2.25, ""exit_z"": 0.3, ""nested"": ""opt2024_val2025"", ""pairs"": [""EURAUD/AUDUSD:w60"", ""AUDUSD/NZDUSD:w60"", ""GBPCAD/USDCAD:w60"", ""EURJPY/GBPJPY:w60""], ""risk_frac"": 0.0075, ""sizing"": ""unit_residual"", ""sleeve_budget"": 1.0}",-inf,1.3567100039399427e-05,0.9533263086216188,0.5,False,False,unit_residual,4.928212304598147e-05,1.3567100039399427e-05
real_n4_unit_residual,"{""betas_2024"": {""AUDUSD/NZDUSD"": 0.7150032270701753, ""EURAUD/AUDUSD"": -0.31093367860651805, ""EURJPY/GBPJPY"": 0.8256957854656395, ""GBPCAD/USDCAD"": 0.7854865692584787}, ""entry"": 2.25, ""exit_z"": 0.3, ""nested"": ""opt2024_val2025"", ""pairs"": [""EURAUD/AUDUSD:w60"", ""AUDUSD/NZDUSD:w60"", ""GBPCAD/USDCAD:w60"", ""EURJPY/GBPJPY:w60""], ""risk_frac"": 0.01, ""sizing"": ""unit_residual"", ""sleeve_budget"": 0.55}",-inf,1.589842374698225e-05,0.8613092163092539,0.625,False,False,unit_residual,2.541038089059528e-05,1.589842374698225e-05
real_n4_unit_residual,"{""betas_2024"": {""AUDUSD/NZDUSD"": 0.7150032270701753, ""EURAUD/AUDUSD"": -0.31093367860651805, ""EURJPY/GBPJPY"": 0.8256957854656395, ""GBPCAD/USDCAD"": 0.7854865692584787}, ""entry"": 2.25, ""exit_z"": 0.3, ""nested"": ""opt2024_val2025"", ""pairs"": [""EURAUD/AUDUSD:w60"", ""AUDUSD/NZDUSD:w60"", ""GBPCAD/USDCAD:w60"", ""EURJPY/GBPJPY:w60""], ""risk_frac"": 0.01, ""sizing"": ""unit_residual"", ""sleeve_budget"": 1.0}",-inf,2.8906731343980585e-05,0.8613138729314255,0.625,False,False,unit_residual,4.619707956212491e-05,2.8906731343980585e-05
real_n4_unit_residual,"{""betas_2024"": {""AUDUSD/NZDUSD"": 0.7150032270701753, ""EURAUD/AUDUSD"": -0.31093367860651805, ""EURJPY/GBPJPY"": 0.8256957854656395, ""GBPCAD/USDCAD"": 0.7854865692584787}, ""entry"": 2.25, ""exit_z"": 0.5, ""nested"": ""opt2024_val2025"", ""pairs"": [""EURAUD/AUDUSD:w60"", ""AUDUSD/NZDUSD:w60"", ""GBPCAD/USDCAD:w60"", ""EURJPY/GBPJPY:w60""], ""risk_frac"": 0.005, ""sizing"": ""unit_residual"", ""sleeve_budget"": 0.55}",-inf,6.315880064014512e-06,1.0,0.375,False,False,unit_residual,2.272398085261857e-05,6.315880064014512e-06
real_n4_unit_residual,"{""betas_2024"": {""AUDUSD/NZDUSD"": 0.7150032270701753, ""EURAUD/AUDUSD"": -0.31093367860651805, ""EURJPY/GBPJPY"": 0.8256957854656395, ""GBPCAD/USDCAD"": 0.7854865692584787}, ""entry"": 2.25, ""exit_z"": 0.5, ""nested"": ""opt2024_val2025"", ""pairs"": [""EURAUD/AUDUSD:w60"", ""AUDUSD/NZDUSD:w60"", ""GBPCAD/USDCAD:w60"", ""EURJPY/GBPJPY:w60""], ""risk_frac"": 0.005, ""sizing"": ""unit_residual"", ""sleeve_budget"": 1.0}",-inf,1.1483926030037006e-05,1.0,0.375,False,False,unit_residual,4.131416446245312e-05,1.1483926030037006e-05
real_n4_unit_residual,"{""betas_2024"": {""AUDUSD/NZDUSD"": 0.7150032270701753, ""EURAUD/AUDUSD"": -0.31093367860651805, ""EURJPY/GBPJPY"": 0.8256957854656395, ""GBPCAD/USDCAD"": 0.7854865692584787}, ""entry"": 2.25, ""exit_z"": 0.5, ""nested"": ""opt2024_val2025"", ""pairs"": [""EURAUD/AUDUSD:w60"", ""AUDUSD/NZDUSD:w60"", ""GBPCAD/USDCAD:w60"", ""EURJPY/GBPJPY:w60""], ""risk_frac"": 0.0075, ""sizing"": ""unit_residual"", ""sleeve_budget"": 0.55}",-inf,6.315880064014512e-06,1.0,0.375,False,False,unit_residual,2.272398085261857e-05,6.315880064014512e-06
real_n4_unit_residual,"{""betas_2024"": {""AUDUSD/NZDUSD"": 0.7150032270701753, ""EURAUD/AUDUSD"": -0.31093367860651805, ""EURJPY/GBPJPY"": 0.8256957854656395, ""GBPCAD/USDCAD"": 0.7854865692584787}, ""entry"": 2.25, ""exit_z"": 0.5, ""nested"": ""opt2024_val2025"", ""pairs"": [""EURAUD/AUDUSD:w60"", ""AUDUSD/NZDUSD:w60"", ""GBPCAD/USDCAD:w60"", ""EURJPY/GBPJPY:w60""], ""risk_frac"": 0.0075, ""sizing"": ""unit_residual"", ""sleeve_budget"": 1.0}",-inf,1.1483926030037006e-05,1.0,0.375,False,False,unit_residual,4.131416446245312e-05,1.1483926030037006e-05
real_n4_unit_residual,"{""betas_2024"": {""AUDUSD/NZDUSD"": 0.7150032270701753, ""EURAUD/AUDUSD"": -0.31093367860651805, ""EURJPY/GBPJPY"": 0.8256957854656395, ""GBPCAD/USDCAD"": 0.7854865692584787}, ""entry"": 2.25, ""exit_z"": 0.5, ""nested"": ""opt2024_val2025"", ""pairs"": [""EURAUD/AUDUSD:w60"", ""AUDUSD/NZDUSD:w60"", ""GBPCAD/USDCAD:w60"", ""EURJPY/GBPJPY:w60""], ""risk_frac"": 0.01, ""sizing"": ""unit_residual"", ""sleeve_budget"": 0.55}",-inf,1.4712162088328928e-05,0.9168218696795224,0.5,False,False,unit_residual,2.0988930604002512e-05,1.4712162088328928e-05
real_n4_unit_residual,"{""betas_2024"": {""AUDUSD/NZDUSD"": 0.7150032270701753, ""EURAUD/AUDUSD"": -0.31093367860651805, ""EURJPY/GBPJPY"": 0.8256957854656395, ""GBPCAD/USDCAD"": 0.7854865692584787}, ""entry"": 2.25, ""exit_z"": 0.5, ""nested"": ""opt2024_val2025"", ""pairs"": [""EURAUD/AUDUSD:w60"", ""AUDUSD/NZDUSD:w60"", ""GBPCAD/USDCAD:w60"", ""EURJPY/GBPJPY:w60""], ""risk_frac"": 0.01, ""sizing"": ""unit_residual"", ""sleeve_budget"": 1.0}",-inf,2.674877632657946e-05,0.9168285645200374,0.5,False,False,unit_residual,3.816001410944009e-05,2.674877632657946e-05
real_n4_unit_residual,"{""betas_2024"": {""AUDUSD/NZDUSD"": 0.7150032270701753, ""EURAUD/AUDUSD"": -0.31093367860651805, ""EURJPY/GBPJPY"": 0.8256957854656395, ""GBPCAD/USDCAD"": 0.7854865692584787}, ""entry"": 2.5, ""exit_z"": 0.2, ""nested"": ""opt2024_val2025"", ""pairs"": [""EURAUD/AUDUSD:w60"", ""AUDUSD/NZDUSD:w60"", ""GBPCAD/USDCAD:w60"", ""EURJPY/GBPJPY:w60""], ""risk_frac"": 0.005, ""sizing"": ""unit_residual"", ""sleeve_budget"": 0.55}",-inf,-1.197915727116361e-05,1.0,0.25,False,False,unit_residual,2.745379051187365e-05,-1.197915727116361e-05
real_n4_unit_residual,"{""betas_2024"": {""AUDUSD/NZDUSD"": 0.7150032270701753, ""EURAUD/AUDUSD"": -0.31093367860651805, ""EURJPY/GBPJPY"": 0.8256957854656395, ""GBPCAD/USDCAD"": 0.7854865692584787}, ""entry"": 2.5, ""exit_z"": 0.2, ""nested"": ""opt2024_val2025"", ""pairs"": [""EURAUD/AUDUSD:w60"", ""AUDUSD/NZDUSD:w60"", ""GBPCAD/USDCAD:w60"", ""EURJPY/GBPJPY:w60""], ""risk_frac"": 0.005, ""sizing"": ""unit_residual"", ""sleeve_budget"": 1.0}",-inf,-2.1780375250746165e-05,1.0,0.25,False,False,unit_residual,4.991151083490817e-05,-2.1780375250746165e-05
real_n4_unit_residual,"{""betas_2024"": {""AUDUSD/NZDUSD"": 0.7150032270701753, ""EURAUD/AUDUSD"": -0.31093367860651805, ""EURJPY/GBPJPY"": 0.8256957854656395, ""GBPCAD/USDCAD"": 0.7854865692584787}, ""entry"": 2.5, ""exit_z"": 0.2, ""nested"": ""opt2024_val2025"", ""pairs"": [""EURAUD/AUDUSD:w60"", ""AUDUSD/NZDUSD:w60"", ""GBPCAD/USDCAD:w60"", ""EURJPY/GBPJPY:w60""], ""risk_frac"": 0.0075, ""sizing"": ""unit_residual"", ""sleeve_budget"": 0.55}",-inf,-1.197915727116361e-05,1.0,0.25,False,False,unit_residual,2.745379051187365e-05,-1.197915727116361e-05
real_n4_unit_residual,"{""betas_2024"": {""AUDUSD/NZDUSD"": 0.7150032270701753, ""EURAUD/AUDUSD"": -0.31093367860651805, ""EURJPY/GBPJPY"": 0.8256957854656395, ""GBPCAD/USDCAD"": 0.7854865692584787}, ""entry"": 2.5, ""exit_z"": 0.2, ""nested"": ""opt2024_val2025"", ""pairs"": [""EURAUD/AUDUSD:w60"", ""AUDUSD/NZDUSD:w60"", ""GBPCAD/USDCAD:w60"", ""EURJPY/GBPJPY:w60""], ""risk_frac"": 0.0075, ""sizing"": ""unit_residual"", ""sleeve_budget"": 1.0}",-inf,-2.1780375250746165e-05,1.0,0.25,False,False,unit_residual,4.991151083490817e-05,-2.1780375250746165e-05
real_n4_unit_residual,"{""betas_2024"": {""AUDUSD/NZDUSD"": 0.7150032270701753, ""EURAUD/AUDUSD"": -0.31093367860651805, ""EURJPY/GBPJPY"": 0.8256957854656395, ""GBPCAD/USDCAD"": 0.7854865692584787}, ""entry"": 2.5, ""exit_z"": 0.2, ""nested"": ""opt2024_val2025"", ""pairs"": [""EURAUD/AUDUSD:w60"", ""AUDUSD/NZDUSD:w60"", ""GBPCAD/USDCAD:w60"", ""EURJPY/GBPJPY:w60""], ""risk_frac"": 0.01, ""sizing"": ""unit_residual"", ""sleeve_budget"": 0.55}",-inf,-4.5763951023736205e-06,1.0,0.375,False,False,unit_residual,2.471126832428248e-05,-4.5763951023736205e-06
real_n4_unit_residual,"{""betas_2024"": {""AUDUSD/NZDUSD"": 0.7150032270701753, ""EURAUD/AUDUSD"": -0.31093367860651805, ""EURJPY/GBPJPY"": 0.8256957854656395, ""GBPCAD/USDCAD"": 0.7854865692584787}, ""entry"": 2.5, ""exit_z"": 0.2, ""nested"": ""opt2024_val2025"", ""pairs"": [""EURAUD/AUDUSD:w60"", ""AUDUSD/NZDUSD:w60"", ""GBPCAD/USDCAD:w60"", ""EURJPY/GBPJPY:w60""], ""risk_frac"": 0.01, ""sizing"": ""unit_residual"", ""sleeve_budget"": 1.0}",-inf,-8.319645757121075e-06,1.0,0.375,False,False,unit_residual,4.492611911705529e-05,-8.319645757121075e-06
real_n4_unit_residual,"{""betas_2024"": {""AUDUSD/NZDUSD"": 0.7150032270701753, ""EURAUD/AUDUSD"": -0.31093367860651805, ""EURJPY/GBPJPY"": 0.8256957854656395, ""GBPCAD/USDCAD"": 0.7854865692584787}, ""entry"": 2.5, ""exit_z"": 0.3, ""nested"": ""opt2024_val2025"", ""pairs"": [""EURAUD/AUDUSD:w60"", ""AUDUSD/NZDUSD:w60"", ""GBPCAD/USDCAD:w60"", ""EURJPY/GBPJPY:w60""], ""risk_frac"": 0.005, ""sizing"": ""unit_residual"", ""sleeve_budget"": 0.55}",-inf,2.411888474274093e-06,0.9601350626010127,0.5,False,False,unit_residual,2.3729433995816667e-05,2.411888474274093e-06
real_n4_unit_residual,"{""betas_2024"": {""AUDUSD/NZDUSD"": 0.7150032270701753, ""EURAUD/AUDUSD"": -0.31093367860651805, ""EURJPY/GBPJPY"": 0.8256957854656395, ""GBPCAD/USDCAD"": 0.7854865692584787}, ""entry"": 2.5, ""exit_z"": 0.3, ""nested"": ""opt2024_val2025"", ""pairs"": [""EURAUD/AUDUSD:w60"", ""AUDUSD/NZDUSD:w60"", ""GBPCAD/USDCAD:w60"", ""EURJPY/GBPJPY:w60""], ""risk_frac"": 0.005, ""sizing"": ""unit_residual"", ""sleeve_budget"": 1.0}",-inf,4.3861213203655325e-06,0.9601370015997353,0.5,False,False,unit_residual,4.314117927506356e-05,4.3861213203655325e-06
real_n4_unit_residual,"{""betas_2024"": {""AUDUSD/NZDUSD"": 0.7150032270701753, ""EURAUD/AUDUSD"": -0.31093367860651805, ""EURJPY/GBPJPY"": 0.8256957854656395, ""GBPCAD/USDCAD"": 0.7854865692584787}, ""entry"": 2.5, ""exit_z"": 0.3, ""nested"": ""opt2024_val2025"", ""pairs"": [""EURAUD/AUDUSD:w60"", ""AUDUSD/NZDUSD:w60"", ""GBPCAD/USDCAD:w60"", ""EURJPY/GBPJPY:w60""], ""risk_frac"": 0.0075, ""sizing"": ""unit_residual"", ""sleeve_budget"": 0.55}",-inf,2.411888474274093e-06,0.9601350626010127,0.5,False,False,unit_residual,2.3729433995816667e-05,2.411888474274093e-06
real_n4_unit_residual,"{""betas_2024"": {""AUDUSD/NZDUSD"": 0.7150032270701753, ""EURAUD/AUDUSD"": -0.31093367860651805, ""EURJPY/GBPJPY"": 0.8256957854656395, ""GBPCAD/USDCAD"": 0.7854865692584787}, ""entry"": 2.5, ""exit_z"": 0.3, ""nested"": ""opt2024_val2025"", ""pairs"": [""EURAUD/AUDUSD:w60"", ""AUDUSD/NZDUSD:w60"", ""GBPCAD/USDCAD:w60"", ""EURJPY/GBPJPY:w60""], ""risk_frac"": 0.0075, ""sizing"": ""unit_residual"", ""sleeve_budget"": 1.0}",-inf,4.3861213203655325e-06,0.9601370015997353,0.5,False,False,unit_residual,4.314117927506356e-05,4.3861213203655325e-06
real_n4_unit_residual,"{""betas_2024"": {""AUDUSD/NZDUSD"": 0.7150032270701753, ""EURAUD/AUDUSD"": -0.31093367860651805, ""EURJPY/GBPJPY"": 0.8256957854656395, ""GBPCAD/USDCAD"": 0.7854865692584787}, ""entry"": 2.5, ""exit_z"": 0.3, ""nested"": ""opt2024_val2025"", ""pairs"": [""EURAUD/AUDUSD:w60"", ""AUDUSD/NZDUSD:w60"", ""GBPCAD/USDCAD:w60"", ""EURJPY/GBPJPY:w60""], ""risk_frac"": 0.01, ""sizing"": ""unit_residual"", ""sleeve_budget"": 0.55}",-inf,1.2853814928937002e-05,0.9326954214211838,0.5,False,False,unit_residual,2.0986797435047904e-05,1.2853814928937002e-05
real_n4_unit_residual,"{""betas_2024"": {""AUDUSD/NZDUSD"": 0.7150032270701753, ""EURAUD/AUDUSD"": -0.31093367860651805, ""EURJPY/GBPJPY"": 0.8256957854656395, ""GBPCAD/USDCAD"": 0.7854865692584787}, ""entry"": 2.5, ""exit_z"": 0.3, ""nested"": ""opt2024_val2025"", ""pairs"": [""EURAUD/AUDUSD:w60"", ""AUDUSD/NZDUSD:w60"", ""GBPCAD/USDCAD:w60"", ""EURJPY/GBPJPY:w60""], ""risk_frac"": 0.01, ""sizing"": ""unit_residual"", ""sleeve_budget"": 1.0}",-inf,2.337137858261784e-05,0.9326958818096939,0.5,False,False,unit_residual,3.815540960465254e-05,2.337137858261784e-05
real_n4_unit_residual,"{""betas_2024"": {""AUDUSD/NZDUSD"": 0.7150032270701753, ""EURAUD/AUDUSD"": -0.31093367860651805, ""EURJPY/GBPJPY"": 0.8256957854656395, ""GBPCAD/USDCAD"": 0.7854865692584787}, ""entry"": 2.5, ""exit_z"": 0.5, ""nested"": ""opt2024_val2025"", ""pairs"": [""EURAUD/AUDUSD:w60"", ""AUDUSD/NZDUSD:w60"", ""GBPCAD/USDCAD:w60"", ""EURJPY/GBPJPY:w60""], ""risk_frac"": 0.005, ""sizing"": ""unit_residual"", ""sleeve_budget"": 0.55}",-inf,4.3880696004999775e-06,1.0,0.375,False,False,unit_residual,2.0513074008733266e-05,4.3880696004999775e-06
real_n4_unit_residual,"{""betas_2024"": {""AUDUSD/NZDUSD"": 0.7150032270701753, ""EURAUD/AUDUSD"": -0.31093367860651805, ""EURJPY/GBPJPY"": 0.8256957854656395, ""GBPCAD/USDCAD"": 0.7854865692584787}, ""entry"": 2.5, ""exit_z"": 0.5, ""nested"": ""opt2024_val2025"", ""pairs"": [""EURAUD/AUDUSD:w60"", ""AUDUSD/NZDUSD:w60"", ""GBPCAD/USDCAD:w60"", ""EURJPY/GBPJPY:w60""], ""risk_frac"": 0.005, ""sizing"": ""unit_residual"", ""sleeve_budget"": 1.0}",-inf,7.97900837705423e-06,1.0,0.375,False,False,unit_residual,3.729493732365893e-05,7.97900837705423e-06
real_n4_unit_residual,"{""betas_2024"": {""AUDUSD/NZDUSD"": 0.7150032270701753, ""EURAUD/AUDUSD"": -0.31093367860651805, ""EURJPY/GBPJPY"": 0.8256957854656395, ""GBPCAD/USDCAD"": 0.7854865692584787}, ""entry"": 2.5, ""exit_z"": 0.5, ""nested"": ""opt2024_val2025"", ""pairs"": [""EURAUD/AUDUSD:w60"", ""AUDUSD/NZDUSD:w60"", ""GBPCAD/USDCAD:w60"", ""EURJPY/GBPJPY:w60""], ""risk_frac"": 0.0075, ""sizing"": ""unit_residual"", ""sleeve_budget"": 0.55}",-inf,4.3880696004999775e-06,1.0,0.375,False,False,unit_residual,2.0513074008733266e-05,4.3880696004999775e-06
real_n4_unit_residual,"{""betas_2024"": {""AUDUSD/NZDUSD"": 0.7150032270701753, ""EURAUD/AUDUSD"": -0.31093367860651805, ""EURJPY/GBPJPY"": 0.8256957854656395, ""GBPCAD/USDCAD"": 0.7854865692584787}, ""entry"": 2.5, ""exit_z"": 0.5, ""nested"": ""opt2024_val2025"", ""pairs"": [""EURAUD/AUDUSD:w60"", ""AUDUSD/NZDUSD:w60"", ""GBPCAD/USDCAD:w60"", ""EURJPY/GBPJPY:w60""], ""risk_frac"": 0.0075, ""sizing"": ""unit_residual"", ""sleeve_budget"": 1.0}",-inf,7.97900837705423e-06,1.0,0.375,False,False,unit_residual,3.729493732365893e-05,7.97900837705423e-06
real_n4_unit_residual,"{""betas_2024"": {""AUDUSD/NZDUSD"": 0.7150032270701753, ""EURAUD/AUDUSD"": -0.31093367860651805, ""EURJPY/GBPJPY"": 0.8256957854656395, ""GBPCAD/USDCAD"": 0.7854865692584787}, ""entry"": 2.5, ""exit_z"": 0.5, ""nested"": ""opt2024_val2025"", ""pairs"": [""EURAUD/AUDUSD:w60"", ""AUDUSD/NZDUSD:w60"", ""GBPCAD/USDCAD:w60"", ""EURJPY/GBPJPY:w60""], ""risk_frac"": 0.01, ""sizing"": ""unit_residual"", ""sleeve_budget"": 0.55}",-inf,1.4788879305047131e-05,1.0,0.375,False,False,unit_residual,1.7770262043162706e-05,1.4788879305047131e-05
real_n4_unit_residual,"{""betas_2024"": {""AUDUSD/NZDUSD"": 0.7150032270701753, ""EURAUD/AUDUSD"": -0.31093367860651805, ""EURJPY/GBPJPY"": 0.8256957854656395, ""GBPCAD/USDCAD"": 0.7854865692584787}, ""entry"": 2.5, ""exit_z"": 0.5, ""nested"": ""opt2024_val2025"", ""pairs"": [""EURAUD/AUDUSD:w60"", ""AUDUSD/NZDUSD:w60"", ""GBPCAD/USDCAD:w60"", ""EURJPY/GBPJPY:w60""], ""risk_frac"": 0.01, ""sizing"": ""unit_residual"", ""sleeve_budget"": 1.0}",-inf,2.688820008525661e-05,1.0,0.375,False,False,unit_residual,3.230858796826103e-05,2.688820008525661e-05
