time,innov_63d
2011-09-15 23:00:00+00:00,
2011-09-18 23:00:00+00:00,
2011-09-19 23:00:00+00:00,
2011-09-20 23:00:00+00:00,
2011-09-21 23:00:00+00:00,
2011-09-22 23:00:00+00:00,
2011-09-25 23:00:00+00:00,
2011-09-26 23:00:00+00:00,
2011-09-27 23:00:00+00:00,
2011-09-28 23:00:00+00:00,
2011-09-29 23:00:00+00:00,
2011-10-02 23:00:00+00:00,
2011-10-03 23:00:00+00:00,
2011-10-04 23:00:00+00:00,
2011-10-05 23:00:00+00:00,
2011-10-06 23:00:00+00:00,
2011-10-09 23:00:00+00:00,
2011-10-10 23:00:00+00:00,
2011-10-11 23:00:00+00:00,
2011-10-12 23:00:00+00:00,
2011-10-13 23:00:00+00:00,
2011-10-16 23:00:00+00:00,
2011-10-17 23:00:00+00:00,
2011-10-18 23:00:00+00:00,
2011-10-19 23:00:00+00:00,
2011-10-20 23:00:00+00:00,
2011-10-23 23:00:00+00:00,
2011-10-24 23:00:00+00:00,
2011-10-25 23:00:00+00:00,
2011-10-26 23:00:00+00:00,
2011-10-27 23:00:00+00:00,
2011-10-31 00:00:00+00:00,
2011-11-01 00:00:00+00:00,
2011-11-02 00:00:00+00:00,
2011-11-03 00:00:00+00:00,
2011-11-04 00:00:00+00:00,
2011-11-07 00:00:00+00:00,
2011-11-08 00:00:00+00:00,
2011-11-09 00:00:00+00:00,
2011-11-10 00:00:00+00:00,
2011-11-11 00:00:00+00:00,
2011-11-14 00:00:00+00:00,
2011-11-15 00:00:00+00:00,
2011-11-16 00:00:00+00:00,
2011-11-17 00:00:00+00:00,
2011-11-18 00:00:00+00:00,
2011-11-21 00:00:00+00:00,
2011-11-22 00:00:00+00:00,
2011-11-23 00:00:00+00:00,
2011-11-24 00:00:00+00:00,
2011-11-25 00:00:00+00:00,
2011-11-28 00:00:00+00:00,
2011-11-29 00:00:00+00:00,
2011-11-30 00:00:00+00:00,
2011-12-01 00:00:00+00:00,
2011-12-02 00:00:00+00:00,-0.00018032839703259126
2011-12-05 00:00:00+00:00,-0.00027429542731375895
2011-12-06 00:00:00+00:00,-0.0003458964432684333
2011-12-07 00:00:00+00:00,-0.00044237214049523774
2011-12-08 00:00:00+00:00,-0.0005098170747543651
2011-12-09 00:00:00+00:00,-0.0005884835030807159
2011-12-12 00:00:00+00:00,-0.000578138260700709
2011-12-13 00:00:00+00:00,-0.0006480293446403523
2011-12-14 00:00:00+00:00,-0.0005482467122343024
2011-12-15 00:00:00+00:00,-0.0005301410381819372
2011-12-16 00:00:00+00:00,-0.0005266757009172954
2011-12-19 00:00:00+00:00,-0.0005606720531556482
2011-12-20 00:00:00+00:00,-0.0005715699629758094
2011-12-21 00:00:00+00:00,-0.0007637301822137595
2011-12-22 00:00:00+00:00,-0.0008431262430906852
2011-12-23 00:00:00+00:00,-0.0008869189298926659
2011-12-26 00:00:00+00:00,-0.0008516432669226177
2011-12-27 00:00:00+00:00,-0.0009160583657427017
2011-12-28 00:00:00+00:00,-0.0010486872979979444
2011-12-29 00:00:00+00:00,-0.0010528606373557976
2011-12-30 00:00:00+00:00,-0.0010530574536433057
2012-01-02 00:00:00+00:00,-0.0011467778500846007
2012-01-03 00:00:00+00:00,-0.001134118003127742
2012-01-04 00:00:00+00:00,-0.0011694425550646433
2012-01-05 00:00:00+00:00,-0.0010880046501476085
2012-01-06 00:00:00+00:00,-0.0010396759242764812
2012-01-09 00:00:00+00:00,-0.0011513385917555612
2012-01-10 00:00:00+00:00,-0.001078397025554614
2012-01-11 00:00:00+00:00,-0.0011572333035973475
2012-01-12 00:00:00+00:00,-0.0011256081700150517
2012-01-13 00:00:00+00:00,-0.0012260083209254388
2012-01-16 00:00:00+00:00,-0.0012982555299246553
2012-01-17 00:00:00+00:00,-0.001217848307826331
2012-01-18 00:00:00+00:00,-0.0011909882611665827
2012-01-19 00:00:00+00:00,-0.001129180343742926
2012-01-20 00:00:00+00:00,-0.0011423033247191308
2012-01-23 00:00:00+00:00,-0.0011656457787447118
2012-01-24 00:00:00+00:00,-0.0011529940758748325
2012-01-25 00:00:00+00:00,-0.0010834684642245483
2012-01-26 00:00:00+00:00,-0.0013439913938161638
2012-01-27 00:00:00+00:00,-0.0012524775799381462
2012-01-30 00:00:00+00:00,-0.0013707597656809432
2012-01-31 00:00:00+00:00,-0.0015381358635343182
2012-02-01 00:00:00+00:00,-0.001517401124454594
2012-02-02 00:00:00+00:00,-0.001607491351324047
2012-02-03 00:00:00+00:00,-0.0015228105244144245
2012-02-06 00:00:00+00:00,-0.00150836510578377
2012-02-07 00:00:00+00:00,-0.0014872939137183126
2012-02-08 00:00:00+00:00,-0.0017102464083667548
2012-02-09 00:00:00+00:00,-0.0016452490064098471
2012-02-10 00:00:00+00:00,-0.001756112244061624
2012-02-13 00:00:00+00:00,-0.0018688054525836228
2012-02-14 00:00:00+00:00,-0.0018825188340749399
2012-02-15 00:00:00+00:00,-0.0018723561050454874
2012-02-16 00:00:00+00:00,-0.0018438022053418913
2012-02-17 00:00:00+00:00,-0.0017984933840570492
2012-02-20 00:00:00+00:00,-0.0017863820745289147
2012-02-21 00:00:00+00:00,-0.0016714880169992844
2012-02-22 00:00:00+00:00,-0.001731026076414001
2012-02-23 00:00:00+00:00,-0.001659858027017065
2012-02-24 00:00:00+00:00,-0.0016520215191053022
2012-02-27 00:00:00+00:00,-0.0015494975478770982
2012-02-28 00:00:00+00:00,-0.001506729030428389
2012-02-29 00:00:00+00:00,-0.0016033993939028489
2012-03-01 00:00:00+00:00,-0.0015215289339081698
2012-03-02 00:00:00+00:00,-0.0014156804456655799
2012-03-05 00:00:00+00:00,-0.001346328922654431
2012-03-06 00:00:00+00:00,-0.0012115413055876446
2012-03-07 00:00:00+00:00,-0.0011282591654598042
2012-03-08 00:00:00+00:00,-0.001060787675225743
2012-03-09 00:00:00+00:00,-0.001032775179731769
2012-03-12 00:00:00+00:00,-0.0010506008180424953
2012-03-13 00:00:00+00:00,-0.0010065510909797555
2012-03-14 00:00:00+00:00,-0.00101342078229286
2012-03-15 00:00:00+00:00,-0.001004721348883555
2012-03-16 00:00:00+00:00,-0.0008868989877871955
2012-03-19 00:00:00+00:00,-0.0007863837593709818
2012-03-20 00:00:00+00:00,-0.0008048373715868577
2012-03-21 00:00:00+00:00,-0.0007553008613119007
2012-03-22 00:00:00+00:00,-0.000705108176405898
2012-03-23 00:00:00+00:00,-0.000668425487962674
2012-03-25 23:00:00+00:00,-0.0005944168386918932
2012-03-26 23:00:00+00:00,-0.0005078976002042181
2012-03-27 23:00:00+00:00,-0.000538208405712063
2012-03-28 23:00:00+00:00,-0.0005190070588172351
2012-03-29 23:00:00+00:00,-0.0005214961527861385
2012-04-01 23:00:00+00:00,-0.00050436093799636
2012-04-02 23:00:00+00:00,-0.0005592079266488418
2012-04-03 23:00:00+00:00,-0.0005731473264385155
2012-04-04 23:00:00+00:00,-0.0005491762063462883
2012-04-05 23:00:00+00:00,-0.0005613272787615984
2012-04-08 23:00:00+00:00,-0.0005954934163295584
2012-04-09 23:00:00+00:00,-0.000585469496849178
2012-04-10 23:00:00+00:00,-0.0005840955767558225
2012-04-11 23:00:00+00:00,-0.0005398937802833098
2012-04-12 23:00:00+00:00,-0.000547744093910927
2012-04-15 23:00:00+00:00,-0.0004355759652927898
2012-04-16 23:00:00+00:00,-0.0003508472108568351
2012-04-17 23:00:00+00:00,-0.00036772146454949143
2012-04-18 23:00:00+00:00,-0.00033073827775765164
2012-04-19 23:00:00+00:00,-0.0003240435247084776
2012-04-22 23:00:00+00:00,-0.0003743274059181652
2012-04-23 23:00:00+00:00,-0.00031673695614013817
2012-04-24 23:00:00+00:00,-0.00032199741982398816
2012-04-25 23:00:00+00:00,-0.0002911037032818451
2012-04-26 23:00:00+00:00,-0.00028673019107332363
2012-04-29 23:00:00+00:00,-0.0002892464192276352
2012-04-30 23:00:00+00:00,-0.0002200231517177657
2012-05-01 23:00:00+00:00,-0.00027091653847043616
2012-05-02 23:00:00+00:00,-0.00024952533979819783
2012-05-03 23:00:00+00:00,-0.00019515161959686705
2012-05-06 23:00:00+00:00,-0.00016806237549933656
2012-05-07 23:00:00+00:00,-6.640555971954877e-05
2012-05-08 23:00:00+00:00,1.6518448679825153e-05
2012-05-09 23:00:00+00:00,0.00012064010964655744
2012-05-10 23:00:00+00:00,0.00011605152003227575
2012-05-13 23:00:00+00:00,7.504085357740858e-05
2012-05-14 23:00:00+00:00,9.367045885910405e-05
2012-05-15 23:00:00+00:00,0.00010905903203247379
2012-05-16 23:00:00+00:00,0.00012732927159492691
2012-05-17 23:00:00+00:00,7.743210688874059e-05
2012-05-20 23:00:00+00:00,8.859815334070608e-05
2012-05-21 23:00:00+00:00,0.00012068387594305757
2012-05-22 23:00:00+00:00,0.00013394089638438158
2012-05-23 23:00:00+00:00,0.00017949909370850586
2012-05-24 23:00:00+00:00,0.00018592616844135754
2012-05-27 23:00:00+00:00,0.00015701674292650618
2012-05-28 23:00:00+00:00,0.00014007704572219747
2012-05-29 23:00:00+00:00,5.433666759968418e-05
2012-05-30 23:00:00+00:00,4.6220075859792e-05
2012-05-31 23:00:00+00:00,6.393310629683197e-05
2012-06-03 23:00:00+00:00,3.1658951518655915e-05
2012-06-04 23:00:00+00:00,-2.32467501919114e-05
2012-06-05 23:00:00+00:00,8.072643399588842e-05
2012-06-06 23:00:00+00:00,-2.474822698656301e-05
2012-06-07 23:00:00+00:00,1.3191536532477371e-05
2012-06-10 23:00:00+00:00,-2.055684439107759e-06
2012-06-11 23:00:00+00:00,2.7961721893362754e-05
2012-06-12 23:00:00+00:00,5.750909394176048e-05
2012-06-13 23:00:00+00:00,4.052507452908215e-05
2012-06-14 23:00:00+00:00,-2.3429983377066567e-05
2012-06-17 23:00:00+00:00,1.652467290399421e-05
2012-06-18 23:00:00+00:00,6.485838403323674e-05
2012-06-19 23:00:00+00:00,8.942998414926406e-05
2012-06-20 23:00:00+00:00,0.0001223918631015914
2012-06-21 23:00:00+00:00,6.184610457308885e-05
2012-06-24 23:00:00+00:00,0.0001601194467402622
2012-06-25 23:00:00+00:00,0.00012259280864956867
2012-06-26 23:00:00+00:00,0.00011825741597108579
2012-06-27 23:00:00+00:00,0.00013943714039613142
2012-06-28 23:00:00+00:00,0.00011397139124148976
2012-07-01 23:00:00+00:00,0.00014180243174180887
2012-07-02 23:00:00+00:00,0.0002719125652690096
2012-07-03 23:00:00+00:00,0.0002497977962633265
2012-07-04 23:00:00+00:00,0.0002316650353319412
2012-07-05 23:00:00+00:00,0.0002544374233977584
2012-07-08 23:00:00+00:00,0.000285051343979526
2012-07-09 23:00:00+00:00,0.0003112956371779021
2012-07-10 23:00:00+00:00,0.0002681599951948879
2012-07-11 23:00:00+00:00,0.0001842055899594552
2012-07-12 23:00:00+00:00,7.506342574757716e-05
2012-07-15 23:00:00+00:00,0.00010199723546429687
2012-07-16 23:00:00+00:00,0.00014918060433765333
2012-07-17 23:00:00+00:00,0.00011506303236061277
2012-07-18 23:00:00+00:00,0.00012110278320489904
2012-07-19 23:00:00+00:00,8.522394639294203e-05
2012-07-22 23:00:00+00:00,5.9535733748707076e-05
2012-07-23 23:00:00+00:00,0.00015594264750256812
2012-07-24 23:00:00+00:00,0.0001712989443090531
2012-07-25 23:00:00+00:00,0.00021006016694329228
2012-07-26 23:00:00+00:00,0.00019939665911388339
2012-07-29 23:00:00+00:00,0.0003031087872033423
2012-07-30 23:00:00+00:00,0.0003298971744499042
2012-07-31 23:00:00+00:00,0.0002803893575594827
2012-08-01 23:00:00+00:00,0.0002663654948395723
2012-08-02 23:00:00+00:00,0.0001359607923373399
2012-08-05 23:00:00+00:00,7.08046174587194e-05
2012-08-06 23:00:00+00:00,0.00014727099028879944
2012-08-07 23:00:00+00:00,0.00012731176330172365
2012-08-08 23:00:00+00:00,0.0001542823612034677
2012-08-09 23:00:00+00:00,0.00013730398194523787
2012-08-12 23:00:00+00:00,0.00012568881720232718
2012-08-13 23:00:00+00:00,4.1343452271108694e-05
2012-08-14 23:00:00+00:00,3.9555113253190825e-05
2012-08-15 23:00:00+00:00,-7.5498052081769684e-06
2012-08-16 23:00:00+00:00,-5.4089734651865604e-05
2012-08-19 23:00:00+00:00,-6.608899827107838e-05
2012-08-20 23:00:00+00:00,-0.00017750159247348352
2012-08-21 23:00:00+00:00,-0.00024133194063557812
2012-08-22 23:00:00+00:00,-0.0002073714555008068
2012-08-23 23:00:00+00:00,-0.00018356369394409
2012-08-26 23:00:00+00:00,-0.00015089669192024178
2012-08-27 23:00:00+00:00,-0.00013577371583052902
2012-08-28 23:00:00+00:00,-0.0002616108016516546
2012-08-29 23:00:00+00:00,-0.00024102004058306706
2012-08-30 23:00:00+00:00,-0.000277947089714607
2012-09-02 23:00:00+00:00,-0.00034898086042949115
2012-09-03 23:00:00+00:00,-0.0003125703023479495
2012-09-04 23:00:00+00:00,-0.00044316726612528973
2012-09-05 23:00:00+00:00,-0.0004133939922748176
2012-09-06 23:00:00+00:00,-0.000457301238870912
2012-09-09 23:00:00+00:00,-0.0005299388431833458
2012-09-10 23:00:00+00:00,-0.000475591856807539
2012-09-11 23:00:00+00:00,-0.00048565583071061205
2012-09-12 23:00:00+00:00,-0.00044683611188676975
2012-09-13 23:00:00+00:00,-0.0005119756606839308
2012-09-16 23:00:00+00:00,-0.00045405154872271616
2012-09-17 23:00:00+00:00,-0.0004509987517186719
2012-09-18 23:00:00+00:00,-0.0004318313294299995
2012-09-19 23:00:00+00:00,-0.0005712030638528182
2012-09-20 23:00:00+00:00,-0.0005564023863567618
2012-09-23 23:00:00+00:00,-0.0005264661060320648
2012-09-24 23:00:00+00:00,-0.0005483477447731609
2012-09-25 23:00:00+00:00,-0.0005430170778535116
2012-09-26 23:00:00+00:00,-0.0005497014238535665
2012-09-27 23:00:00+00:00,-0.0007517691328523092
2012-09-30 23:00:00+00:00,-0.0007135383397858133
2012-10-01 23:00:00+00:00,-0.0006447497990482837
2012-10-02 23:00:00+00:00,-0.0006557778969423634
2012-10-03 23:00:00+00:00,-0.0006563362779951156
2012-10-04 23:00:00+00:00,-0.0007255956786757435
2012-10-07 23:00:00+00:00,-0.0006716675046171496
2012-10-08 23:00:00+00:00,-0.0006584202407191367
2012-10-09 23:00:00+00:00,-0.000622582616953804
2012-10-10 23:00:00+00:00,-0.0006038807709994754
2012-10-11 23:00:00+00:00,-0.0006775179764301402
2012-10-14 23:00:00+00:00,-0.0006265696520125516
2012-10-15 23:00:00+00:00,-0.0006389347490288657
2012-10-16 23:00:00+00:00,-0.0006210334708370278
2012-10-17 23:00:00+00:00,-0.0005626249568539579
2012-10-18 23:00:00+00:00,-0.0006375965237551628
2012-10-21 23:00:00+00:00,-0.0006302049586270867
2012-10-22 23:00:00+00:00,-0.0006075227426451781
2012-10-23 23:00:00+00:00,-0.0006503549807138063
2012-10-24 23:00:00+00:00,-0.0007017658596344834
2012-10-25 23:00:00+00:00,-0.000684837081212275
2012-10-29 00:00:00+00:00,-0.0006699752577078166
2012-10-30 00:00:00+00:00,-0.0006533157209637299
2012-10-31 00:00:00+00:00,-0.0006587512995169333
2012-11-01 00:00:00+00:00,-0.0006329510223256397
2012-11-02 00:00:00+00:00,-0.000791716174563336
2012-11-05 00:00:00+00:00,-0.0007589935234877145
2012-11-06 00:00:00+00:00,-0.0006716508808593527
2012-11-07 00:00:00+00:00,-0.0006521152084771422
2012-11-08 00:00:00+00:00,-0.0006533428066117001
2012-11-09 00:00:00+00:00,-0.0005899721069417422
2012-11-12 00:00:00+00:00,-0.000573640907625371
2012-11-13 00:00:00+00:00,-0.0005484604680834268
2012-11-14 00:00:00+00:00,-0.0005351435000951832
2012-11-15 00:00:00+00:00,-0.0005661382200379131
2012-11-16 00:00:00+00:00,-0.0005457896636300611
2012-11-19 00:00:00+00:00,-0.0005108385820282624
2012-11-20 00:00:00+00:00,-0.0005319686992524557
2012-11-21 00:00:00+00:00,-0.0005411700739756794
2012-11-22 00:00:00+00:00,-0.0005436482880980891
2012-11-23 00:00:00+00:00,-0.00053990741075207
2012-11-26 00:00:00+00:00,-0.0005291780317002331
2012-11-27 00:00:00+00:00,-0.0004572484446480501
2012-11-28 00:00:00+00:00,-0.000462048424422551
2012-11-29 00:00:00+00:00,-0.00045360237841613436
2012-11-30 00:00:00+00:00,-0.0004681828605992166
2012-12-03 00:00:00+00:00,-0.0004456489144593267
2012-12-04 00:00:00+00:00,-0.00045046370863814113
2012-12-05 00:00:00+00:00,-0.0004248474149371527
2012-12-06 00:00:00+00:00,-0.00045481429671775974
2012-12-07 00:00:00+00:00,-0.0005393212228753537
2012-12-10 00:00:00+00:00,-0.0004909338268521122
2012-12-11 00:00:00+00:00,-0.0005434458023453621
2012-12-12 00:00:00+00:00,-0.0005494814914485877
2012-12-13 00:00:00+00:00,-0.0005778958125329278
2012-12-14 00:00:00+00:00,-0.0005911686791786434
2012-12-17 00:00:00+00:00,-0.0005891575733661361
2012-12-18 00:00:00+00:00,-0.0005402918490603299
2012-12-19 00:00:00+00:00,-0.0005273446675270522
2012-12-20 00:00:00+00:00,-0.0004982479455182829
2012-12-21 00:00:00+00:00,-0.0004586711244249338
2012-12-24 00:00:00+00:00,-0.0004510094111700204
2012-12-25 00:00:00+00:00,-0.0003748478834863767
2012-12-26 00:00:00+00:00,-0.0003855475412858486
2012-12-27 00:00:00+00:00,-0.0004270368439076421
2012-12-28 00:00:00+00:00,-0.00047083127546474965
2012-12-31 00:00:00+00:00,-0.00047931800686827186
2013-01-01 00:00:00+00:00,-0.0004923100757307304
2013-01-02 00:00:00+00:00,-0.00045777930563960234
2013-01-03 00:00:00+00:00,-0.0004953047949993721
2013-01-04 00:00:00+00:00,-0.00044809717867804475
2013-01-07 00:00:00+00:00,-0.0003605414431710934
2013-01-08 00:00:00+00:00,-0.0003817180929396196
2013-01-09 00:00:00+00:00,-0.00033792551126544165
2013-01-10 00:00:00+00:00,-0.0003490420654715899
2013-01-11 00:00:00+00:00,-0.00033139435719615725
2013-01-14 00:00:00+00:00,-0.00020502332070167998
2013-01-15 00:00:00+00:00,-0.00022179272682254286
2013-01-16 00:00:00+00:00,-0.00020314172737898907
2013-01-17 00:00:00+00:00,-0.00020228810871213143
2013-01-18 00:00:00+00:00,-0.00024226914588945225
2013-01-21 00:00:00+00:00,-0.00023178559075356367
2013-01-22 00:00:00+00:00,-0.00025205203939034256
2013-01-23 00:00:00+00:00,-0.00030034406488974735
2013-01-24 00:00:00+00:00,-0.00027492784239230815
2013-01-25 00:00:00+00:00,-0.0002533805413973936
2013-01-28 00:00:00+00:00,-0.00020079441706921317
2013-01-29 00:00:00+00:00,-0.0001858036543009316
2013-01-30 00:00:00+00:00,-0.00016446838744618242
2013-01-31 00:00:00+00:00,-0.00013445883797547423
2013-02-01 00:00:00+00:00,-0.00014972390036853064
2013-02-04 00:00:00+00:00,-0.00012031192921987868
2013-02-05 00:00:00+00:00,-8.41055837723175e-05
2013-02-06 00:00:00+00:00,-8.73236197867621e-05
2013-02-07 00:00:00+00:00,-5.822857872183739e-05
2013-02-08 00:00:00+00:00,-2.1229970978850488e-05
2013-02-11 00:00:00+00:00,4.656415343207718e-05
2013-02-12 00:00:00+00:00,8.789260764340478e-05
2013-02-13 00:00:00+00:00,9.36543173244448e-05
2013-02-14 00:00:00+00:00,0.0001266094894775199
2013-02-15 00:00:00+00:00,0.00014502088702358093
2013-02-18 00:00:00+00:00,0.0001648364323262896
2013-02-19 00:00:00+00:00,0.00018805445644593617
2013-02-20 00:00:00+00:00,0.0001690438945995288
2013-02-21 00:00:00+00:00,0.00018744713892116134
2013-02-22 00:00:00+00:00,0.00022889385964374722
2013-02-25 00:00:00+00:00,0.0002539695395522416
2013-02-26 00:00:00+00:00,0.00026325930323702323
2013-02-27 00:00:00+00:00,0.00029635280344052954
2013-02-28 00:00:00+00:00,0.00030347309779960464
2013-03-01 00:00:00+00:00,0.0003174339624231982
2013-03-04 00:00:00+00:00,0.00032861668749850463
2013-03-05 00:00:00+00:00,0.00035550984947418105
2013-03-06 00:00:00+00:00,0.00036006252303583727
2013-03-07 00:00:00+00:00,0.00033213873155564077
2013-03-08 00:00:00+00:00,0.0003790764428605749
2013-03-11 00:00:00+00:00,0.00041697402147363024
2013-03-12 00:00:00+00:00,0.0004648177300276414
2013-03-13 00:00:00+00:00,0.00046861749667878377
2013-03-14 00:00:00+00:00,0.000457454482238869
2013-03-15 00:00:00+00:00,0.00045516343294260686
2013-03-18 00:00:00+00:00,0.0005296948401867893
2013-03-19 00:00:00+00:00,0.0005032992573272923
2013-03-20 00:00:00+00:00,0.0004953041149938792
2013-03-21 00:00:00+00:00,0.0005115003763574359
2013-03-22 00:00:00+00:00,0.0004296923790230965
2013-03-25 00:00:00+00:00,0.0004680783551973826
2013-03-26 00:00:00+00:00,0.0005256809882244516
2013-03-27 00:00:00+00:00,0.0005565635856612447
2013-03-28 00:00:00+00:00,0.0005579340201752308
2013-03-29 00:00:00+00:00,0.0005702448650054034
2013-03-31 23:00:00+00:00,0.0005456205737113589
2013-04-01 23:00:00+00:00,0.0005224563995272474
2013-04-02 23:00:00+00:00,0.0004645415358942762
2013-04-03 23:00:00+00:00,0.00037992353614110796
2013-04-04 23:00:00+00:00,0.00034072941335381484
2013-04-07 23:00:00+00:00,0.00033112262328188974
2013-04-08 23:00:00+00:00,0.0003709156507481818
2013-04-09 23:00:00+00:00,0.0003918066901733939
2013-04-10 23:00:00+00:00,0.0002954400271725651
2013-04-11 23:00:00+00:00,0.000266549165408558
2013-04-14 23:00:00+00:00,0.0002588036937159893
2013-04-15 23:00:00+00:00,0.00025784792171242845
2013-04-16 23:00:00+00:00,0.000343941971616087
2013-04-17 23:00:00+00:00,0.00038267552609107204
2013-04-18 23:00:00+00:00,0.00043095032510207486
2013-04-21 23:00:00+00:00,0.00042970163951592134
2013-04-22 23:00:00+00:00,0.0003923301322378654
2013-04-23 23:00:00+00:00,0.00036791925736890437
2013-04-24 23:00:00+00:00,0.00034786573315012236
2013-04-25 23:00:00+00:00,0.00032682855363726573
2013-04-28 23:00:00+00:00,0.0003427826403699166
2013-04-29 23:00:00+00:00,0.00030346848491346733
2013-04-30 23:00:00+00:00,0.00028144398863762677
2013-05-01 23:00:00+00:00,0.00028188255171613394
2013-05-02 23:00:00+00:00,0.00026556299644249406
2013-05-05 23:00:00+00:00,0.0002701960796825404
2013-05-06 23:00:00+00:00,0.0002483283755404819
2013-05-07 23:00:00+00:00,0.00023016906348162893
2013-05-08 23:00:00+00:00,0.00018862080365490913
2013-05-09 23:00:00+00:00,0.000179543653071987
2013-05-12 23:00:00+00:00,0.00024797937089461467
2013-05-13 23:00:00+00:00,0.00030225593549289796
2013-05-14 23:00:00+00:00,0.000270203502335066
2013-05-15 23:00:00+00:00,0.0002984685241835001
2013-05-16 23:00:00+00:00,0.00027043271622701837
2013-05-19 23:00:00+00:00,0.0003064206215182652
2013-05-20 23:00:00+00:00,0.0003630765437250714
2013-05-21 23:00:00+00:00,0.00028311154199173183
2013-05-22 23:00:00+00:00,0.0002680351436362919
2013-05-23 23:00:00+00:00,0.0003868888572983527
2013-05-26 23:00:00+00:00,0.00040004450515975
2013-05-27 23:00:00+00:00,0.0003941686511867485
2013-05-28 23:00:00+00:00,0.0003625536003077031
2013-05-29 23:00:00+00:00,0.00039142724449499344
2013-05-30 23:00:00+00:00,0.0004462338665652487
2013-06-02 23:00:00+00:00,0.00047567583087070086
2013-06-03 23:00:00+00:00,0.0005090498658470556
2013-06-04 23:00:00+00:00,0.0005507419867158319
2013-06-05 23:00:00+00:00,0.0005438205790615908
2013-06-06 23:00:00+00:00,0.0005140249810137777
2013-06-09 23:00:00+00:00,0.0005899411289459859
2013-06-10 23:00:00+00:00,0.0007021118801190402
2013-06-11 23:00:00+00:00,0.0006466767357875725
2013-06-12 23:00:00+00:00,0.0005623538952248268
2013-06-13 23:00:00+00:00,0.0006132330975616245
2013-06-16 23:00:00+00:00,0.0006796845538287345
2013-06-17 23:00:00+00:00,0.0006601330712114571
2013-06-18 23:00:00+00:00,0.0006428101620890251
2013-06-19 23:00:00+00:00,0.0006116681023747282
2013-06-20 23:00:00+00:00,0.0007052490997322106
2013-06-23 23:00:00+00:00,0.0007136178034124331
2013-06-24 23:00:00+00:00,0.0007807143086481379
2013-06-25 23:00:00+00:00,0.0007534436337136882
2013-06-26 23:00:00+00:00,0.0007423758528366763
2013-06-27 23:00:00+00:00,0.0007873544965254931
2013-06-30 23:00:00+00:00,0.000770945875757172
2013-07-01 23:00:00+00:00,0.0007857464635642932
2013-07-02 23:00:00+00:00,0.0008209869411585297
2013-07-03 23:00:00+00:00,0.0008542097375925746
2013-07-04 23:00:00+00:00,0.0008221490329321617
2013-07-07 23:00:00+00:00,0.0008646187998714071
2013-07-08 23:00:00+00:00,0.0009170801472617087
2013-07-09 23:00:00+00:00,0.0009346202398384405
2013-07-10 23:00:00+00:00,0.0009312581185573886
2013-07-11 23:00:00+00:00,0.0011802574404776662
2013-07-14 23:00:00+00:00,0.0011194621252477175
2013-07-15 23:00:00+00:00,0.0010723711019098216
2013-07-16 23:00:00+00:00,0.0009455733005642349
2013-07-17 23:00:00+00:00,0.0010316548917761875
2013-07-18 23:00:00+00:00,0.0010207732441291553
2013-07-21 23:00:00+00:00,0.0010033968250930175
2013-07-22 23:00:00+00:00,0.0009788636468264205
2013-07-23 23:00:00+00:00,0.0009644309541939292
2013-07-24 23:00:00+00:00,0.0009170417065951196
2013-07-25 23:00:00+00:00,0.0009430664950429808
2013-07-28 23:00:00+00:00,0.0009714566658345974
2013-07-29 23:00:00+00:00,0.0009012372327475782
2013-07-30 23:00:00+00:00,0.0008784458085307036
2013-07-31 23:00:00+00:00,0.0008575028230873877
2013-08-01 23:00:00+00:00,0.0008606541300206711
2013-08-04 23:00:00+00:00,0.0008726226205169694
2013-08-05 23:00:00+00:00,0.0009158554787156306
2013-08-06 23:00:00+00:00,0.0008849888174545864
2013-08-07 23:00:00+00:00,0.0007825479673041124
2013-08-08 23:00:00+00:00,0.0007006892044162417
2013-08-11 23:00:00+00:00,0.0007318656230318136
2013-08-12 23:00:00+00:00,0.0006691567166579333
2013-08-13 23:00:00+00:00,0.0006852477797234264
2013-08-14 23:00:00+00:00,0.0006349863947370284
2013-08-15 23:00:00+00:00,0.0005636620403084974
2013-08-18 23:00:00+00:00,0.0005393663357641729
2013-08-19 23:00:00+00:00,0.0005295055332904504
2013-08-20 23:00:00+00:00,0.00038797983319033974
2013-08-21 23:00:00+00:00,0.00037532459141575124
2013-08-22 23:00:00+00:00,0.000437027687654027
2013-08-25 23:00:00+00:00,0.0004268159078761602
2013-08-26 23:00:00+00:00,0.00033079936893816615
2013-08-27 23:00:00+00:00,0.0002061363251131959
2013-08-28 23:00:00+00:00,0.00017770642778680915
2013-08-29 23:00:00+00:00,0.00012671968167722852
2013-09-01 23:00:00+00:00,4.474289063541217e-05
2013-09-02 23:00:00+00:00,-2.703313955693381e-05
2013-09-03 23:00:00+00:00,-8.287632459503744e-05
2013-09-04 23:00:00+00:00,-0.0002037403003607302
2013-09-05 23:00:00+00:00,-0.0002659068728798567
2013-09-08 23:00:00+00:00,-0.0002329605594879134
2013-09-09 23:00:00+00:00,-0.00016069505505394294
2013-09-10 23:00:00+00:00,-0.00020156196904498602
2013-09-11 23:00:00+00:00,-0.0002789914220664349
2013-09-12 23:00:00+00:00,-0.00023738972972525522
2013-09-15 23:00:00+00:00,-0.00024461434949476536
2013-09-16 23:00:00+00:00,-0.00021001441263812735
2013-09-17 23:00:00+00:00,-0.00037626315109935953
2013-09-18 23:00:00+00:00,-0.0004452161096886566
2013-09-19 23:00:00+00:00,-0.0003425450045207541
2013-09-22 23:00:00+00:00,-0.00033477982426746624
2013-09-23 23:00:00+00:00,-0.0003506329343072384
2013-09-24 23:00:00+00:00,-0.0004016014991728477
2013-09-25 23:00:00+00:00,-0.0003638522257822102
2013-09-26 23:00:00+00:00,-0.0004107438153902231
2013-09-29 23:00:00+00:00,-0.0004633890118003782
2013-09-30 23:00:00+00:00,-0.0005122507725298341
2013-10-01 23:00:00+00:00,-0.0005534136661148386
2013-10-02 23:00:00+00:00,-0.0006307820483895587
2013-10-03 23:00:00+00:00,-0.0007034863890817249
2013-10-06 23:00:00+00:00,-0.0007322540269356619
2013-10-08 23:00:00+00:00,-0.0007274490856196006
2013-10-09 23:00:00+00:00,-0.0009937826030458046
2013-10-10 23:00:00+00:00,-0.0009892177923647733
2013-10-13 23:00:00+00:00,-0.0010214492082383725
2013-10-14 23:00:00+00:00,-0.0009862179299274252
2013-10-15 23:00:00+00:00,-0.0010615543205479104
2013-10-16 23:00:00+00:00,-0.0010387355155170993
2013-10-17 23:00:00+00:00,-0.001019909538993946
2013-10-20 23:00:00+00:00,-0.0009322811790381308
2013-10-21 23:00:00+00:00,-0.0009352337592730608
2013-10-22 23:00:00+00:00,-0.0009288235114630625
2013-10-23 23:00:00+00:00,-0.0009060062837254286
2013-10-24 23:00:00+00:00,-0.0009169823413234203
2013-10-28 00:00:00+00:00,-0.0008721661739233893
2013-10-29 00:00:00+00:00,-0.0008776116861313752
2013-10-30 00:00:00+00:00,-0.0008961692428187157
2013-10-31 00:00:00+00:00,-0.0008781552114309264
2013-11-01 00:00:00+00:00,-0.0009307046483502512
2013-11-04 00:00:00+00:00,-0.000961080695792925
2013-11-05 00:00:00+00:00,-0.000931270369213285
2013-11-06 00:00:00+00:00,-0.0009279121423469406
2013-11-07 00:00:00+00:00,-0.0009139350049121291
2013-11-08 00:00:00+00:00,-0.0009340153775362365
2013-11-11 00:00:00+00:00,-0.0008900429923766385
2013-11-12 00:00:00+00:00,-0.0008403730395615495
2013-11-13 00:00:00+00:00,-0.0008168074748494355
2013-11-14 00:00:00+00:00,-0.0007805181726881607
2013-11-15 00:00:00+00:00,-0.000735974528850956
2013-11-18 00:00:00+00:00,-0.0007156532338290951
2013-11-19 00:00:00+00:00,-0.0006795531921086999
2013-11-20 00:00:00+00:00,-0.0007329998988621755
2013-11-21 00:00:00+00:00,-0.0007620722020727022
2013-11-22 00:00:00+00:00,-0.0006441266044706511
2013-11-25 00:00:00+00:00,-0.0005662600565314907
2013-11-26 00:00:00+00:00,-0.0004898507273984614
2013-11-27 00:00:00+00:00,-0.0004891500551453269
2013-11-28 00:00:00+00:00,-0.000455122809524932
2013-11-29 00:00:00+00:00,-0.0004650033825507908
2013-12-02 00:00:00+00:00,-0.0004260551954671831
2013-12-03 00:00:00+00:00,-0.00041261252131193473
2013-12-04 00:00:00+00:00,-0.0003957527127031917
2013-12-05 00:00:00+00:00,-0.00042231382053027535
2013-12-06 00:00:00+00:00,-0.00041348802297944045
2013-12-09 00:00:00+00:00,-0.0004434107261702641
2013-12-10 00:00:00+00:00,-0.0004435567795238885
2013-12-11 00:00:00+00:00,-0.0004339475312659159
2013-12-12 00:00:00+00:00,-0.00045194063024993694
2013-12-13 00:00:00+00:00,-0.00040971012954383115
2013-12-16 00:00:00+00:00,-0.0003942042201279341
2013-12-17 00:00:00+00:00,-0.0003541758424329788
2013-12-18 00:00:00+00:00,-0.00035585625086741136
2013-12-19 00:00:00+00:00,-0.0005289543293010637
2013-12-20 00:00:00+00:00,-0.00042210246420667846
2013-12-23 00:00:00+00:00,-0.0003952904694470567
2013-12-24 00:00:00+00:00,-0.00035003038854324216
2013-12-25 00:00:00+00:00,-0.0003775696722117315
2013-12-26 00:00:00+00:00,-0.00037721112931870995
2013-12-27 00:00:00+00:00,-0.00037053856730017657
2013-12-30 00:00:00+00:00,-0.0003747236849336007
2013-12-31 00:00:00+00:00,-0.0003218029835824346
2014-01-01 00:00:00+00:00,-0.00026523326558977687
2014-01-02 00:00:00+00:00,-0.0002563244611243857
2014-01-03 00:00:00+00:00,-0.0002571067622225958
2014-01-06 00:00:00+00:00,-0.00024097072404258768
2014-01-07 00:00:00+00:00,-0.00018787166133548252
2014-01-08 00:00:00+00:00,-0.00023379195427434326
2014-01-09 00:00:00+00:00,-0.00017766902313600536
2014-01-10 00:00:00+00:00,-0.00015966297172195906
2014-01-13 00:00:00+00:00,-0.00015411322634835281
2014-01-14 00:00:00+00:00,-9.19234547697473e-05
2014-01-15 00:00:00+00:00,-5.300318698463679e-05
2014-01-16 00:00:00+00:00,-0.00011418210494044088
2014-01-17 00:00:00+00:00,-7.00002031021876e-05
2014-01-20 00:00:00+00:00,-3.735530680585436e-05
2014-01-21 00:00:00+00:00,-2.5000934528742868e-05
2014-01-22 00:00:00+00:00,-7.041402175753326e-05
2014-01-23 00:00:00+00:00,-9.459425725453444e-05
2014-01-24 00:00:00+00:00,-5.1895405573304694e-05
2014-01-27 00:00:00+00:00,3.343902057167296e-05
2014-01-28 00:00:00+00:00,4.7722662167301935e-05
2014-01-29 00:00:00+00:00,8.325155275706354e-05
2014-01-30 00:00:00+00:00,6.660940852597523e-05
2014-01-31 00:00:00+00:00,6.64033849842728e-05
2014-02-03 00:00:00+00:00,0.00010767644109628289
2014-02-04 00:00:00+00:00,0.0001195438474151946
2014-02-05 00:00:00+00:00,0.000138913900985018
2014-02-06 00:00:00+00:00,0.0001746645784674243
2014-02-07 00:00:00+00:00,8.583353003508874e-05
2014-02-10 00:00:00+00:00,8.63238880404499e-05
2014-02-11 00:00:00+00:00,6.829174264614667e-05
2014-02-12 00:00:00+00:00,-8.5286034179218e-06
2014-02-13 00:00:00+00:00,3.78919759640552e-06
2014-02-14 00:00:00+00:00,-1.379814797548189e-05
2014-02-17 00:00:00+00:00,3.359164464539948e-05
2014-02-18 00:00:00+00:00,2.0962855371128332e-05
2014-02-19 00:00:00+00:00,-7.673806630256611e-05
2014-02-20 00:00:00+00:00,-0.0001080381365882628
2014-02-21 00:00:00+00:00,-0.0001264087407217107
2014-02-24 00:00:00+00:00,-0.00014495308862625322
2014-02-25 00:00:00+00:00,-0.00016851374054752902
2014-02-26 00:00:00+00:00,-0.00016144794046202325
2014-02-27 00:00:00+00:00,-0.00016578245046581543
2014-02-28 00:00:00+00:00,-0.00015171911391460022
2014-03-03 00:00:00+00:00,-0.0001435413794198476
2014-03-04 00:00:00+00:00,-0.00010925378285739102
2014-03-05 00:00:00+00:00,-0.00012388004745874683
2014-03-06 00:00:00+00:00,-0.00014873263156625106
2014-03-07 00:00:00+00:00,-0.00016348273119386322
2014-03-10 00:00:00+00:00,-8.553560245455269e-05
2014-03-11 00:00:00+00:00,-8.445178875932146e-05
2014-03-12 00:00:00+00:00,-0.00011063478245353824
2014-03-13 00:00:00+00:00,-0.00016260713992648224
2014-03-14 00:00:00+00:00,-0.00015120869649771227
2014-03-17 00:00:00+00:00,-0.0001317267550422479
2014-03-18 00:00:00+00:00,-0.00013256115018492245
2014-03-19 00:00:00+00:00,-0.00022685017520320113
2014-03-20 00:00:00+00:00,-0.0002051172803966897
2014-03-21 00:00:00+00:00,-0.0001087927223749445
2014-03-24 00:00:00+00:00,-0.00011359382627075965
2014-03-25 00:00:00+00:00,-0.00010261496049922833
2014-03-26 00:00:00+00:00,-8.231051929455087e-05
2014-03-27 00:00:00+00:00,-7.593547929753402e-05
2014-03-28 00:00:00+00:00,-7.664922996703178e-05
2014-03-30 23:00:00+00:00,-9.041344694817348e-05
2014-03-31 23:00:00+00:00,-0.0001225030230074713
2014-04-01 23:00:00+00:00,-0.00012958680160572679
2014-04-02 23:00:00+00:00,-0.00016405380609267215
2014-04-03 23:00:00+00:00,-0.00021819553395032451
2014-04-06 23:00:00+00:00,-0.00020567852828138168
2014-04-07 23:00:00+00:00,-0.0002124351271050708
2014-04-08 23:00:00+00:00,-0.00022427699238388452
2014-04-09 23:00:00+00:00,-0.00016341946977999804
2014-04-10 23:00:00+00:00,-0.00018813411155108734
2014-04-13 23:00:00+00:00,-0.00019241539757361772
2014-04-14 23:00:00+00:00,-0.00021476796831892877
2014-04-15 23:00:00+00:00,-0.00025508756319100314
2014-04-16 23:00:00+00:00,-0.00024890156878272377
2014-04-17 23:00:00+00:00,-0.00029711372581990407
2014-04-20 23:00:00+00:00,-0.00029082822933570963
2014-04-21 23:00:00+00:00,-0.0002922362392401611
2014-04-22 23:00:00+00:00,-0.0003376735404946301
2014-04-23 23:00:00+00:00,-0.0004114310383301306
2014-04-24 23:00:00+00:00,-0.00044832356516894163
2014-04-27 23:00:00+00:00,-0.0004537125427450236
2014-04-28 23:00:00+00:00,-0.00048283048803629634
2014-04-29 23:00:00+00:00,-0.0004976400918774975
2014-04-30 23:00:00+00:00,-0.0005170194908638462
2014-05-01 23:00:00+00:00,-0.0005319535901180585
2014-05-04 23:00:00+00:00,-0.0005618142070638065
2014-05-05 23:00:00+00:00,-0.0006420662126273569
2014-05-06 23:00:00+00:00,-0.0006227291844711803
2014-05-07 23:00:00+00:00,-0.0005598306856254131
2014-05-08 23:00:00+00:00,-0.0005507686868315908
2014-05-11 23:00:00+00:00,-0.0005006718103387135
2014-05-12 23:00:00+00:00,-0.000472556187385753
2014-05-13 23:00:00+00:00,-0.0005045850164245667
2014-05-14 23:00:00+00:00,-0.0005333621769505583
2014-05-15 23:00:00+00:00,-0.0005490475805093888
2014-05-18 23:00:00+00:00,-0.000540647048181768
2014-05-19 23:00:00+00:00,-0.0005598334852701461
2014-05-20 23:00:00+00:00,-0.000583070093706502
2014-05-21 23:00:00+00:00,-0.0005338291478479916
2014-05-22 23:00:00+00:00,-0.000533261403687155
2014-05-25 23:00:00+00:00,-0.0005540563557902144
2014-05-26 23:00:00+00:00,-0.0005363740997419877
2014-05-27 23:00:00+00:00,-0.0005566966439696139
2014-05-28 23:00:00+00:00,-0.000562535966185859
2014-05-29 23:00:00+00:00,-0.000558926837307812
2014-06-01 23:00:00+00:00,-0.0005459124069141898
2014-06-02 23:00:00+00:00,-0.0005421381851960384
2014-06-03 23:00:00+00:00,-0.0005032525240944662
2014-06-04 23:00:00+00:00,-0.0005820041030185118
2014-06-05 23:00:00+00:00,-0.0005986936860672711
2014-06-08 23:00:00+00:00,-0.0005379976104702001
2014-06-09 23:00:00+00:00,-0.0005357074306146172
2014-06-10 23:00:00+00:00,-0.0005411508774718111
2014-06-11 23:00:00+00:00,-0.0005128972553989164
2014-06-12 23:00:00+00:00,-0.0004819392765309971
2014-06-15 23:00:00+00:00,-0.00043582761524970075
2014-06-16 23:00:00+00:00,-0.00045313325275007487
2014-06-17 23:00:00+00:00,-0.0005551447574147395
2014-06-18 23:00:00+00:00,-0.0005205062399059241
2014-06-19 23:00:00+00:00,-0.0004692491635396251
2014-06-22 23:00:00+00:00,-0.00046139578691971155
2014-06-23 23:00:00+00:00,-0.0004535114535171242
2014-06-24 23:00:00+00:00,-0.0004761494230262936
2014-06-25 23:00:00+00:00,-0.0004865970366086953
2014-06-26 23:00:00+00:00,-0.0004419911996456109
2014-06-29 23:00:00+00:00,-0.0004147367210580442
2014-06-30 23:00:00+00:00,-0.0004184767675363761
2014-07-01 23:00:00+00:00,-0.0003921485794271102
2014-07-02 23:00:00+00:00,-0.0003758933875210586
2014-07-03 23:00:00+00:00,-0.0003795846110498874
2014-07-06 23:00:00+00:00,-0.00033868700876830493
2014-07-07 23:00:00+00:00,-0.0003991384849865902
2014-07-08 23:00:00+00:00,-0.00042185565776806273
2014-07-09 23:00:00+00:00,-0.0004287317153146325
2014-07-10 23:00:00+00:00,-0.0004183813290235907
2014-07-13 23:00:00+00:00,-0.0003968984078537635
2014-07-14 23:00:00+00:00,-0.00040966705139171104
2014-07-15 23:00:00+00:00,-0.00041954578683096573
2014-07-16 23:00:00+00:00,-0.0003685467518598773
2014-07-17 23:00:00+00:00,-0.0003362083164114892
2014-07-20 23:00:00+00:00,-0.0003040328064865699
2014-07-21 23:00:00+00:00,-0.0002899583161060002
2014-07-22 23:00:00+00:00,-0.0002946167156544534
2014-07-23 23:00:00+00:00,-0.0002806504975901643
2014-07-24 23:00:00+00:00,-0.00024109886271991843
2014-07-27 23:00:00+00:00,-0.00022994114314661565
2014-07-28 23:00:00+00:00,-0.00022588168022146448
2014-07-29 23:00:00+00:00,-0.0002531894370492657
2014-07-30 23:00:00+00:00,-0.0002065594287476184
2014-07-31 23:00:00+00:00,-0.00016877679577106952
2014-08-03 23:00:00+00:00,-0.00015990309227370157
2014-08-04 23:00:00+00:00,-0.00020050709454682344
2014-08-05 23:00:00+00:00,-0.0002093747014340567
2014-08-06 23:00:00+00:00,-0.0001919949642520606
2014-08-07 23:00:00+00:00,-0.00021208829245794461
2014-08-10 23:00:00+00:00,-0.0001640709275573071
2014-08-11 23:00:00+00:00,-0.00013928668759037328
2014-08-12 23:00:00+00:00,-0.00013635531683785533
2014-08-13 23:00:00+00:00,-0.0001250810481782873
2014-08-14 23:00:00+00:00,-9.158458233194658e-05
2014-08-17 23:00:00+00:00,-9.460778226641747e-05
2014-08-18 23:00:00+00:00,-0.00012629652288109706
2014-08-19 23:00:00+00:00,-0.00011557321446837047
2014-08-20 23:00:00+00:00,-7.091241589829997e-05
2014-08-21 23:00:00+00:00,-4.246570308687062e-05
2014-08-24 23:00:00+00:00,-3.1810302005218314e-05
2014-08-25 23:00:00+00:00,9.014725205319738e-06
2014-08-26 23:00:00+00:00,-2.210101783671004e-05
2014-08-27 23:00:00+00:00,-1.3634145133955416e-05
2014-08-28 23:00:00+00:00,1.7147725039247733e-05
2014-08-31 23:00:00+00:00,-2.687831810400075e-05
2014-09-01 23:00:00+00:00,-3.563089080221328e-06
2014-09-02 23:00:00+00:00,3.227975295242748e-07
2014-09-03 23:00:00+00:00,6.997165470033848e-06
2014-09-04 23:00:00+00:00,3.338264141434068e-05
2014-09-07 23:00:00+00:00,0.0001318752595432771
2014-09-08 23:00:00+00:00,0.00012585598512417258
2014-09-09 23:00:00+00:00,0.00019214454704167107
2014-09-10 23:00:00+00:00,0.00017411377328035473
2014-09-11 23:00:00+00:00,0.00021755812282183654
2014-09-14 23:00:00+00:00,0.00024526180920522766
2014-09-15 23:00:00+00:00,0.0002675646708568207
2014-09-16 23:00:00+00:00,0.00023825960312792369
2014-09-17 23:00:00+00:00,0.0002661469012578011
2014-09-18 23:00:00+00:00,0.00035495618516617625
2014-09-21 23:00:00+00:00,0.0004335936714686089
2014-09-22 23:00:00+00:00,0.00045432173836965463
2014-09-23 23:00:00+00:00,0.0004676695511057812
2014-09-24 23:00:00+00:00,0.00045906969358085106
2014-09-25 23:00:00+00:00,0.0004807772369846892
2014-09-28 23:00:00+00:00,0.0004993334670556687
2014-09-29 23:00:00+00:00,0.0005641004176252539
2014-09-30 23:00:00+00:00,0.0005639258725131371
2014-10-01 23:00:00+00:00,0.0005575291482800087
2014-10-02 23:00:00+00:00,0.0005601206377502136
2014-10-05 23:00:00+00:00,0.0005950245895170424
2014-10-06 23:00:00+00:00,0.0007704768230956801
2014-10-07 23:00:00+00:00,0.0008886675043918847
2014-10-08 23:00:00+00:00,0.0008718805855073937
2014-10-09 23:00:00+00:00,0.0009226848009059583
2014-10-12 23:00:00+00:00,0.0009673498914597946
2014-10-13 23:00:00+00:00,0.0009301260693138779
2014-10-14 23:00:00+00:00,0.0009633532614155347
2014-10-15 23:00:00+00:00,0.0010217565021584558
2014-10-16 23:00:00+00:00,0.0011407841415915854
2014-10-19 23:00:00+00:00,0.0011347535639822772
2014-10-20 23:00:00+00:00,0.0011161202947264502
2014-10-21 23:00:00+00:00,0.0011014131512001092
2014-10-22 23:00:00+00:00,0.0011079338163930818
2014-10-23 23:00:00+00:00,0.001122242929359486
2014-10-27 00:00:00+00:00,0.0011096497815659594
2014-10-28 00:00:00+00:00,0.0010796671321898648
2014-10-29 00:00:00+00:00,0.0010355967345655266
2014-10-30 00:00:00+00:00,0.0010593900245805957
2014-10-31 00:00:00+00:00,0.0011460821934573921
2014-11-03 00:00:00+00:00,0.0011413687379077334
2014-11-04 00:00:00+00:00,0.0011621173947419603
2014-11-05 00:00:00+00:00,0.0011400895032834288
2014-11-06 00:00:00+00:00,0.0011516960326073441
2014-11-07 00:00:00+00:00,0.0012048313723462085
2014-11-10 00:00:00+00:00,0.0012329335672304023
2014-11-11 00:00:00+00:00,0.0012963481040234245
2014-11-12 00:00:00+00:00,0.0012481934135411695
2014-11-13 00:00:00+00:00,0.0012905543295103515
2014-11-14 00:00:00+00:00,0.0012922582762936938
2014-11-17 00:00:00+00:00,0.001279199161152985
2014-11-18 00:00:00+00:00,0.001263845065499176
2014-11-19 00:00:00+00:00,0.0012242901460386701
2014-11-20 00:00:00+00:00,0.0012122559089788802
2014-11-21 00:00:00+00:00,0.0011970841509915632
2014-11-24 00:00:00+00:00,0.0011618242004747545
2014-11-25 00:00:00+00:00,0.0012105141860439222
2014-11-26 00:00:00+00:00,0.0012047339925958058
2014-11-27 00:00:00+00:00,0.0012087500998466064
2014-11-28 00:00:00+00:00,0.0011762489695317483
2014-12-01 00:00:00+00:00,0.0011775459929340287
2014-12-02 00:00:00+00:00,0.0011665867400016084
2014-12-03 00:00:00+00:00,0.001188767934611641
2014-12-04 00:00:00+00:00,0.0011197237796774285
2014-12-05 00:00:00+00:00,0.0011224947774881168
2014-12-08 00:00:00+00:00,0.0010339985068368784
2014-12-09 00:00:00+00:00,0.001075147004825052
2014-12-10 00:00:00+00:00,0.0010126539205424028
2014-12-11 00:00:00+00:00,0.0009881087232367072
2014-12-12 00:00:00+00:00,0.0009890977347848653
2014-12-15 00:00:00+00:00,0.0009975842257667678
2014-12-16 00:00:00+00:00,0.0009650621238099389
2014-12-17 00:00:00+00:00,0.0008564498837449258
2014-12-18 00:00:00+00:00,0.0007894025473226072
2014-12-19 00:00:00+00:00,0.000857823771515504
2014-12-22 00:00:00+00:00,0.000857933974762649
2014-12-23 00:00:00+00:00,0.0008508705356843225
2014-12-24 00:00:00+00:00,0.0007981141632948142
2014-12-25 00:00:00+00:00,0.0007379557160663566
2014-12-26 00:00:00+00:00,0.0006214782672963751
2014-12-29 00:00:00+00:00,0.0005549968641955418
2014-12-30 00:00:00+00:00,0.0004936888789161317
2014-12-31 00:00:00+00:00,0.0004669426574628521
2015-01-01 00:00:00+00:00,0.00041969581414768795
2015-01-02 00:00:00+00:00,0.00022439608039973372
2015-01-05 00:00:00+00:00,4.9193090763012884e-05
2015-01-06 00:00:00+00:00,0.00022970651098858878
2015-01-07 00:00:00+00:00,0.00015647987041590272
2015-01-08 00:00:00+00:00,0.00014507865359556123
2015-01-09 00:00:00+00:00,0.00010737392114494593
2015-01-12 00:00:00+00:00,6.193708565873507e-05
2015-01-13 00:00:00+00:00,3.5045705003381236e-05
2015-01-14 00:00:00+00:00,-5.3201910564243914e-05
2015-01-15 00:00:00+00:00,-6.036490241455566e-05
2015-01-16 00:00:00+00:00,-7.510562534644456e-05
2015-01-19 00:00:00+00:00,0.00039809047559146576
2015-01-20 00:00:00+00:00,0.0003756598863336631
2015-01-21 00:00:00+00:00,0.00038232947195500355
2015-01-22 00:00:00+00:00,0.0004595466852529038
2015-01-23 00:00:00+00:00,0.00054638930100997
2015-01-26 00:00:00+00:00,0.0006673936203761841
2015-01-27 00:00:00+00:00,0.0007554186877044055
2015-01-28 00:00:00+00:00,0.0007178758921446158
2015-01-29 00:00:00+00:00,0.0007259227048074957
2015-01-30 00:00:00+00:00,0.0007221110531193701
2015-02-02 00:00:00+00:00,0.0007876335732454496
2015-02-03 00:00:00+00:00,0.0007143050274319674
2015-02-04 00:00:00+00:00,0.0006465209954606222
2015-02-05 00:00:00+00:00,0.000649467009661584
2015-02-06 00:00:00+00:00,0.000598072718363608
2015-02-09 00:00:00+00:00,0.00067873870015921
2015-02-10 00:00:00+00:00,0.0006906489089777736
2015-02-11 00:00:00+00:00,0.0006643946512042568
2015-02-12 00:00:00+00:00,0.0006488320845796976
2015-02-13 00:00:00+00:00,0.0006071916268074991
2015-02-16 00:00:00+00:00,0.0006469157832102047
2015-02-17 00:00:00+00:00,0.0006172340019318309
2015-02-18 00:00:00+00:00,0.0005619178651759616
2015-02-19 00:00:00+00:00,0.0005968153049065597
2015-02-20 00:00:00+00:00,0.0005075381961239557
2015-02-23 00:00:00+00:00,0.00046868455043782165
2015-02-24 00:00:00+00:00,0.00046226124120798094
2015-02-25 00:00:00+00:00,0.00047630984886894157
2015-02-26 00:00:00+00:00,0.00045285115658574154
2015-02-27 00:00:00+00:00,0.0004167064948140441
2015-03-02 00:00:00+00:00,0.00042220190896506953
2015-03-03 00:00:00+00:00,0.0003447006094066691
2015-03-04 00:00:00+00:00,0.00030853225107685487
2015-03-05 00:00:00+00:00,0.0003063675327235355
2015-03-06 00:00:00+00:00,0.00023913867994346857
2015-03-09 00:00:00+00:00,0.0002887402083992588
2015-03-10 00:00:00+00:00,0.0004112013118119217
2015-03-11 00:00:00+00:00,0.00034412514396991306
2015-03-12 00:00:00+00:00,0.00035786529507002025
2015-03-13 00:00:00+00:00,0.00041343436541093053
2015-03-16 00:00:00+00:00,0.0004735105551496258
2015-03-17 00:00:00+00:00,0.0005478189476988493
2015-03-18 00:00:00+00:00,0.0004474777365420504
2015-03-19 00:00:00+00:00,0.00039619600046192534
2015-03-20 00:00:00+00:00,0.0006610357766108459
2015-03-23 00:00:00+00:00,0.0008108257430675453
2015-03-24 00:00:00+00:00,0.0009703955729129981
2015-03-25 00:00:00+00:00,0.0010566620636611969
2015-03-26 00:00:00+00:00,0.0010878068781934591
2015-03-27 00:00:00+00:00,0.0010855000974451974
2015-03-29 23:00:00+00:00,0.0010681661937381407
2015-03-30 23:00:00+00:00,0.0010735751131301556
2015-03-31 23:00:00+00:00,0.0010941066638491146
2015-04-01 23:00:00+00:00,0.0011297230205569737
2015-04-02 23:00:00+00:00,0.0009156009917965615
2015-04-05 23:00:00+00:00,0.0009334281470145828
2015-04-06 23:00:00+00:00,0.0009634928107868845
2015-04-07 23:00:00+00:00,0.0009814398110631027
2015-04-08 23:00:00+00:00,0.000992262765109473
2015-04-09 23:00:00+00:00,0.0009176747960440018
2015-04-12 23:00:00+00:00,0.0008948723615058293
2015-04-13 23:00:00+00:00,0.0008799772696593587
2015-04-14 23:00:00+00:00,0.0008882632447957846
2015-04-15 23:00:00+00:00,0.0004262580528312668
2015-04-16 23:00:00+00:00,0.00047770069389694095
2015-04-19 23:00:00+00:00,0.0004894876354351986
2015-04-20 23:00:00+00:00,0.00041281901593223386
2015-04-21 23:00:00+00:00,0.00032593342318469436
2015-04-22 23:00:00+00:00,0.0001621582504864206
2015-04-23 23:00:00+00:00,6.649887387333644e-05
2015-04-26 23:00:00+00:00,4.0905614155882335e-05
2015-04-27 23:00:00+00:00,3.1344933803788624e-05
2015-04-28 23:00:00+00:00,-5.846953444827666e-05
2015-04-29 23:00:00+00:00,-6.967852117465388e-05
2015-04-30 23:00:00+00:00,2.8513779896916988e-05
2015-05-03 23:00:00+00:00,4.202460361508835e-05
2015-05-04 23:00:00+00:00,4.107444094908139e-05
2015-05-05 23:00:00+00:00,-1.0968264539306348e-05
2015-05-06 23:00:00+00:00,-6.269065619712334e-05
2015-05-07 23:00:00+00:00,-8.470691770203799e-05
2015-05-10 23:00:00+00:00,-2.692436810737813e-05
2015-05-11 23:00:00+00:00,-1.8184598101212736e-05
2015-05-12 23:00:00+00:00,2.949261406372597e-06
2015-05-13 23:00:00+00:00,1.8661668755954805e-05
2015-05-14 23:00:00+00:00,0.00013974503522532628
2015-05-17 23:00:00+00:00,0.00015608104953287408
2015-05-18 23:00:00+00:00,0.00011812493764668149
2015-05-19 23:00:00+00:00,0.00020364982836938543
2015-05-20 23:00:00+00:00,0.0002823021539541965
2015-05-21 23:00:00+00:00,0.00026489887165024803
2015-05-24 23:00:00+00:00,0.00023211784360848906
2015-05-25 23:00:00+00:00,0.00031853910588454815
2015-05-26 23:00:00+00:00,0.0002477777897980744
2015-05-27 23:00:00+00:00,0.0002386162165545361
2015-05-28 23:00:00+00:00,0.00022320757732166834
2015-05-31 23:00:00+00:00,0.00024730761163448047
2015-06-01 23:00:00+00:00,0.00022339888398016997
2015-06-02 23:00:00+00:00,0.00020008205704622264
2015-06-03 23:00:00+00:00,0.00029327958748115446
2015-06-04 23:00:00+00:00,0.00013227396292558782
2015-06-07 23:00:00+00:00,0.00014096338159617135
2015-06-08 23:00:00+00:00,0.00013716599542366783
2015-06-09 23:00:00+00:00,0.00015378910994221125
2015-06-10 23:00:00+00:00,6.183012285351959e-05
2015-06-11 23:00:00+00:00,-1.3486486592176328e-05
2015-06-14 23:00:00+00:00,-5.518570551084345e-05
2015-06-15 23:00:00+00:00,-7.604476024183644e-05
2015-06-16 23:00:00+00:00,-0.00037899465728992703
2015-06-17 23:00:00+00:00,-0.0005390423081057987
2015-06-18 23:00:00+00:00,-0.0005975966875001511
2015-06-21 23:00:00+00:00,-0.0006794532477218344
2015-06-22 23:00:00+00:00,-0.0006956269952722617
2015-06-23 23:00:00+00:00,-0.0006762440250973785
2015-06-24 23:00:00+00:00,-0.000605570870501137
2015-06-25 23:00:00+00:00,-0.0006305924373178964
2015-06-28 23:00:00+00:00,-0.0006771851896999982
2015-06-29 23:00:00+00:00,-0.0005981215807212628
2015-06-30 23:00:00+00:00,-0.0004883873935384361
2015-07-01 23:00:00+00:00,-0.0004654698204538954
2015-07-02 23:00:00+00:00,-0.0004523206258063772
2015-07-05 23:00:00+00:00,-0.0004787788770214711
2015-07-06 23:00:00+00:00,-0.0004389569203363244
2015-07-07 23:00:00+00:00,-0.0004444701030314087
2015-07-08 23:00:00+00:00,-0.0004714751831419806
2015-07-09 23:00:00+00:00,-0.0004473992677449879
2015-07-12 23:00:00+00:00,-0.0004685989061256248
2015-07-13 23:00:00+00:00,-0.0004659013371917809
2015-07-14 23:00:00+00:00,-0.00047798052186588235
2015-07-15 23:00:00+00:00,-0.000530162944951733
2015-07-16 23:00:00+00:00,-0.00042825394585876194
2015-07-19 23:00:00+00:00,-0.00042641230175520517
2015-07-20 23:00:00+00:00,-0.0003887668982114371
2015-07-21 23:00:00+00:00,-0.0004318942991069514
2015-07-22 23:00:00+00:00,-0.0004482440019545767
2015-07-23 23:00:00+00:00,-0.00045915995198255854
2015-07-26 23:00:00+00:00,-0.0004546953667796212
2015-07-27 23:00:00+00:00,-0.0005177004179133067
2015-07-28 23:00:00+00:00,-0.0005909474926865206
2015-07-29 23:00:00+00:00,-0.0005822470469258757
2015-07-30 23:00:00+00:00,-0.0006023703087642161
2015-08-02 23:00:00+00:00,-0.0005842774111712752
2015-08-03 23:00:00+00:00,-0.000609858641756944
2015-08-04 23:00:00+00:00,-0.0006586671382147972
2015-08-05 23:00:00+00:00,-0.0006624292536011487
2015-08-06 23:00:00+00:00,-0.00068252188879758
2015-08-09 23:00:00+00:00,-0.0007034160980048275
2015-08-10 23:00:00+00:00,-0.0007424833803909596
2015-08-11 23:00:00+00:00,-0.0008299587165467763
2015-08-12 23:00:00+00:00,-0.0007734275029110697
2015-08-13 23:00:00+00:00,-0.0006672177055202649
2015-08-16 23:00:00+00:00,-0.000752797118182943
2015-08-17 23:00:00+00:00,-0.0008326020758625636
2015-08-18 23:00:00+00:00,-0.0008318292812006895
2015-08-19 23:00:00+00:00,-0.0008135060413153464
2015-08-20 23:00:00+00:00,-0.0008559759820491487
2015-08-23 23:00:00+00:00,-0.0007852512523828063
2015-08-24 23:00:00+00:00,-0.0007573207757926416
2015-08-25 23:00:00+00:00,-0.0005488756435711069
2015-08-26 23:00:00+00:00,-0.0005415206193603939
2015-08-27 23:00:00+00:00,-0.00042716167125613543
2015-08-30 23:00:00+00:00,-0.00034791877511908265
2015-08-31 23:00:00+00:00,-0.0004884914888218326
2015-09-01 23:00:00+00:00,-0.00041780696664356094
2015-09-02 23:00:00+00:00,-0.00034884633169480345
2015-09-03 23:00:00+00:00,-0.00036053756772743036
2015-09-06 23:00:00+00:00,-0.0004167999993037073
2015-09-07 23:00:00+00:00,-0.0003264388474720362
2015-09-08 23:00:00+00:00,-0.0003533414122687357
2015-09-09 23:00:00+00:00,-0.00024643354447824103
2015-09-10 23:00:00+00:00,-0.00016895818148263738
2015-09-13 23:00:00+00:00,-8.684496629468748e-05
2015-09-14 23:00:00+00:00,-6.957960998920949e-05
2015-09-15 23:00:00+00:00,-0.0001686642700163563
2015-09-16 23:00:00+00:00,-0.00014631521162405178
2015-09-17 23:00:00+00:00,-8.59626114164307e-05
2015-09-20 23:00:00+00:00,-6.698303807785733e-05
2015-09-21 23:00:00+00:00,-9.370218498813178e-05
2015-09-22 23:00:00+00:00,-4.917128225103741e-05
2015-09-23 23:00:00+00:00,1.2110644589816491e-05
2015-09-24 23:00:00+00:00,-3.241025087614719e-05
2015-09-27 23:00:00+00:00,-0.00012784082658780227
2015-09-28 23:00:00+00:00,-0.00017459583297047606
2015-09-29 23:00:00+00:00,-0.00022755255708844374
2015-09-30 23:00:00+00:00,-0.00020824986318414805
2015-10-01 23:00:00+00:00,-0.00024377211636365716
2015-10-04 23:00:00+00:00,-0.00022878720495369837
2015-10-05 23:00:00+00:00,-0.0002113199035409354
2015-10-06 23:00:00+00:00,-0.0001939547935487871
2015-10-07 23:00:00+00:00,-0.00011900815803940826
2015-10-08 23:00:00+00:00,-0.00012068676652897143
2015-10-11 23:00:00+00:00,-0.0001128507946551345
2015-10-12 23:00:00+00:00,-0.0001092720698366214
2015-10-13 23:00:00+00:00,-0.00020918249809053022
2015-10-14 23:00:00+00:00,-0.000174609533666408
2015-10-15 23:00:00+00:00,-1.84323196070783e-05
2015-10-18 23:00:00+00:00,1.0070556161530936e-05
2015-10-19 23:00:00+00:00,-8.658281636988834e-06
2015-10-20 23:00:00+00:00,-1.0393036279666805e-05
2015-10-21 23:00:00+00:00,-8.884810620687564e-06
2015-10-22 23:00:00+00:00,7.250750205239388e-06
2015-10-26 00:00:00+00:00,9.828369704897779e-05
2015-10-27 00:00:00+00:00,8.043720895835067e-05
2015-10-28 00:00:00+00:00,5.741375323182248e-05
2015-10-29 00:00:00+00:00,9.010864947428272e-05
2015-10-30 00:00:00+00:00,0.00017421122566571492
2015-11-02 00:00:00+00:00,0.00019197631577148357
2015-11-03 00:00:00+00:00,0.00018706576490031337
2015-11-04 00:00:00+00:00,0.00018041174018153423
2015-11-05 00:00:00+00:00,0.00020889254363137127
2015-11-06 00:00:00+00:00,0.00023043513119233496
2015-11-09 00:00:00+00:00,0.00021573291380284215
2015-11-10 00:00:00+00:00,0.00029951688235408964
2015-11-11 00:00:00+00:00,0.00019007010895045941
2015-11-12 00:00:00+00:00,0.0001662806550913722
2015-11-13 00:00:00+00:00,0.0001552835176074161
2015-11-16 00:00:00+00:00,0.00016965792713995523
2015-11-17 00:00:00+00:00,0.00019064033925951691
2015-11-18 00:00:00+00:00,0.00013821979697874014
2015-11-19 00:00:00+00:00,9.746106856134678e-05
2015-11-20 00:00:00+00:00,-1.7317363574494496e-06
2015-11-23 00:00:00+00:00,-0.00012432815504028263
2015-11-24 00:00:00+00:00,-0.00011793895378506888
2015-11-25 00:00:00+00:00,-0.0002169281592518642
2015-11-26 00:00:00+00:00,-0.00026816559470480006
2015-11-27 00:00:00+00:00,-0.00028113600471107395
2015-11-30 00:00:00+00:00,-0.00034657962790413544
2015-12-01 00:00:00+00:00,-0.0003741386958735259
2015-12-02 00:00:00+00:00,-0.00039188388826857847
2015-12-03 00:00:00+00:00,-0.0003749639972675462
2015-12-04 00:00:00+00:00,-0.0004129412315804293
2015-12-07 00:00:00+00:00,-0.0002590539323042533
2015-12-08 00:00:00+00:00,-0.0003339881720867627
2015-12-09 00:00:00+00:00,-0.0003127173803833157
2015-12-10 00:00:00+00:00,-0.00033932775135466723
2015-12-11 00:00:00+00:00,-0.00024861417901687194
2015-12-14 00:00:00+00:00,-0.00021552211011061605
2015-12-15 00:00:00+00:00,-0.00016369584139241163
2015-12-16 00:00:00+00:00,-0.00017393571678839086
2015-12-17 00:00:00+00:00,-0.0001664428226413328
2015-12-18 00:00:00+00:00,-0.00017919879778166212
2015-12-21 00:00:00+00:00,-0.00015802697260278078
2015-12-22 00:00:00+00:00,-0.0001984033764145113
2015-12-23 00:00:00+00:00,-0.00023349022647732674
2015-12-24 00:00:00+00:00,-0.00020070698707406846
2015-12-25 00:00:00+00:00,-0.00018773174900012755
2015-12-28 00:00:00+00:00,-0.00020232456806080785
2015-12-29 00:00:00+00:00,-0.00023540857672227009
2015-12-30 00:00:00+00:00,-0.00026615572294563187
2015-12-31 00:00:00+00:00,-0.00024272249839846563
2016-01-01 00:00:00+00:00,-0.00028100470502076796
2016-01-04 00:00:00+00:00,-0.0002725217523832169
2016-01-05 00:00:00+00:00,-0.00035011887830072985
2016-01-06 00:00:00+00:00,-0.00032264069590627435
2016-01-07 00:00:00+00:00,-0.00034093720027472425
2016-01-08 00:00:00+00:00,-0.00031962355176193107
2016-01-11 00:00:00+00:00,-0.00024941414611910455
2016-01-12 00:00:00+00:00,-0.00023276068227769033
2016-01-13 00:00:00+00:00,-0.0003389891867724695
2016-01-14 00:00:00+00:00,-0.0003546550228555132
2016-01-15 00:00:00+00:00,-0.0003279932965563146
2016-01-18 00:00:00+00:00,-0.00032992939403227086
2016-01-19 00:00:00+00:00,-0.0002013874609350253
2016-01-20 00:00:00+00:00,-0.00023208820079530668
2016-01-21 00:00:00+00:00,-0.00030636215225305664
2016-01-22 00:00:00+00:00,-0.0003077381651854271
2016-01-25 00:00:00+00:00,-0.00023940577575969763
2016-01-26 00:00:00+00:00,-0.00020743487655995596
2016-01-27 00:00:00+00:00,-0.00024094178344413741
2016-01-28 00:00:00+00:00,-0.00017009424759107435
2016-01-29 00:00:00+00:00,-0.0001804250902076891
2016-02-01 00:00:00+00:00,-0.00010842129770241918
2016-02-02 00:00:00+00:00,-8.029937894553363e-05
2016-02-03 00:00:00+00:00,-5.4894138666798306e-05
2016-02-04 00:00:00+00:00,-2.574110632611818e-05
2016-02-05 00:00:00+00:00,5.1929193906390114e-05
2016-02-08 00:00:00+00:00,0.00013642329054744818
2016-02-09 00:00:00+00:00,0.00025014455646172294
2016-02-10 00:00:00+00:00,0.0002697762184112086
2016-02-11 00:00:00+00:00,0.0003051140027023518
2016-02-12 00:00:00+00:00,0.0002848970208923444
2016-02-15 00:00:00+00:00,0.00029364700447175734
2016-02-16 00:00:00+00:00,0.0003487743118992682
2016-02-17 00:00:00+00:00,0.0003770926944930194
2016-02-18 00:00:00+00:00,0.00036969058128471285
2016-02-19 00:00:00+00:00,0.00038153928463139676
2016-02-22 00:00:00+00:00,0.0003729852445274349
2016-02-23 00:00:00+00:00,0.00034315172740311765
2016-02-24 00:00:00+00:00,0.00045759683878417255
2016-02-25 00:00:00+00:00,0.0005287180636465612
2016-02-26 00:00:00+00:00,0.0004914409180805067
2016-02-29 00:00:00+00:00,0.0005123469897284566
2016-03-01 00:00:00+00:00,0.0005762585110193862
2016-03-02 00:00:00+00:00,0.0005332350191940049
2016-03-03 00:00:00+00:00,0.0003948593770438224
2016-03-04 00:00:00+00:00,0.00040551548778346505
2016-03-07 00:00:00+00:00,0.00037823826322152827
2016-03-08 00:00:00+00:00,0.0003829283220871541
2016-03-09 00:00:00+00:00,0.00029247099092940057
2016-03-10 00:00:00+00:00,0.00027772891452378275
2016-03-11 00:00:00+00:00,0.00026514575439576075
2016-03-14 00:00:00+00:00,0.00032091115703965743
2016-03-15 00:00:00+00:00,0.0003429432038296225
2016-03-16 00:00:00+00:00,0.00037759476917945817
2016-03-17 00:00:00+00:00,0.0003600154880355269
2016-03-18 00:00:00+00:00,0.0005014721523844247
2016-03-21 00:00:00+00:00,0.0006369334808229554
2016-03-22 00:00:00+00:00,0.0006301321946811213
2016-03-23 00:00:00+00:00,0.0006245761928640762
2016-03-24 00:00:00+00:00,0.0006125160040011115
2016-03-25 00:00:00+00:00,0.0006914652121798705
2016-03-27 23:00:00+00:00,0.0006647480018684478
2016-03-28 23:00:00+00:00,0.0006175339815293283
2016-03-29 23:00:00+00:00,0.0006812946530423414
2016-03-30 23:00:00+00:00,0.0007485577291047058
2016-03-31 23:00:00+00:00,0.0007613210384933514
2016-04-03 23:00:00+00:00,0.0006764958751169009
2016-04-04 23:00:00+00:00,0.0006354259713621611
2016-04-05 23:00:00+00:00,0.0006035519279176367
2016-04-06 23:00:00+00:00,0.0005438117860183224
2016-04-07 23:00:00+00:00,0.00047557110023047425
2016-04-10 23:00:00+00:00,0.00046100889407216586
2016-04-11 23:00:00+00:00,0.000497795847438154
2016-04-12 23:00:00+00:00,0.00046183130638791526
2016-04-13 23:00:00+00:00,0.0005068197105913908
2016-04-14 23:00:00+00:00,0.00041767146240165743
2016-04-17 23:00:00+00:00,0.0004117569530834933
2016-04-18 23:00:00+00:00,0.000400076744596997
2016-04-19 23:00:00+00:00,0.0004701336309423801
2016-04-20 23:00:00+00:00,0.00041593537160029576
2016-04-21 23:00:00+00:00,0.00037969555505886106
2016-04-24 23:00:00+00:00,0.0003505024966115088
2016-04-25 23:00:00+00:00,0.00030127323081304957
2016-04-26 23:00:00+00:00,0.00024150329092600172
2016-04-27 23:00:00+00:00,0.00019646392612954287
2016-04-28 23:00:00+00:00,0.00017237294488235428
2016-05-01 23:00:00+00:00,0.00010759496372531561
2016-05-02 23:00:00+00:00,9.256548350529501e-05
2016-05-03 23:00:00+00:00,-0.00010553315566577855
2016-05-04 23:00:00+00:00,-6.682424020501912e-05
2016-05-05 23:00:00+00:00,-0.00012334436712473692
2016-05-08 23:00:00+00:00,-0.00012316727094539414
2016-05-09 23:00:00+00:00,-0.00011744588187170227
2016-05-10 23:00:00+00:00,-0.00011418713259696289
2016-05-11 23:00:00+00:00,-9.87751419131433e-05
2016-05-12 23:00:00+00:00,-0.0001422990731902475
2016-05-15 23:00:00+00:00,-0.00017412946297663042
2016-05-16 23:00:00+00:00,-0.00016067060013653413
2016-05-17 23:00:00+00:00,-0.00021416428245179132
2016-05-18 23:00:00+00:00,-0.00023167375356798053
2016-05-19 23:00:00+00:00,-0.0001404560249530758
2016-05-22 23:00:00+00:00,-0.00026781624254140855
2016-05-23 23:00:00+00:00,-0.00033795948789375023
2016-05-24 23:00:00+00:00,-0.00037007953077378836
2016-05-25 23:00:00+00:00,-0.0003898834506775948
2016-05-26 23:00:00+00:00,-0.00048354125420493194
2016-05-29 23:00:00+00:00,-0.000451321756249551
2016-05-30 23:00:00+00:00,-0.0004182332374735257
2016-05-31 23:00:00+00:00,-0.00045550560523332975
2016-06-01 23:00:00+00:00,-0.00046569653014076357
2016-06-02 23:00:00+00:00,-0.0004881373632616044
2016-06-05 23:00:00+00:00,-0.0004998801179192606
2016-06-06 23:00:00+00:00,-0.00035773366320314935
2016-06-07 23:00:00+00:00,-0.0003691812915134875
2016-06-08 23:00:00+00:00,-0.0004182946011315643
2016-06-09 23:00:00+00:00,-0.0003814743899250199
2016-06-12 23:00:00+00:00,-0.0003770774166541044
2016-06-13 23:00:00+00:00,-0.00034532906290877467
2016-06-14 23:00:00+00:00,-0.0004994659119807281
2016-06-15 23:00:00+00:00,-0.0006096137432012681
2016-06-16 23:00:00+00:00,-0.000571261207340302
2016-06-19 23:00:00+00:00,-0.0005622358339154847
2016-06-20 23:00:00+00:00,-0.00048824261983605646
2016-06-21 23:00:00+00:00,-0.00052675722258211
2016-06-22 23:00:00+00:00,-0.0005107408789834086
2016-06-23 23:00:00+00:00,-0.00044741366245651393
2016-06-26 23:00:00+00:00,-0.00047080336514601813
2016-06-27 23:00:00+00:00,-0.00021132132491501372
2016-06-28 23:00:00+00:00,-0.0001267839996410263
2016-06-29 23:00:00+00:00,-6.107673931630194e-05
2016-06-30 23:00:00+00:00,-1.132842628509545e-05
2016-07-03 23:00:00+00:00,-1.8738712516550883e-05
2016-07-04 23:00:00+00:00,-2.863471497440307e-05
2016-07-05 23:00:00+00:00,-2.0282661431347132e-05
2016-07-06 23:00:00+00:00,8.304507513131557e-05
2016-07-07 23:00:00+00:00,5.417982147860878e-05
2016-07-10 23:00:00+00:00,6.85217054418744e-05
2016-07-11 23:00:00+00:00,5.3420409939549524e-05
2016-07-12 23:00:00+00:00,2.7439973773908492e-05
2016-07-13 23:00:00+00:00,0.00012511811251536987
2016-07-14 23:00:00+00:00,0.00014618762531054454
2016-07-17 23:00:00+00:00,0.00011219327898417345
2016-07-18 23:00:00+00:00,0.00013436403624874672
2016-07-19 23:00:00+00:00,9.409363488092643e-05
2016-07-20 23:00:00+00:00,0.00011768220194354438
2016-07-21 23:00:00+00:00,0.00012463691359566875
2016-07-24 23:00:00+00:00,0.00013780276249881172
2016-07-25 23:00:00+00:00,0.000155396115298162
2016-07-26 23:00:00+00:00,0.00010994746975395708
2016-07-27 23:00:00+00:00,0.00012700312862929438
2016-07-28 23:00:00+00:00,0.00013604436416909775
2016-07-31 23:00:00+00:00,0.00010816125301575056
2016-08-01 23:00:00+00:00,8.980944045331157e-05
2016-08-02 23:00:00+00:00,6.017104595512895e-05
2016-08-03 23:00:00+00:00,9.5494229097195e-05
2016-08-04 23:00:00+00:00,6.789862088295816e-05
2016-08-07 23:00:00+00:00,9.23712254984185e-05
2016-08-08 23:00:00+00:00,0.00013652938090377188
2016-08-09 23:00:00+00:00,0.0001364156503686851
2016-08-10 23:00:00+00:00,0.0001370831956676935
2016-08-11 23:00:00+00:00,0.00015002254448891628
2016-08-14 23:00:00+00:00,0.00017911592346880282
2016-08-15 23:00:00+00:00,0.00019612897919777175
2016-08-16 23:00:00+00:00,9.692415616521441e-05
2016-08-17 23:00:00+00:00,0.00019989228696894352
2016-08-18 23:00:00+00:00,0.0001921567763075241
2016-08-21 23:00:00+00:00,0.0002501744269461058
2016-08-22 23:00:00+00:00,0.00029149645855246036
2016-08-23 23:00:00+00:00,0.0002743233090788909
2016-08-24 23:00:00+00:00,0.00023703288145485082
2016-08-25 23:00:00+00:00,0.00018368986663644653
2016-08-28 23:00:00+00:00,0.0001754691467955741
2016-08-29 23:00:00+00:00,0.00022124511408340517
2016-08-30 23:00:00+00:00,0.0001901544116404705
2016-08-31 23:00:00+00:00,0.00022278224297889344
2016-09-01 23:00:00+00:00,3.40754207048188e-05
2016-09-04 23:00:00+00:00,2.9872179067967283e-05
2016-09-05 23:00:00+00:00,-1.767022449310294e-05
2016-09-06 23:00:00+00:00,-0.00011888563104019232
2016-09-07 23:00:00+00:00,-4.839206003950762e-05
2016-09-08 23:00:00+00:00,-0.00012337827091555165
2016-09-11 23:00:00+00:00,-0.00011233333992122056
2016-09-12 23:00:00+00:00,-8.106790238220432e-05
2016-09-13 23:00:00+00:00,-0.00013949989911425133
2016-09-14 23:00:00+00:00,-4.665218999846694e-05
2016-09-15 23:00:00+00:00,-0.00013115130544877774
2016-09-18 23:00:00+00:00,-0.00014804521314213791
2016-09-19 23:00:00+00:00,-7.331817927091686e-05
2016-09-20 23:00:00+00:00,-0.00011740934883294144
2016-09-21 23:00:00+00:00,-0.0001551864636561073
2016-09-22 23:00:00+00:00,-0.0004608181736146244
2016-09-25 23:00:00+00:00,-0.0005286157444795688
2016-09-26 23:00:00+00:00,-0.0005339155620505158
2016-09-27 23:00:00+00:00,-0.0005733518326107362
2016-09-28 23:00:00+00:00,-0.0005809042179494763
2016-09-29 23:00:00+00:00,-0.0005686080125043525
2016-10-02 23:00:00+00:00,-0.0005432232655198203
2016-10-03 23:00:00+00:00,-0.0006735199601815931
2016-10-04 23:00:00+00:00,-0.000664109439384184
2016-10-05 23:00:00+00:00,-0.0006016598443992225
2016-10-06 23:00:00+00:00,-0.0006295479582272504
2016-10-09 23:00:00+00:00,-0.0005571087451600081
2016-10-10 23:00:00+00:00,-0.0006286286361488333
2016-10-11 23:00:00+00:00,-0.0006166617215113438
2016-10-12 23:00:00+00:00,-0.000633355964348872
2016-10-13 23:00:00+00:00,-0.0006415024264733709
2016-10-16 23:00:00+00:00,-0.0006018129354012089
2016-10-17 23:00:00+00:00,-0.0006232331478745641
2016-10-18 23:00:00+00:00,-0.0006235528317625715
2016-10-19 23:00:00+00:00,-0.0005992631399152418
2016-10-20 23:00:00+00:00,-0.0006125631090702884
2016-10-23 23:00:00+00:00,-0.0005423635649301536
2016-10-24 23:00:00+00:00,-0.0005387860192889943
2016-10-25 23:00:00+00:00,-0.0005773460391494678
2016-10-26 23:00:00+00:00,-0.0005566074324773237
2016-10-27 23:00:00+00:00,-0.0006457576756037902
2016-10-31 00:00:00+00:00,-0.0006229845202968595
2016-11-01 00:00:00+00:00,-0.0006297943842499907
2016-11-02 00:00:00+00:00,-0.0006600362050360638
2016-11-03 00:00:00+00:00,-0.0006308979641246821
2016-11-04 00:00:00+00:00,-0.000650216083146144
2016-11-07 00:00:00+00:00,-0.000618198047694485
2016-11-08 00:00:00+00:00,-0.0005935622528622977
2016-11-09 00:00:00+00:00,-0.000639929222545842
2016-11-10 00:00:00+00:00,-0.000634251268818364
2016-11-11 00:00:00+00:00,-0.0005306154176728823
2016-11-14 00:00:00+00:00,-0.00044987532835156444
2016-11-15 00:00:00+00:00,-0.0004807717118188101
2016-11-16 00:00:00+00:00,-0.00041043451276131463
2016-11-17 00:00:00+00:00,-0.0003987047992274114
2016-11-18 00:00:00+00:00,-0.0004582287913298183
2016-11-21 00:00:00+00:00,-0.00035360554013002046
2016-11-22 00:00:00+00:00,-0.0002864644364429453
2016-11-23 00:00:00+00:00,-0.00020184942739098766
2016-11-24 00:00:00+00:00,-0.00017210660204386094
2016-11-25 00:00:00+00:00,-0.0001845616650407219
2016-11-28 00:00:00+00:00,-0.00015928048536192028
2016-11-29 00:00:00+00:00,-0.00014847031913975232
2016-11-30 00:00:00+00:00,-7.693889663140142e-05
2016-12-01 00:00:00+00:00,-8.439847644222797e-05
2016-12-02 00:00:00+00:00,7.617480146572368e-06
2016-12-05 00:00:00+00:00,7.510623380187643e-05
2016-12-06 00:00:00+00:00,-2.0178123678474616e-05
2016-12-07 00:00:00+00:00,4.475929948680006e-05
2016-12-08 00:00:00+00:00,3.896292547943443e-05
2016-12-09 00:00:00+00:00,-2.0211754376327912e-07
2016-12-12 00:00:00+00:00,4.301549278874425e-05
2016-12-13 00:00:00+00:00,-1.5447823878069096e-05
2016-12-14 00:00:00+00:00,3.4656191944169856e-05
2016-12-15 00:00:00+00:00,1.4710394809278396e-05
2016-12-16 00:00:00+00:00,0.00010327071216013461
2016-12-19 00:00:00+00:00,0.0001907806563620296
2016-12-20 00:00:00+00:00,0.00024324438449511467
2016-12-21 00:00:00+00:00,0.000220380813744662
2016-12-22 00:00:00+00:00,0.00020730209472364074
2016-12-23 00:00:00+00:00,0.00017936723167402257
2016-12-26 00:00:00+00:00,0.00016404131299428693
2016-12-27 00:00:00+00:00,0.00016093421348955823
2016-12-28 00:00:00+00:00,0.00011901970237702172
2016-12-29 00:00:00+00:00,6.83597159846375e-05
2016-12-30 00:00:00+00:00,6.702377024396782e-05
2017-01-02 00:00:00+00:00,0.00014086153891954088
2017-01-03 00:00:00+00:00,7.92562784816932e-05
2017-01-04 00:00:00+00:00,9.803041200870648e-05
2017-01-05 00:00:00+00:00,1.7533092039605236e-05
2017-01-06 00:00:00+00:00,7.084638918794257e-05
2017-01-09 00:00:00+00:00,0.000133869664552525
2017-01-10 00:00:00+00:00,0.0001743330048565384
2017-01-11 00:00:00+00:00,0.00019185318411041492
2017-01-12 00:00:00+00:00,0.00016130307137082397
2017-01-13 00:00:00+00:00,0.0002046735522839016
2017-01-16 00:00:00+00:00,0.00018693966387208633
2017-01-17 00:00:00+00:00,0.0001820223365755014
2017-01-18 00:00:00+00:00,0.0001703481290600958
2017-01-19 00:00:00+00:00,0.0002753691570242297
2017-01-20 00:00:00+00:00,0.00036059728107900885
2017-01-23 00:00:00+00:00,0.00040657339797090485
2017-01-24 00:00:00+00:00,0.0004153487034546941
2017-01-25 00:00:00+00:00,0.0004591012250217555
2017-01-26 00:00:00+00:00,0.00045369071251727747
2017-01-27 00:00:00+00:00,0.00044348501355512444
2017-01-30 00:00:00+00:00,0.00048675619099973824
2017-01-31 00:00:00+00:00,0.0004169912181479444
2017-02-01 00:00:00+00:00,0.0003978179334042462
2017-02-02 00:00:00+00:00,0.0004028097039516015
2017-02-03 00:00:00+00:00,0.0004072280020774458
2017-02-06 00:00:00+00:00,0.00041427869677723196
2017-02-07 00:00:00+00:00,0.00036832420951963055
2017-02-08 00:00:00+00:00,0.0002801698582117259
2017-02-09 00:00:00+00:00,0.0002448916650818079
2017-02-10 00:00:00+00:00,0.00020513278443232835
2017-02-13 00:00:00+00:00,0.00018370291106425875
2017-02-14 00:00:00+00:00,0.00014462093223519077
2017-02-15 00:00:00+00:00,0.0001379537087999672
2017-02-16 00:00:00+00:00,3.064239245448644e-05
2017-02-17 00:00:00+00:00,-9.464516326172616e-06
2017-02-20 00:00:00+00:00,-6.732445935360779e-05
2017-02-21 00:00:00+00:00,-5.522011911305441e-05
2017-02-22 00:00:00+00:00,-0.00013746671752663895
2017-02-23 00:00:00+00:00,-0.0001286251110947838
2017-02-24 00:00:00+00:00,-0.00016175195333881752
2017-02-27 00:00:00+00:00,-0.0001602681990999803
2017-02-28 00:00:00+00:00,-0.00014379482741137036
2017-03-01 00:00:00+00:00,-0.00022142828857695494
2017-03-02 00:00:00+00:00,-0.00024998627652465105
2017-03-03 00:00:00+00:00,-0.00022085515288031675
2017-03-06 00:00:00+00:00,-0.00025390394703067847
2017-03-07 00:00:00+00:00,-0.00022057820175578474
2017-03-08 00:00:00+00:00,-0.0002313658064954406
2017-03-09 00:00:00+00:00,-0.0002835560992484514
2017-03-10 00:00:00+00:00,-0.00029214873676525286
2017-03-13 00:00:00+00:00,-0.0003340177174508546
2017-03-14 00:00:00+00:00,-0.0002795231933537855
2017-03-15 00:00:00+00:00,-0.00042908287571373667
2017-03-16 00:00:00+00:00,-0.0005077420511048298
2017-03-17 00:00:00+00:00,-0.00038688110877326334
2017-03-20 00:00:00+00:00,-0.00039850139685976716
2017-03-21 00:00:00+00:00,-0.00037611423160229234
2017-03-22 00:00:00+00:00,-0.00039569060867343606
2017-03-23 00:00:00+00:00,-0.0003301129893550827
2017-03-24 00:00:00+00:00,-0.0003432491226384145
2017-03-26 23:00:00+00:00,-0.00031132322350073665
2017-03-27 23:00:00+00:00,-0.0002879841827857308
2017-03-28 23:00:00+00:00,-0.00029601483745091486
2017-03-29 23:00:00+00:00,-0.00034109762027294526
2017-03-30 23:00:00+00:00,-0.0003506136300134898
2017-04-02 23:00:00+00:00,-0.0003466109386723176
2017-04-03 23:00:00+00:00,-0.00034382675055922
2017-04-04 23:00:00+00:00,-0.0004029327664291857
2017-04-05 23:00:00+00:00,-0.0004999168178410306
2017-04-06 23:00:00+00:00,-0.000585882321819802
2017-04-09 23:00:00+00:00,-0.0006331545340714883
2017-04-10 23:00:00+00:00,-0.0005867124750130216
2017-04-11 23:00:00+00:00,-0.0006341886149781361
2017-04-12 23:00:00+00:00,-0.0006354408867365875
2017-04-13 23:00:00+00:00,-0.000588640134653034
2017-04-16 23:00:00+00:00,-0.000557427867433161
2017-04-17 23:00:00+00:00,-0.0007089172838652788
2017-04-18 23:00:00+00:00,-0.0008122194254424737
2017-04-19 23:00:00+00:00,-0.0007403332314799408
2017-04-20 23:00:00+00:00,-0.0007213750873522012
2017-04-23 23:00:00+00:00,-0.0007511059082654678
2017-04-24 23:00:00+00:00,-0.0007012158254832528
2017-04-25 23:00:00+00:00,-0.0007068278144665516
2017-04-26 23:00:00+00:00,-0.0006758861905742384
2017-04-27 23:00:00+00:00,-0.000643321972564908
2017-04-30 23:00:00+00:00,-0.0006501640747652907
2017-05-01 23:00:00+00:00,-0.0006831282673369133
2017-05-02 23:00:00+00:00,-0.0006615573845734162
2017-05-03 23:00:00+00:00,-0.0006626380511152055
2017-05-04 23:00:00+00:00,-0.0005650365427291291
2017-05-07 23:00:00+00:00,-0.0005320030798175051
2017-05-08 23:00:00+00:00,-0.0005436482153213461
2017-05-09 23:00:00+00:00,-0.0005173951474912093
2017-05-10 23:00:00+00:00,-0.0005094660878719485
2017-05-11 23:00:00+00:00,-0.00048234090697129705
2017-05-14 23:00:00+00:00,-0.0004715553338186301
2017-05-15 23:00:00+00:00,-0.000440177280612145
2017-05-16 23:00:00+00:00,-0.000406391488418771
2017-05-17 23:00:00+00:00,-0.00037787045795565667
2017-05-18 23:00:00+00:00,-0.00033692794169029507
2017-05-21 23:00:00+00:00,-0.0003209325259099752
2017-05-22 23:00:00+00:00,-0.0002781712524607084
2017-05-23 23:00:00+00:00,-0.0002471673728565533
2017-05-24 23:00:00+00:00,-0.0002613019067186817
2017-05-25 23:00:00+00:00,-0.00025692256337574116
2017-05-28 23:00:00+00:00,-0.00023593994157114582
2017-05-29 23:00:00+00:00,-0.00022672675768698565
2017-05-30 23:00:00+00:00,-0.00027330151749966084
2017-05-31 23:00:00+00:00,-0.00028438571815888637
2017-06-01 23:00:00+00:00,-0.0002782567315073171
2017-06-04 23:00:00+00:00,-0.0002607459647069126
2017-06-05 23:00:00+00:00,-0.0001767926906837223
2017-06-06 23:00:00+00:00,-0.00019431673147100046
2017-06-07 23:00:00+00:00,-0.00017587626678602182
2017-06-08 23:00:00+00:00,-0.00018429799767632343
2017-06-11 23:00:00+00:00,-0.00013268905224476978
2017-06-12 23:00:00+00:00,-0.0001303106647328289
2017-06-13 23:00:00+00:00,-0.0002677866336078384
2017-06-14 23:00:00+00:00,-0.00028049545060124335
2017-06-15 23:00:00+00:00,-0.00027608565890872936
2017-06-18 23:00:00+00:00,-0.00021836603651394053
2017-06-19 23:00:00+00:00,-0.00023942852178959707
2017-06-20 23:00:00+00:00,-0.00018068362857688895
2017-06-21 23:00:00+00:00,-0.00016002146897394843
2017-06-22 23:00:00+00:00,-0.00015426722601475209
2017-06-25 23:00:00+00:00,-0.0001467863696478053
2017-06-26 23:00:00+00:00,-0.00016612240599221412
2017-06-27 23:00:00+00:00,-0.00017205789885602106
2017-06-28 23:00:00+00:00,-0.0001188487876846488
2017-06-29 23:00:00+00:00,-5.8838002063075264e-05
2017-07-02 23:00:00+00:00,-2.9707233280326824e-05
2017-07-03 23:00:00+00:00,-3.352915933458765e-05
2017-07-04 23:00:00+00:00,1.840235411285779e-05
2017-07-05 23:00:00+00:00,2.859338662055842e-05
2017-07-06 23:00:00+00:00,-1.6704321556492135e-05
2017-07-09 23:00:00+00:00,-1.8067473244723874e-05
2017-07-11 23:00:00+00:00,1.1748137098147298e-05
2017-07-12 23:00:00+00:00,-1.1206907112339386e-05
2017-07-13 23:00:00+00:00,1.733135582160719e-05
2017-07-16 23:00:00+00:00,4.2738018286843024e-05
2017-07-17 23:00:00+00:00,0.00012678791059613946
2017-07-18 23:00:00+00:00,5.575269371711159e-05
2017-07-19 23:00:00+00:00,0.00011207639111359335
2017-07-20 23:00:00+00:00,9.961755518365272e-05
2017-07-23 23:00:00+00:00,6.231428137746598e-05
2017-07-24 23:00:00+00:00,9.968763270785724e-05
2017-07-25 23:00:00+00:00,4.459547794713383e-05
2017-07-26 23:00:00+00:00,3.118719828631858e-05
2017-07-27 23:00:00+00:00,0.00010977897434393587
2017-07-30 23:00:00+00:00,0.00015242731984314948
2017-07-31 23:00:00+00:00,0.00016287119066469864
2017-08-01 23:00:00+00:00,0.00015690987633691948
2017-08-02 23:00:00+00:00,0.00010109740274236991
2017-08-03 23:00:00+00:00,7.465834674767486e-05
2017-08-06 23:00:00+00:00,8.605357374855344e-05
2017-08-07 23:00:00+00:00,0.000123295027789053
2017-08-08 23:00:00+00:00,9.271573946428727e-05
2017-08-09 23:00:00+00:00,8.759121326750146e-05
2017-08-10 23:00:00+00:00,9.89626123321292e-05
2017-08-13 23:00:00+00:00,0.00011475481131123554
2017-08-14 23:00:00+00:00,0.0001041835479484378
2017-08-15 23:00:00+00:00,0.00011287206967726567
2017-08-16 23:00:00+00:00,9.557604010287804e-05
2017-08-17 23:00:00+00:00,0.0001769407600099829
2017-08-20 23:00:00+00:00,0.00016702636061961948
2017-08-21 23:00:00+00:00,0.0001725727092684046
2017-08-22 23:00:00+00:00,0.0001590259999758848
2017-08-23 23:00:00+00:00,0.00016269084449810865
2017-08-24 23:00:00+00:00,0.00016731735063404713
2017-08-27 23:00:00+00:00,0.00013754087450935102
2017-08-28 23:00:00+00:00,0.0002136421767397383
2017-08-29 23:00:00+00:00,0.00020654650771082276
2017-08-30 23:00:00+00:00,0.00018720423943917102
2017-08-31 23:00:00+00:00,0.000228741087827881
2017-09-03 23:00:00+00:00,0.0001966388799014688
2017-09-04 23:00:00+00:00,0.00019838242448620312
2017-09-05 23:00:00+00:00,0.0001687450934593224
2017-09-06 23:00:00+00:00,0.00023549518109609218
2017-09-07 23:00:00+00:00,0.00021712797278573403
2017-09-10 23:00:00+00:00,0.00029378226868070293
2017-09-11 23:00:00+00:00,0.00027045077184125604
2017-09-12 23:00:00+00:00,0.00030737219172407215
2017-09-13 23:00:00+00:00,0.0003216273954146777
2017-09-14 23:00:00+00:00,0.0003098492358087823
2017-09-17 23:00:00+00:00,0.0003121864903780384
2017-09-18 23:00:00+00:00,0.00032464254270124374
2017-09-19 23:00:00+00:00,0.0003217755438067781
2017-09-20 23:00:00+00:00,0.000311544345804085
2017-09-21 23:00:00+00:00,0.000360527157776582
2017-09-24 23:00:00+00:00,0.0003744189361765192
2017-09-25 23:00:00+00:00,0.0003654355746374829
2017-09-26 23:00:00+00:00,0.00031597642517415363
2017-09-27 23:00:00+00:00,0.00029631312837481846
2017-09-28 23:00:00+00:00,0.00028827088058985427
2017-10-01 23:00:00+00:00,0.00028315365611230854
2017-10-02 23:00:00+00:00,0.00022582907049855348
2017-10-03 23:00:00+00:00,0.000249631723378945
2017-10-04 23:00:00+00:00,0.0002524542958723193
2017-10-05 23:00:00+00:00,0.0002216514053885888
2017-10-08 23:00:00+00:00,0.00023185297783532644
2017-10-09 23:00:00+00:00,0.00020559599744986255
2017-10-10 23:00:00+00:00,0.00014591037026691431
2017-10-11 23:00:00+00:00,0.00013978170149556678
2017-10-12 23:00:00+00:00,5.7912452449045485e-05
2017-10-15 23:00:00+00:00,3.493627703115773e-05
2017-10-16 23:00:00+00:00,-3.874241679644678e-05
2017-10-17 23:00:00+00:00,-3.0611839727362564e-05
2017-10-18 23:00:00+00:00,-5.8916024087488084e-05
2017-10-19 23:00:00+00:00,-9.895910780833477e-05
2017-10-22 23:00:00+00:00,-4.672242234690085e-05
2017-10-23 23:00:00+00:00,6.16645746942591e-05
2017-10-24 23:00:00+00:00,-1.7493143093407285e-05
2017-10-25 23:00:00+00:00,-1.2688822043190745e-05
2017-10-26 23:00:00+00:00,7.3381765268178654e-06
2017-10-30 00:00:00+00:00,9.13605361201747e-05
2017-10-31 00:00:00+00:00,6.092282832799228e-05
2017-11-01 00:00:00+00:00,7.846236181379123e-05
2017-11-02 00:00:00+00:00,7.884019587687651e-05
2017-11-03 00:00:00+00:00,1.9991586535116068e-05
2017-11-06 00:00:00+00:00,6.239311250144305e-05
2017-11-07 00:00:00+00:00,5.591901781311793e-05
2017-11-08 00:00:00+00:00,6.704108878571088e-05
2017-11-09 00:00:00+00:00,2.4056777315606577e-05
2017-11-10 00:00:00+00:00,9.512332754313402e-06
2017-11-13 00:00:00+00:00,-2.537601359212105e-05
2017-11-14 00:00:00+00:00,-6.02477435737883e-05
2017-11-15 00:00:00+00:00,-0.00014946473150046586
2017-11-17 00:00:00+00:00,-0.00016206873718326627
2017-11-20 00:00:00+00:00,-0.00016847566842674534
2017-11-21 00:00:00+00:00,-0.00014003896192823443
2017-11-22 00:00:00+00:00,-0.00018049179142112922
2017-11-23 00:00:00+00:00,-0.00020012070623619607
2017-11-24 00:00:00+00:00,-0.00013646792933886057
2017-11-27 00:00:00+00:00,-0.00021934350824354219
2017-11-28 00:00:00+00:00,-0.0002186885803678821
2017-11-29 00:00:00+00:00,-0.0002196606280380621
2017-11-30 00:00:00+00:00,-0.000265541737178172
2017-12-01 00:00:00+00:00,-0.00028835427594220203
2017-12-04 00:00:00+00:00,-0.00026847557986752445
2017-12-05 00:00:00+00:00,-0.00022464232419467604
2017-12-06 00:00:00+00:00,-0.000307339730054498
2017-12-07 00:00:00+00:00,-0.0003348929313991447
2017-12-08 00:00:00+00:00,-0.00039122861624863326
2017-12-11 00:00:00+00:00,-0.00032055705175178424
2017-12-12 00:00:00+00:00,-0.00036011757058760415
2017-12-13 00:00:00+00:00,-0.0003817022498847516
2017-12-14 00:00:00+00:00,-0.0004089597789489357
2017-12-15 00:00:00+00:00,-0.0003490339081572138
2017-12-18 00:00:00+00:00,-0.00037222452795343097
2017-12-19 00:00:00+00:00,-0.00035627616056429535
2017-12-20 00:00:00+00:00,-0.00034387913974005075
2017-12-21 00:00:00+00:00,-0.0003863013417584366
2017-12-22 00:00:00+00:00,-0.00040178932392751724
2017-12-25 00:00:00+00:00,-0.0003847656929232982
2017-12-26 00:00:00+00:00,-0.00042542046056942345
2017-12-27 00:00:00+00:00,-0.0004760732499841298
2017-12-28 00:00:00+00:00,-0.0005126433119013673
2017-12-29 00:00:00+00:00,-0.0004797273331215526
2018-01-01 00:00:00+00:00,-0.00043109235334816377
2018-01-02 00:00:00+00:00,-0.0004402338735612489
2018-01-03 00:00:00+00:00,-0.00043775255320529843
2018-01-04 00:00:00+00:00,-0.0003814161968643021
2018-01-05 00:00:00+00:00,-0.0003997612899009906
2018-01-08 00:00:00+00:00,-0.000357525256027536
2018-01-09 00:00:00+00:00,-0.0003323963627587406
2018-01-10 00:00:00+00:00,-0.0003552583875603317
2018-01-11 00:00:00+00:00,-0.00032165135370172595
2018-01-12 00:00:00+00:00,-0.0002640250244477023
2018-01-15 00:00:00+00:00,-0.0002457625873382241
2018-01-16 00:00:00+00:00,-0.00017695456044369232
2018-01-17 00:00:00+00:00,-0.00011895635755514687
2018-01-18 00:00:00+00:00,-0.0001359069453895174
2018-01-19 00:00:00+00:00,-0.0001610839480326201
2018-01-22 00:00:00+00:00,-0.00023943838584337528
2018-01-23 00:00:00+00:00,-0.00023403591843804876
2018-01-24 00:00:00+00:00,-0.0002664831121231728
2018-01-25 00:00:00+00:00,-0.0002828784215554315
2018-01-26 00:00:00+00:00,-0.0002864193571917224
2018-01-29 00:00:00+00:00,-0.0002560856115131384
2018-01-30 00:00:00+00:00,-0.00020740824928725757
2018-01-31 00:00:00+00:00,-0.00020446572360110484
2018-02-01 00:00:00+00:00,-0.00020487644461606846
2018-02-02 00:00:00+00:00,-0.00021901348102743847
2018-02-05 00:00:00+00:00,-0.00019168802447008587
2018-02-06 00:00:00+00:00,-7.671263921782889e-05
2018-02-07 00:00:00+00:00,-8.435830055113832e-06
2018-02-08 00:00:00+00:00,1.2107400365446441e-05
2018-02-09 00:00:00+00:00,8.80961323965557e-05
2018-02-12 00:00:00+00:00,0.00011095697213313847
2018-02-13 00:00:00+00:00,0.00013591408264153164
2018-02-14 00:00:00+00:00,0.00011376322825423432
2018-02-15 00:00:00+00:00,0.00011585146860070786
2018-02-16 00:00:00+00:00,0.00019835767441855412
2018-02-19 00:00:00+00:00,0.0002206560522123725
2018-02-20 00:00:00+00:00,0.00025324875347407716
2018-02-21 00:00:00+00:00,0.0001917603532071259
2018-02-22 00:00:00+00:00,0.0002436482508884957
2018-02-23 00:00:00+00:00,0.00027917464807578106
2018-02-26 00:00:00+00:00,0.00029743028066318497
2018-02-27 00:00:00+00:00,0.00029521236243967245
2018-02-28 00:00:00+00:00,0.00027351759601330254
2018-03-01 00:00:00+00:00,0.00029180620863209633
2018-03-02 00:00:00+00:00,0.00030880815661920875
2018-03-05 00:00:00+00:00,0.0003247337104418961
2018-03-06 00:00:00+00:00,0.0003486438137125514
2018-03-07 00:00:00+00:00,0.00035094115547632324
2018-03-08 00:00:00+00:00,0.0003172701600488181
2018-03-09 00:00:00+00:00,0.00032692814667446314
2018-03-12 00:00:00+00:00,0.00035977236737733944
2018-03-13 00:00:00+00:00,0.000391762314970115
2018-03-14 00:00:00+00:00,0.00031137298358050076
2018-03-15 00:00:00+00:00,0.0003189766395671448
2018-03-16 00:00:00+00:00,0.00028054477292903824
2018-03-19 00:00:00+00:00,0.0003280319455726266
2018-03-20 00:00:00+00:00,0.0003454128807035793
2018-03-21 00:00:00+00:00,0.0003299246525785898
2018-03-22 00:00:00+00:00,0.00035021796550334296
2018-03-23 00:00:00+00:00,0.00047265600000179165
2018-03-25 23:00:00+00:00,0.0005148941003199617
2018-03-26 23:00:00+00:00,0.0005220169364392436
2018-03-27 23:00:00+00:00,0.0005477991125558486
2018-03-28 23:00:00+00:00,0.0005299736643532135
2018-03-29 23:00:00+00:00,0.0005827565125633553
2018-04-01 23:00:00+00:00,0.0005850945709389749
2018-04-02 23:00:00+00:00,0.0005211894399816987
2018-04-03 23:00:00+00:00,0.0004910415482083865
2018-04-04 23:00:00+00:00,0.0004836460791437093
2018-04-05 23:00:00+00:00,0.00048214295932038406
2018-04-08 23:00:00+00:00,0.0005041666752538887
2018-04-09 23:00:00+00:00,0.00045729762190900754
2018-04-10 23:00:00+00:00,0.0004134084011687567
2018-04-11 23:00:00+00:00,0.00042276743979990363
2018-04-12 23:00:00+00:00,0.00032662957470667347
2018-04-15 23:00:00+00:00,0.0002794884558976838
2018-04-16 23:00:00+00:00,0.000271932176732278
2018-04-17 23:00:00+00:00,0.00025896288551485215
2018-04-18 23:00:00+00:00,0.00022218958703619203
2018-04-19 23:00:00+00:00,0.000228367673027155
2018-04-22 23:00:00+00:00,0.00025632504933029415
2018-04-23 23:00:00+00:00,0.00027700082692747605
2018-04-24 23:00:00+00:00,0.00023792730635043826
2018-04-25 23:00:00+00:00,0.00021002653305365795
2018-04-26 23:00:00+00:00,0.00016737177190239653
2018-04-29 23:00:00+00:00,0.00014526783478750142
2018-04-30 23:00:00+00:00,0.00014916042124301287
2018-05-01 23:00:00+00:00,0.00012913729378197106
2018-05-02 23:00:00+00:00,0.00015155988729539417
2018-05-03 23:00:00+00:00,7.274004337997665e-06
2018-05-06 23:00:00+00:00,-3.289503796544656e-05
2018-05-07 23:00:00+00:00,-6.742766849115534e-05
2018-05-08 23:00:00+00:00,-0.00016992578834096588
2018-05-09 23:00:00+00:00,-0.00016082051569313175
2018-05-10 23:00:00+00:00,-0.00015152010672027242
2018-05-13 23:00:00+00:00,-0.00011587263637684656
2018-05-14 23:00:00+00:00,-0.00013847517775412077
2018-05-15 23:00:00+00:00,-0.0002495993104952082
2018-05-16 23:00:00+00:00,-0.00021357368369341947
2018-05-17 23:00:00+00:00,-0.00022730392702312004
2018-05-20 23:00:00+00:00,-0.00022080663390855113
2018-05-21 23:00:00+00:00,-0.0002503341733748449
2018-05-22 23:00:00+00:00,-0.00025854583498672364
2018-05-23 23:00:00+00:00,-0.00028754030504553807
2018-05-24 23:00:00+00:00,-0.0002761194972194952
2018-05-27 23:00:00+00:00,-0.00026460197415665394
2018-05-28 23:00:00+00:00,-0.00029557886442810885
2018-05-29 23:00:00+00:00,-0.00034766088928458094
2018-05-30 23:00:00+00:00,-0.00030019941285665264
2018-05-31 23:00:00+00:00,-0.00023152817846982957
2018-06-03 23:00:00+00:00,-0.00025042798486144165
2018-06-04 23:00:00+00:00,-0.00026370602870389023
2018-06-05 23:00:00+00:00,-0.00024073518326474296
2018-06-06 23:00:00+00:00,-0.00027441970766045945
2018-06-07 23:00:00+00:00,-0.0003005406435512498
2018-06-10 23:00:00+00:00,-0.00029314424381762143
2018-06-11 23:00:00+00:00,-0.00032909703807593
2018-06-12 23:00:00+00:00,-0.0003102824115572187
2018-06-13 23:00:00+00:00,-0.00037417701196827084
2018-06-14 23:00:00+00:00,-0.00038886756540195766
2018-06-17 23:00:00+00:00,-0.0002417808270809025
2018-06-18 23:00:00+00:00,-0.00026464404378153793
2018-06-19 23:00:00+00:00,-0.0003550729378694424
2018-06-20 23:00:00+00:00,-0.00036588933002655415
2018-06-21 23:00:00+00:00,-0.0003586575785306241
2018-06-24 23:00:00+00:00,-0.0004012982625606681
2018-06-25 23:00:00+00:00,-0.0003893760017881203
2018-06-26 23:00:00+00:00,-0.0004556248332439885
2018-06-27 23:00:00+00:00,-0.0004222927328225057
2018-06-28 23:00:00+00:00,-0.000335744958747726
2018-07-01 23:00:00+00:00,-0.00032359711593728333
2018-07-02 23:00:00+00:00,-0.0002781786639338914
2018-07-03 23:00:00+00:00,-0.0002451644272820773
2018-07-04 23:00:00+00:00,-0.0002399962321868467
2018-07-05 23:00:00+00:00,-0.0002503989901767095
2018-07-08 23:00:00+00:00,-0.00027353998813853296
2018-07-09 23:00:00+00:00,-0.000272294613934554
2018-07-10 23:00:00+00:00,-0.00023796454414829046
2018-07-11 23:00:00+00:00,-0.0002293125655434881
2018-07-12 23:00:00+00:00,-0.00015350937813464948
2018-07-15 23:00:00+00:00,-0.00013816772176496487
2018-07-16 23:00:00+00:00,-0.00014295706644328445
2018-07-17 23:00:00+00:00,-0.0001539756074316733
2018-07-18 23:00:00+00:00,-0.00014446745236082166
2018-07-19 23:00:00+00:00,-0.0002011391284931236
2018-07-22 23:00:00+00:00,-0.00022196573901853579
2018-07-23 23:00:00+00:00,-9.270980703572195e-05
2018-07-24 23:00:00+00:00,-8.566474367809615e-05
2018-07-25 23:00:00+00:00,-8.324415708265732e-05
2018-07-26 23:00:00+00:00,-5.102061654885552e-05
2018-07-29 23:00:00+00:00,4.341084477177577e-06
2018-07-30 23:00:00+00:00,-6.583257317257759e-05
2018-07-31 23:00:00+00:00,-4.551144965217208e-05
2018-08-01 23:00:00+00:00,-6.007611192670971e-05
2018-08-02 23:00:00+00:00,-6.235466105254401e-05
2018-08-05 23:00:00+00:00,-1.9696912522213644e-06
2018-08-06 23:00:00+00:00,-3.229718166919762e-05
2018-08-07 23:00:00+00:00,-6.362732618425248e-05
2018-08-08 23:00:00+00:00,-9.611411407913764e-05
2018-08-09 23:00:00+00:00,-7.305253186205927e-05
2018-08-12 23:00:00+00:00,-2.8516612000366315e-05
2018-08-13 23:00:00+00:00,-1.8607915895778402e-05
2018-08-14 23:00:00+00:00,-5.30101037105957e-05
2018-08-15 23:00:00+00:00,-3.30647468331966e-05
2018-08-16 23:00:00+00:00,-3.2905514889295e-05
2018-08-19 23:00:00+00:00,-4.7448993328936314e-05
2018-08-20 23:00:00+00:00,5.043020194833801e-06
2018-08-21 23:00:00+00:00,6.000728780939605e-06
2018-08-22 23:00:00+00:00,5.6581009345952823e-05
2018-08-23 23:00:00+00:00,3.475923178667198e-05
2018-08-26 23:00:00+00:00,0.00011624116493640308
2018-08-27 23:00:00+00:00,0.00013245213911389176
2018-08-28 23:00:00+00:00,4.30723275300568e-05
2018-08-29 23:00:00+00:00,3.5140058449430536e-05
2018-08-30 23:00:00+00:00,5.3930749880273104e-05
2018-09-02 23:00:00+00:00,6.922686126704415e-05
2018-09-03 23:00:00+00:00,0.00010594430852817627
2018-09-04 23:00:00+00:00,8.973939266812688e-05
2018-09-05 23:00:00+00:00,0.00010453242494997935
2018-09-06 23:00:00+00:00,0.00012036867668043395
2018-09-09 23:00:00+00:00,0.00012645425031856776
2018-09-10 23:00:00+00:00,0.0001678523075514574
2018-09-11 23:00:00+00:00,0.0001784630457164196
2018-09-12 23:00:00+00:00,3.280277725398271e-05
2018-09-13 23:00:00+00:00,6.505008678035903e-05
2018-09-16 23:00:00+00:00,8.03932286188476e-05
2018-09-17 23:00:00+00:00,8.216163044945336e-05
2018-09-18 23:00:00+00:00,9.403798241442145e-05
2018-09-19 23:00:00+00:00,0.0001209041981887816
2018-09-20 23:00:00+00:00,0.00010918103522025496
2018-09-23 23:00:00+00:00,0.00015248788635177993
2018-09-24 23:00:00+00:00,0.0001345985783123998
2018-09-25 23:00:00+00:00,9.779028092664344e-05
2018-09-26 23:00:00+00:00,7.485269610766395e-05
2018-09-27 23:00:00+00:00,-3.3793083571735313e-06
2018-09-30 23:00:00+00:00,3.0132888912933267e-05
2018-10-01 23:00:00+00:00,4.338761454548241e-05
2018-10-02 23:00:00+00:00,5.5095375984125575e-05
2018-10-03 23:00:00+00:00,7.141527991060253e-05
2018-10-04 23:00:00+00:00,0.00012484774592960626
2018-10-07 23:00:00+00:00,0.00013421879939257185
2018-10-08 23:00:00+00:00,0.0001375328324819615
2018-10-09 23:00:00+00:00,7.958744135502446e-05
2018-10-10 23:00:00+00:00,6.059881347343903e-05
2018-10-11 23:00:00+00:00,0.00011766610284346573
2018-10-14 23:00:00+00:00,0.00014807124424454391
2018-10-15 23:00:00+00:00,0.00011452409143797087
2018-10-16 23:00:00+00:00,0.00014592323336320772
2018-10-17 23:00:00+00:00,0.00011865749020432362
2018-10-18 23:00:00+00:00,4.638117267302894e-05
2018-10-21 23:00:00+00:00,2.5046659107030595e-05
2018-10-22 23:00:00+00:00,3.6324758614357435e-05
2018-10-23 23:00:00+00:00,1.9814262399791074e-05
2018-10-24 23:00:00+00:00,-5.3210379580486116e-05
2018-10-25 23:00:00+00:00,4.894620860744839e-08
2018-10-29 00:00:00+00:00,-9.254622981213698e-07
2018-10-30 00:00:00+00:00,-1.274669054569192e-05
2018-10-31 00:00:00+00:00,7.815788866547164e-06
2018-11-01 00:00:00+00:00,-5.048861734403137e-06
2018-11-02 00:00:00+00:00,1.0780016652252224e-05
2018-11-05 00:00:00+00:00,0.00014769254303889558
2018-11-06 00:00:00+00:00,0.00012106818988518982
2018-11-07 00:00:00+00:00,9.575806207018887e-05
2018-11-08 00:00:00+00:00,7.046219701671835e-05
2018-11-09 00:00:00+00:00,1.3539514730860278e-06
2018-11-12 00:00:00+00:00,3.879090874481673e-05
2018-11-13 00:00:00+00:00,4.017181431523577e-05
2018-11-14 00:00:00+00:00,6.972194484934809e-05
2018-11-15 00:00:00+00:00,0.00011079448705119234
2018-11-16 00:00:00+00:00,4.924383637343712e-05
2018-11-19 00:00:00+00:00,6.512606253012039e-05
2018-11-20 00:00:00+00:00,7.421185224406029e-05
2018-11-21 00:00:00+00:00,9.453591948409105e-05
2018-11-22 00:00:00+00:00,7.928627281670935e-05
2018-11-23 00:00:00+00:00,1.8205151621553724e-05
2018-11-26 00:00:00+00:00,2.1471335705650248e-05
2018-11-27 00:00:00+00:00,4.985370712711889e-05
2018-11-28 00:00:00+00:00,-2.910745968069499e-07
2018-11-29 00:00:00+00:00,-4.303683519800167e-05
2018-11-30 00:00:00+00:00,-2.91525744416923e-05
2018-12-03 00:00:00+00:00,-2.515140665559955e-05
2018-12-04 00:00:00+00:00,-2.8989079086320056e-05
2018-12-05 00:00:00+00:00,-4.146727886178035e-05
2018-12-06 00:00:00+00:00,-4.8520840038015524e-05
2018-12-07 00:00:00+00:00,-4.913439873684188e-05
2018-12-10 00:00:00+00:00,-4.896456469429596e-05
2018-12-11 00:00:00+00:00,-1.944872739338124e-05
2018-12-12 00:00:00+00:00,-1.7050273003184086e-05
2018-12-13 00:00:00+00:00,-3.1090637619961715e-05
2018-12-14 00:00:00+00:00,-2.882971548807912e-05
2018-12-17 00:00:00+00:00,-5.88982467599748e-05
2018-12-18 00:00:00+00:00,-4.836040302436551e-05
2018-12-19 00:00:00+00:00,-5.4026270572577785e-05
2018-12-20 00:00:00+00:00,-9.62371639648533e-05
2018-12-21 00:00:00+00:00,-7.390511614420621e-05
2018-12-24 00:00:00+00:00,-6.155756159525452e-05
2018-12-25 00:00:00+00:00,1.023831129556103e-05
2018-12-26 00:00:00+00:00,3.4188150293113125e-05
2018-12-27 00:00:00+00:00,-6.04126663214335e-05
2018-12-28 00:00:00+00:00,-6.579903148154096e-05
2018-12-31 00:00:00+00:00,-2.1266997032598663e-05
2019-01-01 00:00:00+00:00,-2.9530708128849663e-05
2019-01-02 00:00:00+00:00,-7.7978897536675e-05
2019-01-03 00:00:00+00:00,-7.258983826216505e-05
2019-01-04 00:00:00+00:00,7.596029215219818e-05
2019-01-07 00:00:00+00:00,0.00015352499683037165
2019-01-08 00:00:00+00:00,0.0002203157491463257
2019-01-09 00:00:00+00:00,0.000195815998385421
2019-01-10 00:00:00+00:00,0.00016707482963531804
2019-01-11 00:00:00+00:00,0.00019985166836157574
2019-01-14 00:00:00+00:00,0.00018125824105319705
2019-01-15 00:00:00+00:00,0.00019289083192566012
2019-01-16 00:00:00+00:00,0.0001301059127464979
2019-01-17 00:00:00+00:00,0.0001203135908644736
2019-01-18 00:00:00+00:00,0.00011303522098000734
2019-01-21 00:00:00+00:00,9.340865588693906e-05
2019-01-22 00:00:00+00:00,0.0001265060477142802
2019-01-23 00:00:00+00:00,7.056020295810378e-05
2019-01-24 00:00:00+00:00,7.275592018000064e-05
2019-01-25 00:00:00+00:00,0.00010030369928425544
2019-01-28 00:00:00+00:00,0.0001094939296004448
2019-01-29 00:00:00+00:00,0.000159151588824583
2019-01-30 00:00:00+00:00,0.00013359008712391035
2019-01-31 00:00:00+00:00,-2.4120386351860097e-06
2019-02-01 00:00:00+00:00,8.739914738478466e-05
2019-02-04 00:00:00+00:00,8.279944175054992e-05
2019-02-05 00:00:00+00:00,6.055191515575093e-05
2019-02-06 00:00:00+00:00,7.408260422207607e-05
2019-02-07 00:00:00+00:00,5.498937954065246e-05
2019-02-08 00:00:00+00:00,0.00011029242801413814
2019-02-11 00:00:00+00:00,7.74783982052771e-05
2019-02-12 00:00:00+00:00,1.0981662708086076e-05
2019-02-13 00:00:00+00:00,5.6397809924621425e-05
2019-02-14 00:00:00+00:00,2.8037390115360442e-05
2019-02-15 00:00:00+00:00,3.508685728443803e-07
2019-02-18 00:00:00+00:00,2.136464903384691e-07
2019-02-19 00:00:00+00:00,-4.515903879840841e-05
2019-02-20 00:00:00+00:00,-8.305437781409896e-05
2019-02-21 00:00:00+00:00,-5.93146478372877e-05
2019-02-22 00:00:00+00:00,-8.837610985321315e-05
2019-02-25 00:00:00+00:00,-6.393212052272683e-05
2019-02-26 00:00:00+00:00,-4.7789098653117264e-05
2019-02-27 00:00:00+00:00,-9.853525410298807e-05
2019-02-28 00:00:00+00:00,-7.502204319897099e-05
2019-03-01 00:00:00+00:00,-8.492921613830308e-05
2019-03-04 00:00:00+00:00,-6.162122788835748e-05
2019-03-05 00:00:00+00:00,-6.153105210420515e-05
2019-03-06 00:00:00+00:00,-9.945941765368907e-05
2019-03-07 00:00:00+00:00,-0.0001090338327707917
2019-03-08 00:00:00+00:00,-0.00012018236525869821
2019-03-11 00:00:00+00:00,-0.00013431476741987067
2019-03-12 00:00:00+00:00,-0.00011340049146770859
2019-03-13 00:00:00+00:00,-8.20523808720856e-05
2019-03-14 00:00:00+00:00,-4.088885391634366e-05
2019-03-15 00:00:00+00:00,-4.4074959907990183e-05
2019-03-18 00:00:00+00:00,-5.284837938312331e-05
2019-03-19 00:00:00+00:00,-7.32333560894468e-05
2019-03-20 00:00:00+00:00,-0.00011526629535375723
2019-03-21 00:00:00+00:00,-0.00016190037291396835
2019-03-22 00:00:00+00:00,-0.00015446166306647266
2019-03-25 00:00:00+00:00,-0.00014904986088077384
2019-03-26 00:00:00+00:00,-9.770559173493797e-05
2019-03-27 00:00:00+00:00,-0.00012804100034502844
2019-03-28 00:00:00+00:00,-0.00016638340340352888
2019-03-29 00:00:00+00:00,-0.00012343763632905336
2019-03-31 23:00:00+00:00,-0.00016713388821557257
2019-04-01 23:00:00+00:00,-0.000171684605098402
2019-04-02 23:00:00+00:00,-0.000317595834851699
2019-04-03 23:00:00+00:00,-0.00037734138840659313
2019-04-04 23:00:00+00:00,-0.0004306087243120052
2019-04-07 23:00:00+00:00,-0.00043422425983396596
2019-04-08 23:00:00+00:00,-0.00044146278047137123
2019-04-09 23:00:00+00:00,-0.00047850380272411366
2019-04-10 23:00:00+00:00,-0.0004992507005846568
2019-04-11 23:00:00+00:00,-0.0005046462208551355
2019-04-14 23:00:00+00:00,-0.0004530677219934955
2019-04-15 23:00:00+00:00,-0.000423073375964117
2019-04-16 23:00:00+00:00,-0.0004453461774531985
2019-04-17 23:00:00+00:00,-0.0004296871131527231
2019-04-18 23:00:00+00:00,-0.0004567054572166161
2019-04-21 23:00:00+00:00,-0.0004104754394515806
2019-04-22 23:00:00+00:00,-0.00044287747392117655
2019-04-23 23:00:00+00:00,-0.00047223215839530853
2019-04-24 23:00:00+00:00,-0.00045471507112642383
2019-04-25 23:00:00+00:00,-0.00048187324820226024
2019-04-28 23:00:00+00:00,-0.0004643855825104989
2019-04-29 23:00:00+00:00,-0.00045370030569711565
2019-04-30 23:00:00+00:00,-0.0005300691244500954
2019-05-01 23:00:00+00:00,-0.0004931745393682847
2019-05-02 23:00:00+00:00,-0.0004804803716966944
2019-05-05 23:00:00+00:00,-0.0004864873582635415
2019-05-06 23:00:00+00:00,-0.0004576925528121472
2019-05-07 23:00:00+00:00,-0.0005349118450276098
2019-05-08 23:00:00+00:00,-0.0005258742870231179
2019-05-09 23:00:00+00:00,-0.0005117313397968704
2019-05-12 23:00:00+00:00,-0.0005398049332206206
2019-05-13 23:00:00+00:00,-0.0005516847940171166
2019-05-14 23:00:00+00:00,-0.0005484174908590637
2019-05-15 23:00:00+00:00,-0.000543922389366088
2019-05-16 23:00:00+00:00,-0.0005589427637776238
2019-05-19 23:00:00+00:00,-0.0005083940433423515
2019-05-20 23:00:00+00:00,-0.0005263265619638059
2019-05-22 23:00:00+00:00,-0.0005164793903709624
2019-05-23 23:00:00+00:00,-0.0004999982074076572
2019-05-26 23:00:00+00:00,-0.00048685947603342803
2019-05-27 23:00:00+00:00,-0.0004651673577423304
2019-05-28 23:00:00+00:00,-0.0004766084489518118
2019-05-29 23:00:00+00:00,-0.00048472520323996314
2019-05-30 23:00:00+00:00,-0.0004890647361215561
2019-06-02 23:00:00+00:00,-0.0004936135144046798
2019-06-03 23:00:00+00:00,-0.0004367479085746382
2019-06-04 23:00:00+00:00,-0.0003776686407379478
2019-06-05 23:00:00+00:00,-0.00038325328571339095
2019-06-06 23:00:00+00:00,-0.00039953006802804017
2019-06-09 23:00:00+00:00,-0.000415748113221578
2019-06-10 23:00:00+00:00,-0.00043682318169788745
2019-06-11 23:00:00+00:00,-0.0004423392389141705
2019-06-12 23:00:00+00:00,-0.0004721429825562287
2019-06-13 23:00:00+00:00,-0.000454023757668693
2019-06-16 23:00:00+00:00,-0.0004374826907451576
2019-06-17 23:00:00+00:00,-0.00035419800740221037
2019-06-18 23:00:00+00:00,-0.0003386635776891473
2019-06-19 23:00:00+00:00,-0.00038028639780123084
2019-06-20 23:00:00+00:00,-0.0003492269230324029
2019-06-23 23:00:00+00:00,-0.00029948567758318655
2019-06-24 23:00:00+00:00,-0.00026838729985877033
2019-06-25 23:00:00+00:00,-0.0002534086298371539
2019-06-26 23:00:00+00:00,-0.0002848485643785889
2019-06-27 23:00:00+00:00,-0.00024944543706048204
2019-06-30 23:00:00+00:00,-0.00026430955661127997
2019-07-01 23:00:00+00:00,-0.00026253759934415566
2019-07-02 23:00:00+00:00,-0.00021756504849069656
2019-07-03 23:00:00+00:00,-0.00021747835803163267
2019-07-04 23:00:00+00:00,-0.00022325260419005753
2019-07-07 23:00:00+00:00,-0.00022272833939341588
2019-07-08 23:00:00+00:00,-0.0001618382171447311
2019-07-09 23:00:00+00:00,-0.00015074952904017922
2019-07-10 23:00:00+00:00,-0.0001342967380307731
2019-07-11 23:00:00+00:00,-0.00011045577275683224
2019-07-14 23:00:00+00:00,-0.00013730976774624414
2019-07-15 23:00:00+00:00,-7.078733830611847e-05
2019-07-16 23:00:00+00:00,-7.812570122001138e-05
2019-07-17 23:00:00+00:00,-2.689452635855783e-05
2019-07-18 23:00:00+00:00,-4.2212776849407524e-05
2019-07-21 23:00:00+00:00,3.885726367143429e-05
2019-07-22 23:00:00+00:00,6.321673494887221e-05
2019-07-23 23:00:00+00:00,4.0698890102607976e-05
2019-07-24 23:00:00+00:00,2.0588687878226805e-05
2019-07-25 23:00:00+00:00,1.1153047481107011e-05
2019-07-28 23:00:00+00:00,3.9514911213098074e-05
2019-07-29 23:00:00+00:00,7.320497499194601e-05
2019-07-30 23:00:00+00:00,7.278408692100143e-05
2019-07-31 23:00:00+00:00,7.482287633354219e-05
2019-08-01 23:00:00+00:00,0.00012060658481666481
2019-08-04 23:00:00+00:00,0.0001279284207130237
2019-08-05 23:00:00+00:00,0.00016347939224005143
2019-08-06 23:00:00+00:00,0.0002276305075060948
2019-08-07 23:00:00+00:00,0.0002579149225266711
2019-08-08 23:00:00+00:00,0.0002771456362169345
2019-08-11 23:00:00+00:00,0.00030512535023459507
2019-08-12 23:00:00+00:00,0.00031148406010904524
2019-08-13 23:00:00+00:00,0.00030059175712040956
2019-08-14 23:00:00+00:00,0.0003456847580407935
2019-08-15 23:00:00+00:00,0.00035585676936120744
2019-08-18 23:00:00+00:00,0.00035254353905076787
2019-08-19 23:00:00+00:00,0.0003730304481680321
2019-08-20 23:00:00+00:00,0.0003607335654449589
2019-08-21 23:00:00+00:00,0.00033303706557906085
2019-08-22 23:00:00+00:00,0.0003106990981024309
2019-08-25 23:00:00+00:00,0.00032643079453693576
2019-08-26 23:00:00+00:00,0.0003910570151178564
2019-08-27 23:00:00+00:00,0.0004399737382826236
2019-08-28 23:00:00+00:00,0.00045239466741669445
2019-08-29 23:00:00+00:00,0.00041127754244026137
2019-09-01 23:00:00+00:00,0.00035979307022303373
2019-09-02 23:00:00+00:00,0.00036759802604927104
2019-09-03 23:00:00+00:00,0.00036528548344988594
2019-09-04 23:00:00+00:00,0.0003724821632986055
2019-09-05 23:00:00+00:00,0.000416173242752844
2019-09-08 23:00:00+00:00,0.0004219982102746595
2019-09-09 23:00:00+00:00,0.00043883359971313117
2019-09-10 23:00:00+00:00,0.00042946231106319455
2019-09-11 23:00:00+00:00,0.0004127040916135872
2019-09-12 23:00:00+00:00,0.00034981285555573576
2019-09-15 23:00:00+00:00,0.000353913371185721
2019-09-16 23:00:00+00:00,0.0003647393107248996
2019-09-17 23:00:00+00:00,0.00035178054712295317
2019-09-18 23:00:00+00:00,0.00027875054518798495
2019-09-19 23:00:00+00:00,0.0002847065353681886
2019-09-22 23:00:00+00:00,0.00029875949433694855
2019-09-23 23:00:00+00:00,0.0003052088843772285
2019-09-24 23:00:00+00:00,0.0002716283575927973
2019-09-25 23:00:00+00:00,0.0002889921217532139
2019-09-26 23:00:00+00:00,0.00033096018475383673
2019-09-29 23:00:00+00:00,0.0002657056478582061
2019-09-30 23:00:00+00:00,0.0002457238544899096
2019-10-01 23:00:00+00:00,0.00024135683763944942
2019-10-02 23:00:00+00:00,0.00026930466404787154
2019-10-03 23:00:00+00:00,0.00022650455070966297
2019-10-06 23:00:00+00:00,0.0002386654508264043
2019-10-07 23:00:00+00:00,0.00021382284548516562
2019-10-08 23:00:00+00:00,0.000168741997239773
2019-10-09 23:00:00+00:00,0.00016635575982731346
2019-10-10 23:00:00+00:00,0.00010544071111919006
2019-10-13 23:00:00+00:00,0.00016847372737130483
2019-10-14 23:00:00+00:00,0.00017375345668951825
2019-10-15 23:00:00+00:00,0.00015267005891360548
2019-10-16 23:00:00+00:00,0.0001167597520548725
2019-10-17 23:00:00+00:00,0.00010691230332849581
2019-10-20 23:00:00+00:00,0.00015742697962642166
2019-10-21 23:00:00+00:00,0.00013031355375633632
2019-10-22 23:00:00+00:00,0.00014555083189663658
2019-10-23 23:00:00+00:00,0.00011518375292809795
2019-10-24 23:00:00+00:00,8.335222729326242e-05
2019-10-28 00:00:00+00:00,8.359445917185569e-05
2019-10-29 00:00:00+00:00,5.991736839531213e-05
2019-10-30 00:00:00+00:00,2.525840444172773e-06
2019-10-31 00:00:00+00:00,-4.5385987070187955e-05
2019-11-01 00:00:00+00:00,-3.78962681782391e-05
2019-11-04 00:00:00+00:00,-0.00010859660378907069
2019-11-05 00:00:00+00:00,-0.00014037146372376016
2019-11-06 00:00:00+00:00,-0.0001353244034442134
2019-11-07 00:00:00+00:00,-0.00014882165666936552
2019-11-08 00:00:00+00:00,-0.00019035851496191237
2019-11-11 00:00:00+00:00,-0.00017026846273916936
2019-11-12 00:00:00+00:00,-0.0002162638369551874
2019-11-13 00:00:00+00:00,-0.00023907261369109003
2019-11-14 00:00:00+00:00,-0.000247272039796481
2019-11-15 00:00:00+00:00,-0.0002486084793097325
2019-11-18 00:00:00+00:00,-0.00024576457235661294
2019-11-19 00:00:00+00:00,-0.00023793992692853257
2019-11-20 00:00:00+00:00,-0.00025210831667673
2019-11-21 00:00:00+00:00,-0.0002552153882180849
2019-11-22 00:00:00+00:00,-0.0003292355102229409
2019-11-25 00:00:00+00:00,-0.00039623925337031523
2019-11-26 00:00:00+00:00,-0.0003916486665667589
2019-11-27 00:00:00+00:00,-0.00039861121112632096
2019-11-28 00:00:00+00:00,-0.0004073962063495971
2019-11-29 00:00:00+00:00,-0.0004111133276330217
2019-12-02 00:00:00+00:00,-0.000427203602285783
2019-12-03 00:00:00+00:00,-0.00045787998642951924
2019-12-04 00:00:00+00:00,-0.00045972560720375366
2019-12-05 00:00:00+00:00,-0.0004550350296356142
2019-12-06 00:00:00+00:00,-0.00044849924406771763
2019-12-09 00:00:00+00:00,-0.00045236120834729696
2019-12-10 00:00:00+00:00,-0.0004199387343261215
2019-12-11 00:00:00+00:00,-0.00043048359450861915
2019-12-12 00:00:00+00:00,-0.0004284024367130733
2019-12-13 00:00:00+00:00,-0.0004111160398264867
2019-12-16 00:00:00+00:00,-0.0003605491133412469
2019-12-17 00:00:00+00:00,-0.00032346897508119324
2019-12-18 00:00:00+00:00,-0.0003580104561565602
2019-12-19 00:00:00+00:00,-0.0003514354717337638
2019-12-20 00:00:00+00:00,-0.00036022673736990423
2019-12-23 00:00:00+00:00,-0.0003360516284746239
2019-12-24 00:00:00+00:00,-0.0003448749224148435
2019-12-25 00:00:00+00:00,-0.00039117960190223743
2019-12-26 00:00:00+00:00,-0.00039784953145720814
2019-12-27 00:00:00+00:00,-0.00040580864124238353
2019-12-30 00:00:00+00:00,-0.0003960220993584314
2019-12-31 00:00:00+00:00,-0.00035441717672795485
2020-01-01 00:00:00+00:00,-0.0003518429991740623
2020-01-02 00:00:00+00:00,-0.0003181127319971692
2020-01-03 00:00:00+00:00,-0.0003124570135130465
2020-01-06 00:00:00+00:00,-0.00028232474098077807
2020-01-07 00:00:00+00:00,-0.0002497080278240668
2020-01-08 00:00:00+00:00,-0.0002128308951014797
2020-01-09 00:00:00+00:00,-0.0002356432715889703
2020-01-10 00:00:00+00:00,-0.00024602874369843977
2020-01-13 00:00:00+00:00,-0.00021506260821938395
2020-01-14 00:00:00+00:00,-0.00022599605675797376
2020-01-15 00:00:00+00:00,-0.00021793862724790985
2020-01-16 00:00:00+00:00,-0.0002739905631861943
2020-01-17 00:00:00+00:00,-0.00027360776675473906
2020-01-20 00:00:00+00:00,-0.0002782749969300253
2020-01-21 00:00:00+00:00,-0.0002544048078401981
2020-01-22 00:00:00+00:00,-0.00025587844413180053
2020-01-23 00:00:00+00:00,-0.00026155770856256836
2020-01-24 00:00:00+00:00,-0.00023375021889260284
2020-01-27 00:00:00+00:00,-0.00021411007027103942
2020-01-28 00:00:00+00:00,-0.00015955634408779595
2020-01-29 00:00:00+00:00,-0.00019269537727641334
2020-01-30 00:00:00+00:00,-0.0001918394167980124
2020-01-31 00:00:00+00:00,-0.00019198111817648805
2020-02-03 00:00:00+00:00,-0.0001799952860091756
2020-02-04 00:00:00+00:00,-0.00014157512867147464
2020-02-05 00:00:00+00:00,-9.915662841549497e-05
2020-02-06 00:00:00+00:00,-8.32934953181306e-05
2020-02-07 00:00:00+00:00,-6.213995372522782e-05
2020-02-10 00:00:00+00:00,-6.405659133234187e-05
2020-02-11 00:00:00+00:00,-6.832749609582325e-06
2020-02-12 00:00:00+00:00,-1.8369462660381645e-05
2020-02-13 00:00:00+00:00,-2.26267534018036e-05
2020-02-14 00:00:00+00:00,-2.0340828831883102e-05
2020-02-17 00:00:00+00:00,-4.733092420698519e-07
2020-02-18 00:00:00+00:00,-2.2520035565537326e-05
2020-02-19 00:00:00+00:00,-2.0001410947397165e-05
2020-02-20 00:00:00+00:00,4.895556596700573e-06
2020-02-21 00:00:00+00:00,2.3217636559924853e-05
2020-02-24 00:00:00+00:00,7.836809875823086e-05
2020-02-25 00:00:00+00:00,0.0001019480970078329
2020-02-26 00:00:00+00:00,0.00010241477529572942
2020-02-27 00:00:00+00:00,0.00014294490189023209
2020-02-28 00:00:00+00:00,0.00019292687839087344
2020-03-02 00:00:00+00:00,0.0001846046502064734
2020-03-03 00:00:00+00:00,0.00026562091190932176
2020-03-04 00:00:00+00:00,0.0003005179658025518
2020-03-05 00:00:00+00:00,0.00034272532724226356
2020-03-06 00:00:00+00:00,0.00035755355485671096
2020-03-09 00:00:00+00:00,0.00042957602794121887
2020-03-10 00:00:00+00:00,0.0005899752420225344
2020-03-11 00:00:00+00:00,0.0005515149937056641
2020-03-12 00:00:00+00:00,0.0006051153374143823
2020-03-13 00:00:00+00:00,0.0005865251841832985
2020-03-16 00:00:00+00:00,0.0007767611792561459
2020-03-17 00:00:00+00:00,0.0008759939066220902
2020-03-18 00:00:00+00:00,0.0009375416272242171
2020-03-19 00:00:00+00:00,0.0010974747117154433
2020-03-20 00:00:00+00:00,0.0013676617319689586
2020-03-23 00:00:00+00:00,0.0015598078485629576
2020-03-24 00:00:00+00:00,0.0016106103824531943
2020-03-25 00:00:00+00:00,0.001699387284014837
2020-03-26 00:00:00+00:00,0.0017620369178124678
2020-03-27 00:00:00+00:00,0.0017574963182162037
2020-03-29 23:00:00+00:00,0.0020002713286872884
2020-03-30 23:00:00+00:00,0.0020882373692318362
2020-03-31 23:00:00+00:00,0.002138287290998331
2020-04-01 23:00:00+00:00,0.002105519679926661
2020-04-02 23:00:00+00:00,0.0020789662281542583
2020-04-05 23:00:00+00:00,0.002069686757321843
2020-04-06 23:00:00+00:00,0.0020856292717694874
2020-04-07 23:00:00+00:00,0.00210382835554159
2020-04-08 23:00:00+00:00,0.00211694653958918
2020-04-09 23:00:00+00:00,0.002119986855856411
2020-04-12 23:00:00+00:00,0.002144243960894627
2020-04-13 23:00:00+00:00,0.0020843599554560962
2020-04-14 23:00:00+00:00,0.0020870972987306305
2020-04-15 23:00:00+00:00,0.0020821441830272203
2020-04-16 23:00:00+00:00,0.002165454753101132
2020-04-19 23:00:00+00:00,0.0021675915101760862
2020-04-20 23:00:00+00:00,0.0021051644615065162
2020-04-21 23:00:00+00:00,0.002049318329498235
2020-04-22 23:00:00+00:00,0.0020579596511551873
2020-04-23 23:00:00+00:00,0.0019822585956580396
2020-04-26 23:00:00+00:00,0.0019989735312269156
2020-04-27 23:00:00+00:00,0.0019628655067483597
2020-04-28 23:00:00+00:00,0.001940541323871477
2020-04-29 23:00:00+00:00,0.001897735029534207
2020-04-30 23:00:00+00:00,0.0018492995836987417
2020-05-03 23:00:00+00:00,0.0018437589241691405
2020-05-04 23:00:00+00:00,0.001881697513510353
2020-05-05 23:00:00+00:00,0.0018415693974425107
2020-05-06 23:00:00+00:00,0.0017985049178948628
2020-05-07 23:00:00+00:00,0.0017644488615806307
2020-05-10 23:00:00+00:00,0.0018107109734276884
2020-05-11 23:00:00+00:00,0.001779831563881909
2020-05-12 23:00:00+00:00,0.001781678962093798
2020-05-13 23:00:00+00:00,0.0017516982823987445
2020-05-14 23:00:00+00:00,0.0017207682364861017
2020-05-17 23:00:00+00:00,0.0016764875695348142
2020-05-18 23:00:00+00:00,0.0016638138521755472
2020-05-19 23:00:00+00:00,0.0016910044173387515
2020-05-20 23:00:00+00:00,0.0015968143655592393
2020-05-21 23:00:00+00:00,0.001567843066695566
2020-05-24 23:00:00+00:00,0.001516807043992533
2020-05-25 23:00:00+00:00,0.0014439944907381408
2020-05-26 23:00:00+00:00,0.0013301631796019692
2020-05-27 23:00:00+00:00,0.0013431776384805853
2020-05-28 23:00:00+00:00,0.0012040582082521777
2020-05-31 23:00:00+00:00,0.0011019801534854238
2020-06-01 23:00:00+00:00,0.0010045797335439758
2020-06-02 23:00:00+00:00,0.001024790418789813
2020-06-03 23:00:00+00:00,0.0010239656695863542
2020-06-04 23:00:00+00:00,0.0008151419849961074
2020-06-07 23:00:00+00:00,0.0007832046449938717
2020-06-08 23:00:00+00:00,0.0006669614391854907
2020-06-09 23:00:00+00:00,0.0006207482100905734
2020-06-10 23:00:00+00:00,0.00044661146841664615
2020-06-11 23:00:00+00:00,0.00029488846253307617
2020-06-14 23:00:00+00:00,0.0003080422565482207
2020-06-15 23:00:00+00:00,0.0001018151312684101
2020-06-16 23:00:00+00:00,-0.00011010864688188252
2020-06-17 23:00:00+00:00,-0.00031928470831719003
2020-06-18 23:00:00+00:00,-0.0003833087297903928
2020-06-21 23:00:00+00:00,-0.0004783845231768032
2020-06-22 23:00:00+00:00,-0.0005728999560231365
2020-06-23 23:00:00+00:00,-0.0005431860260095983
2020-06-24 23:00:00+00:00,-0.0008375397980366637
2020-06-25 23:00:00+00:00,-0.0009015108453974043
2020-06-28 23:00:00+00:00,-0.0009827535313503217
2020-06-29 23:00:00+00:00,-0.0010124598459244714
2020-06-30 23:00:00+00:00,-0.0010420061997109204
2020-07-01 23:00:00+00:00,-0.0010507103724261843
2020-07-02 23:00:00+00:00,-0.0011244978855639853
2020-07-05 23:00:00+00:00,-0.001213025770064543
2020-07-06 23:00:00+00:00,-0.0012715786328877958
2020-07-07 23:00:00+00:00,-0.001291846222895389
2020-07-08 23:00:00+00:00,-0.0013335998211081983
2020-07-09 23:00:00+00:00,-0.0012527865252977286
2020-07-12 23:00:00+00:00,-0.001275785232833746
2020-07-13 23:00:00+00:00,-0.001306289452144057
2020-07-14 23:00:00+00:00,-0.0014159498386094706
2020-07-15 23:00:00+00:00,-0.0014153111072796399
2020-07-16 23:00:00+00:00,-0.001363066914833665
2020-07-19 23:00:00+00:00,-0.0013237228865927647
2020-07-20 23:00:00+00:00,-0.00134249318235162
2020-07-21 23:00:00+00:00,-0.001316144432648633
2020-07-22 23:00:00+00:00,-0.0012732516987933196
2020-07-23 23:00:00+00:00,-0.001259859424851838
2020-07-26 23:00:00+00:00,-0.0012411827545890965
2020-07-27 23:00:00+00:00,-0.0012275260010618828
2020-07-28 23:00:00+00:00,-0.0011746805708053283
2020-07-29 23:00:00+00:00,-0.0012155130333022174
2020-07-30 23:00:00+00:00,-0.001293004951579811
2020-08-02 23:00:00+00:00,-0.0012287866211219932
2020-08-03 23:00:00+00:00,-0.0011490716753094626
2020-08-04 23:00:00+00:00,-0.0011740773419526129
2020-08-05 23:00:00+00:00,-0.0011936422900172645
2020-08-06 23:00:00+00:00,-0.0011781254639914107
2020-08-09 23:00:00+00:00,-0.0012008259022111643
2020-08-10 23:00:00+00:00,-0.0011193046323039928
2020-08-11 23:00:00+00:00,-0.0010965864218060407
2020-08-12 23:00:00+00:00,-0.0010578452114280565
2020-08-13 23:00:00+00:00,-0.0010599757903432348
2020-08-16 23:00:00+00:00,-0.0011279623076040617
2020-08-17 23:00:00+00:00,-0.0010879246026820498
2020-08-18 23:00:00+00:00,-0.001088732027767457
2020-08-19 23:00:00+00:00,-0.0009892229251223673
2020-08-20 23:00:00+00:00,-0.0008493859479694853
2020-08-23 23:00:00+00:00,-0.0007491553033764139
2020-08-24 23:00:00+00:00,-0.0007990555142172477
2020-08-25 23:00:00+00:00,-0.0007919831877589286
2020-08-26 23:00:00+00:00,-0.0007355601655450921
2020-08-27 23:00:00+00:00,-0.0006590891943715378
2020-08-30 23:00:00+00:00,-0.0007142051613398589
2020-08-31 23:00:00+00:00,-0.0006689888332162778
2020-09-01 23:00:00+00:00,-0.0006393394414233406
2020-09-02 23:00:00+00:00,-0.0006216378528716522
2020-09-03 23:00:00+00:00,-0.0006462095651650008
2020-09-06 23:00:00+00:00,-0.0005809299168922089
2020-09-07 23:00:00+00:00,-0.0005977517577532634
2020-09-08 23:00:00+00:00,-0.000583878461664804
2020-09-09 23:00:00+00:00,-0.0005788290576835063
2020-09-10 23:00:00+00:00,-0.0005063485452151805
2020-09-13 23:00:00+00:00,-0.0005504499669190376
2020-09-14 23:00:00+00:00,-0.0005594569808787769
2020-09-15 23:00:00+00:00,-0.0005468503577305754
2020-09-16 23:00:00+00:00,-0.0005451266193456507
2020-09-17 23:00:00+00:00,-0.0005317413890664471
2020-09-20 23:00:00+00:00,-0.0006061837781491039
2020-09-21 23:00:00+00:00,-0.0005864483284870837
2020-09-22 23:00:00+00:00,-0.0005803328651054714
2020-09-23 23:00:00+00:00,-0.0005176705791620651
2020-09-24 23:00:00+00:00,-0.0004292192108335019
2020-09-27 23:00:00+00:00,-0.00041645794216298377
2020-09-28 23:00:00+00:00,-0.0004393859056072702
2020-09-29 23:00:00+00:00,-0.00040349382690628823
2020-09-30 23:00:00+00:00,-0.00035045362845900806
2020-10-01 23:00:00+00:00,-0.00031891004900498317
2020-10-04 23:00:00+00:00,-0.000318942325374215
2020-10-05 23:00:00+00:00,-0.0003306904331418065
2020-10-06 23:00:00+00:00,-0.00034510874562202094
2020-10-07 23:00:00+00:00,-0.00027616016377968655
2020-10-08 23:00:00+00:00,-0.00024190298432583569
2020-10-11 23:00:00+00:00,-0.00024709550403061165
2020-10-12 23:00:00+00:00,-0.00018019422942942148
2020-10-13 23:00:00+00:00,-0.00019808120242680678
2020-10-14 23:00:00+00:00,-0.0001643662115678392
2020-10-15 23:00:00+00:00,-0.00017112298223369467
2020-10-18 23:00:00+00:00,-0.00012426285607619733
2020-10-19 23:00:00+00:00,-0.00020882752020025827
2020-10-20 23:00:00+00:00,-0.00018228921167627718
2020-10-21 23:00:00+00:00,-0.0001773708318948907
2020-10-22 23:00:00+00:00,-0.00012456141923300077
2020-10-26 00:00:00+00:00,-0.00017575572693060088
2020-10-27 00:00:00+00:00,-0.00017517273244511402
2020-10-28 00:00:00+00:00,-0.0001736319248708336
2020-10-29 00:00:00+00:00,-0.00023000159309167698
2020-10-30 00:00:00+00:00,-0.00023511967680588065
2020-11-02 00:00:00+00:00,-0.00021131967221830463
2020-11-03 00:00:00+00:00,-0.0002385852733875946
2020-11-04 00:00:00+00:00,-0.00021488281322505675
2020-11-05 00:00:00+00:00,-6.814586445507516e-05
2020-11-06 00:00:00+00:00,-0.00011399154739816664
2020-11-09 00:00:00+00:00,-2.2037218313148733e-06
2020-11-10 00:00:00+00:00,3.237851678525869e-05
2020-11-11 00:00:00+00:00,8.688245244391083e-05
2020-11-12 00:00:00+00:00,8.292127503231042e-05
2020-11-13 00:00:00+00:00,8.953904621491517e-05
2020-11-16 00:00:00+00:00,0.000131560487802055
2020-11-17 00:00:00+00:00,9.494511379637286e-05
2020-11-18 00:00:00+00:00,-5.469693595436427e-06
2020-11-19 00:00:00+00:00,-3.5524026176335724e-05
2020-11-20 00:00:00+00:00,-7.284480099938083e-05
2020-11-23 00:00:00+00:00,-6.281011472386577e-05
2020-11-24 00:00:00+00:00,-8.474358890835261e-05
2020-11-25 00:00:00+00:00,-0.00010943082557457332
2020-11-26 00:00:00+00:00,-7.602367881221579e-05
2020-11-27 00:00:00+00:00,-0.00019900589800853942
2020-11-30 00:00:00+00:00,-0.00020300478674860302
2020-12-01 00:00:00+00:00,-0.00018402289387620032
2020-12-02 00:00:00+00:00,-0.00018607573097892145
2020-12-03 00:00:00+00:00,-0.00017116936221971742
2020-12-04 00:00:00+00:00,-0.00016405089121175219
2020-12-07 00:00:00+00:00,-0.00013466451837833337
2020-12-08 00:00:00+00:00,-0.00020785326069453847
2020-12-09 00:00:00+00:00,-0.0002649825937940764
2020-12-10 00:00:00+00:00,-0.000309513956329542
2020-12-11 00:00:00+00:00,-0.00030293057162922776
2020-12-14 00:00:00+00:00,-0.00022778335536725825
2020-12-15 00:00:00+00:00,-0.00022428069155836644
2020-12-16 00:00:00+00:00,-0.00023794323108030377
2020-12-17 00:00:00+00:00,-0.00023714766646560064
2020-12-18 00:00:00+00:00,-0.00022621308682219208
2020-12-21 00:00:00+00:00,-0.0002781161057540515
2020-12-22 00:00:00+00:00,-0.00026650080909715107
2020-12-23 00:00:00+00:00,-0.0003400709846879536
2020-12-24 00:00:00+00:00,-0.0003090269131055703
2020-12-25 00:00:00+00:00,-0.00028023950231745916
2020-12-28 00:00:00+00:00,-0.000301875628328624
2020-12-29 00:00:00+00:00,-0.0003321455986569897
2020-12-30 00:00:00+00:00,-0.00033608950917751474
2020-12-31 00:00:00+00:00,-0.0003162871158065039
2021-01-01 00:00:00+00:00,-0.000230077455243294
2021-01-04 00:00:00+00:00,-0.00011919853562949783
2021-01-05 00:00:00+00:00,-8.305559092393767e-05
2021-01-06 00:00:00+00:00,-7.074042628568136e-05
2021-01-07 00:00:00+00:00,4.824204796121095e-06
2021-01-08 00:00:00+00:00,-4.395151616152495e-05
2021-01-11 00:00:00+00:00,1.726511640352422e-05
2021-01-12 00:00:00+00:00,2.482197178096425e-05
2021-01-13 00:00:00+00:00,2.283425007817497e-05
2021-01-14 00:00:00+00:00,4.275387110194446e-05
2021-01-15 00:00:00+00:00,5.6491801816430185e-05
2021-01-18 00:00:00+00:00,4.6430380950480445e-05
2021-01-19 00:00:00+00:00,0.00012757811018735505
2021-01-20 00:00:00+00:00,4.463629253989229e-05
2021-01-21 00:00:00+00:00,5.089456530597619e-05
2021-01-22 00:00:00+00:00,8.773189836195185e-05
2021-01-25 00:00:00+00:00,9.051798615653927e-05
2021-01-26 00:00:00+00:00,0.00011156621646671912
2021-01-27 00:00:00+00:00,5.037569057801238e-05
2021-01-28 00:00:00+00:00,4.6291494692389436e-05
2021-01-29 00:00:00+00:00,0.00012356662655754616
2021-02-01 00:00:00+00:00,9.750169567445928e-05
2021-02-02 00:00:00+00:00,-3.639090641239205e-05
2021-02-03 00:00:00+00:00,-4.608514845676507e-05
2021-02-04 00:00:00+00:00,-0.0001354914952740394
2021-02-05 00:00:00+00:00,-0.0001777142541859308
2021-02-08 00:00:00+00:00,-0.00019138235723712132
2021-02-09 00:00:00+00:00,-0.00012258192404111714
2021-02-10 00:00:00+00:00,-0.00014126312870057231
2021-02-11 00:00:00+00:00,-0.00013926719091668328
2021-02-12 00:00:00+00:00,-0.00017864417079487948
2021-02-15 00:00:00+00:00,-0.00018595216407477858
2021-02-16 00:00:00+00:00,-0.000183712151879711
2021-02-17 00:00:00+00:00,-0.00016371203102244795
2021-02-18 00:00:00+00:00,-0.00010613953061322425
2021-02-19 00:00:00+00:00,-0.0001018074808445779
2021-02-22 00:00:00+00:00,-8.925644431109943e-05
2021-02-23 00:00:00+00:00,-5.5670806881370164e-05
2021-02-24 00:00:00+00:00,-3.725077499608636e-05
2021-02-25 00:00:00+00:00,-7.2759200676550395e-06
2021-02-26 00:00:00+00:00,3.345309047987372e-05
2021-03-01 00:00:00+00:00,9.977960173101173e-05
2021-03-02 00:00:00+00:00,0.00010691229833829832
2021-03-03 00:00:00+00:00,0.00011628133520172465
2021-03-04 00:00:00+00:00,9.165953007521767e-05
2021-03-05 00:00:00+00:00,0.00011479753998272198
2021-03-08 00:00:00+00:00,0.0001776191496307691
2021-03-09 00:00:00+00:00,0.00019492342843761877
2021-03-10 00:00:00+00:00,0.00023934450392832296
2021-03-11 00:00:00+00:00,0.0002156541651641879
2021-03-12 00:00:00+00:00,0.00021464394220061835
2021-03-15 00:00:00+00:00,0.00026734301350100605
2021-03-16 00:00:00+00:00,0.0002845710391635543
2021-03-17 00:00:00+00:00,0.00026075753005449414
2021-03-18 00:00:00+00:00,0.00021898850054040365
2021-03-19 00:00:00+00:00,0.0002155861523803703
2021-03-22 00:00:00+00:00,0.00027466195711244425
2021-03-23 00:00:00+00:00,0.0002609735078940925
2021-03-24 00:00:00+00:00,0.00025026590019013506
2021-03-25 00:00:00+00:00,0.0003716370901319767
2021-03-26 00:00:00+00:00,0.00037214163857173617
2021-03-28 23:00:00+00:00,0.0003642680979279913
2021-03-29 23:00:00+00:00,0.00035330693300696884
2021-03-30 23:00:00+00:00,0.00025711564467512235
2021-03-31 23:00:00+00:00,0.00014403724215061994
2021-04-01 23:00:00+00:00,5.1738659995256755e-05
2021-04-04 23:00:00+00:00,4.377501355356259e-05
2021-04-05 23:00:00+00:00,-5.3468589397919885e-05
2021-04-06 23:00:00+00:00,-2.392723349093533e-05
2021-04-07 23:00:00+00:00,-5.388187160300069e-05
2021-04-08 23:00:00+00:00,-7.46516247148608e-05
2021-04-11 23:00:00+00:00,-3.303303568776093e-05
2021-04-12 23:00:00+00:00,-9.22402523250176e-05
2021-04-13 23:00:00+00:00,-9.716333895214016e-05
2021-04-14 23:00:00+00:00,-9.106778875435243e-05
2021-04-15 23:00:00+00:00,-0.00014042517717975482
2021-04-18 23:00:00+00:00,-0.00012030939985964136
2021-04-19 23:00:00+00:00,-0.0001266695200627839
2021-04-20 23:00:00+00:00,-8.474693984817901e-05
2021-04-21 23:00:00+00:00,-7.577353229522169e-05
2021-04-22 23:00:00+00:00,-7.664506730937614e-05
2021-04-25 23:00:00+00:00,-4.559171999322844e-05
2021-04-26 23:00:00+00:00,-4.0010900481616835e-05
2021-04-27 23:00:00+00:00,-9.759358985815059e-05
2021-04-28 23:00:00+00:00,-9.434879577787042e-05
2021-04-29 23:00:00+00:00,-5.304689607075856e-05
2021-05-02 23:00:00+00:00,-6.521066110961237e-05
2021-05-03 23:00:00+00:00,-1.1947240427933204e-05
2021-05-04 23:00:00+00:00,1.0894951744102807e-05
2021-05-05 23:00:00+00:00,-2.4370090388672362e-05
2021-05-06 23:00:00+00:00,-7.567745209730329e-05
2021-05-09 23:00:00+00:00,-3.69512088146764e-05
2021-05-10 23:00:00+00:00,3.050382207248157e-06
2021-05-11 23:00:00+00:00,2.018102871673014e-05
2021-05-12 23:00:00+00:00,1.023893841269356e-05
2021-05-13 23:00:00+00:00,9.427735041654195e-05
2021-05-16 23:00:00+00:00,7.609163601735242e-05
2021-05-17 23:00:00+00:00,7.569261675622989e-05
2021-05-18 23:00:00+00:00,6.761019736685903e-05
2021-05-19 23:00:00+00:00,6.716944857276114e-05
2021-05-20 23:00:00+00:00,6.412795674601334e-05
2021-05-23 23:00:00+00:00,0.00010283475910554101
2021-05-24 23:00:00+00:00,8.620334499005776e-05
2021-05-25 23:00:00+00:00,2.309176182866291e-05
2021-05-26 23:00:00+00:00,-6.690116959843107e-05
2021-05-27 23:00:00+00:00,-0.0001095667362648739
2021-05-30 23:00:00+00:00,-0.00012217659932420646
2021-05-31 23:00:00+00:00,-0.00011888170921257575
2021-06-01 23:00:00+00:00,-0.0001392465109442691
2021-06-02 23:00:00+00:00,-0.00019968752261969366
2021-06-03 23:00:00+00:00,-0.00020796896258460035
2021-06-06 23:00:00+00:00,-0.000167741914868244
2021-06-07 23:00:00+00:00,-0.00015734722562505332
2021-06-08 23:00:00+00:00,-0.00015614052706711947
2021-06-09 23:00:00+00:00,-0.000194474092091551
2021-06-10 23:00:00+00:00,-0.00023610502971221307
2021-06-13 23:00:00+00:00,-0.00022109251381773965
2021-06-14 23:00:00+00:00,-0.00016757504895555326
2021-06-15 23:00:00+00:00,-0.0002261359876801353
2021-06-16 23:00:00+00:00,-0.000282929303489362
2021-06-17 23:00:00+00:00,-0.0001931961285315531
2021-06-20 23:00:00+00:00,-0.00012968940080310175
2021-06-21 23:00:00+00:00,-0.0001939398608249202
2021-06-22 23:00:00+00:00,-0.00014566565958298817
2021-06-23 23:00:00+00:00,-0.00013495900547400496
2021-06-24 23:00:00+00:00,-0.00014464032480997376
2021-06-27 23:00:00+00:00,-0.0001309310825221622
2021-06-28 23:00:00+00:00,-0.00015310849248721626
2021-06-29 23:00:00+00:00,-0.00014893820227756226
2021-06-30 23:00:00+00:00,-0.0001313430652708338
2021-07-01 23:00:00+00:00,-9.881853230684929e-05
2021-07-04 23:00:00+00:00,-0.00011988363184890164
2021-07-05 23:00:00+00:00,-8.440152687516026e-05
2021-07-06 23:00:00+00:00,-0.00011332818784891199
2021-07-07 23:00:00+00:00,-0.00010573313346391418
2021-07-08 23:00:00+00:00,-0.00012473634555981977
2021-07-11 23:00:00+00:00,-5.5645476801462895e-05
2021-07-12 23:00:00+00:00,-1.3518619398136204e-05
2021-07-13 23:00:00+00:00,-6.261694565097694e-05
2021-07-14 23:00:00+00:00,-1.38389700753065e-05
2021-07-15 23:00:00+00:00,3.030517037098902e-05
2021-07-18 23:00:00+00:00,-1.6175857378852593e-05
2021-07-19 23:00:00+00:00,-3.215504511423382e-05
2021-07-20 23:00:00+00:00,5.676728580591723e-06
2021-07-21 23:00:00+00:00,-5.7249315352113014e-06
2021-07-22 23:00:00+00:00,7.165075257415266e-06
2021-07-25 23:00:00+00:00,-1.7182761588201492e-05
2021-07-26 23:00:00+00:00,-3.3993375383642097e-05
2021-07-27 23:00:00+00:00,-6.6360399599025e-05
2021-07-28 23:00:00+00:00,-4.265158207657606e-05
2021-07-29 23:00:00+00:00,-9.90234498229269e-05
2021-08-01 23:00:00+00:00,-7.060740196231747e-05
2021-08-02 23:00:00+00:00,-6.332232471264977e-05
2021-08-03 23:00:00+00:00,-7.598680803081685e-05
2021-08-04 23:00:00+00:00,-8.915861511276518e-05
2021-08-05 23:00:00+00:00,-0.00016783710086561848
2021-08-08 23:00:00+00:00,-0.00017917804646322595
2021-08-09 23:00:00+00:00,-8.248082298422917e-05
2021-08-10 23:00:00+00:00,-0.00017607708776915627
2021-08-11 23:00:00+00:00,-0.00016301711742338363
2021-08-12 23:00:00+00:00,-0.0001973109184298617
2021-08-15 23:00:00+00:00,-0.00018759496332110747
2021-08-16 23:00:00+00:00,-0.000160957133799182
2021-08-17 23:00:00+00:00,-0.0002147968203233706
2021-08-18 23:00:00+00:00,-0.00018316146658348522
2021-08-19 23:00:00+00:00,-0.00016469304351112617
2021-08-22 23:00:00+00:00,-8.86954027968e-05
2021-08-23 23:00:00+00:00,-8.638258711372773e-05
2021-08-24 23:00:00+00:00,-2.9909041556256104e-05
2021-08-25 23:00:00+00:00,-2.8959493857219284e-05
2021-08-26 23:00:00+00:00,-2.567201801906673e-05
2021-08-29 23:00:00+00:00,-1.139503693874935e-05
2021-08-30 23:00:00+00:00,5.637658063516659e-05
2021-08-31 23:00:00+00:00,6.144671459454168e-05
2021-09-01 23:00:00+00:00,-1.3652609071081179e-05
2021-09-02 23:00:00+00:00,-6.806810711288899e-05
2021-09-05 23:00:00+00:00,-3.489630269605439e-05
2021-09-06 23:00:00+00:00,-2.7296073675150186e-05
2021-09-07 23:00:00+00:00,-3.21385896768344e-05
2021-09-08 23:00:00+00:00,1.972197522000143e-05
2021-09-09 23:00:00+00:00,-2.2528182924115916e-05
2021-09-12 23:00:00+00:00,2.6278748893400657e-06
2021-09-13 23:00:00+00:00,-1.1878828089099784e-05
2021-09-14 23:00:00+00:00,-0.00012406086461827373
2021-09-15 23:00:00+00:00,-0.0001793282824437254
2021-09-16 23:00:00+00:00,-0.00022526913210457094
2021-09-19 23:00:00+00:00,-0.0002055321711221165
2021-09-20 23:00:00+00:00,-0.0001732646973266229
2021-09-21 23:00:00+00:00,-0.00015248689726831462
2021-09-22 23:00:00+00:00,-0.00013375058469771535
2021-09-23 23:00:00+00:00,-0.00011011546281074073
2021-09-26 23:00:00+00:00,-3.9059317564982265e-05
2021-09-27 23:00:00+00:00,-5.078947474943408e-05
2021-09-28 23:00:00+00:00,-6.069675920419371e-05
2021-09-29 23:00:00+00:00,-2.914429469483542e-05
2021-09-30 23:00:00+00:00,1.2357417879292967e-06
2021-10-03 23:00:00+00:00,3.552904153736542e-05
2021-10-04 23:00:00+00:00,3.9951751817728174e-05
2021-10-05 23:00:00+00:00,5.854504639031836e-05
2021-10-06 23:00:00+00:00,-9.975864736344337e-06
2021-10-07 23:00:00+00:00,-5.6576630160453355e-05
2021-10-10 23:00:00+00:00,-3.571840106436153e-05
2021-10-11 23:00:00+00:00,-7.612486612133644e-05
2021-10-12 23:00:00+00:00,-0.00010307787712976165
2021-10-13 23:00:00+00:00,-0.00013267086535184843
2021-10-14 23:00:00+00:00,-7.780531951103115e-05
2021-10-17 23:00:00+00:00,-0.00010382023262590174
2021-10-18 23:00:00+00:00,-9.156569997626537e-05
2021-10-19 23:00:00+00:00,-0.0001390755945946476
2021-10-20 23:00:00+00:00,-0.00010990204678406907
2021-10-21 23:00:00+00:00,-7.041159239800417e-05
2021-10-24 23:00:00+00:00,-5.814755344375538e-05
2021-10-25 23:00:00+00:00,-8.974416490877641e-05
2021-10-26 23:00:00+00:00,-9.68847716455658e-05
2021-10-27 23:00:00+00:00,-0.0001441942693933976
2021-10-28 23:00:00+00:00,-0.00016658088568465533
2021-11-01 00:00:00+00:00,-0.0001211657258141101
2021-11-02 00:00:00+00:00,-8.430170361454353e-05
2021-11-03 00:00:00+00:00,-8.19491741245403e-05
2021-11-04 00:00:00+00:00,-3.4343674240891464e-05
2021-11-05 00:00:00+00:00,-8.013602883775572e-05
2021-11-08 00:00:00+00:00,1.393670314384001e-06
2021-11-09 00:00:00+00:00,-1.4811898517380715e-05
2021-11-10 00:00:00+00:00,-6.375923813422765e-06
2021-11-11 00:00:00+00:00,-6.1047313647363995e-06
2021-11-12 00:00:00+00:00,4.3385087721887e-05
2021-11-15 00:00:00+00:00,7.102430613040037e-05
2021-11-16 00:00:00+00:00,-1.289430248211862e-06
2021-11-17 00:00:00+00:00,-8.856855890423867e-06
2021-11-18 00:00:00+00:00,-3.315659145462519e-05
2021-11-19 00:00:00+00:00,1.8700390656376138e-06
2021-11-22 00:00:00+00:00,-7.381896060693451e-05
2021-11-23 00:00:00+00:00,-3.2074357494516186e-05
2021-11-24 00:00:00+00:00,-1.265545542276144e-05
2021-11-25 00:00:00+00:00,-5.3311222372515264e-05
2021-11-26 00:00:00+00:00,-9.062488546466305e-05
2021-11-29 00:00:00+00:00,-8.250588247699434e-05
2021-11-30 00:00:00+00:00,-1.678787603284944e-05
2021-12-01 00:00:00+00:00,-3.230666809689786e-05
2021-12-02 00:00:00+00:00,-4.5991072377980346e-05
2021-12-03 00:00:00+00:00,-5.39182873964387e-05
2021-12-06 00:00:00+00:00,-4.975416145006984e-05
2021-12-07 00:00:00+00:00,-7.580921485757794e-05
2021-12-08 00:00:00+00:00,-4.6954951815058286e-05
2021-12-09 00:00:00+00:00,-2.3926433438015583e-05
2021-12-10 00:00:00+00:00,1.820919002915814e-05
2021-12-13 00:00:00+00:00,4.776340106281548e-05
2021-12-14 00:00:00+00:00,2.72338120142295e-05
2021-12-15 00:00:00+00:00,3.425343927745787e-05
2021-12-16 00:00:00+00:00,-1.7514492892860365e-05
2021-12-17 00:00:00+00:00,-2.9420370356759203e-05
2021-12-20 00:00:00+00:00,-1.4687948532551322e-05
2021-12-21 00:00:00+00:00,5.506470772446504e-05
2021-12-22 00:00:00+00:00,4.1951218654555974e-05
2021-12-23 00:00:00+00:00,-1.1679866901755792e-05
2021-12-24 00:00:00+00:00,1.988400470074583e-05
2021-12-27 00:00:00+00:00,2.597716023262659e-05
2021-12-28 00:00:00+00:00,-4.8083100936589795e-05
2021-12-29 00:00:00+00:00,-0.00013494607940255305
2021-12-30 00:00:00+00:00,-0.00017765170575047978
2021-12-31 00:00:00+00:00,-0.0001959214879919376
2022-01-03 00:00:00+00:00,-0.00020482702946483192
2022-01-04 00:00:00+00:00,-0.0001861155450806314
2022-01-05 00:00:00+00:00,-0.00012145581538642019
2022-01-06 00:00:00+00:00,-9.337598088975281e-05
2022-01-07 00:00:00+00:00,-9.393547846450311e-05
2022-01-10 00:00:00+00:00,-8.344886002938177e-05
2022-01-11 00:00:00+00:00,-4.4726381321660586e-05
2022-01-12 00:00:00+00:00,-8.841328395943872e-05
2022-01-13 00:00:00+00:00,-8.436059855879184e-05
2022-01-14 00:00:00+00:00,-1.0242102618063936e-05
2022-01-17 00:00:00+00:00,3.84910689951376e-06
2022-01-18 00:00:00+00:00,1.522402737390684e-05
2022-01-19 00:00:00+00:00,-1.64641637340349e-05
2022-01-20 00:00:00+00:00,-2.4710365106553767e-05
2022-01-21 00:00:00+00:00,-1.6496240983547746e-05
2022-01-24 00:00:00+00:00,-1.596519827853091e-05
2022-01-25 00:00:00+00:00,1.819289999192451e-05
2022-01-26 00:00:00+00:00,4.01497439234148e-05
2022-01-27 00:00:00+00:00,-3.694090178242744e-06
2022-01-28 00:00:00+00:00,-7.3139044985742405e-06
2022-01-31 00:00:00+00:00,8.698450930467224e-05
2022-02-01 00:00:00+00:00,4.481881387905428e-05
2022-02-02 00:00:00+00:00,5.726952948565149e-05
2022-02-03 00:00:00+00:00,4.5851617710813454e-05
2022-02-04 00:00:00+00:00,6.394932283416196e-05
2022-02-07 00:00:00+00:00,9.01569728111477e-05
2022-02-08 00:00:00+00:00,0.0001294104531171774
2022-02-09 00:00:00+00:00,5.3459427342427996e-05
2022-02-10 00:00:00+00:00,2.029891418727555e-05
2022-02-11 00:00:00+00:00,1.3837963172562591e-05
2022-02-14 00:00:00+00:00,1.0511534586424547e-05
2022-02-15 00:00:00+00:00,-2.8287848342605903e-05
2022-02-16 00:00:00+00:00,-4.4392043452195704e-05
2022-02-17 00:00:00+00:00,-5.063627306530231e-05
2022-02-18 00:00:00+00:00,-7.178241060413039e-05
2022-02-21 00:00:00+00:00,-9.658448306192535e-05
2022-02-22 00:00:00+00:00,-8.183189579842425e-05
2022-02-23 00:00:00+00:00,-0.00010903507468824685
2022-02-24 00:00:00+00:00,-8.187593445943856e-05
2022-02-25 00:00:00+00:00,-0.0001381889356638238
2022-02-28 00:00:00+00:00,-3.548043421943911e-06
2022-03-01 00:00:00+00:00,-2.305103710374982e-05
2022-03-02 00:00:00+00:00,5.760334940411614e-05
2022-03-03 00:00:00+00:00,8.731223771742602e-05
2022-03-04 00:00:00+00:00,9.221643841100195e-05
2022-03-07 00:00:00+00:00,8.574341054753574e-05
2022-03-08 00:00:00+00:00,0.00014411958125248826
2022-03-09 00:00:00+00:00,0.00017302222138489793
2022-03-10 00:00:00+00:00,0.00019416647432221558
2022-03-11 00:00:00+00:00,0.00027051466007722543
2022-03-14 00:00:00+00:00,0.0002824501153043291
2022-03-15 00:00:00+00:00,0.000348556393407291
2022-03-16 00:00:00+00:00,0.00038094291516683814
2022-03-17 00:00:00+00:00,0.00034926415181085616
2022-03-18 00:00:00+00:00,0.0003443689824780263
2022-03-21 00:00:00+00:00,0.00040564664210313017
2022-03-22 00:00:00+00:00,0.00039443867626524605
2022-03-23 00:00:00+00:00,0.00033774137787619986
2022-03-24 00:00:00+00:00,0.00039999018886655285
2022-03-25 00:00:00+00:00,0.00042858324349431213
2022-03-27 23:00:00+00:00,0.0004341820506351007
2022-03-28 23:00:00+00:00,0.0004330742944986068
2022-03-29 23:00:00+00:00,0.00043981192488673666
2022-03-30 23:00:00+00:00,0.00046333150189367374
2022-03-31 23:00:00+00:00,0.00048496860019122496
2022-04-03 23:00:00+00:00,0.0004222825615686596
2022-04-04 23:00:00+00:00,0.0004000975336645408
2022-04-05 23:00:00+00:00,0.0004126838013986489
2022-04-06 23:00:00+00:00,0.0003973497792848701
2022-04-07 23:00:00+00:00,0.00038615532453346
2022-04-10 23:00:00+00:00,0.00037375380108982045
2022-04-11 23:00:00+00:00,0.00035169305004222355
2022-04-12 23:00:00+00:00,0.0002796092751099952
2022-04-13 23:00:00+00:00,0.0002883962129415006
2022-04-14 23:00:00+00:00,0.00027908017656219815
2022-04-17 23:00:00+00:00,0.0003350893726198861
2022-04-18 23:00:00+00:00,0.00030227607439684044
2022-04-19 23:00:00+00:00,0.00031801112957357235
2022-04-20 23:00:00+00:00,0.0003550769354381707
2022-04-21 23:00:00+00:00,0.00038997090720853606
2022-04-24 23:00:00+00:00,0.0004221091590066264
2022-04-25 23:00:00+00:00,0.0005249834241247199
2022-04-26 23:00:00+00:00,0.0005124724836879343
2022-04-27 23:00:00+00:00,0.0004681132721657314
2022-04-28 23:00:00+00:00,0.0005053850744492932
2022-05-01 23:00:00+00:00,0.0005172947946318878
2022-05-02 23:00:00+00:00,0.000495276794519787
2022-05-03 23:00:00+00:00,0.000489246850394975
2022-05-04 23:00:00+00:00,0.0004360026531176906
2022-05-05 23:00:00+00:00,0.0005199938663782936
2022-05-08 23:00:00+00:00,0.0006663618461237126
2022-05-09 23:00:00+00:00,0.0006927834762147245
2022-05-10 23:00:00+00:00,0.0007352193432382738
2022-05-11 23:00:00+00:00,0.0007241671387283439
2022-05-12 23:00:00+00:00,0.0007082078068120345
2022-05-15 23:00:00+00:00,0.0007657783866454907
2022-05-16 23:00:00+00:00,0.0008054051501968822
2022-05-17 23:00:00+00:00,0.0007825908728778179
2022-05-18 23:00:00+00:00,0.0008538924621727499
2022-05-19 23:00:00+00:00,0.0009375760641435605
2022-05-22 23:00:00+00:00,0.0010312770151698963
2022-05-23 23:00:00+00:00,0.0009841743838548342
2022-05-24 23:00:00+00:00,0.0009932281596714571
2022-05-25 23:00:00+00:00,0.000879657274576208
2022-05-26 23:00:00+00:00,0.0008742291864868197
2022-05-29 23:00:00+00:00,0.0007747663261420011
2022-05-30 23:00:00+00:00,0.0007576005712560214
2022-05-31 23:00:00+00:00,0.0007260273045629336
2022-06-01 23:00:00+00:00,0.0007078937877148233
2022-06-02 23:00:00+00:00,0.0006538864281732887
2022-06-05 23:00:00+00:00,0.0006743783874855755
2022-06-06 23:00:00+00:00,0.0006682463127106039
2022-06-07 23:00:00+00:00,0.0006176235090715847
2022-06-08 23:00:00+00:00,0.0005746954410381982
2022-06-09 23:00:00+00:00,0.0005250957595624335
2022-06-12 23:00:00+00:00,0.0005194262149272729
2022-06-13 23:00:00+00:00,0.0006198963395570994
2022-06-14 23:00:00+00:00,0.0006218552040042954
2022-06-15 23:00:00+00:00,0.0006034408561872238
2022-06-16 23:00:00+00:00,0.0006770405758024052
2022-06-19 23:00:00+00:00,0.0008166225696617079
2022-06-20 23:00:00+00:00,0.000830475210171459
2022-06-21 23:00:00+00:00,0.000795996920155688
2022-06-22 23:00:00+00:00,0.0007768054405691716
2022-06-23 23:00:00+00:00,0.000794543085029905
2022-06-26 23:00:00+00:00,0.0007410579647105717
2022-06-27 23:00:00+00:00,0.0007285865321167715
2022-06-28 23:00:00+00:00,0.000664913564520947
2022-06-29 23:00:00+00:00,0.0006659839017513292
2022-06-30 23:00:00+00:00,0.0006506161798975523
2022-07-03 23:00:00+00:00,0.000611517157364864
2022-07-04 23:00:00+00:00,0.0006136228967465714
2022-07-05 23:00:00+00:00,0.0005785264060630705
2022-07-06 23:00:00+00:00,0.0006854865229397244
2022-07-07 23:00:00+00:00,0.0006566429759256196
2022-07-10 23:00:00+00:00,0.0006502434175794432
2022-07-11 23:00:00+00:00,0.0006071015045437493
2022-07-12 23:00:00+00:00,0.0006551165702367622
2022-07-13 23:00:00+00:00,0.0005746735369541352
2022-07-14 23:00:00+00:00,0.0005594490507366675
2022-07-17 23:00:00+00:00,0.0005525097699465992
2022-07-18 23:00:00+00:00,0.0005649596965522303
2022-07-19 23:00:00+00:00,0.0004897816193236539
2022-07-20 23:00:00+00:00,0.0005036166566104302
2022-07-21 23:00:00+00:00,0.0003779847542690661
2022-07-24 23:00:00+00:00,0.0003452044824539934
2022-07-25 23:00:00+00:00,0.00027433474488247275
2022-07-26 23:00:00+00:00,0.00023740190306174077
2022-07-27 23:00:00+00:00,0.00017316716263215265
2022-07-28 23:00:00+00:00,0.00017346498495900056
2022-07-31 23:00:00+00:00,0.00017408005739446685
2022-08-01 23:00:00+00:00,0.00016581774178321598
2022-08-02 23:00:00+00:00,8.32101574820476e-05
2022-08-03 23:00:00+00:00,4.810720627346481e-05
2022-08-04 23:00:00+00:00,1.5140154464325303e-05
2022-08-07 23:00:00+00:00,-1.718423900439435e-06
2022-08-08 23:00:00+00:00,9.376925697752742e-05
2022-08-09 23:00:00+00:00,0.00013450169857430992
2022-08-10 23:00:00+00:00,4.1983213106253775e-05
2022-08-11 23:00:00+00:00,0.00015839246182311126
2022-08-14 23:00:00+00:00,0.0001230869983047788
2022-08-15 23:00:00+00:00,3.7042696448418184e-05
2022-08-16 23:00:00+00:00,1.89354286433659e-05
2022-08-17 23:00:00+00:00,-7.637848910798436e-05
2022-08-18 23:00:00+00:00,-2.5644377969962634e-05
2022-08-21 23:00:00+00:00,-1.6426143456936375e-05
2022-08-22 23:00:00+00:00,2.520798810614483e-05
2022-08-23 23:00:00+00:00,3.9366735768983814e-05
2022-08-24 23:00:00+00:00,7.086658402907873e-05
2022-08-25 23:00:00+00:00,4.533123173564545e-05
2022-08-28 23:00:00+00:00,4.556952322681395e-05
2022-08-29 23:00:00+00:00,0.0001334614124616296
2022-08-30 23:00:00+00:00,0.00011789853203690494
2022-08-31 23:00:00+00:00,5.6960654612103236e-05
2022-09-01 23:00:00+00:00,2.7561972937870625e-05
2022-09-04 23:00:00+00:00,1.6458878984755218e-05
2022-09-05 23:00:00+00:00,-5.449175429685787e-07
2022-09-06 23:00:00+00:00,-2.7431352126438754e-05
2022-09-07 23:00:00+00:00,-2.30202212363282e-06
2022-09-08 23:00:00+00:00,-8.089381414513701e-05
2022-09-11 23:00:00+00:00,-0.00016861346771310584
2022-09-12 23:00:00+00:00,-0.00014347962808137615
2022-09-13 23:00:00+00:00,-0.0002067139573832871
2022-09-14 23:00:00+00:00,-0.0001471857774573487
2022-09-15 23:00:00+00:00,-0.0002397505630388529
2022-09-18 23:00:00+00:00,-0.00018393336315203086
2022-09-19 23:00:00+00:00,-0.0001726143766869609
2022-09-20 23:00:00+00:00,-0.00020432706451050005
2022-09-21 23:00:00+00:00,-0.00015237232684512433
2022-09-22 23:00:00+00:00,-6.297673780786186e-05
2022-09-25 23:00:00+00:00,-2.1458052798379625e-05
2022-09-26 23:00:00+00:00,0.00017375646482255345
2022-09-27 23:00:00+00:00,0.00024277754007135787
2022-09-28 23:00:00+00:00,0.0002482732119822107
2022-09-29 23:00:00+00:00,0.00032244141150608845
2022-10-02 23:00:00+00:00,0.00039267992690026916
2022-10-03 23:00:00+00:00,0.0003652255920467253
2022-10-04 23:00:00+00:00,0.0004852063752580592
2022-10-05 23:00:00+00:00,0.0005374093056947195
2022-10-06 23:00:00+00:00,0.0005875480726415735
2022-10-09 23:00:00+00:00,0.0006354756595447755
2022-10-10 23:00:00+00:00,0.0006845009625440976
2022-10-11 23:00:00+00:00,0.0007074780726821885
2022-10-12 23:00:00+00:00,0.0006805048813845627
2022-10-13 23:00:00+00:00,0.0006234737931416889
2022-10-16 23:00:00+00:00,0.0006632359253858555
2022-10-17 23:00:00+00:00,0.000635194016311783
2022-10-18 23:00:00+00:00,0.0007420084996726181
2022-10-19 23:00:00+00:00,0.0007014343162394868
2022-10-20 23:00:00+00:00,0.0007657746164606944
2022-10-23 23:00:00+00:00,0.0007113951052673106
2022-10-24 23:00:00+00:00,0.0008321330945189765
2022-10-25 23:00:00+00:00,0.0007978919799748125
2022-10-26 23:00:00+00:00,0.0008428059672617753
2022-10-27 23:00:00+00:00,0.0009834011766738596
2022-10-31 00:00:00+00:00,0.0009344535922093259
2022-11-01 00:00:00+00:00,0.0008112866070493678
2022-11-02 00:00:00+00:00,0.0008141940576209617
2022-11-03 00:00:00+00:00,0.0007490426120778096
2022-11-04 00:00:00+00:00,0.0006780579612971852
2022-11-07 00:00:00+00:00,0.0006966983520452713
2022-11-08 00:00:00+00:00,0.0009240119163143696
2022-11-09 00:00:00+00:00,0.0008018099663216101
2022-11-10 00:00:00+00:00,0.0008370377561693395
2022-11-11 00:00:00+00:00,0.0009112192170513062
2022-11-14 00:00:00+00:00,0.0011167060794536271
2022-11-15 00:00:00+00:00,0.0012440086983325346
2022-11-16 00:00:00+00:00,0.001165553984584981
2022-11-17 00:00:00+00:00,0.0011624165775509085
2022-11-18 00:00:00+00:00,0.0010807907049966876
2022-11-21 00:00:00+00:00,0.00107476059395721
2022-11-22 00:00:00+00:00,0.0010175398806483498
2022-11-23 00:00:00+00:00,0.0010891708443763635
2022-11-24 00:00:00+00:00,0.0011122405842141471
2022-11-25 00:00:00+00:00,0.0011173844638460084
2022-11-28 00:00:00+00:00,0.0010437319379506989
2022-11-29 00:00:00+00:00,0.0010247843269223528
2022-11-30 00:00:00+00:00,0.0010193534532694842
2022-12-01 00:00:00+00:00,0.0009822436267708876
2022-12-02 00:00:00+00:00,0.0011182910595372592
2022-12-05 00:00:00+00:00,0.0011667799362059111
2022-12-06 00:00:00+00:00,0.0010325138346861515
2022-12-07 00:00:00+00:00,0.0010890262242825239
2022-12-08 00:00:00+00:00,0.0010464738563255279
2022-12-09 00:00:00+00:00,0.0009450184145417678
2022-12-12 00:00:00+00:00,0.0008950659187491076
2022-12-13 00:00:00+00:00,0.0006455727400100598
2022-12-14 00:00:00+00:00,0.0006125390146045429
2022-12-15 00:00:00+00:00,0.0006444292566146472
2022-12-16 00:00:00+00:00,0.0006032626926753444
2022-12-19 00:00:00+00:00,0.0007461187293291245
2022-12-20 00:00:00+00:00,0.000695510776713198
2022-12-21 00:00:00+00:00,0.0005569186355393781
2022-12-22 00:00:00+00:00,0.000572226378264264
2022-12-23 00:00:00+00:00,0.0003502555486292131
2022-12-26 00:00:00+00:00,0.00025130131403284985
2022-12-27 00:00:00+00:00,0.00024429721506386004
2022-12-28 00:00:00+00:00,0.00010084515163022445
2022-12-29 00:00:00+00:00,1.3492849720145306e-05
2022-12-30 00:00:00+00:00,-9.625704166005451e-05
2023-01-02 00:00:00+00:00,-0.00020460455723141004
2023-01-03 00:00:00+00:00,-0.00025358603379007933
2023-01-04 00:00:00+00:00,-0.00029757091403403296
2023-01-05 00:00:00+00:00,-0.00034709165280341625
2023-01-06 00:00:00+00:00,-0.000299146455399516
2023-01-09 00:00:00+00:00,-0.0002390211617269598
2023-01-10 00:00:00+00:00,-7.056646902166546e-05
2023-01-11 00:00:00+00:00,-8.204416651935546e-05
2023-01-12 00:00:00+00:00,-0.0001589924371137915
2023-01-13 00:00:00+00:00,-0.00023727967058361377
2023-01-16 00:00:00+00:00,-0.000274983154551294
2023-01-17 00:00:00+00:00,-0.00028161452195049966
2023-01-18 00:00:00+00:00,-0.0003901158847183254
2023-01-19 00:00:00+00:00,-0.00035912455776606223
2023-01-20 00:00:00+00:00,-0.0004777915442056935
2023-01-23 00:00:00+00:00,-0.0005045267761896316
2023-01-24 00:00:00+00:00,-0.0005161507349498448
2023-01-25 00:00:00+00:00,-0.0006627408126560199
2023-01-26 00:00:00+00:00,-0.0007068843268048545
2023-01-27 00:00:00+00:00,-0.0007061244672922646
2023-01-30 00:00:00+00:00,-0.0007396701433690957
2023-01-31 00:00:00+00:00,-0.0007566065906074526
2023-02-01 00:00:00+00:00,-0.000772958403330257
2023-02-02 00:00:00+00:00,-0.0008288967626985189
2023-02-03 00:00:00+00:00,-0.0009352844420728737
2023-02-06 00:00:00+00:00,-0.0009239587683033592
2023-02-07 00:00:00+00:00,-0.0007379815880788803
2023-02-08 00:00:00+00:00,-0.0008117983347997668
2023-02-09 00:00:00+00:00,-0.0010665321749319147
2023-02-10 00:00:00+00:00,-0.0012163325723270205
2023-02-13 00:00:00+00:00,-0.0012067497564724333
2023-02-14 00:00:00+00:00,-0.001236533167645222
2023-02-15 00:00:00+00:00,-0.001166212915205629
2023-02-16 00:00:00+00:00,-0.001183740242008807
2023-02-17 00:00:00+00:00,-0.0010932072017933257
2023-02-20 00:00:00+00:00,-0.0011321493157971955
2023-02-21 00:00:00+00:00,-0.0011855340367565624
2023-02-22 00:00:00+00:00,-0.0013033572304341802
2023-02-23 00:00:00+00:00,-0.0012260236788905927
2023-02-24 00:00:00+00:00,-0.0012276065005909255
2023-02-27 00:00:00+00:00,-0.0012585382759280174
2023-02-28 00:00:00+00:00,-0.0011638272106333676
2023-03-01 00:00:00+00:00,-0.001282306830403544
2023-03-02 00:00:00+00:00,-0.0013301113712178327
2023-03-03 00:00:00+00:00,-0.0012570552399827212
2023-03-06 00:00:00+00:00,-0.0013207293736093194
2023-03-07 00:00:00+00:00,-0.0012589416940626949
2023-03-08 00:00:00+00:00,-0.00123422470922343
2023-03-09 00:00:00+00:00,-0.0010424183833866608
2023-03-10 00:00:00+00:00,-0.0010182446586125427
2023-03-13 00:00:00+00:00,-0.0009616578894107624
2023-03-14 00:00:00+00:00,-0.0009196991410318966
2023-03-15 00:00:00+00:00,-0.0008265661919065912
2023-03-16 00:00:00+00:00,-0.0009417087727897752
2023-03-17 00:00:00+00:00,-0.0008082784416639701
2023-03-20 00:00:00+00:00,-0.0007573501236322298
2023-03-21 00:00:00+00:00,-0.0007474323828126316
2023-03-22 00:00:00+00:00,-0.0007165906119675023
2023-03-23 00:00:00+00:00,-0.0006453854852292587
2023-03-24 00:00:00+00:00,-0.0005956898041872879
2023-03-26 23:00:00+00:00,-0.0005791470627506418
2023-03-27 23:00:00+00:00,-0.0005558834283705839
2023-03-28 23:00:00+00:00,-0.0005309163324939518
2023-03-29 23:00:00+00:00,-0.0005021279379150622
2023-03-30 23:00:00+00:00,-0.0005128268926015778
2023-04-02 23:00:00+00:00,-0.0004545010221622481
2023-04-03 23:00:00+00:00,-0.0004979348351834487
2023-04-04 23:00:00+00:00,-0.0004557713845998882
2023-04-05 23:00:00+00:00,-0.0004962532675095556
2023-04-06 23:00:00+00:00,-0.0006472119762653316
2023-04-09 23:00:00+00:00,-0.0006078745148949865
2023-04-10 23:00:00+00:00,-0.000592432041855313
2023-04-11 23:00:00+00:00,-0.000534603744921403
2023-04-12 23:00:00+00:00,-0.0005746018563436671
2023-04-13 23:00:00+00:00,-0.000502433324023591
2023-04-16 23:00:00+00:00,-0.0003756442921543663
2023-04-17 23:00:00+00:00,-0.0002644115065322484
2023-04-18 23:00:00+00:00,-0.0002651337473766795
2023-04-19 23:00:00+00:00,-0.00024125607672056178
2023-04-20 23:00:00+00:00,-0.00026546088107860365
2023-04-23 23:00:00+00:00,-0.00024316277068456727
2023-04-24 23:00:00+00:00,-0.00020585642754567153
2023-04-25 23:00:00+00:00,-0.0002123142914678992
2023-04-26 23:00:00+00:00,-0.00013783510374947017
2023-04-27 23:00:00+00:00,-8.499388705354282e-05
2023-04-30 23:00:00+00:00,-9.903330882255444e-05
2023-05-01 23:00:00+00:00,-6.66620004138958e-05
2023-05-02 23:00:00+00:00,-0.00016051204073782178
2023-05-03 23:00:00+00:00,-0.00017150027457685235
2023-05-04 23:00:00+00:00,-0.00031267488042009423
2023-05-07 23:00:00+00:00,-0.0002612424924299285
2023-05-08 23:00:00+00:00,-0.00024808250159541554
2023-05-09 23:00:00+00:00,-0.00023533428835322782
2023-05-10 23:00:00+00:00,-0.00023461606063625035
2023-05-11 23:00:00+00:00,-0.00024142903683358787
2023-05-14 23:00:00+00:00,-0.00019795260913360938
2023-05-15 23:00:00+00:00,-0.00011039447786747713
2023-05-16 23:00:00+00:00,-0.0001298372740395487
2023-05-17 23:00:00+00:00,-0.0001531970839535879
2023-05-18 23:00:00+00:00,-0.000136800786530486
2023-05-21 23:00:00+00:00,-9.075289103981695e-05
2023-05-22 23:00:00+00:00,-9.063443801154633e-05
2023-05-23 23:00:00+00:00,-0.00010669959185859949
2023-05-24 23:00:00+00:00,-7.935385330131318e-05
2023-05-25 23:00:00+00:00,-7.88716156144174e-05
2023-05-28 23:00:00+00:00,-5.2323220899979685e-05
2023-05-29 23:00:00+00:00,-6.61491111743559e-05
2023-05-30 23:00:00+00:00,-0.00011707525293222498
2023-05-31 23:00:00+00:00,-0.00014673787663059285
2023-06-01 23:00:00+00:00,-0.00015110291767892348
2023-06-04 23:00:00+00:00,-8.932949453631378e-05
2023-06-05 23:00:00+00:00,-0.0002267300440414394
2023-06-06 23:00:00+00:00,-0.00020494483645435227
2023-06-07 23:00:00+00:00,-0.0002226040974684573
2023-06-08 23:00:00+00:00,-0.00033097279148096466
2023-06-11 23:00:00+00:00,-0.000308738327734228
2023-06-12 23:00:00+00:00,-0.0002984883191190354
2023-06-13 23:00:00+00:00,-0.00042535683868804
2023-06-14 23:00:00+00:00,-0.0004133640884986236
2023-06-15 23:00:00+00:00,-0.00043641303763442083
2023-06-18 23:00:00+00:00,-0.0003651872483570705
2023-06-19 23:00:00+00:00,-0.0004013182703271577
2023-06-20 23:00:00+00:00,-0.00044046045740265237
2023-06-21 23:00:00+00:00,-0.00039840091839747627
2023-06-22 23:00:00+00:00,-0.00037465438726930547
2023-06-25 23:00:00+00:00,-0.00035191374401105386
2023-06-26 23:00:00+00:00,-0.00034852573188120205
2023-06-27 23:00:00+00:00,-0.0003836725793440838
2023-06-28 23:00:00+00:00,-0.0004171706096863254
2023-06-29 23:00:00+00:00,-0.0003885811602803305
2023-07-02 23:00:00+00:00,-0.0005003580362259435
2023-07-03 23:00:00+00:00,-0.0004834164881772022
2023-07-04 23:00:00+00:00,-0.0005013301239663618
2023-07-05 23:00:00+00:00,-0.000522439834787192
2023-07-06 23:00:00+00:00,-0.0004844750838285854
2023-07-09 23:00:00+00:00,-0.0004857592298302205
2023-07-10 23:00:00+00:00,-0.00040452172451177493
2023-07-11 23:00:00+00:00,-0.0004376393653726454
2023-07-12 23:00:00+00:00,-0.0004825206088185799
2023-07-13 23:00:00+00:00,-0.0004360274846888978
2023-07-16 23:00:00+00:00,-0.0003346810782502039
2023-07-17 23:00:00+00:00,-0.0003104342661001862
2023-07-18 23:00:00+00:00,-0.0003248798354968368
2023-07-19 23:00:00+00:00,-0.00033083595821697086
2023-07-20 23:00:00+00:00,-0.000308632279484607
2023-07-23 23:00:00+00:00,-0.00028324194659757034
2023-07-24 23:00:00+00:00,-0.0002851467812210115
2023-07-25 23:00:00+00:00,-0.00027059582918232024
2023-07-26 23:00:00+00:00,-0.00023591377003310925
2023-07-27 23:00:00+00:00,-0.00026573457603957205
2023-07-30 23:00:00+00:00,-0.000190684837695459
2023-07-31 23:00:00+00:00,-0.00018498340914283647
2023-08-01 23:00:00+00:00,-0.00019605830383570728
2023-08-02 23:00:00+00:00,-0.00018722043023681936
2023-08-03 23:00:00+00:00,-0.0001636784619117133
2023-08-06 23:00:00+00:00,-0.00016609861023479666
2023-08-07 23:00:00+00:00,-0.0001350854139069886
2023-08-08 23:00:00+00:00,-0.00014901841594178959
2023-08-09 23:00:00+00:00,-0.00019392654362116683
2023-08-10 23:00:00+00:00,-0.0002804650707168106
2023-08-13 23:00:00+00:00,-0.0002914833867874878
2023-08-14 23:00:00+00:00,-0.00028762675637767233
2023-08-15 23:00:00+00:00,-0.0002830134854894294
2023-08-16 23:00:00+00:00,-0.00031590456587488394
2023-08-17 23:00:00+00:00,-0.0003253700946328122
2023-08-20 23:00:00+00:00,-0.0003195458158580869
2023-08-21 23:00:00+00:00,-0.0003312346892841095
2023-08-22 23:00:00+00:00,-0.000403007381293763
2023-08-23 23:00:00+00:00,-0.0004269591321340981
2023-08-24 23:00:00+00:00,-0.00038601856113828917
2023-08-27 23:00:00+00:00,-0.00026179697108997136
2023-08-28 23:00:00+00:00,-0.0002711203553356044
2023-08-29 23:00:00+00:00,-0.00029176783038982945
2023-08-30 23:00:00+00:00,-0.000304469632628646
2023-08-31 23:00:00+00:00,-0.0003294703394029321
2023-09-03 23:00:00+00:00,-0.00029173258239894315
2023-09-04 23:00:00+00:00,-0.00024105360880794305
2023-09-05 23:00:00+00:00,-0.0002512032481351064
2023-09-06 23:00:00+00:00,-0.0002556835247756084
2023-09-07 23:00:00+00:00,-0.00027468532293379797
2023-09-10 23:00:00+00:00,-0.0002704454733205067
2023-09-11 23:00:00+00:00,-0.0002919700028010254
2023-09-12 23:00:00+00:00,-0.00030282626619508807
2023-09-13 23:00:00+00:00,-0.0003994169379373082
2023-09-14 23:00:00+00:00,-0.0004180682762021351
2023-09-17 23:00:00+00:00,-0.0003817492067699356
2023-09-18 23:00:00+00:00,-0.0004086571699923854
2023-09-19 23:00:00+00:00,-0.0004368742790714945
2023-09-20 23:00:00+00:00,-0.0004538037744990118
2023-09-21 23:00:00+00:00,-0.00045080646302342146
2023-09-24 23:00:00+00:00,-0.00041161682800885295
2023-09-25 23:00:00+00:00,-0.00038917777480834
2023-09-26 23:00:00+00:00,-0.0004367068613440484
2023-09-27 23:00:00+00:00,-0.0004060082187829785
2023-09-28 23:00:00+00:00,-0.0004064633209543626
2023-10-01 23:00:00+00:00,-0.0003280321666105871
2023-10-02 23:00:00+00:00,-0.00032529127174763146
2023-10-03 23:00:00+00:00,-0.00025199558308811564
2023-10-04 23:00:00+00:00,-0.00024714249516667036
2023-10-05 23:00:00+00:00,-0.0003185948557226474
2023-10-08 23:00:00+00:00,-0.00027606561113270676
2023-10-09 23:00:00+00:00,-0.0002925798844202782
2023-10-10 23:00:00+00:00,-0.00037834088377389176
2023-10-11 23:00:00+00:00,-0.00047645136991193585
2023-10-12 23:00:00+00:00,-0.0004940707258002117
2023-10-15 23:00:00+00:00,-0.0003629407376721104
2023-10-16 23:00:00+00:00,-0.0003496834985648482
2023-10-17 23:00:00+00:00,-0.00035904431800911534
2023-10-18 23:00:00+00:00,-0.0003839809515734892
2023-10-19 23:00:00+00:00,-0.0004019628406584639
2023-10-22 23:00:00+00:00,-0.00040912917316126467
2023-10-23 23:00:00+00:00,-0.00044266121477143545
2023-10-24 23:00:00+00:00,-0.0004138967391329289
2023-10-25 23:00:00+00:00,-0.00045692058829451074
2023-10-26 23:00:00+00:00,-0.00044331219034100334
2023-10-30 00:00:00+00:00,-0.00046656195220725043
2023-10-31 00:00:00+00:00,-0.000501347900498419
2023-11-01 00:00:00+00:00,-0.0005271189766628526
2023-11-02 00:00:00+00:00,-0.00044747902221010114
2023-11-03 00:00:00+00:00,-0.00038167578117557447
2023-11-06 00:00:00+00:00,-0.0003569533053804949
2023-11-07 00:00:00+00:00,-0.00024721348920978383
2023-11-08 00:00:00+00:00,-0.00021572246375123555
2023-11-09 00:00:00+00:00,-0.00019860721755189485
2023-11-10 00:00:00+00:00,-0.00018438798272464758
2023-11-13 00:00:00+00:00,-0.00014117680233673591
2023-11-14 00:00:00+00:00,-0.00014773046852899728
2023-11-15 00:00:00+00:00,-0.00017065577513966212
2023-11-16 00:00:00+00:00,4.046646335949819e-05
2023-11-17 00:00:00+00:00,7.290271500413241e-05
2023-11-20 00:00:00+00:00,0.00010377205566165998
2023-11-21 00:00:00+00:00,0.00013677753034157906
2023-11-22 00:00:00+00:00,0.000154421819663035
2023-11-23 00:00:00+00:00,5.5772514670015746e-05
2023-11-24 00:00:00+00:00,0.00010234576648812362
2023-11-27 00:00:00+00:00,0.00011695178471074052
2023-11-28 00:00:00+00:00,9.506104693780219e-05
2023-11-29 00:00:00+00:00,0.00011399080728770892
2023-11-30 00:00:00+00:00,0.00014351896481690088
2023-12-01 00:00:00+00:00,0.00010530962018194881
2023-12-04 00:00:00+00:00,0.0001425009679189163
2023-12-05 00:00:00+00:00,0.00015549359914602363
2023-12-06 00:00:00+00:00,0.000227091712094998
2023-12-07 00:00:00+00:00,0.00026123212539529194
2023-12-08 00:00:00+00:00,0.00024185925188835184
2023-12-11 00:00:00+00:00,0.0002779241706861238
2023-12-12 00:00:00+00:00,0.00031017386876495924
2023-12-13 00:00:00+00:00,0.00031582599333007796
2023-12-14 00:00:00+00:00,0.000287511312661708
2023-12-15 00:00:00+00:00,0.00040834948487108785
2023-12-18 00:00:00+00:00,0.0004811658928249333
2023-12-19 00:00:00+00:00,0.0004930284607629828
2023-12-20 00:00:00+00:00,0.000458619715906453
2023-12-21 00:00:00+00:00,0.0005207460615735964
2023-12-22 00:00:00+00:00,0.0005134616890788181
2023-12-25 00:00:00+00:00,0.0005590292615942792
2023-12-26 00:00:00+00:00,0.0005217374303246982
2023-12-27 00:00:00+00:00,0.0004631061541582335
2023-12-28 00:00:00+00:00,0.0004064919278567174
2023-12-29 00:00:00+00:00,0.0004545550196452942
2024-01-01 00:00:00+00:00,0.00038033791162358577
2024-01-02 00:00:00+00:00,0.000345132881305138
2024-01-03 00:00:00+00:00,0.0003066126396786368
2024-01-04 00:00:00+00:00,0.00035498400495464436
2024-01-05 00:00:00+00:00,0.00035111342232087327
2024-01-08 00:00:00+00:00,0.00031570871537588965
2024-01-09 00:00:00+00:00,0.0002994727204313208
2024-01-10 00:00:00+00:00,0.00027670131687472684
2024-01-11 00:00:00+00:00,0.0001600561327045071
2024-01-12 00:00:00+00:00,0.00016673488895780839
2024-01-15 00:00:00+00:00,0.00014780914757917332
2024-01-16 00:00:00+00:00,0.00014363840200464157
2024-01-17 00:00:00+00:00,0.00013562389072863893
2024-01-18 00:00:00+00:00,0.00020391165440514182
2024-01-19 00:00:00+00:00,0.0002285626329568643
2024-01-22 00:00:00+00:00,0.000194480406407232
2024-01-23 00:00:00+00:00,0.00014610837807630533
2024-01-24 00:00:00+00:00,9.190842319188423e-05
2024-01-25 00:00:00+00:00,6.658148761587868e-05
2024-01-26 00:00:00+00:00,6.992449889451496e-05
2024-01-29 00:00:00+00:00,3.123737761638254e-05
2024-01-30 00:00:00+00:00,-4.2938358649178675e-05
2024-01-31 00:00:00+00:00,-8.584024532201466e-05
2024-02-01 00:00:00+00:00,-0.00010854703211748019
2024-02-02 00:00:00+00:00,-0.00024378908860584738
2024-02-05 00:00:00+00:00,-0.00021656947500705084
2024-02-06 00:00:00+00:00,-0.00011986700475284315
2024-02-07 00:00:00+00:00,-9.931338037072685e-05
2024-02-08 00:00:00+00:00,-9.376140911312872e-05
2024-02-09 00:00:00+00:00,-8.07076546839986e-05
2024-02-12 00:00:00+00:00,-8.319077313997253e-05
2024-02-13 00:00:00+00:00,-0.00027732597571608923
2024-02-14 00:00:00+00:00,-0.00030178728295295444
2024-02-15 00:00:00+00:00,-0.00022227252994946704
2024-02-16 00:00:00+00:00,-0.0002388033760805956
2024-02-19 00:00:00+00:00,-0.00025116699226084005
2024-02-20 00:00:00+00:00,-0.0002551873950949516
2024-02-21 00:00:00+00:00,-0.0002879002844922282
2024-02-22 00:00:00+00:00,-0.0002738812073763788
2024-02-23 00:00:00+00:00,-0.0003015449065145279
2024-02-26 00:00:00+00:00,-0.0003363581133827929
2024-02-27 00:00:00+00:00,-0.00040793403979818513
2024-02-28 00:00:00+00:00,-0.0004147138703460033
2024-02-29 00:00:00+00:00,-0.00045329405057533507
2024-03-01 00:00:00+00:00,-0.0005046347056748405
2024-03-04 00:00:00+00:00,-0.0005537334825538968
2024-03-05 00:00:00+00:00,-0.0005732413609732751
2024-03-06 00:00:00+00:00,-0.0005496319005622438
2024-03-07 00:00:00+00:00,-0.0006005245328150602
2024-03-08 00:00:00+00:00,-0.0005657027796517411
2024-03-11 00:00:00+00:00,-0.00047707295390704216
2024-03-12 00:00:00+00:00,-0.00047163456008521764
2024-03-13 00:00:00+00:00,-0.00058628129044373
2024-03-14 00:00:00+00:00,-0.00064358625196667
2024-03-15 00:00:00+00:00,-0.0006552365903465997
2024-03-18 00:00:00+00:00,-0.0005778173020389455
2024-03-19 00:00:00+00:00,-0.0006376617633562219
2024-03-20 00:00:00+00:00,-0.0006537670437669592
2024-03-21 00:00:00+00:00,-0.0006760673610779759
2024-03-22 00:00:00+00:00,-0.0005908922876330215
2024-03-25 00:00:00+00:00,-0.00047501596885379934
2024-03-26 00:00:00+00:00,-0.0004194085263200275
2024-03-27 00:00:00+00:00,-0.00046006427778310906
2024-03-28 00:00:00+00:00,-0.0004692655567261959
2024-03-29 00:00:00+00:00,-0.00045505614511362393
2024-03-31 23:00:00+00:00,-0.00042055851844762437
2024-04-01 23:00:00+00:00,-0.0005161285093828157
2024-04-02 23:00:00+00:00,-0.0004682172788347222
2024-04-03 23:00:00+00:00,-0.0004707946799891289
2024-04-04 23:00:00+00:00,-0.000392620417505572
2024-04-07 23:00:00+00:00,-0.0003795933212269926
2024-04-08 23:00:00+00:00,-0.00037651809969014476
2024-04-09 23:00:00+00:00,-0.0003666371187108224
2024-04-10 23:00:00+00:00,-0.00034866541642920726
2024-04-11 23:00:00+00:00,-0.0001845995205234847
2024-04-14 23:00:00+00:00,-0.00018869557803918293
2024-04-15 23:00:00+00:00,-0.00019015398324323312
2024-04-16 23:00:00+00:00,-0.0001732613138845803
2024-04-17 23:00:00+00:00,-0.00016131053240320747
2024-04-18 23:00:00+00:00,-0.00012024673110648402
2024-04-21 23:00:00+00:00,-0.00012281563563728984
2024-04-22 23:00:00+00:00,-0.0001189740503113549
2024-04-23 23:00:00+00:00,-0.0001281241697995276
2024-04-24 23:00:00+00:00,-9.386228064118098e-05
2024-04-25 23:00:00+00:00,-8.62193961914952e-05
2024-04-28 23:00:00+00:00,-8.500219926899869e-05
2024-04-29 23:00:00+00:00,-3.803161941207762e-05
2024-04-30 23:00:00+00:00,-1.237457940950681e-05
2024-05-01 23:00:00+00:00,6.535400810288956e-05
2024-05-02 23:00:00+00:00,9.496985568552014e-06
2024-05-05 23:00:00+00:00,4.913055525766806e-05
2024-05-06 23:00:00+00:00,3.7063221319284453e-05
2024-05-07 23:00:00+00:00,3.71758657333166e-05
2024-05-08 23:00:00+00:00,6.696545792850934e-05
2024-05-09 23:00:00+00:00,5.699382356299685e-05
2024-05-12 23:00:00+00:00,9.176032380156301e-05
2024-05-13 23:00:00+00:00,-1.746946780927308e-05
2024-05-14 23:00:00+00:00,-3.175098397752629e-05
2024-05-15 23:00:00+00:00,-6.141331821481709e-05
2024-05-16 23:00:00+00:00,6.878686981801442e-05
2024-05-19 23:00:00+00:00,9.928462367139908e-05
2024-05-20 23:00:00+00:00,9.14786113807354e-05
2024-05-21 23:00:00+00:00,0.00010884655424511216
2024-05-22 23:00:00+00:00,0.00010816405545457236
2024-05-23 23:00:00+00:00,0.00014441395656658324
2024-05-26 23:00:00+00:00,0.00014260955974095858
2024-05-27 23:00:00+00:00,0.00017340983434068662
2024-05-28 23:00:00+00:00,0.0001550423322603002
2024-05-29 23:00:00+00:00,0.00013338777759811177
2024-05-30 23:00:00+00:00,0.00015473744803219973
2024-06-02 23:00:00+00:00,0.0001792311837885952
2024-06-03 23:00:00+00:00,0.00020118413434748244
2024-06-04 23:00:00+00:00,0.00020269258842114512
2024-06-05 23:00:00+00:00,0.0001626249870296157
2024-06-06 23:00:00+00:00,0.00016588348241365538
2024-06-09 23:00:00+00:00,0.00016770627878552255
2024-06-10 23:00:00+00:00,0.0002748767316346373
2024-06-11 23:00:00+00:00,0.0002667690230175367
2024-06-12 23:00:00+00:00,0.0001877233945094545
2024-06-13 23:00:00+00:00,0.00022174564957461174
2024-06-16 23:00:00+00:00,0.00024607650164155427
2024-06-17 23:00:00+00:00,0.00022477675260185875
2024-06-18 23:00:00+00:00,0.00014961889893873965
2024-06-19 23:00:00+00:00,5.8896530026161104e-05
2024-06-20 23:00:00+00:00,-1.2621308994883052e-05
2024-06-23 23:00:00+00:00,1.6064681203193775e-05
2024-06-24 23:00:00+00:00,3.745076550197481e-05
2024-06-25 23:00:00+00:00,4.668439930201676e-05
2024-06-26 23:00:00+00:00,2.2257981164525847e-05
2024-06-27 23:00:00+00:00,5.51416866008507e-05
2024-06-30 23:00:00+00:00,-4.315788108633003e-06
2024-07-01 23:00:00+00:00,-1.4208523418526766e-05
2024-07-02 23:00:00+00:00,-5.3784518862104187e-05
2024-07-03 23:00:00+00:00,-4.8376784365372714e-05
2024-07-04 23:00:00+00:00,-3.072821210523208e-05
2024-07-07 23:00:00+00:00,-6.201592375443005e-05
2024-07-08 23:00:00+00:00,-4.013531650051477e-05
2024-07-09 23:00:00+00:00,-0.0002076011344751983
2024-07-10 23:00:00+00:00,-0.00022655288995962908
2024-07-11 23:00:00+00:00,-0.000279330050253697
2024-07-14 23:00:00+00:00,-0.00025034185930329243
2024-07-15 23:00:00+00:00,-0.0002619144583595177
2024-07-16 23:00:00+00:00,-0.0002837507453229693
2024-07-17 23:00:00+00:00,-0.00028144812578762696
2024-07-18 23:00:00+00:00,-0.00021818131952388567
2024-07-21 23:00:00+00:00,-0.00017317467387676462
2024-07-22 23:00:00+00:00,-0.00020718551294539441
2024-07-23 23:00:00+00:00,-0.00017425281285686966
2024-07-24 23:00:00+00:00,-0.00016478963122386857
2024-07-25 23:00:00+00:00,-0.00014674738169981804
2024-07-28 23:00:00+00:00,-0.00015689581311435557
2024-07-29 23:00:00+00:00,-0.00027436880741492625
2024-07-30 23:00:00+00:00,-0.00034515353402891913
2024-07-31 23:00:00+00:00,-0.0003853621828119095
2024-08-01 23:00:00+00:00,-0.0003497084701507701
2024-08-04 23:00:00+00:00,-0.0002837048227718043
2024-08-05 23:00:00+00:00,-0.00019206190652285363
2024-08-06 23:00:00+00:00,-0.00017398350832208446
2024-08-07 23:00:00+00:00,-0.0001666436942880413
2024-08-08 23:00:00+00:00,-0.00013869175110070575
2024-08-11 23:00:00+00:00,-7.138397043380965e-05
2024-08-12 23:00:00+00:00,-7.338278784756744e-05
2024-08-13 23:00:00+00:00,-0.00019201511527755337
2024-08-14 23:00:00+00:00,-0.00016169179955545466
2024-08-15 23:00:00+00:00,-0.00013147527763132834
2024-08-18 23:00:00+00:00,-8.835068648342659e-05
2024-08-19 23:00:00+00:00,1.4302311799094247e-05
2024-08-20 23:00:00+00:00,6.925002667631467e-05
2024-08-21 23:00:00+00:00,0.00012334805370060571
2024-08-22 23:00:00+00:00,0.00011397162584123608
2024-08-25 23:00:00+00:00,0.00012444942157567454
2024-08-26 23:00:00+00:00,0.00025240565549673613
2024-08-27 23:00:00+00:00,0.00022324870528062308
2024-08-28 23:00:00+00:00,0.0002259044534390956
2024-08-29 23:00:00+00:00,0.00021643437786212413
2024-09-01 23:00:00+00:00,0.00017899940854750268
2024-09-02 23:00:00+00:00,0.0001712868705862217
2024-09-03 23:00:00+00:00,0.00016296640681650936
2024-09-04 23:00:00+00:00,0.00022089921839198385
2024-09-05 23:00:00+00:00,0.00013791684475267327
2024-09-08 23:00:00+00:00,0.00015685004733333651
2024-09-09 23:00:00+00:00,0.00021754294307600426
2024-09-10 23:00:00+00:00,0.0002023184947503153
2024-09-11 23:00:00+00:00,0.0001920647374594399
2024-09-12 23:00:00+00:00,0.00019244481131093548
2024-09-15 23:00:00+00:00,0.00025472557104082826
2024-09-16 23:00:00+00:00,0.00025623219923251667
2024-09-17 23:00:00+00:00,0.0002944965431664966
2024-09-18 23:00:00+00:00,0.00026245445435506493
2024-09-19 23:00:00+00:00,0.000246553004029875
2024-09-22 23:00:00+00:00,0.0002650397292109541
2024-09-23 23:00:00+00:00,0.00028023497948877684
2024-09-24 23:00:00+00:00,0.000278026411044682
2024-09-25 23:00:00+00:00,0.00038058922464436146
2024-09-26 23:00:00+00:00,0.0004964476539457939
2024-09-29 23:00:00+00:00,0.0005360949610296014
2024-09-30 23:00:00+00:00,0.0005724184189627385
2024-10-01 23:00:00+00:00,0.0005453687660125846
2024-10-02 23:00:00+00:00,0.000590021685579643
2024-10-03 23:00:00+00:00,0.0005948154997077052
2024-10-06 23:00:00+00:00,0.0006332635635744209
2024-10-07 23:00:00+00:00,0.0007045958700986105
2024-10-08 23:00:00+00:00,0.0007061284416316942
2024-10-09 23:00:00+00:00,0.0006272072721321791
2024-10-10 23:00:00+00:00,0.000666343436022987
2024-10-13 23:00:00+00:00,0.0006686443794512546
2024-10-14 23:00:00+00:00,0.0006563933476931572
2024-10-15 23:00:00+00:00,0.0005843621311563008
2024-10-16 23:00:00+00:00,0.0005390209210532049
2024-10-17 23:00:00+00:00,0.0005469359724459078
2024-10-20 23:00:00+00:00,0.000514755366578586
2024-10-21 23:00:00+00:00,0.0004804389426678918
2024-10-22 23:00:00+00:00,0.000480381619350761
2024-10-23 23:00:00+00:00,0.00045152602806205946
2024-10-24 23:00:00+00:00,0.000489574170042893
2024-10-28 00:00:00+00:00,0.00048468036482316075
2024-10-29 00:00:00+00:00,0.0004821009642670838
2024-10-30 00:00:00+00:00,0.00041002573631662926
2024-10-31 00:00:00+00:00,0.00033923680656799005
2024-11-01 00:00:00+00:00,0.00021210773184863856
2024-11-04 00:00:00+00:00,0.0002124371769269811
2024-11-05 00:00:00+00:00,0.0001838557086163194
2024-11-06 00:00:00+00:00,0.000142413072802142
2024-11-07 00:00:00+00:00,0.00012910483579823108
2024-11-08 00:00:00+00:00,0.00031023341322920566
2024-11-11 00:00:00+00:00,0.00040432215906648474
2024-11-12 00:00:00+00:00,0.0004122858642305349
2024-11-13 00:00:00+00:00,0.00038136204998861795
2024-11-14 00:00:00+00:00,0.0003812974660114222
2024-11-15 00:00:00+00:00,0.00032460215068619335
2024-11-18 00:00:00+00:00,0.0002863095420337367
2024-11-19 00:00:00+00:00,0.0002469665630549845
2024-11-20 00:00:00+00:00,0.0002762422185092813
2024-11-21 00:00:00+00:00,0.0002582683126898591
2024-11-22 00:00:00+00:00,0.00015615849476268914
2024-11-25 00:00:00+00:00,0.0001814136721498172
2024-11-26 00:00:00+00:00,0.00014564767857515792
2024-11-27 00:00:00+00:00,0.00019902699327909237
2024-11-28 00:00:00+00:00,0.0002078463351543572
2024-11-29 00:00:00+00:00,0.00024015753659078218
2024-12-02 00:00:00+00:00,0.00021470270449850488
2024-12-03 00:00:00+00:00,0.00015546636108397386
2024-12-04 00:00:00+00:00,0.00014134136425789263
2024-12-05 00:00:00+00:00,0.00010506994295285442
2024-12-06 00:00:00+00:00,7.200561385668595e-05
2024-12-09 00:00:00+00:00,7.039901615023747e-05
2024-12-10 00:00:00+00:00,8.603170615838858e-05
2024-12-11 00:00:00+00:00,7.476495970641043e-05
2024-12-12 00:00:00+00:00,4.544775407979871e-05
2024-12-13 00:00:00+00:00,3.0942092297675094e-05
2024-12-16 00:00:00+00:00,4.248563693495409e-05
2024-12-17 00:00:00+00:00,3.1056291425895794e-05
2024-12-18 00:00:00+00:00,3.421624273334785e-05
2024-12-19 00:00:00+00:00,2.3684372612732714e-05
2024-12-20 00:00:00+00:00,0.00020466756859955238
2024-12-23 00:00:00+00:00,0.00022692146931269346
2024-12-24 00:00:00+00:00,0.00017250993564483803
2024-12-25 00:00:00+00:00,5.5597309353581925e-05
2024-12-26 00:00:00+00:00,-3.120795892672286e-05
2024-12-27 00:00:00+00:00,-0.00010139590763058983
2024-12-30 00:00:00+00:00,-9.891066845724161e-05
2024-12-31 00:00:00+00:00,-0.00014618425588637475
2025-01-02 00:00:00+00:00,-0.00017874679019369783
2025-01-03 00:00:00+00:00,-0.00017780890658765846
2025-01-06 00:00:00+00:00,-0.0002098077292807198
2025-01-07 00:00:00+00:00,-0.00021931645196921834
2025-01-08 00:00:00+00:00,-0.00015850316604135856
2025-01-09 00:00:00+00:00,-0.0001883785674520605
2025-01-10 00:00:00+00:00,-0.00017256220268116853
2025-01-13 00:00:00+00:00,-0.00016100108224489495
2025-01-14 00:00:00+00:00,-0.00011656047061078421
2025-01-15 00:00:00+00:00,-0.00010291073680674919
2025-01-16 00:00:00+00:00,-0.00011019334625005745
2025-01-17 00:00:00+00:00,-8.368295357243354e-05
2025-01-20 00:00:00+00:00,-7.320828552571153e-05
2025-01-21 00:00:00+00:00,-9.135137753732035e-05
2025-01-22 00:00:00+00:00,6.707177347689162e-05
2025-01-23 00:00:00+00:00,2.405627411702872e-05
2025-01-24 00:00:00+00:00,1.3907856226180303e-05
2025-01-27 00:00:00+00:00,-2.06449120626743e-05
2025-01-28 00:00:00+00:00,-1.314658420453231e-06
2025-01-29 00:00:00+00:00,1.3591064624336995e-05
2025-01-30 00:00:00+00:00,7.415246877032038e-06
2025-01-31 00:00:00+00:00,-2.195735097567514e-05
2025-02-03 00:00:00+00:00,4.889516103090928e-06
2025-02-04 00:00:00+00:00,0.00015697668746626845
2025-02-05 00:00:00+00:00,0.00020824384763518458
2025-02-06 00:00:00+00:00,7.094679453587514e-05
2025-02-07 00:00:00+00:00,9.755143349364677e-06
2025-02-10 00:00:00+00:00,-3.282685951153455e-05
2025-02-11 00:00:00+00:00,-2.306964160064817e-06
2025-02-12 00:00:00+00:00,-7.21624163477568e-05
2025-02-13 00:00:00+00:00,-6.580906740027244e-05
2025-02-14 00:00:00+00:00,-9.645451337022149e-05
2025-02-17 00:00:00+00:00,-2.2999881309734068e-05
2025-02-18 00:00:00+00:00,-2.6396082393409948e-05
2025-02-19 00:00:00+00:00,-4.9385539047512236e-05
2025-02-20 00:00:00+00:00,-7.042147302478274e-05
2025-02-21 00:00:00+00:00,-9.464590296086447e-05
2025-02-24 00:00:00+00:00,5.639628585022566e-06
2025-02-25 00:00:00+00:00,-5.825141328240184e-05
2025-02-26 00:00:00+00:00,-7.08671773148907e-05
2025-02-27 00:00:00+00:00,-0.00011157969031150555
2025-02-28 00:00:00+00:00,-7.255838958356887e-05
2025-03-03 00:00:00+00:00,3.8383443679437714e-05
2025-03-04 00:00:00+00:00,1.9149950233616608e-05
2025-03-05 00:00:00+00:00,8.590012819999866e-05
2025-03-06 00:00:00+00:00,0.00015453422749316797
2025-03-07 00:00:00+00:00,0.0002132289287312102
2025-03-10 00:00:00+00:00,0.00019257080352832762
2025-03-11 00:00:00+00:00,0.00022085402951157237
2025-03-12 00:00:00+00:00,0.00020114240906145189
2025-03-13 00:00:00+00:00,0.0002358669569802285
2025-03-14 00:00:00+00:00,0.00020864093102646855
2025-03-17 00:00:00+00:00,0.0002232803099907173
2025-03-18 00:00:00+00:00,0.000245082435657149
2025-03-19 00:00:00+00:00,0.00028012172005587293
2025-03-20 00:00:00+00:00,8.777141688418293e-05
2025-03-21 00:00:00+00:00,2.9955048891457635e-05
2025-03-24 00:00:00+00:00,2.932177697048113e-05
2025-03-25 00:00:00+00:00,3.415806505113099e-05
2025-03-26 00:00:00+00:00,5.713489884583275e-05
2025-03-27 00:00:00+00:00,8.251559854932124e-05
2025-03-28 00:00:00+00:00,8.512335806189035e-05
2025-03-30 23:00:00+00:00,0.00010711526280624776
2025-03-31 23:00:00+00:00,0.00011161160265054249
2025-04-01 23:00:00+00:00,9.711226371115697e-05
2025-04-02 23:00:00+00:00,8.268273457738735e-05
2025-04-03 23:00:00+00:00,0.00014703882371624316
2025-04-06 23:00:00+00:00,0.00023323310890769732
2025-04-07 23:00:00+00:00,0.0004995490020925173
2025-04-08 23:00:00+00:00,0.0005418386186031394
2025-04-09 23:00:00+00:00,0.0006087024186388493
2025-04-10 23:00:00+00:00,0.0007277167757018636
2025-04-13 23:00:00+00:00,0.0009937866207481967
2025-04-14 23:00:00+00:00,0.001057429791448022
2025-04-15 23:00:00+00:00,0.001024969708445035
2025-04-16 23:00:00+00:00,0.0010185737194530154
2025-04-21 23:00:00+00:00,0.001035864523248991
2025-04-22 23:00:00+00:00,0.0009483496012219249
2025-04-23 23:00:00+00:00,0.0010535830476192639
2025-04-24 23:00:00+00:00,0.0010405116064638315
2025-04-27 23:00:00+00:00,0.001051047588840703
2025-04-28 23:00:00+00:00,0.0010322967783243115
2025-04-29 23:00:00+00:00,0.00107875553601242
2025-04-30 23:00:00+00:00,0.0010802404781211153
2025-05-01 23:00:00+00:00,0.001098687053519968
2025-05-04 23:00:00+00:00,0.0010921161410869292
2025-05-05 23:00:00+00:00,0.0009690802016410031
2025-05-06 23:00:00+00:00,0.0008390193812198585
2025-05-07 23:00:00+00:00,0.0008174107788322775
2025-05-08 23:00:00+00:00,0.0008219450028377597
2025-05-11 23:00:00+00:00,0.0008734473128740611
2025-05-12 23:00:00+00:00,0.0008180594288059503
2025-05-13 23:00:00+00:00,0.0009365614152761839
2025-05-14 23:00:00+00:00,0.0009727582098659222
2025-05-15 23:00:00+00:00,0.0009662925086856341
2025-05-18 23:00:00+00:00,0.0008822935957256261
2025-05-19 23:00:00+00:00,0.0008054899407431391
2025-05-20 23:00:00+00:00,0.000821191764185351
2025-05-21 23:00:00+00:00,0.0008300916712482139
2025-05-22 23:00:00+00:00,0.0008028891092225947
2025-05-25 23:00:00+00:00,0.0006895018270046361
2025-05-26 23:00:00+00:00,0.0007890913847807546
2025-05-27 23:00:00+00:00,0.0007390116657285499
2025-05-28 23:00:00+00:00,0.0007571505424265497
2025-05-29 23:00:00+00:00,0.0007715207801475719
2025-06-01 23:00:00+00:00,0.0007269753998879616
2025-06-02 23:00:00+00:00,0.0006934620788259238
2025-06-03 23:00:00+00:00,0.0007106219121712784
2025-06-04 23:00:00+00:00,0.000648796384497735
2025-06-05 23:00:00+00:00,0.0005622143064691193
2025-06-08 23:00:00+00:00,0.0005375311667958809
2025-06-09 23:00:00+00:00,0.0004921350597620533
2025-06-10 23:00:00+00:00,0.0004459952522017519
2025-06-11 23:00:00+00:00,0.0003906117475873522
2025-06-12 23:00:00+00:00,0.00038061374863191527
2025-06-15 23:00:00+00:00,0.0004071026228346739
2025-06-16 23:00:00+00:00,0.0003866315246078755
2025-06-17 23:00:00+00:00,0.00029826195678572375
2025-06-18 23:00:00+00:00,0.00034224113150712644
2025-06-19 23:00:00+00:00,0.0003229387044160481
2025-06-22 23:00:00+00:00,0.0002682156078545484
2025-06-23 23:00:00+00:00,0.0002651111832509519
2025-06-24 23:00:00+00:00,0.00028971867633250867
2025-06-25 23:00:00+00:00,0.0002929989305019967
2025-06-26 23:00:00+00:00,0.0002807908989407356
2025-06-29 23:00:00+00:00,0.0002452986081411942
2025-06-30 23:00:00+00:00,0.00020859877537168173
2025-07-01 23:00:00+00:00,0.0002069881306656779
2025-07-02 23:00:00+00:00,0.0001563490504055149
2025-07-03 23:00:00+00:00,5.4412963259650206e-05
2025-07-06 23:00:00+00:00,-9.183073908438071e-05
2025-07-07 23:00:00+00:00,-0.0003842823140144105
2025-07-08 23:00:00+00:00,-0.00041319705997103565
2025-07-09 23:00:00+00:00,-0.0004933720744982033
2025-07-10 23:00:00+00:00,-0.0006643271124012456
2025-07-13 23:00:00+00:00,-0.0009341697749774367
2025-07-14 23:00:00+00:00,-0.0009815795144874897
2025-07-15 23:00:00+00:00,-0.0009683180990296136
2025-07-16 23:00:00+00:00,-0.0009555565775781118
2025-07-17 23:00:00+00:00,-0.001014025867657804
2025-07-20 23:00:00+00:00,-0.001085916083220037
2025-07-21 23:00:00+00:00,-0.001205941306690367
2025-07-22 23:00:00+00:00,-0.001154555317322995
2025-07-23 23:00:00+00:00,-0.0011241902820614954
2025-07-24 23:00:00+00:00,-0.00109369602098587
2025-07-27 23:00:00+00:00,-0.0011416847270761732
2025-07-28 23:00:00+00:00,-0.0011145644892185044
2025-07-29 23:00:00+00:00,-0.0010384864302640127
2025-07-30 23:00:00+00:00,-0.001069278029429516
2025-07-31 23:00:00+00:00,-0.0009999355420247597
2025-08-03 23:00:00+00:00,-0.0009649425628322278
2025-08-04 23:00:00+00:00,-0.0008685714813531122
2025-08-05 23:00:00+00:00,-0.0009261899499335494
2025-08-06 23:00:00+00:00,-0.0010152441347992102
2025-08-07 23:00:00+00:00,-0.0009757642231540287
2025-08-10 23:00:00+00:00,-0.0010642735315161047
2025-08-11 23:00:00+00:00,-0.001137452320372437
2025-08-12 23:00:00+00:00,-0.0011397475965638872
2025-08-13 23:00:00+00:00,-0.001120377097274602
2025-08-14 23:00:00+00:00,-0.0010570873345255426
2025-08-17 23:00:00+00:00,-0.0010013606506511434
2025-08-18 23:00:00+00:00,-0.0010118485396201121
2025-08-19 23:00:00+00:00,-0.000985997953348785
2025-08-20 23:00:00+00:00,-0.0009572165899646968
2025-08-21 23:00:00+00:00,-0.001030934287155354
2025-08-24 23:00:00+00:00,-0.0009735224711566381
2025-08-25 23:00:00+00:00,-0.0009296131273591459
2025-08-26 23:00:00+00:00,-0.0009316192182049483
2025-08-27 23:00:00+00:00,-0.0009892821454630185
2025-08-28 23:00:00+00:00,-0.0009575162098659968
2025-08-31 23:00:00+00:00,-0.0010119346898652079
2025-09-01 23:00:00+00:00,-0.0010453745325901425
2025-09-02 23:00:00+00:00,-0.0010544532050860119
2025-09-03 23:00:00+00:00,-0.0009488139149374433
2025-09-04 23:00:00+00:00,-0.0009268126292534119
2025-09-07 23:00:00+00:00,-0.0008901430088787592
2025-09-08 23:00:00+00:00,-0.0008238754989668483
2025-09-09 23:00:00+00:00,-0.0007571027237467916
2025-09-10 23:00:00+00:00,-0.0007739931430135166
2025-09-11 23:00:00+00:00,-0.0007803935267629079
2025-09-14 23:00:00+00:00,-0.0007209802484427394
2025-09-15 23:00:00+00:00,-0.0007544321484937396
2025-09-16 23:00:00+00:00,-0.0007051686634627317
2025-09-17 23:00:00+00:00,-0.0006332450483156099
2025-09-18 23:00:00+00:00,-0.0006032950281571773
2025-09-21 23:00:00+00:00,-0.0005757104116756967
2025-09-22 23:00:00+00:00,-0.0005421510897002089
2025-09-23 23:00:00+00:00,-0.0005156266709144867
2025-09-24 23:00:00+00:00,-0.0005063395650753556
2025-09-25 23:00:00+00:00,-0.0004258283870448077
2025-09-28 23:00:00+00:00,-0.00036199711634402314
2025-09-29 23:00:00+00:00,-0.00031501885474322783
2025-09-30 23:00:00+00:00,-0.00028511897064151075
2025-10-01 23:00:00+00:00,-0.00027040434279793166
2025-10-02 23:00:00+00:00,-0.0002442262792469491
2025-10-05 23:00:00+00:00,-0.0002893088117427978
2025-10-06 23:00:00+00:00,-0.0002606434250896376
2025-10-07 23:00:00+00:00,-0.0002293904053105476
2025-10-08 23:00:00+00:00,-0.00019051821531876952
2025-10-09 23:00:00+00:00,-0.0002027035921866589
2025-10-12 23:00:00+00:00,-0.0001666265925212439
2025-10-13 23:00:00+00:00,-0.00014250883061270488
2025-10-14 23:00:00+00:00,-0.00012945716808792198
2025-10-15 23:00:00+00:00,-0.00012149985198737666
2025-10-16 23:00:00+00:00,-8.112905775697768e-05
2025-10-19 23:00:00+00:00,-8.611571279631232e-05
2025-10-20 23:00:00+00:00,-0.00010532214943869767
2025-10-21 23:00:00+00:00,-0.00013568018046894881
2025-10-22 23:00:00+00:00,-0.00011856721486325347
2025-10-23 23:00:00+00:00,-0.00014680270896533492
2025-10-27 00:00:00+00:00,-0.0002184489015823925
2025-10-28 00:00:00+00:00,-0.00022007195799261543
2025-10-29 00:00:00+00:00,-0.0002998483005690932
2025-10-30 00:00:00+00:00,-0.0002892945059798759
2025-10-31 00:00:00+00:00,-0.000365849787683138
2025-11-03 00:00:00+00:00,-0.0003214793054286593
2025-11-04 00:00:00+00:00,-0.0002822829131623292
2025-11-05 00:00:00+00:00,-0.00030159194935300455
2025-11-06 00:00:00+00:00,-0.00024895724096069124
2025-11-07 00:00:00+00:00,-0.00024334588848228022
2025-11-10 00:00:00+00:00,-0.00019555047200470708
2025-11-11 00:00:00+00:00,-0.00020606811519352682
2025-11-12 00:00:00+00:00,-0.0002129180320135705
2025-11-13 00:00:00+00:00,-0.00026013793633278574
2025-11-14 00:00:00+00:00,-0.0002570948413878134
2025-11-17 00:00:00+00:00,-0.0002490662044386076
2025-11-18 00:00:00+00:00,-0.0002643874572231834
2025-11-19 00:00:00+00:00,-0.0002638939195315137
2025-11-20 00:00:00+00:00,-0.0002740942748956053
2025-11-21 00:00:00+00:00,-0.00029228986063638274
2025-11-24 00:00:00+00:00,-0.0003018247133189187
2025-11-25 00:00:00+00:00,-0.0002882620729239404
2025-11-26 00:00:00+00:00,-0.00029846461481140016
2025-11-27 00:00:00+00:00,-0.000293162612652431
2025-11-28 00:00:00+00:00,-0.00021271956602955753
2025-12-01 00:00:00+00:00,-0.00021224506000376087
2025-12-02 00:00:00+00:00,-0.000296940372430215
2025-12-03 00:00:00+00:00,-0.00030930774885591346
2025-12-04 00:00:00+00:00,-0.00030169931942940686
2025-12-05 00:00:00+00:00,-0.0002849122751776862
2025-12-08 00:00:00+00:00,-0.00034530038448470513
2025-12-09 00:00:00+00:00,-0.00034573692395224124
2025-12-10 00:00:00+00:00,-0.00034842287712266067
2025-12-11 00:00:00+00:00,-0.00036699674271085904
2025-12-12 00:00:00+00:00,-0.0002941883594013866
2025-12-15 00:00:00+00:00,-0.00030484270216004283
2025-12-16 00:00:00+00:00,-0.0003620729641403606
2025-12-17 00:00:00+00:00,-0.0003914295173914578
2025-12-18 00:00:00+00:00,-0.000441384182042928
2025-12-19 00:00:00+00:00,-0.000455150341540562
2025-12-22 00:00:00+00:00,-0.00048347509287338273
2025-12-23 00:00:00+00:00,-0.00043812941362034
2025-12-24 00:00:00+00:00,-0.0004171076790369637
2025-12-26 00:00:00+00:00,-0.0004406068847107882
2025-12-29 00:00:00+00:00,-0.00046353221107506585
2025-12-30 00:00:00+00:00,-0.0004669035477877074
2025-12-31 00:00:00+00:00,-0.0004580956678946844
2026-01-02 00:00:00+00:00,-0.0004465704743445622
2026-01-05 00:00:00+00:00,-0.00042335441235328425
2026-01-06 00:00:00+00:00,-0.00042823307469877416
2026-01-07 00:00:00+00:00,-0.00040658830550774436
2026-01-08 00:00:00+00:00,-0.0004434364727987075
2026-01-09 00:00:00+00:00,-0.00043189383625586667
2026-01-12 00:00:00+00:00,-0.00046432344735194194
2026-01-13 00:00:00+00:00,-0.0004607247518060714
2026-01-14 00:00:00+00:00,-0.00041482725006337234
2026-01-15 00:00:00+00:00,-0.00037529336791468967
2026-01-16 00:00:00+00:00,-0.00039432513438809056
2026-01-19 00:00:00+00:00,-0.0003972089513182308
2026-01-20 00:00:00+00:00,-0.00037423125618118655
2026-01-21 00:00:00+00:00,-0.0003448873981357751
2026-01-22 00:00:00+00:00,-0.000315106500792407
2026-01-23 00:00:00+00:00,-0.00026565072912343446
2026-01-26 00:00:00+00:00,-0.00017081358131912968
2026-01-27 00:00:00+00:00,-5.62441658646072e-06
2026-01-28 00:00:00+00:00,-6.189055656310918e-06
2026-01-29 00:00:00+00:00,0.0001331423854279718
2026-01-30 00:00:00+00:00,0.00012649414869291345
2026-02-02 00:00:00+00:00,9.868912237000465e-05
2026-02-03 00:00:00+00:00,0.0002338163911193387
2026-02-04 00:00:00+00:00,0.0002495298757417834
2026-02-05 00:00:00+00:00,0.00021825967382531645
2026-02-06 00:00:00+00:00,0.00024588795801781934
2026-02-09 00:00:00+00:00,0.00025494010777805595
2026-02-10 00:00:00+00:00,0.0003343348702750217
2026-02-11 00:00:00+00:00,0.0004026848313962339
2026-02-12 00:00:00+00:00,0.0004151285839645996
2026-02-13 00:00:00+00:00,0.0004375597977407399
2026-02-16 00:00:00+00:00,0.00043471896536249324
2026-02-17 00:00:00+00:00,0.00042525811173485355
2026-02-18 00:00:00+00:00,0.0004009227226820845
2026-02-19 00:00:00+00:00,0.00039044005986613476
2026-02-20 00:00:00+00:00,0.00039922679139707843
2026-02-23 00:00:00+00:00,0.0003857282858340267
2026-02-24 00:00:00+00:00,0.0004254358437827104
2026-02-25 00:00:00+00:00,0.00047390217078060147
2026-02-26 00:00:00+00:00,0.0004580067617762553
2026-02-27 00:00:00+00:00,0.00042060081130060583
2026-03-02 00:00:00+00:00,0.00043150701808387145
2026-03-03 00:00:00+00:00,0.00046783665919156473
2026-03-04 00:00:00+00:00,0.0005016819953431264
2026-03-05 00:00:00+00:00,0.0005454591044841439
2026-03-06 00:00:00+00:00,0.0005241862673156846
2026-03-09 00:00:00+00:00,0.000546722724331687
2026-03-10 00:00:00+00:00,0.0005779485742522022
2026-03-11 00:00:00+00:00,0.00067119212355625
2026-03-12 00:00:00+00:00,0.0006560148686854373
2026-03-13 00:00:00+00:00,0.0006073019326567021
2026-03-16 00:00:00+00:00,0.0006236840379102767
2026-03-17 00:00:00+00:00,0.0006975921540290464
2026-03-18 00:00:00+00:00,0.000738594898339441
2026-03-19 00:00:00+00:00,0.0007471356005725573
2026-03-20 00:00:00+00:00,0.0008108355632922668
2026-03-23 00:00:00+00:00,0.0009076333909334737
2026-03-24 00:00:00+00:00,0.0009175893329737787
2026-03-25 00:00:00+00:00,0.0008591154446292732
2026-03-26 00:00:00+00:00,0.0007862781828425489
2026-03-27 00:00:00+00:00,0.0008316293432673806
2026-03-29 23:00:00+00:00,0.0008539922611860993
2026-03-30 23:00:00+00:00,0.000884686071053914
2026-03-31 23:00:00+00:00,0.0008600128820782974
2026-04-01 23:00:00+00:00,0.0009086553258888775
2026-04-02 23:00:00+00:00,0.0008872017676686333
2026-04-05 23:00:00+00:00,0.0008794771377254695
2026-04-06 23:00:00+00:00,0.0008666339557105288
2026-04-07 23:00:00+00:00,0.0008610945094666036
2026-04-08 23:00:00+00:00,0.0009958496449146556
2026-04-09 23:00:00+00:00,0.0009361434845978271
2026-04-12 23:00:00+00:00,0.0008892206515661773
2026-04-13 23:00:00+00:00,0.0008657599488741826
2026-04-14 23:00:00+00:00,0.000953492647689009
2026-04-15 23:00:00+00:00,0.0009371896608385793
2026-04-16 23:00:00+00:00,0.0008839383036665172
2026-04-19 23:00:00+00:00,0.000858279061043635
2026-04-20 23:00:00+00:00,0.0007901129874801232
2026-04-21 23:00:00+00:00,0.0007836205265493879
2026-04-22 23:00:00+00:00,0.0006732665054783285
2026-04-23 23:00:00+00:00,0.000499308324805786
2026-04-26 23:00:00+00:00,0.0005035488309247365
2026-04-27 23:00:00+00:00,0.00032846917544745785
2026-04-28 23:00:00+00:00,0.00030289617587939436
2026-04-29 23:00:00+00:00,0.00029792752415208753
2026-04-30 23:00:00+00:00,0.0001678401895412649
2026-05-03 23:00:00+00:00,0.00027439456961143296
2026-05-04 23:00:00+00:00,0.00021016003670179572
2026-05-05 23:00:00+00:00,0.00019393541864971137
2026-05-06 23:00:00+00:00,0.00014867962095494597
2026-05-07 23:00:00+00:00,8.654470629094416e-05
2026-05-10 23:00:00+00:00,3.858526796194153e-06
2026-05-11 23:00:00+00:00,-1.4735293992325371e-05
2026-05-12 23:00:00+00:00,-5.5908846670023934e-05
2026-05-13 23:00:00+00:00,-5.842711950880975e-05
2026-05-14 23:00:00+00:00,-5.760246206334106e-05
2026-05-17 23:00:00+00:00,-1.9888530676000563e-05
2026-05-18 23:00:00+00:00,3.861852231831688e-05
2026-05-19 23:00:00+00:00,-5.726819162715259e-06
2026-05-20 23:00:00+00:00,1.9487534344055438e-05
2026-05-21 23:00:00+00:00,-2.9194022466054806e-05
2026-05-24 23:00:00+00:00,-8.971289039325179e-05
2026-05-25 23:00:00+00:00,-8.96363904778364e-05
2026-05-26 23:00:00+00:00,-0.00014702021224468438
2026-05-27 23:00:00+00:00,-0.00016444022958400422
2026-05-28 23:00:00+00:00,-0.00017979793571543676
2026-05-31 23:00:00+00:00,-0.00018570449864639335
2026-06-01 23:00:00+00:00,-0.00024759325091001753
2026-06-02 23:00:00+00:00,-0.0002636118661012879
2026-06-03 23:00:00+00:00,-0.0003035995618119879
2026-06-04 23:00:00+00:00,-0.0003349356380026366
2026-06-07 23:00:00+00:00,-0.00044606435760983186
2026-06-08 23:00:00+00:00,-0.00035086779208904966
2026-06-09 23:00:00+00:00,-0.00039614898920050604
2026-06-10 23:00:00+00:00,-0.00043394483211869894
2026-06-11 23:00:00+00:00,-0.0005191911732652659
2026-06-14 23:00:00+00:00,-0.0005247536688034256
2026-06-15 23:00:00+00:00,-0.0005275672353374935
2026-06-16 23:00:00+00:00,-0.0006141341418178731
2026-06-17 23:00:00+00:00,-0.0007202500017675167
2026-06-18 23:00:00+00:00,-0.0006756499425464592
2026-06-21 23:00:00+00:00,-0.0006493677997045852
2026-06-22 23:00:00+00:00,-0.0006344474073582216
2026-06-23 23:00:00+00:00,-0.000668659790641062
2026-06-24 23:00:00+00:00,-0.0006486115237812791
2026-06-25 23:00:00+00:00,-0.0006767110664869565
2026-06-28 23:00:00+00:00,-0.0006788135584467848
2026-06-29 23:00:00+00:00,-0.0007533315003086221
2026-06-30 23:00:00+00:00,-0.0007322195678805274
2026-07-01 23:00:00+00:00,-0.0007493721069996872
2026-07-02 23:00:00+00:00,-0.0007585694152261041
2026-07-05 23:00:00+00:00,-0.0007251278135579891
2026-07-06 23:00:00+00:00,-0.0008744068858615268
2026-07-07 23:00:00+00:00,-0.0008523410001239772
2026-07-08 23:00:00+00:00,-0.0008247741645506642
2026-07-09 23:00:00+00:00,-0.0008256937973067854
2026-07-12 23:00:00+00:00,-0.0009036410176237546
2026-07-13 23:00:00+00:00,-0.0009022740080129547
2026-07-14 23:00:00+00:00,-0.0008578276943619805
2026-07-15 23:00:00+00:00,-0.0007862909842222231
2026-07-16 23:00:00+00:00,-0.0007214821737449514
2026-07-19 23:00:00+00:00,-0.0007347664971449168
2026-07-20 23:00:00+00:00,-0.0007249722429983007
2026-07-21 23:00:00+00:00,-0.0007016867253249967
2026-07-22 23:00:00+00:00,-0.0006866969088231492
2026-07-23 23:00:00+00:00,-0.0006762527958978958
2026-07-26 23:00:00+00:00,-0.000651133834854112
2026-07-27 23:00:00+00:00,-0.0006340772734102561
2026-07-28 23:00:00+00:00,-0.0006331770151023859
2026-07-29 23:00:00+00:00,-0.0007555854484297118
2026-07-30 23:00:00+00:00,-0.0006679907706174863
2026-08-02 23:00:00+00:00,-0.0005639979908644778
2026-08-03 23:00:00+00:00,-0.0005313390315637846
2026-08-04 23:00:00+00:00,-0.0005204960907452955
2026-08-05 23:00:00+00:00,-0.0005015232659939181
2026-08-06 23:00:00+00:00,-0.0004899239484617052
2026-08-09 23:00:00+00:00,-0.0004412752769217491
2026-08-10 23:00:00+00:00,-0.00040984765565647884
2026-08-11 23:00:00+00:00,-0.0003859526304656937
2026-08-12 23:00:00+00:00,-0.00042938088374593454
2026-08-13 23:00:00+00:00,-0.00048647183700940887
2026-08-16 23:00:00+00:00,-0.0005251007514887134
2026-08-17 23:00:00+00:00,-0.0005185002912672931
2026-08-18 23:00:00+00:00,-0.0005193042561361929
2026-08-19 23:00:00+00:00,-0.0004764866855012737
2026-08-20 23:00:00+00:00,-0.0003530680219733691
2026-08-23 23:00:00+00:00,-0.00031299572175652515
2026-08-24 23:00:00+00:00,-0.0002882556527738149
2026-08-25 23:00:00+00:00,-0.00030119819775454703
2026-08-26 23:00:00+00:00,-0.00033874579734867287
2026-08-27 23:00:00+00:00,-0.0003073491396742706
2026-08-30 23:00:00+00:00,-0.0003247315571211235
2026-08-31 23:00:00+00:00,-0.000252915557435457
2026-09-01 23:00:00+00:00,-0.0002665176134331957
2026-09-02 23:00:00+00:00,-0.00021223664568821056
2026-09-03 23:00:00+00:00,-0.00025926669033626533
2026-09-06 23:00:00+00:00,-0.00014732034708081964
2026-09-07 23:00:00+00:00,-0.00012634013185144509
2026-09-08 23:00:00+00:00,-8.325742437815609e-05
2026-09-09 23:00:00+00:00,-0.00012431759864282334
2026-09-10 23:00:00+00:00,-0.0001323018176362517
2026-09-13 23:00:00+00:00,-7.643845246861148e-05
2026-09-14 23:00:00+00:00,-4.518290600145436e-05
2026-09-15 23:00:00+00:00,-0.00010068327829055234
