,USD,EUR,GBP,JPY,CAD,AUD,NZD,CHF
1960-04-01 00:00:00+00:00,1.80020501141293,,,,,,,
1960-05-01 00:00:00+00:00,1.80020501141293,,,,,,,
1960-06-01 00:00:00+00:00,1.80020501141293,,,,,,,
1960-07-01 00:00:00+00:00,-1.81510229060133,,,,,,,
1960-08-01 00:00:00+00:00,-1.81510229060133,,,,,,,
1960-09-01 00:00:00+00:00,-1.81510229060133,,,,,,,
1960-10-01 00:00:00+00:00,0.547250889539179,,,,,,,
1960-11-01 00:00:00+00:00,0.547250889539179,,,,,,,
1960-12-01 00:00:00+00:00,0.547250889539179,,,,,,,
1961-01-01 00:00:00+00:00,-1.00725031863007,,,,,,,
1961-02-01 00:00:00+00:00,-1.00725031863007,,,,,,,
1961-03-01 00:00:00+00:00,-1.00725031863007,,,,,,,
1961-04-01 00:00:00+00:00,0.830721323013838,,,,,,,
1961-05-01 00:00:00+00:00,0.830721323013838,,,,,,,
1961-06-01 00:00:00+00:00,0.830721323013838,,,,,,,
1961-07-01 00:00:00+00:00,1.90351261279228,,,,1.32675509235829,,,
1961-08-01 00:00:00+00:00,1.90351261279228,,,,1.32675509235829,,,
1961-09-01 00:00:00+00:00,1.90351261279228,,,,1.32675509235829,,,
1961-10-01 00:00:00+00:00,1.82464904236394,,,,1.8315802441202895,,,
1961-11-01 00:00:00+00:00,1.82464904236394,,,,1.8315802441202895,,,
1961-12-01 00:00:00+00:00,1.82464904236394,,,,1.8315802441202895,,,
1962-01-01 00:00:00+00:00,1.49848339189143,,,,0.3373005469175259,,,
1962-02-01 00:00:00+00:00,1.49848339189143,,,,0.3373005469175259,,,
1962-03-01 00:00:00+00:00,1.49848339189143,,,,0.3373005469175259,,,
1962-04-01 00:00:00+00:00,1.15038718636201,,,,2.0525559336785495,,,
1962-05-01 00:00:00+00:00,1.15038718636201,,,,2.0525559336785495,,,
1962-06-01 00:00:00+00:00,1.15038718636201,,,,2.0525559336785495,,,
1962-07-01 00:00:00+00:00,0.606177761643618,,,,-0.296352327813837,,,
1962-08-01 00:00:00+00:00,0.606177761643618,,,,-0.296352327813837,,,
1962-09-01 00:00:00+00:00,0.606177761643618,,,,-0.296352327813837,,,
1962-10-01 00:00:00+00:00,0.768939664941801,,,,1.16376203151601,,,
1962-11-01 00:00:00+00:00,0.768939664941801,,,,1.16376203151601,,,
1962-12-01 00:00:00+00:00,0.768939664941801,,,,1.16376203151601,,,
1963-01-01 00:00:00+00:00,0.197071252175633,,,,2.09448612263536,,,
1963-02-01 00:00:00+00:00,0.197071252175633,,,,2.09448612263536,,,
1963-03-01 00:00:00+00:00,0.197071252175633,,,,2.09448612263536,,,
1963-04-01 00:00:00+00:00,0.821599200699163,,,,0.273832283095367,,,
1963-05-01 00:00:00+00:00,0.821599200699163,,,,0.273832283095367,,,
1963-06-01 00:00:00+00:00,0.821599200699163,,,,0.273832283095367,,,
1963-07-01 00:00:00+00:00,0.395296357665151,,,,0.5876487462059519,,,
1963-08-01 00:00:00+00:00,0.395296357665151,,,,0.5876487462059519,,,
1963-09-01 00:00:00+00:00,0.395296357665151,,,,0.5876487462059519,,,
1963-10-01 00:00:00+00:00,1.6572328441975,,,,-0.754549371564958,,,
1963-11-01 00:00:00+00:00,1.6572328441975,,,,-0.754549371564958,,,
1963-12-01 00:00:00+00:00,1.6572328441975,,,,-0.754549371564958,,,
1964-01-01 00:00:00+00:00,0.269062743847297,,,,1.83105390658872,,,
1964-02-01 00:00:00+00:00,0.269062743847297,,,,1.83105390658872,,,
1964-03-01 00:00:00+00:00,0.269062743847297,,,,1.83105390658872,,,
1964-04-01 00:00:00+00:00,1.57941661303097,,,,1.53595804168978,,,
1964-05-01 00:00:00+00:00,1.57941661303097,,,,1.53595804168978,,,
1964-06-01 00:00:00+00:00,1.57941661303097,,,,1.53595804168978,,,
1964-07-01 00:00:00+00:00,-0.0587164885590473,,,,-0.0033118849616435,,,
1964-08-01 00:00:00+00:00,-0.0587164885590473,,,,-0.0033118849616435,,,
1964-09-01 00:00:00+00:00,-0.0587164885590473,,,,-0.0033118849616435,,,
1964-10-01 00:00:00+00:00,1.44810256463836,,,,0.4834063366474959,,,
1964-11-01 00:00:00+00:00,1.44810256463836,,,,0.4834063366474959,,,
1964-12-01 00:00:00+00:00,1.44810256463836,,,,0.4834063366474959,,,
1965-01-01 00:00:00+00:00,-0.0222406404251939,,,,-0.3014078096418529,,,
1965-02-01 00:00:00+00:00,-0.0222406404251939,,,,-0.3014078096418529,,,
1965-03-01 00:00:00+00:00,-0.0222406404251939,,,,-0.3014078096418529,,,
1965-04-01 00:00:00+00:00,1.72335954251066,,,,1.56920071358322,,,
1965-05-01 00:00:00+00:00,1.72335954251066,,,,1.56920071358322,,,
1965-06-01 00:00:00+00:00,1.72335954251066,,,,1.56920071358322,,,
1965-07-01 00:00:00+00:00,0.249855310883005,,,,0.277603839544526,,,
1965-08-01 00:00:00+00:00,0.249855310883005,,,,0.277603839544526,,,
1965-09-01 00:00:00+00:00,0.249855310883005,,,,0.277603839544526,,,
1965-10-01 00:00:00+00:00,1.54710914540514,,,,0.546581006493277,,,
1965-11-01 00:00:00+00:00,1.54710914540514,,,,0.546581006493277,,,
1965-12-01 00:00:00+00:00,1.54710914540514,,,,0.546581006493277,,,
1966-01-01 00:00:00+00:00,1.65203783808105,,,,1.25287473112738,,,
1966-02-01 00:00:00+00:00,1.65203783808105,,,,1.25287473112738,,,
1966-03-01 00:00:00+00:00,1.65203783808105,,,,1.25287473112738,,,
1966-04-01 00:00:00+00:00,1.94229760641515,,,,-0.8945401357263159,,,
1966-05-01 00:00:00+00:00,1.94229760641515,,,,-0.8945401357263159,,,
1966-06-01 00:00:00+00:00,1.94229760641515,,,,-0.8945401357263159,,,
1966-07-01 00:00:00+00:00,-0.239991458917023,,,,1.58086681661931,,,
1966-08-01 00:00:00+00:00,-0.239991458917023,,,,1.58086681661931,,,
1966-09-01 00:00:00+00:00,-0.239991458917023,,,,1.58086681661931,,,
1966-10-01 00:00:00+00:00,0.165211335070104,,,,-1.0504516010247,,,
1966-11-01 00:00:00+00:00,0.165211335070104,,,,-1.0504516010247,,,
1966-12-01 00:00:00+00:00,0.165211335070104,,,,-1.0504516010247,,,
1967-01-01 00:00:00+00:00,0.0420144564998752,,,,0.322145975694942,,,
1967-02-01 00:00:00+00:00,0.0420144564998752,,,,0.322145975694942,,,
1967-03-01 00:00:00+00:00,0.0420144564998752,,,,0.322145975694942,,,
1967-04-01 00:00:00+00:00,1.00189727630461,,,,-1.08705990729319,,,
1967-05-01 00:00:00+00:00,1.00189727630461,,,,-1.08705990729319,,,
1967-06-01 00:00:00+00:00,1.00189727630461,,,,-1.08705990729319,,,
1967-07-01 00:00:00+00:00,-0.519169747391385,,,,1.92973397427125,-0.6339258090940089,,
1967-08-01 00:00:00+00:00,-0.519169747391385,,,,1.92973397427125,-0.6339258090940089,,
1967-09-01 00:00:00+00:00,-0.519169747391385,,,,1.92973397427125,-0.6339258090940089,,
1967-10-01 00:00:00+00:00,-0.01637068735359,,,,-0.7442692853624,1.08708203718268,,
1967-11-01 00:00:00+00:00,-0.01637068735359,,,,-0.7442692853624,1.08708203718268,,
1967-12-01 00:00:00+00:00,-0.01637068735359,,,,-0.7442692853624,1.08708203718268,,
1968-01-01 00:00:00+00:00,0.0805297242019878,,,,0.538736358536658,0.261976363214869,,
1968-02-01 00:00:00+00:00,0.0805297242019878,,,,0.538736358536658,0.261976363214869,,
1968-03-01 00:00:00+00:00,0.0805297242019878,,,,0.538736358536658,0.261976363214869,,
1968-04-01 00:00:00+00:00,2.19369671221528,,,,0.963938602402858,-1.38505298025784,,
1968-05-01 00:00:00+00:00,2.19369671221528,,,,0.963938602402858,-1.38505298025784,,
1968-06-01 00:00:00+00:00,2.19369671221528,,,,0.963938602402858,-1.38505298025784,,
1968-07-01 00:00:00+00:00,0.536095787899892,,,,1.9088871004543495,3.18746072521868,,
1968-08-01 00:00:00+00:00,0.536095787899892,,,,1.9088871004543495,3.18746072521868,,
1968-09-01 00:00:00+00:00,0.536095787899892,,,,1.9088871004543495,3.18746072521868,,
1968-10-01 00:00:00+00:00,0.57499736445443,,,,0.154045817505709,0.603043909017212,,
1968-11-01 00:00:00+00:00,0.57499736445443,,,,0.154045817505709,0.603043909017212,,
1968-12-01 00:00:00+00:00,0.57499736445443,,,,0.154045817505709,0.603043909017212,,
1969-01-01 00:00:00+00:00,-0.129539905839661,,,,0.077645634353867,3.45229740796711,,
1969-02-01 00:00:00+00:00,-0.129539905839661,,,,0.077645634353867,3.45229740796711,,
1969-03-01 00:00:00+00:00,-0.129539905839661,,,,0.077645634353867,3.45229740796711,,
1969-04-01 00:00:00+00:00,0.68567295850362,,,,0.1630145199796529,-1.75839179314829,,
1969-05-01 00:00:00+00:00,0.68567295850362,,,,0.1630145199796529,-1.75839179314829,,
1969-06-01 00:00:00+00:00,0.68567295850362,,,,0.1630145199796529,-1.75839179314829,,
1969-07-01 00:00:00+00:00,-0.263620756462551,,,,0.0364161248138536,1.54875421464939,,
1969-08-01 00:00:00+00:00,-0.263620756462551,,,,0.0364161248138536,1.54875421464939,,
1969-09-01 00:00:00+00:00,-0.263620756462551,,,,0.0364161248138536,1.54875421464939,,
1969-10-01 00:00:00+00:00,-0.0458638173383092,,,,1.45697333632497,0.93026383132239,,
1969-11-01 00:00:00+00:00,-0.0458638173383092,,,,1.45697333632497,0.93026383132239,,
1969-12-01 00:00:00+00:00,-0.0458638173383092,,,,1.45697333632497,0.93026383132239,,
1970-01-01 00:00:00+00:00,-1.02306926951523,,,,1.14258914358628,1.14817250715638,,
1970-02-01 00:00:00+00:00,-1.02306926951523,,,,1.14258914358628,1.14817250715638,,
1970-03-01 00:00:00+00:00,-1.02306926951523,,,,1.14258914358628,1.14817250715638,,
1970-04-01 00:00:00+00:00,-0.408721508701607,,,,0.4327352563146,0.876948308137056,,
1970-05-01 00:00:00+00:00,-0.408721508701607,,,,0.4327352563146,0.876948308137056,,
1970-06-01 00:00:00+00:00,-0.408721508701607,,,,0.4327352563146,0.876948308137056,,
1970-07-01 00:00:00+00:00,0.325941433483613,,,,-0.702993641918426,1.02191612650646,,
1970-08-01 00:00:00+00:00,0.325941433483613,,,,-0.702993641918426,1.02191612650646,,
1970-09-01 00:00:00+00:00,0.325941433483613,,,,-0.702993641918426,1.02191612650646,,
1970-10-01 00:00:00+00:00,0.94671832066656,,,,0.820191495196097,-0.939218773334868,,
1970-11-01 00:00:00+00:00,0.94671832066656,,,,0.820191495196097,-0.939218773334868,,
1970-12-01 00:00:00+00:00,0.94671832066656,,,,0.820191495196097,-0.939218773334868,,
1971-01-01 00:00:00+00:00,-1.10553762745182,,,,-0.3200571885787619,-0.2423844126311819,,
1971-02-01 00:00:00+00:00,-1.10553762745182,,,,-0.3200571885787619,-0.2423844126311819,,
1971-03-01 00:00:00+00:00,-1.10553762745182,,,,-0.3200571885787619,-0.2423844126311819,,
1971-04-01 00:00:00+00:00,2.6191579858188,,,,-1.0124897733483,0.6227605275237799,,
1971-05-01 00:00:00+00:00,2.6191579858188,,,,-1.0124897733483,0.6227605275237799,,
1971-06-01 00:00:00+00:00,2.6191579858188,,,,-1.0124897733483,0.6227605275237799,,
1971-07-01 00:00:00+00:00,0.230552358045129,,1.48905511559584,,2.6954350809173095,-0.3633193116737569,,
1971-08-01 00:00:00+00:00,0.230552358045129,,1.48905511559584,,2.6954350809173095,-0.3633193116737569,,
1971-09-01 00:00:00+00:00,0.230552358045129,,1.48905511559584,,2.6954350809173095,-0.3633193116737569,,
1971-10-01 00:00:00+00:00,0.125029536332733,,1.8538219961181297,,1.23688545907962,3.0005534926753494,,
1971-11-01 00:00:00+00:00,0.125029536332733,,1.8538219961181297,,1.23688545907962,3.0005534926753494,,
1971-12-01 00:00:00+00:00,0.125029536332733,,1.8538219961181297,,1.23688545907962,3.0005534926753494,,
1972-01-01 00:00:00+00:00,-0.661766864889003,,0.396181826606742,,0.0291829473344272,-0.232511884503065,,
1972-02-01 00:00:00+00:00,-0.661766864889003,,0.396181826606742,,0.0291829473344272,-0.232511884503065,,
1972-03-01 00:00:00+00:00,-0.661766864889003,,0.396181826606742,,0.0291829473344272,-0.232511884503065,,
1972-04-01 00:00:00+00:00,0.602504397290407,,-0.274232878714461,,-0.87502849973229,-1.37455273671095,,
1972-05-01 00:00:00+00:00,0.602504397290407,,-0.274232878714461,,-0.87502849973229,-1.37455273671095,,
1972-06-01 00:00:00+00:00,0.602504397290407,,-0.274232878714461,,-0.87502849973229,-1.37455273671095,,
1972-07-01 00:00:00+00:00,1.44280173184843,,2.3985190041845894,,2.5451250760838495,1.7204026173793,,
1972-08-01 00:00:00+00:00,1.44280173184843,,2.3985190041845894,,2.5451250760838495,1.7204026173793,,
1972-09-01 00:00:00+00:00,1.44280173184843,,2.3985190041845894,,2.5451250760838495,1.7204026173793,,
1972-10-01 00:00:00+00:00,0.239712089086062,,0.1322013980957049,,-0.5321921480345388,-1.64131708247142,,
1972-11-01 00:00:00+00:00,0.239712089086062,,0.1322013980957049,,-0.5321921480345388,-1.64131708247142,,
1972-12-01 00:00:00+00:00,0.239712089086062,,0.1322013980957049,,-0.5321921480345388,-1.64131708247142,,
1973-01-01 00:00:00+00:00,0.998660124534315,,1.34321340580392,,1.63252752453941,0.245847727645259,,
1973-02-01 00:00:00+00:00,0.998660124534315,,1.34321340580392,,1.63252752453941,0.245847727645259,,
1973-03-01 00:00:00+00:00,0.998660124534315,,1.34321340580392,,1.63252752453941,0.245847727645259,,
1973-04-01 00:00:00+00:00,1.44866047273496,,4.3730003785826,,0.4308131874494869,2.04884867119184,,
1973-05-01 00:00:00+00:00,1.44866047273496,,4.3730003785826,,0.4308131874494869,2.04884867119184,,
1973-06-01 00:00:00+00:00,1.44866047273496,,4.3730003785826,,0.4308131874494869,2.04884867119184,,
1973-07-01 00:00:00+00:00,-0.0505196329059408,,0.128552530511231,,-0.7893180877973829,0.0053652649603749,,
1973-08-01 00:00:00+00:00,-0.0505196329059408,,0.128552530511231,,-0.7893180877973829,0.0053652649603749,,
1973-09-01 00:00:00+00:00,-0.0505196329059408,,0.128552530511231,,-0.7893180877973829,0.0053652649603749,,
1973-10-01 00:00:00+00:00,-1.14718517266119,,-0.675854451565252,,0.522403832960014,-0.560906942623702,,
1973-11-01 00:00:00+00:00,-1.14718517266119,,-0.675854451565252,,0.522403832960014,-0.560906942623702,,
1973-12-01 00:00:00+00:00,-1.14718517266119,,-0.675854451565252,,0.522403832960014,-0.560906942623702,,
1974-01-01 00:00:00+00:00,-0.110960812836935,,-0.2354590199398219,,0.382960476964364,1.94850991493072,,
1974-02-01 00:00:00+00:00,-0.110960812836935,,-0.2354590199398219,,0.382960476964364,1.94850991493072,,
1974-03-01 00:00:00+00:00,-0.110960812836935,,-0.2354590199398219,,0.382960476964364,1.94850991493072,,
1974-04-01 00:00:00+00:00,-1.40089358257199,,-2.3540543640325695,,-0.703150816324008,-1.07028393775411,,
1974-05-01 00:00:00+00:00,-1.40089358257199,,-2.3540543640325695,,-0.703150816324008,-1.07028393775411,,
1974-06-01 00:00:00+00:00,-1.40089358257199,,-2.3540543640325695,,-0.703150816324008,-1.07028393775411,,
1974-07-01 00:00:00+00:00,0.0941633432852853,,1.85967552488622,,0.3966893407355799,-2.20019347631694,,
1974-08-01 00:00:00+00:00,0.0941633432852853,,1.85967552488622,,0.3966893407355799,-2.20019347631694,,
1974-09-01 00:00:00+00:00,0.0941633432852853,,1.85967552488622,,0.3966893407355799,-2.20019347631694,,
1974-10-01 00:00:00+00:00,-1.22434688867998,,0.7823240176356209,,-1.03947135103562,1.73854523771216,,
1974-11-01 00:00:00+00:00,-1.22434688867998,,0.7823240176356209,,-1.03947135103562,1.73854523771216,,
1974-12-01 00:00:00+00:00,-1.22434688867998,,0.7823240176356209,,-1.03947135103562,1.73854523771216,,
1975-01-01 00:00:00+00:00,0.176063100930305,,-1.17456713536126,,-1.09313342691647,0.1640543686259119,,
1975-02-01 00:00:00+00:00,0.176063100930305,,-1.17456713536126,,-1.09313342691647,0.1640543686259119,,
1975-03-01 00:00:00+00:00,0.176063100930305,,-1.17456713536126,,-1.09313342691647,0.1640543686259119,,
1975-04-01 00:00:00+00:00,0.207752697238068,,0.6042132112846699,,0.123973073762397,1.20407959284609,,
1975-05-01 00:00:00+00:00,0.207752697238068,,0.6042132112846699,,0.123973073762397,1.20407959284609,,
1975-06-01 00:00:00+00:00,0.207752697238068,,0.6042132112846699,,0.123973073762397,1.20407959284609,,
1975-07-01 00:00:00+00:00,0.744208010102539,,-1.42396044054844,,0.266791426652202,2.93018541500752,,
1975-08-01 00:00:00+00:00,0.744208010102539,,-1.42396044054844,,0.266791426652202,2.93018541500752,,
1975-09-01 00:00:00+00:00,0.744208010102539,,-1.42396044054844,,0.266791426652202,2.93018541500752,,
1975-10-01 00:00:00+00:00,0.762653018561919,,-0.0255378452625538,,1.40308674760325,-1.51579740289834,,
1975-11-01 00:00:00+00:00,0.762653018561919,,-0.0255378452625538,,1.40308674760325,-1.51579740289834,,
1975-12-01 00:00:00+00:00,0.762653018561919,,-0.0255378452625538,,1.40308674760325,-1.51579740289834,,
1976-01-01 00:00:00+00:00,0.9237285229484972,,1.60400389734084,,-0.1334137733523939,-2.58743314671745,,
1976-02-01 00:00:00+00:00,0.9237285229484972,,1.60400389734084,,-0.1334137733523939,-2.58743314671745,,
1976-03-01 00:00:00+00:00,0.9237285229484972,,1.60400389734084,,-0.1334137733523939,-2.58743314671745,,
1976-04-01 00:00:00+00:00,0.863370278466414,,1.92491070418438,,-0.897066358225367,4.05548837618978,,
1976-05-01 00:00:00+00:00,0.863370278466414,,1.92491070418438,,-0.897066358225367,4.05548837618978,,
1976-06-01 00:00:00+00:00,0.863370278466414,,1.92491070418438,,-0.897066358225367,4.05548837618978,,
1976-07-01 00:00:00+00:00,-0.296041422857656,,-0.754260222419558,,1.42277116400707,0.0212736682103269,,
1976-08-01 00:00:00+00:00,-0.296041422857656,,-0.754260222419558,,1.42277116400707,0.0212736682103269,,
1976-09-01 00:00:00+00:00,-0.296041422857656,,-0.754260222419558,,1.42277116400707,0.0212736682103269,,
1976-10-01 00:00:00+00:00,-0.0976258418909588,,0.951721566852181,,0.0255206764246689,1.59860526004729,,
1976-11-01 00:00:00+00:00,-0.0976258418909588,,0.951721566852181,,0.0255206764246689,1.59860526004729,,
1976-12-01 00:00:00+00:00,-0.0976258418909588,,0.951721566852181,,0.0255206764246689,1.59860526004729,,
1977-01-01 00:00:00+00:00,0.264557486860998,,1.9790523620607097,,-0.2661573226555339,0.522311669505229,,
1977-02-01 00:00:00+00:00,0.264557486860998,,1.9790523620607097,,-0.2661573226555339,0.522311669505229,,
1977-03-01 00:00:00+00:00,0.264557486860998,,1.9790523620607097,,-0.2661573226555339,0.522311669505229,,
1977-04-01 00:00:00+00:00,0.302694756922001,,0.1691641806487159,,0.959310934037462,-1.31833163467785,,
1977-05-01 00:00:00+00:00,0.302694756922001,,0.1691641806487159,,0.959310934037462,-1.31833163467785,,
1977-06-01 00:00:00+00:00,0.302694756922001,,0.1691641806487159,,0.959310934037462,-1.31833163467785,,
1977-07-01 00:00:00+00:00,0.493893181613135,,-0.448965468564673,,0.191081380928382,1.09741889557356,,
1977-08-01 00:00:00+00:00,0.493893181613135,,-0.448965468564673,,0.191081380928382,1.09741889557356,,
1977-09-01 00:00:00+00:00,0.493893181613135,,-0.448965468564673,,0.191081380928382,1.09741889557356,,
1977-10-01 00:00:00+00:00,0.979487963125267,,0.759316805093706,,0.2809210864402479,-0.604829253242798,,
1977-11-01 00:00:00+00:00,0.979487963125267,,0.759316805093706,,0.2809210864402479,-0.604829253242798,,
1977-12-01 00:00:00+00:00,0.979487963125267,,0.759316805093706,,0.2809210864402479,-0.604829253242798,,
1978-01-01 00:00:00+00:00,-1.31193643786193,,1.3393424110223,,1.05286242703566,0.259172796482313,,
1978-02-01 00:00:00+00:00,-1.31193643786193,,1.3393424110223,,1.05286242703566,0.259172796482313,,
1978-03-01 00:00:00+00:00,-1.31193643786193,,1.3393424110223,,1.05286242703566,0.259172796482313,,
1978-04-01 00:00:00+00:00,-0.649206418416197,,0.3021281063815969,,0.0385582732753837,0.459168866546575,,
1978-05-01 00:00:00+00:00,-0.649206418416197,,0.3021281063815969,,0.0385582732753837,0.459168866546575,,
1978-06-01 00:00:00+00:00,-0.649206418416197,,0.3021281063815969,,0.0385582732753837,0.459168866546575,,
1978-07-01 00:00:00+00:00,2.47464666036758,,0.8123094171160669,,-0.312143512823826,0.2641759737124099,,
1978-08-01 00:00:00+00:00,2.47464666036758,,0.8123094171160669,,-0.312143512823826,0.2641759737124099,,
1978-09-01 00:00:00+00:00,2.47464666036758,,0.8123094171160669,,-0.312143512823826,0.2641759737124099,,
1978-10-01 00:00:00+00:00,0.417225242680856,,0.913623627261657,,-0.2400379016244179,1.51977772117554,,
1978-11-01 00:00:00+00:00,0.417225242680856,,0.913623627261657,,-0.2400379016244179,1.51977772117554,,
1978-12-01 00:00:00+00:00,0.417225242680856,,0.913623627261657,,-0.2400379016244179,1.51977772117554,,
1979-01-01 00:00:00+00:00,0.300849673405046,,0.294094216368391,,-0.2109275299539289,0.719633744328463,,
1979-02-01 00:00:00+00:00,0.300849673405046,,0.294094216368391,,-0.2109275299539289,0.719633744328463,,
1979-03-01 00:00:00+00:00,0.300849673405046,,0.294094216368391,,-0.2109275299539289,0.719633744328463,,
1979-04-01 00:00:00+00:00,-0.689791505992085,,-1.01687903359259,,-0.2070887746253289,2.43932310273187,,
1979-05-01 00:00:00+00:00,-0.689791505992085,,-1.01687903359259,,-0.2070887746253289,2.43932310273187,,
1979-06-01 00:00:00+00:00,-0.689791505992085,,-1.01687903359259,,-0.2070887746253289,2.43932310273187,,
1979-07-01 00:00:00+00:00,-0.0140186211580932,,4.1169930870760885,,0.3640636393218589,-1.9474342196643497,,
1979-08-01 00:00:00+00:00,-0.0140186211580932,,4.1169930870760885,,0.3640636393218589,-1.9474342196643497,,
1979-09-01 00:00:00+00:00,-0.0140186211580932,,4.1169930870760885,,0.3640636393218589,-1.9474342196643497,,
1979-10-01 00:00:00+00:00,0.0616255839087985,,-2.60251998696172,,-0.505973715988376,0.4107353498041619,,
1979-11-01 00:00:00+00:00,0.0616255839087985,,-2.60251998696172,,-0.505973715988376,0.4107353498041619,,
1979-12-01 00:00:00+00:00,0.0616255839087985,,-2.60251998696172,,-0.505973715988376,0.4107353498041619,,
1980-01-01 00:00:00+00:00,-0.349953927266907,,0.855791471100766,,-0.2926593954428189,0.895826655092654,,
1980-02-01 00:00:00+00:00,-0.349953927266907,,0.855791471100766,,-0.2926593954428189,0.895826655092654,,
1980-03-01 00:00:00+00:00,-0.349953927266907,,0.855791471100766,,-0.2926593954428189,0.895826655092654,,
1980-04-01 00:00:00+00:00,0.0882207387739649,,-0.824664413074332,,0.1668525884490459,-0.3176708213869909,,
1980-05-01 00:00:00+00:00,0.0882207387739649,,-0.824664413074332,,0.1668525884490459,-0.3176708213869909,,
1980-06-01 00:00:00+00:00,0.0882207387739649,,-0.824664413074332,,0.1668525884490459,-0.3176708213869909,,
1980-07-01 00:00:00+00:00,-1.16074745588668,,-1.54766869011847,-0.881199555276019,-0.2862353688972529,-0.44213822594939,,
1980-08-01 00:00:00+00:00,-1.16074745588668,,-1.54766869011847,-0.881199555276019,-0.2862353688972529,-0.44213822594939,,
1980-09-01 00:00:00+00:00,-1.16074745588668,,-1.54766869011847,-0.881199555276019,-0.2862353688972529,-0.44213822594939,,
1980-10-01 00:00:00+00:00,-0.063985248019469,,0.350393166914706,1.5842454368928,-0.692171020182723,-0.260132764801395,,
1980-11-01 00:00:00+00:00,-0.063985248019469,,0.350393166914706,1.5842454368928,-0.692171020182723,-0.260132764801395,,
1980-12-01 00:00:00+00:00,-0.063985248019469,,0.350393166914706,1.5842454368928,-0.692171020182723,-0.260132764801395,,
1981-01-01 00:00:00+00:00,1.25099213554717,,-0.3566769321112699,2.30946076596316,0.185765487826307,1.46543245071657,,
1981-02-01 00:00:00+00:00,1.25099213554717,,-0.3566769321112699,2.30946076596316,0.185765487826307,1.46543245071657,,
1981-03-01 00:00:00+00:00,1.25099213554717,,-0.3566769321112699,2.30946076596316,0.185765487826307,1.46543245071657,,
1981-04-01 00:00:00+00:00,1.20638579931802,,0.130591142572048,0.299892808811023,0.93759357902094,-0.238353612557256,,
1981-05-01 00:00:00+00:00,1.20638579931802,,0.130591142572048,0.299892808811023,0.93759357902094,-0.238353612557256,,
1981-06-01 00:00:00+00:00,1.20638579931802,,0.130591142572048,0.299892808811023,0.93759357902094,-0.238353612557256,,
1981-07-01 00:00:00+00:00,-1.29415496716409,,0.851915514058697,1.18136592729954,0.32571350810664,0.888440182867236,,
1981-08-01 00:00:00+00:00,-1.29415496716409,,0.851915514058697,1.18136592729954,0.32571350810664,0.888440182867236,,
1981-09-01 00:00:00+00:00,-1.29415496716409,,0.851915514058697,1.18136592729954,0.32571350810664,0.888440182867236,,
1981-10-01 00:00:00+00:00,1.51844121507222,,1.9218812949819295,-0.508152097707376,-0.8444417870524769,1.58923451006683,,
1981-11-01 00:00:00+00:00,1.51844121507222,,1.9218812949819295,-0.508152097707376,-0.8444417870524769,1.58923451006683,,
1981-12-01 00:00:00+00:00,1.51844121507222,,1.9218812949819295,-0.508152097707376,-0.8444417870524769,1.58923451006683,,
1982-01-01 00:00:00+00:00,-0.688990360745818,,0.618461783714048,0.490120095966649,0.105043713607539,-0.22662685075373,,
1982-02-01 00:00:00+00:00,-0.688990360745818,,0.618461783714048,0.490120095966649,0.105043713607539,-0.22662685075373,,
1982-03-01 00:00:00+00:00,-0.688990360745818,,0.618461783714048,0.490120095966649,0.105043713607539,-0.22662685075373,,
1982-04-01 00:00:00+00:00,-1.19030350553516,,0.7711546140751039,1.21920957337968,-0.248684655223557,-1.2417728165814,,
1982-05-01 00:00:00+00:00,-1.19030350553516,,0.7711546140751039,1.21920957337968,-0.248684655223557,-1.2417728165814,,
1982-06-01 00:00:00+00:00,-1.19030350553516,,0.7711546140751039,1.21920957337968,-0.248684655223557,-1.2417728165814,,
1982-07-01 00:00:00+00:00,0.419588088489792,,1.67585665858632,0.483848205610523,0.2615572741935899,1.15839399557612,,
1982-08-01 00:00:00+00:00,0.419588088489792,,1.67585665858632,0.483848205610523,0.2615572741935899,1.15839399557612,,
1982-09-01 00:00:00+00:00,0.419588088489792,,1.67585665858632,0.483848205610523,0.2615572741935899,1.15839399557612,,
1982-10-01 00:00:00+00:00,-0.180446084114961,,0.544520164286996,0.472702552906448,0.6534496183983939,-0.2845245039402249,,
1982-11-01 00:00:00+00:00,-0.180446084114961,,0.544520164286996,0.472702552906448,0.6534496183983939,-0.2845245039402249,,
1982-12-01 00:00:00+00:00,-0.180446084114961,,0.544520164286996,0.472702552906448,0.6534496183983939,-0.2845245039402249,,
1983-01-01 00:00:00+00:00,0.467602516188,,1.16286368914975,0.43174339304353,-0.2753002466157,-0.5942349474925779,,
1983-02-01 00:00:00+00:00,0.467602516188,,1.16286368914975,0.43174339304353,-0.2753002466157,-0.5942349474925779,,
1983-03-01 00:00:00+00:00,0.467602516188,,1.16286368914975,0.43174339304353,-0.2753002466157,-0.5942349474925779,,
1983-04-01 00:00:00+00:00,1.29394862542647,,1.9567814094907,-0.613422721959004,1.14460700688511,0.0843873571289098,,
1983-05-01 00:00:00+00:00,1.29394862542647,,1.9567814094907,-0.613422721959004,1.14460700688511,0.0843873571289098,,
1983-06-01 00:00:00+00:00,1.29394862542647,,1.9567814094907,-0.613422721959004,1.14460700688511,0.0843873571289098,,
1983-07-01 00:00:00+00:00,1.45481917740136,,0.8235906299639268,0.57023599737087,0.687906350794375,0.188273429677697,,
1983-08-01 00:00:00+00:00,1.45481917740136,,0.8235906299639268,0.57023599737087,0.687906350794375,0.188273429677697,,
1983-09-01 00:00:00+00:00,1.45481917740136,,0.8235906299639268,0.57023599737087,0.687906350794375,0.188273429677697,,
1983-10-01 00:00:00+00:00,0.326919625267798,,0.539042068521112,1.37240582008314,-0.298657334625656,2.21422486247714,,
1983-11-01 00:00:00+00:00,0.326919625267798,,0.539042068521112,1.37240582008314,-0.298657334625656,2.21422486247714,,
1983-12-01 00:00:00+00:00,0.326919625267798,,0.539042068521112,1.37240582008314,-0.298657334625656,2.21422486247714,,
1984-01-01 00:00:00+00:00,1.11363330254414,,0.4663561628208839,0.68686996341123,0.841683150791918,0.729233028881286,,
1984-02-01 00:00:00+00:00,1.11363330254414,,0.4663561628208839,0.68686996341123,0.841683150791918,0.729233028881286,,
1984-03-01 00:00:00+00:00,1.11363330254414,,0.4663561628208839,0.68686996341123,0.841683150791918,0.729233028881286,,
1984-04-01 00:00:00+00:00,0.896531387940946,,0.4785339500639619,1.493219255004,1.52127062925089,1.6065100366067,,
1984-05-01 00:00:00+00:00,0.896531387940946,,0.4785339500639619,1.493219255004,1.52127062925089,1.6065100366067,,
1984-06-01 00:00:00+00:00,0.896531387940946,,0.4785339500639619,1.493219255004,1.52127062925089,1.6065100366067,,
1984-07-01 00:00:00+00:00,0.395151159961325,,-1.12722087492325,0.938552331092945,1.41202134312518,0.0143442841231003,,
1984-08-01 00:00:00+00:00,0.395151159961325,,-1.12722087492325,0.938552331092945,1.41202134312518,0.0143442841231003,,
1984-09-01 00:00:00+00:00,0.395151159961325,,-1.12722087492325,0.938552331092945,1.41202134312518,0.0143442841231003,,
1984-10-01 00:00:00+00:00,0.654810791236853,,0.139407300912246,0.81937972685886,-0.525955673699384,0.2799831820946839,,
1984-11-01 00:00:00+00:00,0.654810791236853,,0.139407300912246,0.81937972685886,-0.525955673699384,0.2799831820946839,,
1984-12-01 00:00:00+00:00,0.654810791236853,,0.139407300912246,0.81937972685886,-0.525955673699384,0.2799831820946839,,
1985-01-01 00:00:00+00:00,0.267242537275539,,1.06144454372751,-0.126850810133201,1.20025804606703,0.234026713844601,,
1985-02-01 00:00:00+00:00,0.267242537275539,,1.06144454372751,-0.126850810133201,1.20025804606703,0.234026713844601,,
1985-03-01 00:00:00+00:00,0.267242537275539,,1.06144454372751,-0.126850810133201,1.20025804606703,0.234026713844601,,
1985-04-01 00:00:00+00:00,0.333515419097528,,0.91299095181983,2.3329365917790095,0.6067705715272889,0.6750785017916169,,
1985-05-01 00:00:00+00:00,0.333515419097528,,0.91299095181983,2.3329365917790095,0.6067705715272889,0.6750785017916169,,
1985-06-01 00:00:00+00:00,0.333515419097528,,0.91299095181983,2.3329365917790095,0.6067705715272889,0.6750785017916169,,
1985-07-01 00:00:00+00:00,0.714526300929323,,1.36283918203144,2.05423132249904,-0.52502567113591,1.5394609201883,,
1985-08-01 00:00:00+00:00,0.714526300929323,,1.36283918203144,2.05423132249904,-0.52502567113591,1.5394609201883,,
1985-09-01 00:00:00+00:00,0.714526300929323,,1.36283918203144,2.05423132249904,-0.52502567113591,1.5394609201883,,
1985-10-01 00:00:00+00:00,1.15281346129642,,-0.2068709032588069,1.14590478279585,0.3911895514266349,-0.0065137905330242,,
1985-11-01 00:00:00+00:00,1.15281346129642,,-0.2068709032588069,1.14590478279585,0.3911895514266349,-0.0065137905330242,,
1985-12-01 00:00:00+00:00,1.15281346129642,,-0.2068709032588069,1.14590478279585,0.3911895514266349,-0.0065137905330242,,
1986-01-01 00:00:00+00:00,-0.0371439721056078,,0.548674679151241,1.43312248761767,0.6263887884701799,-1.51166563610718,,
1986-02-01 00:00:00+00:00,-0.0371439721056078,,0.548674679151241,1.43312248761767,0.6263887884701799,-1.51166563610718,,
1986-03-01 00:00:00+00:00,-0.0371439721056078,,0.548674679151241,1.43312248761767,0.6263887884701799,-1.51166563610718,,
1986-04-01 00:00:00+00:00,0.273441096681867,,1.43680948375337,-0.237999247662273,-0.908707373865328,-0.460050559874424,,
1986-05-01 00:00:00+00:00,0.273441096681867,,1.43680948375337,-0.237999247662273,-0.908707373865328,-0.460050559874424,,
1986-06-01 00:00:00+00:00,0.273441096681867,,1.43680948375337,-0.237999247662273,-0.908707373865328,-0.460050559874424,,
1986-07-01 00:00:00+00:00,0.0170579589300777,,1.22833885938332,-0.143160832884497,-0.1424081240036229,-1.49791450544777,,
1986-08-01 00:00:00+00:00,0.0170579589300777,,1.22833885938332,-0.143160832884497,-0.1424081240036229,-1.49791450544777,,
1986-09-01 00:00:00+00:00,0.0170579589300777,,1.22833885938332,-0.143160832884497,-0.1424081240036229,-1.49791450544777,,
1986-10-01 00:00:00+00:00,0.254983863028445,,0.7398195500171159,0.128418016936926,-0.08143681519635,0.229760798782029,,
1986-11-01 00:00:00+00:00,0.254983863028445,,0.7398195500171159,0.128418016936926,-0.08143681519635,0.229760798782029,,
1986-12-01 00:00:00+00:00,0.254983863028445,,0.7398195500171159,0.128418016936926,-0.08143681519635,0.229760798782029,,
1987-01-01 00:00:00+00:00,0.0614263799144461,,1.5481319124279,0.737184589602309,-1.11760950932369,1.19210529357904,,
1987-02-01 00:00:00+00:00,0.0614263799144461,,1.5481319124279,0.737184589602309,-1.11760950932369,1.19210529357904,,
1987-03-01 00:00:00+00:00,0.0614263799144461,,1.5481319124279,0.737184589602309,-1.11760950932369,1.19210529357904,,
1987-04-01 00:00:00+00:00,0.095030230237066,,0.2527789837843619,-0.128450005924313,1.76187950553698,0.483043144080654,,
1987-05-01 00:00:00+00:00,0.095030230237066,,0.2527789837843619,-0.128450005924313,1.76187950553698,0.483043144080654,,
1987-06-01 00:00:00+00:00,0.095030230237066,,0.2527789837843619,-0.128450005924313,1.76187950553698,0.483043144080654,,
1987-07-01 00:00:00+00:00,0.220223437483865,,0.926077410502803,1.7317102207145,0.138860985257799,0.8858238969713929,,
1987-08-01 00:00:00+00:00,0.220223437483865,,0.926077410502803,1.7317102207145,0.138860985257799,0.8858238969713929,,
1987-09-01 00:00:00+00:00,0.220223437483865,,0.926077410502803,1.7317102207145,0.138860985257799,0.8858238969713929,,
1987-10-01 00:00:00+00:00,0.233850754227363,,1.61652624624543,1.48355336282241,0.677483815624034,1.05599709214569,0.100007812235128,
1987-11-01 00:00:00+00:00,0.233850754227363,,1.61652624624543,1.48355336282241,0.677483815624034,1.05599709214569,0.100007812235128,
1987-12-01 00:00:00+00:00,0.233850754227363,,1.61652624624543,1.48355336282241,0.677483815624034,1.05599709214569,0.100007812235128,
1988-01-01 00:00:00+00:00,1.12561396141668,,0.1754757551221839,1.96071585591443,0.0887610061510835,1.54261591012744,0.682373592480854,
1988-02-01 00:00:00+00:00,1.12561396141668,,0.1754757551221839,1.96071585591443,0.0887610061510835,1.54261591012744,0.682373592480854,
1988-03-01 00:00:00+00:00,1.12561396141668,,0.1754757551221839,1.96071585591443,0.0887610061510835,1.54261591012744,0.682373592480854,
1988-04-01 00:00:00+00:00,0.0176517876442807,,0.8338228859023489,2.15288396967354,0.609459317575259,-1.1722059405778,1.39230919061093,
1988-05-01 00:00:00+00:00,0.0176517876442807,,0.8338228859023489,2.15288396967354,0.609459317575259,-1.1722059405778,1.39230919061093,
1988-06-01 00:00:00+00:00,0.0176517876442807,,0.8338228859023489,2.15288396967354,0.609459317575259,-1.1722059405778,1.39230919061093,
1988-07-01 00:00:00+00:00,0.845862714459512,,-0.2451188567667209,-0.727864739460517,0.496737279426374,-0.634673240334097,0.962821552813144,
1988-08-01 00:00:00+00:00,0.845862714459512,,-0.2451188567667209,-0.727864739460517,0.496737279426374,-0.634673240334097,0.962821552813144,
1988-09-01 00:00:00+00:00,0.845862714459512,,-0.2451188567667209,-0.727864739460517,0.496737279426374,-0.634673240334097,0.962821552813144,
1988-10-01 00:00:00+00:00,0.0537919970146272,,0.806210213326427,1.98755600960468,-0.281222998210439,0.0372631432344649,3.3002569553044094,
1988-11-01 00:00:00+00:00,0.0537919970146272,,0.806210213326427,1.98755600960468,-0.281222998210439,0.0372631432344649,3.3002569553044094,
1988-12-01 00:00:00+00:00,0.0537919970146272,,0.806210213326427,1.98755600960468,-0.281222998210439,0.0372631432344649,3.3002569553044094,
1989-01-01 00:00:00+00:00,0.707877195449138,,0.0381404863241828,0.674813335235846,0.0535413825100504,0.4916025959586239,0.772556207294389,
1989-02-01 00:00:00+00:00,0.707877195449138,,0.0381404863241828,0.674813335235846,0.0535413825100504,0.4916025959586239,0.772556207294389,
1989-03-01 00:00:00+00:00,0.707877195449138,,0.0381404863241828,0.674813335235846,0.0535413825100504,0.4916025959586239,0.772556207294389,
1989-04-01 00:00:00+00:00,0.248625831632317,,-0.3415504199130799,2.24125812960024,0.0183899955928302,-0.336598647773242,2.74312396268052,
1989-05-01 00:00:00+00:00,0.248625831632317,,-0.3415504199130799,2.24125812960024,0.0183899955928302,-0.336598647773242,2.74312396268052,
1989-06-01 00:00:00+00:00,0.248625831632317,,-0.3415504199130799,2.24125812960024,0.0183899955928302,-0.336598647773242,2.74312396268052,
1989-07-01 00:00:00+00:00,0.445570980643905,,-0.2047853857100319,-2.05334468420448,0.226583829951959,0.83243954065708,1.55300348685386,
1989-08-01 00:00:00+00:00,0.445570980643905,,-0.2047853857100319,-2.05334468420448,0.226583829951959,0.83243954065708,1.55300348685386,
1989-09-01 00:00:00+00:00,0.445570980643905,,-0.2047853857100319,-2.05334468420448,0.226583829951959,0.83243954065708,1.55300348685386,
1989-10-01 00:00:00+00:00,0.492942935190477,,-0.305619742186416,1.19271079203986,0.0058832441336444,-0.1326820463765099,-4.24723706208219,
1989-11-01 00:00:00+00:00,0.492942935190477,,-0.305619742186416,1.19271079203986,0.0058832441336444,-0.1326820463765099,-4.24723706208219,
1989-12-01 00:00:00+00:00,0.492942935190477,,-0.305619742186416,1.19271079203986,0.0058832441336444,-0.1326820463765099,-4.24723706208219,
1990-01-01 00:00:00+00:00,-0.0417915816146203,,0.0671923190530911,2.70304698350383,-0.525876868348165,-0.9957249965406128,1.87110938933467,
1990-02-01 00:00:00+00:00,-0.0417915816146203,,0.0671923190530911,2.70304698350383,-0.525876868348165,-0.9957249965406128,1.87110938933467,
1990-03-01 00:00:00+00:00,-0.0417915816146203,,0.0671923190530911,2.70304698350383,-0.525876868348165,-0.9957249965406128,1.87110938933467,
1990-04-01 00:00:00+00:00,-0.0443821145921681,,1.09868777083259,-1.02084329961698,0.4263063129763409,0.481357927099308,0.506392294359851,
1990-05-01 00:00:00+00:00,-0.0443821145921681,,1.09868777083259,-1.02084329961698,0.4263063129763409,0.481357927099308,0.506392294359851,
1990-06-01 00:00:00+00:00,-0.0443821145921681,,1.09868777083259,-1.02084329961698,0.4263063129763409,0.481357927099308,0.506392294359851,
1990-07-01 00:00:00+00:00,0.46333691878154,,0.6587824952455539,2.7072728047550094,-0.452579119675628,-0.383100204405435,-1.09704299712036,
1990-08-01 00:00:00+00:00,0.46333691878154,,0.6587824952455539,2.7072728047550094,-0.452579119675628,-0.383100204405435,-1.09704299712036,
1990-09-01 00:00:00+00:00,0.46333691878154,,0.6587824952455539,2.7072728047550094,-0.452579119675628,-0.383100204405435,-1.09704299712036,
1990-10-01 00:00:00+00:00,0.305410649792043,,-1.18703705881353,1.22756188169661,-0.520045890484619,-0.3333632188803989,0.590706201973712,
1990-11-01 00:00:00+00:00,0.305410649792043,,-1.18703705881353,1.22756188169661,-0.520045890484619,-0.3333632188803989,0.590706201973712,
1990-12-01 00:00:00+00:00,0.305410649792043,,-1.18703705881353,1.22756188169661,-0.520045890484619,-0.3333632188803989,0.590706201973712,
1991-01-01 00:00:00+00:00,-0.616553994249107,,-0.405412910272324,-0.639501939767946,-0.0158385794067251,1.2642829530378,2.99705752667931,
1991-02-01 00:00:00+00:00,-0.616553994249107,,-0.405412910272324,-0.639501939767946,-0.0158385794067251,1.2642829530378,2.99705752667931,
1991-03-01 00:00:00+00:00,-0.616553994249107,,-0.405412910272324,-0.639501939767946,-0.0158385794067251,1.2642829530378,2.99705752667931,
1991-04-01 00:00:00+00:00,0.0210649752856742,,0.33908656399364,0.249839522851934,-0.376631436654844,-0.2376094976289679,-3.38630795271519,
1991-05-01 00:00:00+00:00,0.0210649752856742,,0.33908656399364,0.249839522851934,-0.376631436654844,-0.2376094976289679,-3.38630795271519,
1991-06-01 00:00:00+00:00,0.0210649752856742,,0.33908656399364,0.249839522851934,-0.376631436654844,-0.2376094976289679,-3.38630795271519,
1991-07-01 00:00:00+00:00,0.82505855142543,-0.0395071587393476,0.4919590237034719,0.724949733689008,0.288310289559778,0.5211668660432,-0.484011170583248,
1991-08-01 00:00:00+00:00,0.82505855142543,-0.0395071587393476,0.4919590237034719,0.724949733689008,0.288310289559778,0.5211668660432,-0.484011170583248,
1991-09-01 00:00:00+00:00,0.82505855142543,-0.0395071587393476,0.4919590237034719,0.724949733689008,0.288310289559778,0.5211668660432,-0.484011170583248,
1991-10-01 00:00:00+00:00,0.564580495925679,0.6488204702647409,0.670202456443425,-0.622494843325381,0.167602729231661,1.0430262083086,1.8696400380956,
1991-11-01 00:00:00+00:00,0.564580495925679,0.6488204702647409,0.670202456443425,-0.622494843325381,0.167602729231661,1.0430262083086,1.8696400380956,
1991-12-01 00:00:00+00:00,0.564580495925679,0.6488204702647409,0.670202456443425,-0.622494843325381,0.167602729231661,1.0430262083086,1.8696400380956,
1992-01-01 00:00:00+00:00,0.332624314971825,1.37437979976118,1.25575165911987,0.450603859629102,0.469513118865508,0.413131503434762,0.216079953971248,
1992-02-01 00:00:00+00:00,0.332624314971825,1.37437979976118,1.25575165911987,0.450603859629102,0.469513118865508,0.413131503434762,0.216079953971248,
1992-03-01 00:00:00+00:00,0.332624314971825,1.37437979976118,1.25575165911987,0.450603859629102,0.469513118865508,0.413131503434762,0.216079953971248,
1992-04-01 00:00:00+00:00,0.957329970848756,1.69788835732713,1.3634079644726,-0.492290800587484,0.564057066908152,0.415647366127742,0.119339023881526,
1992-05-01 00:00:00+00:00,0.957329970848756,1.69788835732713,1.3634079644726,-0.492290800587484,0.564057066908152,0.415647366127742,0.119339023881526,
1992-06-01 00:00:00+00:00,0.957329970848756,1.69788835732713,1.3634079644726,-0.492290800587484,0.564057066908152,0.415647366127742,0.119339023881526,
1992-07-01 00:00:00+00:00,0.701553420805987,-0.495020315216255,2.0755226718388,0.595082382892845,0.440928799632938,0.855926500201384,0.330989131987474,
1992-08-01 00:00:00+00:00,0.701553420805987,-0.495020315216255,2.0755226718388,0.595082382892845,0.440928799632938,0.855926500201384,0.330989131987474,
1992-09-01 00:00:00+00:00,0.701553420805987,-0.495020315216255,2.0755226718388,0.595082382892845,0.440928799632938,0.855926500201384,0.330989131987474,
1992-10-01 00:00:00+00:00,0.693589528180698,0.263794015901198,1.10211546744403,-0.0277031234816472,0.69124643570428,0.654906454216795,-1.47164867070096,
1992-11-01 00:00:00+00:00,0.693589528180698,0.263794015901198,1.10211546744403,-0.0277031234816472,0.69124643570428,0.654906454216795,-1.47164867070096,
1992-12-01 00:00:00+00:00,0.693589528180698,0.263794015901198,1.10211546744403,-0.0277031234816472,0.69124643570428,0.654906454216795,-1.47164867070096,
1993-01-01 00:00:00+00:00,0.974262870835397,0.127643906786667,1.59946556882715,-1.1908817365915,0.533629428976507,2.72849254105106,0.499744669337198,
1993-02-01 00:00:00+00:00,0.974262870835397,0.127643906786667,1.59946556882715,-1.1908817365915,0.533629428976507,2.72849254105106,0.499744669337198,
1993-03-01 00:00:00+00:00,0.974262870835397,0.127643906786667,1.59946556882715,-1.1908817365915,0.533629428976507,2.72849254105106,0.499744669337198,
1993-04-01 00:00:00+00:00,-0.222364285357221,-0.528039415364094,0.897195625594014,1.56681803464184,0.221582120179023,0.461695089556716,1.61388516278536,
1993-05-01 00:00:00+00:00,-0.222364285357221,-0.528039415364094,0.897195625594014,1.56681803464184,0.221582120179023,0.461695089556716,1.61388516278536,
1993-06-01 00:00:00+00:00,-0.222364285357221,-0.528039415364094,0.897195625594014,1.56681803464184,0.221582120179023,0.461695089556716,1.61388516278536,
1993-07-01 00:00:00+00:00,0.0268209880744178,0.39777377639548,0.530735947422693,-0.730830562385782,0.9478350824036808,0.638869112793628,0.308659612948283,
1993-08-01 00:00:00+00:00,0.0268209880744178,0.39777377639548,0.530735947422693,-0.730830562385782,0.9478350824036808,0.638869112793628,0.308659612948283,
1993-09-01 00:00:00+00:00,0.0268209880744178,0.39777377639548,0.530735947422693,-0.730830562385782,0.9478350824036808,0.638869112793628,0.308659612948283,
1993-10-01 00:00:00+00:00,-0.0776009269353568,0.846879602606535,0.8756563228665099,-0.871728227165576,0.549951272006237,-0.2960931449513249,1.73408782608696,
1993-11-01 00:00:00+00:00,-0.0776009269353568,0.846879602606535,0.8756563228665099,-0.871728227165576,0.549951272006237,-0.2960931449513249,1.73408782608696,
1993-12-01 00:00:00+00:00,-0.0776009269353568,0.846879602606535,0.8756563228665099,-0.871728227165576,0.549951272006237,-0.2960931449513249,1.73408782608696,
1994-01-01 00:00:00+00:00,0.919802595455876,0.0782103636478808,0.876963755015547,0.365568691852843,0.146627439593967,0.754325081634312,0.774143658197223,
1994-02-01 00:00:00+00:00,0.919802595455876,0.0782103636478808,0.876963755015547,0.365568691852843,0.146627439593967,0.754325081634312,0.774143658197223,
1994-03-01 00:00:00+00:00,0.919802595455876,0.0782103636478808,0.876963755015547,0.365568691852843,0.146627439593967,0.754325081634312,0.774143658197223,
1994-04-01 00:00:00+00:00,0.27346765520816,1.09482983187479,0.6503270475057839,0.926828295746735,1.14061041695767,0.899033761664986,2.07479112630131,
1994-05-01 00:00:00+00:00,0.27346765520816,1.09482983187479,0.6503270475057839,0.926828295746735,1.14061041695767,0.899033761664986,2.07479112630131,
1994-06-01 00:00:00+00:00,0.27346765520816,1.09482983187479,0.6503270475057839,0.926828295746735,1.14061041695767,0.899033761664986,2.07479112630131,
1994-07-01 00:00:00+00:00,0.857484335396008,0.300555835204313,1.30652278693665,-0.773704576080182,0.628449902322853,0.442928951699783,-0.481794459348552,
1994-08-01 00:00:00+00:00,0.857484335396008,0.300555835204313,1.30652278693665,-0.773704576080182,0.628449902322853,0.442928951699783,-0.481794459348552,
1994-09-01 00:00:00+00:00,0.857484335396008,0.300555835204313,1.30652278693665,-0.773704576080182,0.628449902322853,0.442928951699783,-0.481794459348552,
1994-10-01 00:00:00+00:00,0.054912816208153,0.5204467876351379,1.04601157564587,1.50851870419332,0.260240088903179,-0.584277020715338,-1.13523155258538,
1994-11-01 00:00:00+00:00,0.054912816208153,0.5204467876351379,1.04601157564587,1.50851870419332,0.260240088903179,-0.584277020715338,-1.13523155258538,
1994-12-01 00:00:00+00:00,0.054912816208153,0.5204467876351379,1.04601157564587,1.50851870419332,0.260240088903179,-0.584277020715338,-1.13523155258538,
1995-01-01 00:00:00+00:00,0.166483331718508,0.981483756186285,0.704103020065979,-0.475777880386446,0.0106178106954965,0.454594892029941,-0.46820333057844,
1995-02-01 00:00:00+00:00,0.166483331718508,0.981483756186285,0.704103020065979,-0.475777880386446,0.0106178106954965,0.454594892029941,-0.46820333057844,
1995-03-01 00:00:00+00:00,0.166483331718508,0.981483756186285,0.704103020065979,-0.475777880386446,0.0106178106954965,0.454594892029941,-0.46820333057844,
1995-04-01 00:00:00+00:00,0.0340597410508646,-0.439604996403109,0.67540675551209,0.9752403921212092,0.5531146342751039,-1.01525697407767,0.212925025395357,
1995-05-01 00:00:00+00:00,0.0340597410508646,-0.439604996403109,0.67540675551209,0.9752403921212092,0.5531146342751039,-1.01525697407767,0.212925025395357,
1995-06-01 00:00:00+00:00,0.0340597410508646,-0.439604996403109,0.67540675551209,0.9752403921212092,0.5531146342751039,-1.01525697407767,0.212925025395357,
1995-07-01 00:00:00+00:00,0.474841781408011,0.655553351401552,-0.1809487149144209,1.00389849352894,0.0639723751484659,-0.699033845013847,0.774735589895221,0.628118963940674
1995-08-01 00:00:00+00:00,0.474841781408011,0.655553351401552,-0.1809487149144209,1.00389849352894,0.0639723751484659,-0.699033845013847,0.774735589895221,0.628118963940674
1995-09-01 00:00:00+00:00,0.474841781408011,0.655553351401552,-0.1809487149144209,1.00389849352894,0.0639723751484659,-0.699033845013847,0.774735589895221,0.628118963940674
1995-10-01 00:00:00+00:00,0.605051868500133,0.168629001838997,0.793938169398384,0.953701345477464,-0.1108069854033619,1.6565020006149,-0.693138718493498,0.824924855577284
1995-11-01 00:00:00+00:00,0.605051868500133,0.168629001838997,0.793938169398384,0.953701345477464,-0.1108069854033619,1.6565020006149,-0.693138718493498,0.824924855577284
1995-12-01 00:00:00+00:00,0.605051868500133,0.168629001838997,0.793938169398384,0.953701345477464,-0.1108069854033619,1.6565020006149,-0.693138718493498,0.824924855577284
1996-01-01 00:00:00+00:00,0.447800777494893,-0.129190549219449,-0.191284431752651,0.540443029310674,0.1358229531221079,-0.4567296429333049,0.372066354517302,-0.329352395422717
1996-02-01 00:00:00+00:00,0.447800777494893,-0.129190549219449,-0.191284431752651,0.540443029310674,0.1358229531221079,-0.4567296429333049,0.372066354517302,-0.329352395422717
1996-03-01 00:00:00+00:00,0.447800777494893,-0.129190549219449,-0.191284431752651,0.540443029310674,0.1358229531221079,-0.4567296429333049,0.372066354517302,-0.329352395422717
1996-04-01 00:00:00+00:00,0.491708370529392,-0.696887522758273,0.7067568662888049,0.772090011008424,-0.26092646060347,1.36745395153052,-0.228713027063376,0.488296212557624
1996-05-01 00:00:00+00:00,0.491708370529392,-0.696887522758273,0.7067568662888049,0.772090011008424,-0.26092646060347,1.36745395153052,-0.228713027063376,0.488296212557624
1996-06-01 00:00:00+00:00,0.491708370529392,-0.696887522758273,0.7067568662888049,0.772090011008424,-0.26092646060347,1.36745395153052,-0.228713027063376,0.488296212557624
1996-07-01 00:00:00+00:00,1.07378081876,1.19616942000005,0.175897448479771,0.9065028797153268,0.467338595110933,0.4095598639968279,0.255276691607921,-0.349397152428115
1996-08-01 00:00:00+00:00,1.07378081876,1.19616942000005,0.175897448479771,0.9065028797153268,0.467338595110933,0.4095598639968279,0.255276691607921,-0.349397152428115
1996-09-01 00:00:00+00:00,1.07378081876,1.19616942000005,0.175897448479771,0.9065028797153268,0.467338595110933,0.4095598639968279,0.255276691607921,-0.349397152428115
1996-10-01 00:00:00+00:00,0.152842931161314,0.4801085372463809,0.7351395811123889,-0.442756728381371,0.6918523997268329,0.8028364110056019,0.399957560770078,0.032613938406835
1996-11-01 00:00:00+00:00,0.152842931161314,0.4801085372463809,0.7351395811123889,-0.442756728381371,0.6918523997268329,0.8028364110056019,0.399957560770078,0.032613938406835
1996-12-01 00:00:00+00:00,0.152842931161314,0.4801085372463809,0.7351395811123889,-0.442756728381371,0.6918523997268329,0.8028364110056019,0.399957560770078,0.032613938406835
1997-01-01 00:00:00+00:00,0.546772948513221,0.8801064164493358,0.8337525144411119,1.22336410444577,0.783840221024631,0.8303899944753,0.988502254846346,0.716247462573465
1997-02-01 00:00:00+00:00,0.546772948513221,0.8801064164493358,0.8337525144411119,1.22336410444577,0.783840221024631,0.8303899944753,0.988502254846346,0.716247462573465
1997-03-01 00:00:00+00:00,0.546772948513221,0.8801064164493358,0.8337525144411119,1.22336410444577,0.783840221024631,0.8303899944753,0.988502254846346,0.716247462573465
1997-04-01 00:00:00+00:00,0.132141964587783,-0.398974322191945,0.897282026091152,-0.439456656736124,0.5120121014566659,0.3179888480361789,-0.670543247647143,1.18623067333877
1997-05-01 00:00:00+00:00,0.132141964587783,-0.398974322191945,0.897282026091152,-0.439456656736124,0.5120121014566659,0.3179888480361789,-0.670543247647143,1.18623067333877
1997-06-01 00:00:00+00:00,0.132141964587783,-0.398974322191945,0.897282026091152,-0.439456656736124,0.5120121014566659,0.3179888480361789,-0.670543247647143,1.18623067333877
1997-07-01 00:00:00+00:00,1.00180620943828,1.1212172260322,0.600009816635349,-1.00387254021476,0.500056404918058,3.03501079199536,1.97353752553835,0.26201141499308
1997-08-01 00:00:00+00:00,1.00180620943828,1.1212172260322,0.600009816635349,-1.00387254021476,0.500056404918058,3.03501079199536,1.97353752553835,0.26201141499308
1997-09-01 00:00:00+00:00,1.00180620943828,1.1212172260322,0.600009816635349,-1.00387254021476,0.500056404918058,3.03501079199536,1.97353752553835,0.26201141499308
1997-10-01 00:00:00+00:00,0.772783700247168,0.140330842519162,0.7079755946207938,0.319368889729362,0.087324640904396,-0.167049246934612,2.01392678871903,0.866692067427714
1997-11-01 00:00:00+00:00,0.772783700247168,0.140330842519162,0.7079755946207938,0.319368889729362,0.087324640904396,-0.167049246934612,2.01392678871903,0.866692067427714
1997-12-01 00:00:00+00:00,0.772783700247168,0.140330842519162,0.7079755946207938,0.319368889729362,0.087324640904396,-0.167049246934612,2.01392678871903,0.866692067427714
1998-01-01 00:00:00+00:00,0.426236490559583,0.754134022130653,1.23078692775887,0.20234031767322,0.4310469783472969,0.701565502081812,-1.50880098398112,0.35362362203698
1998-02-01 00:00:00+00:00,0.426236490559583,0.754134022130653,1.23078692775887,0.20234031767322,0.4310469783472969,0.701565502081812,-1.50880098398112,0.35362362203698
1998-03-01 00:00:00+00:00,0.426236490559583,0.754134022130653,1.23078692775887,0.20234031767322,0.4310469783472969,0.701565502081812,-1.50880098398112,0.35362362203698
1998-04-01 00:00:00+00:00,0.788542802059428,0.69731710944571,0.5727565966684899,-1.19913697470497,1.02060540763683,0.3229805896245919,0.175379757924418,0.607805597555822
1998-05-01 00:00:00+00:00,0.788542802059428,0.69731710944571,0.5727565966684899,-1.19913697470497,1.02060540763683,0.3229805896245919,0.175379757924418,0.607805597555822
1998-06-01 00:00:00+00:00,0.788542802059428,0.69731710944571,0.5727565966684899,-1.19913697470497,1.02060540763683,0.3229805896245919,0.175379757924418,0.607805597555822
1998-07-01 00:00:00+00:00,0.55892116812374,-0.971611423021151,0.496212743960226,-0.0752389050897449,-0.537673724344913,0.452040425821277,-0.0663141272080118,0.477507284774717
1998-08-01 00:00:00+00:00,0.55892116812374,-0.971611423021151,0.496212743960226,-0.0752389050897449,-0.537673724344913,0.452040425821277,-0.0663141272080118,0.477507284774717
1998-09-01 00:00:00+00:00,0.55892116812374,-0.971611423021151,0.496212743960226,-0.0752389050897449,-0.537673724344913,0.452040425821277,-0.0663141272080118,0.477507284774717
1998-10-01 00:00:00+00:00,1.02112459955697,-0.1510425093027109,-0.1204079080032439,0.509567986534116,0.124228070691,1.32391255094554,0.697478719136576,-0.249083950209011
1998-11-01 00:00:00+00:00,1.02112459955697,-0.1510425093027109,-0.1204079080032439,0.509567986534116,0.124228070691,1.32391255094554,0.697478719136576,-0.249083950209011
1998-12-01 00:00:00+00:00,1.02112459955697,-0.1510425093027109,-0.1204079080032439,0.509567986534116,0.124228070691,1.32391255094554,0.697478719136576,-0.249083950209011
1999-01-01 00:00:00+00:00,1.05209344360037,-0.812179656773078,0.2094980903145529,1.12486186855939,0.7602701873396939,1.12656677372192,2.55578772344422,-0.129294148825399
1999-02-01 00:00:00+00:00,1.05209344360037,-0.812179656773078,0.2094980903145529,1.12486186855939,0.7602701873396939,1.12656677372192,2.55578772344422,-0.129294148825399
1999-03-01 00:00:00+00:00,1.05209344360037,-0.812179656773078,0.2094980903145529,1.12486186855939,0.7602701873396939,1.12656677372192,2.55578772344422,-0.129294148825399
1999-04-01 00:00:00+00:00,0.446168594733673,0.931202197159876,0.391719627738842,-1.09611612540649,1.20265235062662,0.477972050366478,-0.0720795672657219,-0.0217511106956058
1999-05-01 00:00:00+00:00,0.446168594733673,0.931202197159876,0.391719627738842,-1.09611612540649,1.20265235062662,0.477972050366478,-0.0720795672657219,-0.0217511106956058
1999-06-01 00:00:00+00:00,0.446168594733673,0.931202197159876,0.391719627738842,-1.09611612540649,1.20265235062662,0.477972050366478,-0.0720795672657219,-0.0217511106956058
1999-07-01 00:00:00+00:00,0.62935635809933,-0.0488712511229928,0.2539249183590649,0.460842886609727,0.304791397444073,-0.0187175606498567,0.518702031066969,0.273987462073535
1999-08-01 00:00:00+00:00,0.62935635809933,-0.0488712511229928,0.2539249183590649,0.460842886609727,0.304791397444073,-0.0187175606498567,0.518702031066969,0.273987462073535
1999-09-01 00:00:00+00:00,0.62935635809933,-0.0488712511229928,0.2539249183590649,0.460842886609727,0.304791397444073,-0.0187175606498567,0.518702031066969,0.273987462073535
1999-10-01 00:00:00+00:00,1.05582386950797,0.208168082918072,1.14229121283607,0.440972178505369,0.826786961847012,0.463266067505118,0.95534146692353,0.364319258531428
1999-11-01 00:00:00+00:00,1.05582386950797,0.208168082918072,1.14229121283607,0.440972178505369,0.826786961847012,0.463266067505118,0.95534146692353,0.364319258531428
1999-12-01 00:00:00+00:00,1.05582386950797,0.208168082918072,1.14229121283607,0.440972178505369,0.826786961847012,0.463266067505118,0.95534146692353,0.364319258531428
2000-01-01 00:00:00+00:00,1.1075181485146,0.2221906610487819,1.04560948315315,0.0811771279669525,0.668077090210615,0.891791054605036,-0.0293910074955674,2.15366426605494
2000-02-01 00:00:00+00:00,1.1075181485146,0.2221906610487819,1.04560948315315,0.0811771279669525,0.668077090210615,0.891791054605036,-0.0293910074955674,2.15366426605494
2000-03-01 00:00:00+00:00,1.1075181485146,0.2221906610487819,1.04560948315315,0.0811771279669525,0.668077090210615,0.891791054605036,-0.0293910074955674,2.15366426605494
2000-04-01 00:00:00+00:00,-1.35938975339956,0.4804927743434809,1.08577946778577,2.17844409991319,0.798936902745919,0.0822575945773522,2.618186242768,0.35591214926164
2000-05-01 00:00:00+00:00,-1.35938975339956,0.4804927743434809,1.08577946778577,2.17844409991319,0.798936902745919,0.0822575945773522,2.618186242768,0.35591214926164
2000-06-01 00:00:00+00:00,-1.35938975339956,0.4804927743434809,1.08577946778577,2.17844409991319,0.798936902745919,0.0822575945773522,2.618186242768,0.35591214926164
2000-07-01 00:00:00+00:00,1.57790709392915,0.4864690035063919,0.346883837003425,0.334848132767454,0.768524991694775,-0.168408687272966,-0.853950493112487,0.276533813845699
2000-08-01 00:00:00+00:00,1.57790709392915,0.4864690035063919,0.346883837003425,0.334848132767454,0.768524991694775,-0.168408687272966,-0.853950493112487,0.276533813845699
2000-09-01 00:00:00+00:00,1.57790709392915,0.4864690035063919,0.346883837003425,0.334848132767454,0.768524991694775,-0.168408687272966,-0.853950493112487,0.276533813845699
2000-10-01 00:00:00+00:00,0.285988762646924,-0.179585624417163,0.3251707664290789,-0.0112981413289855,0.7276222234267749,-0.921886797056876,-0.849740898544462,0.910428706862807
2000-11-01 00:00:00+00:00,0.285988762646924,-0.179585624417163,0.3251707664290789,-0.0112981413289855,0.7276222234267749,-0.921886797056876,-0.849740898544462,0.910428706862807
2000-12-01 00:00:00+00:00,0.285988762646924,-0.179585624417163,0.3251707664290789,-0.0112981413289855,0.7276222234267749,-0.921886797056876,-0.849740898544462,0.910428706862807
2001-01-01 00:00:00+00:00,0.123869619108531,-0.302701567749152,0.667004833707993,0.532971349557676,-0.4883147469261179,0.22762999489487,-0.104428879514068,0.796191595303125
2001-02-01 00:00:00+00:00,0.123869619108531,-0.302701567749152,0.667004833707993,0.532971349557676,-0.4883147469261179,0.22762999489487,-0.104428879514068,0.796191595303125
2001-03-01 00:00:00+00:00,0.123869619108531,-0.302701567749152,0.667004833707993,0.532971349557676,-0.4883147469261179,0.22762999489487,-0.104428879514068,0.796191595303125
2001-04-01 00:00:00+00:00,-0.604978995407502,2.2943916681083,0.6167658101308399,0.949526772166932,0.438972443852351,0.7766658677727049,-0.962824011074766,-0.960393637081589
2001-05-01 00:00:00+00:00,-0.604978995407502,2.2943916681083,0.6167658101308399,0.949526772166932,0.438972443852351,0.7766658677727049,-0.962824011074766,-0.960393637081589
2001-06-01 00:00:00+00:00,-0.604978995407502,2.2943916681083,0.6167658101308399,0.949526772166932,0.438972443852351,0.7766658677727049,-0.962824011074766,-0.960393637081589
2001-07-01 00:00:00+00:00,1.09157801463225,0.0227938802108026,0.139791638362035,-0.138917696720476,-0.0080750345001749,0.282151020415077,2.32365449125016,0.0845084917189196
2001-08-01 00:00:00+00:00,1.09157801463225,0.0227938802108026,0.139791638362035,-0.138917696720476,-0.0080750345001749,0.282151020415077,2.32365449125016,0.0845084917189196
2001-09-01 00:00:00+00:00,1.09157801463225,0.0227938802108026,0.139791638362035,-0.138917696720476,-0.0080750345001749,0.282151020415077,2.32365449125016,0.0845084917189196
2001-10-01 00:00:00+00:00,-0.13206491191734,0.0290984563115777,0.4998983728023579,-0.636699695451237,-0.237269591104877,0.8514134320245929,-0.397742081578001,-0.148339229402038
2001-11-01 00:00:00+00:00,-0.13206491191734,0.0290984563115777,0.4998983728023579,-0.636699695451237,-0.237269591104877,0.8514134320245929,-0.397742081578001,-0.148339229402038
2001-12-01 00:00:00+00:00,-0.13206491191734,0.0290984563115777,0.4998983728023579,-0.636699695451237,-0.237269591104877,0.8514134320245929,-0.397742081578001,-0.148339229402038
2002-01-01 00:00:00+00:00,0.638155195206964,-0.123219080094846,0.010223240817996,-0.304103660305196,0.462862640775399,0.8998724258574309,0.0811076517567218,-0.672083683766585
2002-02-01 00:00:00+00:00,0.638155195206964,-0.123219080094846,0.010223240817996,-0.304103660305196,0.462862640775399,0.8998724258574309,0.0811076517567218,-0.672083683766585
2002-03-01 00:00:00+00:00,0.638155195206964,-0.123219080094846,0.010223240817996,-0.304103660305196,0.462862640775399,0.8998724258574309,0.0811076517567218,-0.672083683766585
2002-04-01 00:00:00+00:00,0.925514929498976,-0.550141889024885,0.2826481516944139,0.540225955659556,0.9240683643433008,0.172561512997007,-0.135340319741683,-0.166515758775901
2002-05-01 00:00:00+00:00,0.925514929498976,-0.550141889024885,0.2826481516944139,0.540225955659556,0.9240683643433008,0.172561512997007,-0.135340319741683,-0.166515758775901
2002-06-01 00:00:00+00:00,0.925514929498976,-0.550141889024885,0.2826481516944139,0.540225955659556,0.9240683643433008,0.172561512997007,-0.135340319741683,-0.166515758775901
2002-07-01 00:00:00+00:00,0.424799299428481,0.62279576787432,-0.0004153601385126,1.51130446441008,-0.4944316500666349,1.49693099250605,0.159728066971363,0.234118568135776
2002-08-01 00:00:00+00:00,0.424799299428481,0.62279576787432,-0.0004153601385126,1.51130446441008,-0.4944316500666349,1.49693099250605,0.159728066971363,0.234118568135776
2002-09-01 00:00:00+00:00,0.424799299428481,0.62279576787432,-0.0004153601385126,1.51130446441008,-0.4944316500666349,1.49693099250605,0.159728066971363,0.234118568135776
2002-10-01 00:00:00+00:00,0.0786869497123149,0.852522180098906,0.665962947332546,0.240235046386795,-0.144597446212167,-0.4819851759655239,2.04546921327362,-0.23622420977687
2002-11-01 00:00:00+00:00,0.0786869497123149,0.852522180098906,0.665962947332546,0.240235046386795,-0.144597446212167,-0.4819851759655239,2.04546921327362,-0.23622420977687
2002-12-01 00:00:00+00:00,0.0786869497123149,0.852522180098906,0.665962947332546,0.240235046386795,-0.144597446212167,-0.4819851759655239,2.04546921327362,-0.23622420977687
2003-01-01 00:00:00+00:00,0.237172341792916,0.225105626486292,0.150516837811101,0.322373186878105,-0.0464686499974256,-0.0110669057304147,1.3684718608567,-0.425093774046796
2003-02-01 00:00:00+00:00,0.237172341792916,0.225105626486292,0.150516837811101,0.322373186878105,-0.0464686499974256,-0.0110669057304147,1.3684718608567,-0.425093774046796
2003-03-01 00:00:00+00:00,0.237172341792916,0.225105626486292,0.150516837811101,0.322373186878105,-0.0464686499974256,-0.0110669057304147,1.3684718608567,-0.425093774046796
2003-04-01 00:00:00+00:00,-0.0531087459596256,-1.19404776554788,0.763681635156202,0.215625861523948,-0.187606309357562,-0.884779498321342,-0.136877367186469,-0.113697243462159
2003-05-01 00:00:00+00:00,-0.0531087459596256,-1.19404776554788,0.763681635156202,0.215625861523948,-0.187606309357562,-0.884779498321342,-0.136877367186469,-0.113697243462159
2003-06-01 00:00:00+00:00,-0.0531087459596256,-1.19404776554788,0.763681635156202,0.215625861523948,-0.187606309357562,-0.884779498321342,-0.136877367186469,-0.113697243462159
2003-07-01 00:00:00+00:00,0.730733985235519,0.540461941883623,0.4755156903719259,0.506630605300374,-0.23196317831992,0.6647769832687939,-0.411414130532305,-0.08843237354397
2003-08-01 00:00:00+00:00,0.730733985235519,0.540461941883623,0.4755156903719259,0.506630605300374,-0.23196317831992,0.6647769832687939,-0.411414130532305,-0.08843237354397
2003-09-01 00:00:00+00:00,0.730733985235519,0.540461941883623,0.4755156903719259,0.506630605300374,-0.23196317831992,0.6647769832687939,-0.411414130532305,-0.08843237354397
2003-10-01 00:00:00+00:00,1.74573885572368,0.70421203006508,0.7862372784147779,0.365009978405903,0.0169540630536521,1.4313761081991,-0.287169303823602,1.16639049155653
2003-11-01 00:00:00+00:00,1.74573885572368,0.70421203006508,0.7862372784147779,0.365009978405903,0.0169540630536521,1.4313761081991,-0.287169303823602,1.16639049155653
2003-12-01 00:00:00+00:00,1.74573885572368,0.70421203006508,0.7862372784147779,0.365009978405903,0.0169540630536521,1.4313761081991,-0.287169303823602,1.16639049155653
2004-01-01 00:00:00+00:00,0.627383968175193,0.283169045193751,0.615537596319706,1.10199758062877,-0.0910462257537203,1.14398310178431,1.45603963566622,1.03801693967915
2004-02-01 00:00:00+00:00,0.627383968175193,0.283169045193751,0.615537596319706,1.10199758062877,-0.0910462257537203,1.14398310178431,1.45603963566622,1.03801693967915
2004-03-01 00:00:00+00:00,0.627383968175193,0.283169045193751,0.615537596319706,1.10199758062877,-0.0910462257537203,1.14398310178431,1.45603963566622,1.03801693967915
2004-04-01 00:00:00+00:00,0.409798597565192,-0.469387113849339,-0.166924112268759,0.579150044131836,0.39407085886575,0.3648044889473899,1.56121132333625,0.243395276756076
2004-05-01 00:00:00+00:00,0.409798597565192,-0.469387113849339,-0.166924112268759,0.579150044131836,0.39407085886575,0.3648044889473899,1.56121132333625,0.243395276756076
2004-06-01 00:00:00+00:00,0.409798597565192,-0.469387113849339,-0.166924112268759,0.579150044131836,0.39407085886575,0.3648044889473899,1.56121132333625,0.243395276756076
2004-07-01 00:00:00+00:00,0.475316210552844,0.2945683347539659,0.545053035308781,-0.0575409511805976,0.71142020548751,0.2212149854588149,-0.698128325465341,0.88670734850967
2004-08-01 00:00:00+00:00,0.475316210552844,0.2945683347539659,0.545053035308781,-0.0575409511805976,0.71142020548751,0.2212149854588149,-0.698128325465341,0.88670734850967
2004-09-01 00:00:00+00:00,0.475316210552844,0.2945683347539659,0.545053035308781,-0.0575409511805976,0.71142020548751,0.2212149854588149,-0.698128325465341,0.88670734850967
2004-10-01 00:00:00+00:00,0.487997977935939,-0.1204594650873449,0.2191847011167659,0.564028336858362,0.854011697437906,0.3459736199870779,-1.10818640078281,-0.0642158864962204
2004-11-01 00:00:00+00:00,0.487997977935939,-0.1204594650873449,0.2191847011167659,0.564028336858362,0.854011697437906,0.3459736199870779,-1.10818640078281,-0.0642158864962204
2004-12-01 00:00:00+00:00,0.487997977935939,-0.1204594650873449,0.2191847011167659,0.564028336858362,0.854011697437906,0.3459736199870779,-1.10818640078281,-0.0642158864962204
2005-01-01 00:00:00+00:00,0.666235336914095,-0.0154543768613389,-0.032788959650776,-0.0517403359046449,0.3853810208871359,-0.464946658453953,-1.40170083024461,0.0535303607886198
2005-02-01 00:00:00+00:00,0.666235336914095,-0.0154543768613389,-0.032788959650776,-0.0517403359046449,0.3853810208871359,-0.464946658453953,-1.40170083024461,0.0535303607886198
2005-03-01 00:00:00+00:00,0.666235336914095,-0.0154543768613389,-0.032788959650776,-0.0517403359046449,0.3853810208871359,-0.464946658453953,-1.40170083024461,0.0535303607886198
2005-04-01 00:00:00+00:00,0.822317532998772,0.2357914439831529,0.333874599592879,0.310001646803282,0.123200851478288,-0.3224991874510679,0.32697119373725,0.659010519070393
2005-05-01 00:00:00+00:00,0.822317532998772,0.2357914439831529,0.333874599592879,0.310001646803282,0.123200851478288,-0.3224991874510679,0.32697119373725,0.659010519070393
2005-06-01 00:00:00+00:00,0.822317532998772,0.2357914439831529,0.333874599592879,0.310001646803282,0.123200851478288,-0.3224991874510679,0.32697119373725,0.659010519070393
2005-07-01 00:00:00+00:00,-0.286794137260125,0.579746778798228,0.7838065854783989,0.512053324754634,0.4683168034067949,-0.326764562333271,2.0093999534688094,0.970444278831697
2005-08-01 00:00:00+00:00,-0.286794137260125,0.579746778798228,0.7838065854783989,0.512053324754634,0.4683168034067949,-0.326764562333271,2.0093999534688094,0.970444278831697
2005-09-01 00:00:00+00:00,-0.286794137260125,0.579746778798228,0.7838065854783989,0.512053324754634,0.4683168034067949,-0.326764562333271,2.0093999534688094,0.970444278831697
2005-10-01 00:00:00+00:00,0.244553626398151,0.615545561674788,0.342629917414134,0.689683944560759,0.6892600974385459,0.4029845270373499,-1.10845499484125,0.598539507107629
2005-11-01 00:00:00+00:00,0.244553626398151,0.615545561674788,0.342629917414134,0.689683944560759,0.6892600974385459,0.4029845270373499,-1.10845499484125,0.598539507107629
2005-12-01 00:00:00+00:00,0.244553626398151,0.615545561674788,0.342629917414134,0.689683944560759,0.6892600974385459,0.4029845270373499,-1.10845499484125,0.598539507107629
2006-01-01 00:00:00+00:00,0.335034322555827,0.1899039007384769,1.10486576185272,0.445522895408419,0.6066444064077549,0.593953954147254,0.0557580453906154,0.659566199235916
2006-02-01 00:00:00+00:00,0.335034322555827,0.1899039007384769,1.10486576185272,0.445522895408419,0.6066444064077549,0.593953954147254,0.0557580453906154,0.659566199235916
2006-03-01 00:00:00+00:00,0.335034322555827,0.1899039007384769,1.10486576185272,0.445522895408419,0.6066444064077549,0.593953954147254,0.0557580453906154,0.659566199235916
2006-04-01 00:00:00+00:00,0.745108274203348,1.38346804591997,-0.0687105553749999,-0.113777882126867,0.367122410561187,-0.368416133151301,-0.0914698324571016,0.516093600018112
2006-05-01 00:00:00+00:00,0.745108274203348,1.38346804591997,-0.0687105553749999,-0.113777882126867,0.367122410561187,-0.368416133151301,-0.0914698324571016,0.516093600018112
2006-06-01 00:00:00+00:00,0.745108274203348,1.38346804591997,-0.0687105553749999,-0.113777882126867,0.367122410561187,-0.368416133151301,-0.0914698324571016,0.516093600018112
2006-07-01 00:00:00+00:00,-0.171558884351189,1.10103703145921,0.189630509801367,0.193658253160026,-0.691393591343888,-0.5498145616531979,-1.33824084192348,0.299369663633189
2006-08-01 00:00:00+00:00,-0.171558884351189,1.10103703145921,0.189630509801367,0.193658253160026,-0.691393591343888,-0.5498145616531979,-1.33824084192348,0.299369663633189
2006-09-01 00:00:00+00:00,-0.171558884351189,1.10103703145921,0.189630509801367,0.193658253160026,-0.691393591343888,-0.5498145616531979,-1.33824084192348,0.299369663633189
2006-10-01 00:00:00+00:00,-0.18237762220774,0.246076966404593,0.0015115064450755,-0.578740337539939,0.121340124940448,0.330537346655465,2.2027717721422,0.0514858384744344
2006-11-01 00:00:00+00:00,-0.18237762220774,0.246076966404593,0.0015115064450755,-0.578740337539939,0.121340124940448,0.330537346655465,2.2027717721422,0.0514858384744344
2006-12-01 00:00:00+00:00,-0.18237762220774,0.246076966404593,0.0015115064450755,-0.578740337539939,0.121340124940448,0.330537346655465,2.2027717721422,0.0514858384744344
2007-01-01 00:00:00+00:00,0.126122352530412,1.14035489961963,0.415201260129884,1.11197073506366,0.0326598863950595,0.770707635130297,0.753865970074425,0.532385936467351
2007-02-01 00:00:00+00:00,0.126122352530412,1.14035489961963,0.415201260129884,1.11197073506366,0.0326598863950595,0.770707635130297,0.753865970074425,0.532385936467351
2007-03-01 00:00:00+00:00,0.126122352530412,1.14035489961963,0.415201260129884,1.11197073506366,0.0326598863950595,0.770707635130297,0.753865970074425,0.532385936467351
2007-04-01 00:00:00+00:00,-0.062247393920759,-0.411778175814073,1.01036029500201,0.744869704615973,-0.149886171178945,0.7203165916267509,-0.378889749333119,-0.190971128243687
2007-05-01 00:00:00+00:00,-0.062247393920759,-0.411778175814073,1.01036029500201,0.744869704615973,-0.149886171178945,0.7203165916267509,-0.378889749333119,-0.190971128243687
2007-06-01 00:00:00+00:00,-0.062247393920759,-0.411778175814073,1.01036029500201,0.744869704615973,-0.149886171178945,0.7203165916267509,-0.378889749333119,-0.190971128243687
2007-07-01 00:00:00+00:00,0.807900554738431,0.465173102944336,0.290336102397931,-0.480921211086166,0.6609724703598099,-0.231212615560724,0.833285494798818,1.12031152467105
2007-08-01 00:00:00+00:00,0.807900554738431,0.465173102944336,0.290336102397931,-0.480921211086166,0.6609724703598099,-0.231212615560724,0.833285494798818,1.12031152467105
2007-09-01 00:00:00+00:00,0.807900554738431,0.465173102944336,0.290336102397931,-0.480921211086166,0.6609724703598099,-0.231212615560724,0.833285494798818,1.12031152467105
2007-10-01 00:00:00+00:00,0.511935501334112,0.200764050615485,0.33751250477048,-0.330493737544279,-0.3385209940748539,0.314840049442247,1.22595308363376,0.187619912702369
2007-11-01 00:00:00+00:00,0.511935501334112,0.200764050615485,0.33751250477048,-0.330493737544279,-0.3385209940748539,0.314840049442247,1.22595308363376,0.187619912702369
2007-12-01 00:00:00+00:00,0.511935501334112,0.200764050615485,0.33751250477048,-0.330493737544279,-0.3385209940748539,0.314840049442247,1.22595308363376,0.187619912702369
2008-01-01 00:00:00+00:00,0.402821059010926,0.2614435208719649,0.0607065028020105,0.246897972388852,-0.371591152357217,-0.209638922722236,-0.160238350330464,0.235083536205688
2008-02-01 00:00:00+00:00,0.402821059010926,0.2614435208719649,0.0607065028020105,0.246897972388852,-0.371591152357217,-0.209638922722236,-0.160238350330464,0.235083536205688
2008-03-01 00:00:00+00:00,0.402821059010926,0.2614435208719649,0.0607065028020105,0.246897972388852,-0.371591152357217,-0.209638922722236,-0.160238350330464,0.235083536205688
2008-04-01 00:00:00+00:00,-0.382727986591533,0.103630966417295,0.1216492943898079,0.726940940309926,-0.2837264298929049,0.140703754630782,-0.673225051032694,0.0293387469261847
2008-05-01 00:00:00+00:00,-0.382727986591533,0.103630966417295,0.1216492943898079,0.726940940309926,-0.2837264298929049,0.140703754630782,-0.673225051032694,0.0293387469261847
2008-06-01 00:00:00+00:00,-0.382727986591533,0.103630966417295,0.1216492943898079,0.726940940309926,-0.2837264298929049,0.140703754630782,-0.673225051032694,0.0293387469261847
2008-07-01 00:00:00+00:00,0.789138655137746,-0.4069650050022309,-0.617096147911036,-0.757159189653931,0.214360388051451,-0.3021108307110069,-1.37684826808307,0.786223780142839
2008-08-01 00:00:00+00:00,0.789138655137746,-0.4069650050022309,-0.617096147911036,-0.757159189653931,0.214360388051451,-0.3021108307110069,-1.37684826808307,0.786223780142839
2008-09-01 00:00:00+00:00,0.789138655137746,-0.4069650050022309,-0.617096147911036,-0.757159189653931,0.214360388051451,-0.3021108307110069,-1.37684826808307,0.786223780142839
2008-10-01 00:00:00+00:00,-0.0765100046386956,-0.922748981007241,-1.07064126786594,-0.822399748246878,0.71804821953436,0.0711891493389902,0.0904124823950661,-0.078539352924466
2008-11-01 00:00:00+00:00,-0.0765100046386956,-0.922748981007241,-1.07064126786594,-0.822399748246878,0.71804821953436,0.0711891493389902,0.0904124823950661,-0.078539352924466
2008-12-01 00:00:00+00:00,-0.0765100046386956,-0.922748981007241,-1.07064126786594,-0.822399748246878,0.71804821953436,0.0711891493389902,0.0904124823950661,-0.078539352924466
2009-01-01 00:00:00+00:00,-1.38802248575998,-1.831240335843,-1.9491125186572495,-2.46587700036617,-1.19247035147223,-0.5247536012207489,-0.638330164823104,-3.2655894092739106
2009-02-01 00:00:00+00:00,-1.38802248575998,-1.831240335843,-1.9491125186572495,-2.46587700036617,-1.19247035147223,-0.5247536012207489,-0.638330164823104,-3.2655894092739106
2009-03-01 00:00:00+00:00,-1.38802248575998,-1.831240335843,-1.9491125186572495,-2.46587700036617,-1.19247035147223,-0.5247536012207489,-0.638330164823104,-3.2655894092739106
2009-04-01 00:00:00+00:00,0.67520716319771,-4.74935155553069,-1.50011214056219,-4.32246444445621,-1.00751040567581,0.946987675595806,1.00540938439658,-2.10288897158199
2009-05-01 00:00:00+00:00,0.67520716319771,-4.74935155553069,-1.50011214056219,-4.32246444445621,-1.00751040567581,0.946987675595806,1.00540938439658,-2.10288897158199
2009-06-01 00:00:00+00:00,0.67520716319771,-4.74935155553069,-1.50011214056219,-4.32246444445621,-1.00751040567581,0.946987675595806,1.00540938439658,-2.10288897158199
2009-07-01 00:00:00+00:00,0.671789314343538,0.426486288332919,0.62714318796038,2.88621847875365,-0.708277324781648,0.8024173512243,1.19974245180394,0.810425433443113
2009-08-01 00:00:00+00:00,0.671789314343538,0.426486288332919,0.62714318796038,2.88621847875365,-0.708277324781648,0.8024173512243,1.19974245180394,0.810425433443113
2009-09-01 00:00:00+00:00,0.671789314343538,0.426486288332919,0.62714318796038,2.88621847875365,-0.708277324781648,0.8024173512243,1.19974245180394,0.810425433443113
2009-10-01 00:00:00+00:00,0.999541905659108,0.7104797923837949,0.123140015635988,0.126889512941962,0.5316740633147559,0.1038892062979689,1.50555656342456,1.63991132385246
2009-11-01 00:00:00+00:00,0.999541905659108,0.7104797923837949,0.123140015635988,0.126889512941962,0.5316740633147559,0.1038892062979689,1.50555656342456,1.63991132385246
2009-12-01 00:00:00+00:00,0.999541905659108,0.7104797923837949,0.123140015635988,0.126889512941962,0.5316740633147559,0.1038892062979689,1.50555656342456,1.63991132385246
2010-01-01 00:00:00+00:00,1.83749372779669,0.71866989226675,0.185159353295889,1.40634579516765,0.699828573429867,0.3156763858969259,1.18986734937585,0.9504612428007632
2010-02-01 00:00:00+00:00,1.83749372779669,0.71866989226675,0.185159353295889,1.40634579516765,0.699828573429867,0.3156763858969259,1.18986734937585,0.9504612428007632
2010-03-01 00:00:00+00:00,1.83749372779669,0.71866989226675,0.185159353295889,1.40634579516765,0.699828573429867,0.3156763858969259,1.18986734937585,0.9504612428007632
2010-04-01 00:00:00+00:00,0.323540145297618,0.7890955167868579,1.24533187641164,0.811750803055543,0.9238487350030508,-0.22257404865239,0.804977331394705,1.1558111467793
2010-05-01 00:00:00+00:00,0.323540145297618,0.7890955167868579,1.24533187641164,0.811750803055543,0.9238487350030508,-0.22257404865239,0.804977331394705,1.1558111467793
2010-06-01 00:00:00+00:00,0.323540145297618,0.7890955167868579,1.24533187641164,0.811750803055543,0.9238487350030508,-0.22257404865239,0.804977331394705,1.1558111467793
2010-07-01 00:00:00+00:00,0.506116598227419,1.89036986727792,0.468775276882892,1.5140605834724,-0.233535858843734,0.3238433985160549,0.355751877888169,-0.247112394329413
2010-08-01 00:00:00+00:00,0.506116598227419,1.89036986727792,0.468775276882892,1.5140605834724,-0.233535858843734,0.3238433985160549,0.355751877888169,-0.247112394329413
2010-09-01 00:00:00+00:00,0.506116598227419,1.89036986727792,0.468775276882892,1.5140605834724,-0.233535858843734,0.3238433985160549,0.355751877888169,-0.247112394329413
2010-10-01 00:00:00+00:00,0.690562201756747,0.5661743197605609,-0.109620848307991,1.41303244545596,0.203896406356865,-0.209410707780208,-2.24786734775794,0.072921758602938
2010-11-01 00:00:00+00:00,0.690562201756747,0.5661743197605609,-0.109620848307991,1.41303244545596,0.203896406356865,-0.209410707780208,-2.24786734775794,0.072921758602938
2010-12-01 00:00:00+00:00,0.690562201756747,0.5661743197605609,-0.109620848307991,1.41303244545596,0.203896406356865,-0.209410707780208,-2.24786734775794,0.072921758602938
2011-01-01 00:00:00+00:00,0.65730914909876,0.5420092418922,0.2953557003906119,-0.689797549182597,0.925910765042899,0.0585459169404288,-0.706533560419841,0.613155297372985
2011-02-01 00:00:00+00:00,0.65730914909876,0.5420092418922,0.2953557003906119,-0.689797549182597,0.925910765042899,0.0585459169404288,-0.706533560419841,0.613155297372985
2011-03-01 00:00:00+00:00,0.65730914909876,0.5420092418922,0.2953557003906119,-0.689797549182597,0.925910765042899,0.0585459169404288,-0.706533560419841,0.613155297372985
2011-04-01 00:00:00+00:00,-0.432540880232743,1.64250981858985,-0.1419058788779949,-1.24958094409723,0.159334671393166,-0.734888592530958,0.784446980454049,-0.607878506962492
2011-05-01 00:00:00+00:00,-0.432540880232743,1.64250981858985,-0.1419058788779949,-1.24958094409723,0.159334671393166,-0.734888592530958,0.784446980454049,-0.607878506962492
2011-06-01 00:00:00+00:00,-0.432540880232743,1.64250981858985,-0.1419058788779949,-1.24958094409723,0.159334671393166,-0.734888592530958,0.784446980454049,-0.607878506962492
2011-07-01 00:00:00+00:00,0.601788086156796,-0.2672004158367419,0.0966024505660339,-0.422536440278032,-0.0585722279996419,1.30321854466172,0.474867771066468,-0.144351987955622
2011-08-01 00:00:00+00:00,0.601788086156796,-0.2672004158367419,0.0966024505660339,-0.422536440278032,-0.0585722279996419,1.30321854466172,0.474867771066468,-0.144351987955622
2011-09-01 00:00:00+00:00,0.601788086156796,-0.2672004158367419,0.0966024505660339,-0.422536440278032,-0.0585722279996419,1.30321854466172,0.474867771066468,-0.144351987955622
2011-10-01 00:00:00+00:00,-0.273659577834951,0.575267642434659,0.873634210037522,2.44607486657193,0.969236454958151,1.05053706377295,1.0900731347355,-0.441439828632737
2011-11-01 00:00:00+00:00,-0.273659577834951,0.575267642434659,0.873634210037522,2.44607486657193,0.969236454958151,1.05053706377295,1.0900731347355,-0.441439828632737
2011-12-01 00:00:00+00:00,-0.273659577834951,0.575267642434659,0.873634210037522,2.44607486657193,0.969236454958151,1.05053706377295,1.0900731347355,-0.441439828632737
2012-01-01 00:00:00+00:00,0.536810115710566,-0.596913111394552,-0.0695098970782263,-0.290127288418823,0.852575172264415,0.88320603983662,0.764300267013982,-0.615576463475904
2012-02-01 00:00:00+00:00,0.536810115710566,-0.596913111394552,-0.0695098970782263,-0.290127288418823,0.852575172264415,0.88320603983662,0.764300267013982,-0.615576463475904
2012-03-01 00:00:00+00:00,0.536810115710566,-0.596913111394552,-0.0695098970782263,-0.290127288418823,0.852575172264415,0.88320603983662,0.764300267013982,-0.615576463475904
2012-04-01 00:00:00+00:00,0.0370567589465015,-0.0916345551658442,0.489330322398632,1.63519058473037,-0.156126277847807,0.493799432913601,0.0724957958895758,0.0347787085410947
2012-05-01 00:00:00+00:00,0.0370567589465015,-0.0916345551658442,0.489330322398632,1.63519058473037,-0.156126277847807,0.493799432913601,0.0724957958895758,0.0347787085410947
2012-06-01 00:00:00+00:00,0.0370567589465015,-0.0916345551658442,0.489330322398632,1.63519058473037,-0.156126277847807,0.493799432913601,0.0724957958895758,0.0347787085410947
2012-07-01 00:00:00+00:00,0.206582520395742,-0.0462344867712132,-0.8538012329789149,-0.84606409572889,-0.433938273747704,0.368870529753049,0.467779299164661,0.0165165963905176
2012-08-01 00:00:00+00:00,0.206582520395742,-0.0462344867712132,-0.8538012329789149,-0.84606409572889,-0.433938273747704,0.368870529753049,0.467779299164661,0.0165165963905176
2012-09-01 00:00:00+00:00,0.206582520395742,-0.0462344867712132,-0.8538012329789149,-0.84606409572889,-0.433938273747704,0.368870529753049,0.467779299164661,0.0165165963905176
2012-10-01 00:00:00+00:00,-0.120835752818968,0.0411740791558527,0.6472422143466289,-0.518548856759752,-0.262541464293065,0.3611370437768839,1.02886017881087,0.01783551882534
2012-11-01 00:00:00+00:00,-0.120835752818968,0.0411740791558527,0.6472422143466289,-0.518548856759752,-0.262541464293065,0.3611370437768839,1.02886017881087,0.01783551882534
2012-12-01 00:00:00+00:00,-0.120835752818968,0.0411740791558527,0.6472422143466289,-0.518548856759752,-0.262541464293065,0.3611370437768839,1.02886017881087,0.01783551882534
2013-01-01 00:00:00+00:00,-0.458622938778087,-0.750237389494815,-0.609547636128556,-0.101290501963008,-0.3184637019884429,0.254495900326822,0.934342627868604,0.384375772691446
2013-02-01 00:00:00+00:00,-0.458622938778087,-0.750237389494815,-0.609547636128556,-0.101290501963008,-0.3184637019884429,0.254495900326822,0.934342627868604,0.384375772691446
2013-03-01 00:00:00+00:00,-0.458622938778087,-0.750237389494815,-0.609547636128556,-0.101290501963008,-0.3184637019884429,0.254495900326822,0.934342627868604,0.384375772691446
2013-04-01 00:00:00+00:00,1.01568909959641,-0.590093684497058,0.51341646093375,1.06049217032852,0.609972457731562,-0.0776927896613638,0.348321135486108,0.0457962543564323
2013-05-01 00:00:00+00:00,1.01568909959641,-0.590093684497058,0.51341646093375,1.06049217032852,0.609972457731562,-0.0776927896613638,0.348321135486108,0.0457962543564323
2013-06-01 00:00:00+00:00,1.01568909959641,-0.590093684497058,0.51341646093375,1.06049217032852,0.609972457731562,-0.0776927896613638,0.348321135486108,0.0457962543564323
2013-07-01 00:00:00+00:00,-0.0915989476996952,0.9939493646891608,0.391986274390329,0.676420178582417,0.353025584750082,0.318389712626171,-0.85867375978886,0.357296827118393
2013-08-01 00:00:00+00:00,-0.0915989476996952,0.9939493646891608,0.391986274390329,0.676420178582417,0.353025584750082,0.318389712626171,-0.85867375978886,0.357296827118393
2013-09-01 00:00:00+00:00,-0.0915989476996952,0.9939493646891608,0.391986274390329,0.676420178582417,0.353025584750082,0.318389712626171,-0.85867375978886,0.357296827118393
2013-10-01 00:00:00+00:00,0.503895893126404,0.302624619764087,0.269836003163401,0.859223375015934,0.794826727974647,0.807992700203086,-0.64013212960534,0.208148641865772
2013-11-01 00:00:00+00:00,0.503895893126404,0.302624619764087,0.269836003163401,0.859223375015934,0.794826727974647,0.807992700203086,-0.64013212960534,0.208148641865772
2013-12-01 00:00:00+00:00,0.503895893126404,0.302624619764087,0.269836003163401,0.859223375015934,0.794826727974647,0.807992700203086,-0.64013212960534,0.208148641865772
2014-01-01 00:00:00+00:00,0.921616640806598,0.06110467785765,0.0908138158609954,-0.646864807207228,1.00819333277516,0.96388735319425,-0.27467037553764,-0.397371024843115
2014-02-01 00:00:00+00:00,0.921616640806598,0.06110467785765,0.0908138158609954,-0.646864807207228,1.00819333277516,0.96388735319425,-0.27467037553764,-0.397371024843115
2014-03-01 00:00:00+00:00,0.921616640806598,0.06110467785765,0.0908138158609954,-0.646864807207228,1.00819333277516,0.96388735319425,-0.27467037553764,-0.397371024843115
2014-04-01 00:00:00+00:00,-1.06244889642331,0.6710483557699038,0.0254994637706386,0.902485343287358,0.140110484337743,0.4111335235199489,0.0925154595679925,0.722835312324996
2014-05-01 00:00:00+00:00,-1.06244889642331,0.6710483557699038,0.0254994637706386,0.902485343287358,0.140110484337743,0.4111335235199489,0.0925154595679925,0.722835312324996
2014-06-01 00:00:00+00:00,-1.06244889642331,0.6710483557699038,0.0254994637706386,0.902485343287358,0.140110484337743,0.4111335235199489,0.0925154595679925,0.722835312324996
2014-07-01 00:00:00+00:00,0.873708628097644,-0.1881157407752339,0.3089820384717399,-2.09218209145783,0.834258725921101,0.169716986770724,0.120213298561391,-0.348806967651551
2014-08-01 00:00:00+00:00,0.873708628097644,-0.1881157407752339,0.3089820384717399,-2.09218209145783,0.834258725921101,0.169716986770724,0.120213298561391,-0.348806967651551
2014-09-01 00:00:00+00:00,0.873708628097644,-0.1881157407752339,0.3089820384717399,-2.09218209145783,0.834258725921101,0.169716986770724,0.120213298561391,-0.348806967651551
2014-10-01 00:00:00+00:00,0.762380910784393,0.332652060076122,0.333097743106442,0.0135865678864776,0.6450855625420149,0.221099144317773,0.137065124824111,0.414233123893844
2014-11-01 00:00:00+00:00,0.762380910784393,0.332652060076122,0.333097743106442,0.0135865678864776,0.6450855625420149,0.221099144317773,0.137065124824111,0.414233123893844
2014-12-01 00:00:00+00:00,0.762380910784393,0.332652060076122,0.333097743106442,0.0135865678864776,0.6450855625420149,0.221099144317773,0.137065124824111,0.414233123893844
2015-01-01 00:00:00+00:00,-0.116456247866634,0.701972748960993,0.345463199729791,0.308205275550523,0.45319343759494,0.2762249129396269,0.0250368441455617,-0.528016631845715
2015-02-01 00:00:00+00:00,-0.116456247866634,0.701972748960993,0.345463199729791,0.308205275550523,0.45319343759494,0.2762249129396269,0.0250368441455617,-0.528016631845715
2015-03-01 00:00:00+00:00,-0.116456247866634,0.701972748960993,0.345463199729791,0.308205275550523,0.45319343759494,0.2762249129396269,0.0250368441455617,-0.528016631845715
2015-04-01 00:00:00+00:00,0.475371189656925,-0.7134532181862518,-0.385440023633549,1.43876660103755,-0.825290896438383,0.125339799251384,-0.0889901879483298,-0.422711229540487
2015-05-01 00:00:00+00:00,0.475371189656925,-0.7134532181862518,-0.385440023633549,1.43876660103755,-0.825290896438383,0.125339799251384,-0.0889901879483298,-0.422711229540487
2015-06-01 00:00:00+00:00,0.475371189656925,-0.7134532181862518,-0.385440023633549,1.43876660103755,-0.825290896438383,0.125339799251384,-0.0889901879483298,-0.422711229540487
2015-07-01 00:00:00+00:00,0.20758279892056,0.4031239818113079,0.7349673789130279,0.155879393251714,-0.269551565248811,-0.3811879852937419,0.797060343712009,0.621709258916091
2015-08-01 00:00:00+00:00,0.20758279892056,0.4031239818113079,0.7349673789130279,0.155879393251714,-0.269551565248811,-0.3811879852937419,0.797060343712009,0.621709258916091
2015-09-01 00:00:00+00:00,0.20758279892056,0.4031239818113079,0.7349673789130279,0.155879393251714,-0.269551565248811,-0.3811879852937419,0.797060343712009,0.621709258916091
2015-10-01 00:00:00+00:00,0.244534206809707,0.0677540391502059,-0.3180165766505789,-0.104584903700388,0.1517365164444509,0.515250748675212,1.77329055117265,0.649863226979484
2015-11-01 00:00:00+00:00,0.244534206809707,0.0677540391502059,-0.3180165766505789,-0.104584903700388,0.1517365164444509,0.515250748675212,1.77329055117265,0.649863226979484
2015-12-01 00:00:00+00:00,0.244534206809707,0.0677540391502059,-0.3180165766505789,-0.104584903700388,0.1517365164444509,0.515250748675212,1.77329055117265,0.649863226979484
2016-01-01 00:00:00+00:00,-0.261934502310323,0.145447167399319,-0.0804815196658519,-0.407656115405088,0.0631529544152324,-0.3654564208103259,-0.21685560102435,-0.209523552391458
2016-02-01 00:00:00+00:00,-0.261934502310323,0.145447167399319,-0.0804815196658519,-0.407656115405088,0.0631529544152324,-0.3654564208103259,-0.21685560102435,-0.209523552391458
2016-03-01 00:00:00+00:00,-0.261934502310323,0.145447167399319,-0.0804815196658519,-0.407656115405088,0.0631529544152324,-0.3654564208103259,-0.21685560102435,-0.209523552391458
2016-04-01 00:00:00+00:00,-0.302979720639789,0.591585991107149,0.259037893600836,0.412270882661677,0.5686990029078989,0.607832736026202,-0.232520352825378,-0.410602734458824
2016-05-01 00:00:00+00:00,-0.302979720639789,0.591585991107149,0.259037893600836,0.412270882661677,0.5686990029078989,0.607832736026202,-0.232520352825378,-0.410602734458824
2016-06-01 00:00:00+00:00,-0.302979720639789,0.591585991107149,0.259037893600836,0.412270882661677,0.5686990029078989,0.607832736026202,-0.232520352825378,-0.410602734458824
2016-07-01 00:00:00+00:00,0.184172589997896,0.132444261389866,0.0082361997627094,-0.344829339737943,-0.84873255600551,0.4595670597380149,-1.30421826818494,0.842675016094643
2016-08-01 00:00:00+00:00,0.184172589997896,0.132444261389866,0.0082361997627094,-0.344829339737943,-0.84873255600551,0.4595670597380149,-1.30421826818494,0.842675016094643
2016-09-01 00:00:00+00:00,0.184172589997896,0.132444261389866,0.0082361997627094,-0.344829339737943,-0.84873255600551,0.4595670597380149,-1.30421826818494,0.842675016094643
2016-10-01 00:00:00+00:00,0.340936399352175,-0.113228207383908,0.1715723594479879,-0.342984108916323,0.75542848717109,-0.2037193590674329,-0.363551342869403,0.397277345267036
2016-11-01 00:00:00+00:00,0.340936399352175,-0.113228207383908,0.1715723594479879,-0.342984108916323,0.75542848717109,-0.2037193590674329,-0.363551342869403,0.397277345267036
2016-12-01 00:00:00+00:00,0.340936399352175,-0.113228207383908,0.1715723594479879,-0.342984108916323,0.75542848717109,-0.2037193590674329,-0.363551342869403,0.397277345267036
2017-01-01 00:00:00+00:00,0.375645317616505,0.002036345370966,0.527643770259338,-0.0113448778318439,0.104116222075084,0.820158914573715,-0.671755075168675,-0.205877940565445
2017-02-01 00:00:00+00:00,0.375645317616505,0.002036345370966,0.527643770259338,-0.0113448778318439,0.104116222075084,0.820158914573715,-0.671755075168675,-0.205877940565445
2017-03-01 00:00:00+00:00,0.375645317616505,0.002036345370966,0.527643770259338,-0.0113448778318439,0.104116222075084,0.820158914573715,-0.671755075168675,-0.205877940565445
2017-04-01 00:00:00+00:00,0.0932367768100746,0.91865588104365,0.52418872189452,0.776869542018354,0.5286726023225559,-0.1696270733553129,0.0725592796543181,-0.0382031573512092
2017-05-01 00:00:00+00:00,0.0932367768100746,0.91865588104365,0.52418872189452,0.776869542018354,0.5286726023225559,-0.1696270733553129,0.0725592796543181,-0.0382031573512092
2017-06-01 00:00:00+00:00,0.0932367768100746,0.91865588104365,0.52418872189452,0.776869542018354,0.5286726023225559,-0.1696270733553129,0.0725592796543181,-0.0382031573512092
2017-07-01 00:00:00+00:00,0.134350203206239,0.554773982008237,0.2695878500870639,-0.135255391519341,0.547843126275779,-0.3490327629867809,1.45131694341512,-0.267233500242397
2017-08-01 00:00:00+00:00,0.134350203206239,0.554773982008237,0.2695878500870639,-0.135255391519341,0.547843126275779,-0.3490327629867809,1.45131694341512,-0.267233500242397
2017-09-01 00:00:00+00:00,0.134350203206239,0.554773982008237,0.2695878500870639,-0.135255391519341,0.547843126275779,-0.3490327629867809,1.45131694341512,-0.267233500242397
2017-10-01 00:00:00+00:00,0.413645830506527,0.264597156820783,0.64206045819151,0.303238097307935,-0.571933875770605,-0.0429478068463698,-0.89478079309096,0.548117483484404
2017-11-01 00:00:00+00:00,0.413645830506527,0.264597156820783,0.64206045819151,0.303238097307935,-0.571933875770605,-0.0429478068463698,-0.89478079309096,0.548117483484404
2017-12-01 00:00:00+00:00,0.413645830506527,0.264597156820783,0.64206045819151,0.303238097307935,-0.571933875770605,-0.0429478068463698,-0.89478079309096,0.548117483484404
2018-01-01 00:00:00+00:00,1.13581294664097,0.6285874710570118,0.438803445070092,0.112680543697522,-0.0940816721889709,-0.3136899313433719,0.699458508916815,0.927389944156222
2018-02-01 00:00:00+00:00,1.13581294664097,0.6285874710570118,0.438803445070092,0.112680543697522,-0.0940816721889709,-0.3136899313433719,0.699458508916815,0.927389944156222
2018-03-01 00:00:00+00:00,1.13581294664097,0.6285874710570118,0.438803445070092,0.112680543697522,-0.0940816721889709,-0.3136899313433719,0.699458508916815,0.927389944156222
2018-04-01 00:00:00+00:00,0.0504319642071701,-1.02430691751073,-0.529298608080844,-1.12322446266902,0.918436510684864,0.403113499331341,0.49968965684544,0.628472636562136
2018-05-01 00:00:00+00:00,0.0504319642071701,-1.02430691751073,-0.529298608080844,-1.12322446266902,0.918436510684864,0.403113499331341,0.49968965684544,0.628472636562136
2018-06-01 00:00:00+00:00,0.0504319642071701,-1.02430691751073,-0.529298608080844,-1.12322446266902,0.918436510684864,0.403113499331341,0.49968965684544,0.628472636562136
2018-07-01 00:00:00+00:00,0.12372706577052,0.4756187481196519,0.0323811697339514,-0.196689601040539,0.508666667841135,0.439594920510191,0.624261047455232,0.79312918080441
2018-08-01 00:00:00+00:00,0.12372706577052,0.4756187481196519,0.0323811697339514,-0.196689601040539,0.508666667841135,0.439594920510191,0.624261047455232,0.79312918080441
2018-09-01 00:00:00+00:00,0.12372706577052,0.4756187481196519,0.0323811697339514,-0.196689601040539,0.508666667841135,0.439594920510191,0.624261047455232,0.79312918080441
2018-10-01 00:00:00+00:00,0.421660363534755,-1.19072353370569,0.196044344027963,-0.528688467073343,-0.0871262442179895,-0.29105160591508,-1.06067673674196,-0.909301693859906
2018-11-01 00:00:00+00:00,0.421660363534755,-1.19072353370569,0.196044344027963,-0.528688467073343,-0.0871262442179895,-0.29105160591508,-1.06067673674196,-0.909301693859906
2018-12-01 00:00:00+00:00,0.421660363534755,-1.19072353370569,0.196044344027963,-0.528688467073343,-0.0871262442179895,-0.29105160591508,-1.06067673674196,-0.909301693859906
2019-01-01 00:00:00+00:00,-0.34081521548049,0.617266598000284,-0.384325574357301,-0.561253304377791,-0.3782041160888369,-0.3648290570719189,1.47662616437885,0.502300677069359
2019-02-01 00:00:00+00:00,-0.34081521548049,0.617266598000284,-0.384325574357301,-0.561253304377791,-0.3782041160888369,-0.3648290570719189,1.47662616437885,0.502300677069359
2019-03-01 00:00:00+00:00,-0.34081521548049,0.617266598000284,-0.384325574357301,-0.561253304377791,-0.3782041160888369,-0.3648290570719189,1.47662616437885,0.502300677069359
2019-04-01 00:00:00+00:00,0.486860604879916,0.39533377625617,0.421984719414145,0.0611137333790767,-0.354012310846857,0.0617697076954452,1.16797486834811,-0.220865337353158
2019-05-01 00:00:00+00:00,0.486860604879916,0.39533377625617,0.421984719414145,0.0611137333790767,-0.354012310846857,0.0617697076954452,1.16797486834811,-0.220865337353158
2019-06-01 00:00:00+00:00,0.486860604879916,0.39533377625617,0.421984719414145,0.0611137333790767,-0.354012310846857,0.0617697076954452,1.16797486834811,-0.220865337353158
2019-07-01 00:00:00+00:00,0.729196494664986,-0.264651567149139,-0.0276847065005395,0.159509456387871,0.376493706633696,-0.258034934898491,-0.267231991573608,0.0635639426618499
2019-08-01 00:00:00+00:00,0.729196494664986,-0.264651567149139,-0.0276847065005395,0.159509456387871,0.376493706633696,-0.258034934898491,-0.267231991573608,0.0635639426618499
2019-09-01 00:00:00+00:00,0.729196494664986,-0.264651567149139,-0.0276847065005395,0.159509456387871,0.376493706633696,-0.258034934898491,-0.267231991573608,0.0635639426618499
2019-10-01 00:00:00+00:00,0.502671773019953,-0.0650130835342867,0.9064054313198668,-0.0912926301274922,0.112553817708886,-0.1619634327419179,0.275867482096757,0.793541760163833
2019-11-01 00:00:00+00:00,0.502671773019953,-0.0650130835342867,0.9064054313198668,-0.0912926301274922,0.112553817708886,-0.1619634327419179,0.275867482096757,0.793541760163833
2019-12-01 00:00:00+00:00,0.502671773019953,-0.0650130835342867,0.9064054313198668,-0.0912926301274922,0.112553817708886,-0.1619634327419179,0.275867482096757,0.793541760163833
2020-01-01 00:00:00+00:00,0.146307861356019,0.1746164524771879,-0.569863411459496,-3.16005850394885,0.2701150010587419,0.33735632703564,0.135686976338687,0.328118361659212
2020-02-01 00:00:00+00:00,0.146307861356019,0.1746164524771879,-0.569863411459496,-3.16005850394885,0.2701150010587419,0.33735632703564,0.135686976338687,0.328118361659212
2020-03-01 00:00:00+00:00,0.146307861356019,0.1746164524771879,-0.569863411459496,-3.16005850394885,0.2701150010587419,0.33735632703564,0.135686976338687,0.328118361659212
2020-04-01 00:00:00+00:00,-0.69372892698068,-1.8208281468012,-2.87123287000702,0.763173131799271,-0.25597598752819,-0.5640012930839569,-1.88645121793448,-2.08356360147259
2020-05-01 00:00:00+00:00,-0.69372892698068,-1.8208281468012,-2.87123287000702,0.763173131799271,-0.25597598752819,-0.5640012930839569,-1.88645121793448,-2.08356360147259
2020-06-01 00:00:00+00:00,-0.69372892698068,-1.8208281468012,-2.87123287000702,0.763173131799271,-0.25597598752819,-0.5640012930839569,-1.88645121793448,-2.08356360147259
2020-07-01 00:00:00+00:00,5.51946956648266,-7.9761191657038095,-19.2846289693328,-6.42126093202282,0.7946627741955659,-1.59853243427805,-9.65051092594412,-4.27385687339712
2020-08-01 00:00:00+00:00,5.51946956648266,-7.9761191657038095,-19.2846289693328,-6.42126093202282,0.7946627741955659,-1.59853243427805,-9.65051092594412,-4.27385687339712
2020-09-01 00:00:00+00:00,5.51946956648266,-7.9761191657038095,-19.2846289693328,-6.42126093202282,0.7946627741955659,-1.59853243427805,-9.65051092594412,-4.27385687339712
2020-10-01 00:00:00+00:00,1.38538246507846,9.007160811616233,17.5948979916152,5.28476675316387,0.0370251096836384,1.44341922834317,14.8276378432108,6.0428614667648715
2020-11-01 00:00:00+00:00,1.38538246507846,9.007160811616233,17.5948979916152,5.28476675316387,0.0370251096836384,1.44341922834317,14.8276378432108,6.0428614667648715
2020-12-01 00:00:00+00:00,1.38538246507846,9.007160811616233,17.5948979916152,5.28476675316387,0.0370251096836384,1.44341922834317,14.8276378432108,6.0428614667648715
2021-01-01 00:00:00+00:00,-1.46693427931206,0.654478191890091,1.90465523787597,1.24999478357529,-0.472776495293654,1.46150628594831,-0.481427003416038,-0.19788129549771
2021-02-01 00:00:00+00:00,-1.46693427931206,0.654478191890091,1.90465523787597,1.24999478357529,-0.472776495293654,1.46150628594831,-0.481427003416038,-0.19788129549771
2021-03-01 00:00:00+00:00,-1.46693427931206,0.654478191890091,1.90465523787597,1.24999478357529,-0.472776495293654,1.46150628594831,-0.481427003416038,-0.19788129549771
2021-04-01 00:00:00+00:00,1.04197845366952,-1.19112822594885,-1.04032723760003,0.138922689211396,1.18172146373402,0.922583756636408,1.66255756632463,0.872084703692578
2021-05-01 00:00:00+00:00,1.04197845366952,-1.19112822594885,-1.04032723760003,0.138922689211396,1.18172146373402,0.922583756636408,1.66255756632463,0.872084703692578
2021-06-01 00:00:00+00:00,1.04197845366952,-1.19112822594885,-1.04032723760003,0.138922689211396,1.18172146373402,0.922583756636408,1.66255756632463,0.872084703692578
2021-07-01 00:00:00+00:00,0.735451279129741,1.97458130635603,6.86876343925275,0.76767795357235,-0.8776029271766949,-0.0189975089228012,0.812884630472895,2.43706324671521
2021-08-01 00:00:00+00:00,0.735451279129741,1.97458130635603,6.86876343925275,0.76767795357235,-0.8776029271766949,-0.0189975089228012,0.812884630472895,2.43706324671521
2021-09-01 00:00:00+00:00,0.735451279129741,1.97458130635603,6.86876343925275,0.76767795357235,-0.8776029271766949,-0.0189975089228012,0.812884630472895,2.43706324671521
2021-10-01 00:00:00+00:00,-0.396426244175493,0.172505396723345,0.813705468636812,-0.596466162540719,-0.2426300131021829,-1.44557119431842,-6.0359760897252,0.9573099251852308
2021-11-01 00:00:00+00:00,-0.396426244175493,0.172505396723345,0.813705468636812,-0.596466162540719,-0.2426300131021829,-1.44557119431842,-6.0359760897252,0.9573099251852308
2021-12-01 00:00:00+00:00,-0.396426244175493,0.172505396723345,0.813705468636812,-0.596466162540719,-0.2426300131021829,-1.44557119431842,-6.0359760897252,0.9573099251852308
2022-01-01 00:00:00+00:00,0.354452438732274,-0.317897353585302,1.596394156426,1.46951119065196,0.0503436671387416,3.47423196810836,2.91110999559758,-0.584781487676164
2022-02-01 00:00:00+00:00,0.354452438732274,-0.317897353585302,1.596394156426,1.46951119065196,0.0503436671387416,3.47423196810836,2.91110999559758,-0.584781487676164
2022-03-01 00:00:00+00:00,0.354452438732274,-0.317897353585302,1.596394156426,1.46951119065196,0.0503436671387416,3.47423196810836,2.91110999559758,-0.584781487676164
2022-04-01 00:00:00+00:00,-1.9762050733159,0.562426049888959,0.325955904811773,-0.794233257082194,0.149301163419025,-1.76068558311972,0.237149509131859,0.06865440131157
2022-05-01 00:00:00+00:00,-1.9762050733159,0.562426049888959,0.325955904811773,-0.794233257082194,0.149301163419025,-1.76068558311972,0.237149509131859,0.06865440131157
2022-06-01 00:00:00+00:00,-1.9762050733159,0.562426049888959,0.325955904811773,-0.794233257082194,0.149301163419025,-1.76068558311972,0.237149509131859,0.06865440131157
2022-07-01 00:00:00+00:00,-0.414532336114079,-0.4320070961875749,-0.398597306732407,0.786227355591897,-0.0388989955591982,-0.363678711756871,1.9140299565124297,0.938600101724182
2022-08-01 00:00:00+00:00,-0.414532336114079,-0.4320070961875749,-0.398597306732407,0.786227355591897,-0.0388989955591982,-0.363678711756871,1.9140299565124297,0.938600101724182
2022-09-01 00:00:00+00:00,-0.414532336114079,-0.4320070961875749,-0.398597306732407,0.786227355591897,-0.0388989955591982,-0.363678711756871,1.9140299565124297,0.938600101724182
2022-10-01 00:00:00+00:00,0.345952808409985,0.220652714508446,0.074515933954288,-0.165272831575994,0.4793398405960839,-0.7619938947391989,0.0984248056529926,-0.264759559801751
2022-11-01 00:00:00+00:00,0.345952808409985,0.220652714508446,0.074515933954288,-0.165272831575994,0.4793398405960839,-0.7619938947391989,0.0984248056529926,-0.264759559801751
2022-12-01 00:00:00+00:00,0.345952808409985,0.220652714508446,0.074515933954288,-0.165272831575994,0.4793398405960839,-0.7619938947391989,0.0984248056529926,-0.264759559801751
2023-01-01 00:00:00+00:00,0.519651226499444,-0.6566576958722539,-0.0918359136701628,0.352428031354868,-0.767367677868445,0.1191369984085839,-1.22441291696237,-0.464496039171206
2023-02-01 00:00:00+00:00,0.519651226499444,-0.6566576958722539,-0.0918359136701628,0.352428031354868,-0.767367677868445,0.1191369984085839,-1.22441291696237,-0.464496039171206
2023-03-01 00:00:00+00:00,0.519651226499444,-0.6566576958722539,-0.0918359136701628,0.352428031354868,-0.767367677868445,0.1191369984085839,-1.22441291696237,-0.464496039171206
2023-04-01 00:00:00+00:00,-0.484183460112583,-0.2768455529230309,-0.2318252120776659,1.15218278418631,-0.549306419949528,-0.12461463928215,-1.25343587536186,-0.756467054088934
2023-05-01 00:00:00+00:00,-0.484183460112583,-0.2768455529230309,-0.2318252120776659,1.15218278418631,-0.549306419949528,-0.12461463928215,-1.25343587536186,-0.756467054088934
2023-06-01 00:00:00+00:00,-0.484183460112583,-0.2768455529230309,-0.2318252120776659,1.15218278418631,-0.549306419949528,-0.12461463928215,-1.25343587536186,-0.756467054088934
2023-07-01 00:00:00+00:00,0.219424019568226,-0.0548144516755794,0.3876509910004509,0.651089662221838,-0.0597716532320593,-0.387977101644688,0.341339257568365,-0.908825164687775
2023-08-01 00:00:00+00:00,0.219424019568226,-0.0548144516755794,0.3876509910004509,0.651089662221838,-0.0597716532320593,-0.387977101644688,0.341339257568365,-0.908825164687775
2023-09-01 00:00:00+00:00,0.219424019568226,-0.0548144516755794,0.3876509910004509,0.651089662221838,-0.0597716532320593,-0.387977101644688,0.341339257568365,-0.908825164687775
2023-10-01 00:00:00+00:00,0.936118085705194,-0.144789518003896,0.3876509910004509,-0.807117674223498,-0.643171912855525,-0.431970357300333,0.341339257568365,0.375459463524308
