,USD,EUR,GBP,JPY,CAD,AUD,CHF,NZD
1956-04-01 00:00:00+00:00,2.1040339084396065,,9.931804089045615,,,,,
1956-05-01 00:00:00+00:00,2.1040339084396065,,9.931804089045615,,,,,
1956-06-01 00:00:00+00:00,2.1040339084396065,,9.931804089045615,,,,,
1956-07-01 00:00:00+00:00,-1.2629186612904353,,9.321058714679097,,,,,
1956-08-01 00:00:00+00:00,-1.2629186612904353,,9.321058714679097,,,,,
1956-09-01 00:00:00+00:00,-1.2629186612904353,,9.321058714679097,,,,,
1956-10-01 00:00:00+00:00,0.27943073056806433,,7.010767825415631,,,,,
1956-11-01 00:00:00+00:00,0.27943073056806433,,7.010767825415631,,,,,
1956-12-01 00:00:00+00:00,0.27943073056806433,,7.010767825415631,,,,,
1957-01-01 00:00:00+00:00,0.26055582673010225,,6.728232252781741,,,,,
1957-02-01 00:00:00+00:00,0.26055582673010225,,6.728232252781741,,,,,
1957-03-01 00:00:00+00:00,0.26055582673010225,,6.728232252781741,,,,,
1957-04-01 00:00:00+00:00,1.1483584235993938,,7.258064457223212,,,,,
1957-05-01 00:00:00+00:00,1.1483584235993938,,7.258064457223212,,,,,
1957-06-01 00:00:00+00:00,1.1483584235993938,,7.258064457223212,,,,,
1957-07-01 00:00:00+00:00,-0.852542270023815,,5.767312973139549,,,,,
1957-08-01 00:00:00+00:00,-0.852542270023815,,5.767312973139549,,,,,
1957-09-01 00:00:00+00:00,-0.852542270023815,,5.767312973139549,,,,,
1957-10-01 00:00:00+00:00,-0.7557083729924807,,4.1725910506992925,,,,,
1957-11-01 00:00:00+00:00,-0.7557083729924807,,4.1725910506992925,,,,,
1957-12-01 00:00:00+00:00,-0.7557083729924807,,4.1725910506992925,,,,,
1958-01-01 00:00:00+00:00,-1.002639582568443,,4.627290762467506,,,,,
1958-02-01 00:00:00+00:00,-1.002639582568443,,4.627290762467506,,,,,
1958-03-01 00:00:00+00:00,-1.002639582568443,,4.627290762467506,,,,,
1958-04-01 00:00:00+00:00,-4.811074554171002,,6.030811353572529,,,,,
1958-05-01 00:00:00+00:00,-4.811074554171002,,6.030811353572529,,,,,
1958-06-01 00:00:00+00:00,-4.811074554171002,,6.030811353572529,,,,,
1958-07-01 00:00:00+00:00,-5.480671917460899,,5.94520978159272,,,,,
1958-08-01 00:00:00+00:00,-5.480671917460899,,5.94520978159272,,,,,
1958-09-01 00:00:00+00:00,-5.480671917460899,,5.94520978159272,,,,,
1958-10-01 00:00:00+00:00,-3.8715505562622266,,7.380964896317921,,,,,
1958-11-01 00:00:00+00:00,-3.8715505562622266,,7.380964896317921,,,,,
1958-12-01 00:00:00+00:00,-3.8715505562622266,,7.380964896317921,,,,,
1959-01-01 00:00:00+00:00,2.26380530707333,,5.7324841285449235,,,,,
1959-02-01 00:00:00+00:00,2.26380530707333,,5.7324841285449235,,,,,
1959-03-01 00:00:00+00:00,2.26380530707333,,5.7324841285449235,,,,,
1959-04-01 00:00:00+00:00,13.178216850341329,,1.3041753430983904,,,,,
1959-05-01 00:00:00+00:00,13.178216850341329,,1.3041753430983904,,,,,
1959-06-01 00:00:00+00:00,13.178216850341329,,1.3041753430983904,,,,,
1959-07-01 00:00:00+00:00,17.208995550307883,,7.554632639432524,,,,,
1959-08-01 00:00:00+00:00,17.208995550307883,,7.554632639432524,,,,,
1959-09-01 00:00:00+00:00,17.208995550307883,,7.554632639432524,,,,,
1959-10-01 00:00:00+00:00,14.607240851778602,,7.362503026314493,,,,,
1959-11-01 00:00:00+00:00,14.607240851778602,,7.362503026314493,,,,,
1959-12-01 00:00:00+00:00,14.607240851778602,,7.362503026314493,,,,,
1960-01-01 00:00:00+00:00,6.423752584467457,,15.507190039868313,,,,,
1960-02-01 00:00:00+00:00,6.423752584467457,,15.507190039868313,,,,,
1960-03-01 00:00:00+00:00,6.423752584467457,,15.507190039868313,,,,,
1960-04-01 00:00:00+00:00,2.3448044930417966,,20.10866901497468,,,,,
1960-05-01 00:00:00+00:00,2.3448044930417966,,20.10866901497468,,,,,
1960-06-01 00:00:00+00:00,2.3448044930417966,,20.10866901497468,,,,,
1960-07-01 00:00:00+00:00,-0.7733657463986909,,16.07520459569891,,,,,
1960-08-01 00:00:00+00:00,-0.7733657463986909,,16.07520459569891,,,,,
1960-09-01 00:00:00+00:00,-0.7733657463986909,,16.07520459569891,,,,,
1960-10-01 00:00:00+00:00,-2.1910734104351737,,17.12126044759772,,,,,
1960-11-01 00:00:00+00:00,-2.1910734104351737,,17.12126044759772,,,,,
1960-12-01 00:00:00+00:00,-2.1910734104351737,,17.12126044759772,,,,,
1961-01-01 00:00:00+00:00,-0.22672896285266253,,11.696668836306113,,,,,
1961-02-01 00:00:00+00:00,-0.22672896285266253,,11.696668836306113,,,,,
1961-03-01 00:00:00+00:00,-0.22672896285266253,,11.696668836306113,,,,,
1961-04-01 00:00:00+00:00,-1.2280719790131012,,10.861148494838591,,,8.262397614720296,,
1961-05-01 00:00:00+00:00,-1.2280719790131012,,10.861148494838591,,,8.262397614720296,,
1961-06-01 00:00:00+00:00,-1.2280719790131012,,10.861148494838591,,,8.262397614720296,,
1961-07-01 00:00:00+00:00,0.03480351756925959,,9.623381224834127,,,7.4873679836579,,
1961-08-01 00:00:00+00:00,0.03480351756925959,,9.623381224834127,,,7.4873679836579,,
1961-09-01 00:00:00+00:00,0.03480351756925959,,9.623381224834127,,,7.4873679836579,,
1961-10-01 00:00:00+00:00,3.5920574303506037,,9.15983045091675,,,9.364982490176788,,
1961-11-01 00:00:00+00:00,3.5920574303506037,,9.15983045091675,,,9.364982490176788,,
1961-12-01 00:00:00+00:00,3.5920574303506037,,9.15983045091675,,,9.364982490176788,,
1962-01-01 00:00:00+00:00,7.795335014220317,,3.080167236938891,,,-0.25564239419004764,,
1962-02-01 00:00:00+00:00,7.795335014220317,,3.080167236938891,,,-0.25564239419004764,,
1962-03-01 00:00:00+00:00,7.795335014220317,,3.080167236938891,,,-0.25564239419004764,,
1962-04-01 00:00:00+00:00,8.03245040808347,,1.4263656969368155,,7.736566071631379,0.5049411145506166,,
1962-05-01 00:00:00+00:00,8.03245040808347,,1.4263656969368155,,7.736566071631379,0.5049411145506166,,
1962-06-01 00:00:00+00:00,8.03245040808347,,1.4263656969368155,,7.736566071631379,0.5049411145506166,,
1962-07-01 00:00:00+00:00,10.25915830224462,,1.9905350443963021,,4.498207659066922,-2.0655271291463384,,
1962-08-01 00:00:00+00:00,10.25915830224462,,1.9905350443963021,,4.498207659066922,-2.0655271291463384,,
1962-09-01 00:00:00+00:00,10.25915830224462,,1.9905350443963021,,4.498207659066922,-2.0655271291463384,,
1962-10-01 00:00:00+00:00,8.621024779622743,,0.08904087343089007,,4.358676700432196,0.5373716871426515,,
1962-11-01 00:00:00+00:00,8.621024779622743,,0.08904087343089007,,4.358676700432196,0.5373716871426515,,
1962-12-01 00:00:00+00:00,8.621024779622743,,0.08904087343089007,,4.358676700432196,0.5373716871426515,,
1963-01-01 00:00:00+00:00,4.147289380367969,,0.20091321018860242,,3.383959941004444,5.60193301405012,,
1963-02-01 00:00:00+00:00,4.147289380367969,,0.20091321018860242,,3.383959941004444,5.60193301405012,,
1963-03-01 00:00:00+00:00,4.147289380367969,,0.20091321018860242,,3.383959941004444,5.60193301405012,,
1963-04-01 00:00:00+00:00,2.649861027083844,,-8.234867693844905,,1.07665059228379,8.562405673801287,,
1963-05-01 00:00:00+00:00,2.649861027083844,,-8.234867693844905,,1.07665059228379,8.562405673801287,,
1963-06-01 00:00:00+00:00,2.649861027083844,,-8.234867693844905,,1.07665059228379,8.562405673801287,,
1963-07-01 00:00:00+00:00,4.067965720121891,,1.905638992010128,,3.783551025794729,10.50909070770989,,
1963-08-01 00:00:00+00:00,4.067965720121891,,1.905638992010128,,3.783551025794729,10.50909070770989,,
1963-09-01 00:00:00+00:00,4.067965720121891,,1.905638992010128,,3.783551025794729,10.50909070770989,,
1963-10-01 00:00:00+00:00,6.410949992982462,,4.4801081872110515,,2.274623251891561,8.121615919005354,,
1963-11-01 00:00:00+00:00,6.410949992982462,,4.4801081872110515,,2.274623251891561,8.121615919005354,,
1963-12-01 00:00:00+00:00,6.410949992982462,,4.4801081872110515,,2.274623251891561,8.121615919005354,,
1964-01-01 00:00:00+00:00,8.560968446232042,,11.22129059245307,,7.6846516831041045,11.219749003435652,,
1964-02-01 00:00:00+00:00,8.560968446232042,,11.22129059245307,,7.6846516831041045,11.219749003435652,,
1964-03-01 00:00:00+00:00,8.560968446232042,,11.22129059245307,,7.6846516831041045,11.219749003435652,,
1964-04-01 00:00:00+00:00,11.52060283318972,,26.530531648692413,,13.340208637709882,6.558244157664372,,
1964-05-01 00:00:00+00:00,11.52060283318972,,26.530531648692413,,13.340208637709882,6.558244157664372,,
1964-06-01 00:00:00+00:00,11.52060283318972,,26.530531648692413,,13.340208637709882,6.558244157664372,,
1964-07-01 00:00:00+00:00,8.167754262191963,,14.435175546444757,,12.375183241598942,11.589338660054072,,
1964-08-01 00:00:00+00:00,8.167754262191963,,14.435175546444757,,12.375183241598942,11.589338660054072,,
1964-09-01 00:00:00+00:00,8.167754262191963,,14.435175546444757,,12.375183241598942,11.589338660054072,,
1964-10-01 00:00:00+00:00,5.734861345645492,,13.814243363367629,,12.214518691024722,8.166409942767094,,
1964-11-01 00:00:00+00:00,5.734861345645492,,13.814243363367629,,12.214518691024722,8.166409942767094,,
1964-12-01 00:00:00+00:00,5.734861345645492,,13.814243363367629,,12.214518691024722,8.166409942767094,,
1965-01-01 00:00:00+00:00,4.922859737935914,,11.554346379041537,,14.42872207943735,6.6837085845369515,,
1965-02-01 00:00:00+00:00,4.922859737935914,,11.554346379041537,,14.42872207943735,6.6837085845369515,,
1965-03-01 00:00:00+00:00,4.922859737935914,,11.554346379041537,,14.42872207943735,6.6837085845369515,,
1965-04-01 00:00:00+00:00,4.724689201154808,,8.244107984847982,,9.679791518953241,8.022087149448986,,
1965-05-01 00:00:00+00:00,4.724689201154808,,8.244107984847982,,9.679791518953241,8.022087149448986,,
1965-06-01 00:00:00+00:00,4.724689201154808,,8.244107984847982,,9.679791518953241,8.022087149448986,,
1965-07-01 00:00:00+00:00,7.197336525222253,,3.9243082398949802,,9.758288763846036,7.094833720729343,,
1965-08-01 00:00:00+00:00,7.197336525222253,,3.9243082398949802,,9.758288763846036,7.094833720729343,,
1965-09-01 00:00:00+00:00,7.197336525222253,,3.9243082398949802,,9.758288763846036,7.094833720729343,,
1965-10-01 00:00:00+00:00,9.216829771419155,,3.2288954824382987,,13.72463511766755,9.585707409506172,,
1965-11-01 00:00:00+00:00,9.216829771419155,,3.2288954824382987,,13.72463511766755,9.585707409506172,,
1965-12-01 00:00:00+00:00,9.216829771419155,,3.2288954824382987,,13.72463511766755,9.585707409506172,,
1966-01-01 00:00:00+00:00,10.384035291438076,,3.5348044748638285,,10.249934602691347,9.397463508750704,,
1966-02-01 00:00:00+00:00,10.384035291438076,,3.5348044748638285,,10.249934602691347,9.397463508750704,,
1966-03-01 00:00:00+00:00,10.384035291438076,,3.5348044748638285,,10.249934602691347,9.397463508750704,,
1966-04-01 00:00:00+00:00,11.706084413515194,,-0.3893182594738587,,13.646229904659979,10.14875639980579,,
1966-05-01 00:00:00+00:00,11.706084413515194,,-0.3893182594738587,,13.646229904659979,10.14875639980579,,
1966-06-01 00:00:00+00:00,11.706084413515194,,-0.3893182594738587,,13.646229904659979,10.14875639980579,,
1966-07-01 00:00:00+00:00,7.288529288347956,,-0.03507237088491433,,15.545563625790294,3.6676027431828073,,
1966-08-01 00:00:00+00:00,7.288529288347956,,-0.03507237088491433,,15.545563625790294,3.6676027431828073,,
1966-09-01 00:00:00+00:00,7.288529288347956,,-0.03507237088491433,,15.545563625790294,3.6676027431828073,,
1966-10-01 00:00:00+00:00,5.208764202463834,,0.6609462032462599,,8.799028467134296,5.882034253197022,,
1966-11-01 00:00:00+00:00,5.208764202463834,,0.6609462032462599,,8.799028467134296,5.882034253197022,,
1966-12-01 00:00:00+00:00,5.208764202463834,,0.6609462032462599,,8.799028467134296,5.882034253197022,,
1967-01-01 00:00:00+00:00,1.965547800589773,,-1.0585764368198691,,6.692600586348929,4.321812070085018,,
1967-02-01 00:00:00+00:00,1.965547800589773,,-1.0585764368198691,,6.692600586348929,4.321812070085018,,
1967-03-01 00:00:00+00:00,1.965547800589773,,-1.0585764368198691,,6.692600586348929,4.321812070085018,,
1967-04-01 00:00:00+00:00,-2.8780474675028977,,4.976694374483714,,3.6298910844535515,3.488372095540937,,
1967-05-01 00:00:00+00:00,-2.8780474675028977,,4.976694374483714,,3.6298910844535515,3.488372095540937,,
1967-06-01 00:00:00+00:00,-2.8780474675028977,,4.976694374483714,,3.6298910844535515,3.488372095540937,,
1967-07-01 00:00:00+00:00,-0.3278753735961204,,11.048738436095062,,0.1727367334261931,6.741035895510272,,
1967-08-01 00:00:00+00:00,-0.3278753735961204,,11.048738436095062,,0.1727367334261931,6.741035895510272,,
1967-09-01 00:00:00+00:00,-0.3278753735961204,,11.048738436095062,,0.1727367334261931,6.741035895510272,,
1967-10-01 00:00:00+00:00,-0.3803596487695349,,9.869254663919879,,-0.34366615559791036,5.877538612647304,,
1967-11-01 00:00:00+00:00,-0.3803596487695349,,9.869254663919879,,-0.34366615559791036,5.877538612647304,,
1967-12-01 00:00:00+00:00,-0.3803596487695349,,9.869254663919879,,-0.34366615559791036,5.877538612647304,,
1968-01-01 00:00:00+00:00,3.2229624830895087,,9.043972068060402,,-2.963278189607177,6.493240480598295,,
1968-02-01 00:00:00+00:00,3.2229624830895087,,9.043972068060402,,-2.963278189607177,6.493240480598295,,
1968-03-01 00:00:00+00:00,3.2229624830895087,,9.043972068060402,,-2.963278189607177,6.493240480598295,,
1968-04-01 00:00:00+00:00,5.596300130539045,,12.923331503021185,,-1.180125994375214,8.35390735880015,,
1968-05-01 00:00:00+00:00,5.596300130539045,,12.923331503021185,,-1.180125994375214,8.35390735880015,,
1968-06-01 00:00:00+00:00,5.596300130539045,,12.923331503021185,,-1.180125994375214,8.35390735880015,,
1968-07-01 00:00:00+00:00,4.597118426792601,,6.740034730942912,,-0.7159118272817788,8.71404393006252,,
1968-08-01 00:00:00+00:00,4.597118426792601,,6.740034730942912,,-0.7159118272817788,8.71404393006252,,
1968-09-01 00:00:00+00:00,4.597118426792601,,6.740034730942912,,-0.7159118272817788,8.71404393006252,,
1968-10-01 00:00:00+00:00,4.397515259561424,,9.208146587569566,,0.7515990272406237,6.4498984564967055,,
1968-11-01 00:00:00+00:00,4.397515259561424,,9.208146587569566,,0.7515990272406237,6.4498984564967055,,
1968-12-01 00:00:00+00:00,4.397515259561424,,9.208146587569566,,0.7515990272406237,6.4498984564967055,,
1969-01-01 00:00:00+00:00,3.431449687996402,,15.080492430433123,,4.680320955552952,8.578572744536617,,
1969-02-01 00:00:00+00:00,3.431449687996402,,15.080492430433123,,4.680320955552952,8.578572744536617,,
1969-03-01 00:00:00+00:00,3.431449687996402,,15.080492430433123,,4.680320955552952,8.578572744536617,,
1969-04-01 00:00:00+00:00,5.092175543198185,,-1.3041567294873047,,3.609022564553599,4.626830981444474,,
1969-05-01 00:00:00+00:00,5.092175543198185,,-1.3041567294873047,,3.609022564553599,4.626830981444474,,
1969-06-01 00:00:00+00:00,5.092175543198185,,-1.3041567294873047,,3.609022564553599,4.626830981444474,,
1969-07-01 00:00:00+00:00,3.9006436249515275,,0.2466577924366664,,5.243643023161648,5.992217954351475,,
1969-08-01 00:00:00+00:00,3.9006436249515275,,0.2466577924366664,,5.243643023161648,5.992217954351475,,
1969-09-01 00:00:00+00:00,3.9006436249515275,,0.2466577924366664,,5.243643023161648,5.992217954351475,,
1969-10-01 00:00:00+00:00,4.189256707054523,,1.0152649900372346,,6.054725559189178,4.547723957345173,,
1969-11-01 00:00:00+00:00,4.189256707054523,,1.0152649900372346,,6.054725559189178,4.547723957345173,,
1969-12-01 00:00:00+00:00,4.189256707054523,,1.0152649900372346,,6.054725559189178,4.547723957345173,,
1970-01-01 00:00:00+00:00,-0.9780926527299894,,-3.3395048905273117,,4.300635019934407,3.7555359320555093,,
1970-02-01 00:00:00+00:00,-0.9780926527299894,,-3.3395048905273117,,4.300635019934407,3.7555359320555093,,
1970-03-01 00:00:00+00:00,-0.9780926527299894,,-3.3395048905273117,,4.300635019934407,3.7555359320555093,,
1970-04-01 00:00:00+00:00,-3.55574425202283,,1.6925665815480828,,3.402258136857661,2.76000000695682,,
1970-05-01 00:00:00+00:00,-3.55574425202283,,1.6925665815480828,,3.402258136857661,2.76000000695682,,
1970-06-01 00:00:00+00:00,-3.55574425202283,,1.6925665815480828,,3.402258136857661,2.76000000695682,,
1970-07-01 00:00:00+00:00,-4.605812694735068,,5.388514348292861,,-1.8579640350001925,2.1119461422651087,,
1970-08-01 00:00:00+00:00,-4.605812694735068,,5.388514348292861,,-1.8579640350001925,2.1119461422651087,,
1970-09-01 00:00:00+00:00,-4.605812694735068,,5.388514348292861,,-1.8579640350001925,2.1119461422651087,,
1970-10-01 00:00:00+00:00,-4.124094850231086,,2.9605341254273165,,-0.06068572890934876,1.6540047339944186,,
1970-11-01 00:00:00+00:00,-4.124094850231086,,2.9605341254273165,,-0.06068572890934876,1.6540047339944186,,
1970-12-01 00:00:00+00:00,-4.124094850231086,,2.9605341254273165,,-0.06068572890934876,1.6540047339944186,,
1971-01-01 00:00:00+00:00,-0.3589879267301366,,5.512202058662807,,0.8279475660894375,1.7756530249472435,,
1971-02-01 00:00:00+00:00,-0.3589879267301366,,5.512202058662807,,0.8279475660894375,1.7756530249472435,,
1971-03-01 00:00:00+00:00,-0.3589879267301366,,5.512202058662807,,0.8279475660894375,1.7756530249472435,,
1971-04-01 00:00:00+00:00,-0.8629922355810504,12.284702557953619,6.548082551902001,,1.3808378155386825,6.401107164271647,,
1971-05-01 00:00:00+00:00,-0.8629922355810504,12.284702557953619,6.548082551902001,,1.3808378155386825,6.401107164271647,,
1971-06-01 00:00:00+00:00,-0.8629922355810504,12.284702557953619,6.548082551902001,,1.3808378155386825,6.401107164271647,,
1971-07-01 00:00:00+00:00,4.503351063292271,7.412908179648303,7.237579382932124,,9.378778726789538,3.0749057513556277,,
1971-08-01 00:00:00+00:00,4.503351063292271,7.412908179648303,7.237579382932124,,9.378778726789538,3.0749057513556277,,
1971-09-01 00:00:00+00:00,4.503351063292271,7.412908179648303,7.237579382932124,,9.378778726789538,3.0749057513556277,,
1971-10-01 00:00:00+00:00,4.36000530181051,1.8730193565065445,8.44391113153029,,9.054107495031571,8.357533208133328,,
1971-11-01 00:00:00+00:00,4.36000530181051,1.8730193565065445,8.44391113153029,,9.054107495031571,8.357533208133328,,
1971-12-01 00:00:00+00:00,4.36000530181051,1.8730193565065445,8.44391113153029,,9.054107495031571,8.357533208133328,,
1972-01-01 00:00:00+00:00,5.928605038369583,2.089365895470241,6.8423765712092965,,9.302430843881314,3.040597138720069,,
1972-02-01 00:00:00+00:00,5.928605038369583,2.089365895470241,6.8423765712092965,,9.302430843881314,3.040597138720069,,
1972-03-01 00:00:00+00:00,5.928605038369583,2.089365895470241,6.8423765712092965,,9.302430843881314,3.040597138720069,,
1972-04-01 00:00:00+00:00,9.427598634460255,3.789393458315815,7.924726496157608,,8.810493444824651,-0.8292346023477615,,
1972-05-01 00:00:00+00:00,9.427598634460255,3.789393458315815,7.924726496157608,,8.810493444824651,-0.8292346023477615,,
1972-06-01 00:00:00+00:00,9.427598634460255,3.789393458315815,7.924726496157608,,8.810493444824651,-0.8292346023477615,,
1972-07-01 00:00:00+00:00,7.983961529375216,0.4443626559629932,6.270138472207543,,5.847958241179341,0.910956125466833,,
1972-08-01 00:00:00+00:00,7.983961529375216,0.4443626559629932,6.270138472207543,,5.847958241179341,0.910956125466833,,
1972-09-01 00:00:00+00:00,7.983961529375216,0.4443626559629932,6.270138472207543,,5.847958241179341,0.910956125466833,,
1972-10-01 00:00:00+00:00,6.202773502565351,2.703133627420562,3.6261491082241193,,2.5857996204930345,-1.3084774544193212,,
1972-11-01 00:00:00+00:00,6.202773502565351,2.703133627420562,3.6261491082241193,,2.5857996204930345,-1.3084774544193212,,
1972-12-01 00:00:00+00:00,6.202773502565351,2.703133627420562,3.6261491082241193,,2.5857996204930345,-1.3084774544193212,,
1973-01-01 00:00:00+00:00,9.744261593186533,3.5998911349820473,1.8438496366505186,,-0.3164085140210049,2.6618910136628093,,
1973-02-01 00:00:00+00:00,9.744261593186533,3.5998911349820473,1.8438496366505186,,-0.3164085140210049,2.6618910136628093,,
1973-03-01 00:00:00+00:00,9.744261593186533,3.5998911349820473,1.8438496366505186,,-0.3164085140210049,2.6618910136628093,,
1973-04-01 00:00:00+00:00,11.222251891106128,4.748384983772791,8.072878111003124,,4.785550808769834,5.722014983388379,,
1973-05-01 00:00:00+00:00,11.222251891106128,4.748384983772791,8.072878111003124,,4.785550808769834,5.722014983388379,,
1973-06-01 00:00:00+00:00,11.222251891106128,4.748384983772791,8.072878111003124,,4.785550808769834,5.722014983388379,,
1973-07-01 00:00:00+00:00,9.524155044628957,2.9280328089563934,1.19847578116401,,5.76231082182912,5.322869162049448,,
1973-08-01 00:00:00+00:00,9.524155044628957,2.9280328089563934,1.19847578116401,,5.76231082182912,5.322869162049448,,
1973-09-01 00:00:00+00:00,9.524155044628957,2.9280328089563934,1.19847578116401,,5.76231082182912,5.322869162049448,,
1973-10-01 00:00:00+00:00,8.600418900290197,-0.4878851401224238,-0.5688352201080882,,8.650706832610023,5.123597241544764,,
1973-11-01 00:00:00+00:00,8.600418900290197,-0.4878851401224238,-0.5688352201080882,,8.650706832610023,5.123597241544764,,
1973-12-01 00:00:00+00:00,8.600418900290197,-0.4878851401224238,-0.5688352201080882,,8.650706832610023,5.123597241544764,,
1974-01-01 00:00:00+00:00,3.1084966716362183,-4.318178706203312,-0.700294546140745,,13.676172428363964,7.7072512826169115,,
1974-02-01 00:00:00+00:00,3.1084966716362183,-4.318178706203312,-0.700294546140745,,13.676172428363964,7.7072512826169115,,
1974-03-01 00:00:00+00:00,3.1084966716362183,-4.318178706203312,-0.700294546140745,,13.676172428363964,7.7072512826169115,,
1974-04-01 00:00:00+00:00,-2.531665926894744,-5.483447951299681,-6.465382233233163,,12.065634781933987,5.555770923510628,,
1974-05-01 00:00:00+00:00,-2.531665926894744,-5.483447951299681,-6.465382233233163,,12.065634781933987,5.555770923510628,,
1974-06-01 00:00:00+00:00,-2.531665926894744,-5.483447951299681,-6.465382233233163,,12.065634781933987,5.555770923510628,,
1974-07-01 00:00:00+00:00,-2.921496909939869,-9.39049159400076,-8.615907846321758,,5.956008836870086,-1.1968649769233397,,
1974-08-01 00:00:00+00:00,-2.921496909939869,-9.39049159400076,-8.615907846321758,,5.956008836870086,-1.1968649769233397,,
1974-09-01 00:00:00+00:00,-2.921496909939869,-9.39049159400076,-8.615907846321758,,5.956008836870086,-1.1968649769233397,,
1974-10-01 00:00:00+00:00,-3.8821129528918807,-9.76832270974003,-7.80478736754816,,4.024493609740221,-5.4437015954710954,,
1974-11-01 00:00:00+00:00,-3.8821129528918807,-9.76832270974003,-7.80478736754816,,4.024493609740221,-5.4437015954710954,,
1974-12-01 00:00:00+00:00,-3.8821129528918807,-9.76832270974003,-7.80478736754816,,4.024493609740221,-5.4437015954710954,,
1975-01-01 00:00:00+00:00,-8.14574577071051,-8.460855617428164,-6.9963286446142465,,-0.05262886509456166,-9.290683536936061,,
1975-02-01 00:00:00+00:00,-8.14574577071051,-8.460855617428164,-6.9963286446142465,,-0.05262886509456166,-9.290683536936061,,
1975-03-01 00:00:00+00:00,-8.14574577071051,-8.460855617428164,-6.9963286446142465,,-0.05262886509456166,-9.290683536936061,,
1975-04-01 00:00:00+00:00,-10.840952837294203,-5.684223030355828,-8.620473093719905,,-2.8960422154597154,-8.79673839802636,,
1975-05-01 00:00:00+00:00,-10.840952837294203,-5.684223030355828,-8.620473093719905,,-2.8960422154597154,-8.79673839802636,,
1975-06-01 00:00:00+00:00,-10.840952837294203,-5.684223030355828,-8.620473093719905,,-2.8960422154597154,-8.79673839802636,,
1975-07-01 00:00:00+00:00,-13.118322775306657,-8.5529063018021,-3.734963790857282,,3.2620488416647886,-1.8014145551111471,,
1975-08-01 00:00:00+00:00,-13.118322775306657,-8.5529063018021,-3.734963790857282,,3.2620488416647886,-1.8014145551111471,,
1975-09-01 00:00:00+00:00,-13.118322775306657,-8.5529063018021,-3.734963790857282,,3.2620488416647886,-1.8014145551111471,,
1975-10-01 00:00:00+00:00,-7.963816110731059,-4.041010868346473,-4.108422960410374,,7.279183307247794,2.1855289545457124,,
1975-11-01 00:00:00+00:00,-7.963816110731059,-4.041010868346473,-4.108422960410374,,7.279183307247794,2.1855289545457124,,
1975-12-01 00:00:00+00:00,-7.963816110731059,-4.041010868346473,-4.108422960410374,,7.279183307247794,2.1855289545457124,,
1976-01-01 00:00:00+00:00,-0.7703958268396982,0.6366327960064311,-7.284000181774653,,9.613485927055843,2.426652575925581,,
1976-02-01 00:00:00+00:00,-0.7703958268396982,0.6366327960064311,-7.284000181774653,,9.613485927055843,2.426652575925581,,
1976-03-01 00:00:00+00:00,-0.7703958268396982,0.6366327960064311,-7.284000181774653,,9.613485927055843,2.426652575925581,,
1976-04-01 00:00:00+00:00,7.473283247505402,-3.288317263280094,0.00916340038967789,,9.72762645454759,3.8097539250289136,,
1976-05-01 00:00:00+00:00,7.473283247505402,-3.288317263280094,0.00916340038967789,,9.72762645454759,3.8097539250289136,,
1976-06-01 00:00:00+00:00,7.473283247505402,-3.288317263280094,0.00916340038967789,,9.72762645454759,3.8097539250289136,,
1976-07-01 00:00:00+00:00,10.360228494898816,7.356311372067736,-0.47175237499933464,,10.383804465767788,5.2884998020548135,,
1976-08-01 00:00:00+00:00,10.360228494898816,7.356311372067736,-0.47175237499933464,,10.383804465767788,5.2884998020548135,,
1976-09-01 00:00:00+00:00,10.360228494898816,7.356311372067736,-0.47175237499933464,,10.383804465767788,5.2884998020548135,,
1976-10-01 00:00:00+00:00,6.774254880129682,2.5483086132101374,-0.1868896821074717,,3.5133650434485686,2.1781010656026556,,
1976-11-01 00:00:00+00:00,6.774254880129682,2.5483086132101374,-0.1868896821074717,,3.5133650434485686,2.1781010656026556,,
1976-12-01 00:00:00+00:00,6.774254880129682,2.5483086132101374,-0.1868896821074717,,3.5133650434485686,2.1781010656026556,,
1977-01-01 00:00:00+00:00,7.844461316296258,3.004855657956784,3.475897258224836,,2.4312783549346406,8.149439466033703,,
1977-02-01 00:00:00+00:00,7.844461316296258,3.004855657956784,3.475897258224836,,2.4312783549346406,8.149439466033703,,
1977-03-01 00:00:00+00:00,7.844461316296258,3.004855657956784,3.475897258224836,,2.4312783549346406,8.149439466033703,,
1977-04-01 00:00:00+00:00,7.462913539547333,7.996036549026031,-3.976543901598717,,2.885745608217749,4.802731192090803,,
1977-05-01 00:00:00+00:00,7.462913539547333,7.996036549026031,-3.976543901598717,,2.885745608217749,4.802731192090803,,
1977-06-01 00:00:00+00:00,7.462913539547333,7.996036549026031,-3.976543901598717,,2.885745608217749,4.802731192090803,,
1977-07-01 00:00:00+00:00,13.077207309460581,3.2401588874555687,2.316763026408042,,0.28043413721206,0.5782531989073636,,
1977-08-01 00:00:00+00:00,13.077207309460581,3.2401588874555687,2.316763026408042,,0.28043413721206,0.5782531989073636,,
1977-09-01 00:00:00+00:00,13.077207309460581,3.2401588874555687,2.316763026408042,,0.28043413721206,0.5782531989073636,,
1977-10-01 00:00:00+00:00,13.130122402365064,5.370364510566983,2.4364555609493577,,4.002830622451636,5.640848035186119,,
1977-11-01 00:00:00+00:00,13.130122402365064,5.370364510566983,2.4364555609493577,,4.002830622451636,5.640848035186119,,
1977-12-01 00:00:00+00:00,13.130122402365064,5.370364510566983,2.4364555609493577,,4.002830622451636,5.640848035186119,,
1978-01-01 00:00:00+00:00,10.378436221280074,3.014736921824346,5.504800406703891,,2.6282535710828725,-0.9451241867724502,,
1978-02-01 00:00:00+00:00,10.378436221280074,3.014736921824346,5.504800406703891,,2.6282535710828725,-0.9451241867724502,,
1978-03-01 00:00:00+00:00,10.378436221280074,3.014736921824346,5.504800406703891,,2.6282535710828725,-0.9451241867724502,,
1978-04-01 00:00:00+00:00,7.1486296142649675,2.008743006382163,12.07299617254356,,0.7464506919473868,2.6466777768323624,,
1978-05-01 00:00:00+00:00,7.1486296142649675,2.008743006382163,12.07299617254356,,0.7464506919473868,2.6466777768323624,,
1978-06-01 00:00:00+00:00,7.1486296142649675,2.008743006382163,12.07299617254356,,0.7464506919473868,2.6466777768323624,,
1978-07-01 00:00:00+00:00,10.583099223003622,4.029768681424728,6.356774808631749,,2.367787396122445,8.184277740636148,,
1978-08-01 00:00:00+00:00,10.583099223003622,4.029768681424728,6.356774808631749,,2.367787396122445,8.184277740636148,,
1978-09-01 00:00:00+00:00,10.583099223003622,4.029768681424728,6.356774808631749,,2.367787396122445,8.184277740636148,,
1978-10-01 00:00:00+00:00,13.10449318450424,7.576799140699975,7.437110138527414,,1.1567103010210245,7.022400294631215,,
1978-11-01 00:00:00+00:00,13.10449318450424,7.576799140699975,7.437110138527414,,1.1567103010210245,7.022400294631215,,
1978-12-01 00:00:00+00:00,13.10449318450424,7.576799140699975,7.437110138527414,,1.1567103010210245,7.022400294631215,,
1979-01-01 00:00:00+00:00,14.438156194938024,6.503653456462355,3.9418309990024936,,3.216572854607058,12.514792856633017,,
1979-02-01 00:00:00+00:00,14.438156194938024,6.503653456462355,3.9418309990024936,,3.216572854607058,12.514792856633017,,
1979-03-01 00:00:00+00:00,14.438156194938024,6.503653456462355,3.9418309990024936,,3.216572854607058,12.514792856633017,,
1979-04-01 00:00:00+00:00,13.265154159220538,1.0920518785157318,5.5873651212600794,,4.820121410697231,11.514605041146186,,
1979-05-01 00:00:00+00:00,13.265154159220538,1.0920518785157318,5.5873651212600794,,4.820121410697231,11.514605041146186,,
1979-06-01 00:00:00+00:00,13.265154159220538,1.0920518785157318,5.5873651212600794,,4.820121410697231,11.514605041146186,,
1979-07-01 00:00:00+00:00,4.71536543567197,10.42898365911482,7.814724340802925,,3.375876644446585,8.155609563992815,,
1979-08-01 00:00:00+00:00,4.71536543567197,10.42898365911482,7.814724340802925,,3.375876644446585,8.155609563992815,,
1979-09-01 00:00:00+00:00,4.71536543567197,10.42898365911482,7.814724340802925,,3.375876644446585,8.155609563992815,,
1979-10-01 00:00:00+00:00,4.455636792702111,6.741315590361796,9.914508131383904,,8.888155335229708,3.5462682147542557,,
1979-11-01 00:00:00+00:00,4.455636792702111,6.741315590361796,9.914508131383904,,8.888155335229708,3.5462682147542557,,
1979-12-01 00:00:00+00:00,4.455636792702111,6.741315590361796,9.914508131383904,,8.888155335229708,3.5462682147542557,,
1980-01-01 00:00:00+00:00,1.3138351245524538,7.5128300514558655,11.095094769190483,,8.057087677370811,2.61964238758845,,
1980-02-01 00:00:00+00:00,1.3138351245524538,7.5128300514558655,11.095094769190483,,8.057087677370811,2.61964238758845,,
1980-03-01 00:00:00+00:00,1.3138351245524538,7.5128300514558655,11.095094769190483,,8.057087677370811,2.61964238758845,,
1980-04-01 00:00:00+00:00,1.3558480733768308,12.041589137151476,0.3971293822235822,,8.137577283298558,1.8432881673834833,,
1980-05-01 00:00:00+00:00,1.3558480733768308,12.041589137151476,0.3971293822235822,,8.137577283298558,1.8432881673834833,,
1980-06-01 00:00:00+00:00,1.3558480733768308,12.041589137151476,0.3971293822235822,,8.137577283298558,1.8432881673834833,,
1980-07-01 00:00:00+00:00,-6.8687540476898405,1.7943275736763242,-5.612596826907346,,4.450290148368552,3.503757466760815,,
1980-08-01 00:00:00+00:00,-6.8687540476898405,1.7943275736763242,-5.612596826907346,,4.450290148368552,3.503757466760815,,
1980-09-01 00:00:00+00:00,-6.8687540476898405,1.7943275736763242,-5.612596826907346,,4.450290148368552,3.503757466760815,,
1980-10-01 00:00:00+00:00,-9.225242069587159,-0.42762553800193004,-8.937001800938694,,3.405535581395114,13.597370583401268,,
1980-11-01 00:00:00+00:00,-9.225242069587159,-0.42762553800193004,-8.937001800938694,,3.405535581395114,13.597370583401268,,
1980-12-01 00:00:00+00:00,-9.225242069587159,-0.42762553800193004,-8.937001800938694,,3.405535581395114,13.597370583401268,,
1981-01-01 00:00:00+00:00,-5.284683055299921,-3.5846299008385096,-11.22920165332577,,5.776475278474424,11.373754844496009,,
1981-02-01 00:00:00+00:00,-5.284683055299921,-3.5846299008385096,-11.22920165332577,,5.776475278474424,11.373754844496009,,
1981-03-01 00:00:00+00:00,-5.284683055299921,-3.5846299008385096,-11.22920165332577,,5.776475278474424,11.373754844496009,,
1981-04-01 00:00:00+00:00,-3.6708262381036527,-5.243980872704157,-11.844667995343872,,9.491237707635891,13.993585876226922,0.9988114633037615,
1981-05-01 00:00:00+00:00,-3.6708262381036527,-5.243980872704157,-11.844667995343872,,9.491237707635891,13.993585876226922,0.9988114633037615,
1981-06-01 00:00:00+00:00,-3.6708262381036527,-5.243980872704157,-11.844667995343872,,9.491237707635891,13.993585876226922,0.9988114633037615,
1981-07-01 00:00:00+00:00,4.544876864231262,-1.892867270207188,-5.806451623978015,,15.281499785642705,12.221911942660245,2.2319227369264727,
1981-08-01 00:00:00+00:00,4.544876864231262,-1.892867270207188,-5.806451623978015,,15.281499785642705,12.221911942660245,2.2319227369264727,
1981-09-01 00:00:00+00:00,4.544876864231262,-1.892867270207188,-5.806451623978015,,15.281499785642705,12.221911942660245,2.2319227369264727,
1981-10-01 00:00:00+00:00,4.1645972902979445,-3.744206279510054,-2.9724848458881348,,8.000575262702503,9.134309357097493,3.2947038459736344,
1981-11-01 00:00:00+00:00,4.1645972902979445,-3.744206279510054,-2.9724848458881348,,8.000575262702503,9.134309357097493,3.2947038459736344,
1981-12-01 00:00:00+00:00,4.1645972902979445,-3.744206279510054,-2.9724848458881348,,8.000575262702503,9.134309357097493,3.2947038459736344,
1982-01-01 00:00:00+00:00,0.7118976133535737,-7.23115325865189,-2.9447800034775318,,3.954142710378994,10.922581387323028,-1.576189439129727,
1982-02-01 00:00:00+00:00,0.7118976133535737,-7.23115325865189,-2.9447800034775318,,3.954142710378994,10.922581387323028,-1.576189439129727,
1982-03-01 00:00:00+00:00,0.7118976133535737,-7.23115325865189,-2.9447800034775318,,3.954142710378994,10.922581387323028,-1.576189439129727,
1982-04-01 00:00:00+00:00,-3.6018633918918797,-5.909732060172457,2.4895225998910364,,-3.9392430573618076,6.6908077994426,-3.7533538386357534,
1982-05-01 00:00:00+00:00,-3.6018633918918797,-5.909732060172457,2.4895225998910364,,-3.9392430573618076,6.6908077994426,-3.7533538386357534,
1982-06-01 00:00:00+00:00,-3.6018633918918797,-5.909732060172457,2.4895225998910364,,-3.9392430573618076,6.6908077994426,-3.7533538386357534,
1982-07-01 00:00:00+00:00,-5.667406772358474,-7.5044368950407,4.165004233164771,,-12.799388096986108,2.480092899801001,-3.868433055290321,
1982-08-01 00:00:00+00:00,-5.667406772358474,-7.5044368950407,4.165004233164771,,-12.799388096986108,2.480092899801001,-3.868433055290321,
1982-09-01 00:00:00+00:00,-5.667406772358474,-7.5044368950407,4.165004233164771,,-12.799388096986108,2.480092899801001,-3.868433055290321,
1982-10-01 00:00:00+00:00,-7.7696633322886015,-5.881726183104208,5.827092362035136,,-14.620667751830375,-4.313475967019464,-6.498818969331288,
1982-11-01 00:00:00+00:00,-7.7696633322886015,-5.881726183104208,5.827092362035136,,-14.620667751830375,-4.313475967019464,-6.498818969331288,
1982-12-01 00:00:00+00:00,-7.7696633322886015,-5.881726183104208,5.827092362035136,,-14.620667751830375,-4.313475967019464,-6.498818969331288,
1983-01-01 00:00:00+00:00,-7.235981481273979,0.248680613768415,8.240869934397988,,-11.690153262936354,-9.30775213896805,-2.3989948763776248,
1983-02-01 00:00:00+00:00,-7.235981481273979,0.248680613768415,8.240869934397988,,-11.690153262936354,-9.30775213896805,-2.3989948763776248,
1983-03-01 00:00:00+00:00,-7.235981481273979,0.248680613768415,8.240869934397988,,-11.690153262936354,-9.30775213896805,-2.3989948763776248,
1983-04-01 00:00:00+00:00,-2.4442879642615045,-1.0781895191873558,11.95635264955268,,-9.325353350065757,-13.492768001671063,1.4529095014981896,
1983-05-01 00:00:00+00:00,-2.4442879642615045,-1.0781895191873558,11.95635264955268,,-9.325353350065757,-13.492768001671063,1.4529095014981896,
1983-06-01 00:00:00+00:00,-2.4442879642615045,-1.0781895191873558,11.95635264955268,,-9.325353350065757,-13.492768001671063,1.4529095014981896,
1983-07-01 00:00:00+00:00,3.2822840851424617,2.282053970701581,5.94131041041186,,-0.7229261092444261,-10.732496964791572,3.5474662997708517,
1983-08-01 00:00:00+00:00,3.2822840851424617,2.282053970701581,5.94131041041186,,-0.7229261092444261,-10.732496964791572,3.5474662997708517,
1983-09-01 00:00:00+00:00,3.2822840851424617,2.282053970701581,5.94131041041186,,-0.7229261092444261,-10.732496964791572,3.5474662997708517,
1983-10-01 00:00:00+00:00,12.064841145951743,4.246947574746063,4.016388354918177,,4.960888754777826,-4.139421478443883,4.089889614594999,
1983-11-01 00:00:00+00:00,12.064841145951743,4.246947574746063,4.016388354918177,,4.960888754777826,-4.139421478443883,4.089889614594999,
1983-12-01 00:00:00+00:00,12.064841145951743,4.246947574746063,4.016388354918177,,4.960888754777826,-4.139421478443883,4.089889614594999,
1984-01-01 00:00:00+00:00,17.0909300568699,5.750005772256683,7.627777552193371,,3.2078855134384687,1.4979988564894242,4.747584977386832,
1984-02-01 00:00:00+00:00,17.0909300568699,5.750005772256683,7.627777552193371,,3.2078855134384687,1.4979988564894242,4.747584977386832,
1984-03-01 00:00:00+00:00,17.0909300568699,5.750005772256683,7.627777552193371,,3.2078855134384687,1.4979988564894242,4.747584977386832,
1984-04-01 00:00:00+00:00,18.684544021310945,2.013690502707677,6.705440983266375,,4.100563404494539,8.776483370556054,5.960241393803267,
1984-05-01 00:00:00+00:00,18.684544021310945,2.013690502707677,6.705440983266375,,4.100563404494539,8.776483370556054,5.960241393803267,
1984-06-01 00:00:00+00:00,18.684544021310945,2.013690502707677,6.705440983266375,,4.100563404494539,8.776483370556054,5.960241393803267,
1984-07-01 00:00:00+00:00,19.167870895522366,-3.6101534984804284,8.410163697896511,,1.832314091146392,15.223501677395635,3.20777551081306,
1984-08-01 00:00:00+00:00,19.167870895522366,-3.6101534984804284,8.410163697896511,,1.832314091146392,15.223501677395635,3.20777551081306,
1984-09-01 00:00:00+00:00,19.167870895522366,-3.6101534984804284,8.410163697896511,,1.832314091146392,15.223501677395635,3.20777551081306,
1984-10-01 00:00:00+00:00,14.964548155765844,1.7669685657896173,7.52964112609209,,1.7082538107692002,8.251922076420847,4.290722739414199,
1984-11-01 00:00:00+00:00,14.964548155765844,1.7669685657896173,7.52964112609209,,1.7082538107692002,8.251922076420847,4.290722739414199,
1984-12-01 00:00:00+00:00,14.964548155765844,1.7669685657896173,7.52964112609209,,1.7082538107692002,8.251922076420847,4.290722739414199,
1985-01-01 00:00:00+00:00,12.127189253426462,1.2891177830091527,3.5473936432328657,,1.091326189269748,8.154010815682454,4.031773310624565,
1985-02-01 00:00:00+00:00,12.127189253426462,1.2891177830091527,3.5473936432328657,,1.091326189269748,8.154010815682454,4.031773310624565,
1985-03-01 00:00:00+00:00,12.127189253426462,1.2891177830091527,3.5473936432328657,,1.091326189269748,8.154010815682454,4.031773310624565,
1985-04-01 00:00:00+00:00,9.429426599996194,-1.6203334906488065,8.987070958923283,,3.2506425538889827,13.739526108429123,2.6431999822294383,
1985-05-01 00:00:00+00:00,9.429426599996194,-1.6203334906488065,8.987070958923283,,3.2506425538889827,13.739526108429123,2.6431999822294383,
1985-06-01 00:00:00+00:00,9.429426599996194,-1.6203334906488065,8.987070958923283,,3.2506425538889827,13.739526108429123,2.6431999822294383,
1985-07-01 00:00:00+00:00,7.624292949118705,5.200926134525652,-0.2983028427322565,,8.312256876391011,8.29661105865096,3.940356617235974,
1985-08-01 00:00:00+00:00,7.624292949118705,5.200926134525652,-0.2983028427322565,,8.312256876391011,8.29661105865096,3.940356617235974,
1985-09-01 00:00:00+00:00,7.624292949118705,5.200926134525652,-0.2983028427322565,,8.312256876391011,8.29661105865096,3.940356617235974,
1985-10-01 00:00:00+00:00,5.627084453979503,0.3392359845207249,0.40700793313928063,,10.716834403166931,14.751822283929306,3.3241615121994528,
1985-11-01 00:00:00+00:00,5.627084453979503,0.3392359845207249,0.40700793313928063,,10.716834403166931,14.751822283929306,3.3241615121994528,
1985-12-01 00:00:00+00:00,5.627084453979503,0.3392359845207249,0.40700793313928063,,10.716834403166931,14.751822283929306,3.3241615121994528,
1986-01-01 00:00:00+00:00,4.413009289791381,1.6033323546246203,-0.7508996225824349,,11.639088287424837,8.411677381926431,4.55865931607129,
1986-02-01 00:00:00+00:00,4.413009289791381,1.6033323546246203,-0.7508996225824349,,11.639088287424837,8.411677381926431,4.55865931607129,
1986-03-01 00:00:00+00:00,4.413009289791381,1.6033323546246203,-0.7508996225824349,,11.639088287424837,8.411677381926431,4.55865931607129,
1986-04-01 00:00:00+00:00,4.07183047446007,5.66719380947851,-8.722220329888975,,10.094087199165225,0.8879348146059396,5.410386812270129,
1986-05-01 00:00:00+00:00,4.07183047446007,5.66719380947851,-8.722220329888975,,10.094087199165225,0.8879348146059396,5.410386812270129,
1986-06-01 00:00:00+00:00,4.07183047446007,5.66719380947851,-8.722220329888975,,10.094087199165225,0.8879348146059396,5.410386812270129,
1986-07-01 00:00:00+00:00,2.2109784681274114,2.237366255398565,-3.294865345079223,,4.861780110431435,0.6248940293313243,6.081721979268084,
1986-08-01 00:00:00+00:00,2.2109784681274114,2.237366255398565,-3.294865345079223,,4.861780110431435,0.6248940293313243,6.081721979268084,
1986-09-01 00:00:00+00:00,2.2109784681274114,2.237366255398565,-3.294865345079223,,4.861780110431435,0.6248940293313243,6.081721979268084,
1986-10-01 00:00:00+00:00,2.814151674958043,2.2994071819987694,1.2566100962458249,,0.9835815873271869,-5.3120201081177765,9.709302295893597,
1986-11-01 00:00:00+00:00,2.814151674958043,2.2994071819987694,1.2566100962458249,,0.9835815873271869,-5.3120201081177765,9.709302295893597,
1986-12-01 00:00:00+00:00,2.814151674958043,2.2994071819987694,1.2566100962458249,,0.9835815873271869,-5.3120201081177765,9.709302295893597,
1987-01-01 00:00:00+00:00,1.4145222288870718,2.8856394178883304,6.605745570977484,,0.41557658129369734,2.6760191200467354,6.792563659418538,
1987-02-01 00:00:00+00:00,1.4145222288870718,2.8856394178883304,6.605745570977484,,0.41557658129369734,2.6760191200467354,6.792563659418538,
1987-03-01 00:00:00+00:00,1.4145222288870718,2.8856394178883304,6.605745570977484,,0.41557658129369734,2.6760191200467354,6.792563659418538,
1987-04-01 00:00:00+00:00,-0.38563316871790265,-2.5363683541698157,5.097613867957063,,1.934818732923138,-0.452149498275789,4.288784037094828,
1987-05-01 00:00:00+00:00,-0.38563316871790265,-2.5363683541698157,5.097613867957063,,1.934818732923138,-0.452149498275789,4.288784037094828,
1987-06-01 00:00:00+00:00,-0.38563316871790265,-2.5363683541698157,5.097613867957063,,1.934818732923138,-0.452149498275789,4.288784037094828,
1987-07-01 00:00:00+00:00,1.2450673820428193,3.960919009537789,13.153849095824421,,6.808264159023003,4.8260922159347075,4.875054937965073,
1987-08-01 00:00:00+00:00,1.2450673820428193,3.960919009537789,13.153849095824421,,6.808264159023003,4.8260922159347075,4.875054937965073,
1987-09-01 00:00:00+00:00,1.2450673820428193,3.960919009537789,13.153849095824421,,6.808264159023003,4.8260922159347075,4.875054937965073,
1987-10-01 00:00:00+00:00,2.686023877472965,3.6513483451084072,17.081248293334596,,13.095244064599543,5.6345988720152285,1.8287690215996522,
1987-11-01 00:00:00+00:00,2.686023877472965,3.6513483451084072,17.081248293334596,,13.095244064599543,5.6345988720152285,1.8287690215996522,
1987-12-01 00:00:00+00:00,2.686023877472965,3.6513483451084072,17.081248293334596,,13.095244064599543,5.6345988720152285,1.8287690215996522,
1988-01-01 00:00:00+00:00,2.5348283469746047,1.543126824913088,14.384868993848588,,14.524064804106796,6.6630793631255125,5.710945791473798,
1988-02-01 00:00:00+00:00,2.5348283469746047,1.543126824913088,14.384868993848588,,14.524064804106796,6.6630793631255125,5.710945791473798,
1988-03-01 00:00:00+00:00,2.5348283469746047,1.543126824913088,14.384868993848588,,14.524064804106796,6.6630793631255125,5.710945791473798,
1988-04-01 00:00:00+00:00,3.150332076298512,8.362049511174652,23.111277199576463,,13.844605467454274,11.62711617400598,7.348396649578537,
1988-05-01 00:00:00+00:00,3.150332076298512,8.362049511174652,23.111277199576463,,13.844605467454274,11.62711617400598,7.348396649578537,
1988-06-01 00:00:00+00:00,3.150332076298512,8.362049511174652,23.111277199576463,,13.844605467454274,11.62711617400598,7.348396649578537,
1988-07-01 00:00:00+00:00,3.1933885647890348,2.686097248327246,20.688483951448955,,10.067688234345805,6.12399540757762,8.144944191123415,
1988-08-01 00:00:00+00:00,3.1933885647890348,2.686097248327246,20.688483951448955,,10.067688234345805,6.12399540757762,8.144944191123415,
1988-09-01 00:00:00+00:00,3.1933885647890348,2.686097248327246,20.688483951448955,,10.067688234345805,6.12399540757762,8.144944191123415,
1988-10-01 00:00:00+00:00,1.2818591262710122,3.857247878878356,11.414006401667876,,8.126952527455455,8.97925002326232,10.06270097915738,
1988-11-01 00:00:00+00:00,1.2818591262710122,3.857247878878356,11.414006401667876,,8.126952527455455,8.97925002326232,10.06270097915738,
1988-12-01 00:00:00+00:00,1.2818591262710122,3.857247878878356,11.414006401667876,,8.126952527455455,8.97925002326232,10.06270097915738,
1989-01-01 00:00:00+00:00,2.569887878542576,3.4938857844057036,8.665048548197142,,5.004943696942243,8.918426886035524,7.397764334574775,
1989-02-01 00:00:00+00:00,2.569887878542576,3.4938857844057036,8.665048548197142,,5.004943696942243,8.918426886035524,7.397764334574775,
1989-03-01 00:00:00+00:00,2.569887878542576,3.4938857844057036,8.665048548197142,,5.004943696942243,8.918426886035524,7.397764334574775,
1989-04-01 00:00:00+00:00,4.198432449626499,10.14325278387529,9.063317485502775,,7.373742587629573,11.769441677338266,6.602493556525024,-0.712976170182289
1989-05-01 00:00:00+00:00,4.198432449626499,10.14325278387529,9.063317485502775,,7.373742587629573,11.769441677338266,6.602493556525024,-0.712976170182289
1989-06-01 00:00:00+00:00,4.198432449626499,10.14325278387529,9.063317485502775,,7.373742587629573,11.769441677338266,6.602493556525024,-0.712976170182289
1989-07-01 00:00:00+00:00,2.516151181522308,5.126419820737094,4.128614649317042,,5.4073108380882084,13.079602756944041,4.898796681099804,4.475756314434576
1989-08-01 00:00:00+00:00,2.516151181522308,5.126419820737094,4.128614649317042,,5.4073108380882084,13.079602756944041,4.898796681099804,4.475756314434576
1989-09-01 00:00:00+00:00,2.516151181522308,5.126419820737094,4.128614649317042,,5.4073108380882084,13.079602756944041,4.898796681099804,4.475756314434576
1989-10-01 00:00:00+00:00,4.293409555150052,6.741308989267369,4.364869017116724,,1.538733424335681,11.695269821944642,2.8810233435938137,0.9414225953184197
1989-11-01 00:00:00+00:00,4.293409555150052,6.741308989267369,4.364869017116724,,1.538733424335681,11.695269821944642,2.8810233435938137,0.9414225953184197
1989-12-01 00:00:00+00:00,4.293409555150052,6.741308989267369,4.364869017116724,,1.538733424335681,11.695269821944642,2.8810233435938137,0.9414225953184197
1990-01-01 00:00:00+00:00,1.7931238311503117,7.745227662926513,2.415121733301362,,6.416709011194954,2.2071409959330435,4.417913582881816,10.928495221470037
1990-02-01 00:00:00+00:00,1.7931238311503117,7.745227662926513,2.415121733301362,,6.416709011194954,2.2071409959330435,4.417913582881816,10.928495221470037
1990-03-01 00:00:00+00:00,1.7931238311503117,7.745227662926513,2.415121733301362,,6.416709011194954,2.2071409959330435,4.417913582881816,10.928495221470037
1990-04-01 00:00:00+00:00,2.853484682759033,7.8810439841410895,-2.1282234718097315,,0.5535615767723989,-1.8455428530241291,6.15061141040123,2.23635618651874
1990-05-01 00:00:00+00:00,2.853484682759033,7.8810439841410895,-2.1282234718097315,,0.5535615767723989,-1.8455428530241291,6.15061141040123,2.23635618651874
1990-06-01 00:00:00+00:00,2.853484682759033,7.8810439841410895,-2.1282234718097315,,0.5535615767723989,-1.8455428530241291,6.15061141040123,2.23635618651874
1990-07-01 00:00:00+00:00,0.5481313994426973,10.079451861203449,-1.6000216159823721,,-1.0830368786186817,-7.297845484312138,5.286542957047002,-2.3403411291451404
1990-08-01 00:00:00+00:00,0.5481313994426973,10.079451861203449,-1.6000216159823721,,-1.0830368786186817,-7.297845484312138,5.286542957047002,-2.3403411291451404
1990-09-01 00:00:00+00:00,0.5481313994426973,10.079451861203449,-1.6000216159823721,,-1.0830368786186817,-7.297845484312138,5.286542957047002,-2.3403411291451404
1990-10-01 00:00:00+00:00,-2.242544636824584,8.209012762783875,-3.5581100084234984,,-3.35706566955829,-7.776100305737932,4.892626255886023,2.2176165631831335
1990-11-01 00:00:00+00:00,-2.242544636824584,8.209012762783875,-3.5581100084234984,,-3.35706566955829,-7.776100305737932,4.892626255886023,2.2176165631831335
1990-12-01 00:00:00+00:00,-2.242544636824584,8.209012762783875,-3.5581100084234984,,-3.35706566955829,-7.776100305737932,4.892626255886023,2.2176165631831335
1991-01-01 00:00:00+00:00,-2.7827849749944122,8.341654470715598,-2.7439273799479413,,-9.870211224870884,-8.299016820158368,1.6914509570661984,-2.578410638051376
1991-02-01 00:00:00+00:00,-2.7827849749944122,8.341654470715598,-2.7439273799479413,,-9.870211224870884,-8.299016820158368,1.6914509570661984,-2.578410638051376
1991-03-01 00:00:00+00:00,-2.7827849749944122,8.341654470715598,-2.7439273799479413,,-9.870211224870884,-8.299016820158368,1.6914509570661984,-2.578410638051376
1991-04-01 00:00:00+00:00,-7.598862760989899,5.882487616495213,-7.743446724452019,,-7.732636946354154,-11.499633102625362,-0.23128490490150755,-11.278346410770979
1991-05-01 00:00:00+00:00,-7.598862760989899,5.882487616495213,-7.743446724452019,,-7.732636946354154,-11.499633102625362,-0.23128490490150755,-11.278346410770979
1991-06-01 00:00:00+00:00,-7.598862760989899,5.882487616495213,-7.743446724452019,,-7.732636946354154,-11.499633102625362,-0.23128490490150755,-11.278346410770979
1991-07-01 00:00:00+00:00,-5.566774936197616,7.473352788577059,-7.833550792299726,,-6.527822461141453,-10.456572005105647,-0.36998424276787345,-18.887083687425733
1991-08-01 00:00:00+00:00,-5.566774936197616,7.473352788577059,-7.833550792299726,,-6.527822461141453,-10.456572005105647,-0.36998424276787345,-18.887083687425733
1991-09-01 00:00:00+00:00,-5.566774936197616,7.473352788577059,-7.833550792299726,,-6.527822461141453,-10.456572005105647,-0.36998424276787345,-18.887083687425733
1991-10-01 00:00:00+00:00,-4.4814454146477996,5.801368947037688,-8.670464149606417,,-3.577546301163903,-9.273073905011008,-2.2245253827917866,-15.957015396081875
1991-11-01 00:00:00+00:00,-4.4814454146477996,5.801368947037688,-8.670464149606417,,-3.577546301163903,-9.273073905011008,-2.2245253827917866,-15.957015396081875
1991-12-01 00:00:00+00:00,-4.4814454146477996,5.801368947037688,-8.670464149606417,,-3.577546301163903,-9.273073905011008,-2.2245253827917866,-15.957015396081875
1992-01-01 00:00:00+00:00,-2.536101100781152,6.298621927080172,-7.292323640788744,,1.3996220874559206,-5.917363196065384,-4.744707558644579,-18.526565290008335
1992-02-01 00:00:00+00:00,-2.536101100781152,6.298621927080172,-7.292323640788744,,1.3996220874559206,-5.917363196065384,-4.744707558644579,-18.526565290008335
1992-03-01 00:00:00+00:00,-2.536101100781152,6.298621927080172,-7.292323640788744,,1.3996220874559206,-5.917363196065384,-4.744707558644579,-18.526565290008335
1992-04-01 00:00:00+00:00,2.1258741289500227,6.798030993358584,-2.6446717544122422,,-0.1382851665804874,-1.8152887659589445,-7.308969216268335,-1.5833521606358758
1992-05-01 00:00:00+00:00,2.1258741289500227,6.798030993358584,-2.6446717544122422,,-0.1382851665804874,-1.8152887659589445,-7.308969216268335,-1.5833521606358758
1992-06-01 00:00:00+00:00,2.1258741289500227,6.798030993358584,-2.6446717544122422,,-0.1382851665804874,-1.8152887659589445,-7.308969216268335,-1.5833521606358758
1992-07-01 00:00:00+00:00,4.6304044727648375,4.572915513672715,-1.729969750077165,,-3.161972637502952,1.6873357488294882,-7.537408083324104,3.9809714540427477
1992-08-01 00:00:00+00:00,4.6304044727648375,4.572915513672715,-1.729969750077165,,-3.161972637502952,1.6873357488294882,-7.537408083324104,3.9809714540427477
1992-09-01 00:00:00+00:00,4.6304044727648375,4.572915513672715,-1.729969750077165,,-3.161972637502952,1.6873357488294882,-7.537408083324104,3.9809714540427477
1992-10-01 00:00:00+00:00,5.238757552996343,1.6039855445105777,0.4825712886240341,,-1.527636006350086,1.5873740678081338,-10.293088467978217,0.024125435375599302
1992-11-01 00:00:00+00:00,5.238757552996343,1.6039855445105777,0.4825712886240341,,-1.527636006350086,1.5873740678081338,-10.293088467978217,0.024125435375599302
1992-12-01 00:00:00+00:00,5.238757552996343,1.6039855445105777,0.4825712886240341,,-1.527636006350086,1.5873740678081338,-10.293088467978217,0.024125435375599302
1993-01-01 00:00:00+00:00,7.398833233839475,-0.5786769826074178,-2.263175411015872,,-6.898516451852532,10.187955290921447,-8.024028978107921,4.218181826613843
1993-02-01 00:00:00+00:00,7.398833233839475,-0.5786769826074178,-2.263175411015872,,-6.898516451852532,10.187955290921447,-8.024028978107921,4.218181826613843
1993-03-01 00:00:00+00:00,7.398833233839475,-0.5786769826074178,-2.263175411015872,,-6.898516451852532,10.187955290921447,-8.024028978107921,4.218181826613843
1993-04-01 00:00:00+00:00,5.943577100079578,-5.778511769362815,-0.1673324763380335,,-7.287065161314976,7.205952806275895,-6.830559821265892,2.6430705369746343
1993-05-01 00:00:00+00:00,5.943577100079578,-5.778511769362815,-0.1673324763380335,,-7.287065161314976,7.205952806275895,-6.830559821265892,2.6430705369746343
1993-06-01 00:00:00+00:00,5.943577100079578,-5.778511769362815,-0.1673324763380335,,-7.287065161314976,7.205952806275895,-6.830559821265892,2.6430705369746343
1993-07-01 00:00:00+00:00,5.269705860597562,-5.465367176528845,-0.1425322157312947,,-0.9886554547075099,7.555424557664137,-5.582611949137439,12.858174835590198
1993-08-01 00:00:00+00:00,5.269705860597562,-5.465367176528845,-0.1425322157312947,,-0.9886554547075099,7.555424557664137,-5.582611949137439,12.858174835590198
1993-09-01 00:00:00+00:00,5.269705860597562,-5.465367176528845,-0.1425322157312947,,-0.9886554547075099,7.555424557664137,-5.582611949137439,12.858174835590198
1993-10-01 00:00:00+00:00,5.488986772107052,-2.2228466245835743,-0.4198444511426591,,-0.8442578148061819,5.55780384963156,-1.509004704603767,21.85238783780128
1993-11-01 00:00:00+00:00,5.488986772107052,-2.2228466245835743,-0.4198444511426591,,-0.8442578148061819,5.55780384963156,-1.509004704603767,21.85238783780128
1993-12-01 00:00:00+00:00,5.488986772107052,-2.2228466245835743,-0.4198444511426591,,-0.8442578148061819,5.55780384963156,-1.509004704603767,21.85238783780128
1994-01-01 00:00:00+00:00,7.121917580034309,-3.851061064272876,4.125353840559565,,4.865086221219128,0.23213397446515405,1.1759837689175656,18.56245638286087
1994-02-01 00:00:00+00:00,7.121917580034309,-3.851061064272876,4.125353840559565,,4.865086221219128,0.23213397446515405,1.1759837689175656,18.56245638286087
1994-03-01 00:00:00+00:00,7.121917580034309,-3.851061064272876,4.125353840559565,,4.865086221219128,0.23213397446515405,1.1759837689175656,18.56245638286087
1994-04-01 00:00:00+00:00,7.299207169489863,1.378381739541723,2.915861315999302,,7.413594148735103,6.208482370975821,1.9179031012842351,15.360501570195328
1994-05-01 00:00:00+00:00,7.299207169489863,1.378381739541723,2.915861315999302,,7.413594148735103,6.208482370975821,1.9179031012842351,15.360501570195328
1994-06-01 00:00:00+00:00,7.299207169489863,1.378381739541723,2.915861315999302,,7.413594148735103,6.208482370975821,1.9179031012842351,15.360501570195328
1994-07-01 00:00:00+00:00,7.5806179029528575,3.3089942114131743,1.4395043736069146,,8.214103905768289,11.256770712584775,2.8968393850278495,18.39129507934354
1994-08-01 00:00:00+00:00,7.5806179029528575,3.3089942114131743,1.4395043736069146,,8.214103905768289,11.256770712584775,2.8968393850278495,18.39129507934354
1994-09-01 00:00:00+00:00,7.5806179029528575,3.3089942114131743,1.4395043736069146,,8.214103905768289,11.256770712584775,2.8968393850278495,18.39129507934354
1994-10-01 00:00:00+00:00,8.109913987146289,3.198515204184349,2.0094939125476774,,5.983700632349653,17.493077742279283,5.534465993470139,13.143309588533135
1994-11-01 00:00:00+00:00,8.109913987146289,3.198515204184349,2.0094939125476774,,5.983700632349653,17.493077742279283,5.534465993470139,13.143309588533135
1994-12-01 00:00:00+00:00,8.109913987146289,3.198515204184349,2.0094939125476774,,5.983700632349653,17.493077742279283,5.534465993470139,13.143309588533135
1995-01-01 00:00:00+00:00,6.205730820302846,7.004218470767065,0.4634856441275259,,5.276945300903879,17.105045492142203,4.891926800581903,15.185403183256675
1995-02-01 00:00:00+00:00,6.205730820302846,7.004218470767065,0.4634856441275259,,5.276945300903879,17.105045492142203,4.891926800581903,15.185403183256675
1995-03-01 00:00:00+00:00,6.205730820302846,7.004218470767065,0.4634856441275259,,5.276945300903879,17.105045492142203,4.891926800581903,15.185403183256675
1995-04-01 00:00:00+00:00,8.214828510512984,1.1413980381062672,-2.057075776589612,-0.8496893629880264,1.3485005367110503,9.668430759361947,9.407404108873308,14.673913053414722
1995-05-01 00:00:00+00:00,8.214828510512984,1.1413980381062672,-2.057075776589612,-0.8496893629880264,1.3485005367110503,9.668430759361947,9.407404108873308,14.673913053414722
1995-06-01 00:00:00+00:00,8.214828510512984,1.1413980381062672,-2.057075776589612,-0.8496893629880264,1.3485005367110503,9.668430759361947,9.407404108873308,14.673913053414722
1995-07-01 00:00:00+00:00,5.571937702093122,1.1417852695775998,0.11975332066376243,0.7664928303073415,-1.9685254189912738,0.9850723649315496,7.430990223346123,11.587673453421932
1995-08-01 00:00:00+00:00,5.571937702093122,1.1417852695775998,0.11975332066376243,0.7664928303073415,-1.9685254189912738,0.9850723649315496,7.430990223346123,11.587673453421932
1995-09-01 00:00:00+00:00,5.571937702093122,1.1417852695775998,0.11975332066376243,0.7664928303073415,-1.9685254189912738,0.9850723649315496,7.430990223346123,11.587673453421932
1995-10-01 00:00:00+00:00,4.7032642816909,0.4233918575790252,0.14123873959053235,3.200616040445481,-2.266154569871015,3.580298388412251,4.726056399700629,8.327501753514511
1995-11-01 00:00:00+00:00,4.7032642816909,0.4233918575790252,0.14123873959053235,3.200616040445481,-2.266154569871015,3.580298388412251,4.726056399700629,8.327501753514511
1995-12-01 00:00:00+00:00,4.7032642816909,0.4233918575790252,0.14123873959053235,3.200616040445481,-2.266154569871015,3.580298388412251,4.726056399700629,8.327501753514511
1996-01-01 00:00:00+00:00,4.466035912200805,-2.585983868833719,0.11385817336919679,5.511565836299082,-2.4828799418533,-4.822361915524887,5.010827616581204,8.771929831104707
1996-02-01 00:00:00+00:00,4.466035912200805,-2.585983868833719,0.11385817336919679,5.511565836299082,-2.4828799418533,-4.822361915524887,5.010827616581204,8.771929831104707
1996-03-01 00:00:00+00:00,4.466035912200805,-2.585983868833719,0.11385817336919679,5.511565836299082,-2.4828799418533,-4.822361915524887,5.010827616581204,8.771929831104707
1996-04-01 00:00:00+00:00,4.76824718108364,-5.2575728426135555,4.089703832809777,8.433412235353742,2.2046315111461823,2.0746887966804684,-0.4405092869990912,10.155721053935629
1996-05-01 00:00:00+00:00,4.76824718108364,-5.2575728426135555,4.089703832809777,8.433412235353742,2.2046315111461823,2.0746887966804684,-0.4405092869990912,10.155721053935629
1996-06-01 00:00:00+00:00,4.76824718108364,-5.2575728426135555,4.089703832809777,8.433412235353742,2.2046315111461823,2.0746887966804684,-0.4405092869990912,10.155721053935629
1996-07-01 00:00:00+00:00,8.169934637599052,1.0107666482368494,7.418814643613936,8.10809589793482,2.4724733289314127,10.572521947925129,-1.303479920573325,6.8313953308227315
1996-08-01 00:00:00+00:00,8.169934637599052,1.0107666482368494,7.418814643613936,8.10809589793482,2.4724733289314127,10.572521947925129,-1.303479920573325,6.8313953308227315
1996-09-01 00:00:00+00:00,8.169934637599052,1.0107666482368494,7.418814643613936,8.10809589793482,2.4724733289314127,10.572521947925129,-1.303479920573325,6.8313953308227315
1996-10-01 00:00:00+00:00,9.692796610746512,1.1330674038501298,5.807859609051214,5.723774063935783,6.915729708267437,-1.9024117049949774,-0.48812404224536365,6.459948296488571
1996-11-01 00:00:00+00:00,9.692796610746512,1.1330674038501298,5.807859609051214,5.723774063935783,6.915729708267437,-1.9024117049949774,-0.48812404224536365,6.459948296488571
1996-12-01 00:00:00+00:00,9.692796610746512,1.1330674038501298,5.807859609051214,5.723774063935783,6.915729708267437,-1.9024117049949774,-0.48812404224536365,6.459948296488571
1997-01-01 00:00:00+00:00,9.601614373708944,2.0706157347071708,1.6719592295105556,3.9687096222196683,11.481155393138165,7.931207213224445,-2.8568249943000334,2.7716880611582173
1997-02-01 00:00:00+00:00,9.601614373708944,2.0706157347071708,1.6719592295105556,3.9687096222196683,11.481155393138165,7.931207213224445,-2.8568249943000334,2.7716880611582173
1997-03-01 00:00:00+00:00,9.601614373708944,2.0706157347071708,1.6719592295105556,3.9687096222196683,11.481155393138165,7.931207213224445,-2.8568249943000334,2.7716880611582173
1997-04-01 00:00:00+00:00,9.026188665799385,4.2881154741568395,-3.9563634264735525,2.8468555728214273,11.105302785058836,11.466279849558013,0.3922606560399444,3.134603563475813
1997-05-01 00:00:00+00:00,9.026188665799385,4.2881154741568395,-3.9563634264735525,2.8468555728214273,11.105302785058836,11.466279849558013,0.3922606560399444,3.134603563475813
1997-06-01 00:00:00+00:00,9.026188665799385,4.2881154741568395,-3.9563634264735525,2.8468555728214273,11.105302785058836,11.466279849558013,0.3922606560399444,3.134603563475813
1997-07-01 00:00:00+00:00,7.534373252490223,-1.1955852209319717,-5.723352728926834,-0.8405623887735691,14.083894621006166,9.159541248259618,3.117009944590743,16.009070291859338
1997-08-01 00:00:00+00:00,7.534373252490223,-1.1955852209319717,-5.723352728926834,-0.8405623887735691,14.083894621006166,9.159541248259618,3.117009944590743,16.009070291859338
1997-09-01 00:00:00+00:00,7.534373252490223,-1.1955852209319717,-5.723352728926834,-0.8405623887735691,14.083894621006166,9.159541248259618,3.117009944590743,16.009070291859338
1997-10-01 00:00:00+00:00,8.715596334071684,-0.781661382805865,0.7619020912394303,-1.7617493134357454,12.918710244944997,14.515352078268329,5.414088329696809,5.506674775624254
1997-11-01 00:00:00+00:00,8.715596334071684,-0.781661382805865,0.7619020912394303,-1.7617493134357454,12.918710244944997,14.515352078268329,5.414088329696809,5.506674775624254
1997-12-01 00:00:00+00:00,8.715596334071684,-0.781661382805865,0.7619020912394303,-1.7617493134357454,12.918710244944997,14.515352078268329,5.414088329696809,5.506674775624254
1998-01-01 00:00:00+00:00,7.311278751500083,0.13003264694504413,7.067420135374847,-2.183072008340614,8.821138837077003,15.04916115426913,8.426424373457397,-0.898979123287813
1998-02-01 00:00:00+00:00,7.311278751500083,0.13003264694504413,7.067420135374847,-2.183072008340614,8.821138837077003,15.04916115426913,8.426424373457397,-0.898979123287813
1998-03-01 00:00:00+00:00,7.311278751500083,0.13003264694504413,7.067420135374847,-2.183072008340614,8.821138837077003,15.04916115426913,8.426424373457397,-0.898979123287813
1998-04-01 00:00:00+00:00,7.923274259233293,6.15425945268695,11.47690830253525,-6.941429103838304,6.613343377694392,8.26733071918191,8.487993828264884,-1.3557806825470253
1998-05-01 00:00:00+00:00,7.923274259233293,6.15425945268695,11.47690830253525,-6.941429103838304,6.613343377694392,8.26733071918191,8.487993828264884,-1.3557806825470253
1998-06-01 00:00:00+00:00,7.923274259233293,6.15425945268695,11.47690830253525,-6.941429103838304,6.613343377694392,8.26733071918191,8.487993828264884,-1.3557806825470253
1998-07-01 00:00:00+00:00,10.039561953751086,2.735765739450313,9.95068947963853,-6.557117476395636,4.034566279367358,2.1882722317465575,9.289021526646968,-12.965858716985036
1998-08-01 00:00:00+00:00,10.039561953751086,2.735765739450313,9.95068947963853,-6.557117476395636,4.034566279367358,2.1882722317465575,9.289021526646968,-12.965858716985036
1998-09-01 00:00:00+00:00,10.039561953751086,2.735765739450313,9.95068947963853,-6.557117476395636,4.034566279367358,2.1882722317465575,9.289021526646968,-12.965858716985036
1998-10-01 00:00:00+00:00,9.110592932313445,3.610824944079094,2.697320771980083,-5.648486479898884,1.18423391850202,5.3889416893335484,7.912663450413127,-11.516894308298099
1998-11-01 00:00:00+00:00,9.110592932313445,3.610824944079094,2.697320771980083,-5.648486479898884,1.18423391850202,5.3889416893335484,7.912663450413127,-11.516894308298099
1998-12-01 00:00:00+00:00,9.110592932313445,3.610824944079094,2.697320771980083,-5.648486479898884,1.18423391850202,5.3889416893335484,7.912663450413127,-11.516894308298099
1999-01-01 00:00:00+00:00,11.506530855807796,1.5844213683654962,2.131556823453229,-4.209364778895363,1.3317549453222055,4.698868987777294,7.437436787410334,1.0147601546707907
1999-02-01 00:00:00+00:00,11.506530855807796,1.5844213683654962,2.131556823453229,-4.209364778895363,1.3317549453222055,4.698868987777294,7.437436787410334,1.0147601546707907
1999-03-01 00:00:00+00:00,11.506530855807796,1.5844213683654962,2.131556823453229,-4.209364778895363,1.3317549453222055,4.698868987777294,7.437436787410334,1.0147601546707907
1999-04-01 00:00:00+00:00,10.674733937106096,2.2151812796360026,1.2487734211111157,-1.5694588357937134,2.669420456799787,1.887492389033607,5.112788723036998,0.9364144256636342
1999-05-01 00:00:00+00:00,10.674733937106096,2.2151812796360026,1.2487734211111157,-1.5694588357937134,2.669420456799787,1.887492389033607,5.112788723036998,0.9364144256636342
1999-06-01 00:00:00+00:00,10.674733937106096,2.2151812796360026,1.2487734211111157,-1.5694588357937134,2.669420456799787,1.887492389033607,5.112788723036998,0.9364144256636342
1999-07-01 00:00:00+00:00,9.191329722802166,4.071178771946138,1.1171684088383538,0.7134315587649764,5.056433086061984,5.86759136310977,0.7692518538789272,1.7667315214587864
1999-08-01 00:00:00+00:00,9.191329722802166,4.071178771946138,1.1171684088383538,0.7134315587649764,5.056433086061984,5.86759136310977,0.7692518538789272,1.7667315214587864
1999-09-01 00:00:00+00:00,9.191329722802166,4.071178771946138,1.1171684088383538,0.7134315587649764,5.056433086061984,5.86759136310977,0.7692518538789272,1.7667315214587864
1999-10-01 00:00:00+00:00,8.990993737748187,4.701555459042561,3.2000433883099477,-0.708169881094256,5.692608981353953,7.6530763046255945,2.2244723255801624,15.01462462400378
1999-11-01 00:00:00+00:00,8.990993737748187,4.701555459042561,3.2000433883099477,-0.708169881094256,5.692608981353953,7.6530763046255945,2.2244723255801624,15.01462462400378
1999-12-01 00:00:00+00:00,8.990993737748187,4.701555459042561,3.2000433883099477,-0.708169881094256,5.692608981353953,7.6530763046255945,2.2244723255801624,15.01462462400378
2000-01-01 00:00:00+00:00,7.331116311282249,4.896447239992274,0.3865927846840034,-1.7733026401295482,7.080969091759082,5.054512239560416,2.4931876169109524,21.263318117988604
2000-02-01 00:00:00+00:00,7.331116311282249,4.896447239992274,0.3865927846840034,-1.7733026401295482,7.080969091759082,5.054512239560416,2.4931876169109524,21.263318117988604
2000-03-01 00:00:00+00:00,7.331116311282249,4.896447239992274,0.3865927846840034,-1.7733026401295482,7.080969091759082,5.054512239560416,2.4931876169109524,21.263318117988604
2000-04-01 00:00:00+00:00,8.229609020505201,3.6904120689757347,4.487400748320436,0.6619086399453744,6.857148741260999,8.819888450205582,3.506009314160563,16.669160572220054
2000-05-01 00:00:00+00:00,8.229609020505201,3.6904120689757347,4.487400748320436,0.6619086399453744,6.857148741260999,8.819888450205582,3.506009314160563,16.669160572220054
2000-06-01 00:00:00+00:00,8.229609020505201,3.6904120689757347,4.487400748320436,0.6619086399453744,6.857148741260999,8.819888450205582,3.506009314160563,16.669160572220054
2000-07-01 00:00:00+00:00,7.78774575025365,2.9893099053098116,10.632618909343083,-0.7470816921480106,4.908627569726454,10.864974375294167,6.5061708677316865,5.929086391133831
2000-08-01 00:00:00+00:00,7.78774575025365,2.9893099053098116,10.632618909343083,-0.7470816921480106,4.908627569726454,10.864974375294167,6.5061708677316865,5.929086391133831
2000-09-01 00:00:00+00:00,7.78774575025365,2.9893099053098116,10.632618909343083,-0.7470816921480106,4.908627569726454,10.864974375294167,6.5061708677316865,5.929086391133831
2000-10-01 00:00:00+00:00,5.891690021402796,2.2996913405554764,2.187651928686507,1.5772266386410605,5.321473828980028,0.3089683247842645,4.466239073647582,6.272958472461654
2000-11-01 00:00:00+00:00,5.891690021402796,2.2996913405554764,2.187651928686507,1.5772266386410605,5.321473828980028,0.3089683247842645,4.466239073647582,6.272958472461654
2000-12-01 00:00:00+00:00,5.891690021402796,2.2996913405554764,2.187651928686507,1.5772266386410605,5.321473828980028,0.3089683247842645,4.466239073647582,6.272958472461654
2001-01-01 00:00:00+00:00,5.202552717426645,1.791584212977182,6.524270836040458,3.1038897592706505,3.270970359658909,-10.104865663663954,4.7432817044740005,-8.171206240189854
2001-02-01 00:00:00+00:00,5.202552717426645,1.791584212977182,6.524270836040458,3.1038897592706505,3.270970359658909,-10.104865663663954,4.7432817044740005,-8.171206240189854
2001-03-01 00:00:00+00:00,5.202552717426645,1.791584212977182,6.524270836040458,3.1038897592706505,3.270970359658909,-10.104865663663954,4.7432817044740005,-8.171206240189854
2001-04-01 00:00:00+00:00,2.295584733521272,0.4538447786768929,2.482783164079061,3.244346068713777,5.1379418115305775,-9.939908203164016,2.2690131128872526,-13.402590737133224
2001-05-01 00:00:00+00:00,2.295584733521272,0.4538447786768929,2.482783164079061,3.244346068713777,5.1379418115305775,-9.939908203164016,2.2690131128872526,-13.402590737133224
2001-06-01 00:00:00+00:00,2.295584733521272,0.4538447786768929,2.482783164079061,3.244346068713777,5.1379418115305775,-9.939908203164016,2.2690131128872526,-13.402590737133224
2001-07-01 00:00:00+00:00,-0.05312555952675657,-1.5647531626829858,0.6817663466777812,-0.5532813697463945,5.810419082506479,-11.736121917265042,-0.12565794640142514,4.416666661617841
2001-08-01 00:00:00+00:00,-0.05312555952675657,-1.5647531626829858,0.6817663466777812,-0.5532813697463945,5.810419082506479,-11.736121917265042,-0.12565794640142514,4.416666661617841
2001-09-01 00:00:00+00:00,-0.05312555952675657,-1.5647531626829858,0.6817663466777812,-0.5532813697463945,5.810419082506479,-11.736121917265042,-0.12565794640142514,4.416666661617841
2001-10-01 00:00:00+00:00,-2.182347254024508,-4.022712630170333,7.640085380167139,-2.6323635844697657,5.836799528937431,-3.0473113640464455,-1.8325763974224252,-0.7178941852755472
2001-11-01 00:00:00+00:00,-2.182347254024508,-4.022712630170333,7.640085380167139,-2.6323635844697657,5.836799528937431,-3.0473113640464455,-1.8325763974224252,-0.7178941852755472
2001-12-01 00:00:00+00:00,-2.182347254024508,-4.022712630170333,7.640085380167139,-2.6323635844697657,5.836799528937431,-3.0473113640464455,-1.8325763974224252,-0.7178941852755472
2002-01-01 00:00:00+00:00,-3.7935733478054345,-4.106806131690499,0.46711555668350613,-6.339443885500417,2.5184244412154166,11.32534490174657,-4.970373048256138,9.33570258091918
2002-02-01 00:00:00+00:00,-3.7935733478054345,-4.106806131690499,0.46711555668350613,-6.339443885500417,2.5184244412154166,11.32534490174657,-4.970373048256138,9.33570258091918
2002-03-01 00:00:00+00:00,-3.7935733478054345,-4.106806131690499,0.46711555668350613,-6.339443885500417,2.5184244412154166,11.32534490174657,-4.970373048256138,9.33570258091918
2002-04-01 00:00:00+00:00,-4.269077034096124,-6.987837597869029,-0.045873829306541936,-7.6687558801857625,0.0538699075076865,12.25405694521804,-0.670370724759739,22.985781972743457
2002-05-01 00:00:00+00:00,-4.269077034096124,-6.987837597869029,-0.045873829306541936,-7.6687558801857625,0.0538699075076865,12.25405694521804,-0.670370724759739,22.985781972743457
2002-06-01 00:00:00+00:00,-4.269077034096124,-6.987837597869029,-0.045873829306541936,-7.6687558801857625,0.0538699075076865,12.25405694521804,-0.670370724759739,22.985781972743457
2002-07-01 00:00:00+00:00,-3.8020501564910547,-6.476755204522478,-4.260798036789481,-4.953505992337293,0.07581981590756293,16.94927694087689,0.8817643638647565,6.278265499098845
2002-08-01 00:00:00+00:00,-3.8020501564910547,-6.476755204522478,-4.260798036789481,-4.953505992337293,0.07581981590756293,16.94927694087689,0.8817643638647565,6.278265499098845
2002-09-01 00:00:00+00:00,-3.8020501564910547,-6.476755204522478,-4.260798036789481,-4.953505992337293,0.07581981590756293,16.94927694087689,0.8817643638647565,6.278265499098845
2002-10-01 00:00:00+00:00,-1.9242956781867049,-5.642896425445132,0.7179033823011105,-3.3781369863725264,0.4091193865612519,14.221569555453506,2.1280873359287966,12.881628284534319
2002-11-01 00:00:00+00:00,-1.9242956781867049,-5.642896425445132,0.7179033823011105,-3.3781369863725264,0.4091193865612519,14.221569555453506,2.1280873359287966,12.881628284534319
2002-12-01 00:00:00+00:00,-1.9242956781867049,-5.642896425445132,0.7179033823011105,-3.3781369863725264,0.4091193865612519,14.221569555453506,2.1280873359287966,12.881628284534319
2003-01-01 00:00:00+00:00,-0.6277694488154406,-5.041241440951394,9.119574625382288,-1.3925679610734099,3.4735298930219205,16.26896867499925,2.3625875746110747,8.701087634347825
2003-02-01 00:00:00+00:00,-0.6277694488154406,-5.041241440951394,9.119574625382288,-1.3925679610734099,3.4735298930219205,16.26896867499925,2.3625875746110747,8.701087634347825
2003-03-01 00:00:00+00:00,-0.6277694488154406,-5.041241440951394,9.119574625382288,-1.3925679610734099,3.4735298930219205,16.26896867499925,2.3625875746110747,8.701087634347825
2003-04-01 00:00:00+00:00,0.894591072447537,-2.9783403276402054,10.090673409590112,-1.8980879802342865,4.144526118836955,14.028700749403233,-1.862926476466975,4.070327562710574
2003-05-01 00:00:00+00:00,0.894591072447537,-2.9783403276402054,10.090673409590112,-1.8980879802342865,4.144526118836955,14.028700749403233,-1.862926476466975,4.070327562710574
2003-06-01 00:00:00+00:00,0.894591072447537,-2.9783403276402054,10.090673409590112,-1.8980879802342865,4.144526118836955,14.028700749403233,-1.862926476466975,4.070327562710574
2003-07-01 00:00:00+00:00,2.8432070356972705,-1.9462299880369405,3.840262995542165,0.2501261541399513,3.782685719358714,6.287973846972217,-3.058374732280067,14.818523134003158
2003-08-01 00:00:00+00:00,2.8432070356972705,-1.9462299880369405,3.840262995542165,0.2501261541399513,3.782685719358714,6.287973846972217,-3.058374732280067,14.818523134003158
2003-09-01 00:00:00+00:00,2.8432070356972705,-1.9462299880369405,3.840262995542165,0.2501261541399513,3.782685719358714,6.287973846972217,-3.058374732280067,14.818523134003158
2003-10-01 00:00:00+00:00,5.749728139302235,-1.1627322814296903,0.31666212904226665,-1.9711242186812417,5.394955442965732,8.386283260307792,-0.8176792377203368,10.533807828224152
2003-11-01 00:00:00+00:00,5.749728139302235,-1.1627322814296903,0.31666212904226665,-1.9711242186812417,5.394955442965732,8.386283260307792,-0.8176792377203368,10.533807828224152
2003-12-01 00:00:00+00:00,5.749728139302235,-1.1627322814296903,0.31666212904226665,-1.9711242186812417,5.394955442965732,8.386283260307792,-0.8176792377203368,10.533807828224152
2004-01-01 00:00:00+00:00,7.451948680682774,-0.47331572530562305,-3.990027760142145,0.022522261997082182,7.50136340370835,7.978052757938703,3.030735801807638,11.604370315507918
2004-02-01 00:00:00+00:00,7.451948680682774,-0.47331572530562305,-3.990027760142145,0.022522261997082182,7.50136340370835,7.978052757938703,3.030735801807638,11.604370315507918
2004-03-01 00:00:00+00:00,7.451948680682774,-0.47331572530562305,-3.990027760142145,0.022522261997082182,7.50136340370835,7.978052757938703,3.030735801807638,11.604370315507918
2004-04-01 00:00:00+00:00,6.409873264433341,-2.137610103918397,-1.7418933151613802,0.09193137528646922,9.031626997850118,8.271898773661789,4.407409903505077,21.638509603597033
2004-05-01 00:00:00+00:00,6.409873264433341,-2.137610103918397,-1.7418933151613802,0.09193137528646922,9.031626997850118,8.271898773661789,4.407409903505077,21.638509603597033
2004-06-01 00:00:00+00:00,6.409873264433341,-2.137610103918397,-1.7418933151613802,0.09193137528646922,9.031626997850118,8.271898773661789,4.407409903505077,21.638509603597033
2004-07-01 00:00:00+00:00,6.824656123197759,-0.7707664298940542,3.836145385592671,-0.8265266697866425,9.65910578871856,10.30601522315262,6.959004058138607,14.770002191578424
2004-08-01 00:00:00+00:00,6.824656123197759,-0.7707664298940542,3.836145385592671,-0.8265266697866425,9.65910578871856,10.30601522315262,6.959004058138607,14.770002191578424
2004-09-01 00:00:00+00:00,6.824656123197759,-0.7707664298940542,3.836145385592671,-0.8265266697866425,9.65910578871856,10.30601522315262,6.959004058138607,14.770002191578424
2004-10-01 00:00:00+00:00,5.445846195452142,-1.2326170109217882,4.06814527522108,0.9623760762053291,7.864446170884176,6.985788942978899,7.3832036993032535,13.854904490882912
2004-11-01 00:00:00+00:00,5.445846195452142,-1.2326170109217882,4.06814527522108,0.9623760762053291,7.864446170884176,6.985788942978899,7.3832036993032535,13.854904490882912
2004-12-01 00:00:00+00:00,5.445846195452142,-1.2326170109217882,4.06814527522108,0.9623760762053291,7.864446170884176,6.985788942978899,7.3832036993032535,13.854904490882912
2005-01-01 00:00:00+00:00,5.345573929476521,-1.7868281446888234,4.5453472446953525,0.5246301330351422,7.268797168713093,4.868423929624366,3.658559429325492,6.904369349839068
2005-02-01 00:00:00+00:00,5.345573929476521,-1.7868281446888234,4.5453472446953525,0.5246301330351422,7.268797168713093,4.868423929624366,3.658559429325492,6.904369349839068
2005-03-01 00:00:00+00:00,5.345573929476521,-1.7868281446888234,4.5453472446953525,0.5246301330351422,7.268797168713093,4.868423929624366,3.658559429325492,6.904369349839068
2005-04-01 00:00:00+00:00,7.158438480415041,-1.3899166152396836,4.407852478075802,1.9511991166248688,7.662237607300493,3.627493055701203,3.871056779724169,-2.3877473489043455
2005-05-01 00:00:00+00:00,7.158438480415041,-1.3899166152396836,4.407852478075802,1.9511991166248688,7.662237607300493,3.627493055701203,3.871056779724169,-2.3877473489043455
2005-06-01 00:00:00+00:00,7.158438480415041,-1.3899166152396836,4.407852478075802,1.9511991166248688,7.662237607300493,3.627493055701203,3.871056779724169,-2.3877473489043455
2005-07-01 00:00:00+00:00,6.25304636583488,-0.41669186508230815,9.1823536338689,2.838865084976905,8.545201853860828,8.936238560692523,3.664398223341747,4.66331084892635
2005-08-01 00:00:00+00:00,6.25304636583488,-0.41669186508230815,9.1823536338689,2.838865084976905,8.545201853860828,8.936238560692523,3.664398223341747,4.66331084892635
2005-09-01 00:00:00+00:00,6.25304636583488,-0.41669186508230815,9.1823536338689,2.838865084976905,8.545201853860828,8.936238560692523,3.664398223341747,4.66331084892635
2005-10-01 00:00:00+00:00,5.988983251164526,1.468812609618686,8.81113319735103,4.667826210712556,9.880948630356222,10.61479909377554,1.705790089873438,5.155999608625472
2005-11-01 00:00:00+00:00,5.988983251164526,1.468812609618686,8.81113319735103,4.667826210712556,9.880948630356222,10.61479909377554,1.705790089873438,5.155999608625472
2005-12-01 00:00:00+00:00,5.988983251164526,1.468812609618686,8.81113319735103,4.667826210712556,9.880948630356222,10.61479909377554,1.705790089873438,5.155999608625472
2006-01-01 00:00:00+00:00,4.900212451716435,4.987102378120456,8.415467109419183,2.1571360898695158,10.33734723170685,9.497200934466044,4.170983850770371,7.48023904666586
2006-02-01 00:00:00+00:00,4.900212451716435,4.987102378120456,8.415467109419183,2.1571360898695158,10.33734723170685,9.497200934466044,4.170983850770371,7.48023904666586
2006-03-01 00:00:00+00:00,4.900212451716435,4.987102378120456,8.415467109419183,2.1571360898695158,10.33734723170685,9.497200934466044,4.170983850770371,7.48023904666586
2006-04-01 00:00:00+00:00,5.424461975338191,5.0137213625411015,6.193164351445035,1.753578017178703,9.399061611302395,9.125337571998315,4.960751940055741,5.9935678958143335
2006-05-01 00:00:00+00:00,5.424461975338191,5.0137213625411015,6.193164351445035,1.753578017178703,9.399061611302395,9.125337571998315,4.960751940055741,5.9935678958143335
2006-06-01 00:00:00+00:00,5.424461975338191,5.0137213625411015,6.193164351445035,1.753578017178703,9.399061611302395,9.125337571998315,4.960751940055741,5.9935678958143335
2006-07-01 00:00:00+00:00,3.5787968614586108,10.207183477687076,1.3242931555432547,1.38311700871121,7.771324418401893,4.137958148632226,4.056888628386268,-5.9618874751009905
2006-08-01 00:00:00+00:00,3.5787968614586108,10.207183477687076,1.3242931555432547,1.38311700871121,7.771324418401893,4.137958148632226,4.056888628386268,-5.9618874751009905
2006-09-01 00:00:00+00:00,3.5787968614586108,10.207183477687076,1.3242931555432547,1.38311700871121,7.771324418401893,4.137958148632226,4.056888628386268,-5.9618874751009905
2006-10-01 00:00:00+00:00,1.3400101709629464,8.747993562206213,1.8385692254686559,-1.5196958385674586,4.914815108017834,2.9703161092248243,3.790425231363592,-1.9720329838865291
2006-11-01 00:00:00+00:00,1.3400101709629464,8.747993562206213,1.8385692254686559,-1.5196958385674586,4.914815108017834,2.9703161092248243,3.790425231363592,-1.9720329838865291
2006-12-01 00:00:00+00:00,1.3400101709629464,8.747993562206213,1.8385692254686559,-1.5196958385674586,4.914815108017834,2.9703161092248243,3.790425231363592,-1.9720329838865291
2007-01-01 00:00:00+00:00,0.45501035527906186,8.536582989631313,-0.005206761732767795,1.219613984324841,3.2938567481097136,0.6995640622982746,5.897899795288053,-1.8206278081146166
2007-02-01 00:00:00+00:00,0.45501035527906186,8.536582989631313,-0.005206761732767795,1.219613984324841,3.2938567481097136,0.6995640622982746,5.897899795288053,-1.8206278081146166
2007-03-01 00:00:00+00:00,0.45501035527906186,8.536582989631313,-0.005206761732767795,1.219613984324841,3.2938567481097136,0.6995640622982746,5.897899795288053,-1.8206278081146166
2007-04-01 00:00:00+00:00,-1.4753797331712004,10.169657277838029,1.9939808203218723,1.738554171492357,2.890989190780524,5.2853160330094795,5.116109475350816,3.6870172782796473
2007-05-01 00:00:00+00:00,-1.4753797331712004,10.169657277838029,1.9939808203218723,1.738554171492357,2.890989190780524,5.2853160330094795,5.116109475350816,3.6870172782796473
2007-06-01 00:00:00+00:00,-1.4753797331712004,10.169657277838029,1.9939808203218723,1.738554171492357,2.890989190780524,5.2853160330094795,5.116109475350816,3.6870172782796473
2007-07-01 00:00:00+00:00,-0.46351891578889637,2.032172651820452,6.994248015662885,-0.15156847717698874,2.7413130845171274,9.105152377506487,6.8496264197357215,9.437421583267124
2007-08-01 00:00:00+00:00,-0.46351891578889637,2.032172651820452,6.994248015662885,-0.15156847717698874,2.7413130845171274,9.105152377506487,6.8496264197357215,9.437421583267124
2007-09-01 00:00:00+00:00,-0.46351891578889637,2.032172651820452,6.994248015662885,-0.15156847717698874,2.7413130845171274,9.105152377506487,6.8496264197357215,9.437421583267124
2007-10-01 00:00:00+00:00,-0.1324040486085032,2.2710546847518387,2.0606508097728238,-1.6339554733032502,3.1863195396129695,7.923850176415748,5.958022735533475,7.42501829782376
2007-11-01 00:00:00+00:00,-0.1324040486085032,2.2710546847518387,2.0606508097728238,-1.6339554733032502,3.1863195396129695,7.923850176415748,5.958022735533475,7.42501829782376
2007-12-01 00:00:00+00:00,-0.1324040486085032,2.2710546847518387,2.0606508097728238,-1.6339554733032502,3.1863195396129695,7.923850176415748,5.958022735533475,7.42501829782376
2008-01-01 00:00:00+00:00,-0.2343109844741842,1.455004642001656,11.398192123632933,-4.430469630959644,3.845303808748657,10.5739262614311,3.0788881870166263,9.838311874137684
2008-02-01 00:00:00+00:00,-0.2343109844741842,1.455004642001656,11.398192123632933,-4.430469630959644,3.845303808748657,10.5739262614311,3.0788881870166263,9.838311874137684
2008-03-01 00:00:00+00:00,-0.2343109844741842,1.455004642001656,11.398192123632933,-4.430469630959644,3.845303808748657,10.5739262614311,3.0788881870166263,9.838311874137684
2008-04-01 00:00:00+00:00,-1.5651054286723753,2.6993524520267487,3.0896683277612746,-4.9256013071726334,4.70983160815619,9.15113213770178,2.3250975618482217,4.052496229467417
2008-05-01 00:00:00+00:00,-1.5651054286723753,2.6993524520267487,3.0896683277612746,-4.9256013071726334,4.70983160815619,9.15113213770178,2.3250975618482217,4.052496229467417
2008-06-01 00:00:00+00:00,-1.5651054286723753,2.6993524520267487,3.0896683277612746,-4.9256013071726334,4.70983160815619,9.15113213770178,2.3250975618482217,4.052496229467417
2008-07-01 00:00:00+00:00,-2.573421757390959,1.7118958375657245,0.7600519028653441,-4.313477194968584,3.293781193739509,7.490681155975598,1.8330453471655073,5.096552334185511
2008-08-01 00:00:00+00:00,-2.573421757390959,1.7118958375657245,0.7600519028653441,-4.313477194968584,3.293781193739509,7.490681155975598,1.8330453471655073,5.096552334185511
2008-09-01 00:00:00+00:00,-2.573421757390959,1.7118958375657245,0.7600519028653441,-4.313477194968584,3.293781193739509,7.490681155975598,1.8330453471655073,5.096552334185511
2008-10-01 00:00:00+00:00,-4.0316606026269515,1.4083011988376803,-1.3600932213585493,-2.377295438410909,1.9831659410099123,8.255353087346062,0.8959967867567364,-5.107252308670018
2008-11-01 00:00:00+00:00,-4.0316606026269515,1.4083011988376803,-1.3600932213585493,-2.377295438410909,1.9831659410099123,8.255353087346062,0.8959967867567364,-5.107252308670018
2008-12-01 00:00:00+00:00,-4.0316606026269515,1.4083011988376803,-1.3600932213585493,-2.377295438410909,1.9831659410099123,8.255353087346062,0.8959967867567364,-5.107252308670018
2009-01-01 00:00:00+00:00,-8.67632428561601,-1.94609929831,-10.220718155342745,-3.326051674667474,-3.3795537214253546,4.354811419765192,-2.7314951626323247,-11.219228208146037
2009-02-01 00:00:00+00:00,-8.67632428561601,-1.94609929831,-10.220718155342745,-3.326051674667474,-3.3795537214253546,4.354811419765192,-2.7314951626323247,-11.219228208146037
2009-03-01 00:00:00+00:00,-8.67632428561601,-1.94609929831,-10.220718155342745,-3.326051674667474,-3.3795537214253546,4.354811419765192,-2.7314951626323247,-11.219228208146037
2009-04-01 00:00:00+00:00,-13.322988167810667,-11.131219991266693,-10.692857014533864,-8.916184586127873,-15.057822429315637,-1.378758389037793,-6.507559574075006,-13.200954500626693
2009-05-01 00:00:00+00:00,-13.322988167810667,-11.131219991266693,-10.692857014533864,-8.916184586127873,-15.057822429315637,-1.378758389037793,-6.507559574075006,-13.200954500626693
2009-06-01 00:00:00+00:00,-13.322988167810667,-11.131219991266693,-10.692857014533864,-8.916184586127873,-15.057822429315637,-1.378758389037793,-6.507559574075006,-13.200954500626693
2009-07-01 00:00:00+00:00,-15.162007615934115,-9.246576474900447,-15.351692615457068,-9.836807174122143,-14.932608112938016,-4.586498841929587,-9.595777835919051,-14.774729408497201
2009-08-01 00:00:00+00:00,-15.162007615934115,-9.246576474900447,-15.351692615457068,-9.836807174122143,-14.932608112938016,-4.586498841929587,-9.595777835919051,-14.774729408497201
2009-09-01 00:00:00+00:00,-15.162007615934115,-9.246576474900447,-15.351692615457068,-9.836807174122143,-14.932608112938016,-4.586498841929587,-9.595777835919051,-14.774729408497201
2009-10-01 00:00:00+00:00,-13.1919285253419,-9.28252994661596,-10.409580646659233,-12.294763532196384,-11.504695566883028,-4.491852658855688,-6.545957671997915,-11.652314308141987
2009-11-01 00:00:00+00:00,-13.1919285253419,-9.28252994661596,-10.409580646659233,-12.294763532196384,-11.504695566883028,-4.491852658855688,-6.545957671997915,-11.652314308141987
2009-12-01 00:00:00+00:00,-13.1919285253419,-9.28252994661596,-10.409580646659233,-12.294763532196384,-11.504695566883028,-4.491852658855688,-6.545957671997915,-11.652314308141987
2010-01-01 00:00:00+00:00,-8.104430664816153,-8.849553700704204,-9.763005532215917,-10.50959113705261,-3.34717124786722,1.7364881264819498,-3.9654279748669197,-8.5807962618915
2010-02-01 00:00:00+00:00,-8.104430664816153,-8.849553700704204,-9.763005532215917,-10.50959113705261,-3.34717124786722,1.7364881264819498,-3.9654279748669197,-8.5807962618915
2010-03-01 00:00:00+00:00,-8.104430664816153,-8.849553700704204,-9.763005532215917,-10.50959113705261,-3.34717124786722,1.7364881264819498,-3.9654279748669197,-8.5807962618915
2010-04-01 00:00:00+00:00,-2.239640903232365,0.11006147094299035,-0.8678891829243196,-4.187374431638069,11.273797948362363,4.697761971890024,2.1973047442143123,-2.749140882348189
2010-05-01 00:00:00+00:00,-2.239640903232365,0.11006147094299035,-0.8678891829243196,-4.187374431638069,11.273797948362363,4.697761971890024,2.1973047442143123,-2.749140882348189
2010-06-01 00:00:00+00:00,-2.239640903232365,0.11006147094299035,-0.8678891829243196,-4.187374431638069,11.273797948362363,4.697761971890024,2.1973047442143123,-2.749140882348189
2010-07-01 00:00:00+00:00,3.401507635881562,6.482776471524843,0.5948431600136583,-3.0636105655122092,14.185330481672874,5.406682013590913,4.822541748119313,-1.6243355102104728
2010-08-01 00:00:00+00:00,3.401507635881562,6.482776471524843,0.5948431600136583,-3.0636105655122092,14.185330481672874,5.406682013590913,4.822541748119313,-1.6243355102104728
2010-09-01 00:00:00+00:00,3.401507635881562,6.482776471524843,0.5948431600136583,-3.0636105655122092,14.185330481672874,5.406682013590913,4.822541748119313,-1.6243355102104728
2010-10-01 00:00:00+00:00,3.4202561415476618,7.444554983195251,3.097435662544834,0.47542295066469453,11.971529172117101,5.619070783829416,3.4116368341895464,1.9392831695860258
2010-11-01 00:00:00+00:00,3.4202561415476618,7.444554983195251,3.097435662544834,0.47542295066469453,11.971529172117101,5.619070783829416,3.4116368341895464,1.9392831695860258
2010-12-01 00:00:00+00:00,3.4202561415476618,7.444554983195251,3.097435662544834,0.47542295066469453,11.971529172117101,5.619070783829416,3.4116368341895464,1.9392831695860258
2011-01-01 00:00:00+00:00,4.541273762192333,7.323004378673925,6.819755362946456,0.40186677684961314,8.816546168452867,0.47390345189111116,5.01062976797928,6.660518501902213
2011-02-01 00:00:00+00:00,4.541273762192333,7.323004378673925,6.819755362946456,0.40186677684961314,8.816546168452867,0.47390345189111116,5.01062976797928,6.660518501902213
2011-03-01 00:00:00+00:00,4.541273762192333,7.323004378673925,6.819755362946456,0.40186677684961314,8.816546168452867,0.47390345189111116,5.01062976797928,6.660518501902213
2011-04-01 00:00:00+00:00,4.317649843021276,11.759161840184662,-0.7210550273110794,0.12961793235914953,6.224954615431844,4.243247563517172,3.7547569744917464,8.107016649180053
2011-05-01 00:00:00+00:00,4.317649843021276,11.759161840184662,-0.7210550273110794,0.12961793235914953,6.224954615431844,4.243247563517172,3.7547569744917464,8.107016649180053
2011-06-01 00:00:00+00:00,4.317649843021276,11.759161840184662,-0.7210550273110794,0.12961793235914953,6.224954615431844,4.243247563517172,3.7547569744917464,8.107016649180053
2011-07-01 00:00:00+00:00,2.6450388257257096,5.857976542956744,0.9427096463969775,0.34915480430555146,4.908395092945539,4.187505502239475,1.9297473131358878,4.603222260156259
2011-08-01 00:00:00+00:00,2.6450388257257096,5.857976542956744,0.9427096463969775,0.34915480430555146,4.908395092945539,4.187505502239475,1.9297473131358878,4.603222260156259
2011-09-01 00:00:00+00:00,2.6450388257257096,5.857976542956744,0.9427096463969775,0.34915480430555146,4.908395092945539,4.187505502239475,1.9297473131358878,4.603222260156259
2011-10-01 00:00:00+00:00,5.3945761566771555,6.269044647714828,-0.015435318263667952,0.9391299163709288,4.147411313370464,10.93727664035329,1.3753554113842048,5.358565730659182
2011-11-01 00:00:00+00:00,5.3945761566771555,6.269044647714828,-0.015435318263667952,0.9391299163709288,4.147411313370464,10.93727664035329,1.3753554113842048,5.358565730659182
2011-12-01 00:00:00+00:00,5.3945761566771555,6.269044647714828,-0.015435318263667952,0.9391299163709288,4.147411313370464,10.93727664035329,1.3753554113842048,5.358565730659182
2012-01-01 00:00:00+00:00,6.1133838915989225,6.9932385067528635,-0.8415253286620961,4.714485849052852,3.34598470132903,10.559025906079377,1.804190494702551,5.3607455133778625
2012-02-01 00:00:00+00:00,6.1133838915989225,6.9932385067528635,-0.8415253286620961,4.714485849052852,3.34598470132903,10.559025906079377,1.804190494702551,5.3607455133778625
2012-03-01 00:00:00+00:00,6.1133838915989225,6.9932385067528635,-0.8415253286620961,4.714485849052852,3.34598470132903,10.559025906079377,1.804190494702551,5.3607455133778625
2012-04-01 00:00:00+00:00,8.9172297072184,1.7883891128890772,4.3073927115576005,4.435465273983374,5.095526594282629,10.522039094276735,3.3869986857423706,6.406425103818414
2012-05-01 00:00:00+00:00,8.9172297072184,1.7883891128890772,4.3073927115576005,4.435465273983374,5.095526594282629,10.522039094276735,3.3869986857423706,6.406425103818414
2012-06-01 00:00:00+00:00,8.9172297072184,1.7883891128890772,4.3073927115576005,4.435465273983374,5.095526594282629,10.522039094276735,3.3869986857423706,6.406425103818414
2012-07-01 00:00:00+00:00,8.875899731277404,1.0844576670447248,1.909493395634243,5.191151083033763,5.287146193286119,14.345622118614187,3.843370754204889,8.896967371550302
2012-08-01 00:00:00+00:00,8.875899731277404,1.0844576670447248,1.909493395634243,5.191151083033763,5.287146193286119,14.345622118614187,3.843370754204889,8.896967371550302
2012-09-01 00:00:00+00:00,8.875899731277404,1.0844576670447248,1.909493395634243,5.191151083033763,5.287146193286119,14.345622118614187,3.843370754204889,8.896967371550302
2012-10-01 00:00:00+00:00,5.421628071054152,-0.533490394370506,-0.8082746183490586,3.6733088845005923,4.717895178129572,6.79003507654965,4.9524190457320705,6.078653822891078
2012-11-01 00:00:00+00:00,5.421628071054152,-0.533490394370506,-0.8082746183490586,3.6733088845005923,4.717895178129572,6.79003507654965,4.9524190457320705,6.078653822891078
2012-12-01 00:00:00+00:00,5.421628071054152,-0.533490394370506,-0.8082746183490586,3.6733088845005923,4.717895178129572,6.79003507654965,4.9524190457320705,6.078653822891078
2013-01-01 00:00:00+00:00,4.622046976233651,-0.8191500871410518,2.7987493328786472,0.28406203439015343,4.452522889945154,7.2439556015910345,3.726554186202069,5.370657420684655
2013-02-01 00:00:00+00:00,4.622046976233651,-0.8191500871410518,2.7987493328786472,0.28406203439015343,4.452522889945154,7.2439556015910345,3.726554186202069,5.370657420684655
2013-03-01 00:00:00+00:00,4.622046976233651,-0.8191500871410518,2.7987493328786472,0.28406203439015343,4.452522889945154,7.2439556015910345,3.726554186202069,5.370657420684655
2013-04-01 00:00:00+00:00,3.723642082255041,-4.473206907085503,-0.43022518833898404,-0.9211840137486105,2.193954945696408,1.577238931720304,1.6248884784307416,3.3965244938418904
2013-05-01 00:00:00+00:00,3.723642082255041,-4.473206907085503,-0.43022518833898404,-0.9211840137486105,2.193954945696408,1.577238931720304,1.6248884784307416,3.3965244938418904
2013-06-01 00:00:00+00:00,3.723642082255041,-4.473206907085503,-0.43022518833898404,-0.9211840137486105,2.193954945696408,1.577238931720304,1.6248884784307416,3.3965244938418904
2013-07-01 00:00:00+00:00,2.9740808668263563,-0.9850633319130608,5.425482510421853,2.2615002384494653,1.1578913895807785,-3.555260007565453,2.0751917896843386,6.272511649392687
2013-08-01 00:00:00+00:00,2.9740808668263563,-0.9850633319130608,5.425482510421853,2.2615002384494653,1.1578913895807785,-3.555260007565453,2.0751917896843386,6.272511649392687
2013-09-01 00:00:00+00:00,2.9740808668263563,-0.9850633319130608,5.425482510421853,2.2615002384494653,1.1578913895807785,-3.555260007565453,2.0751917896843386,6.272511649392687
2013-10-01 00:00:00+00:00,4.791901578868374,-0.5788895352436652,8.728905888052152,5.550674794383492,1.4105851741704534,-2.226914693460702,0.7082195666448854,10.738793324127926
2013-11-01 00:00:00+00:00,4.791901578868374,-0.5788895352436652,8.728905888052152,5.550674794383492,1.4105851741704534,-2.226914693460702,0.7082195666448854,10.738793324127926
2013-12-01 00:00:00+00:00,4.791901578868374,-0.5788895352436652,8.728905888052152,5.550674794383492,1.4105851741704534,-2.226914693460702,0.7082195666448854,10.738793324127926
2014-01-01 00:00:00+00:00,4.812768731158279,2.046169393404451,3.25667654252626,7.374752628370418,1.043112277387337,-3.308127908498626,1.025681978739379,8.887158187491861
2014-02-01 00:00:00+00:00,4.812768731158279,2.046169393404451,3.25667654252626,7.374752628370418,1.043112277387337,-3.308127908498626,1.025681978739379,8.887158187491861
2014-03-01 00:00:00+00:00,4.812768731158279,2.046169393404451,3.25667654252626,7.374752628370418,1.043112277387337,-3.308127908498626,1.025681978739379,8.887158187491861
2014-04-01 00:00:00+00:00,4.174583277197241,7.906486881779307,8.814085304335917,10.260325106086054,0.7204088958888022,-1.4038921107514035,1.6149964630804536,9.379509383023144
2014-05-01 00:00:00+00:00,4.174583277197241,7.906486881779307,8.814085304335917,10.260325106086054,0.7204088958888022,-1.4038921107514035,1.6149964630804536,9.379509383023144
2014-06-01 00:00:00+00:00,4.174583277197241,7.906486881779307,8.814085304335917,10.260325106086054,0.7204088958888022,-1.4038921107514035,1.6149964630804536,9.379509383023144
2014-07-01 00:00:00+00:00,6.26745714185164,2.7587126082357916,6.146586983708557,3.5030422366223224,1.5709980421133363,-0.5362677159870377,2.3080215671297255,9.027031482299153
2014-08-01 00:00:00+00:00,6.26745714185164,2.7587126082357916,6.146586983708557,3.5030422366223224,1.5709980421133363,-0.5362677159870377,2.3080215671297255,9.027031482299153
2014-09-01 00:00:00+00:00,6.26745714185164,2.7587126082357916,6.146586983708557,3.5030422366223224,1.5709980421133363,-0.5362677159870377,2.3080215671297255,9.027031482299153
2014-10-01 00:00:00+00:00,6.470939488765981,2.468874680403643,5.455698009565557,1.772053371815785,2.8542889069259836,-3.574146572233372,3.2029029313469515,10.051504918359889
2014-11-01 00:00:00+00:00,6.470939488765981,2.468874680403643,5.455698009565557,1.772053371815785,2.8542889069259836,-3.574146572233372,3.2029029313469515,10.051504918359889
2014-12-01 00:00:00+00:00,6.470939488765981,2.468874680403643,5.455698009565557,1.772053371815785,2.8542889069259836,-3.574146572233372,3.2029029313469515,10.051504918359889
2015-01-01 00:00:00+00:00,6.6109619722849455,1.3806633633283383,8.943581755374774,0.6521301379633027,3.846063417664669,-3.4600305622198513,3.3518399402951093,8.583008822036131
2015-02-01 00:00:00+00:00,6.6109619722849455,1.3806633633283383,8.943581755374774,0.6521301379633027,3.846063417664669,-3.4600305622198513,3.3518399402951093,8.583008822036131
2015-03-01 00:00:00+00:00,6.6109619722849455,1.3806633633283383,8.943581755374774,0.6521301379633027,3.846063417664669,-3.4600305622198513,3.3518399402951093,8.583008822036131
2015-04-01 00:00:00+00:00,6.259064402926651,-0.6195627491383027,8.941833513780306,1.1101016371292571,-0.75923880376636,-3.8138703824256215,2.117090072335892,5.3313673809199935
2015-05-01 00:00:00+00:00,6.259064402926651,-0.6195627491383027,8.941833513780306,1.1101016371292571,-0.75923880376636,-3.8138703824256215,2.117090072335892,5.3313673809199935
2015-06-01 00:00:00+00:00,6.259064402926651,-0.6195627491383027,8.941833513780306,1.1101016371292571,-0.75923880376636,-3.8138703824256215,2.117090072335892,5.3313673809199935
2015-07-01 00:00:00+00:00,4.802266224329577,0.7873370422410764,8.25825825385973,3.912613664568143,-4.323820445811832,-3.883345586948461,3.064244428293028,4.367275761781619
2015-08-01 00:00:00+00:00,4.802266224329577,0.7873370422410764,8.25825825385973,3.912613664568143,-4.323820445811832,-3.883345586948461,3.064244428293028,4.367275761781619
2015-09-01 00:00:00+00:00,4.802266224329577,0.7873370422410764,8.25825825385973,3.912613664568143,-4.323820445811832,-3.883345586948461,3.064244428293028,4.367275761781619
2015-10-01 00:00:00+00:00,4.058457444460917,1.5013732411797154,4.8137519046368205,3.2161787980198975,-6.821848891766368,-3.973265073947563,2.832757236450978,4.043875684023046
2015-11-01 00:00:00+00:00,4.058457444460917,1.5013732411797154,4.8137519046368205,3.2161787980198975,-6.821848891766368,-3.973265073947563,2.832757236450978,4.043875684023046
2015-12-01 00:00:00+00:00,4.058457444460917,1.5013732411797154,4.8137519046368205,3.2161787980198975,-6.821848891766368,-3.973265073947563,2.832757236450978,4.043875684023046
2016-01-01 00:00:00+00:00,2.5970449161236475,2.9363751281865857,5.19750910393888,3.2108355104982778,-8.777560182158417,-3.932845816114239,1.9265671010886498,1.5955500233458597
2016-02-01 00:00:00+00:00,2.5970449161236475,2.9363751281865857,5.19750910393888,3.2108355104982778,-8.777560182158417,-3.932845816114239,1.9265671010886498,1.5955500233458597
2016-03-01 00:00:00+00:00,2.5970449161236475,2.9363751281865857,5.19750910393888,3.2108355104982778,-8.777560182158417,-3.932845816114239,1.9265671010886498,1.5955500233458597
2016-04-01 00:00:00+00:00,3.431116788619981,4.940150091572293,3.0740983138429545,0.807680110157416,-6.642360065918229,-3.0780418613694516,3.8882337722282667,3.5069623429003105
2016-05-01 00:00:00+00:00,3.431116788619981,4.940150091572293,3.0740983138429545,0.807680110157416,-6.642360065918229,-3.0780418613694516,3.8882337722282667,3.5069623429003105
2016-06-01 00:00:00+00:00,3.431116788619981,4.940150091572293,3.0740983138429545,0.807680110157416,-6.642360065918229,-3.0780418613694516,3.8882337722282667,3.5069623429003105
2016-07-01 00:00:00+00:00,2.4646582082878066,3.464186724843521,5.308781672811258,0.47431731217506545,-4.693016479303624,-3.084454611019205,2.9043046991528376,3.8721394851283453
2016-08-01 00:00:00+00:00,2.4646582082878066,3.464186724843521,5.308781672811258,0.47431731217506545,-4.693016479303624,-3.084454611019205,2.9043046991528376,3.8721394851283453
2016-09-01 00:00:00+00:00,2.4646582082878066,3.464186724843521,5.308781672811258,0.47431731217506545,-4.693016479303624,-3.084454611019205,2.9043046991528376,3.8721394851283453
2016-10-01 00:00:00+00:00,2.339161949608659,3.970896025943782,10.953962277862006,0.5585058734057124,-3.183217058492671,-3.323164410745727,2.276361622385603,1.8976665753862587
2016-11-01 00:00:00+00:00,2.339161949608659,3.970896025943782,10.953962277862006,0.5585058734057124,-3.183217058492671,-3.323164410745727,2.276361622385603,1.8976665753862587
2016-12-01 00:00:00+00:00,2.339161949608659,3.970896025943782,10.953962277862006,0.5585058734057124,-3.183217058492671,-3.323164410745727,2.276361622385603,1.8976665753862587
2017-01-01 00:00:00+00:00,3.3850654568178706,2.154871990581375,5.30520132568737,0.6369023782040406,-4.005592561659621,0.4905761660504604,3.0694052218834367,2.391758525217358
2017-02-01 00:00:00+00:00,3.3850654568178706,2.154871990581375,5.30520132568737,0.6369023782040406,-4.005592561659621,0.4905761660504604,3.0694052218834367,2.391758525217358
2017-03-01 00:00:00+00:00,3.3850654568178706,2.154871990581375,5.30520132568737,0.6369023782040406,-4.005592561659621,0.4905761660504604,3.0694052218834367,2.391758525217358
2017-04-01 00:00:00+00:00,3.526983705005171,0.9214473887691144,4.392493692893651,0.7520030222632368,0.7384605113660792,0.5593854931213782,2.9942978276354504,2.2207986366603816
2017-05-01 00:00:00+00:00,3.526983705005171,0.9214473887691144,4.392493692893651,0.7520030222632368,0.7384605113660792,0.5593854931213782,2.9942978276354504,2.2207986366603816
2017-06-01 00:00:00+00:00,3.526983705005171,0.9214473887691144,4.392493692893651,0.7520030222632368,0.7384605113660792,0.5593854931213782,2.9942978276354504,2.2207986366603816
2017-07-01 00:00:00+00:00,4.140582812810534,4.409964542509459,4.553331584899523,2.055667403035555,2.2591929795431565,2.445221182395474,3.77118782288286,2.811582043055383
2017-08-01 00:00:00+00:00,4.140582812810534,4.409964542509459,4.553331584899523,2.055667403035555,2.2591929795431565,2.445221182395474,3.77118782288286,2.811582043055383
2017-09-01 00:00:00+00:00,4.140582812810534,4.409964542509459,4.553331584899523,2.055667403035555,2.2591929795431565,2.445221182395474,3.77118782288286,2.811582043055383
2017-10-01 00:00:00+00:00,3.958387081811643,4.014584309338565,1.2780431672131387,2.1041612600898096,2.725875995526472,7.430838515976768,5.028204766686328,3.9245070763511913
2017-11-01 00:00:00+00:00,3.958387081811643,4.014584309338565,1.2780431672131387,2.1041612600898096,2.725875995526472,7.430838515976768,5.028204766686328,3.9245070763511913
2017-12-01 00:00:00+00:00,3.958387081811643,4.014584309338565,1.2780431672131387,2.1041612600898096,2.725875995526472,7.430838515976768,5.028204766686328,3.9245070763511913
2018-01-01 00:00:00+00:00,5.444318586222563,3.995601679292715,5.3126169337691875,1.7881983456928374,7.7342221610770645,3.9833513866420533,4.6964077074639565,10.236643602867911
2018-02-01 00:00:00+00:00,5.444318586222563,3.995601679292715,5.3126169337691875,1.7881983456928374,7.7342221610770645,3.9833513866420533,4.6964077074639565,10.236643602867911
2018-03-01 00:00:00+00:00,5.444318586222563,3.995601679292715,5.3126169337691875,1.7881983456928374,7.7342221610770645,3.9833513866420533,4.6964077074639565,10.236643602867911
2018-04-01 00:00:00+00:00,5.774258738034788,4.146566770550053,3.7692496118037377,1.592125507233888,5.188089445157806,4.978391755622957,5.128115240190434,9.699420611591103
2018-05-01 00:00:00+00:00,5.774258738034788,4.146566770550053,3.7692496118037377,1.592125507233888,5.188089445157806,4.978391755622957,5.128115240190434,9.699420611591103
2018-06-01 00:00:00+00:00,5.774258738034788,4.146566770550053,3.7692496118037377,1.592125507233888,5.188089445157806,4.978391755622957,5.128115240190434,9.699420611591103
2018-07-01 00:00:00+00:00,5.875664004569892,3.181212245759557,-0.12016739816351762,2.426801224253361,4.522895041696939,3.500675041090151,2.3696204204866733,9.217228088994233
2018-08-01 00:00:00+00:00,5.875664004569892,3.181212245759557,-0.12016739816351762,2.426801224253361,4.522895041696939,3.500675041090151,2.3696204204866733,9.217228088994233
2018-09-01 00:00:00+00:00,5.875664004569892,3.181212245759557,-0.12016739816351762,2.426801224253361,4.522895041696939,3.500675041090151,2.3696204204866733,9.217228088994233
2018-10-01 00:00:00+00:00,5.457124512965006,3.5754204727220573,-1.4553596330794782,0.030355248592939255,2.185878025864918,1.279711405472872,-0.2994819013959593,4.639011514180358
2018-11-01 00:00:00+00:00,5.457124512965006,3.5754204727220573,-1.4553596330794782,0.030355248592939255,2.185878025864918,1.279711405472872,-0.2994819013959593,4.639011514180358
2018-12-01 00:00:00+00:00,5.457124512965006,3.5754204727220573,-1.4553596330794782,0.030355248592939255,2.185878025864918,1.279711405472872,-0.2994819013959593,4.639011514180358
2019-01-01 00:00:00+00:00,3.060030114610335,3.8926352536898134,-2.8642952288571832,1.2341769240979295,-2.2396700946661796,-0.32250008918633943,-1.6175129216549955,2.8593311218648276
2019-02-01 00:00:00+00:00,3.060030114610335,3.8926352536898134,-2.8642952288571832,1.2341769240979295,-2.2396700946661796,-0.32250008918633943,-1.6175129216549955,2.8593311218648276
2019-03-01 00:00:00+00:00,3.060030114610335,3.8926352536898134,-2.8642952288571832,1.2341769240979295,-2.2396700946661796,-0.32250008918633943,-1.6175129216549955,2.8593311218648276
2019-04-01 00:00:00+00:00,2.291201768345519,3.8559592009919097,1.289471759782046,2.3510567244395375,-0.8946100479228503,-2.1350560153124754,-2.0967280139547073,4.5069290048920685
2019-05-01 00:00:00+00:00,2.291201768345519,3.8559592009919097,1.289471759782046,2.3510567244395375,-0.8946100479228503,-2.1350560153124754,-2.0967280139547073,4.5069290048920685
2019-06-01 00:00:00+00:00,2.291201768345519,3.8559592009919097,1.289471759782046,2.3510567244395375,-0.8946100479228503,-2.1350560153124754,-2.0967280139547073,4.5069290048920685
2019-07-01 00:00:00+00:00,2.6718410985089758,2.771111328225162,2.3506471902834836,1.211269953360028,-1.2610505901644364,-3.403540362543156,-0.8138883588543866,3.4695159104737527
2019-08-01 00:00:00+00:00,2.6718410985089758,2.771111328225162,2.3506471902834836,1.211269953360028,-1.2610505901644364,-3.403540362543156,-0.8138883588543866,3.4695159104737527
2019-09-01 00:00:00+00:00,2.6718410985089758,2.771111328225162,2.3506471902834836,1.211269953360028,-1.2610505901644364,-3.403540362543156,-0.8138883588543866,3.4695159104737527
2019-10-01 00:00:00+00:00,3.488739742698188,1.545915164309375,3.0998880657774786,4.577512072588852,2.3914693586330804,-2.40812045529748,1.0917174691905007,5.271025298847798
2019-11-01 00:00:00+00:00,3.488739742698188,1.545915164309375,3.0998880657774786,4.577512072588852,2.3914693586330804,-2.40812045529748,1.0917174691905007,5.271025298847798
2019-12-01 00:00:00+00:00,3.488739742698188,1.545915164309375,3.0998880657774786,4.577512072588852,2.3914693586330804,-2.40812045529748,1.0917174691905007,5.271025298847798
2020-01-01 00:00:00+00:00,3.2488718522382776,0.32820287664334646,0.6118648537074778,-1.6022508226402832,2.9533784656302187,-0.9971153089062601,5.170700426655728,4.48650326191633
2020-02-01 00:00:00+00:00,3.2488718522382776,0.32820287664334646,0.6118648537074778,-1.6022508226402832,2.9533784656302187,-0.9971153089062601,5.170700426655728,4.48650326191633
2020-03-01 00:00:00+00:00,3.2488718522382776,0.32820287664334646,0.6118648537074778,-1.6022508226402832,2.9533784656302187,-0.9971153089062601,5.170700426655728,4.48650326191633
2020-04-01 00:00:00+00:00,2.3140933847312306,-2.239815580639537,-5.862165961723509,-1.563514612993222,-0.5044832772601704,-0.9376572948868511,2.6973814487560643,-1.3912158891627113
2020-05-01 00:00:00+00:00,2.3140933847312306,-2.239815580639537,-5.862165961723509,-1.563514612993222,-0.5044832772601704,-0.9376572948868511,2.6973814487560643,-1.3912158891627113
2020-06-01 00:00:00+00:00,2.3140933847312306,-2.239815580639537,-5.862165961723509,-1.563514612993222,-0.5044832772601704,-0.9376572948868511,2.6973814487560643,-1.3912158891627113
2020-07-01 00:00:00+00:00,-5.571758405756766,-7.763674681633259,-22.103232186893074,-4.931234021365027,-13.268770695548026,-4.479003067710485,-6.226240514335335,-18.88025848769772
2020-08-01 00:00:00+00:00,-5.571758405756766,-7.763674681633259,-22.103232186893074,-4.931234021365027,-13.268770695548026,-4.479003067710485,-6.226240514335335,-18.88025848769772
2020-09-01 00:00:00+00:00,-5.571758405756766,-7.763674681633259,-22.103232186893074,-4.931234021365027,-13.268770695548026,-4.479003067710485,-6.226240514335335,-18.88025848769772
2020-10-01 00:00:00+00:00,-1.7127345622772738,-4.087043727069705,-9.397609887888125,-6.686544766954783,-2.3776099630466674,-4.366705135603199,2.1417866461577173,2.5609235390188667
2020-11-01 00:00:00+00:00,-1.7127345622772738,-4.087043727069705,-9.397609887888125,-6.686544766954783,-2.3776099630466674,-4.366705135603199,2.1417866461577173,2.5609235390188667
2020-12-01 00:00:00+00:00,-1.7127345622772738,-4.087043727069705,-9.397609887888125,-6.686544766954783,-2.3776099630466674,-4.366705135603199,2.1417866461577173,2.5609235390188667
2021-01-01 00:00:00+00:00,1.8479309447993142,-0.91618717916081,-2.1053675229062985,-0.8407191426853422,0.9887395740770577,0.436700166293269,-1.0681679019722279,1.7223971112792613
2021-02-01 00:00:00+00:00,1.8479309447993142,-0.91618717916081,-2.1053675229062985,-0.8407191426853422,0.9887395740770577,0.436700166293269,-1.0681679019722279,1.7223971112792613
2021-03-01 00:00:00+00:00,1.8479309447993142,-0.91618717916081,-2.1053675229062985,-0.8407191426853422,0.9887395740770577,0.436700166293269,-1.0681679019722279,1.7223971112792613
2021-04-01 00:00:00+00:00,3.398727996239881,-1.1355498578262346,-1.3890430329835168,-0.38061180789663585,6.1474962856412185,5.969542557669061,-0.42599100957234626,10.170640054210933
2021-05-01 00:00:00+00:00,3.398727996239881,-1.1355498578262346,-1.3890430329835168,-0.38061180789663585,6.1474962856412185,5.969542557669061,-0.42599100957234626,10.170640054210933
2021-06-01 00:00:00+00:00,3.398727996239881,-1.1355498578262346,-1.3890430329835168,-0.38061180789663585,6.1474962856412185,5.969542557669061,-0.42599100957234626,10.170640054210933
2021-07-01 00:00:00+00:00,11.397324146855814,6.8470135763610385,26.361252190390204,2.940787419551172,23.931522716524768,14.710153278783334,11.29217100799016,29.790708030280943
2021-08-01 00:00:00+00:00,11.397324146855814,6.8470135763610385,26.361252190390204,2.940787419551172,23.931522716524768,14.710153278783334,11.29217100799016,29.790708030280943
2021-09-01 00:00:00+00:00,11.397324146855814,6.8470135763610385,26.361252190390204,2.940787419551172,23.931522716524768,14.710153278783334,11.29217100799016,29.790708030280943
2021-10-01 00:00:00+00:00,5.424774622319961,-0.44018504516314394,9.294797283523915,2.0644808780023505,4.193031740872222,13.424494290498279,1.4538023725302995,-1.7978848413637616
2021-11-01 00:00:00+00:00,5.424774622319961,-0.44018504516314394,9.294797283523915,2.0644808780023505,4.193031740872222,13.424494290498279,1.4538023725302995,-1.7978848413637616
2021-12-01 00:00:00+00:00,5.424774622319961,-0.44018504516314394,9.294797283523915,2.0644808780023505,4.193031740872222,13.424494290498279,1.4538023725302995,-1.7978848413637616
2022-01-01 00:00:00+00:00,2.5069954354212776,-2.550853762326122,5.872919400447629,0.32447814428744337,3.094189197549291,8.636998430684105,2.67333238275842,7.794710106848868
2022-02-01 00:00:00+00:00,2.5069954354212776,-2.550853762326122,5.872919400447629,0.32447814428744337,3.094189197549291,8.636998430684105,2.67333238275842,7.794710106848868
2022-03-01 00:00:00+00:00,2.5069954354212776,-2.550853762326122,5.872919400447629,0.32447814428744337,3.094189197549291,8.636998430684105,2.67333238275842,7.794710106848868
2022-04-01 00:00:00+00:00,2.5479829579578173,1.2963280112084474,12.433335630203612,-1.8531411334380965,2.6419616924473033,4.292759778067312,1.4221883236609445,3.410870051442094
2022-05-01 00:00:00+00:00,2.5479829579578173,1.2963280112084474,12.433335630203612,-1.8531411334380965,2.6419616924473033,4.292759778067312,1.4221883236609445,3.410870051442094
2022-06-01 00:00:00+00:00,2.5479829579578173,1.2963280112084474,12.433335630203612,-1.8531411334380965,2.6419616924473033,4.292759778067312,1.4221883236609445,3.410870051442094
2022-07-01 00:00:00+00:00,1.9523097294509073,-1.6576968354641064,6.60281012590096,-1.0186603282774764,-1.1803234389081707,2.22101660404197,0.7637679974589195,2.2701280878315577
2022-08-01 00:00:00+00:00,1.9523097294509073,-1.6576968354641064,6.60281012590096,-1.0186603282774764,-1.1803234389081707,2.22101660404197,0.7637679974589195,2.2701280878315577
2022-09-01 00:00:00+00:00,1.9523097294509073,-1.6576968354641064,6.60281012590096,-1.0186603282774764,-1.1803234389081707,2.22101660404197,0.7637679974589195,2.2701280878315577
2022-10-01 00:00:00+00:00,1.7971380981395724,2.127370991079114,6.215840284692864,1.5545318758024562,0.5520535310005625,1.6211723243675813,2.029168959330052,12.92329783415125
2022-11-01 00:00:00+00:00,1.7971380981395724,2.127370991079114,6.215840284692864,1.5545318758024562,0.5520535310005625,1.6211723243675813,2.029168959330052,12.92329783415125
2022-12-01 00:00:00+00:00,1.7971380981395724,2.127370991079114,6.215840284692864,1.5545318758024562,0.5520535310005625,1.6211723243675813,2.029168959330052,12.92329783415125
2023-01-01 00:00:00+00:00,1.3838750356244711,0.09533995113057969,2.3550233631994377,2.0003779302024904,-1.9730174867428785,0.9197413061919013,-0.1641353851232874,0.3412414689625498
2023-02-01 00:00:00+00:00,1.3838750356244711,0.09533995113057969,2.3550233631994377,2.0003779302024904,-1.9730174867428785,0.9197413061919013,-0.1641353851232874,0.3412414689625498
2023-03-01 00:00:00+00:00,1.3838750356244711,0.09533995113057969,2.3550233631994377,2.0003779302024904,-1.9730174867428785,0.9197413061919013,-0.1641353851232874,0.3412414689625498
2023-04-01 00:00:00+00:00,1.1541860424709727,-1.6256425152634146,1.808031423893186,4.688759417819854,-4.456240114589194,2.288893121498692,4.202887454315629,0.14599329512337
2023-05-01 00:00:00+00:00,1.1541860424709727,-1.6256425152634146,1.808031423893186,4.688759417819854,-4.456240114589194,2.288893121498692,4.202887454315629,0.14599329512337
2023-06-01 00:00:00+00:00,1.1541860424709727,-1.6256425152634146,1.808031423893186,4.688759417819854,-4.456240114589194,2.288893121498692,4.202887454315629,0.14599329512337
2023-07-01 00:00:00+00:00,3.183181570826754,-0.7508578141776745,0.3530729696188395,2.7293365623813903,-0.3181332199346021,5.099694005254696,1.6133903511806436,4.629577858541056
2023-08-01 00:00:00+00:00,3.183181570826754,-0.7508578141776745,0.3530729696188395,2.7293365623813903,-0.3181332199346021,5.099694005254696,1.6133903511806436,4.629577858541056
2023-09-01 00:00:00+00:00,3.183181570826754,-0.7508578141776745,0.3530729696188395,2.7293365623813903,-0.3181332199346021,5.099694005254696,1.6133903511806436,4.629577858541056
2023-10-01 00:00:00+00:00,4.759159316148609,-1.548720023076433,-1.2340448476499621,0.7779609405550669,0.7123028910498874,5.798211002270515,0.8509422534761946,-3.708805764543255
2023-11-01 00:00:00+00:00,4.759159316148609,-1.548720023076433,-1.2340448476499621,0.7779609405550669,0.7123028910498874,5.798211002270515,0.8509422534761946,-3.708805764543255
2023-12-01 00:00:00+00:00,4.759159316148609,-1.548720023076433,-1.2340448476499621,0.7779609405550669,0.7123028910498874,5.798211002270515,0.8509422534761946,-3.708805764543255
2024-01-01 00:00:00+00:00,6.070977982187342,-1.9306949058077616,1.0772034732939417,1.65062711869981,0.1870992970948615,5.94221930400467,1.3951274058260354,-1.883940620782698
2024-02-01 00:00:00+00:00,6.070977982187342,-1.9306949058077616,1.0772034732939417,1.65062711869981,0.1870992970948615,5.94221930400467,1.3951274058260354,-1.883940620782698
2024-03-01 00:00:00+00:00,6.070977982187342,-1.9306949058077616,1.0772034732939417,1.65062711869981,0.1870992970948615,5.94221930400467,1.3951274058260354,-1.883940620782698
2024-04-01 00:00:00+00:00,5.507036365426199,-1.1552393330136357,-0.6050842238293663,-1.2592674672889825,0.16818166461998185,3.1982381117487524,-1.0398332972139102,-3.0343933912858834
2024-05-01 00:00:00+00:00,5.507036365426199,-1.1552393330136357,-0.6050842238293663,-1.2592674672889825,0.16818166461998185,3.1982381117487524,-1.0398332972139102,-3.0343933912858834
2024-06-01 00:00:00+00:00,5.507036365426199,-1.1552393330136357,-0.6050842238293663,-1.2592674672889825,0.16818166461998185,3.1982381117487524,-1.0398332972139102,-3.0343933912858834
2024-07-01 00:00:00+00:00,3.606978063791577,-2.9459448780801423,1.2749053054662784,0.17044157003718308,-0.49774237222519613,0.9438902743138078,0.21703533270147624,-5.130123443595624
2024-08-01 00:00:00+00:00,3.606978063791577,-2.9459448780801423,1.2749053054662784,0.17044157003718308,-0.49774237222519613,0.9438902743138078,0.21703533270147624,-5.130123443595624
2024-09-01 00:00:00+00:00,3.606978063791577,-2.9459448780801423,1.2749053054662784,0.17044157003718308,-0.49774237222519613,0.9438902743138078,0.21703533270147624,-5.130123443595624
2024-10-01 00:00:00+00:00,3.2857012511574135,-2.9752198671689545,3.784268607588781,1.9239474729350503,-0.450199542181684,1.445412038297178,-0.0930583282720776,-5.628920435787677
2024-11-01 00:00:00+00:00,3.2857012511574135,-2.9752198671689545,3.784268607588781,1.9239474729350503,-0.450199542181684,1.445412038297178,-0.0930583282720776,-5.628920435787677
2024-12-01 00:00:00+00:00,3.2857012511574135,-2.9752198671689545,3.784268607588781,1.9239474729350503,-0.450199542181684,1.445412038297178,-0.0930583282720776,-5.628920435787677
2025-01-01 00:00:00+00:00,1.575170280189031,-0.7977525150256626,2.710929252298211,0.44488412037975156,3.544361370193827,1.7998140687951247,1.0229726703510744,-5.556778169013754
2025-02-01 00:00:00+00:00,1.575170280189031,-0.7977525150256626,2.710929252298211,0.44488412037975156,3.544361370193827,1.7998140687951247,1.0229726703510744,-5.556778169013754
2025-03-01 00:00:00+00:00,1.575170280189031,-0.7977525150256626,2.710929252298211,0.44488412037975156,3.544361370193827,1.7998140687951247,1.0229726703510744,-5.556778169013754
2025-04-01 00:00:00+00:00,2.459166499067744,-1.1687134911574026,4.071895474571674,1.868360223514287,2.2235519915063895,2.5254630637806974,3.4500491289417345,-3.3186703045828936
2025-05-01 00:00:00+00:00,2.459166499067744,-1.1687134911574026,4.071895474571674,1.868360223514287,2.2235519915063895,2.5254630637806974,3.4500491289417345,-3.3186703045828936
2025-06-01 00:00:00+00:00,2.459166499067744,-1.1687134911574026,4.071895474571674,1.868360223514287,2.2235519915063895,2.5254630637806974,3.4500491289417345,-3.3186703045828936
2025-07-01 00:00:00+00:00,2.980328564088164,-0.7433449812002335,4.086721196824561,2.282028934090996,1.2724669640036268,1.1333176871672457,2.867944498951691,-3.588125950543708
2025-08-01 00:00:00+00:00,2.980328564088164,-0.7433449812002335,4.086721196824561,2.282028934090996,1.2724669640036268,1.1333176871672457,2.867944498951691,-3.588125950543708
2025-09-01 00:00:00+00:00,2.980328564088164,-0.7433449812002335,4.086721196824561,2.282028934090996,1.2724669640036268,1.1333176871672457,2.867944498951691,-3.588125950543708
2025-10-01 00:00:00+00:00,2.4782046483504683,-0.2072015552069595,4.14227419270039,-0.37451024121771814,2.2732909835364357,2.984983630144966,3.7194669886157827,1.6500495597920217
2025-11-01 00:00:00+00:00,2.4782046483504683,-0.2072015552069595,4.14227419270039,-0.37451024121771814,2.2732909835364357,2.984983630144966,3.7194669886157827,1.6500495597920217
2025-12-01 00:00:00+00:00,2.4782046483504683,-0.2072015552069595,4.14227419270039,-0.37451024121771814,2.2732909835364357,2.984983630144966,3.7194669886157827,1.6500495597920217
2026-01-01 00:00:00+00:00,3.066004529443167,0.515451968309244,3.863784708415463,1.610010600132994,0.5159234326665763,3.8336965918642107,3.8861262552065456,0.21554235115870402
2026-02-01 00:00:00+00:00,3.066004529443167,0.515451968309244,3.863784708415463,1.610010600132994,0.5159234326665763,3.8336965918642107,3.8861262552065456,0.21554235115870402
2026-03-01 00:00:00+00:00,3.066004529443167,0.515451968309244,3.863784708415463,1.610010600132994,0.5159234326665763,3.8336965918642107,3.8861262552065456,0.21554235115870402
2026-04-01 00:00:00+00:00,2.9249672156552498,-1.0899737560951528,1.6108040127526202,0.7374611658441221,-0.08790159525731145,6.687623648213248,0.6031281531925003,1.0136497149111579
2026-05-01 00:00:00+00:00,2.9249672156552498,-1.0899737560951528,1.6108040127526202,0.7374611658441221,-0.08790159525731145,6.687623648213248,0.6031281531925003,
2026-06-01 00:00:00+00:00,2.9249672156552498,-1.0899737560951528,1.6108040127526202,0.7374611658441221,-0.08790159525731145,6.687623648213248,0.6031281531925003,
2026-07-01 00:00:00+00:00,3.2990078978597293,-0.1456322883585104,2.744588238731671,-1.1789499519153979,0.829725157147565,7.042485755638039,1.5959289670557375,
