observation_date,USD,EUR,GBP,JPY,CAD,AUD
1951-03-01 00:00:00+00:00,7.2762105614564,5.247024072160486,6.365198165977919,6.393590753950631,7.142835306268715,7.247080584585756
1952-03-01 00:00:00+00:00,7.262348056716545,6.056784013228625,5.313575379632081,6.9411900550683745,6.969800068353664,6.92951677076365
1953-03-01 00:00:00+00:00,7.28749223851757,6.709304340258298,6.160088555777525,6.98933526597456,6.964995356154212,6.824373670043086
1954-03-01 00:00:00+00:00,7.220446986937946,7.278221682037771,6.0078790942483895,6.773149023184823,6.827206609998428,7.126087273299125
1955-03-01 00:00:00+00:00,7.07766681569941,7.5763535866206695,6.207935894238866,6.812411098599799,6.871412819679306,6.902742737158593
1956-03-01 00:00:00+00:00,6.951006320976452,7.6475474673651265,5.940329140909119,6.9598732332442435,6.756362459426542,6.5502800148726354
1957-03-01 00:00:00+00:00,7.382497662575046,7.903784672312462,6.220669693325358,7.128896827625674,6.846315950382239,6.74927524099365
1957-04-01 00:00:00+00:00,7.190826738876234,7.904523085717203,5.744508464618086,7.079605535908796,6.8401400295665695,6.797326385212749
1957-05-01 00:00:00+00:00,7.285986214136533,7.9074712988414,5.938525161854883,7.015263486697422,6.834130267107399,6.861135258346911
1957-06-01 00:00:00+00:00,7.36997872090891,7.902676028845781,6.068900012760149,6.9474566458336895,6.834130267107399,6.933861526066616
1957-07-01 00:00:00+00:00,7.480428306074208,7.922445957864515,6.054415871852064,6.8911176378291135,6.808178008080038,7.007102752482836
1957-08-01 00:00:00+00:00,7.336611339880877,7.93433794704742,6.081647971201598,6.805168690207036,6.83981899197031,7.046168486135763
1957-09-01 00:00:00+00:00,7.408106234454107,7.940409372585696,6.171721474052287,6.698884386954646,6.85764023755029,7.057424503500842
1957-10-01 00:00:00+00:00,7.472045837417078,7.901936249784038,6.174983303671385,6.621405651764134,6.884507122662327,7.055701033730444
1957-11-01 00:00:00+00:00,7.499146550587695,7.970571118341214,5.848387741684927,6.612041034833092,6.857219592274243,7.0496453899817535
1957-12-01 00:00:00+00:00,7.548608664820948,8.006537553201884,5.3136738499455385,6.594413459749778,6.799635404236709,7.0617202272766475
1958-01-01 00:00:00+00:00,7.569927655242652,7.923894965728959,6.314399133303386,6.621405651764134,6.832298705566693,7.077877728319094
1958-02-01 00:00:00+00:00,7.58294213416509,7.91077768206524,6.430251594529721,6.642486801367256,6.800971528784123,7.092947710867775
1958-03-01 00:00:00+00:00,7.5883236773352225,7.884015359204425,6.578083864279786,6.690842277418564,6.728413278897174,7.092947710867775
1958-04-01 00:00:00+00:00,7.59155894453893,7.873791908643008,6.70291200152504,6.688354713946762,6.760090188843833,7.07618918049082
1958-05-01 00:00:00+00:00,7.597747487848781,7.867300883527047,6.59281848121851,6.734591659972948,6.788994265261064,7.058285125783835
1958-06-01 00:00:00+00:00,7.621587050734915,7.905998278773986,6.422410574922346,6.802394763324311,6.786852381614475,7.0409303581345535
1958-07-01 00:00:00+00:00,7.627593074795127,7.919905130874456,6.018751352881239,6.6240652277998935,6.789332038438331,6.974899776611467
1958-08-01 00:00:00+00:00,7.6153476239735785,7.971261842973322,6.026747227956561,6.666956792429207,6.831111787421805,6.984206931142468
1958-09-01 00:00:00+00:00,7.64223632303506,7.948565417244604,5.9697683782327395,6.692083742506628,6.857429937030072,6.945484495792144
1958-10-01 00:00:00+00:00,7.643147441135828,7.9771138188751625,6.004602860286701,6.725033642166843,6.864973031086696,6.875696855288249
1958-11-01 00:00:00+00:00,7.649454500124248,8.005704014214018,5.917293111444033,6.785587645007929,6.858375941284063,6.839958120916312
1958-12-01 00:00:00+00:00,7.616431261159709,8.015330612617188,6.010335367896505,6.7661917146603505,6.821892333201961,6.816133289434824
1959-01-01 00:00:00+00:00,7.617218624027019,8.02519259306638,5.888199057615034,6.818924065275521,6.856693536731689,6.816133289434824
1959-02-01 00:00:00+00:00,7.581668670426783,8.049430249953618,5.963784978041334,6.8911176378291135,6.864649428447032,6.837815530777456
1959-03-01 00:00:00+00:00,7.579525593782497,8.083331695201366,5.563715485818901,6.916219357394266,6.875449005896792,6.850602747477828
1959-04-01 00:00:00+00:00,7.58573805902231,7.5714787981686,5.752874180708421,6.754021179040095,6.837987107027434,6.839958120916312
1959-05-01 00:00:00+00:00,7.581362797667465,7.532628972093517,5.844022563615843,6.831414045725414,6.8140048820837364,6.839958120916312
1959-06-01 00:00:00+00:00,7.491422358923261,7.3550083149467085,5.935700748616402,6.821652579928726,6.8282899046196475,6.857987136748016
1959-07-01 00:00:00+00:00,7.4952085549830185,7.261232114419173,6.000362344082247,6.849596364808605,6.853415242723458,6.908205177762502
1959-08-01 00:00:00+00:00,7.488237553884615,7.334988402007746,5.905988354798011,6.890100343743416,6.856577767365187,6.9435566914455205
1959-09-01 00:00:00+00:00,7.477377973256585,7.358200126199019,5.8992258953709005,6.901234061991872,6.874105419767182,6.930035227339852
1959-10-01 00:00:00+00:00,7.468284934927243,7.346016661505384,5.948504852708559,6.9280479822498995,6.869440555296428,6.907285168497517
1959-11-01 00:00:00+00:00,7.484031507810667,7.302503162249097,6.016986084376077,6.908255154023788,6.885519894931418,6.891148140668422
1959-12-01 00:00:00+00:00,7.642524134232902,7.386718649599344,6.065725186345366,6.993932975223189,6.914542195671111,6.938808110237385
1960-01-01 00:00:00+00:00,7.648167652009197,7.445067027983955,5.581125078853746,7.030857476116121,6.981758245622973,6.95705959666628
1960-02-01 00:00:00+00:00,7.60772910488436,7.55924678427325,5.553986189848686,7.067319848653476,6.977010782644906,6.985216195159916
1960-03-01 00:00:00+00:00,7.59965167764043,7.675267541497389,5.655694564131747,7.091742115095153,6.982129644221499,6.999002671376696
1960-04-01 00:00:00+00:00,7.592920689800424,7.634047058134384,5.720213411424798,7.097548850614793,6.984540378715558,6.977784946143988
1960-05-01 00:00:00+00:00,7.5625253904210785,7.666175086158279,5.920773806777136,7.091742115095153,6.980271270320873,6.980578140019898
1960-06-01 00:00:00+00:00,7.543114435774688,7.731228721217657,6.2476462777366075,7.124478262493424,6.979992216126738,6.989832838017591
1960-07-01 00:00:00+00:00,7.536363938404511,7.828794717878496,6.020428512607089,7.143617602704121,6.971584173394211,6.973112215126765
1960-08-01 00:00:00+00:00,7.517140343436752,7.884915308619479,6.142048158561371,7.170119543449628,6.894376176604508,6.999924166453514
1960-09-01 00:00:00+00:00,7.499312603780449,8.023683445415479,6.275185660634964,7.194436851100335,6.938972898799493,6.952288777342945
1960-10-01 00:00:00+00:00,7.501855305940849,8.0972436891071,6.385590610892221,7.233455418621439,6.988606890174221,6.884015712099396
1960-11-01 00:00:00+00:00,7.472159583649357,8.148850442609824,6.555442237066948,7.277247726631484,7.0046187971860085,6.781670378006369
1960-12-01 00:00:00+00:00,7.4413203897176174,8.225342442092236,6.667643579859239,7.336936913707618,6.993859578034269,6.731662284359204
1961-01-01 00:00:00+00:00,7.393386164113572,8.280052130458174,6.787523623367826,7.374629015218945,7.02617810992586,6.7038504705209565
1961-02-01 00:00:00+00:00,7.384113673865881,8.280559049919528,6.675804306477647,7.401231264413015,7.024310895000472,6.673980414999266
1961-03-01 00:00:00+00:00,7.349102198978068,8.30934457397695,6.8222191774235705,7.43955930913332,7.014382991406891,6.610090208476954
1961-04-01 00:00:00+00:00,7.362772165919549,8.287251585601028,6.7905077255082755,7.47477218239787,7.063749971857508,6.735257312336819
1961-05-01 00:00:00+00:00,7.356279876550748,8.295835544425135,6.664230433635107,7.503840746698951,7.087339760066206,6.5992716805009115
1961-06-01 00:00:00+00:00,7.349359433706175,8.337863155558237,6.802039145118096,7.536363938404511,7.107785769556865,6.640607592169872
1961-07-01 00:00:00+00:00,7.4559344892894766,8.240590844814232,6.739697509623879,7.556427969440253,7.113744533076276,6.625392368007956
1961-08-01 00:00:00+00:00,7.465025460990729,8.21629888722565,6.6738414364293135,7.519692404116539,7.118372704930939,6.917705609835305
1961-09-01 00:00:00+00:00,7.441261736971185,8.233975804075248,6.7676997941563135,7.489970898834801,7.1415934385618,6.9584483932976555
1961-10-01 00:00:00+00:00,7.405252472536795,8.201599865435536,6.660299824548967,7.44716835960004,7.117481215355002,7.009408932708637
1961-11-01 00:00:00+00:00,7.655153874373998,8.148960282215205,7.254573807668523,7.38025578842646,7.117805485345035,7.003065458786462
1961-12-01 00:00:00+00:00,7.63235267581533,8.157164057036344,7.348053282718362,7.325148957955575,7.1177244277049025,7.007600613951853
1962-01-01 00:00:00+00:00,7.518009861452517,8.08895472776505,7.342775953090752,7.246368080102461,7.254559668885446,7.014814351275545
1962-02-01 00:00:00+00:00,7.499367948717786,8.053658195378265,7.164670106831988,7.233455418621439,7.2249281902009495,7.029087564149662
1962-03-01 00:00:00+00:00,7.498814361458297,8.16088389490605,6.95774472374189,7.229113877793302,7.204773632410905,7.05444965813294
1962-04-01 00:00:00+00:00,7.4970962908164935,7.934613745386856,7.032937539414227,7.246368080102461,7.096423320834956,7.042286171939743
1962-05-01 00:00:00+00:00,7.448333860897476,7.929587310171768,6.9946299799796625,7.249215057114389,6.927891184068437,7.063903961472068
1962-06-01 00:00:00+00:00,7.4299361867862626,7.998681438223986,6.953058418174377,7.282073658093465,6.8770279943308426,6.98616896821764
1962-07-01 00:00:00+00:00,7.4226127638614985,7.967640599251627,6.829885625199379,7.280008252884188,6.731065832039811,7.009020420029653
1962-08-01 00:00:00+00:00,7.418480897747794,7.977638820817375,6.7943513908649456,7.298445101508147,6.64005882361883,7.034890006497132
1962-09-01 00:00:00+00:00,7.582382009904704,8.057073356156677,6.7028015354809645,7.323170717943469,7.058930106779255,7.025698301839886
1962-10-01 00:00:00+00:00,7.379320188794825,8.02846820608985,6.75902902755873,7.3310603052186325,7.290565696525495,7.050278622568416
1962-11-01 00:00:00+00:00,7.312953684861757,8.043676197526603,6.711977593820261,7.338888133838879,7.419860084246508,7.029246984568212
1962-12-01 00:00:00+00:00,7.33191128553379,8.111739083247574,6.6476364922090845,7.385230923066573,7.483356895687039,7.017667420257951
1963-01-01 00:00:00+00:00,7.25113219477688,8.129449133861128,6.728485062728613,7.4360278163518485,7.571164641278126,7.037185774410354
1963-02-01 00:00:00+00:00,7.148502964244704,8.106644182154593,6.679467268246654,7.428927194802272,7.563096744806184,7.030132191056156
1963-03-01 00:00:00+00:00,7.0591020314766615,8.095119928248037,6.589112155642278,7.457037862777768,7.524021415206125,7.063202261103551
1963-04-01 00:00:00+00:00,7.093321565940981,8.039067063813263,6.572548242382929,7.4815557019095165,7.585636525871649,7.064057927377478
1963-05-01 00:00:00+00:00,7.1093074040528705,8.035479668193695,6.563509910421658,7.465655310134056,7.5443321080536885,7.081019272953591
1963-06-01 00:00:00+00:00,7.124880757970784,8.074530761716721,6.766911502230836,7.469654172932128,7.544279196600992,7.06576706655851
1963-07-01 00:00:00+00:00,7.111430547100949,8.0767079752469,6.796678456898229,7.478169694159785,7.578094320216074,7.126890808898808
1963-08-01 00:00:00+00:00,7.13854948922687,8.14688864210158,6.85027975658516,7.487173694213739,7.594733470396553,7.1308988302963465
1963-09-01 00:00:00+00:00,7.118583304573698,8.148914035430794,6.63478446406625,7.491645473605133,7.580444617639686,7.148345743900068
1963-10-01 00:00:00+00:00,7.037115484287844,8.166372506386383,6.659620789986488,7.480992162869525,7.473466736232399,7.15305163493748
1963-11-01 00:00:00+00:00,7.039572703602324,8.181174851768207,6.662653654710867,7.495541943884256,7.45298232946546,7.173958319756794
1963-12-01 00:00:00+00:00,7.093404625868766,8.20263312015621,6.577812678518292,7.493873886783559,7.503950933465632,7.21081845347222
1964-01-01 00:00:00+00:00,7.176101615127176,8.194798203739616,6.6413192367238985,7.502738210754851,7.505492274737424,7.273786317844895
1964-02-01 00:00:00+00:00,7.096804156525518,8.234448244610938,6.622862646429729,7.496652438168283,7.523427286262671,7.3427791893318455
1964-03-01 00:00:00+00:00,7.1284959456800365,8.244612516699595,6.497355516225837,7.478175347055057,7.493372926599416,7.3987862754199485
1964-04-01 00:00:00+00:00,7.201096309285597,8.22149507616938,6.567319197403837,7.465082736399547,7.475225851454081,7.415175109613295
1964-05-01 00:00:00+00:00,7.13289683295902,8.276219116929564,6.485138926330801,7.433666540166168,7.445388350667718,7.441906728051625
1964-06-01 00:00:00+00:00,7.203405521083095,8.244415494880762,6.539108963992591,7.442492722794441,7.404735495926075,7.433666540166168
1964-07-01 00:00:00+00:00,7.066381642264557,8.173964581823586,6.623460796170816,7.429520842786462,7.394523838154337,7.446596767701083
1964-08-01 00:00:00+00:00,7.058328137461511,8.155005939729318,6.686884144403409,7.402451520818244,7.401383877919606,7.484941512872876
1964-09-01 00:00:00+00:00,6.875438677505594,8.2366376647063,6.628286055908086,7.4067107301776405,7.405951486347986,7.470235531846428
1964-10-01 00:00:00+00:00,6.906354298066509,8.19514601158757,6.653830303981535,7.393281556131887,7.394585297191907,7.460501813238989
1964-11-01 00:00:00+00:00,6.940609615853084,8.182089617748433,6.626565420437249,7.400669446060975,7.4112843475154895,7.441918451312333
1964-12-01 00:00:00+00:00,6.777646593635117,8.190950454597708,6.589428415509524,7.407972835633882,7.457638141001654,7.443675385797261
1965-01-01 00:00:00+00:00,6.658652688497831,8.170892816476044,6.455316481709334,7.387758742806206,7.517085973448972,7.455310052996377
1965-02-01 00:00:00+00:00,7.278766959020922,8.137980454452139,6.385076349036343,7.3988352338297885,7.545125444073084,7.456466109124483
1965-03-01 00:00:00+00:00,7.091242822416061,8.197954402220235,5.18279427538005,7.447215005742413,7.530372693351555,7.426560977088348
1965-04-01 00:00:00+00:00,7.034299820307093,8.079506499006989,4.76482000365061,7.4634089423439685,7.521534524158509,7.394493107219038
1965-05-01 00:00:00+00:00,6.909653476265217,8.108328310624714,5.376481387589527,7.476562977286453,7.516542110924009,7.382124365737512
1965-06-01 00:00:00+00:00,7.082464602773951,8.160023839563767,5.384059188064548,7.478548367507685,7.4847618244072684,7.319546998479458
1965-07-01 00:00:00+00:00,7.014185222597984,8.148668313520268,5.483821354098084,7.458860670289901,7.488293515159428,7.293031285122406
1965-08-01 00:00:00+00:00,6.964135612418245,8.060899943877073,6.479484589244217,7.4565527594816805,7.474488534686424,7.266841313903507
1965-09-01 00:00:00+00:00,7.281936097050535,8.031105707659513,6.339891822368841,7.437306479645472,7.459684457626545,7.252776582258823
1965-10-01 00:00:00+00:00,7.198632242330437,7.999010571196678,6.221563851019181,7.419476501579741,7.469540141345255,7.204907368935292
1965-11-01 00:00:00+00:00,7.424403916050917,7.970467468484157,5.830987648937278,7.427613981370893,7.530104388233367,7.175505015725966
1965-12-01 00:00:00+00:00,7.337717858690689,7.9984059579795534,6.421557225066244,7.430878970558388,7.560705269790669,7.160084747490922
1966-01-01 00:00:00+00:00,7.274756720638173,8.005774058225034,6.597186628764824,7.447920263438408,7.562785137428954,7.162413001111503
1966-02-01 00:00:00+00:00,7.251274058871315,8.01473909509317,6.560606247718883,7.497368053308842,7.5625253904210785,7.20044728075405
1966-03-01 00:00:00+00:00,7.233455418621439,8.01308495539777,6.605879619138472,7.508946149224581,7.542266484057125,7.183134480527123
1966-04-01 00:00:00+00:00,7.05142262879455,7.962321631811513,6.756513696975152,7.495147421626139,7.541523936022582,7.180092722480465
1966-05-01 00:00:00+00:00,7.0482126316773925,7.945813984977139,7.325810794239862,7.510041865631344,7.535323397229264,7.1997007502198755
1966-06-01 00:00:00+00:00,7.160768263898625,7.926505121506402,7.337164752343914,7.510178745803916,7.51060021905071,7.201193254396096
1966-07-01 00:00:00+00:00,7.129217417513809,7.930465165957591,7.299800745141373,7.503576248912578,7.487823343090182,7.245683597858014
1966-08-01 00:00:00+00:00,7.1872791637324545,7.96444774851879,7.277344473862584,7.502473421150709,7.5054207650299505,7.297118105064214
1966-09-01 00:00:00+00:00,7.264590210122234,8.039992525521832,7.119655864362921,7.506877453548002,7.481031620941101,7.3052150967521605
1966-10-01 00:00:00+00:00,7.458877959512665,8.1189787336971,6.876166567885022,7.478463602349505,7.489283511800467,7.307229142037345
1966-11-01 00:00:00+00:00,7.435791939478482,8.118150415909438,6.928479050537392,7.483857276605417,7.466719426074348,7.290320167203968
1966-12-01 00:00:00+00:00,7.326465613840322,8.12507462071547,7.107298520938323,7.473120223088414,7.443786554443136,7.234206039362266
1967-01-01 00:00:00+00:00,7.357938780778566,8.175021141678782,7.138541550179477,7.458814564234439,7.425101596738257,7.235647959095311
1967-02-01 00:00:00+00:00,7.28145448432665,8.185946477936438,7.166466726194414,7.473120223088414,7.425518779923482,7.22623810058663
1967-03-01 00:00:00+00:00,7.406528564223954,8.226075891989536,7.054181919371492,7.490026763196146,7.4123233651333225,7.20343528254498
1967-04-01 00:00:00+00:00,6.90153597916822,8.152690547961937,7.0875611741641675,7.47765514687935,7.4191227559191795,7.147590741976698
1967-05-01 00:00:00+00:00,6.729226520426879,8.204535132894279,7.090605862496443,7.4765233424927615,7.383970824264529,7.1436491977816114
1967-06-01 00:00:00+00:00,6.508172834032128,8.223412560502586,7.366429345431306,7.49131636200823,7.3808603438006415,7.088659164688471
1967-07-01 00:00:00+00:00,6.509811812272819,8.21196881521124,7.4908085367537165,7.49965016026211,7.394849528020579,7.091991667980864
1967-08-01 00:00:00+00:00,6.590987625635259,8.172816597509795,7.124176284548084,7.4985374528640545,7.3823608032475585,7.1135491919612335
1967-09-01 00:00:00+00:00,7.0078720703169095,8.161106645765846,7.025773842469086,7.478395785049286,7.360669970543126,7.125645053347799
1967-10-01 00:00:00+00:00,6.991728712758316,8.178262735849081,7.001787369665322,7.455888248118642,7.3621502240447185,7.073057830606497
1967-11-01 00:00:00+00:00,7.332892286887765,8.192473620861893,6.813290741538662,7.42358038448639,7.364401341834657,7.083010259569373
1967-12-01 00:00:00+00:00,7.359849487684305,8.224538777337898,6.803655079920042,7.445429238876441,7.371407530865374,7.0788894901355155
1968-01-01 00:00:00+00:00,7.543114435774688,8.239699045351946,6.93522452098686,7.4278696286503845,7.418408887954431,7.103856459184463
1968-02-01 00:00:00+00:00,7.813025507572827,8.274744489044021,7.533396874356641,7.409517958051376,7.3863345322281795,7.069329762631303
1968-03-01 00:00:00+00:00,7.92486824407111,8.275052838041464,7.247771229226715,7.433447840130127,7.439553433675401,7.032941951071096
1968-04-01 00:00:00+00:00,7.869783902530146,8.235448126671038,7.25650893217286,7.413144150356987,7.373242474478143,7.062380132085762
1968-05-01 00:00:00+00:00,7.968942574559511,8.32118317365849,7.2042347902396,7.430369147562629,7.295456879375954,7.065801219563977
1968-06-01 00:00:00+00:00,8.078223004750674,8.426920502124236,7.113874739303246,7.40691107440612,7.158272723088845,7.055942498387229
1968-07-01 00:00:00+00:00,8.099463175888001,8.424099353710249,7.1354444831566175,7.3637867506609895,7.300195935967548,7.049020438785724
1968-08-01 00:00:00+00:00,8.263667749215942,8.398830737929758,7.1184982600695275,7.37938258934397,7.508123573309285,7.088600746892725
1968-09-01 00:00:00+00:00,8.126104249252581,8.427673215977544,7.097892050619483,7.406164132733039,7.486955182946933,7.0670896431300845
1968-10-01 00:00:00+00:00,8.213327535023666,8.41311185725679,7.130198585194442,7.462817859641178,7.451770000688908,7.055338727387846
1968-11-01 00:00:00+00:00,8.228443883004033,8.413362615913995,7.080426251674174,7.5434269366048285,7.4949362049058825,7.055701033730444
1968-12-01 00:00:00+00:00,8.263306887267497,8.462532127189464,7.116580814993719,7.613517553589659,7.5360438871935855,7.0663048409537765
1969-01-01 00:00:00+00:00,8.199601588558313,8.432077471079108,7.1104348643767095,7.704829948908025,7.5309037252018065,7.090901495650648
1969-02-01 00:00:00+00:00,8.468570013303857,8.755154416747532,6.945614488802169,7.7985394671138115,7.61203525932006,7.123390714806026
1969-03-01 00:00:00+00:00,8.480093427459211,8.59587682211676,6.855213837578442,7.843864324303953,7.688317921545032,7.077877728319094
1969-04-01 00:00:00+00:00,8.439447842791385,8.323030605525117,6.867818309394671,7.860971784957962,7.708320856309353,7.14010432937574
1969-05-01 00:00:00+00:00,8.45497730420831,8.279983676639755,6.8901817653808495,7.9138099294584325,7.687813831531379,7.213849306310953
1969-06-01 00:00:00+00:00,8.50155149542628,8.2062970794127,6.9020339433256925,7.958853089447358,7.672106218548414,7.197450324044421
1969-07-01 00:00:00+00:00,8.519510504371398,8.370044937279763,6.930084124480456,7.9189160938322125,7.681426589774718,7.228337652024983
1969-08-01 00:00:00+00:00,8.500433529600897,8.86775710096209,6.847957502751231,7.916366270756109,7.672669479518382,7.231742761525435
1969-09-01 00:00:00+00:00,8.497826868925273,8.629689387443035,6.8779556477596895,7.925081587433596,7.647361336944435,7.194384297166848
1969-10-01 00:00:00+00:00,8.47466140269726,8.633239608912708,6.905703174871638,7.904999073261958,7.634636997271711,7.127155834017512
1969-11-01 00:00:00+00:00,8.525379591219735,8.729351828880807,6.874255370790981,7.938302836736117,7.650083023686003,7.067601139010907
1969-12-01 00:00:00+00:00,8.626800675921388,8.93336214179606,6.880106551402052,7.982238796071652,7.6420923863669445,7.023563031717752
1970-01-01 00:00:00+00:00,8.542041889385628,8.73247229890156,6.937508237146628,7.984660327730409,7.686157712114138,7.016798006967491
1970-02-01 00:00:00+00:00,8.482456808607376,8.361210501148834,6.968681031939309,8.063875179772637,7.697570807527401,7.0127547294637775
1970-03-01 00:00:00+00:00,8.537897372974529,8.022854245742254,6.9613671334455685,8.083541549075946,7.711544503343389,6.906103916232906
1970-04-01 00:00:00+00:00,8.615141705934505,7.996478834899877,7.009237283312411,8.107717049857806,7.80029005946183,7.009725052565854
1970-05-01 00:00:00+00:00,8.65932276352539,8.05117520891773,7.067422145518585,8.117070785622644,7.841811270009106,7.032500687638496
1970-06-01 00:00:00+00:00,8.6029359306919,8.097575404948355,7.124079632584331,8.185871269127501,7.907802429545392,7.0128897690981145
1970-07-01 00:00:00+00:00,8.52052961934536,8.135765847385612,7.16356348424346,8.201078722090124,7.98729347490831,7.119522362993848
1970-08-01 00:00:00+00:00,8.358171668268442,8.22723653405644,7.168968881923498,8.193975128873438,8.072270782170062,7.210715050785136
1970-09-01 00:00:00+00:00,8.398249732729408,8.462893276408208,7.18685941614248,8.192039062685845,8.147221667027953,7.281289306553697
1970-10-01 00:00:00+00:00,8.326369191074221,8.682636440919257,7.190819204417321,8.153459104538328,8.178731376896863,7.272578931827409
1970-11-01 00:00:00+00:00,8.288733031954502,8.72643090315715,7.166945280267876,8.158753834673453,8.225690496338666,7.28725963742056
1970-12-01 00:00:00+00:00,8.30243686875911,8.884445398357974,7.099358626609473,8.150906487874051,8.208764045819667,7.245391124062651
1971-01-01 00:00:00+00:00,8.195579222000775,8.962264835674315,7.157268085538325,8.212788064911186,8.223356216352503,7.270298968097689
1971-02-01 00:00:00+00:00,8.135138899138108,9.157054567542454,7.27963602666457,8.267348824921964,8.233261411152675,7.306920584941773
1971-03-01 00:00:00+00:00,8.135900560651557,9.17261254391521,7.298962559123278,8.368119932974466,8.265724751276114,7.281750359620814
1971-04-01 00:00:00+00:00,8.204942432028318,9.21363194878858,7.470574502214691,8.398326318620523,8.29614494342006,7.361121267074849
1971-05-01 00:00:00+00:00,8.159028567025775,9.294245763717068,7.585387726397861,8.470964942737035,8.308716553145423,7.434617624385179
1971-06-01 00:00:00+00:00,8.125213741678412,9.378078607170378,7.89841480631447,8.586657685005333,8.3073606541617,7.5162755102711625
1971-07-01 00:00:00+00:00,8.126260967513387,9.449723347165438,8.12503909751227,8.604498691814003,8.309703969212187,7.600787452929075
1971-08-01 00:00:00+00:00,8.084103000225936,9.613159315410053,8.180036520761435,8.775938608053245,8.315564036778802,7.691487858765237
1971-09-01 00:00:00+00:00,8.005337036835723,9.44529944428751,8.415454996225138,8.876198218601324,8.308982586588382,7.740547003721995
1971-10-01 00:00:00+00:00,7.947858830769654,9.466349872247974,8.4884243072146,8.91708546676385,8.326562811757388,7.774448120563927
1971-11-01 00:00:00+00:00,7.559460481204906,9.44412391726137,8.54096440414209,9.37884356002784,8.342925514883914,7.822007935390715
1971-12-01 00:00:00+00:00,7.561750943994592,9.462807358029353,8.619078074153716,9.44977686944292,8.342796946210209,7.856284714098846
1972-01-01 00:00:00+00:00,7.569876080936959,9.480397279738462,8.72148495933546,9.504550589644229,8.361619499587487,7.894478379103794
1972-02-01 00:00:00+00:00,7.562317544226513,9.494414945220342,8.860113168127059,9.557941170099504,8.407793417817684,7.938955588750991
1972-03-01 00:00:00+00:00,7.653763007712833,9.563182753962934,8.985832351968535,9.590275769644466,8.484465826036606,8.017587775495679
1972-04-01 00:00:00+00:00,7.964861413569884,9.604604327534464,9.03443126502827,9.630313366596091,8.504115638954145,8.072898599337668
1972-05-01 00:00:00+00:00,7.963049004737079,9.654257377027644,9.033124082322653,9.66181110755007,8.50644274634257,8.130760528836815
1972-06-01 00:00:00+00:00,7.942064297213815,9.655100050741808,9.043065447012054,9.671915514160997,8.52278138005809,8.188517551431339
1972-07-01 00:00:00+00:00,7.94119085699377,9.659160031876748,9.015258418473355,9.663777123138859,8.533063746306398,8.252055557666088
1972-08-01 00:00:00+00:00,7.956657767167958,9.662397730941072,9.017443762746874,9.631150938023202,8.558671040301446,8.313975254700278
1972-09-01 00:00:00+00:00,7.954581713383871,9.825715574127875,8.9947522701427,9.618634466132235,8.591124691871588,8.365090836782974
1972-10-01 00:00:00+00:00,7.863109346243419,9.939567258985404,8.569321434965342,9.621235853085123,8.586168906418393,8.414607005754739
1972-11-01 00:00:00+00:00,7.8766957128614,9.929329573069268,8.573567538250192,9.65308489881292,8.587703753132349,8.459882209972667
1972-12-01 00:00:00+00:00,7.911982377513228,9.908596897753426,8.573378493811191,9.660580815974516,8.591747441800386,8.530800553715652
1973-01-01 00:00:00+00:00,7.94642829488601,9.895516510884345,8.528917869715313,9.740620168465968,8.593181507900399,8.568931732286455
1973-02-01 00:00:00+00:00,7.944261962431869,9.878297194200167,8.536008754645316,9.776205305282861,8.558791649886963,8.608771448291481
1973-03-01 00:00:00+00:00,7.887329626975726,9.86919439683993,8.485902398978855,9.773584684117527,8.55943639184448,8.67582171805913
1973-04-01 00:00:00+00:00,7.85023584603431,9.862870163827228,8.486308435492882,9.744183527865163,8.542950290161091,8.682963982833334
1973-05-01 00:00:00+00:00,7.904195028371746,10.11437166337475,8.520548548840583,9.811593663757362,8.577554947747405,8.621555217419504
1973-06-01 00:00:00+00:00,7.906330534467869,10.216835200326337,8.543797140071836,9.75468661591639,8.56132355365215,8.59235397455119
1973-07-01 00:00:00+00:00,7.895728386214118,10.204464745030712,8.55964042132986,9.67690878824615,8.549816533497285,8.58972888489349
1973-08-01 00:00:00+00:00,7.900224051973972,10.18145580982092,8.67211014613129,9.614350711999958,8.557929774022234,8.616219808915671
1973-09-01 00:00:00+00:00,7.899583714851009,10.214453020126774,8.717977423141058,9.568602593532018,8.540729563088227,8.629854825449911
1973-10-01 00:00:00+00:00,7.901327174949598,10.280931322190023,8.65291305963497,9.565658268009612,8.526985957788655,8.686539778781817
1973-11-01 00:00:00+00:00,7.903379664410938,10.254277544515451,8.63570810599774,9.56346306332757,8.486105135027993,8.636690855041198
1973-12-01 00:00:00+00:00,7.905072027484975,10.318431065829847,8.611615399951724,9.539921718036616,8.474839916947207,8.600902549873535
1974-01-01 00:00:00+00:00,7.9067171072279505,10.311360155065813,8.678311255527282,9.484757433283011,8.485886292951793,8.611729343853709
1974-02-01 00:00:00+00:00,7.908669902066265,10.280740642449386,8.658539673509008,9.417769747015393,8.478207729953924,8.607624830122184
1974-03-01 00:00:00+00:00,7.910574637884831,10.24728685685189,8.62857683020265,9.337374102912166,8.484966688218586,8.591636259570144
1974-04-01 00:00:00+00:00,7.977074043543426,10.21069690831567,8.57378490621423,9.275660866585346,8.502526153369486,8.557622874791809
1974-05-01 00:00:00+00:00,8.003415147889026,10.205281990410684,8.532892967547122,9.306411723792012,8.569855152975713,8.558238196030542
1974-06-01 00:00:00+00:00,7.984891048466314,10.236669084483816,8.622675398138565,9.353086086236104,8.55150916114841,8.569472123611826
1974-07-01 00:00:00+00:00,8.003036756927555,10.269938555388862,8.710822521474045,9.37776964422085,8.576986780502583,8.553087388092703
1974-08-01 00:00:00+00:00,8.076353969833692,10.290905714368733,8.704872318544442,9.4153316525387,8.576039285488578,8.54403659577026
1974-09-01 00:00:00+00:00,8.099923830249242,10.28395399467082,8.680937725962885,9.436451968704365,8.555639485047015,8.514158288689261
1974-10-01 00:00:00+00:00,8.089453899218409,10.273660551608954,8.673823618729779,9.418109717712975,8.535058029002307,8.442089509898217
1974-11-01 00:00:00+00:00,8.24489508357376,10.248982255831436,8.696650731398451,9.395018749166578,8.505692535715749,8.378325340769074
1974-12-01 00:00:00+00:00,8.352596875043016,10.227571689566075,8.750880540963871,9.416699517507746,8.49624781707864,8.31228198167751
1975-01-01 00:00:00+00:00,8.351774802718229,10.207004626743412,8.812242979058245,9.438907609209288,8.495152504986917,8.308996098779996
1975-02-01 00:00:00+00:00,8.3397880079877,10.228157016935794,8.858001961453558,9.460809103704953,8.490698235221325,8.313749758911598
1975-03-01 00:00:00+00:00,8.350393949526637,10.216791930289585,8.705772913862006,9.442585404603923,8.493849435723202,8.282239230827267
1975-04-01 00:00:00+00:00,8.369391907694244,10.239025911759928,8.717466787702705,9.440965111823909,8.48681065619422,8.262184433081579
1975-05-01 00:00:00+00:00,8.414339603206852,10.271161791558988,8.761533738847024,9.47555072121802,8.502472121409893,8.27200741841416
1975-06-01 00:00:00+00:00,8.441564275103937,10.283916516196017,8.764727395480737,9.49033259175918,8.490457182748655,8.303075922710127
1975-07-01 00:00:00+00:00,8.425654851684708,10.257687655028814,8.762354616553225,9.504504230235385,8.429695502895317,8.325868306715817
1975-08-01 00:00:00+00:00,8.446739091798785,10.243565895890661,8.662459137455548,9.52043238385737,8.398495318780192,8.351536209468474
1975-09-01 00:00:00+00:00,8.438468391730007,10.224070398883443,8.607876992121213,9.524471861195167,8.384764569780716,8.370090681162235
1975-10-01 00:00:00+00:00,8.40414896819459,10.19787930895674,8.601912161760309,9.529207226985246,8.368799381746614,8.36450567748341
1975-11-01 00:00:00+00:00,8.41575496806653,10.188255771959577,8.553419890185205,9.488969008135326,8.361520957227617,8.36847006331346
1975-12-01 00:00:00+00:00,8.453761854853708,10.17882781659652,8.517130372884235,9.426179196714603,8.371702121505937,8.260779497742954
1976-01-01 00:00:00+00:00,8.51091149256166,10.197230801330065,8.497374509917751,9.418643060539104,8.387205082769555,8.223923567257641
1976-02-01 00:00:00+00:00,8.51578114163138,10.184763336056035,8.46989998232633,9.400403990410544,8.415064852818489,8.227997754402638
1976-03-01 00:00:00+00:00,8.439641639260447,10.174115768423533,8.433525025571091,9.388503890923564,8.395302434025481,7.99117741158842
1976-04-01 00:00:00+00:00,8.521873897109524,10.173986015012842,8.28548686932222,9.416476850330692,8.455628024759953,8.005273412236102
1976-05-01 00:00:00+00:00,8.529613312721132,10.202424890793552,8.731640757624563,9.479454167419947,8.51307018840441,8.024769486704269
1976-06-01 00:00:00+00:00,8.583386021001035,10.310105142980857,8.530340166355247,9.49764667235864,8.507100339615896,7.976471521364793
1976-07-01 00:00:00+00:00,8.672292536379159,10.299388619812094,8.290813372710756,9.553151505388824,8.503219768758468,7.936860878116516
1976-08-01 00:00:00+00:00,8.757363781452174,10.272185881534686,8.425607047469699,9.572583003722144,8.505957754560797,7.939257759963336
1976-09-01 00:00:00+00:00,8.83615519251535,10.261407341657291,8.402785823670705,9.585375119975858,8.539922821780005,7.968060760237343
1976-10-01 00:00:00+00:00,8.80198131782068,10.249538031189552,8.418040840532907,9.621940998936559,8.50167080965888,8.038696485663191
1976-11-01 00:00:00+00:00,8.851990159341135,10.29415907323182,8.342015329334481,9.644733955500739,8.456521983320673,7.984706279543649
1976-12-01 00:00:00+00:00,8.902167675057507,10.317933734847712,8.381448558275295,9.657171300182513,8.509615043360707,7.992374104746405
1977-01-01 00:00:00+00:00,8.911264774716908,10.34402422117214,8.27405884654517,9.662992937259295,8.509961418232226,7.86300690116758
1977-02-01 00:00:00+00:00,8.96420634345061,10.305553420928634,8.383377259744696,9.672570716130577,8.345105372042154,7.7917991342703745
1977-03-01 00:00:00+00:00,8.874727996025127,10.309580735933558,8.12411352408356,9.664357675198355,8.510039618322553,7.961996647751488
1977-04-01 00:00:00+00:00,8.913201577071355,10.29793904121405,8.761985753175276,9.670707160283387,8.47579740023739,8.054458604435867
1977-05-01 00:00:00+00:00,8.917842394634407,10.301065869313938,8.853228979852682,9.691975727949487,8.386349760447175,8.064267259524556
1977-06-01 00:00:00+00:00,8.917665635679382,10.304979806740729,9.084930240449918,9.702577858244194,8.344643489791926,8.007437671346098
1977-07-01 00:00:00+00:00,8.883183171215348,10.301195906199396,9.142234420540962,9.722030586282232,8.365856144631312,8.021907384707589
1977-08-01 00:00:00+00:00,8.927490951963666,10.309157204673657,9.120286874494502,9.723347185247771,8.37628917307325,7.959905665317756
1977-09-01 00:00:00+00:00,8.92235608688803,10.290505549972337,9.291361608179743,9.731422057875097,8.344170994393622,7.877591443757929
1977-10-01 00:00:00+00:00,8.891372221818104,10.317830113542287,9.451361395903163,9.746055456214567,8.321958409362795,7.762257563044324
1977-11-01 00:00:00+00:00,8.908903750450978,10.313318832561894,9.556302469643427,9.758016051875648,8.283134907628797,7.548061092389773
1977-12-01 00:00:00+00:00,8.899795201088482,10.299891173469568,9.708877364720275,9.763817921041992,8.266548609377914,7.601770290436496
1978-01-01 00:00:00+00:00,8.907808744423171,10.335638015140413,9.88094821523983,9.857146559324459,8.093578213684495,7.686530284527238
1978-02-01 00:00:00+00:00,8.922263805413111,10.371980223933182,9.893376489514345,9.9834913619955,8.098844716190166,7.647533466989383
1978-03-01 00:00:00+00:00,8.934915977347591,10.45472762473538,9.909075559536234,10.01417738821753,8.208455925465268,7.62929807719656
1978-04-01 00:00:00+00:00,8.953747395904266,10.48247400049664,9.925665710047268,10.037485147831331,8.151754969632105,7.566048905678861
1978-05-01 00:00:00+00:00,8.943111740517084,10.512773740629818,9.924332334127513,10.072156492770436,7.920798440345487,7.594743698192013
1978-06-01 00:00:00+00:00,8.919095217736686,10.521734661432399,9.906679301234389,10.261203646031943,8.01250557331177,7.7513449720974625
1978-07-01 00:00:00+00:00,8.871326321349612,10.497881760326962,9.724894739151482,10.20096834008093,8.19929147233558,7.749553322951349
1978-08-01 00:00:00+00:00,8.888375588866106,10.462394995344578,9.700879957742524,10.207686429441905,8.24286678012661,7.714601226247168
1978-09-01 00:00:00+00:00,8.875978924305599,10.479533675747367,9.6984930803741,10.193241501134516,8.238858619645224,7.739047860458263
1978-10-01 00:00:00+00:00,8.873340629837728,10.48752861536011,9.716710023260708,10.265641883399377,8.193829841971068,7.7668389869558485
1978-11-01 00:00:00+00:00,8.868356237415155,10.539569864142882,9.704853306039148,10.259746326610424,8.074547373926897,7.714518980806547
1978-12-01 00:00:00+00:00,8.879323615291408,10.579922035842182,9.717322925036118,10.26085889378721,7.892749884593907,7.680120323916636
1979-01-01 00:00:00+00:00,8.89284278049475,10.690841109697448,9.705744242549697,10.25806113397914,8.308747643368283,7.704488532951836
1979-02-01 00:00:00+00:00,8.752339722715263,10.758597775261975,9.666475614992166,10.363255472278285,8.161911883102468,7.645091845535949
1979-03-01 00:00:00+00:00,8.850704618863404,10.788783580828353,9.68197148687009,10.386137632270456,8.176711017477698,7.631237977968391
1979-04-01 00:00:00+00:00,9.09119315882527,10.752294049306075,9.715140747564147,10.389136595567416,8.132871873596322,7.628873132366822
1979-05-01 00:00:00+00:00,9.076517838249208,10.707981651648305,9.74102307718727,10.376027648305346,8.044025385960458,7.734853024617994
1979-06-01 00:00:00+00:00,9.228074129956209,10.796845225087191,9.78830325885628,10.247357867035072,8.395043800496754,7.668484055670339
1979-07-01 00:00:00+00:00,9.208835134461344,10.777946906984612,9.752774671614057,10.139029068989588,8.333057660325487,7.687820784169705
1979-08-01 00:00:00+00:00,9.300630684357806,10.720289516982096,9.757545525787894,10.059381299020327,8.037788282322571,7.701452509159015
1979-09-01 00:00:00+00:00,9.204790403837185,10.76134946395863,9.796220189708134,10.092386599925668,8.064459256555944,7.6871664497612615
1979-10-01 00:00:00+00:00,9.077300369644037,10.795832081493009,9.915296733005315,10.097724580958726,8.08160893856193,7.635545542962768
1979-11-01 00:00:00+00:00,9.080981081384886,10.767490695743357,9.907088758282574,10.101670745495806,8.092959103331125,7.492498959612928
1979-12-01 00:00:00+00:00,8.899634931525407,10.865983878968143,9.896576637136718,10.108118306069125,8.159081457398777,7.3726383179005275
1980-01-01 00:00:00+00:00,8.827909518610964,10.86812178608059,9.858722144680467,10.021189567911804,7.983218023710609,7.282592708869972
1980-02-01 00:00:00+00:00,9.008568671594022,10.805171057053041,9.871654156948596,9.871889394802686,7.994889255546077,7.303094651118256
1980-03-01 00:00:00+00:00,8.959828929710287,10.86950934086643,9.890497091095298,9.879272808517259,7.960097247230785,7.261448953394052
1980-04-01 00:00:00+00:00,9.191903871906613,10.852703831173432,9.928416955833612,9.913932105547577,8.024944545882475,7.444566755165147
1980-05-01 00:00:00+00:00,9.181383282447097,10.802011980976202,9.93142411090927,9.90347510156766,8.152342507300471,7.526940678304156
1980-06-01 00:00:00+00:00,9.241747747188773,10.742918388590377,9.901829793248135,9.787076505718566,7.906695615145176,7.4394830842661746
1980-07-01 00:00:00+00:00,9.256546994055741,10.788538554980265,9.987348805572926,9.811720600199529,8.002782883206836,7.433794487034047
1980-08-01 00:00:00+00:00,9.282247727297557,10.786639347793718,9.994420326963494,9.935514141689215,8.08213595861997,7.558693920922687
1980-09-01 00:00:00+00:00,9.284610564815122,10.814703455238098,10.011689470697187,9.996192154778283,8.107448755345176,7.501672042373353
1980-10-01 00:00:00+00:00,9.275435048116448,10.842814301770028,10.010000826607133,10.003339762274353,8.019855639214928,7.452926794214827
1980-11-01 00:00:00+00:00,9.3517901011428,10.843181919262513,10.011490791915353,10.014749536286542,8.099433180761867,7.295200696479905
1980-12-01 00:00:00+00:00,9.378089771562362,10.8088134301961,9.978635653929132,10.046482217441602,7.999615291990127,7.200424450801053
1981-01-01 00:00:00+00:00,9.45746517388677,10.77357276842843,9.975126291247305,10.088096644110244,7.910856477495262,7.549173185039907
1981-02-01 00:00:00+00:00,9.58266404276518,10.791598618871584,9.97415259794907,10.098573731707075,7.83503581457521,7.609616359844686
1981-03-01 00:00:00+00:00,9.654767647211992,10.791212826204003,9.935542728053646,10.111982696844938,8.036878160078231,7.432458075705753
1981-04-01 00:00:00+00:00,9.750150202265493,10.802553017265097,9.94739110224628,10.162803030289549,7.833259486488101,7.656864407195939
1981-05-01 00:00:00+00:00,9.826919191094676,10.76629504068477,9.940039097287281,10.172372047106345,7.80135817395946,7.608832734341959
1981-06-01 00:00:00+00:00,9.865549245023109,10.821797306842846,9.94870588277299,10.18500642795968,7.943088969747281,7.633257698850351
1981-07-01 00:00:00+00:00,9.827619994345875,10.81192496954637,9.911455332303571,10.200854101515112,7.727272694025546,7.883349658289647
1981-08-01 00:00:00+00:00,9.811439289609055,10.82274517790686,9.808961878430328,10.21400060022241,7.750021958075327,7.960061091954795
1981-09-01 00:00:00+00:00,9.821634801372202,10.792360458965092,9.745177393018606,10.220631122027175,7.701820056628633,7.971911308365432
1981-10-01 00:00:00+00:00,9.782049643404685,10.766407397013296,9.666488648732125,10.209056144645414,7.301781962249648,7.79428859853335
1981-11-01 00:00:00+00:00,9.80428244816523,10.735043328432248,9.670833724172772,10.214357399568039,7.81032435767595,7.674318522622222
1981-12-01 00:00:00+00:00,9.82893656339824,10.761192569651707,9.654492227744887,10.226818263447731,7.680506176434726,7.383735592333502
1982-01-01 00:00:00+00:00,9.857227187699614,10.697519876323495,9.624360307461574,10.243510475947735,7.586537371628134,7.4190405178372885
1982-02-01 00:00:00+00:00,9.895927824850466,10.70633012553681,9.652784344724159,10.260506560384938,8.216521528715276,7.318343195767548
1982-03-01 00:00:00+00:00,9.848160342616433,10.685533640207936,9.631513263793014,10.247375062938772,8.17116952213312,7.421102754623887
1982-04-01 00:00:00+00:00,9.849367227426383,10.635988796852645,9.609898352150298,10.24185868052817,8.153695524219495,7.1350243901327985
1982-05-01 00:00:00+00:00,9.847486588723319,10.623722447953952,9.599362948652999,10.237596249438369,7.8994411309390244,7.143285511781305
1982-06-01 00:00:00+00:00,9.841266700290866,10.6256312345479,9.576617958615376,10.207923275299299,7.685161350794826,7.4082585565914805
1982-07-01 00:00:00+00:00,9.923626217333107,10.643984628354957,9.524699127322343,10.197840711050599,7.878135380750477,7.89349152513194
1982-08-01 00:00:00+00:00,9.891686039130793,10.657275541949707,9.505979105553552,10.187946963802696,7.6350556194954144,8.269751440836085
1982-09-01 00:00:00+00:00,9.879316188597025,10.640721233415624,9.465052360211759,10.143717912989704,7.6723589999129596,8.336549929347939
1982-10-01 00:00:00+00:00,9.90736640454265,10.621158402566843,9.483483989204867,10.150885191019357,7.820833230218614,8.307077195488175
1982-11-01 00:00:00+00:00,9.90770096300091,10.610674658679274,9.487622431113728,10.102953945529192,8.036472218721022,8.183528310242112
1982-12-01 00:00:00+00:00,9.895688123496662,10.609426264976783,9.492548421208047,10.086166076934566,8.01538888871726,8.412151140143157
1983-01-01 00:00:00+00:00,9.931272041992877,10.643651642196883,9.496058402654006,10.037128703108019,7.95219324962855,8.512478393463873
1983-02-01 00:00:00+00:00,10.037047867512879,10.67934684345829,9.477847932998587,10.04306704604517,7.9717542435294755,8.644545756970162
1983-03-01 00:00:00+00:00,10.034926027382602,10.709105300688737,9.425238154967792,10.057665013759458,8.010043252653325,8.759552625770269
1983-04-01 00:00:00+00:00,10.034135328897795,10.739920441337024,9.431622825284824,10.07167429046124,8.113871209846353,8.81376513688927
1983-05-01 00:00:00+00:00,10.04729284644428,10.776731207509604,9.377007943428408,10.082875303943192,8.256381397701762,8.646516073912549
1983-06-01 00:00:00+00:00,10.048565787323536,10.816921839055937,9.34341205799589,10.093638222117553,8.157374674057323,8.633316602816073
1983-07-01 00:00:00+00:00,10.045022242048917,10.726266849098447,9.357742921012468,10.108650773482337,8.198297780835993,8.767045282648423
1983-08-01 00:00:00+00:00,10.034454434260036,10.713075110837922,9.382881371909972,10.122089699754664,8.152316488674835,8.746800668885532
1983-09-01 00:00:00+00:00,10.032129562817142,10.689711647156384,9.358468469842213,10.12952565397979,8.195539957873875,8.72015349317822
1983-10-01 00:00:00+00:00,10.009709751281228,10.698457831552298,9.359963155852174,10.13562172503953,8.193596159976192,8.735847048059812
1983-11-01 00:00:00+00:00,9.975615605207798,10.665128506701649,9.353660684792194,10.113531466410974,8.236586966991736,8.781182269524892
1983-12-01 00:00:00+00:00,9.995993496076085,10.674861573574342,9.358645312182338,10.125017553809085,8.25292426723719,8.748500459311236
1984-01-01 00:00:00+00:00,10.005458866951273,10.703233450807202,9.376338072603376,10.126026869159059,8.293872322754986,8.926774289541143
1984-02-01 00:00:00+00:00,10.022683898554913,10.696876807717608,9.365238184125595,10.11907545181321,8.238842286690911,8.978026796277828
1984-03-01 00:00:00+00:00,10.026889414027139,10.661350287537646,9.336074654362061,10.11056660573077,8.150889792930132,9.100760451547536
1984-04-01 00:00:00+00:00,10.03310200156124,10.650878107895666,9.316060169260815,10.117536715265434,8.173750971734332,9.082815715476245
1984-05-01 00:00:00+00:00,10.073322226697416,10.717522171661674,9.36879905453184,10.130952402556547,8.136275119377487,9.059154340670284
1984-06-01 00:00:00+00:00,10.080115423983555,10.743990890119038,9.349237155828977,10.135931683404612,7.972972916842437,9.026157531128447
1984-07-01 00:00:00+00:00,10.063805712081292,10.741161993595137,9.25286311861739,10.143518285454103,7.839841235512597,9.013729491726082
1984-08-01 00:00:00+00:00,10.069375125630867,10.711729783304548,9.23783042218319,10.145875407937824,7.984659185735023,8.993052892650987
1984-09-01 00:00:00+00:00,10.062520345615381,10.697137950082652,9.193388161338982,10.138926868966482,7.675874475459792,8.948991516355962
1984-10-01 00:00:00+00:00,10.055880418363367,10.682270541677676,9.160108036746864,10.135521378310244,8.154214342513274,8.95267516719454
1984-11-01 00:00:00+00:00,10.071632191998328,10.684597874119762,9.159849141831126,10.147045048064426,7.977623374519264,8.98023520643224
1984-12-01 00:00:00+00:00,10.05233144038257,10.618198066789112,9.125668133373498,10.15014882511777,7.886097550909633,8.94249124041308
1985-01-01 00:00:00+00:00,10.063651104937332,10.6227962576688,9.135014184723413,10.160087783906066,7.947775964650268,8.9236640916701
1985-02-01 00:00:00+00:00,10.070332550090255,10.612837026417543,9.138357181568876,10.174772562708462,7.777302550584645,8.943525813816418
1985-03-01 00:00:00+00:00,10.079026991061637,10.60014202200161,9.152697853071148,10.182222818308906,7.820558126472795,8.914808412352196
1985-04-01 00:00:00+00:00,10.055550639350677,10.576265789720525,9.128089008457383,10.191633744981754,7.736504972882835,8.897170418664016
1985-05-01 00:00:00+00:00,10.051019798403262,10.546394971924885,9.0850119174601,10.180509095706876,7.647241753371267,8.851366191573357
1985-06-01 00:00:00+00:00,10.10233885074827,10.52301062191519,9.15682895955329,10.191956334837766,8.031264178925131,8.831833331677414
1985-07-01 00:00:00+00:00,10.102421787433897,10.542595954397166,9.207221375922073,10.203143361322711,7.904333882747499,8.786573659566304
1985-08-01 00:00:00+00:00,10.114197128022086,10.566920091411031,9.205343577517954,10.21944735577206,7.7857777027245305,8.813486485940226
1985-09-01 00:00:00+00:00,10.126523285076399,10.583320960771207,9.2448805571483,10.226694208104455,7.754837831624606,8.777286924418384
1985-10-01 00:00:00+00:00,10.165115528505403,10.622916017390985,9.28387703440749,10.245899272978198,7.9369884317289,8.790803377411914
1985-11-01 00:00:00+00:00,10.168295918845144,10.645158397431436,9.282040991965252,10.258727551256642,7.8312917815601555,8.758676183126939
1985-12-01 00:00:00+00:00,10.211119117653666,10.663854948081399,9.300266945712846,10.226621784920782,7.810739902574793,8.746079714085878
1986-01-01 00:00:00+00:00,10.327667346460078,10.621479924016072,9.487358551448665,10.183329518214485,7.769930630165003,8.757839634775191
1986-02-01 00:00:00+00:00,10.365985105075813,10.700305122948482,9.479612297004433,10.183461811525765,7.874629672868057,8.711796789570862
1986-03-01 00:00:00+00:00,10.376468689352937,10.700540681937925,9.461793459848634,10.193116783404225,7.8251260951934665,8.660010814635582
1986-04-01 00:00:00+00:00,10.391529519904227,10.716811041965558,9.477025771398388,10.209969793797779,7.804930632799753,8.689932504715461
1986-05-01 00:00:00+00:00,10.44622957659168,10.75167443819953,9.531697957434238,10.232786801446737,8.208218182314418,8.759248009760203
1986-06-01 00:00:00+00:00,10.429061591253603,10.725130908248904,9.544305870810192,10.243366587498416,7.815678579052816,8.76100970318407
1986-07-01 00:00:00+00:00,10.474522073347803,10.728311421869588,9.592512877904296,10.351085274742475,7.8782240415019675,8.791243623307599
1986-08-01 00:00:00+00:00,10.438932276976532,10.674404194629869,9.575731025855504,10.393431175219442,7.879123723849295,8.738198392957075
1986-09-01 00:00:00+00:00,10.477587267370396,10.706204122408355,9.605609700804752,10.435125384839242,7.825418999882741,8.716824916456913
1986-10-01 00:00:00+00:00,10.5008400108014,10.722095781948207,9.621093502663383,10.55740997653376,7.871808327535656,8.571128803934885
1986-11-01 00:00:00+00:00,10.520759568908321,10.752342635425155,9.618180335354205,10.628810589458128,7.77622888839526,8.461281605423236
1986-12-01 00:00:00+00:00,10.51874626674215,10.799033137267585,9.830388127441184,10.634320193777494,7.721136078807998,8.433696123068113
1987-01-01 00:00:00+00:00,10.49190646406112,10.87511824314329,9.798803073415483,10.638796347528267,7.965680420067804,8.553132578713031
1987-02-01 00:00:00+00:00,10.512018920299505,10.85122929070162,9.817117662236353,10.64622581256907,8.02254008668223,8.805656802178232
1987-03-01 00:00:00+00:00,10.530828334632004,10.853871051087209,9.82134280812325,10.651516383941008,8.086791567126978,8.888220517445362
1987-04-01 00:00:00+00:00,10.553853645466402,11.039228092089221,9.852251885031528,10.848899555020463,8.556792417516435,8.683874708859069
1987-05-01 00:00:00+00:00,10.552551813606732,11.041703214819286,9.866346331222985,10.853393705076602,8.644920363178258,8.579965095513035
1987-06-01 00:00:00+00:00,10.538553899207427,11.009351898233868,9.976208889783779,10.973030693843723,8.83897137795689,8.785200374859368
1987-07-01 00:00:00+00:00,10.477732601434726,11.034966930134068,10.104088915923832,11.134623813457194,8.57450742644151,9.037665631591024
1987-08-01 00:00:00+00:00,10.458605236580336,11.057318166218574,10.278657380128632,11.138839250054987,8.489985660786479,9.027522462992778
1987-09-01 00:00:00+00:00,10.43618739215077,11.039559949314874,10.265216983169289,11.142366787573957,8.611100511538663,9.116806063733089
1987-10-01 00:00:00+00:00,10.411790108062782,11.016975696119772,10.27792554197311,11.149504100119213,8.626681688598088,9.142649718883105
1987-11-01 00:00:00+00:00,10.458708742951808,11.032021403614756,10.270682317243503,11.161861375059503,8.762095111975343,9.220765163366018
1987-12-01 00:00:00+00:00,10.433987023286317,11.059566543067556,10.280250159196578,11.181394186632106,8.809855090077145,9.251393632166517
1988-01-01 00:00:00+00:00,10.466397833118883,11.107918353227356,10.506633994889816,11.193605368590365,8.864352718768162,9.18246304526601
1988-02-01 00:00:00+00:00,10.482826531100091,11.242491541511194,10.530245827452775,11.259776376633528,8.854706688001714,9.0729904747134
1988-03-01 00:00:00+00:00,10.455079729736111,11.274113705934619,10.638620561101042,11.301869551332572,8.892522804810387,9.076094304204181
1988-04-01 00:00:00+00:00,10.369935385982352,11.243521798629903,10.579905907980253,11.325577357865486,9.0652151487517,9.044706505249875
1988-05-01 00:00:00+00:00,10.373522069787299,11.202594256785297,10.572356115905299,11.330134627615228,9.168162934618291,9.063625255646539
1988-06-01 00:00:00+00:00,10.377327497806204,11.197450566222535,10.630918434320066,11.341560209865479,9.366432132672088,9.140676068381438
1988-07-01 00:00:00+00:00,10.363032139107299,11.20818072964764,10.634438632725994,11.363970705116763,9.454184077527156,9.258767249088434
1988-08-01 00:00:00+00:00,10.338046793822503,11.17407326692995,10.637469173839493,11.368299672339083,9.436324809560823,9.399645611303768
1988-09-01 00:00:00+00:00,10.307779364475643,11.078990434249521,10.60717246260484,11.372407611802654,9.643141741102037,9.429020600777093
1988-10-01 00:00:00+00:00,10.39857534599468,11.024497039760686,10.62618685530288,11.386028014153936,9.586933779116455,9.456937175542421
1988-11-01 00:00:00+00:00,10.511012929468635,10.985958707195767,10.641400262010281,11.400919414480233,9.478236878751169,9.461621391543867
1988-12-01 00:00:00+00:00,10.511239296877777,10.968109889512847,10.638741503672287,11.410718302443378,9.540708763069107,9.462629384625624
1989-01-01 00:00:00+00:00,10.574959879216726,11.0025540868887,10.655478557941924,11.42505881270278,9.64093730663029,9.501969824511674
1989-02-01 00:00:00+00:00,10.542296448303857,11.029392842944636,10.69119710275044,11.47419910522415,9.632664188238996,9.531677450783539
1989-03-01 00:00:00+00:00,10.511747991566626,10.977253091527334,10.69428777122081,11.479659926360506,9.641514998141641,9.517712440114478
1989-04-01 00:00:00+00:00,10.522288828747705,10.914005384467938,10.669532969677789,11.485173351774423,9.669245923932735,9.51043762433936
1989-05-01 00:00:00+00:00,10.553513946894984,10.926740874766834,10.679322885770842,11.491294557365478,9.641165457652054,9.519308748997611
1989-06-01 00:00:00+00:00,10.566001523327094,10.9145522107784,10.631288564133367,11.496847188754765,9.643692963372938,9.464151650346171
1989-07-01 00:00:00+00:00,10.57751526507429,10.939148304570113,10.64334430428439,11.507000306782496,9.6399511624555,9.472714011106262
1989-08-01 00:00:00+00:00,10.68922642426305,10.921470834689227,10.586107208214333,11.459544551960564,9.600357037354389,9.40833772000108
1989-09-01 00:00:00+00:00,10.808503209045982,10.92917760945475,10.528661466309702,11.391148198776238,9.625334007010395,9.433382587844033
1989-10-01 00:00:00+00:00,10.86658954910598,10.949222272587624,10.554301838234505,11.383982513311135,9.643345165301707,9.44553954217233
1989-11-01 00:00:00+00:00,10.84540404181334,10.948798227135649,10.518575088641455,11.378402359932386,9.677044509416824,9.469063155940173
1989-12-01 00:00:00+00:00,10.956971639390133,10.963219608144517,10.53147221279722,11.351931332438069,9.66100463424843,9.492762096958808
1990-01-01 00:00:00+00:00,10.997869060071757,10.994297472913143,10.466040147511546,11.330251138761195,9.659302607200976,9.492778916611035
1990-02-01 00:00:00+00:00,11.026788415599354,10.996245487307991,10.435270097986264,11.335430689323083,9.651062595723893,9.530587502495361
1990-03-01 00:00:00+00:00,11.059576505859443,11.013841907180066,10.456466188764471,11.338064470169392,9.683795373058283,9.530982673183617
1990-04-01 00:00:00+00:00,11.07360406823361,11.015597299327752,10.452841732307508,11.31164025261485,9.609772014593602,9.513755851023117
1990-05-01 00:00:00+00:00,11.052706210122338,11.033146274714,10.452657255365775,11.295079464353867,9.46779961214268,9.493548900461304
1990-06-01 00:00:00+00:00,11.085874477181243,11.026618826787166,10.436095467399658,11.205593334211068,9.53159449934825,9.454836976954752
1990-07-01 00:00:00+00:00,11.085570675515127,11.027699693904882,10.43320074495236,11.202462310524709,9.564045565059736,9.429967030291161
1990-08-01 00:00:00+00:00,11.096854818998283,11.045049248029573,10.428455263125645,11.209532199013076,9.491311296455882,9.566768259234781
1990-09-01 00:00:00+00:00,11.100946838687879,11.05802367578649,10.44107466366653,11.21372108762406,9.537506752100022,9.579408464697652
1990-10-01 00:00:00+00:00,11.110091192878485,11.0428571121376,10.46299402281573,11.229518029132196,9.633323248353223,9.595693632869876
1990-11-01 00:00:00+00:00,11.12497858804909,11.061370390109158,10.483151974744871,11.239537741700769,9.782292367762441,9.595842896396196
1990-12-01 00:00:00+00:00,11.141298815473752,11.073586279130575,10.48351091024574,11.242943245589736,9.772556725613901,9.627453946746051
1991-01-01 00:00:00+00:00,11.18153106572862,11.09743014883036,10.488178790108389,11.254828070316583,9.762584114313617,9.65545440767313
1991-02-01 00:00:00+00:00,11.184426992060551,11.113507904987856,10.484130785999316,11.261012386386074,9.78196937346497,9.649986366446736
1991-03-01 00:00:00+00:00,11.188001296506053,11.125824102639552,10.487195434035414,11.270861192279758,9.789499798334658,9.696742478473057
1991-04-01 00:00:00+00:00,11.211158142029758,11.130435800581644,10.493973824098342,11.278138886203969,9.805747540830675,9.689353008036518
1991-05-01 00:00:00+00:00,11.180809583699116,11.103787074776726,10.57426558223999,11.284020670132636,9.728205835584662,9.690086083571083
1991-06-01 00:00:00+00:00,11.111617156737156,10.987414233682385,10.526084223751765,11.195346471382884,9.738603149966744,9.646235613045578
1991-07-01 00:00:00+00:00,11.116005277096342,10.997455131395947,10.559517495983439,11.16776901832151,9.669972765251384,9.656348063484156
1991-08-01 00:00:00+00:00,11.115514811561262,11.00968711967211,10.558463516762272,11.171189372793878,9.753591775977725,9.696816833843053
1991-09-01 00:00:00+00:00,11.064720742224065,10.962888553320488,10.550741669639242,11.166496502916946,9.709814575560689,9.651574122734377
1991-10-01 00:00:00+00:00,11.062794199034316,10.993445266336243,10.577907667686969,11.161836759568383,9.72543957284831,9.661511906562941
1991-11-01 00:00:00+00:00,11.042159326223103,11.005352478433885,10.578505769287375,11.152899391650932,9.798183147195111,9.660758016849572
1991-12-01 00:00:00+00:00,11.061451004250264,11.022339771723173,10.605716047274106,11.15419302181684,9.802282920303128,9.695607022701818
1992-01-01 00:00:00+00:00,11.05799004882885,11.008079391079407,10.594178915276105,11.15809804600907,9.735630649299871,9.693194396922506
1992-02-01 00:00:00+00:00,11.060258678206585,11.026912274670183,10.607979694378555,11.168664474395115,9.760460667115852,9.712926924621264
1992-03-01 00:00:00+00:00,11.10738246814886,11.050903390712355,10.64284978948541,11.185238400904526,9.696000987837541,9.71321061160907
1992-04-01 00:00:00+00:00,11.079202784398642,11.015526601097921,10.625310860186417,11.180369258919846,9.687664222483988,9.597696413522142
1992-05-01 00:00:00+00:00,11.067121526227927,11.027173300540879,10.61793175283608,11.17268923116397,9.681948146393896,9.5180518661156
1992-06-01 00:00:00+00:00,11.060367261116323,11.029101517038148,10.601474852648346,11.172698170474685,9.594327265962853,9.522721084782965
1992-07-01 00:00:00+00:00,11.061236945299987,11.054817771996866,10.618134853196803,11.171439081424472,9.608884179179542,9.51704497702546
1992-08-01 00:00:00+00:00,11.059267881307353,11.044039872035746,10.638774682921348,11.170909694859034,9.603463581722327,9.516068393812546
1992-09-01 00:00:00+00:00,11.097908423549736,11.068298818378004,10.66086870384309,11.163402699197935,9.592328514715513,9.541562763723809
1992-10-01 00:00:00+00:00,11.102123099323325,11.056376065012564,10.676889507971296,11.171141549074452,9.621305648055065,9.568292181180077
1992-11-01 00:00:00+00:00,11.11863528806718,11.11332543024157,10.680862429410539,11.187813286920546,9.623805683822503,9.466810610245895
1992-12-01 00:00:00+00:00,11.11940289574936,11.697372160822468,10.605629416239074,11.189246128902852,9.411215751010577,9.44286282905132
1993-01-01 00:00:00+00:00,11.053219197119335,11.389631877547515,10.56033631090573,11.175256787675337,9.44381807390706,9.32339506768157
1993-02-01 00:00:00+00:00,11.021452494163134,11.356687724210605,10.534758205671347,11.17639995952226,9.190430179853545,9.304595974314294
1993-03-01 00:00:00+00:00,11.006551496784327,11.418252965108136,10.508923849886772,11.179167432633847,9.34411596972734,9.324419781947226
1993-04-01 00:00:00+00:00,11.017106991401294,11.36257233339418,10.537982010531557,11.186735345692597,9.325566956300614,9.238326662409454
1993-05-01 00:00:00+00:00,11.03152527284188,11.26299360713462,10.547066980322898,11.186399387613381,9.311486550180666,9.170042144942588
1993-06-01 00:00:00+00:00,11.056022068129097,11.160121475327832,10.511329025194291,11.198651578350031,9.449994122556879,9.273853999444883
1993-07-01 00:00:00+00:00,11.075821006783462,11.156904824345883,10.545651688056122,11.28942582531067,9.377545604100396,9.261593428623874
1993-08-01 00:00:00+00:00,11.092213326549425,11.165453119854742,10.549307375244732,11.320705045034188,9.432865102021232,9.300339000790668
1993-09-01 00:00:00+00:00,11.049489612191858,11.13001694590739,10.520253632013704,11.401084300949117,9.364277870661661,9.306856477569056
1993-10-01 00:00:00+00:00,11.05218993464784,11.227016620687847,10.522810330684143,11.40234092720121,9.369338592792255,9.266930328272455
1993-11-01 00:00:00+00:00,11.069348531517964,11.551544957679566,10.541842218159122,11.496366133643066,9.256526220826062,9.320149784506642
1993-12-01 00:00:00+00:00,11.078720105669834,11.35443168143605,10.553969465348278,11.500822712158357,9.280745317891261,9.341529298110672
1994-01-01 00:00:00+00:00,11.058689912651557,11.258788723963269,10.549103693930652,11.494753609616678,9.438574268777643,9.323738728531339
1994-02-01 00:00:00+00:00,11.050709333524605,11.271817406615902,10.536566135887483,11.49653706198526,9.372691548712405,9.316717844867348
1994-03-01 00:00:00+00:00,11.040562122191906,11.259836678250474,10.512618877641112,11.498058814312932,9.43196878235131,9.314882813947312
1994-04-01 00:00:00+00:00,11.053902010280543,11.303226109733599,10.524309513839457,11.502131524559893,9.456378848399277,9.319548965111412
1994-05-01 00:00:00+00:00,11.077711019638048,11.275377669575494,10.53749284949992,11.52704607733485,9.428805683670877,9.352263398552589
1994-06-01 00:00:00+00:00,11.093728299863118,11.290520679090358,10.555381719750295,11.559390471232957,9.300886706575078,9.352437794944366
1994-07-01 00:00:00+00:00,11.089988605449983,11.30182382830296,10.574677120828335,11.586167226735396,9.26993523122384,9.35750893033526
1994-08-01 00:00:00+00:00,11.056712108583328,11.31625831972561,10.577368914565929,11.607629216289231,9.301187563076741,9.363992036726957
1994-09-01 00:00:00+00:00,11.077195155219288,11.337284254845535,10.594507438986772,11.648846356788143,9.362994147995714,9.391514374103616
1994-10-01 00:00:00+00:00,11.072741866067576,11.327772375035126,10.600207001604312,11.668211155153571,9.588286878121757,9.3941644900527
1994-11-01 00:00:00+00:00,11.077295141400421,11.341831976679845,10.600912099433076,11.686344844295656,9.591622521046483,9.404983845308722
1994-12-01 00:00:00+00:00,11.08947005246074,11.350418487413853,10.612901337884354,11.700851101910684,9.654289322696247,9.383785927189837
1995-01-01 00:00:00+00:00,11.114216610014228,11.351264990947458,10.642991192317886,11.725841128316668,9.600945639326747,9.340836404234237
1995-02-01 00:00:00+00:00,11.050065854639067,11.323534537732833,10.617447977360017,11.737482762267415,9.49456062956148,9.325997243447945
1995-03-01 00:00:00+00:00,11.055389237914842,11.256266585694538,10.621636300981105,11.742927002759803,9.4161822307393,9.331239038152118
1995-04-01 00:00:00+00:00,11.081798781225203,11.271014950735513,10.6053742329612,11.751268438767347,9.487871217785234,9.34853144826486
1995-05-01 00:00:00+00:00,11.161796760782767,11.282147161479836,10.617133152648684,11.756830906264897,9.569863869092845,9.366313855217381
1995-06-01 00:00:00+00:00,11.23465109278775,11.3150932314103,10.659212459732133,11.874419165521331,9.588405824935059,9.422778920130817
1995-07-01 00:00:00+00:00,11.260622612605825,11.308213588117642,10.667054598113307,11.953833389288818,9.598734898390802,9.430222659935351
1995-08-01 00:00:00+00:00,11.283436030950993,11.315083771848071,10.659994380391538,11.957778699674689,9.616579159291316,9.414402253917194
1995-09-01 00:00:00+00:00,11.277318966340948,11.32430374804172,10.672198035394631,11.972074731513274,9.602569202197575,9.327868690196567
1995-10-01 00:00:00+00:00,11.295783385738897,11.32777238677546,10.684255831226734,11.980416302317282,9.717059807859686,9.374824917193617
1995-11-01 00:00:00+00:00,11.233149884627002,11.312418872533158,10.643866340744603,12.028949516776835,9.721298867097063,9.286269304103827
1995-12-01 00:00:00+00:00,11.239818358485465,11.33098066579017,10.661756844227806,12.104788117749786,9.680460248588481,9.310653418787997
1996-01-01 00:00:00+00:00,11.227547283186027,11.33480394355977,10.667670109957202,12.110365353349376,9.650724000290536,9.31335352591507
1996-02-01 00:00:00+00:00,11.22131368146197,11.34103010505061,10.652175900343673,12.11225279394721,9.607726071600638,9.377856498938995
1996-03-01 00:00:00+00:00,11.222324535241981,11.350467912210902,10.64579645436904,12.11860537828787,9.619066658225352,9.383972146772768
1996-04-01 00:00:00+00:00,11.179762338285965,11.342405647655758,10.567696064804885,12.118064625815089,9.603065670579678,9.325742315067474
1996-05-01 00:00:00+00:00,11.20117837917079,11.351081980435914,10.582696412830874,12.206957978772188,9.586713784932247,9.30527581235856
1996-06-01 00:00:00+00:00,11.200387751141886,11.354044178840953,10.576338321016374,12.219543449473727,9.731303551284654,9.291570182461784
1996-07-01 00:00:00+00:00,11.193530311791807,11.362279733453741,10.574572272270727,12.228299659430087,9.75265736520437,9.296790193432214
1996-08-01 00:00:00+00:00,11.19020640493956,11.342657777641554,10.57479060244739,12.24122751833642,9.81101426599408,9.323072584491735
1996-09-01 00:00:00+00:00,11.190025117922891,11.350663910843515,10.57471534346361,12.24998191193544,9.829324809656637,9.39434970872783
1996-10-01 00:00:00+00:00,11.212477393792874,11.338513513974974,10.658062954692253,12.259568372584798,9.827153434521614,9.68185598667106
1996-11-01 00:00:00+00:00,11.09332314748449,11.343920358146839,10.65277058435673,12.268072454547458,9.875273092909472,9.56052940247086
1996-12-01 00:00:00+00:00,11.073807488824949,11.350211008969403,10.539289124738417,12.27284513781401,9.869735667259734,9.573157343580812
1997-01-01 00:00:00+00:00,11.074541369194508,11.360307787170772,10.613640146913264,12.278344244568313,9.897099138814934,9.493614986121251
1997-02-01 00:00:00+00:00,11.07179754869297,11.366162289822322,10.603628167788875,12.282381449180997,9.901171882433221,9.499499235220728
1997-03-01 00:00:00+00:00,11.067274543470118,11.328737135048735,10.594036883099937,12.286029250343987,9.924388791811543,9.580847995364516
1997-04-01 00:00:00+00:00,10.953462977328572,11.309557407538845,10.487226543110287,12.282818434978905,9.939697504261545,9.548973768347523
1997-05-01 00:00:00+00:00,10.940767893439567,11.297297830812722,10.468145002472653,12.288041662728512,9.947221953284846,9.545607800758132
1997-06-01 00:00:00+00:00,10.936166024687074,11.291844966961923,10.469394707311812,12.29307944981691,9.975291130766477,9.57320128080691
1997-07-01 00:00:00+00:00,10.91185323089235,11.296875257857446,10.466838494731237,12.295626520343427,9.88878466752166,9.553559739998445
1997-08-01 00:00:00+00:00,10.950852569904507,11.308998302272627,10.476973432719186,12.304019588855189,9.946275457262072,9.564099857944148
1997-09-01 00:00:00+00:00,10.946647082740387,11.299379996105307,10.468368938512107,12.306496120198481,9.957471550488025,9.660017806547636
1997-10-01 00:00:00+00:00,10.916347678717589,11.26476105692429,10.453714628264121,12.306337150682166,9.873342219625378,9.643869170953868
1997-11-01 00:00:00+00:00,10.925776227383125,11.255514896523966,10.462818712464106,12.313707869650392,10.013181846483976,9.692109552772932
1997-12-01 00:00:00+00:00,10.93485158397522,11.254093507088468,10.470541250485788,12.321238065620525,10.013884711729439,9.71104342513372
1998-01-01 00:00:00+00:00,10.950571125303542,11.257979345865856,10.417644926030457,12.33260213313365,9.990471481376089,9.720660270605315
1998-02-01 00:00:00+00:00,10.934232388928569,11.253403616195419,10.402654028032712,12.33364598030058,9.832179750948152,9.71207095698617
1998-03-01 00:00:00+00:00,10.983714221959696,11.25915127953247,10.383342972262687,12.299782855334993,9.78822547833445,9.73182988568948
1998-04-01 00:00:00+00:00,10.984563692654897,11.248550273868075,10.322418901465342,12.30314197713497,9.937592565198493,9.72823177213634
1998-05-01 00:00:00+00:00,10.995095751384781,11.260918177360836,10.325626113352293,12.310418561641084,9.960064466560036,9.697621918998447
1998-06-01 00:00:00+00:00,10.973420468674057,11.26544309420424,10.313636770131051,12.312504481110611,10.01136039609643,9.531811672240115
1998-07-01 00:00:00+00:00,10.990031850289881,11.281366040690004,10.348386593607419,12.228892426840682,9.982331400726867,9.487261796227708
1998-08-01 00:00:00+00:00,10.996662545287018,11.287970967088086,10.345099775314626,12.234804788904631,9.924252409487332,9.488237119657672
1998-09-01 00:00:00+00:00,11.004009072932634,11.287011274412766,10.339403621745205,12.229519696256686,9.894941600711526,9.555842180561655
1998-10-01 00:00:00+00:00,11.022144982672305,11.281393809677084,10.359565272204756,12.238593814833244,10.016114326728227,9.49141035170648
1998-11-01 00:00:00+00:00,11.042898061536269,11.29230240178068,10.360772175218775,12.247427354933286,9.788851634478457,9.505776765414462
1998-12-01 00:00:00+00:00,11.076457566977021,11.312632695895967,10.394415448396265,12.260386179990586,9.874060424573983,9.492575429340334
1999-01-01 00:00:00+00:00,11.129349631091628,11.30075750011325,10.425881722933482,12.269238668412948,9.903133565735448,9.49966652551923
1999-02-01 00:00:00+00:00,11.107086339046676,11.343720566069992,10.405934693724403,12.27260396107895,10.05284936765465,9.557871873733298
1999-03-01 00:00:00+00:00,11.166409233614987,11.212146284371734,10.380080278056974,12.28057986565477,10.056529932141393,9.591546776707096
1999-04-01 00:00:00+00:00,11.150938279449054,11.026755398478517,10.311143344333432,12.309253364455664,10.057246722265901,9.585686011721842
1999-05-01 00:00:00+00:00,11.070909032952823,10.97966054928072,10.294063822775964,12.305949673329891,10.009478222828498,9.556525134817926
1999-06-01 00:00:00+00:00,11.05580392439724,11.021178517966884,10.285398692763755,12.307596726157136,10.120497322476355,9.561969920039258
1999-07-01 00:00:00+00:00,11.04524664447341,11.010970030223325,10.288333953486779,12.310066871793092,10.143003677694399,9.554912248439667
1999-08-01 00:00:00+00:00,11.018714804171823,11.000799936602617,10.279454902325398,12.312667925590375,10.130247740371967,9.546364487726448
1999-09-01 00:00:00+00:00,11.012758901773514,11.014514540013513,10.27203672017572,12.41001116296735,10.135946243507354,9.624439203102183
1999-10-01 00:00:00+00:00,11.039026131933246,11.041618577671949,10.559921732185652,12.466655312928493,10.12953308498726,9.56956263201808
1999-11-01 00:00:00+00:00,11.028470961922183,11.04249267112639,10.424833143943788,12.469118614743213,10.135278839643478,9.573897211171923
1999-12-01 00:00:00+00:00,11.040780993653987,11.025761624787213,10.54471608260068,12.51059127471143,10.15410930467237,9.572809054121695
2000-01-01 00:00:00+00:00,11.0377965610664,11.005790305294344,10.545203613136618,12.512038836458874,10.174614738249927,9.79904035944372
2000-02-01 00:00:00+00:00,11.023024730248627,10.981007191235893,10.612816367424173,12.509125260901984,10.253121997239518,9.900916949198606
2000-03-01 00:00:00+00:00,11.01039209376742,11.019265051447642,10.602215309246494,12.566945315719826,10.244463440245465,9.962331493986953
2000-04-01 00:00:00+00:00,10.982742186952649,10.995771787873638,10.669162696533734,12.584530626445545,10.257754867579672,9.831276818890892
2000-05-01 00:00:00+00:00,10.972684805452685,10.99474978956506,10.55541677126879,12.589059070076159,10.289771555349386,9.772461299966656
2000-06-01 00:00:00+00:00,10.997774718516986,11.030385411049206,10.527057361529547,12.625999280835403,10.331863887902486,9.668259887774278
2000-07-01 00:00:00+00:00,10.925147459457078,10.962587833886863,10.552715276958294,12.712643103603531,10.310498623451554,9.621000804187116
2000-08-01 00:00:00+00:00,10.935099041393956,10.980744433023423,10.582215730346157,12.720514548715714,10.279147856785002,9.446352706664964
2000-09-01 00:00:00+00:00,10.949210893050651,10.994043035612377,10.597562495814465,12.730403923111256,10.30230860882168,9.679876557670546
2000-10-01 00:00:00+00:00,10.92362030586836,10.943486667278073,10.615710120175615,12.731058891878863,10.304851309837687,9.667110521019994
2000-11-01 00:00:00+00:00,10.902034788450466,10.90452352355542,10.59125972568323,12.730957963756754,10.317278377569602,9.631264842134904
2000-12-01 00:00:00+00:00,10.91890403964114,10.963897877400766,10.593470475084851,12.743238559954742,10.320534950881198,9.625642157962705
2001-01-01 00:00:00+00:00,10.90064843474319,10.918345807322158,10.635845056660301,12.744208129342182,10.315774011662654,9.723036374072699
2001-02-01 00:00:00+00:00,10.905523473541065,10.938964477653563,10.685784357388117,12.75981760249431,10.330650300963407,9.798624560608193
2001-03-01 00:00:00+00:00,10.943770936478607,10.948883285996583,10.75016674008587,12.779597178005195,10.376683564964045,9.804668410561916
2001-04-01 00:00:00+00:00,10.941925519316799,10.930015661719922,10.726600643283229,12.787525995648881,10.381002447863239,9.805040768999751
2001-05-01 00:00:00+00:00,10.923048395578823,10.912883181792758,10.650808185263942,12.785889622632375,10.38540776608543,9.745898709317562
2001-06-01 00:00:00+00:00,10.881349790722117,10.885779634070097,10.670929216173706,12.780284418992787,10.410740410433615,9.717155613112286
2001-07-01 00:00:00+00:00,10.89088684875545,10.860408869136295,10.66687719943807,12.783106488193921,10.401312201731551,9.810757708942601
2001-08-01 00:00:00+00:00,10.900609236189428,10.850702329292453,10.676443992499047,12.78078229771199,10.402764583900009,9.838459990289648
2001-09-01 00:00:00+00:00,10.89308998585196,10.842553763209391,10.696113645106244,12.782710821914609,10.39515641915919,9.82912524769733
2001-10-01 00:00:00+00:00,10.909473802623163,10.855221658724263,10.664645935308071,12.797009014443589,10.419170580980271,9.788081924886807
2001-11-01 00:00:00+00:00,10.947439353947818,10.853622121760427,10.696485068369537,12.809025951018251,10.455065198613175,9.842014243944975
2001-12-01 00:00:00+00:00,11.00046790237671,10.897069895751615,10.696897341613283,12.873400881247834,10.430723093257727,9.828435203710596
2002-01-01 00:00:00+00:00,10.979542369472105,10.918271831884892,10.692422586086359,12.896321446652394,10.453013319031678,9.83076640045177
2002-02-01 00:00:00+00:00,10.970132169674871,10.903283536954339,10.699483181270258,12.891948284998927,10.442355268451553,9.813518617415601
2002-03-01 00:00:00+00:00,10.961862346455442,10.847469120835925,10.697822761796445,12.887033497291,10.432992156883085,9.795641237472811
2002-04-01 00:00:00+00:00,10.94178083410061,10.87490639599455,10.70796563030325,12.883931240264618,10.41477377835961,9.784257157333146
2002-05-01 00:00:00+00:00,10.938680934171883,10.875915371344806,10.713299990791144,12.889631059463676,10.431086773625735,9.685603857661825
2002-06-01 00:00:00+00:00,10.942515880121272,10.859295816971496,10.707729148203915,12.88436624598474,10.426531318234153,9.730974885444638
2002-07-01 00:00:00+00:00,10.947291810354459,10.841177856737861,10.730498744836483,12.897013352322624,10.45422473937311,9.807231332234847
2002-08-01 00:00:00+00:00,10.97737534175898,10.820296175124751,10.74676280031442,12.927923423458676,10.474349637589137,9.825807580773906
2002-09-01 00:00:00+00:00,11.06119002461765,10.84129501741333,10.80352932692771,12.99080099510126,10.516430173297355,9.92035991666123
2002-10-01 00:00:00+00:00,11.062085681982,10.858412829680798,10.798981100093863,13.007167391886084,10.495411936164613,9.925885532208282
2002-11-01 00:00:00+00:00,11.074972345510893,10.847306319601902,10.80072401607806,13.013378429954022,10.514753561063882,9.882021693095085
2002-12-01 00:00:00+00:00,11.079339384188264,10.858319884132955,10.843617004474956,13.023117964514407,10.501377841529896,9.89689202776571
2003-01-01 00:00:00+00:00,11.073764310391114,10.843596311627252,10.859152303652072,13.024038637548884,10.519786563228884,9.897157789352702
2003-02-01 00:00:00+00:00,11.07642651263015,10.853462316967933,10.87720979377939,13.02281077604207,10.499170372547344,9.8993085958691
2003-03-01 00:00:00+00:00,11.12671010950182,10.842921193365138,10.849346335175715,13.041555937307585,10.518242911871043,9.937335398528308
2003-04-01 00:00:00+00:00,11.118268957461755,10.842722003330655,10.737275348843001,13.059531025719846,10.529820518326963,9.916949980442354
2003-05-01 00:00:00+00:00,11.12042878093275,10.85348898398262,10.741276581993377,13.0746762927211,10.483562290759489,9.871931910734391
2003-06-01 00:00:00+00:00,11.141952601702062,10.873623631955448,10.725049688138144,13.097953011100165,10.484493432480495,9.858681165196288
2003-07-01 00:00:00+00:00,11.147091168255816,10.843789548678116,10.722677714833692,13.104518659897316,10.49461919966156,10.01773373814248
2003-08-01 00:00:00+00:00,11.173848758039297,10.87404154690726,10.769654956152962,13.188518225362449,10.525906053005057,10.113850058479818
2003-09-01 00:00:00+00:00,11.165019969818172,10.847597037252857,10.78525897668267,13.193947241846185,10.50757594658604,10.177845306497032
2003-10-01 00:00:00+00:00,11.150116635234381,10.826137357327399,10.78912479545928,13.214227259514345,10.481629732371726,10.309421790699078
2003-11-01 00:00:00+00:00,11.147346817648344,10.839094719412588,10.785950570124577,13.21015351376865,10.46950144663618,10.22823737124979
2003-12-01 00:00:00+00:00,11.203530579691595,10.861259871601096,10.83014321027231,13.296864407834446,10.508096456783612,10.224491272246107
2004-01-01 00:00:00+00:00,11.19968538387634,10.860419749829104,10.81513286190835,13.332245698485076,10.485384469759728,10.344490905884811
2004-02-01 00:00:00+00:00,11.216246079283279,10.84889956312678,10.829366769703503,13.361127344896582,10.492775302010509,10.376258548142888
2004-03-01 00:00:00+00:00,11.223829967149692,10.833563478677243,10.861837689091677,13.404966212695776,10.497424730840537,10.379369635053846
2004-04-01 00:00:00+00:00,11.214677592632322,10.83900502447251,10.813109932160584,13.502730732337199,10.500217868797963,10.285142605794618
2004-05-01 00:00:00+00:00,11.20770960303762,10.841761021369361,10.81648173227763,13.550396631679428,10.489576152029999,10.344461393140506
2004-06-01 00:00:00+00:00,11.213799960315894,10.833088810084831,10.875482955031908,13.612354618736363,10.50137620824342,10.472723198353506
2004-07-01 00:00:00+00:00,11.171072064950998,10.830296371801284,10.850533167553378,13.599105619357221,10.464940402095825,10.458493241703604
2004-08-01 00:00:00+00:00,11.181063421223413,10.815085040801387,10.862477877387036,13.60129236265559,10.489418808880025,10.519161716272203
2004-09-01 00:00:00+00:00,11.178963179290385,10.821468696259751,10.856877604706911,13.602582323266919,10.473717701761432,10.424206179805026
2004-10-01 00:00:00+00:00,11.160964756092113,10.791025933034305,10.869321240958786,13.60426354559197,10.467506870979069,10.445088537249138
2004-11-01 00:00:00+00:00,11.178281936164316,10.787567107466945,10.860305510003116,13.614538033019473,10.486919630759326,10.452206707663246
2004-12-01 00:00:00+00:00,11.177939718263252,10.787891850957635,10.866467059488068,13.617992433438175,10.497235623812912,10.270521018152943
2005-01-01 00:00:00+00:00,11.200793188119459,10.771328382298778,10.893756120738812,13.626052187350878,10.502708336953262,10.381935857065539
2005-02-01 00:00:00+00:00,11.233987298959835,10.775501047608952,10.952020900980722,13.6278934558787,10.435062176251089,10.412331152235048
2005-03-01 00:00:00+00:00,11.237040009137235,10.795949673494112,10.96372437615535,13.633858330591922,10.446644144805884,10.48577315623349
2005-04-01 00:00:00+00:00,11.160871355533558,10.801624797655027,10.899766227296887,13.629879632982723,10.449998780009192,10.458521428012318
2005-05-01 00:00:00+00:00,11.143693597351911,10.78551756057136,10.909375008742417,13.629001139730375,10.477696412872096,10.421941447934968
2005-06-01 00:00:00+00:00,11.125807418278645,10.789352567726336,10.964883261859512,13.625801310882803,10.496797773842161,10.470939794338113
2005-07-01 00:00:00+00:00,11.134358024301939,10.783615614743397,10.940543431071173,13.632647015655406,10.47887502866112,10.580770677847278
2005-08-01 00:00:00+00:00,11.107979657439767,10.78466814120966,10.92201838204287,13.631915079031135,10.462805046683874,10.626019299502946
2005-09-01 00:00:00+00:00,11.090606572045209,10.758137670832358,10.935758955313586,13.63252820294649,10.459557210183515,10.640038859806012
2005-10-01 00:00:00+00:00,11.060043767243933,10.74265074991919,10.934141523146579,13.627762372411503,10.412792088998273,10.653307060481577
2005-11-01 00:00:00+00:00,11.021940878710119,10.72332737940673,10.95379819009264,13.63770675783673,10.441492907952474,10.578942101784781
2005-12-01 00:00:00+00:00,11.005964064245616,10.769891160546166,10.929269561332392,13.631492358831938,10.420711449123111,10.454296960496608
2006-01-01 00:00:00+00:00,10.988295329370503,10.760187450174218,10.901321237812454,13.629436032937917,10.438909240815294,10.595181891033839
2006-02-01 00:00:00+00:00,10.963568311334223,10.731688738106067,10.902198106751086,13.630475928919822,10.438367549610478,10.648168392251565
2006-03-01 00:00:00+00:00,10.898288417710166,10.717518043083492,10.89690372651435,13.634318188560714,10.403114432070284,10.644024348112858
2006-04-01 00:00:00+00:00,10.906865898982385,10.71733588937354,10.902211500782009,13.638385047296797,10.40113380480318,10.651681277506281
2006-05-01 00:00:00+00:00,10.902659482192114,10.673709610192663,10.868155970633733,13.63683968939064,10.392784726484276,10.59682216593181
2006-06-01 00:00:00+00:00,10.902478800438972,10.681717737905892,10.911411011836401,13.638429942787162,10.490336646381937,10.665115246724177
2006-07-01 00:00:00+00:00,10.929622709892296,10.640245542065665,10.957730561617495,13.646378934793923,10.481391749390948,10.754475850613698
2006-08-01 00:00:00+00:00,10.933987196487996,10.67265939433375,11.007308056259639,13.650691179927668,10.480466171609487,10.812048609144606
2006-09-01 00:00:00+00:00,10.948926081993651,10.671863835858678,10.948992512184077,13.652738109979971,10.486977873639578,10.73348353389679
2006-10-01 00:00:00+00:00,10.942309740981685,10.6857052479309,10.931501621916116,13.660466053536554,10.500174424349774,10.835292650596415
2006-11-01 00:00:00+00:00,10.925304142659165,10.669628239297667,10.942623893660537,13.668642352031503,10.4852873413788,10.810197231955161
2006-12-01 00:00:00+00:00,10.918282612633297,10.656722626527888,10.937054461990147,13.672252968844926,10.489951059943822,10.706641234498566
2007-01-01 00:00:00+00:00,10.906824862815833,10.650834648771102,10.933620819073806,13.677053116080641,10.479438785825938,10.790251867467617
2007-02-01 00:00:00+00:00,10.92708686698226,10.65387930610324,10.967332837058331,13.688857167180007,10.502536999888505,10.813266626925657
2007-03-01 00:00:00+00:00,10.912428106070035,10.637933540763013,10.95923808625994,13.68731519684106,10.462926200417284,10.886467228437812
2007-04-01 00:00:00+00:00,10.89715229041912,10.648784860241452,10.916977464380654,13.68696954874976,10.48673035074344,10.961364354238782
2007-05-01 00:00:00+00:00,10.915825727778941,10.63851890462192,10.960455091218865,13.697524075046136,10.497848931688678,10.859533130197475
2007-06-01 00:00:00+00:00,10.924310707680068,10.637856857567767,11.024474228334032,13.701979878084824,10.577212237073926,10.929628784204551
2007-07-01 00:00:00+00:00,10.927349023066867,10.678021980921637,11.020772583982422,13.709002057950002,10.599356560853138,11.089992686602164
2007-08-01 00:00:00+00:00,10.914478159952605,10.691424556045495,11.02000998280893,13.704491015587278,10.597241096525376,11.128163818826682
2007-09-01 00:00:00+00:00,10.916650715083106,10.67509135871786,11.167447060303928,13.70744443256458,10.580028803979618,11.09677206934813
2007-10-01 00:00:00+00:00,10.932895366223839,10.678732793885906,11.001669746117123,13.718278959487728,10.60236588151338,11.114916038928763
2007-11-01 00:00:00+00:00,10.94141658131309,10.685994598826207,11.012155870328856,13.727360427048971,10.60232800992081,10.934302822982032
2007-12-01 00:00:00+00:00,10.968703823556556,10.704502299206844,11.05929819328648,13.740056970665227,10.618890092277224,10.705123465183698
2008-01-01 00:00:00+00:00,10.978240605011125,10.697284160752975,11.130919451181986,13.748366853171143,10.614267103123348,10.346193734665881
2008-02-01 00:00:00+00:00,11.00084749448795,10.700908667365558,11.165712403771497,13.765172897419943,10.615638166695975,10.203379180511105
2008-03-01 00:00:00+00:00,10.994138810527131,10.699338246709058,11.147623642176248,13.767143982808163,10.621113421070199,10.117327634027
2008-04-01 00:00:00+00:00,11.018228823424474,10.731175853848447,11.159346596841255,13.788476960431883,10.649207466170456,10.29094742503989
2008-05-01 00:00:00+00:00,11.040726905181515,10.748019283071658,11.20249845163463,13.79946107223222,10.68069066287228,10.338621984586108
2008-06-01 00:00:00+00:00,11.077873073813526,10.766363153836824,11.186598129344096,13.808102938413352,10.667796552750874,10.34061955062975
2008-07-01 00:00:00+00:00,11.056123398743027,10.791576358346383,11.14037826409589,13.797760945856295,10.680685701149756,10.34881967262097
2008-08-01 00:00:00+00:00,11.068650953848984,10.750248362197025,11.115941380264758,13.790381169556612,10.68029806428486,10.358194123847458
2008-09-01 00:00:00+00:00,11.07749523872613,10.773812635098988,11.084806097923364,13.793942728807307,10.686336894295549,10.377504285813835
2008-10-01 00:00:00+00:00,11.063364442479461,10.741403616565877,11.007884231440809,13.797420769810804,10.658649215635934,10.400643274631461
2008-11-01 00:00:00+00:00,11.027107128792167,10.721342613944472,10.942995658124488,13.791472274735504,10.65732758559977,10.25916089251172
2008-12-01 00:00:00+00:00,11.015229483743841,10.703745464443106,10.906432794205891,13.789299836388036,10.666237275976206,10.186588275217101
2009-01-01 00:00:00+00:00,10.98056826201753,10.699718991444191,10.86638403328149,13.774422081714258,10.629152759918947,10.243708165287293
2009-02-01 00:00:00+00:00,11.040316190600931,10.68931771181471,10.885911255090868,13.79816031464118,10.632639611568118,10.261105689858447
2009-03-01 00:00:00+00:00,11.106565047685429,10.672140912317886,10.935066913282565,13.824831763045047,10.686875581294123,10.331720112098742
2009-04-01 00:00:00+00:00,11.071665167320937,10.600459767826132,10.812464848813171,13.8037771472576,10.660293479752315,10.253999774179848
2009-05-01 00:00:00+00:00,11.037430610488226,10.595941451167782,10.835759460956483,13.80134252323351,10.671025983705492,10.264509419441062
2009-06-01 00:00:00+00:00,11.065332976262807,10.661996635184195,10.898047904196641,13.811504712454633,10.678747694858545,10.314898872015116
2009-07-01 00:00:00+00:00,11.067786654337532,10.65995090427319,10.939809019999085,13.805201231061119,10.65793404207739,10.46436326041851
2009-08-01 00:00:00+00:00,11.166155208687528,10.70843014891367,11.00627391789034,13.815522632315426,10.709138459461231,10.566873681556798
2009-09-01 00:00:00+00:00,11.162623781167024,10.711101464595645,11.026576424893012,13.811687405037667,10.704588933239656,10.597769669660877
2009-10-01 00:00:00+00:00,11.182895359998342,10.730507454335324,10.98862203620447,13.81706529554096,10.72132238808616,10.636972377200632
2009-11-01 00:00:00+00:00,11.659663105432404,11.00849333694142,11.164830955670919,13.836775827784,10.88682514926038,10.694116268041531
2009-12-01 00:00:00+00:00,11.722010088029732,11.023999518179291,11.192462004243396,13.84583720275595,10.969107674972065,10.608492138493181
2010-01-01 00:00:00+00:00,11.725202492333691,11.0437407252727,11.19614904921306,13.848833335553067,10.935292197876093,10.640829945450973
2010-02-01 00:00:00+00:00,11.727866831378869,11.020480553401534,11.185004235114024,13.86189202764876,10.938310744693561,10.574770125978398
2010-03-01 00:00:00+00:00,11.692901544914715,11.000854309293791,11.136130574141232,13.84010540845068,10.901133218741936,10.570038150214943
2010-04-01 00:00:00+00:00,11.686199657272386,11.00414260848827,11.143456697317943,13.844271165731856,10.948340446556658,10.564225674550782
2010-05-01 00:00:00+00:00,11.680570693166912,11.016865774177768,11.156905784754768,13.843292994273613,10.954680419910229,10.50839027427875
2010-06-01 00:00:00+00:00,11.66547228818247,11.005511991187015,11.2320320452882,13.834909985653558,10.942767966287834,10.458859126221764
2010-07-01 00:00:00+00:00,11.656509475978753,11.00832876371047,11.254897958050964,13.837426789682944,10.945778350292311,10.542218542644601
2010-08-01 00:00:00+00:00,11.636322425958518,11.016471479146025,11.229340633828057,13.832138735457061,10.931239184431362,10.410522114765081
2010-09-01 00:00:00+00:00,11.639320075952956,11.022652933065995,11.24494518646769,13.840011015651836,10.919749125701221,10.436986227761722
2010-10-01 00:00:00+00:00,11.679169243619283,11.034322471456676,11.261745148793544,13.855554449587439,10.954030100526007,10.589184810754237
2010-11-01 00:00:00+00:00,11.67339046068778,11.033507524491661,11.255067312998,13.860061321912632,10.96455678830468,10.444111858854093
2010-12-01 00:00:00+00:00,11.71225159185116,11.04093614878239,11.315140496645206,13.897193886093078,10.992125550575754,10.546897852742195
2011-01-01 00:00:00+00:00,11.730860890934988,11.040037820173476,11.304330988135451,13.90420125371302,10.981911362189477,10.582794909941052
2011-02-01 00:00:00+00:00,11.688903359506625,11.023018050235807,11.294359452210053,13.887385792808834,10.940589208017355,10.554359737195098
2011-03-01 00:00:00+00:00,11.70677866107879,11.0396355440173,11.338638713872179,13.88315521682151,10.95077072637196,10.562543072249925
2011-04-01 00:00:00+00:00,11.719143426961292,11.049211413509836,11.382050578306043,13.883608460210198,10.977831995328668,10.51864420953912
2011-05-01 00:00:00+00:00,11.72491639739475,11.05083167525687,11.418625902618645,13.880408765612934,11.005062160515667,10.516542620128579
2011-06-01 00:00:00+00:00,11.761920100132652,11.078400786965894,11.441166537503541,13.893041713070378,11.009450103929929,10.412093344298114
2011-07-01 00:00:00+00:00,11.79015960168429,11.103562073603095,11.486285595492726,13.908781743320436,11.0485233225264,10.543539762028761
2011-08-01 00:00:00+00:00,11.819710540775908,11.100506198123592,11.449024048844342,13.912380877850802,11.06405578010519,10.578915118178871
2011-09-01 00:00:00+00:00,11.8249495735628,11.097479502355585,11.44954991733544,13.91151027483804,11.040103491081336,10.604564406567238
2011-10-01 00:00:00+00:00,11.839798049768607,11.110616604771897,11.49239810962176,13.920586760508998,11.05183913170147,10.60679693131983
2011-11-01 00:00:00+00:00,11.846627268100415,11.115597095857801,11.504199563954737,13.975825588758495,11.071248716157843,10.648442030170381
2011-12-01 00:00:00+00:00,11.830983213266212,11.110427798473513,11.45603953117382,13.964560574654046,11.059448916386453,10.588993347312407
2012-01-01 00:00:00+00:00,11.846923818039715,11.114649558739293,11.47261889061019,13.97038074318642,11.08583021748758,10.663457404185529
2012-02-01 00:00:00+00:00,11.827643248952782,11.100001529181377,11.473821219724458,14.048054834899173,11.090565574320319,10.60741003356448
2012-03-01 00:00:00+00:00,11.827095318745586,11.11137375284066,11.455954764477603,14.04517070233652,11.09212496858698,10.66390432194615
2012-04-01 00:00:00+00:00,11.836737941932695,11.115830485482373,11.464006278338314,14.049600728246203,11.100220350603463,10.72081496465382
2012-05-01 00:00:00+00:00,11.833852483412754,11.123997961555466,11.491175133040905,14.046090965878715,11.150553411859256,10.790640725102003
2012-06-01 00:00:00+00:00,11.835275733083183,11.125715262192267,11.478103244994438,14.036892661696989,11.14427960358181,10.772584043721086
2012-07-01 00:00:00+00:00,11.859501059156917,11.141052269343533,11.489296058110824,14.037753871336003,11.147114366629589,10.726803427295854
2012-08-01 00:00:00+00:00,11.833731185969436,11.131490893021661,11.485203544966256,14.030096137433032,11.135009158837354,10.773852961993104
2012-09-01 00:00:00+00:00,11.840712263817084,11.129809769599301,11.481814300636344,14.023485041385536,11.098066930766334,10.693294605360862
2012-10-01 00:00:00+00:00,11.837487897419201,11.12448629654813,11.49561789489489,14.024825903493618,11.099590394333987,10.717225839734274
2012-11-01 00:00:00+00:00,11.852678957530049,11.133693854170708,11.490617626675064,14.024675214452444,11.112481020742798,10.626000509066435
2012-12-01 00:00:00+00:00,11.863824018222688,11.134201311498655,11.50270507174729,14.025177514473837,11.126477837919195,10.656046545643855
2013-01-01 00:00:00+00:00,11.857842321358575,11.134930726857132,11.509621869901189,14.024011727817195,11.12528912327547,10.754776860818898
2013-02-01 00:00:00+00:00,11.851071009290063,11.127501456808478,11.507740658469361,14.021179200812274,11.127768241378881,10.686332409982478
2013-03-01 00:00:00+00:00,11.843191848323682,11.118730365355884,11.518495691061672,14.020202572810124,11.132615799334587,10.711436543331226
2013-04-01 00:00:00+00:00,11.8554783547484,11.12761495060518,11.510627922732999,14.019514316204027,11.137677340270384,10.692269483696359
2013-05-01 00:00:00+00:00,11.833531937095536,11.11359390848252,11.495332423632881,14.014108430766253,11.144637618077219,10.618015053440573
2013-06-01 00:00:00+00:00,11.815158378191857,11.106479595953761,11.50658262536386,14.010252339119178,11.15700053863773,10.752014630826274
2013-07-01 00:00:00+00:00,11.818596674881807,11.110119675047772,11.52053551906822,14.015822834921067,11.177241164262472,10.777055568181195
2013-08-01 00:00:00+00:00,11.798109281919796,11.09997803353331,11.515722545256015,14.010993588533031,11.164121629723493,10.742410987339907
2013-09-01 00:00:00+00:00,11.81052021491754,11.098811471306004,11.520968364812228,14.005594460553748,11.138457235709303,10.714745709123681
2013-10-01 00:00:00+00:00,11.82324218035221,11.088436107832472,11.547097982704072,14.01571608604362,11.150872790556752,10.755895458693168
2013-11-01 00:00:00+00:00,11.810912255199982,11.095324174163636,11.565595082782597,14.014240408541829,11.153242502836303,10.74219292570774
2013-12-01 00:00:00+00:00,11.825586499585421,11.09239264234926,11.590886324168775,14.031244103468262,11.174119252130948,10.734467128292627
2014-01-01 00:00:00+00:00,11.820740368162623,11.089631951016342,11.611102655981826,14.033953355058262,11.17559543091901,10.835655906456543
2014-02-01 00:00:00+00:00,11.806123265512781,11.094640555704842,11.60045494677797,14.034234877450801,11.183251355988176,10.846869932527333
2014-03-01 00:00:00+00:00,11.802107392625643,11.117882591157333,11.578107275524752,14.028375676100724,11.181938504498106,10.814657464011951
2014-04-01 00:00:00+00:00,11.800918420851461,11.110978986295276,11.594335180005269,14.035642834616759,11.193524967081066,10.679253468177585
2014-05-01 00:00:00+00:00,11.806815302555446,11.096809952536102,11.608556284963113,14.043070345810827,11.25209574765004,10.668326308335496
2014-06-01 00:00:00+00:00,11.799931568882478,11.109352985844696,11.656580766888633,14.0366731543228,11.242753772632724,10.897703316086233
2014-07-01 00:00:00+00:00,11.79988076171186,11.114668362334353,11.637479454544094,14.039518923187313,11.253789216809908,10.903801428998944
2014-08-01 00:00:00+00:00,11.802134005618239,11.100921769980712,11.640612138024364,14.041145453246827,11.261447461033383,10.954005259287458
2014-09-01 00:00:00+00:00,11.80660297393424,11.099258742233484,11.671218329920979,14.039876417876565,11.235168803619406,10.930532441319222
2014-10-01 00:00:00+00:00,11.789608151141879,11.102210191154782,11.661063037251992,14.034138495931996,11.229809351145178,10.918111907935655
2014-11-01 00:00:00+00:00,11.777416960923487,11.103146848891754,11.664448538094094,14.035723553011499,11.231751639074423,10.874909916705592
2014-12-01 00:00:00+00:00,11.744137347670403,11.083810415244647,11.623807371363792,14.026128981324012,11.206001347156366,10.822728047149385
2015-01-01 00:00:00+00:00,11.73801519819954,11.087937856204412,11.634434030354381,14.028397634055663,11.209122091620033,10.696718084561738
2015-02-01 00:00:00+00:00,11.716679091964888,11.083973717348647,11.6501534518066,14.030577373814445,11.211798424249384,10.807497915940509
2015-03-01 00:00:00+00:00,11.687286115263092,11.039169666701085,11.630331320359044,14.023345339443456,11.219683783192371,10.83592835964048
2015-04-01 00:00:00+00:00,11.65756219872053,11.040167206344973,11.659049820597149,14.02257524861698,11.221447146766325,10.613676369374645
2015-05-01 00:00:00+00:00,11.641110950005652,11.040569855326032,11.685437200712483,14.015352345757266,11.220601279341995,10.676215243076483
2015-06-01 00:00:00+00:00,11.592000425097103,11.02257532477475,11.726543467866339,14.011142301184151,11.258888400000416,10.84486134194053
2015-07-01 00:00:00+00:00,11.610497010785377,11.028769949348945,11.753400323748687,14.015181558413893,11.260987648692957,10.745029117041815
2015-08-01 00:00:00+00:00,11.594451320014567,11.020293409730131,11.767011447416635,14.011413425316563,11.253566337025859,10.785817200582898
2015-09-01 00:00:00+00:00,11.601774777871467,11.017511985493897,11.763825634755865,14.009506108375707,11.242197414126705,10.71640793363852
2015-10-01 00:00:00+00:00,11.592447177795652,10.99270607984441,11.790572718586024,14.01046728680424,11.249945298784947,10.665399378718146
2015-11-01 00:00:00+00:00,11.606944580303855,10.990924695374504,11.82747708118961,14.011236333935024,11.261188703807168,10.639555440705251
2015-12-01 00:00:00+00:00,11.600724671755275,10.991151002862628,11.847222655177466,14.015586118637483,11.268673286842853,10.692556661864947
2016-01-01 00:00:00+00:00,11.591973922631615,10.990411158212924,11.860431966371348,14.01113666744907,11.277739680629475,10.48550522120345
2016-02-01 00:00:00+00:00,11.567408232662833,10.97127894552651,11.827484213049614,14.003523567292682,11.26587187752596,10.602079129032939
2016-03-01 00:00:00+00:00,11.57627236171475,10.976898446194548,11.831631815129874,14.003664410166497,11.285967722241052,10.663191257411968
2016-04-01 00:00:00+00:00,11.57258295638108,10.976015810342231,11.850765395087528,14.014929049180171,11.304157335233226,10.493516946287093
2016-05-01 00:00:00+00:00,11.572864487112115,11.007089515769826,11.839129649451055,14.017397232711886,11.305781643708588,10.469186947942372
2016-06-01 00:00:00+00:00,11.596214966116179,11.01563615009806,11.870542537411085,14.023827764734646,11.316801323844572,10.649285631153951
2016-07-01 00:00:00+00:00,11.608176747144896,11.031269310838917,11.920043112727054,14.023188242663617,11.337636865687102,10.640249155622302
2016-08-01 00:00:00+00:00,11.591261596218336,11.038622432750588,11.898436384620815,14.017705058930035,11.34211432912765,10.782963774377684
2016-09-01 00:00:00+00:00,11.600580902750151,11.03229121508314,11.912987817908816,14.024837880808185,11.33285479792943,10.680534192735855
2016-10-01 00:00:00+00:00,11.6024934765008,11.036557229677953,11.932757673299475,14.023883333283491,11.32543939819555,10.603083361972148
2016-11-01 00:00:00+00:00,11.601593897290238,11.036400330178367,11.932401366819814,14.017457198236533,11.335666218053461,10.55606632918904
2016-12-01 00:00:00+00:00,11.62078988673768,11.025063260386817,11.792643835727532,14.020528782525497,11.340897032423328,10.682372206694128
2017-01-01 00:00:00+00:00,11.608043654844757,11.012323252279746,11.785384621516329,14.007317765870749,11.331203939765503,10.578636090031212
2017-02-01 00:00:00+00:00,11.58224598347642,11.000304091818881,11.7448122722619,13.989672209045642,11.328157631778003,10.638240918448684
2017-03-01 00:00:00+00:00,11.573934099188385,10.995109068484094,11.723998892834055,13.98805686198244,11.32319385168686,10.815711902329417
2017-04-01 00:00:00+00:00,11.591196964101657,10.998709926115648,11.760879665919624,13.999184689646311,11.347852790323229,10.630675472860558
2017-05-01 00:00:00+00:00,11.582826119321167,10.993954706025368,11.758222926950827,13.99894920281354,11.31558580249373,10.659887192374608
2017-06-01 00:00:00+00:00,11.587591383837026,10.995030229930236,11.771371735292512,13.997493048353196,11.321154170035193,10.915608073287883
2017-07-01 00:00:00+00:00,11.598964836806415,10.998783158414941,11.822112060821608,14.006975788566846,11.346987726680334,10.87816940799896
2017-08-01 00:00:00+00:00,11.614259142716785,11.002123512657514,11.833260460402471,14.014856844791076,11.357319259726037,10.937136480618692
2017-09-01 00:00:00+00:00,11.617052469289717,11.01114067181116,11.812431110582306,14.013679675526593,11.345997643917638,10.965577102478386
2017-10-01 00:00:00+00:00,11.632027479324138,11.026071655694137,11.869222471612433,14.021474337404765,11.34979461191669,10.816088155799621
2017-11-01 00:00:00+00:00,11.639340893356986,11.011254904655607,11.86734092289304,14.027062429171249,11.352225901314576,10.886172074926167
2017-12-01 00:00:00+00:00,11.633567586475106,11.019890744571423,11.824196564079589,14.02625788219789,11.343217390571814,10.87096648215596
2018-01-01 00:00:00+00:00,11.622593590346511,11.038694328789646,11.820253752409778,14.022145024222281,11.331866816129875,10.883864239617472
2018-02-01 00:00:00+00:00,11.629708861420019,11.034992427859567,11.799295614375843,14.022206139631756,11.372020557899704,10.967491656947983
2018-03-01 00:00:00+00:00,11.6285007812714,10.991323671691973,11.83445616618789,14.024347387742834,11.369951998178777,11.044797118173625
2018-04-01 00:00:00+00:00,11.6541943008327,10.997323301882837,11.871298217193496,14.02682041028782,11.370757093636152,10.806251804294057
2018-05-01 00:00:00+00:00,11.649936115908018,11.004305745087903,11.856747762634127,14.021863816838218,11.367730998510606,10.861117847223241
2018-06-01 00:00:00+00:00,11.655563894436119,11.012337168234232,11.880635121187455,14.027045496747427,11.330168107339858,10.9240710225498
2018-07-01 00:00:00+00:00,11.639549570656266,10.990529509951106,11.861371329335446,14.017280430711365,11.317158976090399,10.847029039236842
2018-08-01 00:00:00+00:00,11.624495722239702,10.988591269009477,11.888115637629292,14.016186161346855,11.299456904372427,10.985772593017803
2018-09-01 00:00:00+00:00,11.64445952032771,10.988547626650496,11.87036218454052,14.020714540240407,11.311600268166668,10.872181227539645
2018-10-01 00:00:00+00:00,11.640908024209939,10.992046105072703,11.856203601265468,14.019234337219375,11.312237239507631,10.77948174396057
2018-11-01 00:00:00+00:00,11.639454854612502,10.979771760611312,11.894334287160842,14.022080005943016,11.305141157089636,10.786626529015562
2018-12-01 00:00:00+00:00,11.632374628495073,10.972589210093528,11.863162799232265,14.022680815274972,11.298284894270353,10.815427076983005
2019-01-01 00:00:00+00:00,11.630982162697162,10.981957981803829,11.88652168905736,14.016581913585885,11.315549865602703,10.647574012619257
2019-02-01 00:00:00+00:00,11.630358036556862,10.9823751631899,11.951569223824153,14.020922419554388,11.31457929329718,10.714517571688084
2019-03-01 00:00:00+00:00,11.650572041202778,10.98822233712695,11.982128492253688,14.029762956870464,11.337686004521377,10.841091278768861
2019-04-01 00:00:00+00:00,11.655434476423201,10.995875230161513,11.99475784424981,14.035629806311558,11.383646668457802,10.630925212052523
2019-05-01 00:00:00+00:00,11.650828239934585,10.9956959196162,11.96104028125504,14.037762072710915,11.343562416194828,10.72383788884145
2019-06-01 00:00:00+00:00,11.645128089995572,10.99037803577057,11.920904668254092,14.04602804432088,11.33141730536796,10.84377621287341
2019-07-01 00:00:00+00:00,11.663263804980188,10.998975804233378,11.944319878301293,14.047621981966186,11.362561807289886,10.818011771981219
2019-08-01 00:00:00+00:00,11.660710696093492,11.005341958939386,11.872786957970318,14.058769912249717,11.358663660319086,10.855623330104136
2019-09-01 00:00:00+00:00,11.67261892756092,11.006044074938496,11.896397546442545,14.067713734671605,11.365584329121834,10.83855944435996
2019-10-01 00:00:00+00:00,11.676776862951638,11.007139755681415,11.945665290118889,14.06272688189797,11.353455167743208,10.630036654821744
2019-11-01 00:00:00+00:00,11.674065132345092,11.02513952108399,11.935444119380469,14.072567272508948,11.36381687759179,10.711001575185637
2019-12-01 00:00:00+00:00,11.666112676864962,10.994733398181964,11.878840577916085,14.06638633774756,11.353208247839648,10.661221485720969
2020-01-01 00:00:00+00:00,11.67649617472658,10.998028889355295,11.983790586396823,14.0673552604951,11.356446447564409,10.691051045553568
2020-02-01 00:00:00+00:00,11.66905132609289,10.98750999411605,11.951759637931508,14.062769160455662,11.350553321451875,10.791138965640407
2020-03-01 00:00:00+00:00,11.682142520853093,10.988415520121427,11.9727252662273,14.066248839614971,11.35389586167153,10.92600278938443
2020-04-01 00:00:00+00:00,11.676964437462086,11.007178160320876,11.941951715736566,14.079365869306365,11.367569903332177,10.730120904268844
2020-05-01 00:00:00+00:00,11.673207773463247,11.02379807490895,11.924700168300669,14.091692656260635,11.380164367678317,10.835636552419693
2020-06-01 00:00:00+00:00,11.66880887222772,11.007094255149298,11.945788960221075,14.097113359029922,11.363269732072663,10.873474054435519
2020-07-01 00:00:00+00:00,11.67640818132121,11.026739192085135,11.960287745335805,14.096093780715726,11.377364253722957,10.537385031056997
2020-08-01 00:00:00+00:00,11.705177242356482,11.028950642252196,11.96523014884664,14.102793414359548,11.377930492714865,10.50883783808021
2020-09-01 00:00:00+00:00,11.71871100491439,11.035723990529847,11.953806235857938,14.1052989181036,11.376841448799599,10.557689664094987
2020-10-01 00:00:00+00:00,11.76702788739555,11.050367306754435,11.97183050963324,14.115999015716808,11.412006960301943,10.585337138313573
2020-11-01 00:00:00+00:00,11.770250881946481,11.042715329848459,11.964803621959012,14.113190144393394,11.406395899637143,10.589023436857051
2020-12-01 00:00:00+00:00,11.759162606117826,11.038973408179357,11.921461658313849,14.107997836120578,11.409310758273222,10.57690058857824
2021-01-01 00:00:00+00:00,11.763191994876092,11.041196298584833,11.939668966866014,14.104040516994251,11.417208239995396,10.577067333802175
2021-02-01 00:00:00+00:00,11.776445641523505,11.050137661875251,11.989831115384934,14.106384889730805,11.426732660327223,10.594717238642858
2021-03-01 00:00:00+00:00,11.804468294528728,11.066159290553351,11.990329208952451,14.111371540183713,11.412310741530899,10.575206680068154
2021-04-01 00:00:00+00:00,11.797863580023993,11.078527054776297,11.95111236936883,14.109923570645126,11.397592495739334,10.547407111848768
2021-05-01 00:00:00+00:00,11.793326877288584,11.07616685127064,11.943906700764245,14.1026969735716,11.365881783595627,10.595025651789133
2021-06-01 00:00:00+00:00,11.759840479207199,11.057464522004182,11.946138511218495,14.092132251485623,11.331104507723007,10.68379833782206
2021-07-01 00:00:00+00:00,11.775899564079346,11.060688684579082,11.947399932758625,14.098083257656878,11.342579717905727,10.674827716319491
2021-08-01 00:00:00+00:00,11.781187746510016,11.067836350442725,11.933620048113255,14.102160867808307,11.398821296455717,10.66351449571718
2021-09-01 00:00:00+00:00,11.768682132641633,11.062080687687073,11.917922607783701,14.09669835353032,11.396990733759756,10.691441235870064
2021-10-01 00:00:00+00:00,11.771543510469055,11.066065541359325,11.927540654897465,14.102962886713353,11.409768074965145,10.658446276174196
2021-11-01 00:00:00+00:00,12.39742108925076,11.51863383017452,12.067163375874374,14.131135794615966,11.576261756224184,10.881103152209729
2021-12-01 00:00:00+00:00,12.386241570172928,11.508048139571331,12.077550389083628,14.121627564599848,11.572849977808175,10.902818904710488
2022-01-01 00:00:00+00:00,12.394163850862023,11.511354833266747,12.071131572897649,14.117555274505847,11.55377293865703,10.862182073760712
2022-02-01 00:00:00+00:00,12.384991665892004,11.516872437343261,12.072874311085577,14.120548598971117,11.548548976307702,10.87884333661545
2022-03-01 00:00:00+00:00,12.38921610277674,11.504581345565862,12.078375656547625,14.120229899709617,11.576980615272634,10.892834632782309
2022-04-01 00:00:00+00:00,12.385601923184085,11.501312075850327,12.034066113022291,14.106015818270235,11.556006494234655,10.862363069763024
2022-05-01 00:00:00+00:00,12.387371708299693,11.514924107475965,12.037965075273531,14.102662824232059,11.541408100235305,10.861894982959912
2022-06-01 00:00:00+00:00,12.376584994353095,11.51196858868047,12.050568170933502,14.080368560434211,11.549871283498206,10.86250246485825
2022-07-01 00:00:00+00:00,12.345472041480768,11.489507593005012,11.994301992039555,14.054690105221447,11.567578879594574,10.820900929563527
2022-08-01 00:00:00+00:00,12.351341590858256,11.495048833982695,11.980861821109144,14.062089261416485,11.588897011842668,10.831600234412525
2022-09-01 00:00:00+00:00,12.335055734931343,11.484853013191406,11.963813728237355,14.048075443094891,11.573854361322455,10.814592110709558
2022-10-01 00:00:00+00:00,12.332675078570087,11.480815554707975,11.947680649621637,14.058725058109724,11.577189984098398,10.837228790766396
2022-11-01 00:00:00+00:00,12.315245478073736,11.46549337515182,11.942349479523559,14.034967418249128,11.587719555554884,10.837863397050263
2022-12-01 00:00:00+00:00,12.29733687248307,11.459794619211866,11.871776977572484,13.991632962020399,11.540259967312219,10.819096898020753
2023-01-01 00:00:00+00:00,12.30932631343921,11.4668123467207,11.904183130734234,13.955259739507152,11.547169305789755,10.816184010347081
2023-02-01 00:00:00+00:00,12.339841144753128,11.492281234687608,11.95573974045749,13.979869231422196,11.572736335587644,10.888623396112497
2023-03-01 00:00:00+00:00,12.357576842342041,11.496935131673414,11.972436037974617,13.979565772514702,11.580138943012846,10.885290731059262
2023-04-01 00:00:00+00:00,12.371853201004226,11.505499981344249,11.965136912579396,13.996078554515153,11.604607346613877,10.886323835969861
2023-05-01 00:00:00+00:00,12.356367099706565,11.49244613479809,11.92429013583941,13.977982800023948,11.594166452940144,10.834068678617488
2023-06-01 00:00:00+00:00,12.371370291266121,11.510276342315576,11.942336109058031,14.000506321615738,11.605088069567689,10.858575594542067
2023-07-01 00:00:00+00:00,12.370082943315724,11.512043274151253,11.955917720083997,14.007357667709211,11.644203080797281,10.902324437185355
2023-08-01 00:00:00+00:00,12.354374795470838,11.500525567489126,11.929895691081532,13.998741147350572,11.639684654647372,10.850438119970713
2023-09-01 00:00:00+00:00,12.35865332272373,11.510455601017092,11.946031046300602,13.99379504922804,11.643573268335023,10.86860462699576
2023-10-01 00:00:00+00:00,12.362934652117742,11.51579761331127,11.975349960150867,13.997890833032523,11.643905822834217,10.896539496045001
2023-11-01 00:00:00+00:00,12.35776988701524,11.506793138839228,11.967019752260539,13.99644897578794,11.645475923751583,10.898609133683307
2023-12-01 00:00:00+00:00,12.345613718368103,11.490478907581892,11.929675649170779,13.986408912766509,11.625707877154147,10.843544755275627
2024-01-01 00:00:00+00:00,12.34440985412269,11.49676003743141,11.927718061077723,13.984141637459038,11.626523346356946,10.844973145234592
2024-02-01 00:00:00+00:00,12.35598704305041,11.513387076682623,11.948328745126364,14.009714744425844,11.65204817739072,10.890212495391488
2024-03-01 00:00:00+00:00,12.363549794284431,11.516832102858922,11.966169236249346,14.02944468315215,11.674626703829555,10.943854275193411
2024-04-01 00:00:00+00:00,12.358642301223423,11.507304819200996,11.943471005483726,14.027346641310112,11.657698018182753,10.831135314382147
2024-05-01 00:00:00+00:00,12.35727112303405,11.517916890386216,11.937005850967056,14.019086962755441,11.657318371317118,10.833286970884112
2024-06-01 00:00:00+00:00,12.357768523531991,11.508834836233618,11.942645513533856,14.022831294587675,11.672040263599973,10.812550571399376
2024-07-01 00:00:00+00:00,12.34827183432489,11.498520781339455,11.90482031486343,14.011264777371322,11.69021614100599,10.801900358588824
2024-08-01 00:00:00+00:00,12.354555376735243,11.505197902290442,11.930064563020213,13.970548253355984,11.704515959168372,10.837036775637102
2024-09-01 00:00:00+00:00,12.350515348348374,11.5121137589863,11.914825052841394,13.970885483071818,11.70576882467988,10.876094479309474
2024-10-01 00:00:00+00:00,12.363847119211258,11.509815021138698,11.937331160392516,13.95795098056654,11.715962035442168,10.860094629745598
2024-11-01 00:00:00+00:00,12.380248990032308,11.516077653480563,11.953335296047198,13.970279103787107,11.728573546518877,10.935750389336214
2024-12-01 00:00:00+00:00,12.38663610170682,11.532363243468437,11.948048310676807,13.98387247467465,11.747009392808744,10.924733256971844
2025-01-01 00:00:00+00:00,12.358295867009891,11.499834628400441,11.924954571667024,13.967874312626117,11.706734753359504,10.902271806153102
2025-02-01 00:00:00+00:00,12.347672791727321,11.509754968513802,11.925290803616598,13.969854737492883,11.703016228047963,10.902361094763412
2025-03-01 00:00:00+00:00,12.336046396866376,11.480315191541788,11.908807162318507,13.963673960394704,11.693399260679275,10.905135649212363
2025-04-01 00:00:00+00:00,12.341073283427681,11.49357729996943,11.909282673080975,13.967498251690081,11.661803397935254,10.92676151314115
2025-05-01 00:00:00+00:00,12.346569700369416,11.49847237867649,11.918649026184344,13.977785218693315,11.676283149969532,10.9487968645199
2025-06-01 00:00:00+00:00,12.365582668505532,11.505450931953467,11.937583619325824,13.98759885414877,11.72896294027815,10.937342264919115
2025-07-01 00:00:00+00:00,12.399995361020908,11.527580610002516,11.976414224036816,14.004837439745389,11.718416437145478,10.924545278568123
2025-08-01 00:00:00+00:00,12.401152278182225,11.533990919429423,11.985258169010727,14.00529710333931,11.720909922268113,10.95742615529585
2025-09-01 00:00:00+00:00,12.407535199302828,11.540667013377886,12.014994571568751,14.01793415221529,11.74219150323047,10.926684016586949
2025-10-01 00:00:00+00:00,12.390696930321841,11.525257983732995,12.00061225522352,14.010016499321704,11.731538544359463,10.91358245701774
2025-11-01 00:00:00+00:00,12.406179480406594,11.523370610103296,12.023677124021342,14.023289160349208,11.74177580774608,10.939346207213209
2025-12-01 00:00:00+00:00,12.406766848435659,11.51915362083916,12.045938664448983,14.02838026297569,11.731479093904642,10.968612672534977
2026-01-01 00:00:00+00:00,12.3921701931266,11.512567048968815,12.037469364297918,14.029224988857539,11.749459467801064,10.953939155220686
2026-02-01 00:00:00+00:00,12.394078915666066,11.52138874595675,12.040868559371386,14.034938663091463,11.741266129094631,10.97647730286369
2026-03-01 00:00:00+00:00,12.401935854536573,11.530065225797667,12.048143149993383,14.040734301839565,11.74107166781333,11.036743498645416
2026-04-01 00:00:00+00:00,12.409793368197048,11.538846502024983,12.051903740901674,14.046025346356679,11.747794138632091,10.970247787902924
2026-05-01 00:00:00+00:00,12.408525071760621,11.536358777548141,12.066436891763681,14.053468568207634,11.743727277573692,10.990328590623362
2026-06-01 00:00:00+00:00,12.393726280451537,11.529483332428143,12.06052796592015,14.03816685735858,11.732985465792169,10.980928625156528
2026-07-01 00:00:00+00:00,12.40247339504739,11.530223846270049,12.041898739557402,14.04469070220339,11.732546888161686,10.975637099175788
2026-08-01 00:00:00+00:00,12.404998892512115,11.537633171507393,12.045063077988713,13.982911651393453,11.734214653892542,10.961464339665648
2026-09-01 00:00:00+00:00,12.389312907416175,11.523692545473171,12.075541951386445,13.97930403024951,11.729759102313725,10.962031256852649
2026-10-01 00:00:00+00:00,12.395211120615139,11.541203696922961,12.037026463128182,13.978970826824723,11.73450220832987,11.036921520116426
2026-11-01 00:00:00+00:00,12.404106896657938,,12.039756284298642,13.895633714728671,11.737391089414793,11.026365027320365
