observation_date,AUD,CAD,CHF,EUR,GBP,JPY,NZD
1954-08-01 00:00:00+00:00,,,,,,,
1954-09-01 00:00:00+00:00,,,,,,,
1954-10-01 00:00:00+00:00,,,,,,,
1954-11-01 00:00:00+00:00,,,,,,,
1954-12-01 00:00:00+00:00,,,,,,,
1955-01-01 00:00:00+00:00,,,,,,,
1955-02-01 00:00:00+00:00,,0.5900000000000003,0.0900000000000003,,,,
1955-03-01 00:00:00+00:00,,0.48,0.10000000000000009,,,,
1955-04-01 00:00:00+00:00,,0.4099999999999997,0.1599999999999997,,,,
1955-05-01 00:00:00+00:00,,0.33999999999999986,0.10000000000000009,,,,
1955-06-01 00:00:00+00:00,,0.3500000000000001,0.23000000000000043,,,,
1955-07-01 00:00:00+00:00,,0.3200000000000003,0.28000000000000025,,,,
1955-08-01 00:00:00+00:00,,0.2200000000000002,0.14000000000000012,,,,
1955-09-01 00:00:00+00:00,,0.23999999999999977,0.10999999999999988,,,,
1955-10-01 00:00:00+00:00,,0.2799999999999998,0.22999999999999998,,,,
1955-11-01 00:00:00+00:00,,0.3799999999999999,0.29000000000000004,,,,
1955-12-01 00:00:00+00:00,,0.4099999999999997,0.17999999999999972,,,,
1956-01-01 00:00:00+00:00,,0.4500000000000002,0.08000000000000007,,,,
1956-02-01 00:00:00+00:00,,0.48,0.040000000000000036,,,,
1956-03-01 00:00:00+00:00,,0.45999999999999996,0.07000000000000028,,,,
1956-04-01 00:00:00+00:00,,0.3999999999999999,0.010000000000000231,,,,
1956-05-01 00:00:00+00:00,,0.3299999999999996,-0.1200000000000001,,,,
1956-06-01 00:00:00+00:00,,0.5,0.07000000000000028,3.3300000000000005,,,
1956-07-01 00:00:00+00:00,,0.4500000000000002,0.18000000000000016,3.8,,,
1956-08-01 00:00:00+00:00,,0.3700000000000001,0.07000000000000028,3.69,,,
1956-09-01 00:00:00+00:00,,0.3700000000000001,-0.08999999999999986,3.4699999999999998,,,
1956-10-01 00:00:00+00:00,,0.43000000000000016,-0.16999999999999993,3.62,,,
1956-11-01 00:00:00+00:00,,0.5300000000000002,-0.11999999999999966,3.66,,,
1956-12-01 00:00:00+00:00,,0.4099999999999997,-0.26000000000000023,3.71,,,
1957-01-01 00:00:00+00:00,,0.3500000000000001,-0.36999999999999966,3.71,,,
1957-02-01 00:00:00+00:00,,0.6399999999999997,-0.23999999999999977,3.84,,,
1957-03-01 00:00:00+00:00,,0.7199999999999998,-0.17999999999999972,4.0600000000000005,,,
1957-04-01 00:00:00+00:00,,0.5899999999999999,0.17999999999999972,4.09,,,
1957-05-01 00:00:00+00:00,,0.5500000000000003,0.06999999999999984,3.9200000000000004,,,
1957-06-01 00:00:00+00:00,,0.5900000000000003,0.19999999999999973,3.8000000000000003,,,
1957-07-01 00:00:00+00:00,,0.41999999999999993,-0.029999999999999805,3.6000000000000005,,,
1957-08-01 00:00:00+00:00,,0.31999999999999984,-0.14000000000000012,3.57,,,
1957-09-01 00:00:00+00:00,,0.3999999999999999,-0.06000000000000005,3.6699999999999995,,,
1957-10-01 00:00:00+00:00,,0.40000000000000036,0.010000000000000231,3.6799999999999997,,,
1957-11-01 00:00:00+00:00,,0.2200000000000002,-0.050000000000000266,3.73,,,
1957-12-01 00:00:00+00:00,,0.2599999999999998,0.07999999999999963,3.98,,,
1958-01-01 00:00:00+00:00,,0.6200000000000001,0.3999999999999999,4.49,,,
1958-02-01 00:00:00+00:00,,0.8400000000000003,0.40000000000000036,4.41,,,
1958-03-01 00:00:00+00:00,,0.8900000000000001,0.3600000000000003,4.45,,,
1958-04-01 00:00:00+00:00,,0.98,0.3599999999999999,4.42,,,
1958-05-01 00:00:00+00:00,,1.0700000000000003,0.3600000000000003,4.5200000000000005,,,
1958-06-01 00:00:00+00:00,,0.94,0.28000000000000025,4.38,,,
1958-07-01 00:00:00+00:00,,0.94,0.05999999999999961,4.129999999999999,,,
1958-08-01 00:00:00+00:00,,0.8599999999999994,-0.16000000000000014,3.5,,,
1958-09-01 00:00:00+00:00,,0.5700000000000003,-0.5,2.96,,,
1958-10-01 00:00:00+00:00,,0.4300000000000006,-0.7399999999999998,2.4400000000000004,,,
1958-11-01 00:00:00+00:00,,0.5099999999999998,-0.7999999999999998,2.2,,,
1958-12-01 00:00:00+00:00,,0.7999999999999998,-0.7100000000000004,2.16,,,
1959-01-01 00:00:00+00:00,,0.77,-0.8599999999999999,2.0400000000000005,,,
1959-02-01 00:00:00+00:00,,0.6100000000000003,-1.0399999999999996,1.7800000000000002,,,
1959-03-01 00:00:00+00:00,,0.7199999999999998,-1.0499999999999998,1.6399999999999997,,,
1959-04-01 00:00:00+00:00,,0.8700000000000001,-1.1400000000000001,1.6099999999999994,,,
1959-05-01 00:00:00+00:00,,0.6699999999999999,-1.29,1.4799999999999995,,,
1959-06-01 00:00:00+00:00,,0.6400000000000006,-1.1699999999999995,1.3900000000000006,,,
1959-07-01 00:00:00+00:00,,0.6900000000000004,-1.1199999999999997,1.3600000000000003,,,
1959-08-01 00:00:00+00:00,,0.6199999999999992,-1.2600000000000002,1.1999999999999993,,,
1959-09-01 00:00:00+00:00,,0.7700000000000005,-1.3699999999999997,1.0700000000000003,,,
1959-10-01 00:00:00+00:00,,0.7400000000000002,-1.5199999999999996,1.12,,,
1959-11-01 00:00:00+00:00,,0.7999999999999998,-1.3600000000000003,1.4699999999999998,,,
1959-12-01 00:00:00+00:00,,0.7699999999999996,-1.3600000000000003,1.5699999999999994,,,
1960-01-01 00:00:00+00:00,,0.6799999999999997,-1.4000000000000004,1.5099999999999998,,,
1960-02-01 00:00:00+00:00,,0.8200000000000003,-1.4,1.7800000000000002,0.6100000000000003,,
1960-03-01 00:00:00+00:00,,0.9699999999999998,-1.1900000000000004,1.9100000000000001,0.9100000000000001,,
1960-04-01 00:00:00+00:00,,1.1399999999999997,-1.0299999999999998,2.1500000000000004,1.3399999999999999,,
1960-05-01 00:00:00+00:00,,1.0099999999999998,-1.1500000000000004,2.12,1.3899999999999997,,
1960-06-01 00:00:00+00:00,,0.8600000000000003,-1.2799999999999998,2.0500000000000007,1.3400000000000007,,
1960-07-01 00:00:00+00:00,,0.9199999999999999,-1.1100000000000003,2.4499999999999993,1.8899999999999997,,
1960-08-01 00:00:00+00:00,,1.1800000000000002,-0.9299999999999997,2.8000000000000003,2.11,,
1960-09-01 00:00:00+00:00,,1.1800000000000006,-0.8599999999999999,2.7,2.2300000000000004,,
1960-10-01 00:00:00+00:00,,1.0,-0.79,2.7,2.3,,
1960-11-01 00:00:00+00:00,,1.0699999999999998,-0.8400000000000003,2.4099999999999997,2.2099999999999995,,
1960-12-01 00:00:00+00:00,,1.27,-0.8900000000000001,2.27,2.2099999999999995,,
1961-01-01 00:00:00+00:00,,1.4400000000000004,-0.8199999999999998,2.3600000000000003,2.33,,
1961-02-01 00:00:00+00:00,,1.4299999999999997,-0.8799999999999999,2.26,2.3100000000000005,,
1961-03-01 00:00:00+00:00,,1.3900000000000001,-0.9199999999999999,2.22,2.22,,
1961-04-01 00:00:00+00:00,,1.3999999999999995,-0.9000000000000004,2.16,2.3199999999999994,,
1961-05-01 00:00:00+00:00,,1.4300000000000002,-0.96,1.9200000000000004,2.2500000000000004,,
1961-06-01 00:00:00+00:00,,1.46,-0.8500000000000001,1.8899999999999997,2.38,,
1961-07-01 00:00:00+00:00,,1.1600000000000001,-0.9099999999999997,1.7199999999999998,2.46,,
1961-08-01 00:00:00+00:00,,1.0300000000000002,-0.79,1.7800000000000002,2.6399999999999997,,
1961-09-01 00:00:00+00:00,,0.9500000000000002,-0.94,1.8600000000000003,2.6500000000000004,,
1961-10-01 00:00:00+00:00,,1.0000000000000004,-1.0099999999999998,2.02,2.6999999999999997,,
1961-11-01 00:00:00+00:00,,1.0499999999999998,-0.9499999999999997,2.08,2.1900000000000004,,
1961-12-01 00:00:00+00:00,,0.9300000000000002,-0.9300000000000002,2.06,2.27,,
1962-01-01 00:00:00+00:00,,0.8800000000000008,-1.0799999999999996,1.9400000000000004,2.1900000000000004,,
1962-02-01 00:00:00+00:00,,0.8799999999999999,-1.12,1.8200000000000003,2.12,,
1962-03-01 00:00:00+00:00,,0.9100000000000001,-1.0499999999999998,1.6600000000000001,2.2299999999999995,,
1962-04-01 00:00:00+00:00,,0.9499999999999997,-0.8300000000000001,1.6699999999999995,2.3399999999999994,,
1962-05-01 00:00:00+00:00,,0.9699999999999998,-0.5899999999999999,1.7599999999999998,2.4400000000000004,,
1962-06-01 00:00:00+00:00,,1.0199999999999996,-0.73,1.9299999999999997,2.41,,
1962-07-01 00:00:00+00:00,,1.2199999999999998,-0.6500000000000004,1.9900000000000002,2.2800000000000002,,
1962-08-01 00:00:00+00:00,,1.4000000000000004,-0.8199999999999998,1.8900000000000006,1.7999999999999998,,
1962-09-01 00:00:00+00:00,,1.44,-0.8399999999999999,2.02,1.6400000000000001,,
1962-10-01 00:00:00+00:00,,1.4,-0.8700000000000001,2.02,0.9099999999999997,,
1962-11-01 00:00:00+00:00,,1.2600000000000002,-0.81,2.27,1.1199999999999997,,
1962-12-01 00:00:00+00:00,,1.1399999999999997,-0.81,2.2800000000000002,1.25,,
1963-01-01 00:00:00+00:00,,1.2500000000000004,-0.7399999999999998,2.2399999999999998,1.2799999999999998,,
1963-02-01 00:00:00+00:00,,1.2699999999999996,-0.69,2.17,1.4000000000000004,,
1963-03-01 00:00:00+00:00,,1.1900000000000004,-0.79,2.08,1.5099999999999998,,
1963-04-01 00:00:00+00:00,,1.1800000000000002,-0.8300000000000001,2.07,1.52,,
1963-05-01 00:00:00+00:00,,1.0399999999999996,-0.8700000000000001,2.03,1.3199999999999998,,
1963-06-01 00:00:00+00:00,,1.02,-0.79,2.1699999999999995,1.2399999999999998,,
1963-07-01 00:00:00+00:00,,0.96,-0.8400000000000003,2.1099999999999994,1.0899999999999999,,
1963-08-01 00:00:00+00:00,,1.04,-0.7999999999999994,2.08,1.04,,
1963-09-01 00:00:00+00:00,,1.2199999999999998,-0.75,2.0999999999999996,0.96,,
1963-10-01 00:00:00+00:00,,1.1399999999999997,-0.75,2.0199999999999996,0.8200000000000003,,
1963-11-01 00:00:00+00:00,,0.96,-0.6700000000000004,1.9899999999999993,0.8599999999999994,,
1963-12-01 00:00:00+00:00,,1.0199999999999996,-0.7000000000000002,1.88,1.0899999999999999,,
1964-01-01 00:00:00+00:00,,1.0200000000000005,-0.5899999999999999,1.87,1.1100000000000003,,
1964-02-01 00:00:00+00:00,,1.0,-0.5299999999999998,1.7300000000000004,1.0999999999999996,,
1964-03-01 00:00:00+00:00,,1.0199999999999996,-0.35000000000000053,1.75,1.2999999999999998,,
1964-04-01 00:00:00+00:00,,1.0,-0.3299999999999996,1.7800000000000002,1.2400000000000002,,
1964-05-01 00:00:00+00:00,,1.0099999999999998,-0.35000000000000053,1.9699999999999998,1.2599999999999998,,
1964-06-01 00:00:00+00:00,,1.0,-0.1800000000000006,2.0999999999999996,1.3499999999999996,,
1964-07-01 00:00:00+00:00,,1.0300000000000002,-0.1200000000000001,2.13,1.4699999999999998,,
1964-08-01 00:00:00+00:00,,1.0199999999999996,-0.15000000000000036,2.1099999999999994,1.5699999999999994,,
1964-09-01 00:00:00+00:00,,1.0499999999999998,-0.14000000000000057,2.1099999999999994,1.5599999999999996,,
1964-10-01 00:00:00+00:00,,1.0199999999999996,-0.15000000000000036,2.2,1.5699999999999994,,
1964-11-01 00:00:00+00:00,,1.0,-0.11000000000000032,2.21,1.6499999999999995,,
1964-12-01 00:00:00+00:00,,0.9399999999999995,-0.07000000000000028,2.25,1.92,,
1965-01-01 00:00:00+00:00,,0.8799999999999999,-0.10999999999999943,2.2200000000000006,2.2,,
1965-02-01 00:00:00+00:00,,0.79,-0.15000000000000036,2.21,2.1599999999999993,,
1965-03-01 00:00:00+00:00,,0.79,-0.27,2.29,2.1500000000000004,,
1965-04-01 00:00:00+00:00,,0.8799999999999999,-0.2999999999999998,2.29,2.3099999999999996,,
1965-05-01 00:00:00+00:00,,0.8499999999999996,-0.28000000000000025,2.3999999999999995,2.3999999999999995,,
1965-06-01 00:00:00+00:00,,0.8700000000000001,-0.29000000000000004,2.6900000000000004,2.4800000000000004,,
1965-07-01 00:00:00+00:00,,0.9400000000000004,-0.29000000000000004,2.8899999999999997,2.5200000000000005,,
1965-08-01 00:00:00+00:00,,1.04,-0.28000000000000025,3.0,2.59,,
1965-09-01 00:00:00+00:00,,1.0499999999999998,-0.33000000000000007,3.05,2.4299999999999997,,
1965-10-01 00:00:00+00:00,,1.0099999999999998,-0.3500000000000001,3.1100000000000003,2.1799999999999997,,
1965-11-01 00:00:00+00:00,,1.0100000000000007,-0.3899999999999997,3.1500000000000004,2.08,,
1965-12-01 00:00:00+00:00,,0.9699999999999998,-0.4700000000000002,3.05,1.96,,
1966-01-01 00:00:00+00:00,,0.7999999999999998,-0.6400000000000001,3.08,1.9699999999999998,,
1966-02-01 00:00:00+00:00,,0.7999999999999998,-0.6300000000000003,2.9899999999999993,1.8099999999999996,,
1966-03-01 00:00:00+00:00,,0.71,-0.8500000000000001,2.7699999999999996,1.7199999999999998,,
1966-04-01 00:00:00+00:00,,0.7599999999999998,-0.8900000000000001,2.83,1.8600000000000003,,
1966-05-01 00:00:00+00:00,,0.8499999999999996,-0.7400000000000002,3.25,1.9500000000000002,,
1966-06-01 00:00:00+00:00,,0.8199999999999994,-0.7600000000000007,3.419999999999999,1.9799999999999995,,
1966-07-01 00:00:00+00:00,,0.8300000000000001,-0.7699999999999996,3.5900000000000007,2.1900000000000004,,
1966-08-01 00:00:00+00:00,,0.7000000000000002,-0.8599999999999994,3.58,2.3200000000000003,,
1966-09-01 00:00:00+00:00,,0.6600000000000001,-0.9799999999999995,3.38,2.2700000000000005,,
1966-10-01 00:00:00+00:00,,0.6100000000000003,-0.9100000000000001,3.3200000000000003,1.8200000000000003,,
1966-11-01 00:00:00+00:00,,0.7200000000000006,-0.6499999999999995,3.3900000000000006,1.9100000000000001,,
1966-12-01 00:00:00+00:00,,0.6600000000000001,-0.7599999999999998,3.039999999999999,1.7000000000000002,,
1967-01-01 00:00:00+00:00,,1.0200000000000005,-0.3099999999999996,2.8600000000000003,1.79,,
1967-02-01 00:00:00+00:00,,1.04,0.16000000000000014,2.92,1.9900000000000002,,
1967-03-01 00:00:00+00:00,,0.9400000000000004,0.11000000000000032,2.7700000000000005,1.7700000000000005,,
1967-04-01 00:00:00+00:00,,0.96,0.17999999999999972,2.66,1.8899999999999997,,
1967-05-01 00:00:00+00:00,,0.9199999999999999,0.10000000000000053,2.3100000000000005,1.7800000000000002,,
1967-06-01 00:00:00+00:00,,0.8700000000000001,-0.16999999999999993,2.0500000000000007,1.5700000000000003,,
1967-07-01 00:00:00+00:00,,0.8300000000000001,-0.2699999999999996,1.8800000000000008,1.62,,
1967-08-01 00:00:00+00:00,,0.6899999999999995,-0.5600000000000005,1.7400000000000002,1.6499999999999995,,
1967-09-01 00:00:00+00:00,,0.6399999999999997,-0.7999999999999998,1.5199999999999996,1.4299999999999997,,
1967-10-01 00:00:00+00:00,,0.75,-0.9799999999999995,1.4000000000000004,1.4400000000000004,,
1967-11-01 00:00:00+00:00,,0.8399999999999999,-1.0300000000000002,1.2199999999999998,1.42,,
1967-12-01 00:00:00+00:00,,0.6399999999999997,-1.2300000000000004,1.0499999999999998,1.3499999999999996,,
1968-01-01 00:00:00+00:00,,0.7800000000000002,-1.1500000000000004,1.0999999999999996,1.6099999999999994,,
1968-02-01 00:00:00+00:00,,0.96,-0.9400000000000004,1.17,1.7699999999999996,,
1968-03-01 00:00:00+00:00,,1.1300000000000008,-1.17,1.1400000000000006,1.71,,
1968-04-01 00:00:00+00:00,,1.1399999999999997,-1.3900000000000006,0.96,1.5599999999999996,,
1968-05-01 00:00:00+00:00,,0.9700000000000006,-1.2699999999999996,0.96,1.63,,
1968-06-01 00:00:00+00:00,,0.9399999999999995,-1.5200000000000005,0.5300000000000002,1.4900000000000002,,
1968-07-01 00:00:00+00:00,,1.0200000000000005,-1.38,0.6800000000000006,1.8900000000000006,,
1968-08-01 00:00:00+00:00,,1.0999999999999996,-1.1500000000000004,0.9000000000000004,2.1900000000000004,,
1968-09-01 00:00:00+00:00,,1.0300000000000002,-1.0700000000000003,0.8799999999999999,2.13,,
1968-10-01 00:00:00+00:00,,1.0499999999999998,-1.12,0.8399999999999999,2.04,,
1968-11-01 00:00:00+00:00,,1.2199999999999998,-1.2000000000000002,0.7199999999999998,1.9399999999999995,,
1968-12-01 00:00:00+00:00,,1.2299999999999995,-1.37,0.5999999999999996,2.0300000000000002,,
1969-01-01 00:00:00+00:00,,1.1600000000000001,-1.7000000000000002,0.2699999999999996,1.9799999999999995,,
1969-02-01 00:00:00+00:00,,1.1900000000000004,-1.6600000000000001,0.2599999999999998,2.2199999999999998,,
1969-03-01 00:00:00+00:00,,0.9699999999999998,-1.79,0.10999999999999943,2.21,,
1969-04-01 00:00:00+00:00,,0.9400000000000004,-1.7000000000000002,0.10000000000000053,2.3600000000000003,,
1969-05-01 00:00:00+00:00,,1.0600000000000005,-1.5,0.33000000000000007,2.4800000000000004,,
1969-06-01 00:00:00+00:00,,1.0599999999999996,-1.7400000000000002,0.17999999999999972,2.6500000000000004,,
1969-07-01 00:00:00+00:00,,0.9799999999999995,-1.88,0.1299999999999999,2.719999999999999,,
1969-08-01 00:00:00+00:00,-0.9199999999999999,0.8200000000000003,-1.7199999999999998,0.1800000000000006,2.2600000000000007,,
1969-09-01 00:00:00+00:00,-0.9000000000000004,0.8199999999999994,-1.4900000000000002,0.20999999999999996,2.329999999999999,,
1969-10-01 00:00:00+00:00,-1.3500000000000005,0.5599999999999996,-1.79,0.040000000000000036,1.9000000000000004,,
1969-11-01 00:00:00+00:00,-1.2699999999999996,0.7400000000000002,-1.8699999999999992,0.3000000000000007,1.7400000000000002,,
1969-12-01 00:00:00+00:00,-1.29,0.8899999999999997,-1.7999999999999998,0.2600000000000007,1.7800000000000002,,
1970-01-01 00:00:00+00:00,-1.7000000000000002,0.6199999999999992,-2.3100000000000005,-0.05000000000000071,1.2599999999999998,,
1970-02-01 00:00:00+00:00,-1.8399999999999999,0.5499999999999998,-2.46,-0.03744700000000023,1.1000000000000005,,-2.25
1970-03-01 00:00:00+00:00,-1.2800000000000002,0.9700000000000006,-1.6900000000000004,0.6637029999999999,1.4399999999999995,,-1.71
1970-04-01 00:00:00+00:00,-1.0200000000000005,0.9800000000000004,-1.4100000000000001,1.0423399999999976,1.4699999999999989,,-1.5300000000000002
1970-05-01 00:00:00+00:00,-0.4499999999999993,0.4900000000000002,-1.5099999999999998,0.6826669999999995,1.160000000000001,,-1.8399999999999999
1970-06-01 00:00:00+00:00,-1.0600000000000005,0.2699999999999996,-2.05,0.33320499999999775,0.8900000000000006,,-2.38
1970-07-01 00:00:00+00:00,-0.9799999999999995,0.22000000000000064,-1.9699999999999998,0.6074450000000002,1.0099999999999998,,-2.34
1970-08-01 00:00:00+00:00,-0.5700000000000003,0.5099999999999998,-1.6500000000000004,0.8903880000000006,1.04,,-1.9900000000000002
1970-09-01 00:00:00+00:00,-0.6600000000000001,0.45999999999999996,-1.7700000000000005,0.8638900000000005,0.7999999999999998,,-2.0600000000000005
1970-10-01 00:00:00+00:00,-0.5199999999999996,0.5300000000000002,-1.6499999999999995,1.019962999999998,1.04,,-1.8999999999999995
1970-11-01 00:00:00+00:00,-0.4500000000000002,0.5999999999999996,-1.58,1.0966369999999976,1.0899999999999999,,-1.8399999999999999
1970-12-01 00:00:00+00:00,-0.009999999999999787,0.96,-1.1600000000000001,1.533195000000001,1.8499999999999996,,-1.3499999999999996
1971-01-01 00:00:00+00:00,0.41999999999999993,0.8700000000000001,-0.6899999999999995,1.832965999999998,2.54,,-0.8999999999999995
1971-02-01 00:00:00+00:00,0.6099999999999994,0.4500000000000002,-0.6600000000000001,1.6659509999999997,2.5600000000000005,,-0.7300000000000004
1971-03-01 00:00:00+00:00,0.7399999999999993,0.6999999999999993,-0.5900000000000007,1.7207039999999996,2.4799999999999995,,-0.6000000000000005
1971-04-01 00:00:00+00:00,1.1399999999999997,1.0999999999999996,-0.2599999999999998,2.145215999999998,2.6399999999999997,,-0.1900000000000004
1971-05-01 00:00:00+00:00,1.0199999999999996,1.0,-0.5600000000000005,2.0263789999999986,2.380000000000001,,-0.3200000000000003
1971-06-01 00:00:00+00:00,0.4300000000000006,0.8000000000000007,-1.0699999999999994,1.5068600000000005,1.7000000000000002,,-0.8799999999999999
1971-07-01 00:00:00+00:00,0.3100000000000005,0.7300000000000004,-1.1399999999999997,1.5190460000000012,1.620000000000001,,-1.0099999999999998
1971-08-01 00:00:00+00:00,0.07999999999999918,0.6799999999999997,-1.2800000000000002,1.3391479999999998,0.9799999999999995,,-1.2100000000000009
1971-09-01 00:00:00+00:00,0.2400000000000002,0.7599999999999998,-1.2700000000000005,1.4367850000000004,1.1100000000000003,,-1.0499999999999998
1971-10-01 00:00:00+00:00,0.6400000000000006,0.8600000000000003,-1.04,1.8550110000000002,1.33,,-0.6200000000000001
1971-11-01 00:00:00+00:00,0.6500000000000004,0.8900000000000006,-0.96,1.9727849999999991,1.3100000000000005,,-0.41000000000000014
1971-12-01 00:00:00+00:00,0.5700000000000003,0.8500000000000005,-0.9499999999999993,2.0359360000000004,1.2400000000000002,,-0.29000000000000004
1972-01-01 00:00:00+00:00,0.22000000000000064,0.6100000000000003,-0.9399999999999995,1.859369,1.1600000000000001,,-0.39999999999999947
1972-02-01 00:00:00+00:00,0.1899999999999995,0.71,-1.1900000000000004,1.7283239999999997,1.08,,-0.41999999999999993
1972-03-01 00:00:00+00:00,-0.2400000000000002,0.79,-1.4800000000000004,1.477992999999998,0.9699999999999998,,-0.5499999999999998
1972-04-01 00:00:00+00:00,-0.23000000000000043,1.0,-1.3000000000000007,1.4566369999999997,1.3199999999999994,,-0.54
1972-05-01 00:00:00+00:00,-0.34000000000000075,1.13,-1.25,1.392169,1.25,,-0.6600000000000001
1972-06-01 00:00:00+00:00,-0.28000000000000025,1.2000000000000002,-1.2000000000000002,1.3790500000000003,1.7199999999999998,,-0.6100000000000003
1972-07-01 00:00:00+00:00,-0.2600000000000007,1.2799999999999994,-1.0500000000000007,1.4479069999999998,2.839999999999999,,-0.5900000000000007
1972-08-01 00:00:00+00:00,-0.3100000000000005,1.37,-1.1600000000000001,1.4723349999999984,2.79,,-0.6600000000000001
1972-09-01 00:00:00+00:00,-0.45999999999999996,1.25,-1.2800000000000002,1.3673260000000003,2.8400000000000007,,-0.6699999999999999
1972-10-01 00:00:00+00:00,-0.7999999999999998,0.9300000000000006,-1.5699999999999994,1.0386980000000001,2.7399999999999993,,-1.0099999999999998
1972-11-01 00:00:00+00:00,-0.7100000000000009,0.8599999999999994,-1.4000000000000004,1.2168529999999995,2.619999999999999,,-0.9600000000000009
1972-12-01 00:00:00+00:00,-0.5200000000000005,0.8999999999999995,-0.9900000000000002,1.5307909999999998,2.8099999999999996,,-0.75
1973-01-01 00:00:00+00:00,-0.5800000000000001,0.7599999999999998,-1.0900000000000007,1.5764059999999995,2.999999999999999,,-0.8200000000000003
1973-02-01 00:00:00+00:00,-0.7699999999999996,0.6600000000000001,-1.0999999999999996,1.5448670000000009,2.71,,-0.9199999999999999
1973-03-01 00:00:00+00:00,-0.8799999999999999,0.54,-1.3199999999999994,1.295751,2.6900000000000004,,-1.1099999999999994
1973-04-01 00:00:00+00:00,-0.9100000000000001,0.5899999999999999,-1.42,1.276922,3.0699999999999994,,-1.1600000000000001
1973-05-01 00:00:00+00:00,-0.5499999999999998,0.6699999999999999,-1.25,1.397780000000001,2.99,,-1.12
1973-06-01 00:00:00+00:00,-0.6499999999999995,0.7300000000000004,-1.4799999999999995,1.510784000000001,2.8900000000000006,,-1.2999999999999998
1973-07-01 00:00:00+00:00,-0.1800000000000006,0.8599999999999994,-1.54,1.5869789999999995,2.9800000000000004,,-1.2400000000000002
1973-08-01 00:00:00+00:00,-0.3899999999999997,0.6200000000000001,-1.7699999999999996,1.4097140000000001,3.3,,-1.1399999999999997
1973-09-01 00:00:00+00:00,-0.6699999999999999,0.39999999999999947,-1.75,1.191274,3.8200000000000003,,-1.3900000000000006
1973-10-01 00:00:00+00:00,1.290000000000001,0.7300000000000004,-1.2999999999999998,1.584810000000001,4.390000000000001,,-1.0599999999999996
1973-11-01 00:00:00+00:00,1.5599999999999996,0.8399999999999999,-1.0200000000000005,1.8225480000000003,4.499999999999999,,-0.7700000000000005
1973-12-01 00:00:00+00:00,1.6199999999999992,0.6399999999999997,-0.6000000000000005,1.9513759999999998,5.35,,-0.6800000000000006
1974-01-01 00:00:00+00:00,1.6199999999999992,0.9500000000000002,-0.4300000000000006,2.1138530000000006,5.9,,-0.6600000000000001
1974-02-01 00:00:00+00:00,1.3699999999999992,0.75,-0.6100000000000003,2.038589,6.01,,-0.9300000000000006
1974-03-01 00:00:00+00:00,1.3999999999999995,0.7700000000000005,-0.3700000000000001,2.438973,6.500000000000001,,-0.9199999999999999
1974-04-01 00:00:00+00:00,1.1599999999999993,0.71,-0.1200000000000001,2.3833110000000017,6.3,,-1.17
1974-05-01 00:00:00+00:00,0.870000000000001,1.08,-0.27999999999999936,2.201231,6.3100000000000005,,-1.46
1974-06-01 00:00:00+00:00,0.8699999999999992,1.2899999999999991,-0.28000000000000025,2.4201700000000006,5.75,,-1.5300000000000002
1974-07-01 00:00:00+00:00,1.9799999999999995,1.7199999999999998,-0.2599999999999998,2.94198,6.2700000000000005,,-1.4000000000000004
1974-08-01 00:00:00+00:00,1.6900000000000004,1.8500000000000005,-0.5799999999999992,2.8174800000000007,6.36,,-1.6899999999999995
1974-09-01 00:00:00+00:00,1.4600000000000009,1.6900000000000013,-0.6799999999999988,2.68116,6.48,,-1.9499999999999993
1974-10-01 00:00:00+00:00,1.4600000000000009,1.7200000000000006,-0.629999999999999,2.7050100000000015,6.130000000000001,,-1.959999999999999
1974-11-01 00:00:00+00:00,1.5999999999999996,1.5199999999999996,-0.5800000000000001,2.8185699999999994,6.709999999999999,,-1.8000000000000007
1974-12-01 00:00:00+00:00,1.8200000000000003,1.2400000000000002,-0.4899999999999993,2.81011,8.08,,-1.5699999999999994
1975-01-01 00:00:00+00:00,2.0700000000000003,1.4100000000000001,-0.2599999999999998,3.1228099999999994,8.89,,-1.3199999999999994
1975-02-01 00:00:00+00:00,1.9000000000000004,0.9199999999999999,-0.6699999999999999,2.5865399999999994,7.57,,-1.3899999999999997
1975-03-01 00:00:00+00:00,2.1100000000000003,0.8099999999999996,-0.7299999999999995,2.490766,5.94,,-1.2799999999999994
1975-04-01 00:00:00+00:00,1.7699999999999996,0.5299999999999994,-0.9400000000000004,1.9982399999999991,4.51,,-1.6300000000000008
1975-05-01 00:00:00+00:00,1.2699999999999996,0.5,-1.3600000000000003,1.504973999999999,4.1899999999999995,,-2.130000000000001
1975-06-01 00:00:00+00:00,1.4399999999999995,0.75,-1.3000000000000007,1.4583569999999995,5.049999999999999,,-1.9600000000000009
1975-07-01 00:00:00+00:00,1.6399999999999997,0.9400000000000004,-1.3500000000000005,1.5815039999999998,5.13,,-1.75
1975-08-01 00:00:00+00:00,1.9399999999999995,1.0,-1.6100000000000003,1.2752350000000003,4.6899999999999995,,-1.9600000000000009
1975-09-01 00:00:00+00:00,1.5999999999999996,1.0099999999999998,-2.2200000000000006,1.0320220000000013,4.369999999999999,,-1.7700000000000005
1975-10-01 00:00:00+00:00,1.5700000000000003,1.2699999999999996,-2.2199999999999998,1.1279839999999997,4.33,,-1.7999999999999998
1975-11-01 00:00:00+00:00,1.8599999999999994,1.3999999999999986,-2.0600000000000005,1.2403399999999998,5.369999999999999,,-1.5100000000000007
1975-12-01 00:00:00+00:00,1.9499999999999993,1.3999999999999986,-2.0900000000000007,1.1907819999999987,5.609999999999999,,-1.410000000000001
1976-01-01 00:00:00+00:00,2.0,1.5399999999999991,-2.0700000000000003,1.2410160000000001,5.57,,-1.3399999999999999
1976-02-01 00:00:00+00:00,2.2799999999999994,1.6500000000000004,-2.34,1.6227049999999998,4.9,,-0.8200000000000003
1976-03-01 00:00:00+00:00,2.21,1.4999999999999991,-2.5,1.5967469999999997,4.340000000000001,,-0.8700000000000001
1976-04-01 00:00:00+00:00,2.26,1.7400000000000002,-2.5900000000000007,1.8128630000000001,4.82,,0.8699999999999992
1976-05-01 00:00:00+00:00,2.4400000000000004,1.7700000000000005,-2.369999999999999,2.281007,4.910000000000001,,1.04
1976-06-01 00:00:00+00:00,2.0999999999999996,1.4299999999999997,-2.6900000000000004,2.186629999999999,4.469999999999999,,0.6999999999999993
1976-07-01 00:00:00+00:00,2.13,1.46,-2.74,2.52447,5.589999999999999,,0.7399999999999993
1976-08-01 00:00:00+00:00,2.17,1.5199999999999996,-2.74,2.3338599999999996,5.73,,0.75
1976-09-01 00:00:00+00:00,2.2200000000000006,1.5500000000000007,-2.7799999999999994,2.6478400000000004,5.9,,0.8100000000000005
1976-10-01 00:00:00+00:00,2.4000000000000004,1.5500000000000007,-2.7,2.8051399999999997,6.59,,0.9900000000000002
1976-11-01 00:00:00+00:00,2.5700000000000003,1.7200000000000006,-2.8100000000000005,3.1322600000000005,8.26,,1.3100000000000005
1976-12-01 00:00:00+00:00,2.71,1.7199999999999998,-2.88,3.0870000000000006,8.170000000000002,,1.4099999999999993
1977-01-01 00:00:00+00:00,3.54,1.7999999999999998,-2.41,3.5171199999999994,8.3,,1.8299999999999992
1977-02-01 00:00:00+00:00,3.1900000000000004,1.29,-3.16,3.1134700000000004,6.86,,1.4899999999999993
1977-03-01 00:00:00+00:00,3.0100000000000007,1.1800000000000006,-3.4199999999999995,2.95273,5.95,,1.3099999999999996
1977-04-01 00:00:00+00:00,2.9400000000000004,1.2999999999999998,-3.51,2.806590000000001,4.9799999999999995,,1.2500000000000009
1977-05-01 00:00:00+00:00,3.0300000000000002,1.4300000000000006,-3.44,2.9080699999999995,4.81,,1.3400000000000007
1977-06-01 00:00:00+00:00,2.95,1.3500000000000005,-3.0199999999999996,2.7076199999999995,4.3999999999999995,,1.2500000000000009
1977-07-01 00:00:00+00:00,3.13,1.46,-2.79,2.94348,5.239999999999999,,1.2499999999999991
1977-08-01 00:00:00+00:00,3.08,1.3900000000000006,-3.1100000000000003,2.8203300000000002,5.539999999999999,,1.1999999999999993
1977-09-01 00:00:00+00:00,3.01,1.2699999999999996,-3.3200000000000003,2.6849799999999995,4.889999999999999,,2.58
1977-10-01 00:00:00+00:00,2.84,1.2300000000000004,-3.4,2.6794100000000007,3.6899999999999995,,2.710000000000001
1977-11-01 00:00:00+00:00,2.49,1.17,-3.6699999999999995,2.51544,2.790000000000001,,2.8100000000000005
1977-12-01 00:00:00+00:00,2.209999999999999,1.1500000000000004,-3.74,2.3898729999999997,3.1400000000000006,,2.34
1978-01-01 00:00:00+00:00,1.8099999999999996,1.0699999999999994,-3.9100000000000006,2.247547,3.009999999999999,,2.3099999999999996
1978-02-01 00:00:00+00:00,1.3999999999999995,1.0200000000000005,-4.3100000000000005,1.797384,2.6499999999999995,,2.04
1978-03-01 00:00:00+00:00,1.17,1.0899999999999999,-4.579999999999999,1.7159110000000002,2.360000000000001,,1.950000000000001
1978-04-01 00:00:00+00:00,1.1600000000000001,1.1100000000000012,-4.549999999999999,1.6070670000000007,3.16,,1.9600000000000009
1978-05-01 00:00:00+00:00,1.0199999999999996,1.08,-4.75,1.3685709999999993,3.76,,1.8399999999999999
1978-06-01 00:00:00+00:00,0.75,0.8100000000000005,-4.869999999999999,1.2862799999999996,3.9299999999999997,,1.6400000000000006
1978-07-01 00:00:00+00:00,0.6399999999999988,0.7699999999999996,-5.07,1.1110939999999996,4.02,,1.5299999999999994
1978-08-01 00:00:00+00:00,0.4599999999999991,0.5499999999999989,-5.2700000000000005,0.93506,3.7299999999999986,,1.1499999999999986
1978-09-01 00:00:00+00:00,0.5899999999999999,0.7200000000000006,-5.1,1.1159560000000006,3.8200000000000003,,1.58
1978-10-01 00:00:00+00:00,0.5800000000000001,0.7400000000000002,-5.17,1.2089680000000005,3.960000000000001,,1.5500000000000007
1978-11-01 00:00:00+00:00,0.25,0.6600000000000001,-5.57,1.1657019999999996,4.08,,1.3699999999999992
1978-12-01 00:00:00+00:00,-0.009999999999999787,0.7400000000000002,-5.780000000000001,1.0395139999999987,4.279999999999999,,1.209999999999999
1979-01-01 00:00:00+00:00,-0.20999999999999908,0.620000000000001,-5.98,0.6483349999999994,4.109999999999999,,1.0099999999999998
1979-02-01 00:00:00+00:00,-0.25,0.7300000000000004,-5.99,0.5236300000000007,4.450000000000001,,1.0
1979-03-01 00:00:00+00:00,-0.09999999999999964,0.8100000000000005,-6.02,0.6418580000000009,4.890000000000001,,0.9500000000000011
1979-04-01 00:00:00+00:00,0.23000000000000043,0.8000000000000007,-5.899999999999999,0.7035,2.960000000000001,,0.9000000000000004
1979-05-01 00:00:00+00:00,0.47000000000000064,0.5800000000000001,-5.97,0.7473760000000009,2.210000000000001,,3.460000000000001
1979-06-01 00:00:00+00:00,0.4499999999999993,0.5099999999999998,-6.07,0.9509600000000002,2.5,,3.6999999999999993
1979-07-01 00:00:00+00:00,1.0899999999999999,0.8300000000000001,-5.46,1.4892400000000006,3.6500000000000004,,3.7300000000000004
1979-08-01 00:00:00+00:00,1.120000000000001,0.8100000000000005,-5.459999999999999,1.5792400000000004,3.3900000000000006,,3.130000000000001
1979-09-01 00:00:00+00:00,1.040000000000001,0.9800000000000004,-5.52,1.5690500000000007,3.2300000000000004,,3.3200000000000003
1979-10-01 00:00:00+00:00,0.7400000000000002,0.9599999999999991,-5.83,1.34042,3.2300000000000004,,
1979-11-01 00:00:00+00:00,-0.23000000000000043,0.5499999999999989,-6.700000000000001,0.5467899999999997,2.789999999999999,,2.6999999999999993
1979-12-01 00:00:00+00:00,-0.5700000000000003,0.46999999999999886,-6.61,0.4873700000000003,4.109999999999999,,2.3100000000000005
1980-01-01 00:00:00+00:00,-0.3100000000000005,0.8099999999999987,-6.3500000000000005,1.0300499999999992,4.629999999999999,,2.59
1980-02-01 00:00:00+00:00,-0.3500000000000014,0.8899999999999988,-6.32,0.7023299999999999,3.6099999999999994,,2.639999999999999
1980-03-01 00:00:00+00:00,-1.8599999999999994,0.1999999999999993,-7.69,-0.32474999999999987,2.33,,1.0399999999999991
1980-04-01 00:00:00+00:00,-1.5500000000000007,0.47000000000000064,-7.65,-0.06503999999999976,2.1799999999999997,,0.8200000000000003
1980-05-01 00:00:00+00:00,0.2599999999999998,1.0899999999999999,-6.500000000000001,1.1024199999999986,2.9499999999999993,,2.0
1980-06-01 00:00:00+00:00,1.5999999999999996,1.2200000000000006,-5.359999999999999,2.0838400000000004,3.9299999999999997,,3.26
1980-07-01 00:00:00+00:00,1.9800000000000004,1.5,-5.06,2.3257400000000015,4.0,,3.710000000000001
1980-08-01 00:00:00+00:00,1.5299999999999994,1.3499999999999996,-5.65,1.8737399999999997,2.83,,3.1500000000000004
1980-09-01 00:00:00+00:00,0.7200000000000006,1.2800000000000011,-6.2299999999999995,1.0639700000000012,2.5999999999999996,,2.1500000000000004
1980-10-01 00:00:00+00:00,0.2699999999999996,1.08,-6.64,0.9437200000000008,1.9600000000000009,,1.4700000000000006
1980-11-01 00:00:00+00:00,0.15000000000000036,1.0099999999999998,-7.06,1.0121300000000009,1.4499999999999993,,1.2100000000000009
1980-12-01 00:00:00+00:00,-0.2599999999999998,0.34999999999999964,-8.0,0.22682999999999964,0.6600000000000001,,0.28000000000000114
1981-01-01 00:00:00+00:00,-0.2400000000000002,0.09999999999999964,-8.21,0.000980000000000203,0.9399999999999995,,0.15000000000000036
1981-02-01 00:00:00+00:00,0.5299999999999994,0.25,-7.78,0.36122999999999905,1.4000000000000004,,0.2400000000000002
1981-03-01 00:00:00+00:00,-0.08999999999999986,0.11000000000000121,-7.989999999999999,0.2593500000000013,0.6500000000000004,,-0.21999999999999886
1981-04-01 00:00:00+00:00,-0.019999999999999574,0.25,-7.6499999999999995,0.5854600000000012,0.5400000000000009,,-0.23999999999999844
1981-05-01 00:00:00+00:00,-0.5800000000000001,0.5700000000000003,-8.2,0.25224000000000046,-0.019999999999999574,,-0.8300000000000001
1981-06-01 00:00:00+00:00,-1.0,1.2400000000000002,-8.25,0.6365999999999996,0.3000000000000007,,-1.25
1981-07-01 00:00:00+00:00,-0.370000000000001,1.2899999999999991,-7.8500000000000005,1.427669999999999,1.2199999999999989,,-0.5700000000000003
1981-08-01 00:00:00+00:00,-0.379999999999999,1.6100000000000012,-8.77,0.7544000000000004,1.0,,-1.379999999999999
1981-09-01 00:00:00+00:00,0.0600000000000005,1.5099999999999998,-9.1,0.26414000000000115,0.2900000000000009,,-1.92
1981-10-01 00:00:00+00:00,-0.3200000000000003,1.6799999999999997,-9.190000000000001,0.11533999999999978,0.4900000000000002,,-2.5500000000000007
1981-11-01 00:00:00+00:00,-0.15000000000000036,1.6100000000000012,-9.16,0.05364999999999931,1.1899999999999995,,-2.58
1981-12-01 00:00:00+00:00,1.6099999999999994,1.5399999999999991,-7.82,1.808539999999999,2.33,,-0.47000000000000064
1982-01-01 00:00:00+00:00,1.2799999999999994,1.2799999999999994,-8.330000000000002,1.1896299999999993,2.2799999999999994,,-1.17
1982-02-01 00:00:00+00:00,0.41000000000000014,1.2300000000000004,-9.24,0.2567599999999999,1.3499999999999996,,-1.8100000000000005
1982-03-01 00:00:00+00:00,0.6699999999999999,1.2300000000000004,-8.94,0.46629000000000076,0.6600000000000001,,-1.6500000000000004
1982-04-01 00:00:00+00:00,1.290000000000001,1.0899999999999999,-8.899999999999999,0.7502300000000002,0.15000000000000036,,-0.879999999999999
1982-05-01 00:00:00+00:00,1.33,1.0600000000000005,-9.03,0.6008400000000016,0.33000000000000007,,-0.9499999999999993
1982-06-01 00:00:00+00:00,2.7799999999999994,1.08,-8.85,0.8145500000000006,0.27000000000000135,,-0.6499999999999986
1982-07-01 00:00:00+00:00,2.099999999999998,1.6600000000000001,-9.25,0.3424800000000001,-0.5500000000000007,,-1.3100000000000005
1982-08-01 00:00:00+00:00,2.4499999999999993,2.212500000000002,-9.219999999999999,0.6391500000000008,-0.5999999999999996,,-0.9799999999999986
1982-09-01 00:00:00+00:00,3.4399999999999995,1.9024999999999999,-8.71,1.1698899999999988,-0.8499999999999996,,-0.33000000000000007
1982-10-01 00:00:00+00:00,2.8599999999999994,1.5860000000000003,-8.26,1.6450899999999997,-0.8300000000000001,,0.5999999999999996
1982-11-01 00:00:00+00:00,3.6400000000000006,1.8249999999999993,-7.01,2.9023699999999995,-0.22000000000000064,,1.9100000000000001
1982-12-01 00:00:00+00:00,4.049999999999999,1.2199999999999989,-6.680000000000001,3.26408,0.25,,2.4499999999999993
1983-01-01 00:00:00+00:00,3.460000000000001,1.1080000000000005,-6.749999999999999,2.86261,1.040000000000001,,2.3000000000000007
1983-02-01 00:00:00+00:00,2.539999999999999,0.9049999999999994,-6.600000000000001,2.6528199999999984,1.4099999999999984,,2.3099999999999987
1983-03-01 00:00:00+00:00,2.879999999999999,0.7124999999999986,-6.860000000000001,2.3296799999999998,1.0699999999999985,,2.2299999999999986
1983-04-01 00:00:00+00:00,3.8900000000000006,0.6760000000000002,-6.37,2.3172300000000003,0.870000000000001,,2.1799999999999997
1983-05-01 00:00:00+00:00,3.6999999999999993,0.6675000000000004,-6.340000000000001,2.3883399999999995,0.6600000000000001,,3.549999999999999
1983-06-01 00:00:00+00:00,2.719999999999999,0.33000000000000007,-6.200000000000001,2.5550299999999986,0.7799999999999994,,3.619999999999999
1983-07-01 00:00:00+00:00,3.8499999999999996,0.19599999999999973,-6.569999999999999,2.2408800000000006,0.14000000000000057,,2.74
1983-08-01 00:00:00+00:00,3.42,0.1875,-7.180000000000001,1.66498,0.14999999999999858,,2.639999999999999
1983-09-01 00:00:00+00:00,2.8499999999999996,-0.0600000000000005,-7.3999999999999995,1.2960100000000008,-0.129999999999999,,-1.4399999999999995
1983-10-01 00:00:00+00:00,2.5,0.11999999999999922,-7.260000000000001,1.5507399999999993,-0.40000000000000036,,-1.5199999999999996
1983-11-01 00:00:00+00:00,1.8600000000000012,0.007500000000000284,-7.279999999999999,1.5773100000000007,-0.5199999999999996,,-0.9699999999999989
1983-12-01 00:00:00+00:00,1.5099999999999998,-0.1739999999999995,-7.4399999999999995,1.4862400000000004,-1.0099999999999998,,-1.08
1984-01-01 00:00:00+00:00,1.67,-0.04499999999999993,-7.67,1.1364,-1.0600000000000005,,-1.33
1984-02-01 00:00:00+00:00,1.83,0.04749999999999943,-7.36,1.12031,-0.9000000000000004,,-0.8300000000000001
1984-03-01 00:00:00+00:00,2.16,0.03200000000000003,-7.45,0.7377599999999997,-0.9700000000000006,,-0.3100000000000005
1984-04-01 00:00:00+00:00,1.7799999999999994,0.5224999999999991,-7.9430000000000005,0.13495999999999952,-1.6600000000000001,,-1.8800000000000008
1984-05-01 00:00:00+00:00,1.2699999999999996,0.6049999999999986,-8.159,-0.1662700000000008,-1.7800000000000011,,-3.7200000000000006
1984-06-01 00:00:00+00:00,0.7400000000000002,0.23000000000000043,-8.775,-0.8179300000000005,-2.0299999999999994,,-4.859999999999999
1984-07-01 00:00:00+00:00,0.1899999999999995,0.10749999999999993,-9.031,-1.0980800000000013,-1.9700000000000006,,-3.5
1984-08-01 00:00:00+00:00,-0.20999999999999908,0.370000000000001,-8.7,-1.0318899999999989,-1.2899999999999991,,-3.1099999999999994
1984-09-01 00:00:00+00:00,0.08000000000000007,0.19200000000000017,-8.102,-0.5122499999999999,-1.3100000000000005,,2.3099999999999987
1984-10-01 00:00:00+00:00,0.5800000000000001,0.2475000000000005,-7.84,-0.42841999999999913,-1.2899999999999991,,2.790000000000001
1984-11-01 00:00:00+00:00,1.0399999999999991,0.38400000000000034,-7.42,-0.5303000000000004,-1.0600000000000005,,4.489999999999998
1984-12-01 00:00:00+00:00,1.6799999999999997,0.35999999999999943,-6.948,-0.14973999999999954,-0.8399999999999999,,5.329999999999998
1985-01-01 00:00:00+00:00,1.9000000000000004,0.16249999999999964,-6.897,-0.29505999999999943,-0.6300000000000008,,5.350000000000001
1985-02-01 00:00:00+00:00,1.7199999999999989,0.0259999999999998,-6.674,-0.5249800000000011,-0.02000000000000135,,5.720000000000001
1985-03-01 00:00:00+00:00,2.1899999999999995,0.34500000000000064,-6.58,-0.5482899999999997,-0.019999999999999574,,5.840000000000002
1985-04-01 00:00:00+00:00,1.9400000000000013,0.3000000000000007,-6.994,-0.8344699999999996,-0.5299999999999994,,5.57
1985-05-01 00:00:00+00:00,2.5199999999999996,0.11500000000000021,-6.669,-0.5716599999999996,-0.35999999999999943,,6.300000000000001
1985-06-01 00:00:00+00:00,2.950000000000001,0.2240000000000002,-6.1129999999999995,0.0008999999999996788,0.3800000000000008,,7.860000000000001
1985-07-01 00:00:00+00:00,3.34,0.3550000000000004,-5.384,0.6630500000000001,0.8699999999999992,,7.079999999999998
1985-08-01 00:00:00+00:00,3.09,0.2839999999999989,-5.531000000000001,0.4813200000000002,0.4599999999999991,,6.99
1985-09-01 00:00:00+00:00,3.619999999999999,0.26500000000000057,-5.644,0.3479600000000005,0.35999999999999943,,7.499999999999998
1985-10-01 00:00:00+00:00,3.4300000000000015,0.4225000000000012,-5.719999999999999,0.16759000000000057,0.3100000000000005,,7.9
1985-11-01 00:00:00+00:00,4.3100000000000005,0.42799999999999905,-5.665,0.16023000000000032,0.27999999999999936,,8.38
1985-12-01 00:00:00+00:00,5.270000000000001,0.2375000000000007,-5.265999999999999,0.4861400000000007,0.9100000000000001,,7.6
1986-01-01 00:00:00+00:00,5.59,0.46000000000000085,-4.8389999999999995,0.9447399999999995,1.5199999999999996,,7.67
1986-02-01 00:00:00+00:00,4.91,0.8520000000000003,-4.776,0.7710559999999997,1.9400000000000013,,8.790000000000001
1986-03-01 00:00:00+00:00,5.0,1.2675,-4.441999999999999,1.2428460000000001,2.030000000000001,,9.780000000000001
1986-04-01 00:00:00+00:00,4.819999999999999,1.6224999999999996,-3.607,1.6151340000000003,1.9099999999999993,,10.09
1986-05-01 00:00:00+00:00,4.95,1.548000000000001,-3.0389999999999997,1.4663220000000008,1.6399999999999997,,10.34
1986-06-01 00:00:00+00:00,4.94,1.2224999999999993,-3.314,0.7683869999999979,1.4400000000000004,,7.94
1986-07-01 00:00:00+00:00,5.1499999999999995,1.3199999999999994,-3.3739999999999997,0.7498300000000002,1.6499999999999995,,7.2700000000000005
1986-08-01 00:00:00+00:00,6.8999999999999995,1.572,-2.9829999999999997,1.2311810000000003,2.3099999999999996,,8.64
1986-09-01 00:00:00+00:00,6.93,1.6549999999999994,-3.053,1.182067,2.49,,8.9
1986-10-01 00:00:00+00:00,6.3999999999999995,1.5524999999999993,-3.2700000000000005,0.877866,2.829999999999999,,8.190000000000001
1986-11-01 00:00:00+00:00,6.17,1.7360000000000007,-3.3519999999999994,0.9864920000000001,3.49,,7.82
1986-12-01 00:00:00+00:00,6.35,1.6524999999999999,-3.162,1.2850289999999998,3.83,,8.33
1987-01-01 00:00:00+00:00,6.29,1.556,-3.059,1.3574340000000005,3.87,,9.09
1987-02-01 00:00:00+00:00,6.720000000000001,1.25,-3.15,1.3729239999999976,3.1899999999999995,,8.92
1987-03-01 00:00:00+00:00,6.75,1.2074999999999996,-3.2439999999999998,1.2529050000000002,2.7200000000000006,,9.190000000000001
1987-04-01 00:00:00+00:00,6.199999999999999,1.0325000000000006,-3.213,1.207948,1.8599999999999994,,9.510000000000002
1987-05-01 00:00:00+00:00,5.030000000000001,0.8079999999999998,-3.9849999999999994,0.46889299999999956,1.120000000000001,,7.98
1987-06-01 00:00:00+00:00,4.390000000000001,0.9824999999999999,-4.5409999999999995,0.06788200000000089,0.19000000000000128,,7.09
1987-07-01 00:00:00+00:00,4.4,0.9324999999999992,-4.385000000000001,0.5002089999999999,0.5299999999999994,,7.09
1987-08-01 00:00:00+00:00,4.5,1.1240000000000006,-4.468999999999999,0.7285260000000005,0.8399999999999999,,7.130000000000001
1987-09-01 00:00:00+00:00,4.1899999999999995,1.3350000000000009,-4.701,0.7473679999999998,1.370000000000001,,6.890000000000001
1987-10-01 00:00:00+00:00,3.08,1.3019999999999996,-5.092,0.3106250000000017,0.7900000000000009,,6.25
1987-11-01 00:00:00+00:00,4.130000000000001,0.9175000000000004,-5.398999999999999,0.4749970000000001,0.620000000000001,,6.130000000000001
1987-12-01 00:00:00+00:00,4.440000000000001,1.0150000000000006,-5.0,0.6347310000000004,0.370000000000001,,6.3100000000000005
1988-01-01 00:00:00+00:00,3.8599999999999994,1.1319999999999997,-5.038,0.3605610000000006,0.6400000000000006,,5.42
1988-02-01 00:00:00+00:00,3.7300000000000004,1.045,-4.578,0.5341240000000003,1.040000000000001,,5.460000000000001
1988-03-01 00:00:00+00:00,4.09,0.9899999999999984,-4.112000000000001,0.7086489999999994,1.3099999999999987,,5.449999999999999
1988-04-01 00:00:00+00:00,3.530000000000001,1.0520000000000014,-4.371999999999999,0.46571300000000093,0.8500000000000014,,4.6800000000000015
1988-05-01 00:00:00+00:00,2.7799999999999994,0.9725000000000001,-4.755000000000001,0.1029959999999992,0.47999999999999865,,4.229999999999999
1988-06-01 00:00:00+00:00,3.210000000000001,0.8525000000000009,-4.963,-0.12259500000000223,0.3200000000000003,,3.6899999999999995
1988-07-01 00:00:00+00:00,3.0299999999999994,0.8019999999999996,-4.765,-0.06158199999999958,0.5899999999999999,,3.8900000000000006
1988-08-01 00:00:00+00:00,2.889999999999999,0.8399999999999999,-4.838,-0.08850400000000036,0.7799999999999994,,3.629999999999999
1988-09-01 00:00:00+00:00,2.540000000000001,0.9820000000000011,-4.968,-0.1729629999999993,0.6500000000000004,,3.4800000000000004
1988-10-01 00:00:00+00:00,2.969999999999999,1.17,-4.723000000000001,0.06382699999999986,1.1199999999999992,,3.7799999999999994
1988-11-01 00:00:00+00:00,3.0999999999999996,1.0474999999999994,-4.7860000000000005,0.1262499999999971,0.8899999999999988,,4.02
1988-12-01 00:00:00+00:00,3.389999999999999,1.0599999999999987,-4.918000000000001,-0.03000100000000039,0.8999999999999986,,4.239999999999998
1989-01-01 00:00:00+00:00,3.84,1.0075000000000003,-5.002999999999999,-0.024164999999999992,1.0300000000000011,,4.690000000000001
1989-02-01 00:00:00+00:00,4.210000000000001,1.0371428571429,-4.5729999999999995,0.07231900000000024,0.870000000000001,-4.29,4.290000000000001
1989-03-01 00:00:00+00:00,4.48,1.0854999999999997,-4.451,0.23564499999999988,0.5500000000000007,-4.276,3.9299999999999997
1989-04-01 00:00:00+00:00,4.290000000000001,1.2031818181818004,-4.561999999999999,0.2847749999999998,0.5200000000000014,-4.212999999999999,3.870000000000001
1989-05-01 00:00:00+00:00,4.220000000000001,1.1460000000000008,-4.1259999999999994,0.41598699999999944,1.0,-3.9589999999999996,4.120000000000001
1989-06-01 00:00:00+00:00,5.040000000000001,1.040454545454553,-3.6179999999999994,0.8217440000000007,1.3100000000000005,-3.685999999999999,4.360000000000001
1989-07-01 00:00:00+00:00,5.220000000000001,1.1527272727272706,-3.174999999999999,1.323747000000001,2.2700000000000014,-3.0549999999999997,4.82
1989-08-01 00:00:00+00:00,5.33,1.3045000000000009,-2.8469999999999995,1.565411000000001,2.130000000000001,-2.9799999999999995,4.93
1989-09-01 00:00:00+00:00,4.84,1.2409090909090903,-2.914999999999999,1.4275040000000008,1.8000000000000007,-3.2269999999999994,4.120000000000001
1989-10-01 00:00:00+00:00,5.460000000000001,1.3565000000000005,-2.8789999999999996,1.5014260000000021,2.0200000000000014,-3.0939999999999994,4.040000000000001
1989-11-01 00:00:00+00:00,5.540000000000001,1.480500000000001,-2.7,1.858504,2.4399999999999995,-2.854,4.450000000000001
1989-12-01 00:00:00+00:00,5.2299999999999995,1.6185714285714274,-2.433,2.2842499999999992,2.6800000000000006,-2.4989999999999997,4.44
1990-01-01 00:00:00+00:00,5.0600000000000005,1.7410526315789525,-2.2219999999999995,2.397310000000001,2.7200000000000006,-2.3200000000000003,4.6
1990-02-01 00:00:00+00:00,4.59,1.6277272727272667,-2.170000000000001,2.2402299999999986,2.6799999999999997,-1.761000000000001,4.049999999999999
1990-03-01 00:00:00+00:00,4.83,1.8129999999999988,-2.178000000000001,2.4504899999999985,2.8599999999999994,-1.692000000000001,3.629999999999999
1990-04-01 00:00:00+00:00,4.85,2.2159090909091006,-2.115,2.4649099999999997,3.83,-1.6909999999999998,3.620000000000001
1990-05-01 00:00:00+00:00,4.99,2.7285000000000004,-2.1609999999999996,2.0842800000000015,3.950000000000001,-1.8839999999999995,3.5900000000000016
1990-06-01 00:00:00+00:00,4.75,2.385,-2.46,2.03594,3.6500000000000004,-2.252,3.58
1990-07-01 00:00:00+00:00,4.92,2.26,-2.333,2.2263400000000004,3.3200000000000003,-2.059,3.6799999999999997
1990-08-01 00:00:00+00:00,4.6899999999999995,2.1842857142857,-2.3920000000000003,2.097289999999999,3.369999999999999,-1.6980000000000004,3.6099999999999994
1990-09-01 00:00:00+00:00,4.74,1.955,-2.266,2.2068600000000007,3.4000000000000004,-1.13,3.960000000000001
1990-10-01 00:00:00+00:00,4.74,2.0894736842104997,-2.3810000000000002,2.245619999999999,3.209999999999999,-0.8580000000000005,3.9799999999999986
1990-11-01 00:00:00+00:00,4.629999999999999,2.4627272727272995,-2.229000000000001,2.3590400000000002,3.0199999999999996,-1.120000000000001,4.199999999999999
1990-12-01 00:00:00+00:00,3.84,2.2285714285713993,-1.8270000000000008,2.59924,2.9799999999999986,-1.3100000000000005,4.57
1991-01-01 00:00:00+00:00,3.99,2.1747368421053004,-1.479,2.78486,2.76,-1.6260000000000003,4.27
1991-02-01 00:00:00+00:00,3.4299999999999997,2.0263636363636,-1.6749999999999998,2.75488,2.5,-1.6579999999999995,4.050000000000001
1991-03-01 00:00:00+00:00,3.6799999999999997,1.7010000000000005,-1.6289999999999996,2.5912699999999997,2.280000000000001,-1.5409999999999995,3.610000000000001
1991-04-01 00:00:00+00:00,3.2700000000000014,1.511000000000001,-1.9549999999999992,2.262460000000001,2.1799999999999997,-1.5189999999999992,3.1799999999999997
1991-05-01 00:00:00+00:00,2.9400000000000013,1.4804545454545401,-2.023999999999999,2.0773600000000005,2.1500000000000004,-1.3999999999999995,2.75
1991-06-01 00:00:00+00:00,2.6799999999999997,1.51181818181818,-2.2570000000000006,1.9154769999999992,2.3100000000000005,-1.4330000000000007,1.92
1991-07-01 00:00:00+00:00,2.8900000000000006,1.6465000000000014,-2.3089999999999993,1.772730000000001,2.3000000000000007,-1.544999999999999,1.5200000000000014
1991-08-01 00:00:00+00:00,2.7200000000000006,1.7077272727272703,-2.273999999999999,1.9546100000000006,2.01,-1.5999999999999996,1.4900000000000002
1991-09-01 00:00:00+00:00,2.7699999999999996,1.8414285714285672,-1.7930000000000001,2.301689999999999,2.129999999999999,-1.4860000000000007,2.0299999999999994
1991-10-01 00:00:00+00:00,2.66,1.7910000000000004,-1.452,2.352079999999999,1.9900000000000002,-1.569,1.7899999999999991
1991-11-01 00:00:00+00:00,2.29,1.476818181818179,-0.8319999999999999,2.341881,2.1900000000000004,-1.6450000000000005,1.3600000000000003
1991-12-01 00:00:00+00:00,2.3599999999999994,1.1534999999999993,-0.7830000000000004,2.4983199999999997,2.3499999999999996,-1.4930000000000003,1.4399999999999995
1992-01-01 00:00:00+00:00,2.3000000000000007,1.323500000000001,-0.7199999999999998,2.8023249999999997,2.5700000000000003,-1.3709999999999996,1.8800000000000008
1992-02-01 00:00:00+00:00,3.079999999999999,1.110454545454549,-0.8550000000000004,2.58139,2.4300000000000006,-1.5810000000000004,1.9500000000000002
1992-03-01 00:00:00+00:00,2.6999999999999993,1.0470000000000006,-1.2080000000000002,2.2069910000000004,1.9600000000000009,-1.7619999999999996,1.9800000000000004
1992-04-01 00:00:00+00:00,2.3500000000000005,1.2049999999999992,-0.8639999999999999,2.0411930000000007,2.1399999999999997,-2.0090000000000003,1.5200000000000005
1992-05-01 00:00:00+00:00,1.9499999999999993,1.3085714285714296,-0.9350000000000005,2.143108999999999,1.9499999999999993,-1.7700000000000005,1.4800000000000004
1992-06-01 00:00:00+00:00,1.7299999999999995,1.1550000000000002,-0.5289999999999999,2.189656000000002,1.63,-1.6509999999999998,1.3899999999999997
1992-07-01 00:00:00+00:00,1.6400000000000006,0.97863636363636,-0.3359999999999994,2.5654459999999997,1.8599999999999994,-1.62,1.3499999999999996
1992-08-01 00:00:00+00:00,1.4600000000000009,0.88681818181818,0.027000000000000135,3.1930899999999998,2.210000000000001,-1.4319999999999995,1.13
1992-09-01 00:00:00+00:00,2.380000000000001,0.7035,0.26400000000000023,3.51136,2.76,-1.4779999999999998,1.2800000000000002
1992-10-01 00:00:00+00:00,2.5199999999999996,1.0542857142857098,-0.1280000000000001,3.6018600000000003,2.7699999999999996,-1.399,1.5099999999999998
1992-11-01 00:00:00+00:00,2.2699999999999996,1.0880952380952404,-0.4980000000000002,3.6344899999999996,2.0600000000000005,-1.5750000000000002,1.2400000000000002
1992-12-01 00:00:00+00:00,2.2700000000000005,0.9859999999999998,-0.8070000000000004,3.0112999999999994,1.3199999999999994,-2.002,0.8200000000000003
1993-01-01 00:00:00+00:00,2.17,1.0914285714285707,-1.0899999999999999,3.162801,1.5500000000000007,-1.9219999999999997,1.0500000000000007
1993-02-01 00:00:00+00:00,2.0,1.3690000000000007,-1.061,3.102705000000002,1.6899999999999995,-1.8769999999999998,1.2600000000000007
1993-03-01 00:00:00+00:00,1.7200000000000006,1.3985000000000003,-1.3529999999999998,3.1430369999999996,1.6900000000000004,-1.851,1.5300000000000002
1993-04-01 00:00:00+00:00,1.8399999999999999,1.46391304347826,-1.2920000000000007,3.165782,1.7399999999999993,-1.6620000000000008,1.4699999999999998
1993-05-01 00:00:00+00:00,1.58,1.49857142857143,-1.125,3.1858840000000006,1.92,-1.3769999999999998,1.3500000000000005
1993-06-01 00:00:00+00:00,1.67,1.5259999999999998,-1.194,3.002294,2.1100000000000003,-1.0970000000000004,1.2299999999999995
1993-07-01 00:00:00+00:00,1.4100000000000001,1.4954545454545505,-1.3940000000000001,2.819623000000001,2.0,-1.1239999999999997,1.37
1993-08-01 00:00:00+00:00,1.0700000000000003,1.3938095238095203,-1.2639999999999993,2.5918280000000005,1.8100000000000005,-1.2929999999999993,1.1300000000000008
1993-09-01 00:00:00+00:00,0.96,1.2742857142857105,-1.2009999999999996,2.2397430000000007,1.3900000000000006,-1.2729999999999997,0.8700000000000001
1993-10-01 00:00:00+00:00,1.4799999999999995,1.5214285714285696,-0.9050000000000002,2.252,1.5999999999999996,-1.3440000000000003,0.9099999999999993
1993-11-01 00:00:00+00:00,1.1600000000000001,1.4675000000000002,-1.1219999999999999,2.0314579999999998,1.54,-1.399,0.79
1993-12-01 00:00:00+00:00,1.0899999999999999,1.1290476190476202,-1.4729999999999999,1.6606360000000002,1.13,-1.9579999999999997,0.5100000000000007
1994-01-01 00:00:00+00:00,0.9100000000000001,0.9233333333333302,-1.6339999999999995,1.4152780000000007,0.6553000000000004,-2.3739999999999997,0.3100000000000005
1994-02-01 00:00:00+00:00,0.6100000000000003,0.7140000000000004,-1.5439999999999996,0.9400000000000004,0.6294000000000004,-2.153,-0.05999999999999961
1994-03-01 00:00:00+00:00,1.08,0.7365000000000004,-1.505,0.9100000000000001,0.7872000000000003,-1.9289999999999994,-0.16000000000000014
1994-04-01 00:00:00+00:00,1.4699999999999998,0.9856521739130395,-1.846,0.8699999999999983,0.9369999999999994,-2.027,-0.1900000000000004
1994-05-01 00:00:00+00:00,1.4699999999999998,1.1100000000000003,-1.9079999999999995,0.4900000000000002,0.8700999999999999,-2.877,0.040000000000000036
1994-06-01 00:00:00+00:00,1.6099999999999994,1.26047619047619,-2.1339999999999995,0.5700000000000003,1.102500000000001,-3.1959999999999997,0.010000000000000675
1994-07-01 00:00:00+00:00,2.530000000000001,1.89863636363636,-1.766,1.2699999999999996,1.6105,-2.822,0.3800000000000008
1994-08-01 00:00:00+00:00,2.2700000000000005,1.8455000000000004,-2.027,1.0900000000000007,1.2329999999999997,-2.769,0.79
1994-09-01 00:00:00+00:00,2.119999999999999,1.6563636363636398,-1.7480000000000002,1.4399999999999977,1.4123999999999999,-2.4620000000000006,0.9599999999999991
1994-10-01 00:00:00+00:00,2.87,1.4428571428571404,-1.8239999999999998,1.6599999999999993,1.4358999999999993,-2.8179999999999996,1.5900000000000007
1994-11-01 00:00:00+00:00,2.7699999999999996,1.3219999999999992,-2.146,1.42,1.0396999999999998,-3.056,1.25
1994-12-01 00:00:00+00:00,2.5100000000000007,1.1914285714285677,-2.5919999999999996,1.1599999999999993,0.6761000000000008,-3.242,1.13
1995-01-01 00:00:00+00:00,2.2299999999999995,1.255,-2.5059999999999993,1.330000000000001,0.7714000000000008,-3.2489999999999997,0.8700000000000001
1995-02-01 00:00:00+00:00,2.5545,1.5695238095238073,-2.458,1.5600000000000014,0.9548999999999994,-3.175,0.8099999999999996
1995-03-01 00:00:00+00:00,2.6765,1.4315000000000007,-2.1449999999999996,1.7199999999999998,1.1856999999999998,-2.955,1.1100000000000003
1995-04-01 00:00:00+00:00,2.937826086956499,1.4421739130434803,-2.021,2.2299999999999995,1.3937999999999997,-3.0869999999999997,1.1800000000000006
1995-05-01 00:00:00+00:00,2.7388235294117598,1.3568421052631612,-2.0269999999999992,2.2,1.3777999999999997,-3.5149999999999997,0.8100000000000005
1995-06-01 00:00:00+00:00,2.4760869565217396,1.430454545454551,-1.7569999999999997,2.1499999999999977,1.5501999999999994,-3.2439999999999998,0.8100000000000005
1995-07-01 00:00:00+00:00,2.6861904761904807,1.6881818181818202,-1.234,2.58,1.9397000000000002,-3.146,1.3100000000000005
1995-08-01 00:00:00+00:00,2.8019047619047592,1.7960000000000003,-1.4210000000000003,2.4300000000000006,1.9813,-3.3470000000000004,1.33
1995-09-01 00:00:00+00:00,2.6343478260869606,1.7740909090909103,-1.7599999999999998,1.9800000000000004,1.6268999999999991,-3.2750000000000004,1.4500000000000002
1995-10-01 00:00:00+00:00,2.4861904761904805,1.7284999999999995,-1.6450000000000005,2.1599999999999975,1.7485999999999997,-3.1700000000000004,1.58
1995-11-01 00:00:00+00:00,2.4686363636363593,1.6809523809523803,-1.6600000000000001,2.4400000000000004,2.0567,-3.115,1.2800000000000002
1995-12-01 00:00:00+00:00,2.5649999999999995,1.5438095238095206,-1.8729999999999993,2.2300000000000004,1.8452000000000002,-2.8819999999999997,1.2400000000000002
1996-01-01 00:00:00+00:00,2.5447368421052596,1.53947368421053,-1.62,2.1100000000000003,1.7826000000000004,-2.727,1.4800000000000004
1996-02-01 00:00:00+00:00,2.462380952380949,1.4418181818181797,-1.213,1.79,1.7908,-2.5300000000000002,1.4099999999999993
1996-03-01 00:00:00+00:00,2.4385714285714313,1.43047619047619,-1.452,1.8500000000000005,1.9518000000000004,-2.5389999999999997,1.4100000000000001
1996-04-01 00:00:00+00:00,2.5380952380952397,1.3519047619047608,-1.8639999999999999,1.5600000000000005,1.7870000000000008,-2.9709999999999996,1.5500000000000007
1996-05-01 00:00:00+00:00,2.363684210526321,1.18952380952381,-2.181,1.1100000000000003,1.5502000000000002,-3.2089999999999996,1.7400000000000002
1996-06-01 00:00:00+00:00,2.0921739130434798,1.02818181818182,-2.058,0.7400000000000002,1.3470999999999993,-3.3520000000000003,1.7799999999999994
1996-07-01 00:00:00+00:00,2.02157894736842,0.8994999999999997,-2.2830000000000004,0.5999999999999996,1.1440000000000001,-3.6580000000000004,1.92
1996-08-01 00:00:00+00:00,1.759565217391299,0.84181818181818,-2.309,0.5199999999999987,1.0461999999999998,-3.576,1.6800000000000006
1996-09-01 00:00:00+00:00,1.3999999999999995,0.6657142857142899,-2.173,0.669999999999999,1.1819000000000006,-3.4309999999999996,1.5300000000000002
1996-10-01 00:00:00+00:00,1.1733333333333302,0.5084999999999997,-2.574,0.2999999999999998,0.9851000000000001,-3.902,1.459999999999999
1996-11-01 00:00:00+00:00,1.0204347826086995,0.11454545454544984,-2.364,0.14999999999999947,1.0112999999999994,-3.7300000000000004,1.1099999999999994
1996-12-01 00:00:00+00:00,0.9566666666666697,-0.06500000000000039,-2.0090000000000003,0.22999999999999954,1.3952,-3.4410000000000003,0.96
1997-01-01 00:00:00+00:00,1.024,0.09200000000000053,-2.175,0.009999999999999787,1.2716000000000003,-3.703,0.9199999999999999
1997-02-01 00:00:00+00:00,0.8790476190476202,0.05272727272727007,-2.621,-0.34999999999999964,0.9752000000000001,-3.948,0.7599999999999998
1997-03-01 00:00:00+00:00,0.9740000000000002,-0.11650000000000027,-2.903,-0.3600000000000003,0.7762000000000002,-3.8369999999999997,0.9199999999999999
1997-04-01 00:00:00+00:00,1.20947368421053,-0.15050000000000008,-2.837,-0.3700000000000001,0.7643999999999993,-4.166,1.0899999999999999
1997-05-01 00:00:00+00:00,1.03380952380952,-0.10545454545454991,-3.1209999999999996,-0.5,0.7480000000000002,-4.507999999999999,1.21
1997-06-01 00:00:00+00:00,0.9645454545454504,-0.13666666666667027,-3.124,-0.5300000000000002,0.45809999999999995,-3.9739999999999998,0.9100000000000001
1997-07-01 00:00:00+00:00,0.6609999999999996,-0.21857142857143064,-2.9680000000000004,-0.40000000000000036,0.6517999999999997,-3.806,0.6399999999999997
1997-08-01 00:00:00+00:00,0.42260869565216996,-0.25681818181818006,-2.635,-0.3899999999999997,0.8376999999999999,-3.715,0.5899999999999999
1997-09-01 00:00:00+00:00,0.35095238095238024,-0.30549999999999944,-2.6079999999999997,-0.35999999999999943,0.7892999999999999,-3.9459999999999997,0.75
1997-10-01 00:00:00+00:00,0.1013636363636401,-0.3338095238095198,-2.506,-0.5499999999999998,0.6116000000000001,-4.0,0.6699999999999999
1997-11-01 00:00:00+00:00,0.15217391304347938,-0.42090909090909,-2.3110000000000004,-0.28000000000000025,0.4809000000000001,-4.0360000000000005,0.6099999999999994
1997-12-01 00:00:00+00:00,0.1509999999999998,-0.37684210526315987,-2.1879999999999997,-0.29000000000000004,0.7439999999999998,-3.939,0.7700000000000005
1998-01-01 00:00:00+00:00,0.32904761904762037,-0.1442857142857097,-2.3649999999999998,-0.34999999999999964,0.5639000000000003,-3.8709999999999996,1.1500000000000004
1998-02-01 00:00:00+00:00,0.266,-0.1795238095238103,-2.456,-0.3200000000000003,0.5578000000000003,-3.592,1.2000000000000002
1998-03-01 00:00:00+00:00,0.3169999999999993,-0.13600000000000012,-2.6060000000000003,-0.4500000000000002,0.47609999999999975,-3.5700000000000003,1.2599999999999998
1998-04-01 00:00:00+00:00,0.21499999999999986,-0.22272727272727,-2.5410000000000004,-0.6400000000000006,0.34199999999999964,-3.7950000000000004,1.2799999999999994
1998-05-01 00:00:00+00:00,0.04499999999999993,-0.3276190476190495,-2.296,-0.6399999999999997,0.18490000000000073,-3.7729999999999997,1.1800000000000006
1998-06-01 00:00:00+00:00,-0.01095238095238038,-0.2630000000000008,-2.4710000000000005,-0.5900000000000007,0.21479999999999944,-3.995,1.0099999999999998
1998-07-01 00:00:00+00:00,0.07619047619048036,-0.18136363636364017,-2.192,-0.5899999999999999,0.2743000000000002,-3.96,1.0999999999999996
1998-08-01 00:00:00+00:00,0.0613043478260904,-0.11227272727272997,-2.27,-0.6399999999999997,0.3719000000000001,-3.777,0.79
1998-09-01 00:00:00+00:00,0.2985714285714298,0.22500000000000053,-2.352,-0.75,0.23059999999999992,-3.838,0.8300000000000001
1998-10-01 00:00:00+00:00,0.5359090909090902,0.4366666666666701,-1.7239999999999998,-0.54,0.3410000000000002,-3.707,1.21
1998-11-01 00:00:00+00:00,0.4359090909090897,0.3780952380952396,-1.616,-0.28000000000000025,0.48139999999999983,-3.6510000000000002,0.9299999999999997
1998-12-01 00:00:00+00:00,0.30095238095237953,0.3389999999999995,-2.1710000000000003,-0.5899999999999999,0.09919999999999973,-3.853,0.7599999999999998
1999-01-01 00:00:00+00:00,0.20476190476190936,0.22238095238094946,-1.9400000000000004,-0.7000000000000002,-0.13250000000000028,-3.1620000000000004,0.7299999999999995
1999-02-01 00:00:00+00:00,0.40789473684211064,0.2265000000000006,-2.1649999999999996,-0.8980013809523797,-0.43319999999999936,-2.8099999999999996,0.8100000000000005
1999-03-01 00:00:00+00:00,0.2999999999999998,0.12399999999999967,-2.45,-1.0257597999999999,-0.5681000000000003,-2.883,0.6200000000000001
1999-04-01 00:00:00+00:00,0.29652173913043,-0.009565217391300784,-2.6260000000000003,-1.049015565217391,-0.5746000000000002,-3.4140000000000006,0.6099999999999994
1999-05-01 00:00:00+00:00,0.1775000000000002,-0.15047619047618976,-2.646,-1.13930677272727,-0.5880000000000001,-3.617,0.5200000000000005
1999-06-01 00:00:00+00:00,0.33571428571428985,-0.18050000000000033,-2.82,-1.3351468571428597,-0.6332000000000004,-4.2059999999999995,0.5800000000000001
1999-07-01 00:00:00+00:00,0.3066666666666693,-0.3190909090909102,-2.9630000000000005,-1.3733485000000005,-0.7284000000000006,-4.268000000000001,0.6099999999999994
1999-08-01 00:00:00+00:00,0.34590909090908983,-0.2990476190476201,-2.746,-0.9338391363636402,-0.4179000000000004,-4.087,0.75
1999-09-01 00:00:00+00:00,0.39999999999999947,-0.1842857142857106,-2.7710000000000004,-0.8794271363636401,-0.5088000000000008,-4.062,0.9399999999999995
1999-10-01 00:00:00+00:00,0.4213636363636404,-0.19857142857143018,-2.493,-0.6846645454545399,-0.22909999999999986,-4.161,0.9900000000000002
1999-11-01 00:00:00+00:00,0.4966666666666697,-0.020500000000000185,-2.4850000000000003,-0.6383641904761905,-0.22990000000000066,-4.418,1.0
1999-12-01 00:00:00+00:00,0.5263636363636399,0.004761904761899416,-2.3400000000000003,-0.8457931818181805,-0.7155000000000005,-4.213,0.9899999999999993
2000-01-01 00:00:00+00:00,0.45714285714285996,-0.14000000000000057,-2.6630000000000003,-0.9756434782608707,-0.891,-4.513,0.8899999999999997
2000-02-01 00:00:00+00:00,0.5178947368421003,-0.16849999999999987,-2.8760000000000003,-0.9614607619047604,-0.8372999999999999,-4.969,0.8200000000000003
2000-03-01 00:00:00+00:00,0.4376190476190507,-0.18142857142856972,-2.6519999999999997,-0.8564006190476192,-0.8853,-4.723999999999999,0.79
2000-04-01 00:00:00+00:00,0.3104347826087004,-0.23173913043477956,-2.1049999999999995,-0.7693712173913001,-0.8892999999999995,-4.441,0.7999999999999998
2000-05-01 00:00:00+00:00,0.27470588235294,-0.06578947368421062,-1.9140000000000006,-0.5762014999999998,-0.6687000000000003,-4.25,0.8499999999999996
2000-06-01 00:00:00+00:00,0.025652173913039533,-0.22500000000000053,-2.25,-0.9245025217391296,-1.0367000000000006,-4.735,0.6599999999999993
2000-07-01 00:00:00+00:00,0.07238095238094999,-0.2045454545454497,-2.0919999999999996,-0.7546248636363595,-0.8902999999999999,-4.436,0.75
2000-08-01 00:00:00+00:00,0.11190476190476062,-0.18649999999999967,-2.074,-0.5962644761904796,-0.8111999999999995,-4.361,0.6800000000000006
2000-09-01 00:00:00+00:00,0.3973913043478303,-0.06363636363635994,-1.9900000000000002,-0.43182178260869986,-0.49880000000000013,-4.08,0.8499999999999996
2000-10-01 00:00:00+00:00,0.33619047619048015,-0.07050000000000001,-1.8459999999999996,-0.332815333333329,-0.41270000000000007,-3.924,0.9400000000000004
2000-11-01 00:00:00+00:00,0.3679545454545501,-0.01666666666667016,-1.8130000000000002,-0.32374100000000006,-0.5221,-3.9250000000000003,0.96
2000-12-01 00:00:00+00:00,0.2695454545454501,0.00714285714286067,-1.9489999999999998,-0.38429859090908813,-0.6216999999999997,-3.9559999999999995,0.8700000000000001
2001-01-01 00:00:00+00:00,0.30315789473683985,0.16210526315788965,-1.6880000000000002,-0.17197352380952058,-0.3281999999999998,-3.616,0.9100000000000001
2001-02-01 00:00:00+00:00,0.24547619047618952,0.2586363636363602,-1.6630000000000003,-0.15179378260870013,-0.31289999999999996,-3.652,0.8999999999999995
2001-03-01 00:00:00+00:00,0.2212500000000004,0.33000000000000007,-1.6079999999999997,-0.07893139999999921,-0.2751999999999999,-3.6849999999999996,0.9400000000000004
2001-04-01 00:00:00+00:00,0.24068181818182044,0.4113636363636406,-1.5629999999999997,0.0481224090909107,-0.1869999999999994,-3.7209999999999996,1.0600000000000005
2001-05-01 00:00:00+00:00,0.4372222222222204,0.45150000000000023,-1.6109999999999998,-0.03862214285713961,-0.19320000000000004,-3.8249999999999997,1.12
2001-06-01 00:00:00+00:00,0.5534782608695705,0.4613636363636404,-1.8339999999999996,-0.12748178260870002,-0.2746999999999993,-4.14,1.2300000000000004
2001-07-01 00:00:00+00:00,0.6167499999999997,0.4380952380952401,-1.8970000000000002,-0.07171228571429022,-0.0849000000000002,-4.128,1.3499999999999996
2001-08-01 00:00:00+00:00,0.8463636363636402,0.5604761904761899,-1.883,0.010024863636359349,-0.03629999999999978,-3.9350000000000005,1.5
2001-09-01 00:00:00+00:00,0.7915217391304399,0.5609090909090906,-1.6529999999999996,0.08821360869564998,0.015400000000000524,-3.627,1.6100000000000003
2001-10-01 00:00:00+00:00,0.8482499999999993,0.5726315789473695,-1.4280000000000004,0.30742849999999944,0.25759999999999916,-3.3840000000000003,1.7899999999999991
2001-11-01 00:00:00+00:00,0.83760869565217,0.6627272727272695,-1.5650000000000004,0.24686943478260925,0.2553000000000001,-3.2070000000000003,1.83
2001-12-01 00:00:00+00:00,0.80772727272727,0.5271428571428594,-1.3890000000000002,0.016660499999999523,-0.02289999999999992,-3.322,1.6499999999999995
2002-01-01 00:00:00+00:00,0.7268421052631604,0.3184210526315798,-1.5349999999999997,-0.13123257142856826,-0.1971999999999996,-3.756,1.5300000000000002
2002-02-01 00:00:00+00:00,0.8183333333333298,0.30363636363636015,-1.4500000000000002,-0.017112217391310303,-0.12290000000000045,-3.62,1.54
2002-03-01 00:00:00+00:00,1.0357500000000002,0.4109999999999996,-1.3000000000000003,0.15611499999999978,0.015099999999999447,-3.4090000000000003,1.7000000000000002
2002-04-01 00:00:00+00:00,1.029,0.38699999999999957,-1.6440000000000001,0.036461047619049225,-0.059800000000000075,-3.859,1.5999999999999996
2002-05-01 00:00:00+00:00,1.0839999999999996,0.4486363636363597,-1.682,0.08724245454544999,0.023100000000000342,-3.816,1.6600000000000001
2002-06-01 00:00:00+00:00,1.0552173913043497,0.4359090909090897,-1.6950000000000003,0.14314330434782985,0.10890000000000022,-3.795,1.6499999999999995
2002-07-01 00:00:00+00:00,1.0776315789473703,0.49400000000000066,-1.6309999999999998,0.2348675500000006,0.16900000000000048,-3.6019999999999994,1.71
2002-08-01 00:00:00+00:00,1.20978260869565,0.64045454545455,-1.4020000000000001,0.37740760869564927,0.35269999999999957,-3.354,1.8899999999999997
2002-09-01 00:00:00+00:00,1.3884090909090903,0.8604761904761906,-1.0679999999999996,0.4710545454545505,0.48600000000000065,-3.005,2.0700000000000003
2002-10-01 00:00:00+00:00,1.5657142857142903,1.0155000000000003,-1.109,0.6532902380952397,0.6306000000000003,-2.741,2.3
2002-11-01 00:00:00+00:00,1.7191304347826102,1.1872727272727297,-1.077,0.6834652608695699,0.6759999999999997,-2.8449999999999998,2.39
2002-12-01 00:00:00+00:00,1.4495238095238099,1.0395000000000003,-1.251,0.5423678095238094,0.5878000000000005,-3.0709999999999997,2.24
2003-01-01 00:00:00+00:00,1.3649999999999993,0.9375,-1.6340000000000003,0.37649604545454984,0.5343999999999998,-3.055,2.25
2003-02-01 00:00:00+00:00,1.2250000000000005,0.9118181818181803,-1.654,0.22032421739130026,0.3399000000000001,-3.214,2.0700000000000003
2003-03-01 00:00:00+00:00,1.26775,1.1119999999999997,-1.525,0.16079104999999982,0.31309999999999993,-3.072,1.98
2003-04-01 00:00:00+00:00,1.46166666666667,1.18714285714286,-1.2730000000000001,0.3171641428571399,0.5143,-3.0860000000000003,2.1
2003-05-01 00:00:00+00:00,1.3860526315789503,1.0919047619047602,-1.3010000000000002,0.26886363636363964,0.5063000000000004,-3.2969999999999997,2.0200000000000005
2003-06-01 00:00:00+00:00,1.4581818181818202,1.1019047619047604,-1.2119999999999997,0.3487085000000003,0.6496999999999997,-2.993,2.03
2003-07-01 00:00:00+00:00,1.4727499999999996,0.9580952380952397,-0.7229999999999999,0.3933098571428597,0.7827000000000002,-2.801,1.9000000000000004
2003-08-01 00:00:00+00:00,1.2528260869565204,0.7031818181818204,-1.314,0.08262378260869996,0.42779999999999996,-3.024,1.56
2003-09-01 00:00:00+00:00,1.0740476190476196,0.45199999999999996,-1.5750000000000002,-0.24530395238095082,0.15399999999999991,-3.0440000000000005,1.46
2003-10-01 00:00:00+00:00,1.24295454545455,0.4871428571428602,-1.4929999999999994,-0.03814863636362986,0.44320000000000004,-2.8499999999999996,1.6800000000000006
2003-11-01 00:00:00+00:00,1.3186956521739104,0.5254545454545498,-1.408,0.018068304347830022,0.6170999999999998,-2.8529999999999998,1.7299999999999995
2003-12-01 00:00:00+00:00,1.5739999999999998,0.5568421052631605,-1.307,0.13783689999999993,0.7650000000000006,-2.9669999999999996,1.9100000000000001
2004-01-01 00:00:00+00:00,1.48738095238095,0.45904761904762026,-1.4899999999999998,0.08600478260870048,0.6260000000000003,-2.9399999999999995,1.7800000000000002
2004-02-01 00:00:00+00:00,1.5504999999999995,0.4361904761904798,-1.2980000000000005,0.10670331818182088,0.6374999999999993,-2.8200000000000003,1.7799999999999994
2004-03-01 00:00:00+00:00,1.5404999999999998,0.37150000000000016,-1.399,0.10328014999999979,0.7256,-2.8689999999999998,1.83
2004-04-01 00:00:00+00:00,1.5854347826086999,0.4304347826086996,-1.198,0.18941056521739075,0.8788,-2.412,1.9100000000000001
2004-05-01 00:00:00+00:00,1.4530000000000003,0.2628571428571407,-1.5409999999999995,-0.10757368181818006,0.6070000000000002,-2.8299999999999996,1.6900000000000004
2004-06-01 00:00:00+00:00,1.23809523809524,0.052999999999999936,-1.8319999999999999,-0.33379290476189993,0.3917999999999999,-3.215,1.54
2004-07-01 00:00:00+00:00,1.1154761904761896,0.20272727272726954,-1.6900000000000004,-0.2873986363636405,0.46999999999999975,-2.9230000000000005,1.5599999999999996
2004-08-01 00:00:00+00:00,1.21772727272727,0.25,-1.5430000000000001,-0.16042950000000022,0.6082999999999998,-2.692,1.6799999999999997
2004-09-01 00:00:00+00:00,1.3031818181818196,0.35095238095237935,-1.455,-0.11211418181818011,0.7271000000000001,-2.692,1.92
2004-10-01 00:00:00+00:00,1.28204545454546,0.47238095238095035,-1.38,-0.01602868181818007,0.7808999999999999,-2.737,2.0300000000000002
2004-11-01 00:00:00+00:00,1.3014285714285707,0.4500000000000002,-1.4769999999999994,-0.12058128571428828,0.6683000000000003,-2.6169999999999995,1.9800000000000004
2004-12-01 00:00:00+00:00,1.21,0.2947619047619092,-1.7470000000000003,-0.32131263636364027,0.5002999999999993,-2.7380000000000004,1.8599999999999994
2005-01-01 00:00:00+00:00,1.0019047619047594,0.09047619047618927,-1.8480000000000003,-0.5406532608695604,0.30159999999999965,-2.833,1.7199999999999998
2005-02-01 00:00:00+00:00,1.1318421052631606,0.04050000000000065,-1.9709999999999996,-0.5863998571428599,0.3219000000000003,-2.9099999999999997,1.7700000000000005
2005-03-01 00:00:00+00:00,1.2277500000000003,0.03500000000000014,-1.7890000000000001,-0.5547204999999997,0.4184000000000001,-2.751,1.7800000000000002
2005-04-01 00:00:00+00:00,1.1526190476190497,-0.14181818181817984,-2.145,-0.7375428695652202,0.29600000000000026,-3.175,1.6600000000000001
2005-05-01 00:00:00+00:00,1.1320000000000006,-0.14619047619047976,-2.266,-0.7690580476190498,0.2818000000000005,-3.083,1.6500000000000004
2005-06-01 00:00:00+00:00,1.1477272727272707,-0.06619047619047969,-2.126,-0.7325688181818197,0.2773000000000003,-2.9019999999999997,1.67
2005-07-01 00:00:00+00:00,1.14047619047619,-0.1718181818181801,-2.001,-0.74588581818182,0.28469999999999995,-2.857,1.71
2005-08-01 00:00:00+00:00,1.0102380952381003,-0.2804999999999995,-2.2249999999999996,-0.8640070476190491,0.12110000000000021,-2.885,1.5700000000000003
2005-09-01 00:00:00+00:00,0.9586956521739101,-0.33954545454544993,-2.332,-0.94445639130435,0.06490000000000062,-2.8949999999999996,1.5099999999999998
2005-10-01 00:00:00+00:00,0.9863636363636399,-0.3314285714285701,-2.25,-1.0444623181818202,0.010899999999999466,-2.75,1.5099999999999998
2005-11-01 00:00:00+00:00,0.9402380952381,-0.41300000000000026,-2.363,-1.13664004761905,-0.11179999999999968,-2.947,1.42
2005-12-01 00:00:00+00:00,0.8952272727272703,-0.4328571428571397,-2.356,-1.01274545454545,-0.22710000000000008,-3.0860000000000003,1.4100000000000001
2006-01-01 00:00:00+00:00,0.8765000000000001,-0.4289999999999994,-2.51,-1.0610181363636397,-0.2513999999999994,-2.9819999999999998,1.3600000000000003
2006-02-01 00:00:00+00:00,0.7835000000000001,-0.3909523809523803,-2.267,-1.0272985909090901,-0.3448000000000002,-2.873,1.2999999999999998
2006-03-01 00:00:00+00:00,0.702,-0.40000000000000036,-2.3180000000000005,-1.0189956500000004,-0.4157000000000002,-2.9720000000000004,1.13
2006-04-01 00:00:00+00:00,0.62130434782609,-0.5204347826086995,-2.203,-0.98881765217391,-0.40229999999999944,-2.961,1.0
2006-05-01 00:00:00+00:00,0.5897058823529395,-0.57421052631579,-2.2380000000000004,-0.9783626000000005,-0.4723000000000006,-3.0340000000000003,0.75
2006-06-01 00:00:00+00:00,0.6399999999999997,-0.7104545454545503,-2.41,-1.0497045652173904,-0.4612000000000007,-3.261,0.6999999999999993
2006-07-01 00:00:00+00:00,0.62785714285714,-0.6686363636363604,-2.2620000000000005,-1.0349114090909106,-0.4455,-3.2090000000000005,0.7299999999999995
2006-08-01 00:00:00+00:00,0.7440476190476204,-0.6459999999999999,-2.348,-0.9937120952380898,-0.43400000000000016,-3.163,0.79
2006-09-01 00:00:00+00:00,0.8932608695652204,-0.6272727272727296,-2.3329999999999997,-0.9118166956521696,-0.2264999999999997,-3.2119999999999997,0.96
2006-10-01 00:00:00+00:00,0.8816666666666704,-0.6514285714285695,-2.3509999999999995,-0.8801517142857103,-0.16779999999999973,-3.0919999999999996,1.08
2006-11-01 00:00:00+00:00,0.9349999999999996,-0.6233333333333304,-2.2350000000000003,-0.8487135909090902,-0.11450000000000049,-3.0120000000000005,1.1099999999999994
2006-12-01 00:00:00+00:00,0.9995454545454505,-0.6004761904761895,-2.2589999999999995,-0.7959370909090886,-0.054799999999999294,-2.9099999999999997,1.1100000000000003
2007-01-01 00:00:00+00:00,1.1365789473684202,-0.5936842105263196,-2.0709999999999997,-0.6573969047618995,0.059500000000000774,-2.9149999999999996,1.21
2007-02-01 00:00:00+00:00,1.1176190476190504,-0.6381818181818195,-2.1409999999999996,-0.6571905217391283,0.10939999999999994,-3.0549999999999997,1.17
2007-03-01 00:00:00+00:00,1.0892499999999998,-0.6025,-2.1639999999999997,-0.6024813999999994,0.17600000000000016,-3.08,1.2200000000000006
2007-04-01 00:00:00+00:00,1.17681818181818,-0.5140909090909096,-1.8579999999999997,-0.5372831363636399,0.2594000000000003,-2.9309999999999996,1.3100000000000005
2007-05-01 00:00:00+00:00,1.2197222222222193,-0.5185000000000004,-1.8890000000000002,-0.44411828571429,0.35389999999999944,-3.0370000000000004,1.3699999999999992
2007-06-01 00:00:00+00:00,1.17086956521739,-0.4572727272727297,-1.718,-0.3769040434782598,0.3958000000000004,-3.017,1.42
2007-07-01 00:00:00+00:00,1.1047500000000001,-0.4871428571428593,-1.9059999999999997,-0.43924466666666984,0.3321000000000005,-3.1969999999999996,1.62
2007-08-01 00:00:00+00:00,1.1497727272727296,-0.41000000000000014,-1.892,-0.37157513636364037,0.4084000000000003,-3.191,1.7699999999999996
2007-09-01 00:00:00+00:00,1.25590909090909,-0.24136363636363978,-1.621,-0.24368721739130006,0.47989999999999977,-3.093,1.7300000000000004
2007-10-01 00:00:00+00:00,1.4721052631578901,-0.16368421052631987,-1.4639999999999995,-0.1505953,0.47280000000000033,-2.8219999999999996,1.6400000000000006
2007-11-01 00:00:00+00:00,1.6443478260869595,-0.16727272727273057,-1.5430000000000001,-0.12978508695652025,0.4276,-2.914,1.8399999999999999
2007-12-01 00:00:00+00:00,1.8754545454545495,-0.028571428571430246,-1.2440000000000002,0.10154036363635921,0.5762999999999998,-2.6530000000000005,2.2399999999999993
2008-01-01 00:00:00+00:00,2.1076315789473705,-0.08421052631578974,-0.9889999999999994,0.2817618571428602,0.5937000000000001,-2.574,2.3000000000000007
2008-02-01 00:00:00+00:00,2.33642857142857,0.10818181818181971,-0.8010000000000002,0.49174530434783126,0.7524999999999995,-2.311,2.54
2008-03-01 00:00:00+00:00,2.5545238095238094,0.08799999999999963,-0.681,0.3993709523809512,0.8834,-2.311,2.66
2008-04-01 00:00:00+00:00,2.57552631578947,-0.0009999999999998899,-0.47699999999999987,0.5605122380952405,0.9350000000000005,-2.2649999999999997,2.8500000000000005
2008-05-01 00:00:00+00:00,2.49047619047619,-0.051363636363640275,-0.43800000000000017,0.6027464999999999,0.9632000000000001,-2.08,2.8000000000000003
2008-06-01 00:00:00+00:00,2.4750000000000005,-0.2585714285714298,-0.5960000000000001,0.5432708181818198,0.9882999999999997,-2.102,2.55
2008-07-01 00:00:00+00:00,2.4867500000000007,-0.33999999999999986,-0.8099999999999996,0.7092517142857107,1.1103000000000005,-2.4989999999999997,2.3200000000000003
2008-08-01 00:00:00+00:00,2.3565217391304403,-0.25954545454544986,-0.8439999999999999,0.8045092173913,1.0394000000000005,-2.473,2.17
2008-09-01 00:00:00+00:00,1.9724999999999997,-0.2985000000000002,-0.948,0.6060430476190493,0.8367,-2.459,2.2399999999999998
2008-10-01 00:00:00+00:00,1.9559090909090897,-0.14904761904761976,-1.021,0.8142984090909109,0.8801000000000001,-2.2089999999999996,2.1300000000000003
2008-11-01 00:00:00+00:00,1.4052272727272697,-0.14181818181817984,-1.0460000000000003,0.60582552173913,0.7688999999999999,-2.324,2.0500000000000003
2008-12-01 00:00:00+00:00,1.4107500000000006,0.04157894736842005,-1.3039999999999998,0.6664262500000002,0.7271000000000005,-2.1529999999999996,2.2000000000000006
2009-01-01 00:00:00+00:00,1.7957142857142898,0.5257142857142902,-0.2719999999999998,1.468141304347831,1.2038000000000002,-1.206,2.46
2009-02-01 00:00:00+00:00,1.56575,0.2923809523809502,-0.29899999999999993,1.5798949534215914,1.1499000000000001,-1.248,1.9700000000000002
2009-03-01 00:00:00+00:00,1.383,0.09052631578946979,-0.6960000000000002,1.3264882557912303,0.8199000000000001,-1.5930000000000002,1.6600000000000001
2009-04-01 00:00:00+00:00,1.5077272727272706,0.06590909090909003,-0.645,1.32197136591993,0.42969999999999997,-1.4969999999999999,1.9499999999999997
2009-05-01 00:00:00+00:00,1.5819999999999994,0.024285714285710025,-0.734,1.1593431671258698,0.47719999999999985,-1.5280000000000002,2.31
2009-06-01 00:00:00+00:00,1.71428571428571,-0.08800000000000008,-0.754,0.8431358514652203,0.3306,-1.809,2.3
2009-07-01 00:00:00+00:00,1.83666666666667,-0.2609090909090903,-1.242,0.6049540935653694,0.0020999999999999908,-2.357,2.2499999999999996
2009-08-01 00:00:00+00:00,1.9278260869565202,-0.13090909090908998,-1.3679999999999999,0.5286772643195596,0.2637999999999998,-2.1740000000000004,2.19
2009-09-01 00:00:00+00:00,1.94325,-0.12549999999999972,-1.4659999999999997,0.3014923361481201,0.12420000000000009,-2.276,2.2300000000000004
2009-10-01 00:00:00+00:00,1.9236363636363598,-0.03428571428570981,-1.245,0.46698059992541996,0.25660000000000016,-2.142,2.23
2009-11-01 00:00:00+00:00,2.0602380952380996,0.03523809523809973,-1.1830000000000003,0.4138635928819103,0.17989999999999995,-1.9860000000000002,2.27
2009-12-01 00:00:00+00:00,2.0666666666666704,-0.00749999999999984,-1.3980000000000001,0.4349723018409697,0.35919999999999996,-2.1470000000000002,2.61
2010-01-01 00:00:00+00:00,1.8830952380952404,-0.17380952380951964,-1.6179999999999999,0.28162289880302005,0.29710000000000036,-2.3179999999999996,2.4299999999999997
2010-02-01 00:00:00+00:00,1.8275000000000001,-0.2450000000000001,-1.7200000000000002,0.37167002022155016,0.2725000000000004,-2.4219999999999997,2.27
2010-03-01 00:00:00+00:00,1.7875,-0.26631578947367984,-1.759,0.41599440438843027,0.3724000000000003,-2.395,2.1700000000000004
2010-04-01 00:00:00+00:00,1.8900000000000001,-0.23956521739129988,-1.789,0.2566653738846201,0.36149999999999993,-2.3689999999999998,2.1300000000000003
2010-05-01 00:00:00+00:00,1.9449999999999998,-0.18000000000000016,-1.985,0.31705922161740974,0.2506999999999997,-2.564,2.11
2010-06-01 00:00:00+00:00,2.0600000000000005,0.025500000000000078,-1.847,0.26417374441406016,0.3572000000000002,-2.1630000000000003,2.3100000000000005
2010-07-01 00:00:00+00:00,2.1274999999999995,0.09772727272727,-1.6910000000000003,0.4898290407093797,0.4006999999999996,-2.12,2.3099999999999996
2010-08-01 00:00:00+00:00,2.135,0.1752380952381003,-1.5099999999999998,0.6003851019220803,0.49870000000000037,-1.9349999999999998,2.3900000000000006
2010-09-01 00:00:00+00:00,2.2699999999999996,0.2495238095238097,-1.5080000000000002,0.7378818275118899,0.5329999999999999,-1.6770000000000003,2.54
2010-10-01 00:00:00+00:00,2.3525000000000005,0.23142857142856998,-1.2779999999999998,0.8421166716541801,0.4771000000000001,-1.7519999999999998,2.6300000000000003
2010-11-01 00:00:00+00:00,2.545,0.22599999999999998,-1.082,0.7893244041429202,0.5284999999999997,-1.637,2.55
2010-12-01 00:00:00+00:00,2.6175000000000006,0.2623809523809504,-1.2019999999999997,0.9582547054332,0.5510000000000002,-1.5989999999999998,2.7300000000000004
2011-01-01 00:00:00+00:00,2.2649999999999997,-0.0852380952381,-1.616,0.7634993150717113,0.31979999999999986,-2.157,2.5300000000000002
2011-02-01 00:00:00+00:00,2.1299999999999994,-0.137,-1.572,0.5426299436839113,0.33729999999999993,-2.177,2.22
2011-03-01 00:00:00+00:00,2.0300000000000002,-0.16263157894737024,-1.683,0.8947876173476708,0.29990000000000006,-2.339,1.9799999999999995
2011-04-01 00:00:00+00:00,2.0249999999999995,-0.14347826086956994,-1.479,1.077934587834,0.3285999999999998,-2.196,2.17
2011-05-01 00:00:00+00:00,2.0525,-0.13200000000000012,-1.3769999999999998,1.2004113722863297,0.30189999999999984,-2.245,2.24
2011-06-01 00:00:00+00:00,2.1550000000000002,-0.01809523809523972,-1.321,1.1974792592262897,0.33530000000000015,-2.0519999999999996,2.0600000000000005
2011-07-01 00:00:00+00:00,2.16,-0.012272727272729878,-1.261,1.3743837775344314,0.4144000000000001,-1.916,2.04
2011-08-01 00:00:00+00:00,2.0199999999999996,-0.06150000000000011,-1.564,1.5966833745233284,0.31369999999999987,-1.925,2.0700000000000003
2011-09-01 00:00:00+00:00,2.1925,0.14636363636364003,-1.1669999999999998,1.9044927845058304,0.4833000000000003,-1.277,2.25
2011-10-01 00:00:00+00:00,2.2224999999999997,0.2166666666666699,-0.9770000000000001,2.0544970829973397,0.524,-1.005,2.43
2011-11-01 00:00:00+00:00,2.22,0.1459999999999999,-1.0679999999999998,1.9277591140701102,0.379,-1.1119999999999999,2.39
2011-12-01 00:00:00+00:00,2.0725,0.11238095238095003,-1.065,2.3817472691869517,0.2817000000000003,-0.9479999999999997,2.13
2012-01-01 00:00:00+00:00,1.8450000000000002,0.01200000000000001,-1.24,2.1126229141741697,0.20279999999999987,-1.009,1.9300000000000002
2012-02-01 00:00:00+00:00,1.825,0.010000000000000009,-1.2349999999999999,1.93433805608164,0.14039999999999986,-1.0110000000000001,1.89
2012-03-01 00:00:00+00:00,2.0,0.050999999999999934,-1.25,1.7740872627129198,0.2491000000000001,-1.008,2.01
2012-04-01 00:00:00+00:00,1.9800000000000004,-0.06318181818181978,-1.3159999999999998,1.1127648089977695,0.15300000000000002,-1.204,2.0
2012-05-01 00:00:00+00:00,1.8075,0.014499999999999957,-1.315,1.3318772975928104,0.16170000000000018,-1.1359999999999997,1.9300000000000002
2012-06-01 00:00:00+00:00,1.4774999999999998,0.12227272727272998,-1.19,1.72554472292503,0.14159999999999995,-0.9540000000000001,1.86
2012-07-01 00:00:00+00:00,1.375,0.12761904761904996,-0.9420000000000001,1.7859941523185099,0.14979999999999993,-0.8310000000000001,1.7799999999999998
2012-08-01 00:00:00+00:00,1.3575000000000002,0.12619047619047996,-0.969,1.7189945978390602,0.12230000000000008,-0.75,1.8699999999999999
2012-09-01 00:00:00+00:00,1.5075,0.14681818181817996,-1.111,1.3280360064114098,-0.00649999999999995,-0.8799999999999999,1.9800000000000002
2012-10-01 00:00:00+00:00,1.3724999999999998,0.11789473684210994,-1.121,0.6986734334510498,0.0021999999999999797,-0.963,1.8499999999999999
2012-11-01 00:00:00+00:00,1.2725,0.061818181818179996,-1.153,0.5557818010952,0.02210000000000001,-0.99,1.7599999999999998
2012-12-01 00:00:00+00:00,1.4375,0.08809523809524,-1.1199999999999999,0.5966511802569099,0.1241000000000001,-0.9369999999999999,1.8200000000000003
2013-01-01 00:00:00+00:00,1.5075,0.0478947368421101,-1.1629999999999998,0.3790673620469198,0.12670000000000003,-0.939,1.84
2013-02-01 00:00:00+00:00,1.4875,0.021363636363640026,-1.121,0.4842180579713695,0.16949999999999998,-1.1349999999999998,1.64
2013-03-01 00:00:00+00:00,1.5175,-0.012105263157889956,-1.259,0.8779232751291999,0.19810000000000016,-1.311,1.83
2013-04-01 00:00:00+00:00,1.5525000000000002,-0.10850000000000004,-1.213,1.0668070553043094,0.016799999999999926,-1.468,1.7600000000000002
2013-05-01 00:00:00+00:00,1.485,-0.011363636363640017,-1.1480000000000001,1.09573496129224,0.022399999999999975,-1.171,1.57
2013-06-01 00:00:00+00:00,1.2950000000000002,-0.028181818181819862,-1.17,0.7545614746870599,0.016199999999999992,-1.051,1.4400000000000002
2013-07-01 00:00:00+00:00,1.2550000000000003,-0.05549999999999988,-1.2399999999999998,0.7696380612024103,0.006299999999999972,-1.4779999999999998,1.5300000000000002
2013-08-01 00:00:00+00:00,1.1919999999999997,-0.1418181818181803,-1.483,0.52141380534218,-0.10899999999999999,-1.79,1.6500000000000004
2013-09-01 00:00:00+00:00,1.154,-0.12857142857143034,-1.5980000000000003,0.35683898872372977,-0.031200000000000117,-2.032,1.7299999999999995
2013-10-01 00:00:00+00:00,1.2230000000000003,-0.1120000000000001,-1.7,0.5970926109098094,0.0343,-2.141,1.8900000000000001
2013-11-01 00:00:00+00:00,1.3890000000000002,-0.10181818181818025,-1.55,0.5429836999224,0.058399999999999785,-2.0300000000000002,2.0300000000000002
2013-12-01 00:00:00+00:00,1.4549999999999996,-0.1615000000000002,-1.6890000000000003,0.4511818720052898,0.03979999999999961,-2.115,1.98
2014-01-01 00:00:00+00:00,1.3619999999999997,-0.2264999999999997,-1.647,0.4129166515365599,0.045800000000000285,-2.2119999999999997,1.8599999999999999
2014-02-01 00:00:00+00:00,1.2980000000000005,-0.3259090909090898,-1.8769999999999998,0.3517343633851602,0.050000000000000266,-2.246,1.7799999999999998
2014-03-01 00:00:00+00:00,1.3940000000000001,-0.29000000000000004,-1.759,0.37875773068555985,0.10470000000000024,-2.124,1.8600000000000003
2014-04-01 00:00:00+00:00,1.3719999999999994,-0.26571428571429,-1.7650000000000001,0.16610575008791972,0.06369999999999987,-2.115,1.8599999999999999
2014-05-01 00:00:00+00:00,1.3170000000000002,-0.26523809523810016,-1.85,-0.09997987172644018,0.03169999999999984,-2.1,1.8399999999999999
2014-06-01 00:00:00+00:00,1.221,-0.24476190476190007,-1.79,-0.00512248852822017,0.13890000000000002,-1.9940000000000002,1.73
2014-07-01 00:00:00+00:00,1.113,-0.30142857142857027,-1.8860000000000001,-0.32490672338250004,0.1841999999999997,-2.064,1.8199999999999998
2014-08-01 00:00:00+00:00,0.9460000000000002,-0.3454545454545501,-1.924,-0.3830452744280106,0.19430000000000014,-2.013,1.83
2014-09-01 00:00:00+00:00,1.0100000000000002,-0.3580000000000001,-1.891,-0.42923606292844996,0.11470000000000002,-1.932,1.7800000000000002
2014-10-01 00:00:00+00:00,1.0430000000000001,-0.34904761904761994,-1.9409999999999998,-0.6807352321256399,-0.03810000000000002,-2.033,1.6600000000000006
2014-11-01 00:00:00+00:00,1.044,-0.28954545454544967,-1.7419999999999998,-0.6106172098476998,-0.0530999999999997,-1.8349999999999997,1.7400000000000002
2014-12-01 00:00:00+00:00,0.964,-0.32684210526316004,-1.917,-0.71323434754726,-0.17070000000000007,-1.9100000000000001,1.7000000000000002
2015-01-01 00:00:00+00:00,0.754,-0.35809523809524,-1.835,-0.76352409498775,-0.2812999999999999,-1.88,1.56
2015-02-01 00:00:00+00:00,0.742,-0.3542857142857099,-1.9469999999999998,-0.61428496772389,-0.2909999999999999,-1.605,1.54
2015-03-01 00:00:00+00:00,0.5100000000000002,-0.60052631578947,-1.965,-0.7711199756723099,-0.24350000000000005,-1.65,1.2799999999999998
2015-04-01 00:00:00+00:00,0.43500000000000005,-0.6186363636363601,-2.041,-1.0894111685979149,-0.2459,-1.6400000000000001,1.2599999999999998
2015-05-01 00:00:00+00:00,0.4700000000000002,-0.5290476190476199,-1.9,-1.090185918367239,-0.18500000000000005,-1.5999999999999999,1.31
2015-06-01 00:00:00+00:00,0.6819999999999999,-0.4560000000000002,-2.2310000000000003,-0.8698872570712601,-0.17569999999999997,-1.81,1.4499999999999997
2015-07-01 00:00:00+00:00,0.625,-0.5799999999999998,-2.259,-0.7005452677406299,-0.1903999999999999,-1.9049999999999998,1.4100000000000001
2015-08-01 00:00:00+00:00,0.6020000000000003,-0.7504545454545499,-2.355,-0.7903394327539499,-0.18469999999999986,-1.91,1.1500000000000004
2015-09-01 00:00:00+00:00,0.5680000000000001,-0.7785,-2.294,-0.7823330424983199,-0.19009999999999994,-1.79,1.12
2015-10-01 00:00:00+00:00,0.5540000000000003,-0.6885714285714299,-2.27,-0.69010191946365,-0.28859999999999997,-1.8199999999999998,1.12
2015-11-01 00:00:00+00:00,0.5870000000000002,-0.6066666666666698,-2.3419999999999996,-0.8675985863875699,-0.22399999999999975,-1.7699999999999998,1.27
2015-12-01 00:00:00+00:00,0.629,-0.6264999999999998,-2.5709999999999997,-1.1062808203151997,-0.2820999999999998,-1.9599999999999997,1.2300000000000004
2016-01-01 00:00:00+00:00,0.6119999999999997,-0.7804761904761903,-2.2790000000000004,-1.0482108705669702,-0.3166000000000002,-1.9700000000000002,1.3099999999999996
2016-02-01 00:00:00+00:00,0.6180000000000003,-0.8319999999999999,-2.389,-0.9754994082155599,-0.30669999999999975,-1.9949999999999999,1.2200000000000002
2016-03-01 00:00:00+00:00,0.6849999999999998,-0.6555,-2.233,-0.7381690433657899,-0.27679999999999993,-1.845,1.28
2016-04-01 00:00:00+00:00,0.671,-0.6218181818181798,-2.277,-0.9593046988465319,-0.3465999999999998,-1.94,1.1300000000000001
2016-05-01 00:00:00+00:00,0.702,-0.47380952380952013,-2.055,-0.849848141554712,-0.24120000000000008,-1.895,1.0499999999999998
2016-06-01 00:00:00+00:00,0.512,-0.45999999999999996,-2.108,-0.8376686026249051,-0.2734000000000001,-1.9300000000000002,0.8599999999999999
2016-07-01 00:00:00+00:00,0.4850000000000001,-0.4718181818181799,-2.1479999999999997,-0.7570218334144339,-0.3294999999999999,-1.8699999999999999,0.8699999999999999
2016-08-01 00:00:00+00:00,0.43599999999999994,-0.44900000000000007,-2.043,-0.878911803930912,-0.5431,-1.695,0.77
2016-09-01 00:00:00+00:00,0.33199999999999985,-0.51727272727273,-2.0220000000000002,-0.9488491326256211,-0.8179000000000001,-1.6300000000000001,0.6299999999999999
2016-10-01 00:00:00+00:00,0.3740000000000001,-0.54380952380952,-2.152,-0.8974574753853489,-0.8056999999999999,-1.7149999999999999,0.77
2016-11-01 00:00:00+00:00,0.47099999999999986,-0.5934999999999999,-2.122,-0.993582247624067,-0.6819999999999999,-1.81,0.7699999999999998
2016-12-01 00:00:00+00:00,0.395,-0.7023809523809501,-2.27,-0.91411222843117,-0.7582000000000002,-2.12,0.8500000000000001
2017-01-01 00:00:00+00:00,0.3089999999999997,-0.7580000000000002,-2.625,-1.2067906735975502,-1.0564000000000002,-2.45,0.8399999999999999
2017-02-01 00:00:00+00:00,0.2809999999999997,-0.7076190476190503,-2.5020000000000002,-1.1226129725384202,-1.0097000000000003,-2.345,0.7999999999999998
2017-03-01 00:00:00+00:00,0.31800000000000006,-0.71789473684211,-2.633,-0.98285866579449,-1.1141999999999999,-2.37,0.8700000000000001
2017-04-01 00:00:00+00:00,0.32399999999999984,-0.76565217391304,-2.58,-1.02686326959062,-1.286,-2.415,0.7999999999999998
2017-05-01 00:00:00+00:00,0.2570000000000001,-0.7768421052631598,-2.396,-1.0374249517739098,-1.2210999999999999,-2.2849999999999997,0.75
2017-06-01 00:00:00+00:00,0.24800000000000022,-0.7868181818181799,-2.445,-1.1276284281655597,-1.1824999999999999,-2.26,0.6300000000000003
2017-07-01 00:00:00+00:00,0.23099999999999987,-0.6872727272727299,-2.215,-1.1178897046402398,-1.1054,-2.1149999999999998,0.5800000000000001
2017-08-01 00:00:00+00:00,0.3440000000000003,-0.4119999999999999,-2.26,-1.11352990247155,-1.0486999999999997,-2.2449999999999997,0.6500000000000004
2017-09-01 00:00:00+00:00,0.4159999999999999,-0.32636363636363996,-2.324,-1.16546825484937,-1.0858999999999999,-2.2,0.6699999999999999
2017-10-01 00:00:00+00:00,0.5099999999999998,-0.15050000000000008,-2.1830000000000003,-1.0840789157858701,-0.9564000000000001,-2.14,0.71
2017-11-01 00:00:00+00:00,0.4079999999999999,-0.3090476190476199,-2.389,-1.21059584352587,-0.9783999999999999,-2.295,0.6100000000000003
2017-12-01 00:00:00+00:00,0.21499999999999986,-0.43142857142857016,-2.403,-1.4012683693270451,-1.0201,-2.315,0.5
2018-01-01 00:00:00+00:00,0.18300000000000027,-0.4847368421052598,-2.495,-1.52097370125249,-1.1219,-2.355,0.3599999999999999
2018-02-01 00:00:00+00:00,0.16699999999999982,-0.38181818181818006,-2.477,-1.5490702717486802,-1.1869,-2.5,0.2999999999999998
2018-03-01 00:00:00+00:00,-0.01499999999999968,-0.5357894736842099,-2.7439999999999998,-1.5903366237931298,-1.2566,-2.815,0.10000000000000009
2018-04-01 00:00:00+00:00,-0.12699999999999978,-0.6514285714285699,-2.786,-1.6716022507709998,-1.3319999999999999,-2.795,0.03000000000000025
2018-05-01 00:00:00+00:00,-0.13600000000000012,-0.6209523809523803,-2.75,-1.74446818716029,-1.3592000000000002,-2.8200000000000003,-0.050000000000000266
2018-06-01 00:00:00+00:00,-0.18999999999999995,-0.6045454545454501,-2.988,-1.74378457489622,-1.4784,-2.95,-0.20000000000000018
2018-07-01 00:00:00+00:00,-0.21300000000000008,-0.7009523809523803,-2.922,-1.6226694284260101,-1.4871,-2.8800000000000003,-0.010000000000000231
2018-08-01 00:00:00+00:00,-0.2530000000000001,-0.7028571428571402,-2.8480000000000003,-1.69411685314091,-1.5161000000000002,-2.83,-0.08000000000000007
2018-09-01 00:00:00+00:00,-0.30000000000000027,-0.5945454545454503,-2.922,-1.52421160236472,-1.4909000000000001,-2.7800000000000002,-0.26000000000000023
2018-10-01 00:00:00+00:00,-0.3690000000000002,-0.6463157894736802,-2.887,-1.68083845691761,-1.4977,-2.875,-0.41000000000000014
2018-11-01 00:00:00+00:00,-0.46799999999999997,-0.6613636363636397,-3.0789999999999997,-1.59600573517388,-1.6038,-3.02,-0.5299999999999998
2018-12-01 00:00:00+00:00,-0.4370000000000003,-0.7123809523809501,-3.1350000000000002,-1.71482053210281,-1.6659000000000002,-3.035,-0.43999999999999995
2019-01-01 00:00:00+00:00,-0.399,-0.77210526315789,-2.984,-1.6194411315705401,-1.5175,-2.84,-0.3900000000000001
2019-02-01 00:00:00+00:00,-0.43900000000000006,-0.7563636363636399,-2.92,-1.50757933573582,-1.3879,-2.71,-0.3900000000000001
2019-03-01 00:00:00+00:00,-0.5540000000000003,-0.7726315789473701,-2.9160000000000004,-1.5600009198155202,-1.441,-2.6950000000000003,-0.5100000000000002
2019-04-01 00:00:00+00:00,-0.6129999999999998,-0.85761904761905,-2.9219999999999997,-1.5780272556124637,-1.38,-2.665,-0.5499999999999998
2019-05-01 00:00:00+00:00,-0.6649999999999998,-0.8057142857142898,-2.7969999999999997,-1.5779616348762118,-1.3393999999999997,-2.5749999999999997,-0.5699999999999998
2019-06-01 00:00:00+00:00,-0.7449999999999999,-0.7354545454545498,-2.8449999999999998,-1.5285158079439118,-1.27,-2.495,-0.5999999999999999
2019-07-01 00:00:00+00:00,-0.6839999999999999,-0.6074999999999999,-2.5519999999999996,-1.4960243013612058,-1.1509999999999998,-2.235,-0.44999999999999973
2019-08-01 00:00:00+00:00,-0.74,-0.5409090909090901,-2.714,-1.702413162088102,-1.2296,-2.22,-0.51
2019-09-01 00:00:00+00:00,-0.6709999999999999,-0.4247619047618998,-2.605,-1.5304967318423897,-1.0524,-1.91,-0.5099999999999998
2019-10-01 00:00:00+00:00,-0.665,-0.33599999999999985,-2.4,-1.65247706738996,-1.1019,-1.915,-0.54
2019-11-01 00:00:00+00:00,-0.673,-0.26045454545454994,-2.221,-1.578432180248274,-1.0727,-1.8599999999999999,-0.55
2019-12-01 00:00:00+00:00,-0.6580000000000001,-0.3105,-2.39,-1.508732356446655,-1.045,-1.8900000000000001,-0.45999999999999996
2020-01-01 00:00:00+00:00,-0.6580000000000001,-0.25550000000000006,-2.3160000000000003,-1.4939635389222161,-1.0292000000000001,-1.885,-0.32000000000000006
2020-02-01 00:00:00+00:00,-0.601,-0.2677272727272699,-2.458,-1.4441325313146391,-1.0365,-1.825,-0.29000000000000004
2020-03-01 00:00:00+00:00,-0.516,-0.20526315789473992,-2.332,-1.3677372690078329,-0.867,-1.655,-0.22999999999999998
2020-04-01 00:00:00+00:00,0.014000000000000012,-0.050909090909091015,-1.238,-0.497365673709517,-0.4091,-0.865,0.2400000000000001
2020-05-01 00:00:00+00:00,0.19399999999999995,-0.0028571428571430024,-1.147,-0.10622385130121403,-0.3023,-0.7000000000000001,0.2799999999999999
2020-06-01 00:00:00+00:00,0.23299999999999998,-0.119,-1.141,-0.19086425724303402,-0.39570000000000005,-0.67,-0.040000000000000036
2020-07-01 00:00:00+00:00,0.19800000000000006,-0.16863636363636403,-1.169,-0.378540708482626,-0.45199999999999996,-0.7,0.17000000000000004
2020-08-01 00:00:00+00:00,0.277,-0.10363636363636397,-1.149,-0.399114689813648,-0.41059999999999997,-0.61,0.28
2020-09-01 00:00:00+00:00,0.255,-0.08650000000000002,-1.06,-0.489928046074986,-0.3783,-0.605,0.020000000000000018
2020-10-01 00:00:00+00:00,0.21399999999999997,-0.12047619047619007,-1.1800000000000002,-0.556536329705246,-0.40700000000000003,-0.665,-0.13
2020-11-01 00:00:00+00:00,0.01200000000000001,-0.18714285714285706,-1.308,-0.7896394104024483,-0.4842,-0.75,-0.25
2020-12-01 00:00:00+00:00,-0.014000000000000012,-0.1815,-1.379,-0.9250423146444472,-0.4864,-0.84,-0.09999999999999998
2021-01-01 00:00:00+00:00,0.04599999999999993,-0.19904761904761903,-1.455,-1.0218818166552814,-0.6076,-0.91,-0.010000000000000009
2021-02-01 00:00:00+00:00,-0.027000000000000135,-0.2745000000000001,-1.534,-1.1437567597967504,-0.7128000000000001,-1.0250000000000001,-0.040000000000000036
2021-03-01 00:00:00+00:00,0.07400000000000007,-0.16052631578947008,-1.489,-1.196790631433733,-0.6378,-1.11,0.19999999999999996
2021-04-01 00:00:00+00:00,0.09699999999999998,-0.11347826086957014,-1.8770000000000002,-1.4621437618001132,-0.7644000000000001,-1.4900000000000002,0.1499999999999999
2021-05-01 00:00:00+00:00,0.03600000000000003,-0.12380952380951982,-1.8499999999999999,-1.435080811388181,-0.7884999999999999,-1.5499999999999998,0.030000000000000027
2021-06-01 00:00:00+00:00,0.039999999999999813,-0.09600000000000009,-1.754,-1.2428489725026672,-0.7142000000000001,-1.54,0.18999999999999995
2021-07-01 00:00:00+00:00,0.010999999999999899,-0.09499999999999997,-1.72,-1.216026702851057,-0.6651,-1.47,0.24
2021-08-01 00:00:00+00:00,-0.06600000000000006,-0.06857142857143006,-1.693,-1.156635467125817,-0.6221000000000001,-1.3050000000000002,0.26
2021-09-01 00:00:00+00:00,-0.14500000000000002,-0.08809523809524,-1.627,-1.2205306206695277,-0.636,-1.26,0.3699999999999999
2021-10-01 00:00:00+00:00,-0.08800000000000008,-0.1070000000000002,-1.536,-1.1729188017756402,-0.5677000000000001,-1.3050000000000002,0.5099999999999998
2021-11-01 00:00:00+00:00,0.1299999999999999,0.016999999999999904,-1.6260000000000001,-1.2275021326018811,-0.4970000000000001,-1.485,0.6499999999999999
2021-12-01 00:00:00+00:00,0.246,0.1257142857142899,-1.794,-1.2477938133625501,-0.6206,-1.51,1.0099999999999998
2022-01-01 00:00:00+00:00,0.139,-0.020000000000000018,-1.597,-1.1915679951960318,-0.6325,-1.4,0.9000000000000001
2022-02-01 00:00:00+00:00,0.1279999999999999,-0.001000000000000112,-1.715,-1.225456947838613,-0.5549,-1.59,0.8
2022-03-01 00:00:00+00:00,0.18100000000000027,-0.05052631578946998,-1.6669999999999998,-0.985862018560861,-0.44089999999999985,-1.75,0.8
2022-04-01 00:00:00+00:00,0.3700000000000001,0.0021739130434799137,-1.4529999999999998,-1.07651343719211,-0.5842999999999998,-1.92,0.94
2022-05-01 00:00:00+00:00,0.258,-0.04599999999999982,-1.9260000000000002,-1.18212329950724,-0.9138,-2.535,0.7200000000000002
2022-06-01 00:00:00+00:00,0.48099999999999987,0.018571428571430015,-2.121,-1.0258692680345498,-0.9930999999999999,-2.665,0.75
2022-07-01 00:00:00+00:00,0.6269999999999998,0.17545454545454975,-1.991,-0.7012559996564907,-0.7576,-2.915,0.8399999999999999
2022-08-01 00:00:00+00:00,0.5289999999999999,0.14315789473684015,-2.38,-0.8070446379814298,-0.7545999999999999,-2.7199999999999998,0.75
2022-09-01 00:00:00+00:00,0.4610000000000003,-0.04090909090909012,-2.114,-0.8434453140537599,-0.5722,-2.6799999999999997,0.6699999999999999
2022-10-01 00:00:00+00:00,0.22699999999999987,-0.37210526315789005,-2.357,-0.7061986971005898,-0.019299999999999873,-3.2800000000000002,0.5399999999999996
2022-11-01 00:00:00+00:00,-0.06099999999999994,-0.5994736842105302,-2.86,-0.7958429827671698,0.12960000000000038,-3.735,0.43000000000000016
2022-12-01 00:00:00+00:00,-0.19399999999999995,-0.7238095238095199,-2.835,-0.95254832457662,-0.4729000000000001,-3.64,0.3900000000000001
2023-01-01 00:00:00+00:00,-0.06899999999999995,-0.6785000000000001,-2.055,-0.6204396233047107,-0.11850000000000005,-3.21,0.5899999999999999
2023-02-01 00:00:00+00:00,0.07400000000000029,-0.59238095238095,-2.2729999999999997,-0.4859254517447398,-0.01849999999999996,-3.04,0.6000000000000001
2023-03-01 00:00:00+00:00,-0.04800000000000004,-0.57578947368421,-2.3040000000000003,-0.52895686166229,-0.1947000000000001,-3.25,0.5599999999999996
2023-04-01 00:00:00+00:00,-0.19200000000000017,-0.6665217391304301,-2.433,-0.4268685743823202,-0.09620000000000006,-3.3400000000000003,0.6799999999999997
2023-05-01 00:00:00+00:00,-0.11699999999999999,-0.54388888888889,-2.38,-0.26685190559030936,0.19030000000000014,-3.075,0.6299999999999999
2023-06-01 00:00:00+00:00,-0.06999999999999984,-0.52454545454545,-2.722,-0.3646874077467799,0.3921000000000001,-3.1399999999999997,0.6499999999999999
2023-07-01 00:00:00+00:00,0.16599999999999993,-0.41181818181817986,-2.784,-0.5857847847550599,0.6158999999999999,-3.355,0.7400000000000002
2023-08-01 00:00:00+00:00,0.13599999999999968,-0.44799999999999995,-2.921,-0.63110247967421,0.5371999999999999,-3.3049999999999997,0.7399999999999998
2023-09-01 00:00:00+00:00,-0.041999999999999815,-0.5159090909090898,-3.218,-0.8275602041885901,0.3597999999999999,-3.53,0.7400000000000002
2023-10-01 00:00:00+00:00,-0.1689999999999996,-0.5640000000000001,-3.293,-0.8756889014937399,0.03990000000000027,-3.6149999999999998,0.6699999999999999
2023-11-01 00:00:00+00:00,-0.16699999999999982,-0.7379999999999995,-3.7539999999999996,-1.07793163520566,-0.23050000000000015,-3.8499999999999996,0.6699999999999999
2023-12-01 00:00:00+00:00,0.07800000000000029,-0.7890476190476199,-3.678,-1.08131173503067,-0.2279,-3.84,0.5800000000000001
2024-01-01 00:00:00+00:00,0.1670000000000007,-0.7857894736842095,-3.3639999999999994,-1.1557249991637901,-0.1577999999999995,-3.3999999999999995,0.6800000000000006
2024-02-01 00:00:00+00:00,0.08800000000000008,-0.7136363636363594,-3.2299999999999995,-1.1555835194255102,-0.12809999999999944,-3.3299999999999996,0.5900000000000007
2024-03-01 00:00:00+00:00,-0.06899999999999995,-0.706,-3.382,-1.18461501286667,-0.08699999999999974,-3.5,0.5899999999999999
2024-04-01 00:00:00+00:00,-0.16500000000000004,-0.766,-3.5709999999999997,-1.2567020972142298,-0.1769999999999996,-3.485,0.4299999999999997
2024-05-01 00:00:00+00:00,-0.27200000000000024,-0.8440909090909101,-3.847,-1.4664390317482106,-0.3228,-3.67,0.28000000000000025
2024-06-01 00:00:00+00:00,-0.15500000000000025,-0.8381818181818206,-3.5650000000000004,-1.3585080491457804,-0.25710000000000033,-3.41,0.2699999999999996
2024-07-01 00:00:00+00:00,-0.06799999999999962,-0.9184999999999994,-3.7509999999999994,-1.1449797682447702,-0.14559999999999995,-3.26,0.33000000000000007
2024-08-01 00:00:00+00:00,0.07599999999999962,-0.84227272727273,-3.8,-1.13700372007632,-0.11139999999999972,-3.205,0.25
2024-09-01 00:00:00+00:00,0.10599999999999987,-0.7985000000000002,-3.419,-0.9640875408431202,0.0743999999999998,-2.98,0.34999999999999964
2024-10-01 00:00:00+00:00,0.20199999999999996,-0.77555555555556,-3.31,-0.8858351322924802,0.1852999999999998,-2.865,0.4700000000000002
2024-11-01 00:00:00+00:00,0.1670000000000007,-0.9136363636363596,-3.6489999999999996,-1.2340660494673097,0.09930000000000039,-3.1649999999999996,0.28000000000000025
2024-12-01 00:00:00+00:00,0.18399999999999928,-1.0815000000000001,-4.071000000000001,-1.4308684773215004,0.056400000000000006,-3.3100000000000005,0.2699999999999996
2025-01-01 00:00:00+00:00,-0.07699999999999996,-1.2284999999999995,-4.0729999999999995,-1.5776569702929795,0.044500000000000206,-3.3,0.10000000000000053
2025-02-01 00:00:00+00:00,-0.14900000000000002,-1.3413636363636399,-4.247,-1.5420434783,0.03270000000000017,-3.385,0.020000000000000462
2025-03-01 00:00:00+00:00,-0.027000000000000135,-1.3936842105263203,-4.054,-1.4613450000000001,0.05630000000000024,-3.08,0.16000000000000014
2025-04-01 00:00:00+00:00,0.14100000000000001,-1.2695238095238102,-3.766,-0.9662276190000001,0.3647999999999998,-2.795,0.34999999999999964
2025-05-01 00:00:00+00:00,-0.0129999999999999,-1.1714285714285704,-3.954,-1.1827790909000004,0.2961999999999998,-2.97,0.2699999999999996
2025-06-01 00:00:00+00:00,-0.07000000000000028,-1.1985714285714297,-4.161,-1.3490054544999999,0.18039999999999967,-2.92,0.16999999999999993
2025-07-01 00:00:00+00:00,-0.1719999999999997,-1.0659999999999998,-3.9699999999999998,-1.2952390476,0.14480000000000004,-2.96,0.20000000000000018
2025-08-01 00:00:00+00:00,-0.09899999999999931,-0.9095454545454498,-4.012,-1.2164369564999995,0.2023999999999999,-2.8449999999999998,0.16000000000000014
2025-09-01 00:00:00+00:00,0.015000000000000568,-0.8374999999999999,-3.94,-1.0549542856999996,0.3769,-2.6599999999999997,0.15000000000000036
2025-10-01 00:00:00+00:00,0.17799999999999994,-0.8955000000000002,-3.92,-0.8869538030999999,0.5685000000000002,-2.475,0.16999999999999993
2025-11-01 00:00:00+00:00,0.17400000000000038,-0.9318181818181794,-3.8799999999999994,-0.9360778260999996,0.5121000000000002,-2.4049999999999994,0.020000000000000462
2025-12-01 00:00:00+00:00,0.3260000000000005,-0.9157894736842098,-3.9,-0.9538424999999999,0.4085000000000001,-2.285,0.1200000000000001
2026-01-01 00:00:00+00:00,0.5790000000000006,-0.7523809523809497,-3.8099999999999996,-0.8952673912999995,0.3426,-2.0799999999999996,0.3799999999999999
2026-02-01 00:00:00+00:00,0.54,-0.8076190476190499,-3.94,-0.9890159090999999,0.24099999999999966,-1.9699999999999998,0.2999999999999998
2026-03-01 00:00:00+00:00,0.6280000000000001,-0.8415789473684199,-3.88,-1.3849999999999998,0.30240000000000045,-2.02,0.3200000000000003
2026-04-01 00:00:00+00:00,0.6760000000000002,-0.80909090909091,-3.85,-1.3399999999999999,0.4507000000000003,-1.9049999999999998,0.3899999999999997
2026-05-01 00:00:00+00:00,0.649,-0.8016666666666703,-3.87,-1.3190000000000004,0.5007000000000001,-1.8050000000000002,0.35999999999999943
2026-06-01 00:00:00+00:00,0.5019999999999998,-0.9385000000000003,-4.04,-1.4335000000000004,0.4615999999999998,-1.8300000000000005,0.1999999999999993
2026-07-01 00:00:00+00:00,0.36100000000000065,-1.0816666666666697,-4.16,-1.5059090909090895,0.3260000000000005,-1.7999999999999998,-0.009999999999999787
2026-08-01 00:00:00+00:00,0.31899999999999995,-1.0527272727272696,-4.119999999999999,-1.5295652173912995,0.3318000000000003,-1.8099999999999996,0.010000000000000675
2026-09-01 00:00:00+00:00,0.33499999999999996,-1.005,-4.21,-1.4999999999999996,0.3086000000000002,-1.7399999999999998,0.03000000000000025
