time,open,high,low,close,volume,spread
2018-01-01 00:00:00+00:00,1.1,1.1001988646187792,1.099801135381221,1.1,3995.0,0.00015375164199768623
2018-01-02 00:00:00+00:00,1.1,1.100967749375254,1.0990808316948069,1.1000485810700609,276.0,0.00016964943986953588
2018-01-03 00:00:00+00:00,1.1000485810700609,1.1012586783803575,1.0995535462738861,1.1007636435841828,581.0,0.00024669780195023174
2018-01-04 00:00:00+00:00,1.1007636435841828,1.1014229502040058,1.1005891476676766,1.1012484542874996,238.0,0.00014028914782382838
2018-01-05 00:00:00+00:00,1.1012484542874996,1.101580513471415,1.0978205883915844,1.0981526475754997,3572.0,0.00016223639845455807
2018-01-06 00:00:00+00:00,1.0981526475754997,1.09870231974987,1.0943140528755635,1.0948637250499338,4338.0,0.00023070887496776834
2018-01-07 00:00:00+00:00,1.0948637250499338,1.095380525616669,1.0945547599950889,1.0950715605618242,356.0,0.00018856589878855405
2018-01-08 00:00:00+00:00,1.0950715605618242,1.0962351112133844,1.0934016120940167,1.0945651627455768,1150.0,0.0002274798313777919
2018-01-09 00:00:00+00:00,1.0945651627455768,1.0973882388461216,1.093642690089398,1.0964657661899428,1137.0,0.00019504314370871457
2018-01-10 00:00:00+00:00,1.0964657661899428,1.0968637506687249,1.0925410013114332,1.0929389857902152,3018.0,0.0001431496942420624
2018-01-11 00:00:00+00:00,1.0929389857902152,1.0929955128219726,1.091631826950158,1.0916883539819153,1326.0,0.00015090730889532624
2018-01-12 00:00:00+00:00,1.0916883539819153,1.0944630102580262,1.0916845582538806,1.0944592145299914,2688.0,0.0002421269415948862
2018-01-13 00:00:00+00:00,1.0944592145299914,1.0950380639230295,1.092000521106618,1.092579370499656,708.0,0.00016767440794530496
2018-01-14 00:00:00+00:00,1.092579370499656,1.093013228046591,1.0904070963964363,1.0908409539433712,3857.0,0.00017582555512525192
2018-01-15 00:00:00+00:00,1.0908409539433712,1.093407832137116,1.0907808837665602,1.093347761960305,1370.0,0.0001480989952753657
2018-01-16 00:00:00+00:00,1.093347761960305,1.0939291614567743,1.09147713044048,1.0920585299369494,4633.0,0.00018041498083313763
2018-01-17 00:00:00+00:00,1.0920585299369494,1.0926704262015385,1.0895728574884174,1.0901847537530065,709.0,0.0002105805755079457
2018-01-18 00:00:00+00:00,1.0901847537530065,1.0926484800545344,1.0899770249409175,1.0924407512424454,2079.0,0.00017138992887892122
2018-01-19 00:00:00+00:00,1.0924407512424454,1.0963496032682054,1.0923485017365726,1.0962573537623326,3810.0,0.00013935902334425216
2018-01-20 00:00:00+00:00,1.0962573537623326,1.0964232032681132,1.0933204624255828,1.0934863119313634,730.0,0.00014906627871828247
2018-01-21 00:00:00+00:00,1.0934863119313634,1.0936753681965334,1.091452451275985,1.091641507541155,4772.0,0.00016880826754404736
2018-01-22 00:00:00+00:00,1.091641507541155,1.0940412431749122,1.0908436986239902,1.0932434342577475,1201.0,0.0002122594638639479
2018-01-23 00:00:00+00:00,1.0932434342577475,1.0949311878124255,1.0928741893703549,1.0945619429250328,4312.0,0.00013584840207164068
2018-01-24 00:00:00+00:00,1.0945619429250328,1.0950023567906944,1.0940443933105977,1.0944848071762592,164.0,0.000227214189865142
2018-01-25 00:00:00+00:00,1.0944848071762592,1.0948188620739672,1.0921172181273056,1.0924512730250135,3668.0,0.000247499322559072
2018-01-26 00:00:00+00:00,1.0924512730250135,1.0936734752953527,1.0923840933400006,1.0936062956103398,2064.0,0.00019888861025119648
2018-01-27 00:00:00+00:00,1.0936062956103398,1.0942053309523663,1.0935635217015367,1.0941625570435631,2113.0,0.00016637956979791233
2018-01-28 00:00:00+00:00,1.0941625570435631,1.0943294886357264,1.0923870701856269,1.0925540017777902,4481.0,0.00017280642662604622
2018-01-29 00:00:00+00:00,1.0925540017777902,1.0953111876192294,1.0909809696764674,1.0937381555179067,3179.0,0.00019718340568772183
2018-01-30 00:00:00+00:00,1.0937381555179067,1.0949891603962716,1.0931646407801288,1.0944156456584937,771.0,0.00011635469026967106
2018-01-31 00:00:00+00:00,1.0944156456584937,1.0950078050990188,1.0934024314013622,1.0939945908418873,1017.0,0.00023121241061928544
2018-02-01 00:00:00+00:00,1.0939945908418873,1.0940036825901203,1.0923493495949106,1.0923584413431435,2802.0,0.00023474708555754737
2018-02-02 00:00:00+00:00,1.0923584413431435,1.0925880217503936,1.0895842036265795,1.0898137840338296,3027.0,0.00022044240483071116
2018-02-03 00:00:00+00:00,1.0898137840338296,1.0907987648854156,1.0888973923677199,1.089882373219306,1741.0,0.00021787756966480467
2018-02-04 00:00:00+00:00,1.089882373219306,1.0927180334791187,1.089100122683651,1.0919357829434637,4574.0,0.00015548120767100093
2018-02-05 00:00:00+00:00,1.0919357829434637,1.0933633484800478,1.0915838027745335,1.0930113683111176,4517.0,0.00012643329649951625
2018-02-06 00:00:00+00:00,1.0930113683111176,1.094331897778021,1.0921841926668858,1.0935047221337892,2481.0,0.00015430362828478233
2018-02-07 00:00:00+00:00,1.0935047221337892,1.0945869228090481,1.0932033751048733,1.0942855757801322,4116.0,0.00016897247220037378
2018-02-08 00:00:00+00:00,1.0942855757801322,1.0963836740044102,1.0922033489803316,1.0943014472046095,1008.0,0.00014967524480998865
2018-02-09 00:00:00+00:00,1.0943014472046095,1.0953907090917512,1.092983110930628,1.0940723728177697,2288.0,0.00013792083139707738
2018-02-10 00:00:00+00:00,1.0940723728177697,1.094413350349129,1.0938902303060107,1.09423120783737,3812.0,0.00010273657115896344
2018-02-11 00:00:00+00:00,1.09423120783737,1.0942894847719955,1.0919696742198506,1.0920279511544762,2160.0,0.00024257190055401061
2018-02-12 00:00:00+00:00,1.0920279511544762,1.0940342656377962,1.0908247861281906,1.0928311006115106,1672.0,0.0001946252307110124
2018-02-13 00:00:00+00:00,1.0928311006115106,1.0929388404271017,1.0911401155672993,1.0912478553828904,1060.0,0.0002315755900985688
2018-02-14 00:00:00+00:00,1.0912478553828904,1.0922829097257578,1.088521050445269,1.0895561047881364,2988.0,0.0002243063671331375
2018-02-15 00:00:00+00:00,1.0895561047881364,1.0897523069419452,1.089081243732929,1.0892774458867378,1869.0,0.0001629428953299814
2018-02-16 00:00:00+00:00,1.0892774458867378,1.0894876380872842,1.089187590658102,1.0893977828586483,764.0,0.00021103564086820525
2018-02-17 00:00:00+00:00,1.0893977828586483,1.0909334755456348,1.087926914218057,1.0894626069050435,3714.0,0.00018410379783110996
2018-02-18 00:00:00+00:00,1.0894626069050435,1.0904634990822313,1.088111870019074,1.0891127621962617,2772.0,0.0002448634130081268
2018-02-19 00:00:00+00:00,1.0891127621962617,1.091223675114421,1.0882209746324207,1.09033188755058,2449.0,0.00019973298822996587
2018-02-20 00:00:00+00:00,1.09033188755058,1.0908730142893246,1.087642624026831,1.0881837507655756,1465.0,0.00021653595436348807
2018-02-21 00:00:00+00:00,1.0881837507655756,1.0904003510207891,1.087833104364054,1.0900497046192674,4342.0,0.00022721218275776014
2018-02-22 00:00:00+00:00,1.0900497046192674,1.0918383059150498,1.0894376230335876,1.09122622432937,4086.0,0.0001523508630115887
2018-02-23 00:00:00+00:00,1.09122622432937,1.0924399220447227,1.0899619103997844,1.0911756081151371,553.0,0.00018673573313878123
2018-02-24 00:00:00+00:00,1.0911756081151371,1.0941415966966563,1.0905827599163045,1.0935487484978237,1840.0,0.0002144020463765795
2018-02-25 00:00:00+00:00,1.0935487484978237,1.0940890914050758,1.0922677456307004,1.0928080885379525,2000.0,0.00022179720808959688
2018-02-26 00:00:00+00:00,1.0928080885379525,1.0940446561302244,1.0915572911980118,1.0927938587902837,406.0,0.00013532101019196634
2018-02-27 00:00:00+00:00,1.0927938587902837,1.093668744406855,1.0909543887070305,1.0918292743236018,2928.0,0.00017149810824925834
2018-02-28 00:00:00+00:00,1.0918292743236018,1.0921734504185905,1.0910286898876533,1.091372865982642,4485.0,0.00012710066371228739
2018-03-01 00:00:00+00:00,1.091372865982642,1.0923663895324855,1.0893940307037977,1.0903875542536412,3398.0,0.00021322754935804175
2018-03-02 00:00:00+00:00,1.0903875542536412,1.091801573732793,1.089165971120188,1.0905799905993399,1979.0,0.0002057293998395073
2018-03-03 00:00:00+00:00,1.0905799905993399,1.091119364336119,1.09049805229011,1.0910374260268891,1351.0,0.0002487377326321769
2018-03-04 00:00:00+00:00,1.0910374260268891,1.0910784944203418,1.0898428260357163,1.0898838944291689,2019.0,0.00011060582350739678
2018-03-05 00:00:00+00:00,1.0898838944291689,1.0915238934503702,1.0897128362123707,1.091352835233572,1672.0,0.00010767202372898427
2018-03-06 00:00:00+00:00,1.091352835233572,1.091523897845325,1.091032074900875,1.091203137512628,798.0,0.00011948179605646321
2018-03-07 00:00:00+00:00,1.091203137512628,1.0936678444742978,1.090856571312079,1.0933212782737487,108.0,0.00017476373565384747
2018-03-08 00:00:00+00:00,1.0933212782737487,1.0937767156293232,1.090765583453124,1.0912210208086985,4137.0,0.00011122921225241795
2018-03-09 00:00:00+00:00,1.0912210208086985,1.091895870436687,1.0911523615178245,1.091827211145813,4052.0,0.00022193828815192577
2018-03-10 00:00:00+00:00,1.091827211145813,1.0930939930126944,1.0912051303689059,1.0924719122357873,2351.0,0.00015322474290648005
2018-03-11 00:00:00+00:00,1.0924719122357873,1.0941809855123326,1.0924495013195445,1.0941585745960898,3483.0,0.00012311883032881964
2018-03-12 00:00:00+00:00,1.0941585745960898,1.0952399298840092,1.0935228382798126,1.094604193567732,1786.0,0.00016834198077902675
2018-03-13 00:00:00+00:00,1.094604193567732,1.0976582889910955,1.0942994174850131,1.0973535129083767,1813.0,0.00011036119282754321
2018-03-14 00:00:00+00:00,1.0973535129083767,1.097961638371556,1.0947102477820927,1.095318373245272,3773.0,0.00014146366427403802
2018-03-15 00:00:00+00:00,1.095318373245272,1.095354201933883,1.0938678995166804,1.0939037282052915,4428.0,0.00013015904484648923
2018-03-16 00:00:00+00:00,1.0939037282052915,1.094730359976153,1.0903077978357392,1.0911344296066008,4067.0,0.00019365212208965378
2018-03-17 00:00:00+00:00,1.0911344296066008,1.0913085496618826,1.0887650845442534,1.0889392045995352,4045.0,0.00015768750603676208
2018-03-18 00:00:00+00:00,1.0889392045995352,1.0900079375352771,1.08555892476945,1.0866276577051919,4184.0,0.00012495471947165517
2018-03-19 00:00:00+00:00,1.0866276577051919,1.08848119170928,1.086487101999321,1.0883406360034091,4937.0,0.00016941476354886444
2018-03-20 00:00:00+00:00,1.0883406360034091,1.0889278364936712,1.0878617327632212,1.0884489332534832,2786.0,0.00022097833716338926
2018-03-21 00:00:00+00:00,1.0884489332534832,1.0893116650187613,1.0883657411587733,1.0892284729240513,316.0,0.00019104618240218887
2018-03-22 00:00:00+00:00,1.0892284729240513,1.0920078059732896,1.088886729055004,1.0916660621042422,2138.0,0.00024888807989110676
2018-03-23 00:00:00+00:00,1.0916660621042422,1.0946578321547746,1.0887439427776897,1.0917357128282221,985.0,0.0002135718908992753
2018-03-24 00:00:00+00:00,1.0917357128282221,1.092025397125564,1.0905892161509103,1.0908789004482522,3605.0,0.0002364501494438176
2018-03-25 00:00:00+00:00,1.0908789004482522,1.0948370945765205,1.09011665563242,1.0940748497606883,1807.0,0.00017978686558214855
2018-03-26 00:00:00+00:00,1.0940748497606883,1.0944582028282617,1.091801085906983,1.0921844389745565,594.0,0.00011802470478651259
2018-03-27 00:00:00+00:00,1.0921844389745565,1.0937025114095784,1.091884630106785,1.093402702541807,412.0,0.00015079747079651255
2018-03-28 00:00:00+00:00,1.093402702541807,1.0934527410056931,1.0923922587071613,1.0924422971710475,786.0,0.00020770702864456327
2018-03-29 00:00:00+00:00,1.0924422971710475,1.0939904306866435,1.0917787467810718,1.0933268802966678,3427.0,0.0001763831930842166
2018-03-30 00:00:00+00:00,1.0933268802966678,1.095507617934196,1.0931199028652485,1.0953006405027768,4876.0,0.00020646618843698716
2018-03-31 00:00:00+00:00,1.0953006405027768,1.0955373118017642,1.0943785265455186,1.094615197844506,713.0,0.00021898873329576258
2018-04-01 00:00:00+00:00,1.094615197844506,1.0967465433891233,1.0933629866866763,1.0954943322312936,452.0,0.0002136206262261285
2018-04-02 00:00:00+00:00,1.0954943322312936,1.0961399126276095,1.0954471871495455,1.0960927675458614,344.0,0.00019222596850244065
2018-04-03 00:00:00+00:00,1.0960927675458614,1.0970887419603101,1.0952095190518158,1.0962054934662646,1145.0,0.00017016968998810462
2018-04-04 00:00:00+00:00,1.0962054934662646,1.096756231334958,1.0956932026257586,1.096243940494452,3828.0,0.00015369873502193274
2018-04-05 00:00:00+00:00,1.096243940494452,1.0967100563460705,1.093251262450306,1.0937173783019245,4268.0,0.00018837022516726194
2018-04-06 00:00:00+00:00,1.0937173783019245,1.095975791335532,1.092512340023543,1.0947707530571504,1519.0,0.00022714297989589416
2018-04-07 00:00:00+00:00,1.0947707530571504,1.095159151357035,1.0943284671892561,1.0947168654891406,2308.0,0.00014123826748855484
2018-04-08 00:00:00+00:00,1.0947168654891406,1.0964847279031809,1.094454895667428,1.0962227580814683,1549.0,0.00020233550414237104
2018-04-09 00:00:00+00:00,1.0962227580814683,1.0979226010611045,1.095390758911866,1.0970906018915023,3508.0,0.00023064004668178333
2018-04-10 00:00:00+00:00,1.0970906018915023,1.0978784264150852,1.0955294472141317,1.0963172717377145,3872.0,0.00014486881287675547
2018-04-11 00:00:00+00:00,1.0963172717377145,1.0967868297684193,1.0958196938568299,1.0962892518875347,711.0,0.00022963769106130745
2018-04-12 00:00:00+00:00,1.0962892518875347,1.096759139750872,1.0948568999395876,1.095326787802925,3206.0,0.00016265477632375257
2018-04-13 00:00:00+00:00,1.095326787802925,1.0953989569255387,1.0921209924288193,1.092193161551433,4947.0,0.00015679310276068856
2018-04-14 00:00:00+00:00,1.092193161551433,1.0928176262119413,1.0917781476829678,1.092402612343476,1066.0,0.0001199286850817525
2018-04-15 00:00:00+00:00,1.092402612343476,1.092754477583665,1.090480404132786,1.090832269372975,640.0,0.00014337562757922438
2018-04-16 00:00:00+00:00,1.090832269372975,1.0926618004658726,1.090376140881645,1.0922056719745425,4330.0,0.00024212233413470338
2018-04-17 00:00:00+00:00,1.0922056719745425,1.0929998348305052,1.092168510232996,1.0929626730889588,721.0,0.00020760122611947614
2018-04-18 00:00:00+00:00,1.0929626730889588,1.0938558497991684,1.0915854340621651,1.0924786107723747,4368.0,0.00024807122074994484
2018-04-19 00:00:00+00:00,1.0924786107723747,1.0925405746944723,1.0923852252952058,1.0924471892173033,3623.0,0.00015181479137679204
2018-04-20 00:00:00+00:00,1.0924471892173033,1.0950640364677127,1.0923516836881106,1.09496853093852,2115.0,0.00010520782738869545
2018-04-21 00:00:00+00:00,1.09496853093852,1.09537419556718,1.0949666714701642,1.0953723360988243,700.0,0.00021726007914080336
2018-04-22 00:00:00+00:00,1.0953723360988243,1.0954191028411524,1.09456230146012,1.094609068202448,4142.0,0.0001443684388752222
2018-04-23 00:00:00+00:00,1.094609068202448,1.095575234064927,1.093895061752363,1.094861227614842,515.0,0.00013901154223044148
2018-04-24 00:00:00+00:00,1.094861227614842,1.0955981921347135,1.0938248911721535,1.0945618556920251,684.0,0.0001893608606314663
2018-04-25 00:00:00+00:00,1.0945618556920251,1.0950098916821533,1.0945224128596653,1.0949704488497936,3070.0,0.00017006711203204503
2018-04-26 00:00:00+00:00,1.0949704488497936,1.096083645534066,1.0945344738427918,1.0956476705270641,2932.0,0.00015702039123126875
2018-04-27 00:00:00+00:00,1.0956476705270641,1.0985842672032464,1.0949361032762306,1.0978726999524129,4480.0,0.00015109264365729036
2018-04-28 00:00:00+00:00,1.0978726999524129,1.098104419654699,1.0970317563068934,1.0972634760091795,2718.0,0.00020905738032807962
2018-04-29 00:00:00+00:00,1.0972634760091795,1.0975224292157042,1.095790955393149,1.0960499085996738,4176.0,0.0001295367971094114
2018-04-30 00:00:00+00:00,1.0960499085996738,1.0980990825262904,1.0955949472415787,1.0976441211681953,2500.0,0.00023426179400106714
2018-05-01 00:00:00+00:00,1.0976441211681953,1.1005639022841434,1.0973699413437186,1.1002897224596666,2349.0,0.00019161564780478764
2018-05-02 00:00:00+00:00,1.1002897224596666,1.1005506356766168,1.1000925332183094,1.1003534464352596,863.0,0.00017930686152495853
2018-05-03 00:00:00+00:00,1.1003534464352596,1.1016921664667512,1.0998029292508564,1.101141649282348,4450.0,0.00023223587864450913
2018-05-04 00:00:00+00:00,1.101141649282348,1.1014950496199996,1.1003234814876015,1.100676881825253,3113.0,0.0001972085174688158
2018-05-05 00:00:00+00:00,1.100676881825253,1.1013125458462698,1.1000548963011645,1.1006905603221813,2017.0,0.0001307906938861749
2018-05-06 00:00:00+00:00,1.1006905603221813,1.1013770566132837,1.1004546616641608,1.1011411579552632,558.0,0.0001790777123327209
2018-05-07 00:00:00+00:00,1.1011411579552632,1.1022644694424442,1.0986580837052777,1.0997813951924587,2393.0,0.0001667521541189075
2018-05-08 00:00:00+00:00,1.0997813951924587,1.103572390703291,1.0978617785381624,1.1016527740489948,3012.0,0.00021625560379031088
2018-05-09 00:00:00+00:00,1.1016527740489948,1.1027642144374554,1.1013778863709598,1.1024893267594205,894.0,0.00010256065918266556
2018-05-10 00:00:00+00:00,1.1024893267594205,1.1053389994230747,1.1013748489485127,1.1042245216121669,2596.0,0.00018689485297290835
2018-05-11 00:00:00+00:00,1.1042245216121669,1.1051264506821479,1.099946254156125,1.100848183226106,1410.0,0.00024090431691465054
2018-05-12 00:00:00+00:00,1.100848183226106,1.101008984593849,1.1001440380640508,1.100304839431794,3615.0,0.0001265201910587717
2018-05-13 00:00:00+00:00,1.100304839431794,1.101375529256334,1.0991151617826562,1.1001858516071963,2713.0,0.00020990790679964086
2018-05-14 00:00:00+00:00,1.1001858516071963,1.1013739949164305,1.0990123175402986,1.1002004608495328,4185.0,0.00019922133309159562
2018-05-15 00:00:00+00:00,1.1002004608495328,1.103196748440028,1.0991915196019855,1.1021878071924807,1180.0,0.00023438697020762984
2018-05-16 00:00:00+00:00,1.1021878071924807,1.1045435966576609,1.1019559591500783,1.1043117486152585,1414.0,0.00021365561769080737
2018-05-17 00:00:00+00:00,1.1043117486152585,1.1056463721920327,1.103152033809255,1.1044866573860292,4084.0,0.00015054934365241947
2018-05-18 00:00:00+00:00,1.1044866573860292,1.104840095811668,1.1017695473952005,1.1021229858208392,1748.0,0.00014780402159082664
2018-05-19 00:00:00+00:00,1.1021229858208392,1.1043982495224431,1.101412835504525,1.1036880992061289,2170.0,0.0002345975308646394
2018-05-20 00:00:00+00:00,1.1036880992061289,1.1048983553120202,1.1033897313100407,1.104599987415932,4782.0,0.00021245929052350415
2018-05-21 00:00:00+00:00,1.104599987415932,1.1068453793091098,1.1041658713179612,1.106411263211139,3393.0,0.00011850500741313222
2018-05-22 00:00:00+00:00,1.106411263211139,1.1066790554410337,1.1052135953432596,1.1054813875731544,4746.0,0.00019619463881275092
2018-05-23 00:00:00+00:00,1.1054813875731544,1.10663432157275,1.1033256376664802,1.1044785716660759,3395.0,0.00020714350875649236
2018-05-24 00:00:00+00:00,1.1044785716660759,1.107456190053352,1.1042094397575863,1.1071870581448624,2342.0,0.00020932451940221367
2018-05-25 00:00:00+00:00,1.1071870581448624,1.1094401579328095,1.105700491394487,1.107953591182434,2651.0,0.0001299956004169105
2018-05-26 00:00:00+00:00,1.107953591182434,1.1103436399197157,1.1072952154074351,1.1096852641447168,153.0,0.00011063764152611564
2018-05-27 00:00:00+00:00,1.1096852641447168,1.110039529978571,1.1096261115357875,1.1099803773696417,529.0,0.00011797274851241984
2018-05-28 00:00:00+00:00,1.1099803773696417,1.1126954530041562,1.1096971799800281,1.1124122556145426,3612.0,0.00024206477825054211
2018-05-29 00:00:00+00:00,1.1124122556145426,1.1138397919608212,1.11223333710624,1.1136608734525186,2659.0,0.00011555693621439396
2018-05-30 00:00:00+00:00,1.1136608734525186,1.1164031589496926,1.1124388299094619,1.1151811154066358,464.0,0.00014033865147894764
2018-05-31 00:00:00+00:00,1.1151811154066358,1.1169723437439565,1.114311308863647,1.1161025372009676,2404.0,0.00014851673512123175
2018-06-01 00:00:00+00:00,1.1161025372009676,1.1162945358894498,1.1145298442162297,1.1147218429047119,3824.0,0.00021075760338593212
2018-06-02 00:00:00+00:00,1.1147218429047119,1.1165721909511588,1.1135305623757548,1.1153809104222017,3294.0,0.0002381050017546958
2018-06-03 00:00:00+00:00,1.1153809104222017,1.1161013756248075,1.1144752661040476,1.1151957313066534,2113.0,0.00015296819394637674
2018-06-04 00:00:00+00:00,1.1151957313066534,1.1172330986372923,1.1143098091645376,1.1163471764951765,4628.0,0.00015733481343994233
2018-06-05 00:00:00+00:00,1.1163471764951765,1.1187652420268723,1.1156090466433242,1.11802711217502,3352.0,0.0001365279185480071
2018-06-06 00:00:00+00:00,1.11802711217502,1.1191652718037357,1.115933338886847,1.1170714985155628,4790.0,0.00010700793020243797
2018-06-07 00:00:00+00:00,1.1170714985155628,1.1190401422077185,1.1161512987675353,1.118119942459691,840.0,0.0002325787128082701
2018-06-08 00:00:00+00:00,1.118119942459691,1.1215854170155313,1.1171228717542951,1.1205883463101354,1633.0,0.00019022936011485353
2018-06-09 00:00:00+00:00,1.1205883463101354,1.1231790512935458,1.1196644121686439,1.1222551171520543,891.0,0.00023431295548627002
2018-06-10 00:00:00+00:00,1.1222551171520543,1.1234713308999889,1.1222271706876112,1.1234433844355458,1570.0,0.00014394480381894214
2018-06-11 00:00:00+00:00,1.1234433844355458,1.1241595175101378,1.122642290495289,1.123358423569881,438.0,0.00019870560303171696
2018-06-12 00:00:00+00:00,1.123358423569881,1.1241594558941996,1.1202728901714183,1.121073922495737,3127.0,0.00021379170036959642
2018-06-13 00:00:00+00:00,1.121073922495737,1.1235450329487615,1.1210389407685935,1.123510051221618,2315.0,0.000183247095796599
2018-06-14 00:00:00+00:00,1.123510051221618,1.1241216308779647,1.1225503660648912,1.1231619457212378,2079.0,0.00014682691334746504
2018-06-15 00:00:00+00:00,1.1231619457212378,1.1265288861197398,1.1228868624555166,1.1262538028540185,545.0,0.00014565395640233315
2018-06-16 00:00:00+00:00,1.1262538028540185,1.1271004567668317,1.1249103766431894,1.1257570305560025,182.0,0.00023408111884626646
2018-06-17 00:00:00+00:00,1.1257570305560025,1.1269902511400731,1.1246935326507435,1.125926753234814,4559.0,0.00023817901512254383
2018-06-18 00:00:00+00:00,1.125926753234814,1.1284657163102099,1.1248361617265314,1.1273751248019273,460.0,0.00023476577440993609
2018-06-19 00:00:00+00:00,1.1273751248019273,1.1288990870889986,1.1267198833753378,1.128243845662409,3899.0,0.00014488715906919698
2018-06-20 00:00:00+00:00,1.128243845662409,1.1303688348682217,1.1270162023022097,1.1291411915080223,174.0,0.00019993410215255446
2018-06-21 00:00:00+00:00,1.1291411915080223,1.129656390612059,1.1286645034544964,1.129179702558533,3884.0,0.0001344609282161598
2018-06-22 00:00:00+00:00,1.129179702558533,1.1316199029486333,1.1284346047761928,1.1308748051662931,1949.0,0.00010002813610066966
2018-06-23 00:00:00+00:00,1.1308748051662931,1.1320000061115807,1.1307511987036583,1.1318763996489458,1380.0,0.00023826161620704156
2018-06-24 00:00:00+00:00,1.1318763996489458,1.1321485467071644,1.1291362510621485,1.129408398120367,790.0,0.000124175230764375
2018-06-25 00:00:00+00:00,1.129408398120367,1.1321655858134319,1.1287122396803695,1.1314694273734343,4732.0,0.0002425300786579455
2018-06-26 00:00:00+00:00,1.1314694273734343,1.1335989567196496,1.130533090152089,1.1326626194983043,2280.0,0.00019674894455092706
2018-06-27 00:00:00+00:00,1.1326626194983043,1.133875374808861,1.1318592719700276,1.1330720272805843,3618.0,0.00011159992724595199
2018-06-28 00:00:00+00:00,1.1330720272805843,1.135746178119761,1.1320679017880804,1.1347420526272571,2469.0,0.0001916133378295175
2018-06-29 00:00:00+00:00,1.1347420526272571,1.135287074383936,1.1333772732655905,1.1339222950222694,2595.0,0.00013887669598383539
2018-06-30 00:00:00+00:00,1.1339222950222694,1.1350200415183618,1.130662326388991,1.1317600728850834,2767.0,0.0001601832875207383
2018-07-01 00:00:00+00:00,1.1317600728850834,1.133886552889207,1.1311425707622345,1.133269050766358,3116.0,0.00012189907611242233
2018-07-02 00:00:00+00:00,1.133269050766358,1.1339815701032412,1.1309980455896593,1.1317105649265424,1531.0,0.00013304657639095948
2018-07-03 00:00:00+00:00,1.1317105649265424,1.1319676716234488,1.13066074486301,1.1309178515599163,4151.0,0.00023393861637498523
2018-07-04 00:00:00+00:00,1.1309178515599163,1.1352458667731555,1.1308466257544154,1.1351746409676546,4634.0,0.00011152647027090157
2018-07-05 00:00:00+00:00,1.1351746409676546,1.1365182567655907,1.1351332433963286,1.1364768591942647,2767.0,0.000240201200751146
2018-07-06 00:00:00+00:00,1.1364768591942647,1.1389504325914976,1.1357043910590119,1.1381779644562449,2867.0,0.0001970404817168691
2018-07-07 00:00:00+00:00,1.1381779644562449,1.1393622595713764,1.1376749639071961,1.1388592590223277,3923.0,0.00023822291064051835
2018-07-08 00:00:00+00:00,1.1388592590223277,1.1388857913424093,1.1374460239110904,1.137472556231172,3101.0,0.00016675291477550404
2018-07-09 00:00:00+00:00,1.137472556231172,1.137939008839096,1.136389244201771,1.1368556968096948,2194.0,0.00017555213822330917
2018-07-10 00:00:00+00:00,1.1368556968096948,1.1390766324445016,1.1365775614195472,1.138798497054354,2517.0,0.00011497157243361732
2018-07-11 00:00:00+00:00,1.138798497054354,1.1397502460043885,1.1381574906629146,1.139109239612949,1631.0,0.0001231102187499284
2018-07-12 00:00:00+00:00,1.139109239612949,1.1393099226113361,1.137976725531631,1.1381774085300183,625.0,0.00015710441568659626
2018-07-13 00:00:00+00:00,1.1381774085300183,1.1383227604446595,1.1380104552089805,1.1381558071236217,918.0,0.00011526998566830553
2018-07-14 00:00:00+00:00,1.1381558071236217,1.1399269311355544,1.1375968791888098,1.1393680032007425,1304.0,0.00013440033328391055
2018-07-15 00:00:00+00:00,1.1393680032007425,1.140164984649947,1.1387972847061043,1.139594266155309,2014.0,0.0002305628486052508
2018-07-16 00:00:00+00:00,1.139594266155309,1.1410313882193965,1.1386081406669861,1.1400452627310738,2325.0,0.00010117924133508672
2018-07-17 00:00:00+00:00,1.1400452627310738,1.1439395597138544,1.139358969679134,1.1432532666619146,4167.0,0.00017860024721221294
2018-07-18 00:00:00+00:00,1.1432532666619146,1.1448472188761691,1.1418091553351442,1.1434031075493987,2444.0,0.00016609123173333385
2018-07-19 00:00:00+00:00,1.1434031075493987,1.1435427601794244,1.1422332768687242,1.14237292949875,4031.0,0.00010024556425754745
2018-07-20 00:00:00+00:00,1.14237292949875,1.1431479839065162,1.1415395210779775,1.1423145754857438,174.0,0.00010213390107651934
2018-07-21 00:00:00+00:00,1.1423145754857438,1.145177495687123,1.1410287686300675,1.1438916888314468,576.0,0.0002104840162197039
2018-07-22 00:00:00+00:00,1.1438916888314468,1.144179307369291,1.1432643018450732,1.1435519203829174,615.0,0.00013224749153631731
2018-07-23 00:00:00+00:00,1.1435519203829174,1.1465504222164644,1.1431047818210278,1.1461032836545748,3323.0,0.00022158522840414017
2018-07-24 00:00:00+00:00,1.1461032836545748,1.1466680398953182,1.1452035870052675,1.1457683432460108,4318.0,0.00022354313588440698
2018-07-25 00:00:00+00:00,1.1457683432460108,1.148164054568868,1.1456814236275357,1.1480771349503929,4993.0,0.000227484727211865
2018-07-26 00:00:00+00:00,1.1480771349503929,1.1517707916695665,1.1472218474905302,1.150915504209704,4951.0,0.00012041335680185648
2018-07-27 00:00:00+00:00,1.150915504209704,1.151557613097156,1.149630065313338,1.1502721742007902,1945.0,0.00010536096007462437
2018-07-28 00:00:00+00:00,1.1502721742007902,1.1514482386538074,1.1497193265009087,1.150895390953926,3247.0,0.00018735521005375396
2018-07-29 00:00:00+00:00,1.150895390953926,1.1523786150585877,1.1486112538563584,1.1500944779610203,4147.0,0.00012330156884539218
2018-07-30 00:00:00+00:00,1.1500944779610203,1.1501999019420661,1.1500511826363848,1.1501566066174307,2821.0,0.00023063855687088257
2018-07-31 00:00:00+00:00,1.1501566066174307,1.1519742927464824,1.1492347073259503,1.151052393455002,4459.0,0.0002085939727497733
2018-08-01 00:00:00+00:00,1.151052393455002,1.1515291887424695,1.1477934448599565,1.1482702401474238,4185.0,0.00012576196212171143
2018-08-02 00:00:00+00:00,1.1482702401474238,1.1489403595915073,1.146101362143028,1.1467714815871115,1986.0,0.00016945478649216334
2018-08-03 00:00:00+00:00,1.1467714815871115,1.1484448620638563,1.145980410025893,1.1476537905026378,1771.0,0.00024872449276258933
2018-08-04 00:00:00+00:00,1.1476537905026378,1.1493328352454044,1.147216277960215,1.1488953227029817,2935.0,0.0001747564569424653
2018-08-05 00:00:00+00:00,1.1488953227029817,1.1495496627136272,1.148672025858924,1.1493263658695696,3231.0,0.00016993156913431635
2018-08-06 00:00:00+00:00,1.1493263658695696,1.1494866678832742,1.1493177574846543,1.149478059498359,858.0,0.00024855554927721596
2018-08-07 00:00:00+00:00,1.149478059498359,1.1520530695153193,1.1479977727304798,1.1505727827474401,3466.0,0.00014607689362945714
2018-08-08 00:00:00+00:00,1.1505727827474401,1.1539776499123695,1.1499160971032034,1.1533209642681328,4615.0,0.00024176833881400992
2018-08-09 00:00:00+00:00,1.1533209642681328,1.1572517109244695,1.1524931201324302,1.156423866788767,2625.0,0.00024177286038244345
2018-08-10 00:00:00+00:00,1.156423866788767,1.1602843051730698,1.1555879064299184,1.1594483448142212,599.0,0.00022040403119002555
2018-08-11 00:00:00+00:00,1.1594483448142212,1.1594562897593217,1.1567375805178632,1.1567455254629637,4997.0,0.00022734627501567044
2018-08-12 00:00:00+00:00,1.1567455254629637,1.1593783044149446,1.1560635290836336,1.1586963080356145,1821.0,0.00017042724162125744
2018-08-13 00:00:00+00:00,1.1586963080356145,1.1592592196443645,1.1576134197388281,1.1581763313475781,3704.0,0.0002100202844362758
2018-08-14 00:00:00+00:00,1.1581763313475781,1.1596010578707552,1.158165875573212,1.159590602096389,775.0,0.00010984592770166629
2018-08-15 00:00:00+00:00,1.159590602096389,1.1602947835306023,1.1587902612676642,1.1594944427018774,4920.0,0.00020323370554777527
2018-08-16 00:00:00+00:00,1.1594944427018774,1.1605554293831555,1.1594446206185771,1.1605056072998552,2003.0,0.00016619755398277337
2018-08-17 00:00:00+00:00,1.1605056072998552,1.1644350881902326,1.160277153388029,1.1642066342784063,2133.0,0.00011850940634073242
2018-08-18 00:00:00+00:00,1.1642066342784063,1.1659369146165857,1.1634431674015426,1.165173447739722,3602.0,0.00013878761741745838
2018-08-19 00:00:00+00:00,1.165173447739722,1.1675148446623766,1.1637377452706952,1.1660791421933498,2166.0,0.0002358186448914224
2018-08-20 00:00:00+00:00,1.1660791421933498,1.1661473459460017,1.1652228013187444,1.1652910050713963,1973.0,0.0001384753455112398
2018-08-21 00:00:00+00:00,1.1652910050713963,1.1653361286014932,1.1636400435184437,1.1636851670485406,3872.0,0.00012101880609760434
2018-08-22 00:00:00+00:00,1.1636851670485406,1.1661868769337465,1.1629309740837268,1.1654326839689326,3657.0,0.00010174358922305714
2018-08-23 00:00:00+00:00,1.1654326839689326,1.1673153946251384,1.1647379264679554,1.1666206371241612,1048.0,0.00012714991802539034
2018-08-24 00:00:00+00:00,1.1666206371241612,1.166876461678281,1.1644004288940801,1.1646562534482,164.0,0.00016802974497869016
2018-08-25 00:00:00+00:00,1.1646562534482,1.1655821674472693,1.1640792487403835,1.1650051627394529,1199.0,0.00022719125703429493
2018-08-26 00:00:00+00:00,1.1650051627394529,1.1683869869546955,1.1641135331621806,1.1674953573774232,3771.0,0.00013796947932342087
2018-08-27 00:00:00+00:00,1.1674953573774232,1.1678874811641369,1.1654726458033682,1.165864769590082,664.0,0.00011305551007100473
2018-08-28 00:00:00+00:00,1.165864769590082,1.1672457948837736,1.1646919857283438,1.1660730110220354,549.0,0.00022505318226843116
2018-08-29 00:00:00+00:00,1.1660730110220354,1.1674494639810484,1.1655409618724333,1.1669174148314463,3332.0,0.00021612927538136747
2018-08-30 00:00:00+00:00,1.1669174148314463,1.1673336386408366,1.1660642836683306,1.166480507477721,3816.0,0.00011611068100060531
2018-08-31 00:00:00+00:00,1.166480507477721,1.167198948929615,1.1650916300985024,1.1658100715503965,2701.0,0.00019293484141990466
2018-09-01 00:00:00+00:00,1.1658100715503965,1.166091322994464,1.1630463685411347,1.1633276199852023,4833.0,0.0002462759591018985
2018-09-02 00:00:00+00:00,1.1633276199852023,1.164688676663832,1.1628844173208002,1.16424547399943,3169.0,0.00024558724467451455
2018-09-03 00:00:00+00:00,1.16424547399943,1.16638459636511,1.1640760149851381,1.1662151373508183,470.0,0.00024717937602465877
2018-09-04 00:00:00+00:00,1.1662151373508183,1.1672972397353552,1.1652346958536706,1.1663167982382074,2916.0,0.000219818548616288
2018-09-05 00:00:00+00:00,1.1663167982382074,1.1672060448697799,1.1661732426921148,1.1670624893236872,4509.0,0.00014492002061074351
2018-09-06 00:00:00+00:00,1.1670624893236872,1.1671871299748668,1.1644609622019464,1.164585602853126,4237.0,0.00011128906479198582
2018-09-07 00:00:00+00:00,1.164585602853126,1.1659794966026167,1.1641426748716983,1.165536568621189,3092.0,0.00017203484086553326
2018-09-08 00:00:00+00:00,1.165536568621189,1.1658139745004232,1.1643669919939608,1.164644397873195,4650.0,0.0001954659131771406
2018-09-09 00:00:00+00:00,1.164644397873195,1.1646886884004886,1.1643454006230283,1.1643896911503218,4073.0,0.00015429338753918445
2018-09-10 00:00:00+00:00,1.1643896911503218,1.165999844148711,1.164046182473906,1.165656335472295,1912.0,0.0002088269866581164
2018-09-11 00:00:00+00:00,1.165656335472295,1.1665696840235669,1.1656158376524997,1.1665291862037714,4776.0,0.0002170087990581927
2018-09-12 00:00:00+00:00,1.1665291862037714,1.1668646144125452,1.1640329795177589,1.1643684077265326,4545.0,0.00022076042924515154
2018-09-13 00:00:00+00:00,1.1643684077265326,1.1645624572251365,1.163079941196394,1.1632739906949978,2640.0,0.00011149444288321881
2018-09-14 00:00:00+00:00,1.1632739906949978,1.1679589782867912,1.1621929040416779,1.1668778916334712,2066.0,0.00024288703657176678
2018-09-15 00:00:00+00:00,1.1668778916334712,1.1688861306058433,1.166041762638744,1.1680500016111162,3254.0,0.00017552109669643224
2018-09-16 00:00:00+00:00,1.1680500016111162,1.1708662755142862,1.167967585104988,1.170783859008158,4237.0,0.0001889397785603097
2018-09-17 00:00:00+00:00,1.170783859008158,1.17208426422538,1.1689291700932647,1.1702295753104865,1230.0,0.0002493103335356201
2018-09-18 00:00:00+00:00,1.1702295753104865,1.173979723202739,1.1698366528878161,1.1735868007800685,4686.0,0.00024983212436102556
2018-09-19 00:00:00+00:00,1.1735868007800685,1.1744917464289788,1.1709527393512773,1.1718576850001876,3727.0,0.00018141135737353726
2018-09-20 00:00:00+00:00,1.1718576850001876,1.1728500510883952,1.1712373177573172,1.1722296838455248,4631.0,0.00021679676473922738
2018-09-21 00:00:00+00:00,1.1722296838455248,1.1726841723235735,1.17043254462893,1.1708870331069787,1457.0,0.0001705786968782669
2018-09-22 00:00:00+00:00,1.1708870331069787,1.1716176660838307,1.1686613570229665,1.1693919899998184,4920.0,0.00014508087680176952
2018-09-23 00:00:00+00:00,1.1693919899998184,1.1720250302366684,1.1676247738855872,1.1702578141224371,2764.0,0.00019525417258900728
2018-09-24 00:00:00+00:00,1.1702578141224371,1.1708191105549541,1.1684125353626758,1.1689738317951928,2175.0,0.0002239469903147639
2018-09-25 00:00:00+00:00,1.1689738317951928,1.170719192597944,1.1688353332492079,1.1705806940519592,968.0,0.00015083121147359626
2018-09-26 00:00:00+00:00,1.1705806940519592,1.1708035866311624,1.1676998321969243,1.1679227247761275,2651.0,0.0002159248405872444
2018-09-27 00:00:00+00:00,1.1679227247761275,1.1698476383818188,1.1669915035580658,1.1689164171637572,1546.0,0.0001162395754412115
2018-09-28 00:00:00+00:00,1.1689164171637572,1.1697693079932014,1.167227364042131,1.1680802548715752,2378.0,0.00019272096182086743
2018-09-29 00:00:00+00:00,1.1680802548715752,1.1680834737815562,1.165069945888971,1.165073164798952,1702.0,0.0001684341925350642
2018-09-30 00:00:00+00:00,1.165073164798952,1.165268938522249,1.1637158401415537,1.1639116138648506,1924.0,0.00023552481123882823
2018-10-01 00:00:00+00:00,1.1639116138648506,1.164948268710674,1.1632116857704136,1.164248340616237,711.0,0.0001284104439881303
2018-10-02 00:00:00+00:00,1.164248340616237,1.1653640657492892,1.1635512897267721,1.1646670148598244,3157.0,0.00022655338928717923
2018-10-03 00:00:00+00:00,1.1646670148598244,1.1673238627767408,1.1635535871627,1.1662104350796165,407.0,0.00019927185030375142
2018-10-04 00:00:00+00:00,1.1662104350796165,1.1697606842195312,1.1645638309629407,1.1681140801028553,190.0,0.00016683143712810082
2018-10-05 00:00:00+00:00,1.1681140801028553,1.1701809982114433,1.1673889066570298,1.1694558247656177,977.0,0.00024106035348287264
2018-10-06 00:00:00+00:00,1.1694558247656177,1.1706520078627272,1.1684406201518587,1.1696368032489681,3179.0,0.00023560508009809613
2018-10-07 00:00:00+00:00,1.1696368032489681,1.1710429632847699,1.169189413660454,1.1705955736962557,3900.0,0.00022823870087638928
2018-10-08 00:00:00+00:00,1.1705955736962557,1.1739288366331462,1.169925438182173,1.1732587011190636,3343.0,0.00022723946236115388
2018-10-09 00:00:00+00:00,1.1732587011190636,1.173664424008487,1.171686496135116,1.1720922190245395,2466.0,0.00023945754687649108
2018-10-10 00:00:00+00:00,1.1720922190245395,1.1748822680770696,1.170401979037169,1.173192028089699,2333.0,0.00018443236402520486
2018-10-11 00:00:00+00:00,1.173192028089699,1.1735146049770118,1.172993857052937,1.1733164339402498,2686.0,0.0001298657108434079
2018-10-12 00:00:00+00:00,1.1733164339402498,1.1757839253397049,1.1727028041505214,1.1751702955499765,3387.0,0.00023611411600629132
2018-10-13 00:00:00+00:00,1.1751702955499765,1.1760717026635459,1.173637557958658,1.1745389650722273,787.0,0.00024270041494709043
2018-10-14 00:00:00+00:00,1.1745389650722273,1.1760091705107123,1.1745232142827369,1.1759934197212218,3295.0,0.0001624684399148176
2018-10-15 00:00:00+00:00,1.1759934197212218,1.177560828439508,1.17568720145302,1.1772546101713062,4103.0,0.00018299369934984797
2018-10-16 00:00:00+00:00,1.1772546101713062,1.1784412188374342,1.1768256399004076,1.1780122485665356,3834.0,0.00022734394346468823
2018-10-17 00:00:00+00:00,1.1780122485665356,1.1800339063233425,1.1779108163331213,1.1799324740899282,3364.0,0.0001789556469263803
2018-10-18 00:00:00+00:00,1.1799324740899282,1.1802152185501473,1.1795783242369464,1.1798610686971656,2144.0,0.00013259561712687282
2018-10-19 00:00:00+00:00,1.1798610686971656,1.1802827693921196,1.1773842666938186,1.1778059673887726,3332.0,0.0002139509700343044
2018-10-20 00:00:00+00:00,1.1778059673887726,1.1779522461137715,1.1772154802152808,1.1773617589402796,1986.0,0.0001438147572674903
2018-10-21 00:00:00+00:00,1.1773617589402796,1.1780814751172057,1.1748297088738984,1.1755494250508245,1556.0,0.00018942108566214204
2018-10-22 00:00:00+00:00,1.1755494250508245,1.178150531625007,1.1736584557550285,1.176259562329211,680.0,0.00012645980631248717
2018-10-23 00:00:00+00:00,1.176259562329211,1.1776806806920803,1.1745668620815797,1.175987980444449,4409.0,0.00012346867065612255
2018-10-24 00:00:00+00:00,1.175987980444449,1.180386886338228,1.1750506990971774,1.1794496049909564,2669.0,0.00016910591824960747
2018-10-25 00:00:00+00:00,1.1794496049909564,1.1804126988324317,1.1784059486409666,1.179369042482442,4265.0,0.0001491144402141151
2018-10-26 00:00:00+00:00,1.179369042482442,1.1803917189634858,1.1782261671655496,1.1792488436465935,851.0,0.00012148244832428263
2018-10-27 00:00:00+00:00,1.1792488436465935,1.1809978009879618,1.1788188897088996,1.1805678470502678,4573.0,0.0001419491015605263
2018-10-28 00:00:00+00:00,1.1805678470502678,1.1819836178114878,1.177931854564411,1.179347625325631,3754.0,0.00019511638622697074
2018-10-29 00:00:00+00:00,1.179347625325631,1.181854710035866,1.1781642152096852,1.1806712999199203,3597.0,0.0002378114577690191
2018-10-30 00:00:00+00:00,1.1806712999199203,1.182867495462923,1.1804119728352775,1.1826081683782803,737.0,0.00023351868891803598
2018-10-31 00:00:00+00:00,1.1826081683782803,1.184192905723446,1.1823864077716129,1.1839711451167785,345.0,0.0002228921921311565
2018-11-01 00:00:00+00:00,1.1839711451167785,1.1848266271255965,1.183276368745762,1.18413185075458,2064.0,0.00011940495110725583
2018-11-02 00:00:00+00:00,1.18413185075458,1.1844270843711278,1.1823240558611186,1.1826192894776664,2196.0,0.00010222750959795561
2018-11-03 00:00:00+00:00,1.1826192894776664,1.1842760911775245,1.1825710585891225,1.1842278602889806,2819.0,0.000249917079985061
2018-11-04 00:00:00+00:00,1.1842278602889806,1.1874809549040697,1.1833862805258788,1.1866393751409678,4186.0,0.00014639915057514658
2018-11-05 00:00:00+00:00,1.1866393751409678,1.1867936671886354,1.1858386638528378,1.1859929559005054,757.0,0.00021753287939945217
2018-11-06 00:00:00+00:00,1.1859929559005054,1.188970975294678,1.18473281389132,1.1877108332854927,3943.0,0.00022191986099102625
2018-11-07 00:00:00+00:00,1.1877108332854927,1.1925194082828225,1.1866707601100042,1.191479335107334,2230.0,0.00017927342687077308
2018-11-08 00:00:00+00:00,1.191479335107334,1.1936109333117728,1.191043591650766,1.1931751898552048,1647.0,0.00017832444236714608
2018-11-09 00:00:00+00:00,1.1931751898552048,1.193587819708935,1.191932860906021,1.192345490759751,3442.0,0.00023703939920956743
2018-11-10 00:00:00+00:00,1.192345490759751,1.19407808910691,1.1915043188720165,1.1932369172191755,2216.0,0.00016398887924816438
2018-11-11 00:00:00+00:00,1.1932369172191755,1.1959417508596306,1.1923671036801136,1.1950719373205687,4672.0,0.00011973514389913405
2018-11-12 00:00:00+00:00,1.1950719373205687,1.1955093408303434,1.1945591886710483,1.194996592180823,2688.0,0.00021579780493238148
2018-11-13 00:00:00+00:00,1.194996592180823,1.1985556573586909,1.1945449841825535,1.1981040493604214,3493.0,0.00022103972588610025
2018-11-14 00:00:00+00:00,1.1981040493604214,1.1988816712405301,1.1969670680940552,1.197744689974164,2046.0,0.00023332383476860425
2018-11-15 00:00:00+00:00,1.197744689974164,1.1992235019780233,1.197604548504414,1.1990833605082734,3836.0,0.00015338961322271916
2018-11-16 00:00:00+00:00,1.1990833605082734,1.1991475216472138,1.1985113799479654,1.198575541086906,3735.0,0.00015164726991740175
2018-11-17 00:00:00+00:00,1.198575541086906,1.199284264489479,1.1972329557405244,1.1979416791430975,3987.0,0.00012955612561860424
2018-11-18 00:00:00+00:00,1.1979416791430975,1.1984871518709193,1.1972724360869038,1.1978179088147256,3246.0,0.00015499977209694027
2018-11-19 00:00:00+00:00,1.1978179088147256,1.1990875784444823,1.1960087632210366,1.1972784328507933,842.0,0.00020721276750130057
2018-11-20 00:00:00+00:00,1.1972784328507933,1.199984315191926,1.195879424582003,1.1985853069231358,1582.0,0.00015365424882698222
2018-11-21 00:00:00+00:00,1.1985853069231358,1.200014590852559,1.1967046789301943,1.1981339628596175,3580.0,0.0002116675329038948
2018-11-22 00:00:00+00:00,1.1981339628596175,1.199453629551287,1.196470331815622,1.1977899985072915,3651.0,0.00017283700435299248
2018-11-23 00:00:00+00:00,1.1977899985072915,1.20153766843767,1.1964041971158275,1.200151867046206,1117.0,0.0002369318364558711
2018-11-24 00:00:00+00:00,1.200151867046206,1.2015496442819291,1.2001164181398318,1.201514195375555,2877.0,0.00020884399529444761
2018-11-25 00:00:00+00:00,1.201514195375555,1.2022399387304359,1.2010730695794825,1.2017988129343633,1402.0,0.00017304802912660597
2018-11-26 00:00:00+00:00,1.2017988129343633,1.2042294784460015,1.200546729018371,1.202977394530009,4023.0,0.0001130096785445389
2018-11-27 00:00:00+00:00,1.202977394530009,1.2034529472239088,1.2025300443103115,1.2030055970042113,3868.0,0.00020326396410036171
2018-11-28 00:00:00+00:00,1.2030055970042113,1.2059931171230875,1.2017342786691123,1.2047217987879886,4323.0,0.00019114384678460655
2018-11-29 00:00:00+00:00,1.2047217987879886,1.2067725261929876,1.2032970937496905,1.2053478211546895,390.0,0.0002443041500035194
2018-11-30 00:00:00+00:00,1.2053478211546895,1.2065594179736656,1.2052627855794689,1.206474382398445,187.0,0.0002263009872423409
2018-12-01 00:00:00+00:00,1.206474382398445,1.2065414204344667,1.2060765690030042,1.206143607039026,3236.0,0.0001507483207147799
2018-12-02 00:00:00+00:00,1.206143607039026,1.2075925592838874,1.2024958055118695,1.203944757756731,4010.0,0.00020745236464134287
2018-12-03 00:00:00+00:00,1.203944757756731,1.2041503239610063,1.202963715414306,1.2031692816185813,3700.0,0.00018799765897483314
2018-12-04 00:00:00+00:00,1.2031692816185813,1.204277477329876,1.2006960218859637,1.2018042175972583,2348.0,0.00023822149951412298
2018-12-05 00:00:00+00:00,1.2018042175972583,1.2025019470890113,1.201009315816557,1.2017070453083099,2801.0,0.00019096287897181854
2018-12-06 00:00:00+00:00,1.2017070453083099,1.2028318843054562,1.2014778025972443,1.2026026415943907,383.0,0.00017147024056862447
2018-12-07 00:00:00+00:00,1.2026026415943907,1.203181119431148,1.201755903998516,1.2023343818352732,1496.0,0.00013302819905746389
2018-12-08 00:00:00+00:00,1.2023343818352732,1.2030134443580303,1.2012357257980428,1.2019147883208,511.0,0.00022121388706343963
2018-12-09 00:00:00+00:00,1.2019147883208,1.202350606408583,1.2011740421302615,1.2016098602180445,4535.0,0.00023389103187396263
2018-12-10 00:00:00+00:00,1.2016098602180445,1.2041363240140417,1.2005957189904863,1.2031221827864835,123.0,0.00024345716199968053
2018-12-11 00:00:00+00:00,1.2031221827864835,1.2052305660283529,1.2029363272679285,1.205044710509798,2868.0,0.0002141080302875012
2018-12-12 00:00:00+00:00,1.205044710509798,1.2068134125951362,1.2036018856686341,1.2053705877539724,2425.0,0.00011394488801535041
2018-12-13 00:00:00+00:00,1.2053705877539724,1.2054968841094378,1.2045258388910989,1.2046521352465642,2814.0,0.00023393137956293462
2018-12-14 00:00:00+00:00,1.2046521352465642,1.2053889162468971,1.203664389213642,1.204401170213975,4495.0,0.0001851752157421144
2018-12-15 00:00:00+00:00,1.204401170213975,1.2055390568685935,1.202568924649498,1.2037068113041165,4113.0,0.00021107279380310384
2018-12-16 00:00:00+00:00,1.2037068113041165,1.2046796164992233,1.202782241900544,1.2037550470956508,4730.0,0.0002018222637722061
2018-12-17 00:00:00+00:00,1.2037550470956508,1.206949108757131,1.2023276429928247,1.2055217046543047,2856.0,0.00024569383565429067
2018-12-18 00:00:00+00:00,1.2055217046543047,1.2062392783311586,1.2050015229305548,1.2057190966074087,2299.0,0.0001276579631652559
2018-12-19 00:00:00+00:00,1.2057190966074087,1.2089982170386833,1.2045014938354324,1.207780614266707,632.0,0.00012277926689362328
2018-12-20 00:00:00+00:00,1.207780614266707,1.2087263235761059,1.207175154095651,1.20812086340505,313.0,0.0001075573692317591
2018-12-21 00:00:00+00:00,1.20812086340505,1.2085511298342397,1.2069048244339622,1.207335090863152,2427.0,0.0001850946151060581
2018-12-22 00:00:00+00:00,1.207335090863152,1.207576933557974,1.2028298400433222,1.2030716827381442,1908.0,0.00010190972432684734
2018-12-23 00:00:00+00:00,1.2030716827381442,1.20554184705536,1.2016447601276994,1.2041149244449152,3761.0,0.0001294298747570049
2018-12-24 00:00:00+00:00,1.2041149244449152,1.2083007247178768,1.2022958348317043,1.2064816351046659,3394.0,0.0001688163730483641
2018-12-25 00:00:00+00:00,1.2064816351046659,1.206731817183739,1.2062011502241912,1.2064513323032642,2551.0,0.00011533474392620482
2018-12-26 00:00:00+00:00,1.2064513323032642,1.2098027781093388,1.2059643223175,1.2093157681235747,4551.0,0.00019485348766886944
2018-12-27 00:00:00+00:00,1.2093157681235747,1.2121421931282812,1.208899718943671,1.2117261439483775,1888.0,0.00021441592285322757
2018-12-28 00:00:00+00:00,1.2117261439483775,1.2151093885173907,1.2113987167744893,1.2147819613435025,2089.0,0.00019080443213195564
2018-12-29 00:00:00+00:00,1.2147819613435025,1.2159057451748205,1.2141200132574503,1.2152437970887684,1175.0,0.00017400662837358248
2018-12-30 00:00:00+00:00,1.2152437970887684,1.2161099349731244,1.213684944111754,1.21455108199611,2973.0,0.00014782880640419239
2018-12-31 00:00:00+00:00,1.21455108199611,1.2161654207142176,1.2144486173855233,1.216062956103631,2757.0,0.00018033197592063837
2019-01-01 00:00:00+00:00,1.216062956103631,1.2162886545330447,1.2152433545715193,1.215469053000933,3603.0,0.00010011561443843663
2019-01-02 00:00:00+00:00,1.215469053000933,1.2165251485365665,1.2152180451291743,1.2162741406648077,3685.0,0.00016797835641536548
2019-01-03 00:00:00+00:00,1.2162741406648077,1.216728342056342,1.2147661763587416,1.215220377750276,2088.0,0.0001866750787651878
2019-01-04 00:00:00+00:00,1.215220377750276,1.2162268628685222,1.2148467392376574,1.2158532243559037,2408.0,0.0001251061098855462
2019-01-05 00:00:00+00:00,1.2158532243559037,1.2168846404689857,1.213912933775386,1.214944349888468,255.0,0.00021616485552209208
2019-01-06 00:00:00+00:00,1.214944349888468,1.215885023054068,1.2127652277963175,1.2137059009619175,2575.0,0.00011911500464054277
2019-01-07 00:00:00+00:00,1.2137059009619175,1.2139481027160735,1.212889561747119,1.2131317635012748,1582.0,0.00018647514583862483
2019-01-08 00:00:00+00:00,1.2131317635012748,1.2139541109244467,1.2125743738053332,1.213396721228505,2454.0,0.00020183794013329244
2019-01-09 00:00:00+00:00,1.213396721228505,1.2153573384513463,1.2110926799867958,1.213053297209637,3214.0,0.0002254455831290299
2019-01-10 00:00:00+00:00,1.213053297209637,1.2132669539051149,1.2093428088666365,1.2095564655621143,1570.0,0.00020053574642057566
2019-01-11 00:00:00+00:00,1.2095564655621143,1.2099526094157635,1.2084745216966903,1.2088706655503396,2148.0,0.00016021155450798933
2019-01-12 00:00:00+00:00,1.2088706655503396,1.2092484627495068,1.2057789230478637,1.206156720247031,4357.0,0.00014654228827304112
2019-01-13 00:00:00+00:00,1.206156720247031,1.2068498872384257,1.2039214934041098,1.2046146603955046,2994.0,0.00016166770661973632
2019-01-14 00:00:00+00:00,1.2046146603955046,1.2048916762566233,1.2045427611231627,1.2048197769842814,3502.0,0.00021495818582641972
2019-01-15 00:00:00+00:00,1.2048197769842814,1.2099294234428881,1.2038844379469895,1.2089940844055962,4268.0,0.00010870996528107993
2019-01-16 00:00:00+00:00,1.2089940844055962,1.210317843352507,1.2085523057043397,1.2098760646512505,2767.0,0.00015566909731665925
2019-01-17 00:00:00+00:00,1.2098760646512505,1.2114815389916338,1.2095564436518726,1.211161917992256,896.0,0.00014380435777972846
2019-01-18 00:00:00+00:00,1.211161917992256,1.2113929726097945,1.210798818605059,1.2110298732225975,1977.0,0.00024421376793558894
2019-01-19 00:00:00+00:00,1.2110298732225975,1.2112537332648436,1.2097063878871988,1.209930247929445,2971.0,0.00017945937860759507
2019-01-20 00:00:00+00:00,1.209930247929445,1.2100461612567295,1.209746113731089,1.2098620270583735,3094.0,0.00017240590386834498
2019-01-21 00:00:00+00:00,1.2098620270583735,1.2106242676946657,1.2068479145664022,1.2076101552026943,1911.0,0.00023277742179748966
2019-01-22 00:00:00+00:00,1.2076101552026943,1.2084455280719113,1.2050852382374777,1.2059206111066947,4310.0,0.00011220283806335316
2019-01-23 00:00:00+00:00,1.2059206111066947,1.2062324916606142,1.2048818521576437,1.2051937327115632,4834.0,0.0001295381638827058
2019-01-24 00:00:00+00:00,1.2051937327115632,1.2067145336614271,1.2041069019870025,1.2056277029368665,2078.0,0.0001058324757156723
2019-01-25 00:00:00+00:00,1.2056277029368665,1.2063847268547185,1.2040622990384529,1.204819322956305,703.0,0.00023917591457822844
2019-01-26 00:00:00+00:00,1.204819322956305,1.2059271867088384,1.201539209095194,1.2026470728477274,3525.0,0.00022034445381318628
2019-01-27 00:00:00+00:00,1.2026470728477274,1.2047649730591865,1.2021523502372913,1.2042702504487504,106.0,0.00022576893718916937
2019-01-28 00:00:00+00:00,1.2042702504487504,1.20492067196246,1.2024454541629348,1.2030958756766446,248.0,0.00020896822124853278
2019-01-29 00:00:00+00:00,1.2030958756766446,1.2031749689289437,1.2024656176480337,1.2025447109003329,1861.0,0.0001867922812594245
2019-01-30 00:00:00+00:00,1.2025447109003329,1.2030464451444203,1.2017347603452493,1.2022364945893367,3727.0,0.00018221724502878037
2019-01-31 00:00:00+00:00,1.2022364945893367,1.2046620808238322,1.202097088047709,1.2045226742822046,2739.0,0.0001765008783742698
2019-02-01 00:00:00+00:00,1.2045226742822046,1.2070812908465363,1.203167755094956,1.2057263716592876,2765.0,0.00013688358146126824
2019-02-02 00:00:00+00:00,1.2057263716592876,1.205867376820655,1.2044353747412364,1.2045763799026037,3939.0,0.00023352290300094635
2019-02-03 00:00:00+00:00,1.2045763799026037,1.204616964454754,1.203774869047667,1.2038154535998173,3157.0,0.00019802562365766146
2019-02-04 00:00:00+00:00,1.2038154535998173,1.2049892698039433,1.2036292508920405,1.2048030670961665,203.0,0.00023657945919750825
2019-02-05 00:00:00+00:00,1.2048030670961665,1.2049088128329108,1.2018188319109617,1.201924577647706,2792.0,0.00023690938905804952
2019-02-06 00:00:00+00:00,1.201924577647706,1.2036113991398456,1.2010100885396402,1.2026969100317797,1312.0,0.00011989681855107598
2019-02-07 00:00:00+00:00,1.2026969100317797,1.204024083559906,1.1998872271318368,1.2012144006599632,2800.0,0.00021586961363786919
2019-02-08 00:00:00+00:00,1.2012144006599632,1.2032704806650532,1.1987525103062282,1.2008085903113181,2880.0,0.00012790929281102084
2019-02-09 00:00:00+00:00,1.2008085903113181,1.2008482617108953,1.198948323926977,1.198987995326554,4212.0,0.0001438682264773334
2019-02-10 00:00:00+00:00,1.198987995326554,1.2028030656754725,1.198505787675708,1.2023208580246263,4951.0,0.0001238009894887419
2019-02-11 00:00:00+00:00,1.2023208580246263,1.2027329025752684,1.200230847079109,1.2006428916297511,3423.0,0.0002319248496945328
2019-02-12 00:00:00+00:00,1.2006428916297511,1.2021377459400406,1.1998224410898273,1.2013172954001168,3301.0,0.0001546885681214009
2019-02-13 00:00:00+00:00,1.2013172954001168,1.201489245004463,1.2012824804489686,1.2014544300533148,2253.0,0.00019641517758443107
2019-02-14 00:00:00+00:00,1.2014544300533148,1.2025819660545483,1.2013356339330048,1.2024631699342383,882.0,0.00010749507047192058
2019-02-15 00:00:00+00:00,1.2024631699342383,1.2034163804423181,1.2017728577371167,1.2027260682451966,769.0,0.00012398261384964426
2019-02-16 00:00:00+00:00,1.2027260682451966,1.2046291842280483,1.199640692481034,1.2015438084638859,280.0,0.00019449241723019245
2019-02-17 00:00:00+00:00,1.2015438084638859,1.2026152659598572,1.1994195818450764,1.2004910393410477,399.0,0.0001495616755820324
2019-02-18 00:00:00+00:00,1.2004910393410477,1.2010036675243392,1.199699753580648,1.2002123817639394,2087.0,0.00016493044700537318
2019-02-19 00:00:00+00:00,1.2002123817639394,1.2016487239306557,1.1993875685187776,1.2008239106854939,3505.0,0.0001118195153860585
2019-02-20 00:00:00+00:00,1.2008239106854939,1.2013909809621508,1.1986792061649871,1.199246276441644,546.0,0.0002314297534480496
2019-02-21 00:00:00+00:00,1.199246276441644,1.2010244171423863,1.1975819266207912,1.1993600673215334,2492.0,0.00017784790252775923
2019-02-22 00:00:00+00:00,1.1993600673215334,1.1995736281307894,1.1983931001267178,1.1986066609359738,1582.0,0.00020506455478813375
2019-02-23 00:00:00+00:00,1.1986066609359738,1.1994672657004124,1.1974914947043438,1.1983520994687824,4139.0,0.00015812075579257442
2019-02-24 00:00:00+00:00,1.1983520994687824,1.1990085985988144,1.195658088126832,1.196314587256864,505.0,0.00018613284940938412
2019-02-25 00:00:00+00:00,1.196314587256864,1.1971956798553463,1.1958669685449534,1.1967480611434358,2337.0,0.0001886408838354515
2019-02-26 00:00:00+00:00,1.1967480611434358,1.1970473499332661,1.196354146641385,1.1966534354312153,2104.0,0.00014481465759831513
2019-02-27 00:00:00+00:00,1.1966534354312153,1.1978246370332557,1.1951945796617276,1.196365781263768,813.0,0.00017396812556836903
2019-02-28 00:00:00+00:00,1.196365781263768,1.1970221172061917,1.1948582470027895,1.1955145829452132,2748.0,0.0001720359403222685
2019-03-01 00:00:00+00:00,1.1955145829452132,1.1962172056500462,1.19440167977678,1.195104302481613,2382.0,0.00013959274997676327
2019-03-02 00:00:00+00:00,1.195104302481613,1.19513461606567,1.1940833000647637,1.1941136136488206,2837.0,0.0001609861232232366
2019-03-03 00:00:00+00:00,1.1941136136488206,1.1943987301997947,1.1940716600720207,1.1943567766229948,592.0,0.00018034345090580997
2019-03-04 00:00:00+00:00,1.1943567766229948,1.1962282950735446,1.1931887200695288,1.1950602385200786,4860.0,0.00022654924058401038
2019-03-05 00:00:00+00:00,1.1950602385200786,1.195786912642411,1.1920744724497023,1.1928011465720347,2102.0,0.00012021352112339965
2019-03-06 00:00:00+00:00,1.1928011465720347,1.1930385894492215,1.1913871686874526,1.1916246115646394,1867.0,0.00011705386790155284
2019-03-07 00:00:00+00:00,1.1916246115646394,1.1932180185796313,1.1911782489373408,1.1927716559523327,3861.0,0.00013842235360123556
2019-03-08 00:00:00+00:00,1.1927716559523327,1.1949630442091792,1.1927530102861856,1.1949443985430321,4028.0,0.0001511982675414003
2019-03-09 00:00:00+00:00,1.1949443985430321,1.1962972484993362,1.1942132301885957,1.1955660801448997,4022.0,0.00012733536714189576
2019-03-10 00:00:00+00:00,1.1955660801448997,1.1959474258019454,1.1949744170531187,1.1953557627101643,4681.0,0.00017876201885229343
2019-03-11 00:00:00+00:00,1.1953557627101643,1.196120019424627,1.1941068891694104,1.1948711458838732,2703.0,0.00011388401201933747
2019-03-12 00:00:00+00:00,1.1948711458838732,1.1953570223933476,1.1932880080947033,1.1937738846041777,3642.0,0.0001457136519688294
2019-03-13 00:00:00+00:00,1.1937738846041777,1.19649474958654,1.1919740151330271,1.1946948801153894,1240.0,0.00019107031305226542
2019-03-14 00:00:00+00:00,1.1946948801153894,1.1966273388578967,1.1943610722456135,1.1962935309881209,1546.0,0.00012020445950952452
2019-03-15 00:00:00+00:00,1.1962935309881209,1.2006248489646496,1.1953690588393096,1.1997003768158383,1139.0,0.0001358287058188129
2019-03-16 00:00:00+00:00,1.1997003768158383,1.200700694390526,1.1977878108429514,1.1987881284176392,4025.0,0.00015514858879746125
2019-03-17 00:00:00+00:00,1.1987881284176392,1.199371299482937,1.1972989381320254,1.1978821091973233,1241.0,0.00020198330740783002
2019-03-18 00:00:00+00:00,1.1978821091973233,1.2022337613216951,1.196852348400864,1.2012040005252358,2586.0,0.00010730699621057896
2019-03-19 00:00:00+00:00,1.2012040005252358,1.2025661290786194,1.2008143793221282,1.2021765078755118,3329.0,0.00021533441294867774
2019-03-20 00:00:00+00:00,1.2021765078755118,1.2025334655118423,1.2012527651425815,1.201609722778912,2686.0,0.00020609268308883753
2019-03-21 00:00:00+00:00,1.201609722778912,1.2026971456040683,1.2008700323406163,1.2019574551657726,3345.0,0.00018838046192809932
2019-03-22 00:00:00+00:00,1.2019574551657726,1.2047742058728779,1.2015555559697664,1.2043723066768717,1028.0,0.00018942117095203413
2019-03-23 00:00:00+00:00,1.2043723066768717,1.2051749268458987,1.2025073304333846,1.2033099506024116,1771.0,0.00018750059269729378
2019-03-24 00:00:00+00:00,1.2033099506024116,1.2036418102235782,1.2018554432338602,1.2021873028550267,4621.0,0.00014543486484114955
2019-03-25 00:00:00+00:00,1.2021873028550267,1.2023468064225074,1.2012485230636627,1.2014080266311433,2321.0,0.0001818335061913863
2019-03-26 00:00:00+00:00,1.2014080266311433,1.2021082184188554,1.1994444367316024,1.2001446285193145,4976.0,0.00019448598099147107
2019-03-27 00:00:00+00:00,1.2001446285193145,1.200556151535695,1.1992386030601951,1.1996501260765757,3791.0,0.0002013050017314471
2019-03-28 00:00:00+00:00,1.1996501260765757,1.2019266260888062,1.199399980080153,1.2016764800923834,3583.0,0.00020870014727582885
2019-03-29 00:00:00+00:00,1.2016764800923834,1.201852495395126,1.1994352304767453,1.1996112457794879,424.0,0.0001749411869233493
2019-03-30 00:00:00+00:00,1.1996112457794879,1.202478731445066,1.1987317902138837,1.2015992758794618,4681.0,0.00023658220786385844
2019-03-31 00:00:00+00:00,1.2015992758794618,1.2018378602008501,1.2014766761216655,1.2017152604430539,1499.0,0.0001775608904411525
2019-04-01 00:00:00+00:00,1.2017152604430539,1.2017387867408729,1.1999219464793218,1.1999454727771408,2170.0,0.00011090110261619255
2019-04-02 00:00:00+00:00,1.1999454727771408,1.2009529099507974,1.199671166452005,1.2006786036256616,3076.0,0.00016152400282102889
2019-04-03 00:00:00+00:00,1.2006786036256616,1.20111821256848,1.1998296417533005,1.200269250696119,3501.0,0.0002228959800402032
2019-04-04 00:00:00+00:00,1.200269250696119,1.2027270085945834,1.1992055890855136,1.201663346983978,900.0,0.00010388090686984833
2019-04-05 00:00:00+00:00,1.201663346983978,1.2042324595709577,1.2006560580807952,1.203225170667775,1273.0,0.00020627426746213452
2019-04-06 00:00:00+00:00,1.203225170667775,1.2044800941445462,1.2027290971033668,1.203984020580138,409.0,0.0002134946806075938
2019-04-07 00:00:00+00:00,1.203984020580138,1.2055348555025869,1.2031042635346358,1.2046550984570847,4248.0,0.00020901750526315738
2019-04-08 00:00:00+00:00,1.2046550984570847,1.2051415795546416,1.2024441068946905,1.2029305879922474,3486.0,0.0001613378273923956
2019-04-09 00:00:00+00:00,1.2029305879922474,1.2035431165457449,1.2009674015814134,1.2015799301349108,4787.0,0.0001970120560167247
2019-04-10 00:00:00+00:00,1.2015799301349108,1.2059342259627306,1.2011654939539447,1.2055197897817644,434.0,0.0001611350625372757
2019-04-11 00:00:00+00:00,1.2055197897817644,1.2064356785771737,1.2037089013713427,1.204624790166752,215.0,0.000148475400708816
2019-04-12 00:00:00+00:00,1.204624790166752,1.2070058689823449,1.2038037513023652,1.206184830117958,4953.0,0.00022965206853101341
2019-04-13 00:00:00+00:00,1.206184830117958,1.206846268270957,1.2051357795173288,1.2057972176703278,967.0,0.00011293755686532541
2019-04-14 00:00:00+00:00,1.2057972176703278,1.2061555707836116,1.2049286009166025,1.2052869540298863,2588.0,0.000133995790769729
2019-04-15 00:00:00+00:00,1.2052869540298863,1.2087661583184903,1.2046237790924532,1.2081029833810573,2714.0,0.0002172915741341714
2019-04-16 00:00:00+00:00,1.2081029833810573,1.2084053815091487,1.2065856433339164,1.2068880414620078,4123.0,0.00012912875034991336
2019-04-17 00:00:00+00:00,1.2068880414620078,1.2072962641293543,1.2056326874933956,1.206040910160742,1420.0,0.00017389614539969875
2019-04-18 00:00:00+00:00,1.206040910160742,1.207392911939263,1.2026555469136502,1.204007548692171,2510.0,0.0001442336780288922
2019-04-19 00:00:00+00:00,1.204007548692171,1.2059142159399703,1.2032283712373393,1.2051350384851385,3948.0,0.000230164727213737
2019-04-20 00:00:00+00:00,1.2051350384851385,1.2058025381240984,1.2041047063533201,1.20477220599228,223.0,0.00016205516382946787
2019-04-21 00:00:00+00:00,1.20477220599228,1.2053477249517692,1.2042917785700313,1.2048672975295205,2451.0,0.00015719277656454429
2019-04-22 00:00:00+00:00,1.2048672975295205,1.2063762722151246,1.2045806323836448,1.2060896070692488,2613.0,0.00010593501025569998
2019-04-23 00:00:00+00:00,1.2060896070692488,1.2073849025688337,1.2057698113787962,1.207065106878381,3731.0,0.00019139562750087374
2019-04-24 00:00:00+00:00,1.207065106878381,1.20725012875402,1.2064736895518025,1.2066587114274414,1138.0,0.0002458741929981324
2019-04-25 00:00:00+00:00,1.2066587114274414,1.208678717983375,1.2061496032879777,1.2081696098439112,101.0,0.00024978108470107116
2019-04-26 00:00:00+00:00,1.2081696098439112,1.211550467734694,1.207923703530418,1.2113045614212008,4630.0,0.00017410550875921306
2019-04-27 00:00:00+00:00,1.2113045614212008,1.2125733091214579,1.2090715653956468,1.2103403130959038,4948.0,0.00013788048012393088
2019-04-28 00:00:00+00:00,1.2103403130959038,1.2119395541745681,1.2082425783664688,1.209841819445133,2548.0,0.0001080529402114316
2019-04-29 00:00:00+00:00,1.209841819445133,1.2116787095106667,1.2093929545319608,1.2112298445974945,1767.0,0.00019516766094822627
2019-04-30 00:00:00+00:00,1.2112298445974945,1.211636890011987,1.2103391155432863,1.2107461609577788,1013.0,0.00014047258950390567
2019-05-01 00:00:00+00:00,1.2107461609577788,1.2113629922998703,1.209123661900492,1.2097404932425835,4712.0,0.00022953360567671882
2019-05-02 00:00:00+00:00,1.2097404932425835,1.210621802429733,1.2089608950326942,1.2098422042198438,2101.0,0.0001440830816384924
2019-05-03 00:00:00+00:00,1.2098422042198438,1.210039693720884,1.207490496411199,1.2076879859122391,4700.0,0.0002499447178976153
2019-05-04 00:00:00+00:00,1.2076879859122391,1.208104900611138,1.2060445559913304,1.2064614706902292,2457.0,0.00012018600559783587
2019-05-05 00:00:00+00:00,1.2064614706902292,1.2073109133293056,1.206377914042741,1.2072273566818175,1167.0,0.00023804849718543145
2019-05-06 00:00:00+00:00,1.2072273566818175,1.2107534439519012,1.2058671580327007,1.2093932453027845,3793.0,0.00010389096492621609
2019-05-07 00:00:00+00:00,1.2093932453027845,1.2125243126655676,1.2091424419692158,1.212273509331999,3907.0,0.00011072740162874331
2019-05-08 00:00:00+00:00,1.212273509331999,1.2125781129241477,1.2105318451562672,1.210836448748416,2942.0,0.00021581459317355638
2019-05-09 00:00:00+00:00,1.210836448748416,1.211612460048919,1.2102646062949054,1.2110406175954085,752.0,0.00020480542029233204
2019-05-10 00:00:00+00:00,1.2110406175954085,1.2114660602072527,1.2094231743788835,1.2098486169907277,2839.0,0.00023094887299991829
2019-05-11 00:00:00+00:00,1.2098486169907277,1.2104907348699978,1.2089200459996878,1.209562163878958,1566.0,0.00016866556652135264
2019-05-12 00:00:00+00:00,1.209562163878958,1.2098701091294273,1.2085477718309667,1.208855717081436,4437.0,0.0001507561000393876
2019-05-13 00:00:00+00:00,1.208855717081436,1.2096125473128716,1.2073635123353224,1.208120342566758,3193.0,0.0001895658469165648
2019-05-14 00:00:00+00:00,1.208120342566758,1.2116069715107964,1.2066832221427815,1.21016985108682,4091.0,0.00012677454815575808
2019-05-15 00:00:00+00:00,1.21016985108682,1.210450415831912,1.20991232679388,1.2101928915389721,4807.0,0.00015294292963918368
2019-05-16 00:00:00+00:00,1.2101928915389721,1.2109433821262352,1.2083339974512306,1.2090844880384937,2121.0,0.0001373130751227215
2019-05-17 00:00:00+00:00,1.2090844880384937,1.211429333369544,1.2080141767621786,1.210359022093229,2761.0,0.00020003781955306446
2019-05-18 00:00:00+00:00,1.210359022093229,1.211547344695584,1.2069050734088342,1.2080933960111893,4367.0,0.00012591155155445346
2019-05-19 00:00:00+00:00,1.2080933960111893,1.2089829920011268,1.2073222477903112,1.2082118437802487,628.0,0.00010144881817685811
2019-05-20 00:00:00+00:00,1.2082118437802487,1.2095775408780332,1.205431416074949,1.2067971131727335,2734.0,0.00010870785571823398
2019-05-21 00:00:00+00:00,1.2067971131727335,1.2091381743145515,1.206285679201468,1.208626740343286,664.0,0.0001465675908377556
2019-05-22 00:00:00+00:00,1.208626740343286,1.2097465381480579,1.207462230099279,1.208582027904051,2716.0,0.00016167644755972268
2019-05-23 00:00:00+00:00,1.208582027904051,1.2098471412006035,1.2077560521906567,1.2090211654872094,721.0,0.00021765723907216016
2019-05-24 00:00:00+00:00,1.2090211654872094,1.2105202914281898,1.2064320757725269,1.2079312017135073,3002.0,0.00018234879284107947
2019-05-25 00:00:00+00:00,1.2079312017135073,1.2084963030110571,1.2045001384873788,1.2050652397849286,3331.0,0.00023893849869503452
2019-05-26 00:00:00+00:00,1.2050652397849286,1.205091563659004,1.203682573345555,1.2037088972196304,4498.0,0.00018793788277364268
2019-05-27 00:00:00+00:00,1.2037088972196304,1.204831079026768,1.2017069429138076,1.2028291247209453,2753.0,0.00018002739676202292
2019-05-28 00:00:00+00:00,1.2028291247209453,1.204356289758489,1.202125580239366,1.2036527452769097,620.0,0.0001806775383159783
2019-05-29 00:00:00+00:00,1.2036527452769097,1.2063031598090064,1.2032360801150512,1.205886494647148,4846.0,0.00013652333256101006
2019-05-30 00:00:00+00:00,1.205886494647148,1.2082906718602777,1.2049960002516182,1.207400177464748,3512.0,0.0002276622798382202
2019-05-31 00:00:00+00:00,1.207400177464748,1.2110189822178454,1.2056508974152953,1.2092697021683927,2188.0,0.00023295376709414392
2019-06-01 00:00:00+00:00,1.2092697021683927,1.2092819995484685,1.208344115006347,1.2083564123864228,3707.0,0.00011615253933378283
2019-06-02 00:00:00+00:00,1.2083564123864228,1.2085809441251436,1.2055855941836406,1.2058101259223615,2663.0,0.00017979012026083456
2019-06-03 00:00:00+00:00,1.2058101259223615,1.208546884944258,1.2053529359055275,1.208089694927424,271.0,0.0002256583869403163
2019-06-04 00:00:00+00:00,1.208089694927424,1.2099204186657206,1.2064690957365614,1.208299819474858,1456.0,0.00021485138786137838
2019-06-05 00:00:00+00:00,1.208299819474858,1.208487563610974,1.2082062547988004,1.2083939989349164,915.0,0.0002112939403694958
2019-06-06 00:00:00+00:00,1.2083939989349164,1.2090205190967973,1.2073795581156312,1.2080060782775122,1636.0,0.00011489761893321827
2019-06-07 00:00:00+00:00,1.2080060782775122,1.2090526314827144,1.2075170137282039,1.208563566933406,698.0,0.00024387444451697793
2019-06-08 00:00:00+00:00,1.208563566933406,1.209558222509833,1.2081658805854403,1.2091605361618671,2466.0,0.0002050630177405116
2019-06-09 00:00:00+00:00,1.2091605361618671,1.2096777719049512,1.2084661534154728,1.2089833891585569,2622.0,0.00021238066047064784
2019-06-10 00:00:00+00:00,1.2089833891585569,1.2096760088115914,1.2072848293561342,1.2079774490091688,3869.0,0.00014484595719052132
2019-06-11 00:00:00+00:00,1.2079774490091688,1.209601104807231,1.2077165332827282,1.2093401890807904,4856.0,0.00021701692552597845
2019-06-12 00:00:00+00:00,1.2093401890807904,1.2098104509899938,1.2084460087706945,1.208916270679898,974.0,0.00015915529025813628
2019-06-13 00:00:00+00:00,1.208916270679898,1.2097235405846543,1.206299035092604,1.2071063049973603,481.0,0.00024110223024223712
2019-06-14 00:00:00+00:00,1.2071063049973603,1.2085331011495524,1.20588860771232,1.2073154038645122,3199.0,0.00017416478743925855
2019-06-15 00:00:00+00:00,1.2073154038645122,1.21008291679923,1.2060488211935272,1.208816334128245,4664.0,0.0001652525439281575
2019-06-16 00:00:00+00:00,1.208816334128245,1.2097773045835278,1.2083600289792729,1.2093209994345557,1743.0,0.00014808316091140296
2019-06-17 00:00:00+00:00,1.2093209994345557,1.2100645195941466,1.204244260966619,1.20498778112621,4830.0,0.0002208665510865915
2019-06-18 00:00:00+00:00,1.20498778112621,1.2057330364162522,1.2044424353946126,1.2051876906846548,3764.0,0.00014643820896450768
2019-06-19 00:00:00+00:00,1.2051876906846548,1.206324605626678,1.2020009456104186,1.2031378605524419,4294.0,0.0001252822671695495
2019-06-20 00:00:00+00:00,1.2031378605524419,1.2044647406223694,1.2026110845988018,1.2039379646687294,4890.0,0.00010381355465333019
2019-06-21 00:00:00+00:00,1.2039379646687294,1.2042964822724578,1.2037371029068273,1.2040956205105557,3734.0,0.0002401838318366041
2019-06-22 00:00:00+00:00,1.2040956205105557,1.2044774045184425,1.2040294339352189,1.2044112179431057,901.0,0.00015226092416131693
2019-06-23 00:00:00+00:00,1.2044112179431057,1.20523623684685,1.2028356859331373,1.2036607048368817,3611.0,0.00014538783245464048
2019-06-24 00:00:00+00:00,1.2036607048368817,1.2041069520760583,1.1999468804192512,1.2003931276584279,3500.0,0.00015031610656088737
2019-06-25 00:00:00+00:00,1.2003931276584279,1.2023310496925266,1.2003012413576573,1.202239163391756,4858.0,0.00010282251479986314
2019-06-26 00:00:00+00:00,1.202239163391756,1.2035826528527889,1.200452849318518,1.201796338779551,3988.0,0.00023813824981846812
2019-06-27 00:00:00+00:00,1.201796338779551,1.2019712381139664,1.1988614558856805,1.199036355220096,4127.0,0.000225293913022567
2019-06-28 00:00:00+00:00,1.199036355220096,1.1994833520399109,1.197118089611198,1.1975650864310128,3211.0,0.00021514122034582304
2019-06-29 00:00:00+00:00,1.1975650864310128,1.1978300143611171,1.1966815778290478,1.1969465057591522,2402.0,0.0001752200468297663
2019-06-30 00:00:00+00:00,1.1969465057591522,1.198216938963577,1.1956026026959847,1.1968730359004096,4815.0,0.0002369748628012896
2019-07-01 00:00:00+00:00,1.1968730359004096,1.1981428798014224,1.1944169756095757,1.1956868195105885,2923.0,0.00016473934785595913
2019-07-02 00:00:00+00:00,1.1956868195105885,1.1966063168931975,1.1934471478128967,1.1943666451955057,3777.0,0.00024213241195713292
2019-07-03 00:00:00+00:00,1.1943666451955057,1.194995380577878,1.194305066336005,1.1949338017183773,3189.0,0.00010463526413237002
2019-07-04 00:00:00+00:00,1.1949338017183773,1.1955619638316985,1.1927911177288721,1.1934192798421934,2143.0,0.0001056748737415028
2019-07-05 00:00:00+00:00,1.1934192798421934,1.1934995150779182,1.19285209513372,1.1929323303694448,4137.0,0.00024147775967179547
2019-07-06 00:00:00+00:00,1.1929323303694448,1.1931236515143842,1.1910011616069769,1.1911924827519162,4710.0,0.00012115464441365643
2019-07-07 00:00:00+00:00,1.1911924827519162,1.1922609294948021,1.1911211983552945,1.1921896450981804,363.0,0.0001337837164633823
2019-07-08 00:00:00+00:00,1.1921896450981804,1.1926365604258051,1.1907897450250995,1.1912366603527242,4798.0,0.00014465443135410578
2019-07-09 00:00:00+00:00,1.1912366603527242,1.1926050134782633,1.1890929518547717,1.1904613049803108,3691.0,0.00015545848662852548
2019-07-10 00:00:00+00:00,1.1904613049803108,1.1916707114925764,1.189636061440587,1.1908454679528526,4979.0,0.00014518708124453076
2019-07-11 00:00:00+00:00,1.1908454679528526,1.1927367633403094,1.1904924328143889,1.1923837282018457,4294.0,0.0001740554753695693
2019-07-12 00:00:00+00:00,1.1923837282018457,1.1937953041761822,1.1918613354486123,1.1932729114229488,1068.0,0.00011846692150656391
2019-07-13 00:00:00+00:00,1.1932729114229488,1.1961073352311196,1.193051099758181,1.1958855235663517,4416.0,0.0001305777194164729
2019-07-14 00:00:00+00:00,1.1958855235663517,1.1977221312794266,1.1955079030730376,1.1973445107861125,2456.0,0.0002270899961838949
2019-07-15 00:00:00+00:00,1.1973445107861125,1.1976234220051827,1.1932567792554163,1.1935356904744865,3563.0,0.0001488884729886058
2019-07-16 00:00:00+00:00,1.1935356904744865,1.196214935627781,1.1925806609073213,1.1952599060606157,769.0,0.00012904024475650068
2019-07-17 00:00:00+00:00,1.1952599060606157,1.1965555741983915,1.193762839359688,1.1950585074974638,821.0,0.0001296802641194242
2019-07-18 00:00:00+00:00,1.1950585074974638,1.1965071161244765,1.1924546589278762,1.1939032675548888,1711.0,0.00015794227718108508
2019-07-19 00:00:00+00:00,1.1939032675548888,1.1955023386950043,1.1932032481889998,1.1948023193291153,3612.0,0.0001699067176061283
2019-07-20 00:00:00+00:00,1.1948023193291153,1.1952742670684202,1.1947491862431099,1.1952211339824148,3916.0,0.0001672158958084177
2019-07-21 00:00:00+00:00,1.1952211339824148,1.1964832229757973,1.193766453575168,1.1950285425685505,1779.0,0.0002022110439674279
2019-07-22 00:00:00+00:00,1.1950285425685505,1.1958103296418228,1.1950198154031018,1.195801602476374,874.0,0.00010997678854538382
2019-07-23 00:00:00+00:00,1.195801602476374,1.196281183148603,1.1943326763424975,1.1948122570147266,3297.0,0.00020413788090253824
2019-07-24 00:00:00+00:00,1.1948122570147266,1.1964183315895867,1.194084995667127,1.195691070241987,481.0,0.00018762148077763774
2019-07-25 00:00:00+00:00,1.195691070241987,1.196687335709163,1.194696463358278,1.195692728825454,3333.0,0.0002395947800569629
2019-07-26 00:00:00+00:00,1.195692728825454,1.195740750835401,1.1931366271011952,1.1931846491111422,2586.0,0.0002285509519203689
2019-07-27 00:00:00+00:00,1.1931846491111422,1.1935854984532064,1.193096612032361,1.1934974613744251,4610.0,0.00023015538318642344
2019-07-28 00:00:00+00:00,1.1934974613744251,1.1941258242211115,1.1934551013965216,1.1940834642432079,4115.0,0.00018168981801433006
2019-07-29 00:00:00+00:00,1.1940834642432079,1.194290651272711,1.19286865918091,1.193075846210413,4165.0,0.00016422037924667638
2019-07-30 00:00:00+00:00,1.193075846210413,1.19630545522481,1.1925434326554898,1.1957730416698868,586.0,0.0002259169339737729
2019-07-31 00:00:00+00:00,1.1957730416698868,1.1960427480587987,1.195438130370655,1.1957078367595668,3941.0,0.0001254910226832971
2019-08-01 00:00:00+00:00,1.1957078367595668,1.1966723911974946,1.1939101547923614,1.1948747092302892,1448.0,0.00011482107235538264
2019-08-02 00:00:00+00:00,1.1948747092302892,1.1949897148146333,1.1938094099776115,1.1939244155619557,1283.0,0.00011740884408231096
2019-08-03 00:00:00+00:00,1.1939244155619557,1.1949365231535767,1.193150269341063,1.194162376932684,4150.0,0.00012037199699792228
2019-08-04 00:00:00+00:00,1.194162376932684,1.1945053048962386,1.1926790240290213,1.193021951992576,107.0,0.00019452371556643292
2019-08-05 00:00:00+00:00,1.193021951992576,1.1938428976783653,1.18986724302553,1.1906881887113192,4367.0,0.00015302433972742412
2019-08-06 00:00:00+00:00,1.1906881887113192,1.1927817346550393,1.1872757839199601,1.1893693298636803,3789.0,0.00012285111098939478
2019-08-07 00:00:00+00:00,1.1893693298636803,1.1895474923385534,1.1890423511396624,1.1892205136145355,2902.0,0.00020850215686285748
2019-08-08 00:00:00+00:00,1.1892205136145355,1.1903555159814188,1.188427653419654,1.1895626557865373,3405.0,0.00013547623118457524
2019-08-09 00:00:00+00:00,1.1895626557865373,1.1897048712383886,1.1895609168829084,1.1897031323347598,1809.0,0.00014476666029871732
2019-08-10 00:00:00+00:00,1.1897031323347598,1.1914176853786538,1.1888044563081435,1.1905190093520375,2769.0,0.00012138290337220283
2019-08-11 00:00:00+00:00,1.1905190093520375,1.1911523553470342,1.1882324196681298,1.1888657656631265,2891.0,0.00023044419207774586
2019-08-12 00:00:00+00:00,1.1888657656631265,1.190545887202378,1.1888432403631608,1.1905233619024123,404.0,0.00016771018078902072
2019-08-13 00:00:00+00:00,1.1905233619024123,1.1911495259363485,1.1903977777195995,1.1910239417535358,3025.0,0.00018289566555260755
2019-08-14 00:00:00+00:00,1.1910239417535358,1.1927495724766644,1.190665422823561,1.1923910535466895,390.0,0.00023644109933866956
2019-08-15 00:00:00+00:00,1.1923910535466895,1.1931173420187289,1.1914481810957633,1.1921744695678027,643.0,0.0001842509754915969
2019-08-16 00:00:00+00:00,1.1921744695678027,1.1951419617697068,1.1907979139256752,1.1937654061275793,786.0,0.00021545759371097004
2019-08-17 00:00:00+00:00,1.1937654061275793,1.1943835427879237,1.1924803507622308,1.1930984874225752,3657.0,0.00017494323091774672
2019-08-18 00:00:00+00:00,1.1930984874225752,1.1934942867060019,1.192192790785815,1.1925885900692417,2481.0,0.00016195511610028973
2019-08-19 00:00:00+00:00,1.1925885900692417,1.1932993732480455,1.1924597060585707,1.1931704892373745,2631.0,0.00018710834191888333
2019-08-20 00:00:00+00:00,1.1931704892373745,1.194067174566915,1.1925617252075962,1.1934584105371366,560.0,0.0002336733835165461
2019-08-21 00:00:00+00:00,1.1934584105371366,1.195019407915376,1.1913487203995532,1.1929097177777925,2554.0,0.0002392572681599223
2019-08-22 00:00:00+00:00,1.1929097177777925,1.1940799361274714,1.1918241524264759,1.1929943707761548,138.0,0.00011294537451648363
2019-08-23 00:00:00+00:00,1.1929943707761548,1.1939268956803417,1.1906206813668057,1.1915532062709926,1386.0,0.00023393221973257622
2019-08-24 00:00:00+00:00,1.1915532062709926,1.1920454169871069,1.190715992503249,1.1912082032193634,3097.0,0.0001146331501197361
2019-08-25 00:00:00+00:00,1.1912082032193634,1.19245059176036,1.1905022285919746,1.1917446171329713,3091.0,0.0001052613026275217
2019-08-26 00:00:00+00:00,1.1917446171329713,1.1920465320340956,1.191173563910788,1.1914754788119124,3915.0,0.00024782404743997253
2019-08-27 00:00:00+00:00,1.1914754788119124,1.1919543228303886,1.190764932767362,1.1912437767858381,587.0,0.00020465629106524967
2019-08-28 00:00:00+00:00,1.1912437767858381,1.1919403000416893,1.1892744693474226,1.1899709926032738,2864.0,0.0001463457442301322
2019-08-29 00:00:00+00:00,1.1899709926032738,1.1904136732438004,1.1890501077214277,1.1894927883619544,2512.0,0.00019769584693211348
2019-08-30 00:00:00+00:00,1.1894927883619544,1.190824903796063,1.1868620460361097,1.1881941614702183,3000.0,0.00013363857746446315
2019-08-31 00:00:00+00:00,1.1881941614702183,1.1889943258155995,1.1866483070865974,1.1874484714319786,3136.0,0.00015746105858735552
2019-09-01 00:00:00+00:00,1.1874484714319786,1.1878082477244694,1.1863476872936867,1.1867074635861774,2321.0,0.00011833415205105986
2019-09-02 00:00:00+00:00,1.1867074635861774,1.1882887023872262,1.182838732091825,1.1844199708928738,4693.0,0.0001585672298283598
2019-09-03 00:00:00+00:00,1.1844199708928738,1.1849763431144487,1.181975609872981,1.182531982094556,4101.0,0.00011203373468268534
2019-09-04 00:00:00+00:00,1.182531982094556,1.1836188817377524,1.1792905891648828,1.1803774888080794,2742.0,0.000131576924839398
2019-09-05 00:00:00+00:00,1.1803774888080794,1.1805813820247653,1.1797094287237933,1.1799133219404792,4309.0,0.00020176760218051877
2019-09-06 00:00:00+00:00,1.1799133219404792,1.18104099966592,1.178170865477857,1.1792985432032979,163.0,0.00011577285412374519
2019-09-07 00:00:00+00:00,1.1792985432032979,1.1795732959981373,1.1779354835461149,1.1782102363409543,4961.0,0.00012794093549481695
2019-09-08 00:00:00+00:00,1.1782102363409543,1.1786853320355588,1.1778259265930286,1.1783010222876331,2602.0,0.00012295509514789497
2019-09-09 00:00:00+00:00,1.1783010222876331,1.1799402953372466,1.1773725991008015,1.179011872150415,3813.0,0.0002091572851970206
2019-09-10 00:00:00+00:00,1.179011872150415,1.1803865088802807,1.1789515274162463,1.180326164146112,3028.0,0.00021021586348355382
2019-09-11 00:00:00+00:00,1.180326164146112,1.1818894419263248,1.179072926983827,1.1806362047640397,4256.0,0.00019669023861617276
2019-09-12 00:00:00+00:00,1.1806362047640397,1.1827561562008786,1.1799454423600544,1.1820653937968932,2568.0,0.000112214225544502
2019-09-13 00:00:00+00:00,1.1820653937968932,1.1820701727111123,1.1814136535296444,1.1814184324438635,1320.0,0.0002094808075753087
2019-09-14 00:00:00+00:00,1.1814184324438635,1.1839088452725002,1.1812681602570498,1.1837585730856865,121.0,0.00021881253292803404
2019-09-15 00:00:00+00:00,1.1837585730856865,1.1845960970513771,1.1808954766713908,1.1817330006370814,4215.0,0.0001343585420410348
2019-09-16 00:00:00+00:00,1.1817330006370814,1.1826631476996028,1.1815049910647235,1.1824351381272449,4947.0,0.0001710104164450442
2019-09-17 00:00:00+00:00,1.1824351381272449,1.183767735063316,1.1792558034806724,1.1805884004167435,977.0,0.00013515625121234825
2019-09-18 00:00:00+00:00,1.1805884004167435,1.1806299129071933,1.1801726080408386,1.1802141205312884,1910.0,0.00013078281093235997
2019-09-19 00:00:00+00:00,1.1802141205312884,1.1808732473608539,1.178491843996644,1.1791509708262096,3563.0,0.00023339089846473657
2019-09-20 00:00:00+00:00,1.1791509708262096,1.1798737291363983,1.178914257222967,1.1796370155331557,2960.0,0.0001302468232745354
2019-09-21 00:00:00+00:00,1.1796370155331557,1.1811055956164285,1.1774916574468095,1.1789602375300823,1707.0,0.00013196530984452745
2019-09-22 00:00:00+00:00,1.1789602375300823,1.1792341168968183,1.1770414886210567,1.1773153679877928,631.0,0.000172076943443962
2019-09-23 00:00:00+00:00,1.1773153679877928,1.1799455062646742,1.1764650089412183,1.1790951472180997,1779.0,0.0001979615940994838
2019-09-24 00:00:00+00:00,1.1790951472180997,1.180012928762542,1.1781601403583335,1.1790779219027758,3595.0,0.00014259583466144448
2019-09-25 00:00:00+00:00,1.1790779219027758,1.1795163023155582,1.1782276440807309,1.1786660244935132,1698.0,0.00010703798785311066
2019-09-26 00:00:00+00:00,1.1786660244935132,1.1794344519752782,1.175373898371855,1.1761423258536199,4004.0,0.00020242200886060095
2019-09-27 00:00:00+00:00,1.1761423258536199,1.178460492389219,1.1759035929811648,1.178221759516764,1086.0,0.00014472060867153167
2019-09-28 00:00:00+00:00,1.178221759516764,1.1784718311349387,1.1768852212279677,1.1771352928461425,2509.0,0.00023357251224569723
2019-09-29 00:00:00+00:00,1.1771352928461425,1.1780279214935385,1.1770497465650565,1.1779423752124525,4828.0,0.0002084289655930336
2019-09-30 00:00:00+00:00,1.1779423752124525,1.178618297048061,1.1766791992416208,1.1773551210772293,4067.0,0.00017794104012931828
2019-10-01 00:00:00+00:00,1.1773551210772293,1.1784911044652875,1.1749347282040645,1.1760707115921227,4395.0,0.00021106353055992298
2019-10-02 00:00:00+00:00,1.1760707115921227,1.1778632625793721,1.1745624033509878,1.1763549543382372,515.0,0.00024507895839085656
2019-10-03 00:00:00+00:00,1.1763549543382372,1.1767321951452276,1.1749366345797438,1.1753138753867343,2048.0,0.00011723567560684312
2019-10-04 00:00:00+00:00,1.1753138753867343,1.175778985606331,1.174574807297823,1.1750399175174198,2803.0,0.00014864062033276176
2019-10-05 00:00:00+00:00,1.1750399175174198,1.175227512106049,1.1748845858112265,1.1750721803998556,3048.0,0.0002386795532488192
2019-10-06 00:00:00+00:00,1.1750721803998556,1.1754465534400889,1.173019380929102,1.1733937539693353,3900.0,0.00020623632287575513
2019-10-07 00:00:00+00:00,1.1733937539693353,1.1737204639185255,1.173387113006886,1.1737138229560762,4407.0,0.00015196324551315136
2019-10-08 00:00:00+00:00,1.1737138229560762,1.1741810529880372,1.1717769301480316,1.1722441601799927,536.0,0.00019538536627124225
2019-10-09 00:00:00+00:00,1.1722441601799927,1.1741569314397031,1.1719121169961018,1.1738248882558122,4011.0,0.00018209336046733868
2019-10-10 00:00:00+00:00,1.1738248882558122,1.176251432197869,1.1725858935699196,1.1750124375119764,3634.0,0.0001860386707497911
2019-10-11 00:00:00+00:00,1.1750124375119764,1.1766299012059214,1.1740443956313198,1.1756618593252648,1314.0,0.00019098851128427152
2019-10-12 00:00:00+00:00,1.1756618593252648,1.178222528807826,1.1745771617511802,1.1771378312337415,2907.0,0.00024161625702373796
2019-10-13 00:00:00+00:00,1.1771378312337415,1.1778119213619578,1.174565736446823,1.1752398265750392,397.0,0.00021843043535634037
2019-10-14 00:00:00+00:00,1.1752398265750392,1.1775149264696887,1.1740609696191535,1.176336069513803,4777.0,0.00013596695411191426
2019-10-15 00:00:00+00:00,1.176336069513803,1.1779781660365665,1.17381082809456,1.1754529246173235,3845.0,0.00010098171276392538
2019-10-16 00:00:00+00:00,1.1754529246173235,1.1761147493063857,1.1740559401236033,1.1747177648126654,3662.0,0.00013372655583564468
2019-10-17 00:00:00+00:00,1.1747177648126654,1.174977286067435,1.1745702686859132,1.1748297899406828,4901.0,0.00012117846693882255
2019-10-18 00:00:00+00:00,1.1748297899406828,1.1764910551420695,1.1733524417245458,1.1750137069259325,1475.0,0.00017934994847636608
2019-10-19 00:00:00+00:00,1.1750137069259325,1.1757285575903935,1.1741483285314918,1.1748631791959527,3121.0,0.00010758136873435483
2019-10-20 00:00:00+00:00,1.1748631791959527,1.1753734656036003,1.174079580692066,1.1745898670997137,2172.0,0.00018898120227924038
2019-10-21 00:00:00+00:00,1.1745898670997137,1.1748212184592075,1.174355915478485,1.1745872668379789,463.0,0.00022495633982118354
2019-10-22 00:00:00+00:00,1.1745872668379789,1.1757626960723917,1.1731425386486294,1.1743179678830422,323.0,0.00021403502842174058
2019-10-23 00:00:00+00:00,1.1743179678830422,1.1751409770044576,1.1721006263394267,1.172923635460842,289.0,0.000248747893598125
2019-10-24 00:00:00+00:00,1.172923635460842,1.1730393372096137,1.1697159087931575,1.169831610541929,2814.0,0.00015771353371674045
2019-10-25 00:00:00+00:00,1.169831610541929,1.1705431491024745,1.1672427357416415,1.167954274302187,3095.0,0.00023488983235197072
2019-10-26 00:00:00+00:00,1.167954274302187,1.1688438791558997,1.1675627668169963,1.1684523716707091,485.0,0.00015008726182200264
2019-10-27 00:00:00+00:00,1.1684523716707091,1.1695441559760058,1.165657983889121,1.1667497681944177,375.0,0.00023872263431127554
2019-10-28 00:00:00+00:00,1.1667497681944177,1.1668864568498123,1.1654688070821637,1.1656054957375583,141.0,0.00011425320404096989
2019-10-29 00:00:00+00:00,1.1656054957375583,1.1663426360014006,1.1632982971911634,1.1640354374550057,2963.0,0.00010515124769890629
2019-10-30 00:00:00+00:00,1.1640354374550057,1.164544996144419,1.1633529722062208,1.163862530895634,417.0,0.00018571132597454144
2019-10-31 00:00:00+00:00,1.163862530895634,1.1646809216310445,1.1619330814664548,1.1627514722018653,1734.0,0.0001295119799475088
2019-11-01 00:00:00+00:00,1.1627514722018653,1.1649834418720837,1.1619117323216743,1.1641437019918928,3270.0,0.00010762359736487504
2019-11-02 00:00:00+00:00,1.1641437019918928,1.1642955933823091,1.1623893987627614,1.1625412901531778,4889.0,0.00015712115192277688
2019-11-03 00:00:00+00:00,1.1625412901531778,1.1636614189586711,1.1621529696490356,1.163273098454529,3587.0,0.0001315014476193986
2019-11-04 00:00:00+00:00,1.163273098454529,1.1636964909776282,1.1618231874130247,1.162246579936124,3073.0,0.00015563235825831573
2019-11-05 00:00:00+00:00,1.162246579936124,1.1628567819158406,1.1616917067974808,1.1623019087771975,4738.0,0.00018498926502960434
2019-11-06 00:00:00+00:00,1.1623019087771975,1.1627795636423763,1.1613270937867348,1.1618047486519136,3797.0,0.00017215643976617608
2019-11-07 00:00:00+00:00,1.1618047486519136,1.1641564128009434,1.1609270746207325,1.1632787387697623,4230.0,0.0002328246335565023
2019-11-08 00:00:00+00:00,1.1632787387697623,1.1644366906556542,1.1608512335666863,1.1620091854525783,1493.0,0.000139369340198335
2019-11-09 00:00:00+00:00,1.1620091854525783,1.1646710242859741,1.161502191236271,1.164164030069667,3213.0,0.0001640190540342909
2019-11-10 00:00:00+00:00,1.164164030069667,1.1645937969079394,1.1629791710676625,1.163408937905935,789.0,0.0001815571945996581
2019-11-11 00:00:00+00:00,1.163408937905935,1.1644714647933552,1.163329360941924,1.1643918878293442,3307.0,0.00016498888240710065
2019-11-12 00:00:00+00:00,1.1643918878293442,1.1666734479862078,1.1640345551007,1.1663161152575636,1995.0,0.00022512290913110668
2019-11-13 00:00:00+00:00,1.1663161152575636,1.1671592558818502,1.166296686818191,1.1671398274424776,790.0,0.00018493517197560444
2019-11-14 00:00:00+00:00,1.1671398274424776,1.167659547889735,1.1660184373686333,1.1665381578158907,3095.0,0.00023617304490991363
2019-11-15 00:00:00+00:00,1.1665381578158907,1.1670189779387694,1.1654555625610556,1.1659363826839344,2599.0,0.00013537370955480366
2019-11-16 00:00:00+00:00,1.1659363826839344,1.169676740733189,1.1644879834070854,1.16822834145634,900.0,0.00023666505290478372
2019-11-17 00:00:00+00:00,1.16822834145634,1.1690065998924344,1.164651981252825,1.1654302396889196,309.0,0.0001509115253399397
2019-11-18 00:00:00+00:00,1.1654302396889196,1.1673786247674491,1.1654260020652425,1.167374387143772,2715.0,0.00010455809596900004
2019-11-19 00:00:00+00:00,1.167374387143772,1.1691750441947941,1.1662424278940713,1.1680430849450933,3041.0,0.00017974952805736556
2019-11-20 00:00:00+00:00,1.1680430849450933,1.1692159554193666,1.1672869854910124,1.1684598559652857,4128.0,0.00010334565871415338
2019-11-21 00:00:00+00:00,1.1684598559652857,1.1687284321005866,1.1663877959353661,1.166656372070667,4705.0,0.00023090362994438563
2019-11-22 00:00:00+00:00,1.166656372070667,1.1691183452454776,1.1664160662287673,1.1688780394035778,3060.0,0.00014815197805483364
2019-11-23 00:00:00+00:00,1.1688780394035778,1.1698946689189902,1.1673182634609283,1.1683348929763406,3713.0,0.00017590299999708232
2019-11-24 00:00:00+00:00,1.1683348929763406,1.1683776154834324,1.167016944677927,1.1670596671850189,3878.0,0.00020537372289052388
2019-11-25 00:00:00+00:00,1.1670596671850189,1.170337428433351,1.1660611235103095,1.1693388847586417,1016.0,0.00020557838101670854
2019-11-26 00:00:00+00:00,1.1693388847586417,1.170173674728682,1.16863344727237,1.1694682372424103,1894.0,0.00015172233235735574
2019-11-27 00:00:00+00:00,1.1694682372424103,1.1710927039702128,1.1685640611764239,1.1701885279042263,3382.0,0.00020272858513673656
2019-11-28 00:00:00+00:00,1.1701885279042263,1.1703315569705333,1.1690405721420403,1.1691836012083472,1895.0,0.00013014341877411547
2019-11-29 00:00:00+00:00,1.1691836012083472,1.1697665096943022,1.1678290596876402,1.1684119681735952,2810.0,0.00016892500174393846
2019-11-30 00:00:00+00:00,1.1684119681735952,1.168522821022874,1.1663322360497792,1.166443088899058,1807.0,0.0002019257155388103
2019-12-01 00:00:00+00:00,1.166443088899058,1.1679058538655094,1.1653427378061596,1.166805502772611,4551.0,0.00011563579846512101
2019-12-02 00:00:00+00:00,1.166805502772611,1.1672488965800594,1.1654090694970098,1.1658524633044582,336.0,0.0001843537092158691
2019-12-03 00:00:00+00:00,1.1658524633044582,1.171796404723316,1.1646838386407667,1.1706277800596245,956.0,0.0002113657792081392
2019-12-04 00:00:00+00:00,1.1706277800596245,1.1740567424463564,1.1704307273894599,1.1738596897761917,2871.0,0.0001418422434259358
2019-12-05 00:00:00+00:00,1.1738596897761917,1.176252564871449,1.1736343507681337,1.176027225863391,1585.0,0.00022857914521738027
2019-12-06 00:00:00+00:00,1.176027225863391,1.1781279494113914,1.1752125420682566,1.177313265616257,4174.0,0.00022620213271922843
2019-12-07 00:00:00+00:00,1.177313265616257,1.177577325887309,1.1769194396125762,1.1771834998836281,1184.0,0.00023178069720191887
2019-12-08 00:00:00+00:00,1.1771834998836281,1.1784575079231623,1.1766511001195623,1.1779251081590965,1717.0,0.0001976426809414347
2019-12-09 00:00:00+00:00,1.1779251081590965,1.1784902552868655,1.1773596772039863,1.1779248243317553,4768.0,0.00023767088661034164
2019-12-10 00:00:00+00:00,1.1779248243317553,1.1792204643413877,1.1777092364655932,1.1790048764752257,4057.0,0.0001600998519452036
2019-12-11 00:00:00+00:00,1.1790048764752257,1.1801497427549754,1.1787849019900767,1.1799297682698264,4853.0,0.00023038452695729045
2019-12-12 00:00:00+00:00,1.1799297682698264,1.1800960092338952,1.1784634040995605,1.1786296450636293,4268.0,0.00016239648294888036
2019-12-13 00:00:00+00:00,1.1786296450636293,1.1793963814446435,1.1785349216145655,1.1793016579955797,1623.0,0.00024372161363569114
2019-12-14 00:00:00+00:00,1.1793016579955797,1.1797747835412735,1.17884096904338,1.1793140945890739,4127.0,0.0001916468204605473
2019-12-15 00:00:00+00:00,1.1793140945890739,1.1808383244035856,1.1791067538336264,1.1806309836481381,4290.0,0.0002384569684274017
2019-12-16 00:00:00+00:00,1.1806309836481381,1.183173128477572,1.1793905872770447,1.1819327321064785,2177.0,0.0001216874285661595
2019-12-17 00:00:00+00:00,1.1819327321064785,1.1843559193402968,1.1812196580159096,1.1836428452497278,4207.0,0.00021339673856630049
2019-12-18 00:00:00+00:00,1.1836428452497278,1.1845981758413742,1.1807618413546113,1.1817171719462576,1660.0,0.00011627486269544333
2019-12-19 00:00:00+00:00,1.1817171719462576,1.1826378885066922,1.1809492905005532,1.1818700070609878,4085.0,0.00012936702229210834
2019-12-20 00:00:00+00:00,1.1818700070609878,1.182141465150918,1.1803360592681618,1.1806075173580919,4807.0,0.00022296461141267947
2019-12-21 00:00:00+00:00,1.1806075173580919,1.1822267902623156,1.1798031319933815,1.1814224048976052,2463.0,0.00012242808555374123
2019-12-22 00:00:00+00:00,1.1814224048976052,1.183252781766413,1.1812175951006716,1.1830479719694793,2914.0,0.00010688511005045871
2019-12-23 00:00:00+00:00,1.1830479719694793,1.183669857782426,1.1812098544906247,1.1818317403035714,2772.0,0.00011830981371049354
2019-12-24 00:00:00+00:00,1.1818317403035714,1.182244901268577,1.181474634528418,1.1818877954934235,780.0,0.00011118760312807013
2019-12-25 00:00:00+00:00,1.1818877954934235,1.1845073882266681,1.1810683250898493,1.183687917823094,4062.0,0.00016836117982645536
2019-12-26 00:00:00+00:00,1.183687917823094,1.185166700668064,1.1824508987578255,1.1839296816027955,496.0,0.00023783359659126476
2019-12-27 00:00:00+00:00,1.1839296816027955,1.18422770782172,1.1834667362216489,1.1837647624405734,374.0,0.00012286192882184123
2019-12-28 00:00:00+00:00,1.1837647624405734,1.1850712439377462,1.1793443440185278,1.1806508255157007,2364.0,0.0001353782119341275
2019-12-29 00:00:00+00:00,1.1806508255157007,1.1814897467105598,1.1795449584320972,1.1803838796269563,3363.0,0.00024984192999178784
2019-12-30 00:00:00+00:00,1.1803838796269563,1.180493478754359,1.1792326143330525,1.1793422134604552,3067.0,0.00012191620071829599
2019-12-31 00:00:00+00:00,1.1793422134604552,1.1812087410627292,1.1792457142463497,1.1811122418486237,1663.0,0.0001824489353474203
2020-01-01 00:00:00+00:00,1.1811122418486237,1.1823301049397106,1.1809523619328535,1.1821702250239403,4549.0,0.00017655649739969825
2020-01-02 00:00:00+00:00,1.1821702250239403,1.1847394704721397,1.1817484316904667,1.184317677138666,2687.0,0.00018318030178831574
2020-01-03 00:00:00+00:00,1.184317677138666,1.1843900809603132,1.1840201342277934,1.1840925380494405,2553.0,0.00024862083143353537
2020-01-04 00:00:00+00:00,1.1840925380494405,1.1849510163326844,1.1827706392791872,1.1836291175624312,1474.0,0.000126980278245411
2020-01-05 00:00:00+00:00,1.1836291175624312,1.1839385798740816,1.181773705991976,1.1820831683036264,4477.0,0.00013381418170056627
2020-01-06 00:00:00+00:00,1.1820831683036264,1.1823591923600223,1.1800262426647088,1.1803022667211047,1952.0,0.00022156208131241854
2020-01-07 00:00:00+00:00,1.1803022667211047,1.1806493938055822,1.1799911038090518,1.1803382308935293,902.0,0.00015106233414240725
2020-01-08 00:00:00+00:00,1.1803382308935293,1.1814617972758612,1.1797927124514782,1.1809162788338101,602.0,0.00011094176136549639
2020-01-09 00:00:00+00:00,1.1809162788338101,1.181410262691366,1.179764275559406,1.180258259416962,2308.0,0.00022475286112647546
2020-01-10 00:00:00+00:00,1.180258259416962,1.1808173553418726,1.1801423250577798,1.1807014209826905,3831.0,0.0002298734079326061
2020-01-11 00:00:00+00:00,1.1807014209826905,1.180811471621301,1.178632796409171,1.1787428470477814,3891.0,0.0002281756247481274
2020-01-12 00:00:00+00:00,1.1787428470477814,1.1796367321526702,1.1771289898106048,1.1780228749154935,2658.0,0.00022979751536858766
2020-01-13 00:00:00+00:00,1.1780228749154935,1.1785540562102184,1.1750528908331646,1.1755840721278894,2164.0,0.00016609909200526718
2020-01-14 00:00:00+00:00,1.1755840721278894,1.1773469829517456,1.1740368587666565,1.1757997695905127,4032.0,0.0001950652913160393
2020-01-15 00:00:00+00:00,1.1757997695905127,1.1769796139244537,1.1734450666968814,1.1746249110308224,1613.0,0.0002486611295901039
2020-01-16 00:00:00+00:00,1.1746249110308224,1.1785593734262,1.1732340930162783,1.177168555411656,3584.0,0.00015196082801635505
2020-01-17 00:00:00+00:00,1.177168555411656,1.1779900176627438,1.174285386672914,1.1751068489240017,4035.0,0.0001460645057411017
2020-01-18 00:00:00+00:00,1.1751068489240017,1.1772366738204825,1.1738878064942941,1.1760176313907749,4619.0,0.00019502853100980433
2020-01-19 00:00:00+00:00,1.1760176313907749,1.176775731354659,1.1753922912894423,1.1761503912533264,2065.0,0.00023631296001966074
2020-01-20 00:00:00+00:00,1.1761503912533264,1.1771254027511269,1.174625020128874,1.1756000316266744,1728.0,0.00020601190337894126
2020-01-21 00:00:00+00:00,1.1756000316266744,1.1760906107144247,1.1736193296077235,1.1741099086954738,4603.0,0.00016162136389028664
2020-01-22 00:00:00+00:00,1.1741099086954738,1.174642627188286,1.1707242231822614,1.1712569416750735,220.0,0.00018686090307437544
2020-01-23 00:00:00+00:00,1.1712569416750735,1.1736123359254265,1.1708656249173621,1.173221019167715,1214.0,0.0001212803125874963
2020-01-24 00:00:00+00:00,1.173221019167715,1.1743997006301685,1.1731931088840926,1.174371790346546,1387.0,0.00011236737266056718
2020-01-25 00:00:00+00:00,1.174371790346546,1.175597217530014,1.1709785790352782,1.1722040062187462,596.0,0.0001263362590094349
2020-01-26 00:00:00+00:00,1.1722040062187462,1.1740441933862547,1.1716922437599784,1.1735324309274868,656.0,0.00021722210954628612
2020-01-27 00:00:00+00:00,1.1735324309274868,1.1739640452370224,1.1731289122938664,1.173560526603402,588.0,0.00022373317780310985
2020-01-28 00:00:00+00:00,1.173560526603402,1.1746492138392939,1.173096192038465,1.174184879274357,4174.0,0.0002169912025997329
2020-01-29 00:00:00+00:00,1.174184879274357,1.1757461586626934,1.1730048146439969,1.1745660940323333,689.0,0.00017664984226079848
2020-01-30 00:00:00+00:00,1.1745660940323333,1.1751382480893107,1.1743567783506441,1.1749289324076215,3255.0,0.0002345829344761403
2020-01-31 00:00:00+00:00,1.1749289324076215,1.1757573284738072,1.1747199398360144,1.1755483359022,4782.0,0.00021822600886075083
2020-02-01 00:00:00+00:00,1.1755483359022,1.17632497941927,1.1743616399938384,1.1751382835109083,3785.0,0.00019268619735422773
2020-02-02 00:00:00+00:00,1.1751382835109083,1.175491380929802,1.1748840070614506,1.1752371044803442,2053.0,0.00017856851094963402
2020-02-03 00:00:00+00:00,1.1752371044803442,1.1754888790357285,1.175095982507667,1.1753477570630513,551.0,0.0002354685736847662
2020-02-04 00:00:00+00:00,1.1753477570630513,1.1755439444791655,1.174195001181268,1.1743911885973823,4460.0,0.0002086690691766649
2020-02-05 00:00:00+00:00,1.1743911885973823,1.1753141686002904,1.1743525333427738,1.1752755133456818,2757.0,0.00023383874521013716
2020-02-06 00:00:00+00:00,1.1752755133456818,1.1764122185265429,1.1718845401949791,1.1730212453758402,3165.0,0.00016261634328705005
2020-02-07 00:00:00+00:00,1.1730212453758402,1.1758185809761983,1.1727066535475976,1.1755039891479557,1541.0,0.00022251080570459588
2020-02-08 00:00:00+00:00,1.1755039891479557,1.1772036584746226,1.1744642645807897,1.1761639339074565,1935.0,0.0001217312672749684
2020-02-09 00:00:00+00:00,1.1761639339074565,1.176168637487533,1.175305491543709,1.1753101951237854,2992.0,0.00020286708528769137
2020-02-10 00:00:00+00:00,1.1753101951237854,1.1773544459365015,1.174575741523361,1.1766199923360772,3882.0,0.00010239010119065906
2020-02-11 00:00:00+00:00,1.1766199923360772,1.1774835113550237,1.174617524957509,1.1754810439764556,4315.0,0.00024404590657823875
2020-02-12 00:00:00+00:00,1.1754810439764556,1.1759153608841648,1.1743956156941233,1.1748299326018325,3667.0,0.00012219007855680404
2020-02-13 00:00:00+00:00,1.1748299326018325,1.1765104955704349,1.1736911699481418,1.1753717329167441,525.0,0.0002273215353414464
2020-02-14 00:00:00+00:00,1.1753717329167441,1.1778000296636395,1.1737268711469002,1.1761551678937956,1255.0,0.00015886875258284573
2020-02-15 00:00:00+00:00,1.1761551678937956,1.1777454436627843,1.1750517498620725,1.1766420256310612,3015.0,0.00024074930393825757
2020-02-16 00:00:00+00:00,1.1766420256310612,1.176924309943159,1.1733279835580255,1.1736102678701232,4038.0,0.00012929173334375453
2020-02-17 00:00:00+00:00,1.1736102678701232,1.1740266572935494,1.1728399805267276,1.1732563699501537,4964.0,0.00021805485780234006
2020-02-18 00:00:00+00:00,1.1732563699501537,1.1736205919860518,1.1729052856906013,1.1732695077264994,2356.0,0.0001731868004957616
2020-02-19 00:00:00+00:00,1.1732695077264994,1.1743285517924769,1.1729879257957396,1.174046969861717,2402.0,0.00016211408351499008
2020-02-20 00:00:00+00:00,1.174046969861717,1.1750909963220537,1.173183396323292,1.1742274227836287,4892.0,0.00015511386594863253
2020-02-21 00:00:00+00:00,1.1742274227836287,1.1801092037196685,1.1735191921790669,1.1794009731151067,3250.0,0.00018361761905800631
2020-02-22 00:00:00+00:00,1.1794009731151067,1.1805502626353905,1.1791920945752576,1.1803413840955415,1673.0,0.00011635762855239645
2020-02-23 00:00:00+00:00,1.1803413840955415,1.1803956655262648,1.1789993963199044,1.1790536777506277,783.0,0.00011841611883711971
2020-02-24 00:00:00+00:00,1.1790536777506277,1.1792211643047088,1.1782280216931287,1.1783955082472097,3398.0,0.00014080721868744802
2020-02-25 00:00:00+00:00,1.1783955082472097,1.1786364408056595,1.177572994999462,1.1778139275579118,533.0,0.0001514369880514052
2020-02-26 00:00:00+00:00,1.1778139275579118,1.1810686238082742,1.1767887668142554,1.1800434630646177,4416.0,0.00024786131090294585
2020-02-27 00:00:00+00:00,1.1800434630646177,1.1844222549613532,1.1794186873227945,1.18379747921953,2977.0,0.00022298385333690033
2020-02-28 00:00:00+00:00,1.18379747921953,1.1848877181549873,1.1830834977772462,1.1841737367127034,235.0,0.0001055784864743722
2020-02-29 00:00:00+00:00,1.1841737367127034,1.18657924156061,1.182650930619764,1.1850564354676705,4011.0,0.00020156728089761977
2020-03-01 00:00:00+00:00,1.1850564354676705,1.186107053403894,1.1840566542045392,1.1851072721407627,1122.0,0.00011211158664191735
2020-03-02 00:00:00+00:00,1.1851072721407627,1.1871128324406781,1.1843089224262555,1.186314482726171,900.0,0.00013660223622182516
2020-03-03 00:00:00+00:00,1.186314482726171,1.186600582273332,1.1834262425043378,1.183712342051499,1295.0,0.0001357003478929085
2020-03-04 00:00:00+00:00,1.183712342051499,1.1837705338864875,1.1826739489680023,1.1827321408029907,2186.0,0.00020476542410373266
2020-03-05 00:00:00+00:00,1.1827321408029907,1.183806146050541,1.1782759784868346,1.1793499837343848,1539.0,0.0001523830642645597
2020-03-06 00:00:00+00:00,1.1793499837343848,1.180851523176395,1.1791190096409088,1.180620549082919,847.0,0.00015577645971099314
2020-03-07 00:00:00+00:00,1.180620549082919,1.180655289292956,1.177784831326824,1.1778195715368611,1911.0,0.00012341073753709939
2020-03-08 00:00:00+00:00,1.1778195715368611,1.179983505058694,1.1776230539357555,1.1797869874575884,4581.0,0.00015146902143570764
2020-03-09 00:00:00+00:00,1.1797869874575884,1.1809355099424856,1.1791744432424087,1.180322965727306,3595.0,0.0002124497493167125
2020-03-10 00:00:00+00:00,1.180322965727306,1.1804769179778383,1.1784756050924627,1.178629557342995,1115.0,0.0001268468083629576
2020-03-11 00:00:00+00:00,1.178629557342995,1.1793229533767615,1.1783881909902958,1.1790815870240623,1950.0,0.00020739757003027277
2020-03-12 00:00:00+00:00,1.1790815870240623,1.1795164808610237,1.1785449124754142,1.1789798063123755,2542.0,0.0001543595543221878
2020-03-13 00:00:00+00:00,1.1789798063123755,1.1802505622814725,1.1781228261809558,1.1793935821500527,2693.0,0.00024349229387485798
2020-03-14 00:00:00+00:00,1.1793935821500527,1.1795195521008537,1.178011671002318,1.178137640953119,4884.0,0.00015896805283057
2020-03-15 00:00:00+00:00,1.178137640953119,1.1796194342047017,1.1760564470645785,1.1775382403161612,4400.0,0.00017154673379304644
2020-03-16 00:00:00+00:00,1.1775382403161612,1.1789221164638681,1.1772798293760383,1.1786637055237452,1756.0,0.00014259817687407975
2020-03-17 00:00:00+00:00,1.1786637055237452,1.179409928539952,1.1784854135354579,1.1792316365516646,1119.0,0.00018503146512440072
2020-03-18 00:00:00+00:00,1.1792316365516646,1.1792401948759064,1.178007343624235,1.1780159019484768,738.0,0.00024617425628401174
2020-03-19 00:00:00+00:00,1.1780159019484768,1.1795601089721628,1.177643478417507,1.179187685441193,2843.0,0.00019771734403691436
2020-03-20 00:00:00+00:00,1.179187685441193,1.1805854249470291,1.1770319761215438,1.17842971562738,2469.0,0.0002165745539552174
2020-03-21 00:00:00+00:00,1.17842971562738,1.1794792403429606,1.1779494598460092,1.1789989845615898,3596.0,0.00021481215496351898
2020-03-22 00:00:00+00:00,1.1789989845615898,1.180440277084854,1.176620390495864,1.1780616830191284,3832.0,0.0001779554200562729
2020-03-23 00:00:00+00:00,1.1780616830191284,1.1784292883708376,1.1780517369619978,1.178419342313707,4104.0,0.00023084219336779919
2020-03-24 00:00:00+00:00,1.178419342313707,1.1790914969410526,1.1780272084072587,1.1786993630346043,1816.0,0.000130153824595588
2020-03-25 00:00:00+00:00,1.1786993630346043,1.179276721338577,1.1762150709057846,1.1767924292097574,376.0,0.0001343945493632429
2020-03-26 00:00:00+00:00,1.1767924292097574,1.176989467755412,1.17425050639153,1.1744475449371847,2287.0,0.00018699777577921542
2020-03-27 00:00:00+00:00,1.1744475449371847,1.175446529097884,1.1722614948995222,1.1732604790602215,2668.0,0.00010759165598042966
2020-03-28 00:00:00+00:00,1.1732604790602215,1.1741947599084275,1.1689613582455398,1.1698956390937458,4812.0,0.00021509357770414225
2020-03-29 00:00:00+00:00,1.1698956390937458,1.1707289735478634,1.1694850929110938,1.1703184273652114,4077.0,0.00015859077375999654
2020-03-30 00:00:00+00:00,1.1703184273652114,1.1717747189890917,1.1695518811318895,1.1710081727557697,2913.0,0.0001677382252160652
2020-03-31 00:00:00+00:00,1.1710081727557697,1.1711032348426147,1.1700130173401473,1.1701080794269922,3695.0,0.00010644689825861654
2020-04-01 00:00:00+00:00,1.1701080794269922,1.1704141644946744,1.1685116985902841,1.1688177836579663,3892.0,0.00012512272351594786
2020-04-02 00:00:00+00:00,1.1688177836579663,1.1700138965320237,1.1675008199552348,1.1686969328292922,3117.0,0.00017692506093262776
2020-04-03 00:00:00+00:00,1.1686969328292922,1.1701947117939717,1.1681073731271387,1.1696051520918183,3275.0,0.00018015991621408005
2020-04-04 00:00:00+00:00,1.1696051520918183,1.1715924109410851,1.1684716422930905,1.1704589011423574,1124.0,0.0001746404219652124
2020-04-05 00:00:00+00:00,1.1704589011423574,1.1712685808570815,1.167794939006242,1.1686046187209662,2289.0,0.00014343114653217657
2020-04-06 00:00:00+00:00,1.1686046187209662,1.168606568980337,1.1684599009572885,1.1684618512166594,4253.0,0.00024441170750566087
2020-04-07 00:00:00+00:00,1.1684618512166594,1.1712126917022172,1.16826610590505,1.171016946390608,3660.0,0.00021381662318831687
2020-04-08 00:00:00+00:00,1.171016946390608,1.1743708907453607,1.1696867963102167,1.1730407406649694,4361.0,0.00023066988730047582
2020-04-09 00:00:00+00:00,1.1730407406649694,1.1751849489388586,1.172916587261808,1.175060795535697,1127.0,0.00013614672923315736
2020-04-10 00:00:00+00:00,1.175060795535697,1.177066091948898,1.1748317430190962,1.1768370394322971,1978.0,0.00017391111669194334
2020-04-11 00:00:00+00:00,1.1768370394322971,1.177225024876344,1.1767481597665597,1.1771361452106066,1081.0,0.00017970374900451715
2020-04-12 00:00:00+00:00,1.1771361452106066,1.1772584398444483,1.1747111605425775,1.1748334551764192,4728.0,0.00016928053045239724
2020-04-13 00:00:00+00:00,1.1748334551764192,1.1754348687343474,1.1747288191067016,1.1753302326646298,124.0,0.00010180119197566348
2020-04-14 00:00:00+00:00,1.1753302326646298,1.175914930522467,1.1721443048801048,1.172729002737942,274.0,0.00011280129982856223
2020-04-15 00:00:00+00:00,1.172729002737942,1.1750311217976528,1.1721604445077864,1.1744625635674972,4406.0,0.00016414724390441084
2020-04-16 00:00:00+00:00,1.1744625635674972,1.1783038080844104,1.1733677497854373,1.1772089943023505,4357.0,0.0001864731868942262
2020-04-17 00:00:00+00:00,1.1772089943023505,1.1789763084582556,1.1763278244625945,1.1780951386184997,958.0,0.00015177333734270177
2020-04-18 00:00:00+00:00,1.1780951386184997,1.1813718569014837,1.1763111090097695,1.1795878272927536,1780.0,0.0001474308652696192
2020-04-19 00:00:00+00:00,1.1795878272927536,1.1805260528230077,1.1779982893151255,1.1789365148453796,2500.0,0.00022062854328284845
2020-04-20 00:00:00+00:00,1.1789365148453796,1.1794810456047466,1.1786408254658902,1.1791853562252572,1306.0,0.00013124932947912557
2020-04-21 00:00:00+00:00,1.1791853562252572,1.179385908301712,1.1762642156819296,1.1764647677583844,181.0,0.00018347446656362127
2020-04-22 00:00:00+00:00,1.1764647677583844,1.178665298316056,1.1753493672014312,1.1775498977591028,1219.0,0.0001627619896485818
2020-04-23 00:00:00+00:00,1.1775498977591028,1.178583561998966,1.1756412288850258,1.176674893124889,401.0,0.00020049580715517977
2020-04-24 00:00:00+00:00,1.176674893124889,1.1800345165386565,1.175546605634589,1.1789062290483565,3454.0,0.00017459173609337314
2020-04-25 00:00:00+00:00,1.1789062290483565,1.1805300329381039,1.1782138853464765,1.179837689236224,3081.0,0.0001514116693309197
2020-04-26 00:00:00+00:00,1.179837689236224,1.1815374044165798,1.178994972997791,1.180694688178147,4727.0,0.0002438834455345464
2020-04-27 00:00:00+00:00,1.180694688178147,1.1812631225167887,1.178474399983975,1.1790428343226167,3045.0,0.00016717358910260736
2020-04-28 00:00:00+00:00,1.1790428343226167,1.1801078635153681,1.178608073013536,1.1796731022062874,4339.0,0.00022203912472433933
2020-04-29 00:00:00+00:00,1.1796731022062874,1.1805543993559964,1.1793050700183463,1.1801863671680553,2937.0,0.00017387928187126734
2020-04-30 00:00:00+00:00,1.1801863671680553,1.1815220190421047,1.1792788255529711,1.1806144774270206,2197.0,0.00022757942238530734
2020-05-01 00:00:00+00:00,1.1806144774270206,1.1808310265986586,1.1790193906344144,1.1792359398060523,4475.0,0.00016777351133195968
2020-05-02 00:00:00+00:00,1.1792359398060523,1.181295081672338,1.177816575415261,1.1798757172815466,4597.0,0.0001439815486164986
2020-05-03 00:00:00+00:00,1.1798757172815466,1.1819081348129115,1.1761707479374195,1.1782031654687843,4200.0,0.00013653673728009755
2020-05-04 00:00:00+00:00,1.1782031654687843,1.1806435059529499,1.1769940186129118,1.1794343590970773,4843.0,0.00021738123047261506
2020-05-05 00:00:00+00:00,1.1794343590970773,1.1806538168504344,1.1789695893380443,1.1801890470914014,4424.0,0.000104890248544079
2020-05-06 00:00:00+00:00,1.1801890470914014,1.183656397036568,1.1797117137413906,1.1831790636865573,1407.0,0.00010779808664752211
2020-05-07 00:00:00+00:00,1.1831790636865573,1.1836205254112362,1.182581406337159,1.1830228680618378,4221.0,0.00011250726859349608
2020-05-08 00:00:00+00:00,1.1830228680618378,1.184309521811779,1.1827948053069193,1.1840814590568605,2232.0,0.00021008860724479748
2020-05-09 00:00:00+00:00,1.1840814590568605,1.1851395213146998,1.1834530085663961,1.1845110708242355,4351.0,0.0002484870596757574
2020-05-10 00:00:00+00:00,1.1845110708242355,1.1848614005575062,1.1835594155254332,1.183909745258704,3100.0,0.00020325605285524074
2020-05-11 00:00:00+00:00,1.183909745258704,1.184615968200049,1.1830034137657557,1.1837096367071007,1500.0,0.00010142886205783533
2020-05-12 00:00:00+00:00,1.1837096367071007,1.184036862612638,1.1829152833893068,1.1832425092948442,2559.0,0.0001670487580572319
2020-05-13 00:00:00+00:00,1.1832425092948442,1.1854850669458157,1.1826201720162246,1.184862729667196,3977.0,0.0002206557748173883
2020-05-14 00:00:00+00:00,1.184862729667196,1.1867819733597857,1.1846756837731502,1.18659492746574,149.0,0.0001784250668408619
2020-05-15 00:00:00+00:00,1.18659492746574,1.190607089078018,1.18554746928606,1.189559630898338,847.0,0.00010314501873030668
2020-05-16 00:00:00+00:00,1.189559630898338,1.190469213936604,1.1872087338573238,1.1881183168955898,943.0,0.00010299789915757786
2020-05-17 00:00:00+00:00,1.1881183168955898,1.1897116393077753,1.1875391021649173,1.1891324245771029,155.0,0.0002275773334887217
2020-05-18 00:00:00+00:00,1.1891324245771029,1.1901083031630406,1.1857582239728992,1.186734102558837,1999.0,0.00019891784144134488
2020-05-19 00:00:00+00:00,1.186734102558837,1.187275669991294,1.1850132613075353,1.1855548287399924,1972.0,0.00010375552619908497
2020-05-20 00:00:00+00:00,1.1855548287399924,1.1866468384452311,1.1841140975822753,1.185206107287514,2782.0,0.00012850861457992677
2020-05-21 00:00:00+00:00,1.185206107287514,1.186614844242298,1.1846572318560986,1.1860659688108826,3157.0,0.00012893355716644188
2020-05-22 00:00:00+00:00,1.1860659688108826,1.186606281708382,1.185918716733591,1.1864590296310904,3856.0,0.0001722713678965505
2020-05-23 00:00:00+00:00,1.1864590296310904,1.1878640440315669,1.1857062489804457,1.1871112633809222,4215.0,0.0001607160914368618
2020-05-24 00:00:00+00:00,1.1871112633809222,1.1872053950439037,1.1863007794521225,1.186394911115104,1989.0,0.00010855306308398585
2020-05-25 00:00:00+00:00,1.186394911115104,1.1871507126828167,1.1843774691283688,1.1851332706960815,3720.0,0.00023262389973771036
2020-05-26 00:00:00+00:00,1.1851332706960815,1.1869253695397146,1.1847241476541963,1.1865162464978294,2966.0,0.00023683351846689213
2020-05-27 00:00:00+00:00,1.1865162464978294,1.1866031348026151,1.1841970765553649,1.1842839648601506,3117.0,0.00016754325268792097
2020-05-28 00:00:00+00:00,1.1842839648601506,1.1859296013820684,1.1838578969830988,1.1855035335050166,1460.0,0.00018384436943429165
2020-05-29 00:00:00+00:00,1.1855035335050166,1.186085454670059,1.1842359037482058,1.1848178249132482,3056.0,0.00023517340525164887
2020-05-30 00:00:00+00:00,1.1848178249132482,1.1854049361791261,1.184273544368989,1.1848606556348669,4619.0,0.00021394528142589444
2020-05-31 00:00:00+00:00,1.1848606556348669,1.1860982692896016,1.182483470902426,1.1837210845571606,3193.0,0.00024100767666521605
2020-06-01 00:00:00+00:00,1.1837210845571606,1.1838348059159478,1.1807994548081389,1.180913176166926,3827.0,0.00016728785052056496
2020-06-02 00:00:00+00:00,1.180913176166926,1.1827585954245459,1.1807884854743238,1.1826339047319436,4080.0,0.00013128225230634276
2020-06-03 00:00:00+00:00,1.1826339047319436,1.1829625961516421,1.1798683988846443,1.1801970903043428,3791.0,0.00020553784936368775
2020-06-04 00:00:00+00:00,1.1801970903043428,1.180948724644526,1.1788863499131381,1.1796379842533213,2851.0,0.00018566584346379708
2020-06-05 00:00:00+00:00,1.1796379842533213,1.1805133459194022,1.1794912515731677,1.1803666132392485,1721.0,0.0001434837482857211
2020-06-06 00:00:00+00:00,1.1803666132392485,1.1828391712173445,1.1792612200011647,1.1817337779792607,3532.0,0.00011861995674652773
2020-06-07 00:00:00+00:00,1.1817337779792607,1.182731179117457,1.1813318310159748,1.1823292321541712,4992.0,0.00010076538815604977
2020-06-08 00:00:00+00:00,1.1823292321541712,1.184767632845037,1.1820791427830626,1.1845175434739283,2704.0,0.00022815116981672896
2020-06-09 00:00:00+00:00,1.1845175434739283,1.1861285142739135,1.1843897801603207,1.1860007509603059,4235.0,0.00016341382491756303
2020-06-10 00:00:00+00:00,1.1860007509603059,1.1881772362260807,1.18551655787858,1.1876930431443549,4345.0,0.0001529684580978477
2020-06-11 00:00:00+00:00,1.1876930431443549,1.1882938560053544,1.1853488844231608,1.1859496972841603,4766.0,0.00016919637640853068
2020-06-12 00:00:00+00:00,1.1859496972841603,1.1887471109335883,1.184302785896507,1.187100199545935,2782.0,0.00017538493071669788
2020-06-13 00:00:00+00:00,1.187100199545935,1.1880872160709264,1.1847484797222196,1.185735496247211,4976.0,0.0001900404431526033
2020-06-14 00:00:00+00:00,1.185735496247211,1.1903130294995712,1.1836141709416252,1.1881917041939853,1977.0,0.00022152538159283584
2020-06-15 00:00:00+00:00,1.1881917041939853,1.1890818781917598,1.1862266875002017,1.1871168614979761,857.0,0.00015156043933912375
2020-06-16 00:00:00+00:00,1.1871168614979761,1.187312771301925,1.1869347017499414,1.1871306115538902,3924.0,0.0002407566109109303
2020-06-17 00:00:00+00:00,1.1871306115538902,1.190655996897966,1.187069080124305,1.1905944654683807,695.0,0.00010412470056636041
2020-06-18 00:00:00+00:00,1.1905944654683807,1.1915659073865792,1.1869918783797824,1.187963320297981,2590.0,0.00016348406807031743
2020-06-19 00:00:00+00:00,1.187963320297981,1.1882317605115846,1.1878029722902654,1.1880714125038692,2088.0,0.0002256876682548521
2020-06-20 00:00:00+00:00,1.1880714125038692,1.191304077452229,1.1865160515818034,1.1897487165301632,1247.0,0.00015483642924940804
2020-06-21 00:00:00+00:00,1.1897487165301632,1.190493280765152,1.1894812428724046,1.1902258071073935,843.0,0.00011643123922249404
2020-06-22 00:00:00+00:00,1.1902258071073935,1.1915967223429333,1.1867392474397118,1.1881101626752517,3752.0,0.00017100481005734438
2020-06-23 00:00:00+00:00,1.1881101626752517,1.1889009528923604,1.186903807897063,1.1876945981141718,647.0,0.00014292362003114021
2020-06-24 00:00:00+00:00,1.1876945981141718,1.1894662439090202,1.1846796745028076,1.186451320297656,2764.0,0.00011311017867771449
2020-06-25 00:00:00+00:00,1.186451320297656,1.1865337275242887,1.183838200388537,1.1839206076151696,1044.0,0.00017883650516523569
2020-06-26 00:00:00+00:00,1.1839206076151696,1.1850387039760462,1.1807900891607608,1.1819081855216373,3390.0,0.00017902854996955462
2020-06-27 00:00:00+00:00,1.1819081855216373,1.1819938120615838,1.1806225277367743,1.1807081542767208,4697.0,0.0001262451891478698
2020-06-28 00:00:00+00:00,1.1807081542767208,1.1830388788578423,1.1798945211638228,1.1822252457449443,1919.0,0.00013517508251873066
2020-06-29 00:00:00+00:00,1.1822252457449443,1.182347559657493,1.181982406720229,1.1821047206327777,1199.0,0.0001174203037086006
2020-06-30 00:00:00+00:00,1.1821047206327777,1.1830219475197694,1.1814918334458386,1.1824090603328303,2901.0,0.00016537624037613865
2020-07-01 00:00:00+00:00,1.1824090603328303,1.1831775637707669,1.182273998162657,1.1830425016005937,1100.0,0.0001510138065350818
2020-07-02 00:00:00+00:00,1.1830425016005937,1.1831458778026964,1.1822699703578736,1.1823733465599764,4577.0,0.00011220440615358651
2020-07-03 00:00:00+00:00,1.1823733465599764,1.1830474209804798,1.181094319508959,1.1817683939294623,3770.0,0.00020002082255785709
2020-07-04 00:00:00+00:00,1.1817683939294623,1.1867073394312995,1.1800217623421703,1.1849607078440074,1403.0,0.00021082821079091625
2020-07-05 00:00:00+00:00,1.1849607078440074,1.1855553443421063,1.182960268606821,1.18355490510492,3360.0,0.00012104093669538022
2020-07-06 00:00:00+00:00,1.18355490510492,1.1851329154438837,1.1802916800617622,1.181869690400726,2383.0,0.00010095039971312217
2020-07-07 00:00:00+00:00,1.181869690400726,1.182353574185008,1.1814956897816549,1.1819795735659369,1012.0,0.00021776492663053712
2020-07-08 00:00:00+00:00,1.1819795735659369,1.1831388995308898,1.1809968239955566,1.1821561499605096,131.0,0.00021158830552903216
2020-07-09 00:00:00+00:00,1.1821561499605096,1.18461622771276,1.1816940373105105,1.184154115062761,3559.0,0.00014679561707006276
2020-07-10 00:00:00+00:00,1.184154115062761,1.1860851481639458,1.1830224465039556,1.1849534796051404,1830.0,0.00012916282143312174
2020-07-11 00:00:00+00:00,1.1849534796051404,1.185313941816791,1.1844429305137478,1.1848033927253985,3626.0,0.00022019681261527932
2020-07-12 00:00:00+00:00,1.1848033927253985,1.186898334569937,1.183368853612182,1.1854637954567206,3744.0,0.00013797728774515036
2020-07-13 00:00:00+00:00,1.1854637954567206,1.185775015762634,1.1851321374641386,1.185443357770052,3811.0,0.00016187990722639793
2020-07-14 00:00:00+00:00,1.185443357770052,1.186032196456605,1.181883530189606,1.182472368876159,4630.0,0.00022221475343270312
2020-07-15 00:00:00+00:00,1.182472368876159,1.1839013399283815,1.179376942442296,1.1808059134945186,1970.0,0.00015103299381945352
2020-07-16 00:00:00+00:00,1.1808059134945186,1.181475693299049,1.1807259795417004,1.1813957593462308,2224.0,0.00019004167546773804
2020-07-17 00:00:00+00:00,1.1813957593462308,1.181604576415285,1.179869694700863,1.180078511769917,3736.0,0.0001415165640262997
2020-07-18 00:00:00+00:00,1.180078511769917,1.1801062327242255,1.1793816209274868,1.1794093418817952,464.0,0.00013852341248185517
2020-07-19 00:00:00+00:00,1.1794093418817952,1.1818390333629223,1.1791079741420003,1.1815376656231273,2581.0,0.00011032826792762563
2020-07-20 00:00:00+00:00,1.1815376656231273,1.1819814827738429,1.1793637600737468,1.1798075772244623,2397.0,0.00020952822814482533
2020-07-21 00:00:00+00:00,1.1798075772244623,1.1799272548042834,1.178008300643327,1.1781279782231482,3250.0,0.0001315966556245527
2020-07-22 00:00:00+00:00,1.1781279782231482,1.1786342818065323,1.1772695445088712,1.1777758480922553,3984.0,0.00013798646628696964
2020-07-23 00:00:00+00:00,1.1777758480922553,1.180932596491564,1.1775090633936067,1.1806658117929154,1048.0,0.00022745164756878672
2020-07-24 00:00:00+00:00,1.1806658117929154,1.1807844295708818,1.1803277393731693,1.1804463571511357,3993.0,0.00021126512235281175
2020-07-25 00:00:00+00:00,1.1804463571511357,1.181962820867986,1.1794366568614645,1.1809531205783148,3725.0,0.00017849144547018545
2020-07-26 00:00:00+00:00,1.1809531205783148,1.1827995152544692,1.1806009624682503,1.1824473571444047,4354.0,0.00015596339836109027
2020-07-27 00:00:00+00:00,1.1824473571444047,1.1833306250150397,1.181808307608466,1.182691575479101,2959.0,0.00018577613617634992
2020-07-28 00:00:00+00:00,1.182691575479101,1.1834286523704436,1.1816331565495557,1.1823702334408983,2840.0,0.0002040238253258618
2020-07-29 00:00:00+00:00,1.1823702334408983,1.1839186793908791,1.1814870031991267,1.1830354491491075,2659.0,0.00024374340340939014
2020-07-30 00:00:00+00:00,1.1830354491491075,1.1854530696603283,1.1817562803448338,1.1841739008560546,3185.0,0.00022366034884584873
2020-07-31 00:00:00+00:00,1.1841739008560546,1.1850288308022807,1.1827780860531965,1.1836330159994226,3059.0,0.00020873559130868202
2020-08-01 00:00:00+00:00,1.1836330159994226,1.1848627771670708,1.1798362917882277,1.1810660529558759,1611.0,0.00023602427291591251
2020-08-02 00:00:00+00:00,1.1810660529558759,1.1818938641869836,1.1800726081738084,1.1809004194049162,2001.0,0.0002227919389589617
2020-08-03 00:00:00+00:00,1.1809004194049162,1.183038660161006,1.179767782462902,1.1819060232189917,4274.0,0.0001344621391797584
2020-08-04 00:00:00+00:00,1.1819060232189917,1.1840770530689784,1.1816329286396867,1.1838039584896733,3588.0,0.0002124171907062026
2020-08-05 00:00:00+00:00,1.1838039584896733,1.184499584832502,1.183778224440732,1.1844738507835606,3288.0,0.0002182725203990765
2020-08-06 00:00:00+00:00,1.1844738507835606,1.1876607283334104,1.1840346745112826,1.1872215520611324,3761.0,0.00015555069825474278
2020-08-07 00:00:00+00:00,1.1872215520611324,1.187754527336661,1.1855838767291886,1.1861168520047172,1969.0,0.00020132096829857923
2020-08-08 00:00:00+00:00,1.1861168520047172,1.1876298748900098,1.1858079248246136,1.1873209477099063,496.0,0.00012214115103939533
2020-08-09 00:00:00+00:00,1.1873209477099063,1.1910223495485033,1.187053363408843,1.19075476524744,4918.0,0.00017045684860165022
2020-08-10 00:00:00+00:00,1.19075476524744,1.1911210434026975,1.1903788311801522,1.1907451093354098,3753.0,0.00015390488472672443
2020-08-11 00:00:00+00:00,1.1907451093354098,1.1928312852471632,1.1886995811336014,1.1907857570453548,3873.0,0.00014588024084650694
2020-08-12 00:00:00+00:00,1.1907857570453548,1.1953322433219749,1.190306108338865,1.194852594615485,4088.0,0.00018143209922677955
2020-08-13 00:00:00+00:00,1.194852594615485,1.1979151343642926,1.1939669437223583,1.197029483471166,4278.0,0.00023764767445821702
2020-08-14 00:00:00+00:00,1.197029483471166,1.1993243394626545,1.1964624735116958,1.1987573295031844,3558.0,0.0001251389968941151
2020-08-15 00:00:00+00:00,1.1987573295031844,1.2009219953461583,1.1983782900400632,1.2005429558830372,2013.0,0.00021721565393848758
2020-08-16 00:00:00+00:00,1.2005429558830372,1.200796054799273,1.2000968699324648,1.2003499688487007,4148.0,0.0001327934481736553
2020-08-17 00:00:00+00:00,1.2003499688487007,1.2012718238802893,1.1988793441490333,1.199801199180622,2565.0,0.00011486425444873505
2020-08-18 00:00:00+00:00,1.199801199180622,1.2018315033075584,1.1986076280750992,1.2006379322020357,1278.0,0.00021147458988994794
2020-08-19 00:00:00+00:00,1.2006379322020357,1.2044039357658516,1.1998876470154325,1.2036536505792483,1263.0,0.00022400788839651786
2020-08-20 00:00:00+00:00,1.2036536505792483,1.2062022367425573,1.2036061435933,1.206154729756609,923.0,0.00018615360756510358
2020-08-21 00:00:00+00:00,1.206154729756609,1.2072209143907633,1.2060141810798488,1.207080365714003,2480.0,0.00012664189928545682
2020-08-22 00:00:00+00:00,1.207080365714003,1.2082793379691095,1.205521265833306,1.2067202380884126,3769.0,0.00010852440265486985
2020-08-23 00:00:00+00:00,1.2067202380884126,1.207500645763579,1.2046253590044003,1.2054057666795668,1343.0,0.00016728309578431958
2020-08-24 00:00:00+00:00,1.2054057666795668,1.2054542796912016,1.2047570230115725,1.2048055360232073,1754.0,0.00017620229380631134
2020-08-25 00:00:00+00:00,1.2048055360232073,1.2048429686030497,1.2039618285989475,1.20399926117879,2531.0,0.00019559926705771256
2020-08-26 00:00:00+00:00,1.20399926117879,1.2051755111220006,1.2013290596377002,1.2025053095809108,2099.0,0.0001301122002251225
2020-08-27 00:00:00+00:00,1.2025053095809108,1.2032567234032807,1.2001007532288972,1.200852167051267,669.0,0.00017423582244806247
2020-08-28 00:00:00+00:00,1.200852167051267,1.2017053879829775,1.2006515753609628,1.2015047962926733,3258.0,0.00012036979199057945
2020-08-29 00:00:00+00:00,1.2015047962926733,1.2023083551779046,1.2005402477876526,1.2013438066728839,1791.0,0.0002463576250434183
2020-08-30 00:00:00+00:00,1.2013438066728839,1.2019475497646195,1.1999212894679325,1.2005250325596681,2921.0,0.00011347607491624421
2020-08-31 00:00:00+00:00,1.2005250325596681,1.2009366444200296,1.1982321800145683,1.1986437918749298,918.0,0.00014638159600497322
2020-09-01 00:00:00+00:00,1.1986437918749298,1.199954459114894,1.1978852240529614,1.1991958912929257,4968.0,0.00023646859472008079
2020-09-02 00:00:00+00:00,1.1991958912929257,1.2014033693176682,1.1989785993405326,1.2011860773652752,2035.0,0.00023187845412255014
2020-09-03 00:00:00+00:00,1.2011860773652752,1.2014597565654466,1.2001991044742233,1.2004727836743947,4532.0,0.00012824205408731908
2020-09-04 00:00:00+00:00,1.2004727836743947,1.2010502265777745,1.1992389988472378,1.1998164417506176,4938.0,0.00021460756317773184
2020-09-05 00:00:00+00:00,1.1998164417506176,1.200233500596932,1.1989580981268684,1.1993751569731828,2774.0,0.00014425709262442127
2020-09-06 00:00:00+00:00,1.1993751569731828,1.200030254601427,1.1986738112228048,1.199328908851049,2001.0,0.0002209794200508971
2020-09-07 00:00:00+00:00,1.199328908851049,1.2003215862388241,1.198979436398165,1.19997211378594,2263.0,0.00024378805619673668
2020-09-08 00:00:00+00:00,1.19997211378594,1.200967502047293,1.1983648840966674,1.1993602723580203,1527.0,0.00019985206341771686
2020-09-09 00:00:00+00:00,1.1993602723580203,1.2013096304451805,1.1992384127862583,1.2011877708734184,1775.0,0.00013056040633280052
2020-09-10 00:00:00+00:00,1.2011877708734184,1.2017229492118526,1.1995312520622976,1.2000664304007318,2102.0,0.0002280616254866919
2020-09-11 00:00:00+00:00,1.2000664304007318,1.201358793549849,1.1993542785541478,1.200646641703265,4959.0,0.0001997828098327472
2020-09-12 00:00:00+00:00,1.200646641703265,1.201329631345408,1.1978622039086277,1.1985451935507707,671.0,0.00020668726333440113
2020-09-13 00:00:00+00:00,1.1985451935507707,1.199690071803642,1.197792803396049,1.1989376816489203,3195.0,0.00019949030344978763
2020-09-14 00:00:00+00:00,1.1989376816489203,1.2004612828348271,1.1965970646843331,1.19812066587024,1402.0,0.0001888487010778678
2020-09-15 00:00:00+00:00,1.19812066587024,1.1992261811034062,1.1979931083266313,1.1990986235597976,723.0,0.00021933951755827917
2020-09-16 00:00:00+00:00,1.1990986235597976,1.201491862579681,1.1985157941290805,1.200909033148964,2266.0,0.0002474600069003831
2020-09-17 00:00:00+00:00,1.200909033148964,1.2047834069721581,1.200066515926747,1.203940889749941,2235.0,0.0002425926055976936
2020-09-18 00:00:00+00:00,1.203940889749941,1.2044904809758936,1.2034265209769601,1.2039761122029127,2523.0,0.00022895271877241026
2020-09-19 00:00:00+00:00,1.2039761122029127,1.204938080712809,1.2039052267036154,1.2048671952135117,2058.0,0.00015984355162089228
2020-09-20 00:00:00+00:00,1.2048671952135117,1.2052561304557163,1.204864928336938,1.2052538635791425,379.0,0.0001865652550011834
2020-09-21 00:00:00+00:00,1.2052538635791425,1.207544743304659,1.2052501817572265,1.207541061482743,4433.0,0.0002279141568730653
2020-09-22 00:00:00+00:00,1.207541061482743,1.2094087436872043,1.2038665292433763,1.2057342114478375,1198.0,0.0001919558073978951
2020-09-23 00:00:00+00:00,1.2057342114478375,1.2074044583414556,1.204777061309247,1.206447308202865,1360.0,0.00016138311098504716
2020-09-24 00:00:00+00:00,1.206447308202865,1.206724167554521,1.204471851716405,1.204748711068061,3697.0,0.00013697843311466238
2020-09-25 00:00:00+00:00,1.204748711068061,1.2059828098482566,1.203403163989515,1.2046372627697106,678.0,0.00018850073103362806
2020-09-26 00:00:00+00:00,1.2046372627697106,1.2051575522302789,1.2046304996735422,1.2051507891341104,2983.0,0.00013672645222571946
2020-09-27 00:00:00+00:00,1.2051507891341104,1.2062382977987576,1.2045968554694944,1.2056843641341415,3487.0,0.00019405570799138012
2020-09-28 00:00:00+00:00,1.2056843641341415,1.206626407746593,1.2043611082754462,1.2053031518878976,4700.0,0.0001344340778715197
2020-09-29 00:00:00+00:00,1.2053031518878976,1.206173914069202,1.2045623310664764,1.2054330932477808,1494.0,0.00011367209941099279
2020-09-30 00:00:00+00:00,1.2054330932477808,1.2073761958268916,1.2048312409343687,1.2067743435134795,2247.0,0.00024753596524264136
2020-10-01 00:00:00+00:00,1.2067743435134795,1.2103998090070625,1.2054189605667713,1.2090444260603543,3384.0,0.00023838628820062926
2020-10-02 00:00:00+00:00,1.2090444260603543,1.2102984956615286,1.2088483845612055,1.2101024541623797,1812.0,0.00013493655276487377
2020-10-03 00:00:00+00:00,1.2101024541623797,1.212818293005739,1.2082739956752235,1.2109898345185828,4514.0,0.00013491417030622128
2020-10-04 00:00:00+00:00,1.2109898345185828,1.2135953168696665,1.2108909649965078,1.2134964473475915,181.0,0.00011111260550255744
2020-10-05 00:00:00+00:00,1.2134964473475915,1.2165276333498356,1.2126880635226902,1.2157192495249343,2052.0,0.00013100059058903746
2020-10-06 00:00:00+00:00,1.2157192495249343,1.217332678901611,1.2146601523920213,1.216273581768698,4602.0,0.00022173380599661754
2020-10-07 00:00:00+00:00,1.216273581768698,1.2174592080465725,1.2160744711190172,1.2172600973968917,4612.0,0.00010104008690330475
2020-10-08 00:00:00+00:00,1.2172600973968917,1.2175254652248015,1.2142489032482497,1.2145142710761596,2426.0,0.00015884670171457846
2020-10-09 00:00:00+00:00,1.2145142710761596,1.2149932313827696,1.2110711646646428,1.2115501249712528,748.0,0.00016147597543627836
2020-10-10 00:00:00+00:00,1.2115501249712528,1.212773485062686,1.2106608226165323,1.2118841827079654,2870.0,0.00017699361043553257
2020-10-11 00:00:00+00:00,1.2118841827079654,1.2122462054283094,1.2112568770330572,1.2116188997534012,3917.0,0.0002069076192130849
2020-10-12 00:00:00+00:00,1.2116188997534012,1.2138022776865403,1.2115815794825733,1.2137649574157123,1427.0,0.00022411878466346404
2020-10-13 00:00:00+00:00,1.2137649574157123,1.2151390332981802,1.2129851904866504,1.2143592663691183,3389.0,0.0002470364382029607
2020-10-14 00:00:00+00:00,1.2143592663691183,1.216785839706455,1.2139075791959437,1.2163341525332805,4244.0,0.00017141349773697529
2020-10-15 00:00:00+00:00,1.2163341525332805,1.217581896431119,1.215750694835518,1.2169984387333563,1917.0,0.00010983080795150913
2020-10-16 00:00:00+00:00,1.2169984387333563,1.2177129212985842,1.215684242092319,1.216398724657547,593.0,0.0002407240957747475
2020-10-17 00:00:00+00:00,1.216398724657547,1.2174835339832424,1.216244057220511,1.2173288665462065,2997.0,0.00021733696532042735
2020-10-18 00:00:00+00:00,1.2173288665462065,1.2187320965223574,1.217176297289494,1.2185795272656448,4684.0,0.00021662944927290512
2020-10-19 00:00:00+00:00,1.2185795272656448,1.2190913105788987,1.217819782971687,1.218331566284941,3344.0,0.0001512291802265888
2020-10-20 00:00:00+00:00,1.218331566284941,1.2208844922060413,1.2178342738232049,1.2203871997443052,1158.0,0.0001764332120392163
2020-10-21 00:00:00+00:00,1.2203871997443052,1.222401796795483,1.2200412151124347,1.2220558121636125,768.0,0.00016872017508317457
2020-10-22 00:00:00+00:00,1.2220558121636125,1.2227971778199747,1.221819164389461,1.222560530045823,1164.0,0.0001284855085606957
2020-10-23 00:00:00+00:00,1.222560530045823,1.2232552155641925,1.2224928384091447,1.223187523927514,3380.0,0.00021586597348015319
2020-10-24 00:00:00+00:00,1.223187523927514,1.2244600508079542,1.2230814032595796,1.2243539301400197,1462.0,0.00019376797712166498
2020-10-25 00:00:00+00:00,1.2243539301400197,1.2252051074705395,1.222678132303247,1.2235293096337667,1655.0,0.00015666687306852199
2020-10-26 00:00:00+00:00,1.2235293096337667,1.2248578283304588,1.2229978925704488,1.2243264112671408,2653.0,0.0001391089570444239
2020-10-27 00:00:00+00:00,1.2243264112671408,1.2268226808047382,1.223928885953411,1.2264251554910084,4899.0,0.00023631666602393398
2020-10-28 00:00:00+00:00,1.2264251554910084,1.2281584508691978,1.2257956386708442,1.2275289340490336,3169.0,0.00012791351990554985
2020-10-29 00:00:00+00:00,1.2275289340490336,1.2279101689485952,1.225043994080047,1.2254252289796086,1484.0,0.00015515891005406614
2020-10-30 00:00:00+00:00,1.2254252289796086,1.2255979556578096,1.224753791902726,1.224926518580927,3176.0,0.00010773648545804265
2020-10-31 00:00:00+00:00,1.224926518580927,1.22765305012555,1.2241696114394631,1.2268961429840861,2566.0,0.00020595685303237667
2020-11-01 00:00:00+00:00,1.2268961429840861,1.2286074995337484,1.2240239077205888,1.225735264270251,2020.0,0.00011917668022330102
2020-11-02 00:00:00+00:00,1.225735264270251,1.22847118740123,1.2241490632815555,1.2268849864125344,4331.0,0.00012953411414749684
2020-11-03 00:00:00+00:00,1.2268849864125344,1.2272010461030112,1.2254235514808898,1.2257396111713665,691.0,0.00013702047699807853
2020-11-04 00:00:00+00:00,1.2257396111713665,1.2266102354037853,1.2245704347329829,1.2254410589654017,3373.0,0.00017308308824430995
2020-11-05 00:00:00+00:00,1.2254410589654017,1.22632552970682,1.224852924882902,1.2257373956243205,1555.0,0.00010061133894285936
2020-11-06 00:00:00+00:00,1.2257373956243205,1.227339814888524,1.2248164813926308,1.2264189006568342,3611.0,0.0001321322060104797
2020-11-07 00:00:00+00:00,1.2264189006568342,1.2277320302793309,1.2257556135922678,1.2270687432147644,4955.0,0.00021826669960655566
2020-11-08 00:00:00+00:00,1.2270687432147644,1.2287022076599485,1.2240175851157842,1.2256510495609683,4730.0,0.0001793826736543573
2020-11-09 00:00:00+00:00,1.2256510495609683,1.2308026056595653,1.225218064970611,1.230369621069208,1366.0,0.00017553258570277374
2020-11-10 00:00:00+00:00,1.230369621069208,1.2306107850244028,1.2302957663555796,1.2305369303107743,813.0,0.00017700058045696325
2020-11-11 00:00:00+00:00,1.2305369303107743,1.2310008224306048,1.2300442478957592,1.2305081400155897,4229.0,0.00011868997945322487
2020-11-12 00:00:00+00:00,1.2305081400155897,1.2310264350098885,1.2298657202851249,1.2303840152794236,4495.0,0.00017221593740062864
2020-11-13 00:00:00+00:00,1.2303840152794236,1.2306887801668616,1.2300318680769593,1.2303366329643972,2600.0,0.0001422799598942037
2020-11-14 00:00:00+00:00,1.2303366329643972,1.2315866998112637,1.2302630168595579,1.2315130837064243,3961.0,0.00017015580380919706
2020-11-15 00:00:00+00:00,1.2315130837064243,1.234222803968834,1.2310322232115207,1.2337419434739305,3026.0,0.00014793846619696443
2020-11-16 00:00:00+00:00,1.2337419434739305,1.234782216667453,1.2336786389279515,1.2347189121214739,4625.0,0.0002243867806578246
2020-11-17 00:00:00+00:00,1.2347189121214739,1.2358951805094094,1.2327145281140928,1.2338907965020283,1266.0,0.00013620463195364698
2020-11-18 00:00:00+00:00,1.2338907965020283,1.2361341646959991,1.233399029636122,1.2356423978300928,1861.0,0.00013569638644180638
2020-11-19 00:00:00+00:00,1.2356423978300928,1.23762729226663,1.2316661628263599,1.2336510572628971,331.0,0.0002400524088173782
2020-11-20 00:00:00+00:00,1.2336510572628971,1.2358374040543394,1.2330062160846975,1.2351925628761398,4470.0,0.00017931639441895163
2020-11-21 00:00:00+00:00,1.2351925628761398,1.2369110065905915,1.2350941223311604,1.2368125660456122,984.0,0.0002399697223093364
2020-11-22 00:00:00+00:00,1.2368125660456122,1.2369799608759584,1.2361207354870511,1.2362881303173974,1036.0,0.00017776742497863107
2020-11-23 00:00:00+00:00,1.2362881303173974,1.237859216097083,1.2353633202583982,1.2369344060380838,4442.0,0.00021387328019595718
2020-11-24 00:00:00+00:00,1.2369344060380838,1.2369457215218282,1.2364646832883233,1.2364759987720677,800.0,0.0002063224334936246
2020-11-25 00:00:00+00:00,1.2364759987720677,1.2366500711466062,1.2357315008702494,1.235905573244788,2627.0,0.0002152494786430114
2020-11-26 00:00:00+00:00,1.235905573244788,1.2364360978155373,1.2353897151760669,1.2359202397468163,4270.0,0.00016443158104325148
2020-11-27 00:00:00+00:00,1.2359202397468163,1.2361671219765231,1.2339563172729286,1.2342031995026355,3388.0,0.00014741233254781538
2020-11-28 00:00:00+00:00,1.2342031995026355,1.2357358095033661,1.2339053753542883,1.235437985355019,4846.0,0.0001310760459275852
2020-11-29 00:00:00+00:00,1.235437985355019,1.235530186075984,1.235200268942757,1.235292469663722,4424.0,0.00015529129072070508
2020-11-30 00:00:00+00:00,1.235292469663722,1.2362919276078188,1.2333026447777362,1.234302102721833,2943.0,0.00016966228765967383
2020-12-01 00:00:00+00:00,1.234302102721833,1.237811917810306,1.2321993514161869,1.2357091665046598,1190.0,0.00021621127102771506
2020-12-02 00:00:00+00:00,1.2357091665046598,1.238504900643088,1.2350584128942188,1.237854147032647,2014.0,0.00013403992945912633
2020-12-03 00:00:00+00:00,1.237854147032647,1.2387797272437329,1.2373915003829785,1.2383170805940644,2001.0,0.00021299725074944097
2020-12-04 00:00:00+00:00,1.2383170805940644,1.238766563607925,1.2370902402809252,1.2375397232947858,1724.0,0.00022121851839444125
2020-12-05 00:00:00+00:00,1.2375397232947858,1.2399645037817957,1.2357578263404039,1.2381826068274138,1708.0,0.0001731610835549412
2020-12-06 00:00:00+00:00,1.2381826068274138,1.2387947032960294,1.2375961795250425,1.2382082759936581,2182.0,0.0001403371851801455
2020-12-07 00:00:00+00:00,1.2382082759936581,1.2393406802418485,1.2377011650398067,1.238833569287997,2636.0,0.00014632606179289644
2020-12-08 00:00:00+00:00,1.238833569287997,1.2434836213618612,1.2377755885827384,1.2424256406566025,4436.0,0.0001239749261661141
2020-12-09 00:00:00+00:00,1.2424256406566025,1.2425326460913089,1.2418418990580287,1.241948904492735,2181.0,0.00015989541968067204
2020-12-10 00:00:00+00:00,1.241948904492735,1.243409821834759,1.2409799850736547,1.2424409024156786,1098.0,0.000213020478494934
2020-12-11 00:00:00+00:00,1.2424409024156786,1.242797546837873,1.2416611772418233,1.2420178216640176,3540.0,0.00021859613587346997
2020-12-12 00:00:00+00:00,1.2420178216640176,1.2429994500792867,1.2406054404593447,1.2415870688746138,4267.0,0.00017802866082701038
2020-12-13 00:00:00+00:00,1.2415870688746138,1.2426003584064473,1.2401470754824404,1.241160365014274,3244.0,0.0001447068787934936
2020-12-14 00:00:00+00:00,1.241160365014274,1.2419991490138713,1.2401137368527522,1.2409525208523495,732.0,0.00014899745776343704
2020-12-15 00:00:00+00:00,1.2409525208523495,1.2417001862359744,1.2385997576994565,1.2393474230830814,4195.0,0.0001336433163042194
2020-12-16 00:00:00+00:00,1.2393474230830814,1.2397655000980665,1.2380262043495398,1.238444281364525,2325.0,0.00013160330098522177
2020-12-17 00:00:00+00:00,1.238444281364525,1.2393335425616743,1.2376579001711867,1.238547161368336,2173.0,0.00015957072914641552
2020-12-18 00:00:00+00:00,1.238547161368336,1.2399783961179647,1.2381424798688703,1.2395737146184989,4543.0,0.00019442846853214103
2020-12-19 00:00:00+00:00,1.2395737146184989,1.2399241676835544,1.2374955948974573,1.2378460479625129,2452.0,0.00024948887194631796
2020-12-20 00:00:00+00:00,1.2378460479625129,1.2398217878385456,1.2369561325611016,1.2389318724371343,3359.0,0.00012544538103444818
2020-12-21 00:00:00+00:00,1.2389318724371343,1.2419222574008721,1.2386923840944641,1.241682769058202,1980.0,0.00023237036153334547
2020-12-22 00:00:00+00:00,1.241682769058202,1.2421992571646165,1.2405762432840461,1.2410927313904607,3924.0,0.0001384566622428057
2020-12-23 00:00:00+00:00,1.2410927313904607,1.2420629257836209,1.2395771871239507,1.2405473815171109,3768.0,0.00020450278848342036
2020-12-24 00:00:00+00:00,1.2405473815171109,1.2410865189874651,1.2379072809101703,1.2384464183805246,4374.0,0.00020769811051172713
2020-12-25 00:00:00+00:00,1.2384464183805246,1.2395486837419853,1.237932566938431,1.2390348322998916,3920.0,0.00013706297904276615
2020-12-26 00:00:00+00:00,1.2390348322998916,1.2400787596570435,1.2388500198551384,1.2398939472122903,1334.0,0.00019159125784393508
2020-12-27 00:00:00+00:00,1.2398939472122903,1.2417550458878321,1.2389833687807725,1.2408444674563144,2665.0,0.0001514066355733718
2020-12-28 00:00:00+00:00,1.2408444674563144,1.2431685157196044,1.2396981303073178,1.2420221785706078,246.0,0.00016691512451002093
2020-12-29 00:00:00+00:00,1.2420221785706078,1.2421014474225298,1.2401393530403237,1.2402186218922457,1990.0,0.00013855653527341036
2020-12-30 00:00:00+00:00,1.2402186218922457,1.240940927018288,1.2373434041687343,1.2380657092947767,1380.0,0.00014793044405051
2020-12-31 00:00:00+00:00,1.2380657092947767,1.2401407064388588,1.2370982745410624,1.2391732716851445,4810.0,0.00019161961257840103
2021-01-01 00:00:00+00:00,1.2391732716851445,1.2402269718949388,1.237518578346066,1.2385722785558604,2757.0,0.00019162126544487805
2021-01-02 00:00:00+00:00,1.2385722785558604,1.239937792851398,1.2381861767966151,1.2395516910921527,696.0,0.00011238239565043723
2021-01-03 00:00:00+00:00,1.2395516910921527,1.2395867965795426,1.2388990874652097,1.2389341929525997,1969.0,0.00021741915780631524
2021-01-04 00:00:00+00:00,1.2389341929525997,1.2398461403810852,1.2380117508994928,1.2389236983279783,3543.0,0.00011054846676789746
2021-01-05 00:00:00+00:00,1.2389236983279783,1.2398585230627563,1.236832088520073,1.237766913254851,4619.0,0.0002102706433644714
2021-01-06 00:00:00+00:00,1.237766913254851,1.2388911079084834,1.23727572323212,1.2383999178857525,1215.0,0.00016655729651210378
2021-01-07 00:00:00+00:00,1.2383999178857525,1.2391559489608701,1.236394180469757,1.2371502115448745,1396.0,0.00015210219868720288
2021-01-08 00:00:00+00:00,1.2371502115448745,1.2379423783166759,1.236190333725442,1.2369825004972435,1583.0,0.00020599408296686868
2021-01-09 00:00:00+00:00,1.2369825004972435,1.2378014504876458,1.235880034994658,1.2366989849850603,2819.0,0.00016803526837153748
2021-01-10 00:00:00+00:00,1.2366989849850603,1.2369497933182279,1.2363653082865964,1.236616116619764,2612.0,0.00023472125694017835
2021-01-11 00:00:00+00:00,1.236616116619764,1.2376440085597629,1.2334727092568463,1.2345006011968451,4174.0,0.0001848319676323321
2021-01-12 00:00:00+00:00,1.2345006011968451,1.2364777419860509,1.2340980213958612,1.236075162185067,4808.0,0.00017980323832638657
2021-01-13 00:00:00+00:00,1.236075162185067,1.2366725273955221,1.235305899910445,1.2359032651209,1899.0,0.00013937133442843585
2021-01-14 00:00:00+00:00,1.2359032651209,1.2370240234606578,1.235756688519344,1.2368774468591017,1159.0,0.0001634056003374668
2021-01-15 00:00:00+00:00,1.2368774468591017,1.2379046814549606,1.2359962371432678,1.2370234717391266,4618.0,0.00014479547972187502
2021-01-16 00:00:00+00:00,1.2370234717391266,1.237119196165662,1.2350623737193342,1.2351580981458696,1387.0,0.00019298488242066493
2021-01-17 00:00:00+00:00,1.2351580981458696,1.2353820841898708,1.234414230545536,1.234638216589537,618.0,0.0002187861578823276
2021-01-18 00:00:00+00:00,1.234638216589537,1.23541756155065,1.2344370741564148,1.2352164191175277,3713.0,0.00015624923481197787
2021-01-19 00:00:00+00:00,1.2352164191175277,1.2355917991181675,1.233365281184916,1.233740661185556,3511.0,0.00018924533485350825
2021-01-20 00:00:00+00:00,1.233740661185556,1.2346326590811132,1.2333291410162253,1.2342211389117825,994.0,0.00017344489386756745
2021-01-21 00:00:00+00:00,1.2342211389117825,1.2357214191582382,1.2341189841715536,1.2356192644180093,1796.0,0.00012071339162759919
2021-01-22 00:00:00+00:00,1.2356192644180093,1.235736535070975,1.2346732996651117,1.2347905703180775,3525.0,0.00014057074333442512
2021-01-23 00:00:00+00:00,1.2347905703180775,1.2358321208618008,1.233046976540674,1.2340885270843973,2145.0,0.00020609642285396632
2021-01-24 00:00:00+00:00,1.2340885270843973,1.2352286113693736,1.2333777630491454,1.2345178473341216,4338.0,0.00020387771421461737
2021-01-25 00:00:00+00:00,1.2345178473341216,1.2353152848490587,1.2325423923317995,1.2333398298467366,761.0,0.00017157405428477057
2021-01-26 00:00:00+00:00,1.2333398298467366,1.2351960409869533,1.2324909838253948,1.2343471949656115,4145.0,0.00015925242427348806
2021-01-27 00:00:00+00:00,1.2343471949656115,1.234373058131677,1.2334658764002682,1.2334917395663336,3377.0,0.00021804680723264358
2021-01-28 00:00:00+00:00,1.2334917395663336,1.2344166551899283,1.2313323886466316,1.2322573042702263,2770.0,0.00013306481982573165
2021-01-29 00:00:00+00:00,1.2322573042702263,1.233602322959664,1.231678850517387,1.2330238692068247,3420.0,0.00011001453186371363
2021-01-30 00:00:00+00:00,1.2330238692068247,1.2335345238507973,1.2316090784408464,1.232119733084819,2912.0,0.00014642410208751244
2021-01-31 00:00:00+00:00,1.232119733084819,1.2322481258787177,1.2315193583398925,1.231647751133791,4798.0,0.00013165780443449268
2021-02-01 00:00:00+00:00,1.231647751133791,1.2325303669153653,1.2298510391501054,1.2307336549316796,2776.0,0.00012828709182632678
2021-02-02 00:00:00+00:00,1.2307336549316796,1.2335269379409823,1.2294063771590564,1.2321996601683591,2261.0,0.00023327415394509157
2021-02-03 00:00:00+00:00,1.2321996601683591,1.232519016419128,1.2319405214946548,1.2322598777454237,677.0,0.00015145312217723636
2021-02-04 00:00:00+00:00,1.2322598777454237,1.2340899340012759,1.2316934318443211,1.2335234881001733,584.0,0.0001791064451935357
2021-02-05 00:00:00+00:00,1.2335234881001733,1.235833537279708,1.2326747631716781,1.2349848123512128,4747.0,0.00024692370384021286
2021-02-06 00:00:00+00:00,1.2349848123512128,1.2360993582187247,1.2326657873428102,1.233780333210322,1705.0,0.0001892594731977797
2021-02-07 00:00:00+00:00,1.233780333210322,1.2345582215376152,1.2323202204758674,1.2330981088031605,4864.0,0.00011742753527255793
2021-02-08 00:00:00+00:00,1.2330981088031605,1.23367236272636,1.2320017229576452,1.2325759768808446,4824.0,0.00021855784742923716
2021-02-09 00:00:00+00:00,1.2325759768808446,1.2344212181943497,1.232466312047389,1.2343115533608942,2612.0,0.00016391888199626
2021-02-10 00:00:00+00:00,1.2343115533608942,1.2358371116852038,1.2313299911988111,1.2328555495231208,1303.0,0.00014751459220364028
2021-02-11 00:00:00+00:00,1.2328555495231208,1.2336765185837844,1.232243468070581,1.2330644371312445,2498.0,0.00018779814556929743
2021-02-12 00:00:00+00:00,1.2330644371312445,1.2331614661909165,1.2311963075005243,1.2312933365601963,391.0,0.0002025398537170852
2021-02-13 00:00:00+00:00,1.2312933365601963,1.2316579161390921,1.2308376323802173,1.231202211959113,4258.0,0.00012175009618446021
2021-02-14 00:00:00+00:00,1.231202211959113,1.2312862843930377,1.230345660469887,1.2304297329038116,1458.0,0.00013327084202999326
2021-02-15 00:00:00+00:00,1.2304297329038116,1.230980189437162,1.2303895858286211,1.2309400423619714,4949.0,0.00020347134412106993
2021-02-16 00:00:00+00:00,1.2309400423619714,1.2311907771447428,1.229921666432265,1.2301724012150363,3681.0,0.00019351945510434726
2021-02-17 00:00:00+00:00,1.2301724012150363,1.2313931577566264,1.2294941649178082,1.2307149214593982,2897.0,0.00019678448207538477
2021-02-18 00:00:00+00:00,1.2307149214593982,1.2307909782103428,1.2298315799037483,1.2299076366546928,1314.0,0.00015771742450133703
2021-02-19 00:00:00+00:00,1.2299076366546928,1.2311243765520519,1.2272436378065328,1.2284603777038918,4625.0,0.00016380087931431087
2021-02-20 00:00:00+00:00,1.2284603777038918,1.2297122305429844,1.2276106663334054,1.228862519172498,4318.0,0.00018051741450537349
2021-02-21 00:00:00+00:00,1.228862519172498,1.2291682621729916,1.228115577582384,1.2284213205828776,1001.0,0.00014401013689911086
2021-02-22 00:00:00+00:00,1.2284213205828776,1.2298400043988411,1.2276033114158649,1.2290219952318284,3203.0,0.00016841269946838035
2021-02-23 00:00:00+00:00,1.2290219952318284,1.2305927609988094,1.2288130556137609,1.2303838213807419,1280.0,0.00017045509741519767
2021-02-24 00:00:00+00:00,1.2303838213807419,1.2319031891575745,1.2303038832995408,1.2318232510763734,1613.0,0.00020344307034203375
2021-02-25 00:00:00+00:00,1.2318232510763734,1.2323414339049503,1.2295792109410266,1.2300973937696036,2744.0,0.000208144614157928
2021-02-26 00:00:00+00:00,1.2300973937696036,1.2303386399915106,1.2281941418313511,1.2284353880532581,772.0,0.0001118081677963033
2021-02-27 00:00:00+00:00,1.2284353880532581,1.228991472369037,1.227807714004425,1.2283637983202038,3216.0,0.0001535283539132638
2021-02-28 00:00:00+00:00,1.2283637983202038,1.2305798401460026,1.2268902016422996,1.2291062434680984,2219.0,0.00010088449349674522
2021-03-01 00:00:00+00:00,1.2291062434680984,1.2292561428991367,1.228327163216839,1.2284770626478774,2412.0,0.0002205018920430796
2021-03-02 00:00:00+00:00,1.2284770626478774,1.231082685232517,1.228354469835547,1.2309600924201867,4098.0,0.00022531616696810846
2021-03-03 00:00:00+00:00,1.2309600924201867,1.231961371775306,1.230274783997393,1.2312760633525124,3314.0,0.00024387502215512518
2021-03-04 00:00:00+00:00,1.2312760633525124,1.2330531991799079,1.2311489444407362,1.2329260802681317,1467.0,0.0002153742366172944
2021-03-05 00:00:00+00:00,1.2329260802681317,1.235898204587517,1.231934003149076,1.2349061274684614,120.0,0.00014286842342343234
2021-03-06 00:00:00+00:00,1.2349061274684614,1.2353625564377213,1.2311938456419238,1.2316502746111837,2181.0,0.0002023475999994206
2021-03-07 00:00:00+00:00,1.2316502746111837,1.2338122640078613,1.2306757346987764,1.232837724095454,2497.0,0.00010246859234606972
2021-03-08 00:00:00+00:00,1.232837724095454,1.2328434836609963,1.2308843523844377,1.23089011194998,2541.0,0.0002218042941771791
2021-03-09 00:00:00+00:00,1.23089011194998,1.231937343139475,1.2306739230398789,1.2317211542293738,4499.0,0.00017768597469866365
2021-03-10 00:00:00+00:00,1.2317211542293738,1.2330580063043937,1.2308791302930095,1.2322159823680294,191.0,0.00016667610296702926
2021-03-11 00:00:00+00:00,1.2322159823680294,1.2330833955329332,1.2311743923431755,1.2320418055080793,1144.0,0.00020013321573914597
2021-03-12 00:00:00+00:00,1.2320418055080793,1.2327592508717504,1.231537891903428,1.2322553372670992,4308.0,0.00024472681096993933
2021-03-13 00:00:00+00:00,1.2322553372670992,1.2339303595563071,1.2306345840196056,1.2323096063088135,4684.0,0.00012349590850833646
2021-03-14 00:00:00+00:00,1.2323096063088135,1.2329195471466547,1.2317216233529953,1.2323315641908366,1415.0,0.0001241350559597646
2021-03-15 00:00:00+00:00,1.2323315641908366,1.232895276819111,1.230647733520659,1.2312114461489334,896.0,0.00010660553149081223
2021-03-16 00:00:00+00:00,1.2312114461489334,1.2320664784050424,1.2311848413681106,1.2320398736242195,3577.0,0.00018005642619792268
2021-03-17 00:00:00+00:00,1.2320398736242195,1.2324004359563014,1.2290621332492717,1.2294226955813536,2172.0,0.00019968521812196614
2021-03-18 00:00:00+00:00,1.2294226955813536,1.2302397417577882,1.2264360446179394,1.227253090794374,1435.0,0.00016452127174677053
2021-03-19 00:00:00+00:00,1.227253090794374,1.2287575377058408,1.2265039463152596,1.2280083932267265,2069.0,0.00013354968558650703
2021-03-20 00:00:00+00:00,1.2280083932267265,1.2285842852515685,1.227689888935114,1.228265780959956,1519.0,0.00021225638321606378
2021-03-21 00:00:00+00:00,1.228265780959956,1.2306750398577697,1.2273489687205439,1.2297582276183576,3819.0,0.0001554086501091343
2021-03-22 00:00:00+00:00,1.2297582276183576,1.2301736502999783,1.2282829406879077,1.2286983633695283,2568.0,0.00024695643776054743
2021-03-23 00:00:00+00:00,1.2286983633695283,1.229731279087808,1.2277131435935675,1.2287460593118473,288.0,0.00022294274909040525
2021-03-24 00:00:00+00:00,1.2287460593118473,1.2290723104762609,1.228662871275146,1.2289891224395595,1167.0,0.0002470197883811342
2021-03-25 00:00:00+00:00,1.2289891224395595,1.2331769241283235,1.2276081177735054,1.2317959194622694,2450.0,0.00019154447315525609
2021-03-26 00:00:00+00:00,1.2317959194622694,1.232828706299517,1.2294701668534715,1.230502953690719,324.0,0.00021694871493918458
2021-03-27 00:00:00+00:00,1.230502953690719,1.2310397923265153,1.2303901039557332,1.2309269425915295,3261.0,0.00016994293537134114
2021-03-28 00:00:00+00:00,1.2309269425915295,1.2312981146623343,1.2292650827774518,1.2296362548482567,4317.0,0.00023956277949933915
2021-03-29 00:00:00+00:00,1.2296362548482567,1.2301215350230625,1.2271980990314568,1.2276833792062627,1865.0,0.00016208916262176428
2021-03-30 00:00:00+00:00,1.2276833792062627,1.2298913730440983,1.2268658209356034,1.229073814773439,3524.0,0.00019538573180606696
2021-03-31 00:00:00+00:00,1.229073814773439,1.2306462088413566,1.2286983143974786,1.230270708465396,4060.0,0.00016711503078105432
2021-04-01 00:00:00+00:00,1.230270708465396,1.2330146744417143,1.2299801078016643,1.2327240737779825,737.0,0.00014396937598316548
2021-04-02 00:00:00+00:00,1.2327240737779825,1.2338214152764373,1.2323214349756195,1.2334187764740743,779.0,0.00019881018971354192
2021-04-03 00:00:00+00:00,1.2334187764740743,1.234124446276541,1.2309729657290778,1.2316786355315446,3318.0,0.00020981243809535904
2021-04-04 00:00:00+00:00,1.2316786355315446,1.2319566482399633,1.2314710573648375,1.2317490700732563,527.0,0.00021409936272508837
2021-04-05 00:00:00+00:00,1.2317490700732563,1.2320945685248894,1.2294915744831005,1.2298370729347337,1795.0,0.0002139290123874595
2021-04-06 00:00:00+00:00,1.2298370729347337,1.231368485733989,1.22960740398185,1.2311388167811055,4170.0,0.00014595016039733937
2021-04-07 00:00:00+00:00,1.2311388167811055,1.2326370878857922,1.2309375378788643,1.232435808983551,3457.0,0.00023768605558461889
2021-04-08 00:00:00+00:00,1.232435808983551,1.2334916844630164,1.2321350100655988,1.2331908855450642,875.0,0.00012365607738547898
2021-04-09 00:00:00+00:00,1.2331908855450642,1.2336248854914544,1.232250184479075,1.2326841844254652,1272.0,0.00020354395400857978
2021-04-10 00:00:00+00:00,1.2326841844254652,1.23287542371153,1.232317228880375,1.2325084681664398,1523.0,0.00010003126396389111
2021-04-11 00:00:00+00:00,1.2325084681664398,1.2346787859798418,1.2311984112351888,1.2333687290485909,2497.0,0.00017263770108682692
2021-04-12 00:00:00+00:00,1.2333687290485909,1.2334652893486517,1.2332883037007079,1.2333848640007687,3949.0,0.00012496170190200368
2021-04-13 00:00:00+00:00,1.2333848640007687,1.2347464335805074,1.2330207543818883,1.234382323961627,473.0,0.00014749540861416934
2021-04-14 00:00:00+00:00,1.234382323961627,1.235211809667269,1.2338718819064218,1.234701367612064,4224.0,0.00014620882400649262
