report_date_as_yyyy_mm_dd,cftc_contract_market_code,contract_market_name,open_interest_all,lev_money_positions_long,lev_money_positions_short,asset_mgr_positions_long,asset_mgr_positions_short,dealer_positions_long_all,dealer_positions_short_all,other_rept_positions_long,other_rept_positions_short,nonrept_positions_long_all,nonrept_positions_short_all
2006-06-13T00:00:00.000,090741,CANADIAN DOLLAR,129707,44758,15024,5069,6759,21578,67483,2061,1949,36201,18452
2006-06-13T00:00:00.000,092741,SWISS FRANC,122926,19248,22467,628,0,58954,59214,450,0,15279,12878
2006-06-13T00:00:00.000,096742,BRITISH POUND,126043,45090,14314,8405,2994,17866,66293,498,804,27467,14921
2006-06-13T00:00:00.000,097741,JAPANESE YEN,243513,25809,49758,28335,4178,82773,92521,5068,460,45675,40743
2006-06-13T00:00:00.000,098662,USD INDEX,40169,9601,15488,0,846,22701,13108,269,1619,1656,3166
2006-06-13T00:00:00.000,099741,EURO FX,202394,49945,7623,20872,17391,34588,110005,5875,2445,63519,37335
2006-06-13T00:00:00.000,112741,NZ DOLLAR,22546,7030,4600,357,0,3914,6807,0,137,1486,1243
2006-06-13T00:00:00.000,232741,AUSTRALIAN DOLLAR,81160,24706,8163,1346,1653,20830,48847,546,910,20648,8503
2006-06-20T00:00:00.000,090741,CANADIAN DOLLAR,123446,34818,14476,6204,6757,20522,57792,2106,2064,33343,15904
2006-06-20T00:00:00.000,092741,SWISS FRANC,57617,18452,24602,613,0,25556,19990,450,617,12389,12251
2006-06-20T00:00:00.000,096742,BRITISH POUND,78491,41443,8771,8834,2872,4485,54425,0,0,22776,11470
2006-06-20T00:00:00.000,097741,JAPANESE YEN,161290,16496,49238,24173,4252,52101,47483,4596,5,32745,29133
2006-06-20T00:00:00.000,098662,USD INDEX,24660,9474,13918,0,859,7944,1341,1704,1629,1320,2695
2006-06-20T00:00:00.000,099741,EURO FX,132604,37815,12996,20116,14822,15361,75088,7014,1479,48399,24320
2006-06-20T00:00:00.000,232741,AUSTRALIAN DOLLAR,37629,14606,13651,1518,1246,3487,12858,1089,887,15470,7528
2006-06-27T00:00:00.000,090741,CANADIAN DOLLAR,89791,35128,12586,6073,6759,10516,51686,2190,2575,34569,14870
2006-06-27T00:00:00.000,092741,SWISS FRANC,63556,12664,29822,613,0,37218,19295,450,617,12346,13557
2006-06-27T00:00:00.000,096742,BRITISH POUND,78592,29961,13530,8544,2794,11499,43263,913,0,22557,13887
2006-06-27T00:00:00.000,097741,JAPANESE YEN,174066,16151,58957,25652,4939,61978,44398,5667,1552,32407,32009
2006-06-27T00:00:00.000,098662,USD INDEX,20784,10625,11424,0,667,3595,1847,2808,2004,1465,2551
2006-06-27T00:00:00.000,099741,EURO FX,148166,51142,11361,19283,14770,15291,86509,5954,2806,51554,27778
2006-06-27T00:00:00.000,232741,AUSTRALIAN DOLLAR,42014,15281,10449,1730,1246,4966,18149,1366,1913,17180,8766
2006-07-03T00:00:00.000,090741,CANADIAN DOLLAR,93841,39886,12297,6355,6771,8986,55981,2004,2334,35149,14997
2006-07-03T00:00:00.000,092741,SWISS FRANC,58809,19487,25411,613,407,26618,19680,450,617,11412,12465
2006-07-03T00:00:00.000,096742,BRITISH POUND,78658,33107,12140,8113,2931,9142,45344,957,17,22226,13113
2006-07-03T00:00:00.000,097741,JAPANESE YEN,168688,16417,49381,26277,4272,55063,52467,5880,1606,32611,28522
2006-07-03T00:00:00.000,098662,USD INDEX,18821,11033,9336,0,658,3199,1879,1315,1893,934,2715
2006-07-03T00:00:00.000,099741,EURO FX,162104,64455,11561,19703,14517,11627,98048,6002,1779,53130,29012
2006-07-03T00:00:00.000,232741,AUSTRALIAN DOLLAR,45680,17090,11015,2344,1246,6319,21168,1313,1917,17143,8863
2006-07-11T00:00:00.000,090741,CANADIAN DOLLAR,92978,33089,20426,5743,6293,10494,42027,3760,3678,37007,17669
2006-07-11T00:00:00.000,092741,SWISS FRANC,62771,17670,28455,613,401,31574,21268,450,617,12156,11722
2006-07-11T00:00:00.000,096742,BRITISH POUND,85671,35618,15728,8279,2089,10952,49796,0,0,25233,12469
2006-07-11T00:00:00.000,097741,JAPANESE YEN,173470,18071,48950,28246,1871,52568,61742,6407,922,32705,24512
2006-07-11T00:00:00.000,098662,USD INDEX,20530,12048,10289,0,873,3861,1764,1051,2152,1106,2988
2006-07-11T00:00:00.000,099741,EURO FX,168069,69298,10862,19496,13091,10315,109144,5852,2750,55720,24834
2006-07-11T00:00:00.000,112741,NZ DOLLAR,14081,4329,5032,877,240,6375,5962,0,675,1637,1309
2006-07-11T00:00:00.000,232741,AUSTRALIAN DOLLAR,51757,20895,6892,1914,906,5761,27506,546,2724,19062,10150
2006-07-18T00:00:00.000,090741,CANADIAN DOLLAR,83415,23661,11041,5300,6294,13695,40924,4070,3166,33659,18960
2006-07-18T00:00:00.000,092741,SWISS FRANC,69612,17372,31234,634,0,39999,18684,450,2029,10969,17477
2006-07-18T00:00:00.000,096742,BRITISH POUND,88080,37261,12966,8455,2265,11954,51423,505,1081,24011,14451
2006-07-18T00:00:00.000,097741,JAPANESE YEN,203567,22044,93171,28036,2432,75671,30843,6875,3527,29769,32422
2006-07-18T00:00:00.000,098662,USD INDEX,17233,9653,6000,95,608,1416,2746,1358,2081,1730,2817
2006-07-18T00:00:00.000,099741,EURO FX,152795,50192,10830,20735,11973,11730,83926,6518,2682,55354,35118
2006-07-18T00:00:00.000,112741,NZ DOLLAR,14948,6929,4470,1130,0,4178,6920,275,994,1555,1683
2006-07-18T00:00:00.000,232741,AUSTRALIAN DOLLAR,54649,29627,5382,1923,906,1424,36607,546,2915,19850,7560
2006-07-25T00:00:00.000,090741,CANADIAN DOLLAR,91963,25756,24127,5136,6304,19189,35533,3113,3179,35272,19323
2006-07-25T00:00:00.000,092741,SWISS FRANC,73560,14815,34295,634,0,45623,18795,450,2029,11762,18165
2006-07-25T00:00:00.000,096742,BRITISH POUND,102104,47400,16661,8759,2319,15916,63387,0,592,24384,13500
2006-07-25T00:00:00.000,097741,JAPANESE YEN,208508,19603,98230,26616,2620,85051,30484,6370,3905,29247,31648
2006-07-25T00:00:00.000,098662,USD INDEX,16878,10588,5288,101,623,1245,4075,966,1968,1505,2451
2006-07-25T00:00:00.000,099741,EURO FX,146454,46022,13658,21684,11973,13635,77956,6450,3718,48873,29359
2006-07-25T00:00:00.000,112741,NZ DOLLAR,16341,9103,5875,1155,0,3861,7768,0,727,1439,1188
2006-07-25T00:00:00.000,232741,AUSTRALIAN DOLLAR,62339,36059,5412,1964,906,1108,43881,546,2728,21733,8483
2006-08-01T00:00:00.000,090741,CANADIAN DOLLAR,86048,18209,21365,5204,6318,21292,33667,3248,3216,34603,17990
2006-08-01T00:00:00.000,092741,SWISS FRANC,65105,15954,23990,634,0,35667,23249,450,829,12096,16733
2006-08-01T00:00:00.000,096742,BRITISH POUND,114075,56694,17164,8067,2306,13882,73563,0,825,29979,14764
2006-08-01T00:00:00.000,097741,JAPANESE YEN,195626,25925,65444,27134,2633,63374,53767,6791,2937,30293,28736
2006-08-01T00:00:00.000,098662,USD INDEX,15676,9942,4999,0,677,1307,2786,725,1849,1288,2951
2006-08-01T00:00:00.000,099741,EURO FX,157856,59548,8527,20602,11964,10778,99667,7200,2404,51204,26770
2006-08-01T00:00:00.000,112741,NZ DOLLAR,18160,10955,5620,1177,0,3540,10019,0,463,1624,1194
2006-08-01T00:00:00.000,232741,AUSTRALIAN DOLLAR,67931,38784,2889,1971,906,1110,53256,546,1507,24243,8096
2006-08-08T00:00:00.000,090741,CANADIAN DOLLAR,82510,21347,10900,4693,6316,14013,43451,3523,3215,36571,16265
2006-08-08T00:00:00.000,092741,SWISS FRANC,72643,20156,33692,429,0,36190,24267,450,829,15094,13531
2006-08-08T00:00:00.000,096742,BRITISH POUND,128112,66302,12281,7872,2032,15756,91937,975,0,32278,16933
2006-08-08T00:00:00.000,097741,JAPANESE YEN,198570,26517,71414,29198,2379,62760,55235,6890,1494,31421,26264
2006-08-08T00:00:00.000,098662,USD INDEX,18272,11387,7205,0,936,2433,1406,455,2248,947,3427
2006-08-08T00:00:00.000,099741,EURO FX,177763,74394,6944,20124,12104,12788,124551,8063,1477,53545,23838
2006-08-08T00:00:00.000,112741,NZ DOLLAR,17327,9302,4876,1228,176,3971,10170,173,181,1626,897
2006-08-08T00:00:00.000,232741,AUSTRALIAN DOLLAR,65353,35632,2293,2163,906,627,51956,1445,984,24343,8071
2006-08-15T00:00:00.000,090741,CANADIAN DOLLAR,86815,27173,13808,4477,6316,15367,41215,3630,3295,33493,19506
2006-08-15T00:00:00.000,092741,SWISS FRANC,66021,11754,26450,429,0,41061,23057,450,1021,12005,15171
2006-08-15T00:00:00.000,096742,BRITISH POUND,135944,74224,13372,7740,1990,14326,100053,471,512,34536,15370
2006-08-15T00:00:00.000,097741,JAPANESE YEN,216492,31881,89206,30596,2384,69296,47688,7748,1308,33299,32234
2006-08-15T00:00:00.000,098662,USD INDEX,18471,11182,7481,0,945,2830,1432,373,2252,1033,3308
2006-08-15T00:00:00.000,099741,EURO FX,178761,73151,6576,20271,11443,12992,123008,8217,1129,53607,26082
2006-08-15T00:00:00.000,112741,NZ DOLLAR,19536,13333,3284,1222,176,2810,14351,129,629,1882,936
2006-08-15T00:00:00.000,232741,AUSTRALIAN DOLLAR,72893,42703,3162,2169,906,527,59716,1135,1061,25458,7147
2006-08-22T00:00:00.000,090741,CANADIAN DOLLAR,86667,26608,9518,4510,6549,14921,43073,2054,4416,34519,19056
2006-08-22T00:00:00.000,092741,SWISS FRANC,68484,15968,25979,429,0,37097,27250,450,543,12950,13122
2006-08-22T00:00:00.000,096742,BRITISH POUND,127943,66667,13465,8036,1935,17341,92446,457,0,30817,15472
2006-08-22T00:00:00.000,097741,JAPANESE YEN,227195,30425,100944,30135,2573,82102,42502,7555,2758,32543,33983
2006-08-22T00:00:00.000,098662,USD INDEX,19174,10983,8345,0,943,3576,1450,575,2200,950,3146
2006-08-22T00:00:00.000,099741,EURO FX,175943,68246,6883,17037,11437,11753,116692,8667,1077,57928,27542
2006-08-22T00:00:00.000,112741,NZ DOLLAR,19886,11787,3563,1229,176,3032,14219,1032,289,2077,910
2006-08-22T00:00:00.000,232741,AUSTRALIAN DOLLAR,62131,32508,995,1961,906,946,49951,546,1076,24476,7509
2006-08-29T00:00:00.000,090741,CANADIAN DOLLAR,106142,45042,12589,4861,7870,14585,59789,2431,1761,34304,19214
2006-08-29T00:00:00.000,092741,SWISS FRANC,68787,11175,25017,420,0,43599,27049,450,1222,11449,13805
2006-08-29T00:00:00.000,096742,BRITISH POUND,130539,68325,13081,8312,1974,16363,95388,1063,0,31933,15553
2006-08-29T00:00:00.000,097741,JAPANESE YEN,244441,29955,118718,31240,3524,95848,38581,7613,1971,34955,36817
2006-08-29T00:00:00.000,098662,USD INDEX,19685,11541,8943,0,831,3793,1839,664,2226,937,3096
2006-08-29T00:00:00.000,099741,EURO FX,170168,63077,7535,17396,10347,13992,107769,7470,1113,54968,30139
2006-08-29T00:00:00.000,112741,NZ DOLLAR,18099,10687,2419,1218,171,2661,13752,786,211,2037,836
2006-08-29T00:00:00.000,232741,AUSTRALIAN DOLLAR,63348,33721,522,1247,906,1859,51806,546,1361,24138,6916
2006-09-05T00:00:00.000,090741,CANADIAN DOLLAR,111705,46603,19327,4960,7674,16859,58322,3133,2194,34309,18347
2006-09-05T00:00:00.000,092741,SWISS FRANC,70053,11177,28460,870,400,44098,25308,450,541,12231,14117
2006-09-05T00:00:00.000,096742,BRITISH POUND,131836,67834,12726,8588,1878,18777,94665,1569,40,30622,18081
2006-09-05T00:00:00.000,097741,JAPANESE YEN,228792,26200,100473,31145,4165,81599,39923,9144,2430,35193,36290
2006-09-05T00:00:00.000,098662,USD INDEX,20114,11208,9471,0,798,4500,1809,561,2281,1018,2928
2006-09-05T00:00:00.000,099741,EURO FX,171026,59319,9214,18141,9398,14861,108061,7884,2619,56478,27391
2006-09-05T00:00:00.000,112741,NZ DOLLAR,18852,11218,3164,1431,0,3179,14151,434,292,2116,771
2006-09-05T00:00:00.000,232741,AUSTRALIAN DOLLAR,81372,49600,3685,1166,906,1180,65228,0,1462,27460,8125
2006-09-12T00:00:00.000,090741,CANADIAN DOLLAR,138181,37246,19993,4907,8123,26115,57378,3947,2194,35912,20439
2006-09-12T00:00:00.000,092741,SWISS FRANC,98012,12688,42935,857,430,62458,21971,450,1454,11168,20831
2006-09-12T00:00:00.000,096742,BRITISH POUND,127633,51081,15778,8025,2841,20643,69134,1131,30,27963,21060
2006-09-12T00:00:00.000,097741,JAPANESE YEN,275585,43824,129659,36012,6224,103726,32635,7461,2926,34112,53691
2006-09-12T00:00:00.000,098662,USD INDEX,22167,11258,8325,0,509,2173,3170,761,2223,2549,2514
2006-09-12T00:00:00.000,099741,EURO FX,168483,61227,10696,18597,10035,13545,93994,5151,1682,52744,34857
2006-09-12T00:00:00.000,112741,NZ DOLLAR,19320,9420,1684,1625,0,3952,13847,289,416,1679,1018
2006-09-12T00:00:00.000,232741,AUSTRALIAN DOLLAR,69370,29428,721,1032,1257,3738,42809,179,947,22378,11021
2006-09-19T00:00:00.000,090741,CANADIAN DOLLAR,138838,43733,37720,4405,8115,40030,50747,4057,1741,27666,21568
2006-09-19T00:00:00.000,092741,SWISS FRANC,76994,11859,52237,450,466,54421,1654,450,1910,9454,20367
2006-09-19T00:00:00.000,096742,BRITISH POUND,104255,60045,15544,6395,2847,10645,70212,945,82,25222,14567
2006-09-19T00:00:00.000,097741,JAPANESE YEN,225098,22390,124015,34971,6848,114980,39433,8480,3503,29592,36614
2006-09-19T00:00:00.000,098662,USD INDEX,17288,6123,6953,0,410,4021,2385,1041,2011,2558,1984
2006-09-19T00:00:00.000,099741,EURO FX,131398,46743,13340,18995,9551,9961,69297,5270,2179,45551,32153
2006-09-19T00:00:00.000,112741,NZ DOLLAR,17608,13039,1585,1912,0,534,14336,225,557,1690,922
2006-09-19T00:00:00.000,232741,AUSTRALIAN DOLLAR,61952,39661,5395,434,1826,851,44856,507,1836,19992,7532
2006-09-26T00:00:00.000,090741,CANADIAN DOLLAR,94128,40321,29414,4419,8788,16015,31020,2618,2584,29441,21008
2006-09-26T00:00:00.000,092741,SWISS FRANC,69977,12871,38991,450,466,46628,9938,450,970,9130,19164
2006-09-26T00:00:00.000,096742,BRITISH POUND,122122,74768,18425,6071,3007,9311,83475,975,1153,30273,15338
2006-09-26T00:00:00.000,097741,JAPANESE YEN,221240,19677,129528,34172,6168,114308,32185,9860,2246,27690,35580
2006-09-26T00:00:00.000,098662,USD INDEX,19545,8404,9400,62,420,5349,2014,642,2188,1881,2316
2006-09-26T00:00:00.000,099741,EURO FX,136955,43390,11950,19876,7662,11706,80847,6927,1082,49154,29512
2006-09-26T00:00:00.000,112741,NZ DOLLAR,17727,12830,2335,1588,0,541,13608,202,555,2314,977
2006-09-26T00:00:00.000,232741,AUSTRALIAN DOLLAR,57337,35614,3493,421,1826,916,41180,497,1718,19363,8594
2006-10-03T00:00:00.000,090741,CANADIAN DOLLAR,100141,47602,32312,4364,8770,14341,35462,3088,2247,28894,19498
2006-10-03T00:00:00.000,092741,SWISS FRANC,72687,10822,39733,450,483,50317,10640,450,987,9956,20152
2006-10-03T00:00:00.000,096742,BRITISH POUND,104665,62733,17731,5538,2969,9280,65721,939,1105,24789,15753
2006-10-03T00:00:00.000,097741,JAPANESE YEN,243819,23534,148110,34034,6241,131049,34167,9003,3697,30650,36055
2006-10-03T00:00:00.000,098662,USD INDEX,24522,12511,8114,0,420,5191,7755,851,2264,2342,2342
2006-10-03T00:00:00.000,099741,EURO FX,142202,50567,13037,19735,6666,10652,81980,7071,1993,46148,30497
2006-10-03T00:00:00.000,112741,NZ DOLLAR,13426,8421,0,1628,0,677,10996,243,728,1992,1237
2006-10-03T00:00:00.000,232741,AUSTRALIAN DOLLAR,56292,36950,9317,0,2321,918,34362,0,500,17609,8977
2006-10-10T00:00:00.000,090741,CANADIAN DOLLAR,91193,34974,29017,4161,8849,17138,28026,3749,2737,28752,20145
2006-10-10T00:00:00.000,092741,SWISS FRANC,95979,9569,67706,447,509,74981,3032,447,986,9149,22360
2006-10-10T00:00:00.000,096742,BRITISH POUND,101848,46255,21658,5225,2992,19602,56627,924,0,27158,17887
2006-10-10T00:00:00.000,097741,JAPANESE YEN,267803,27820,170434,34554,6933,147171,32983,8695,2342,33926,39474
2006-10-10T00:00:00.000,098662,USD INDEX,30911,17229,9684,0,406,5533,12695,1470,2452,3240,2235
2006-10-10T00:00:00.000,099741,EURO FX,150795,41815,28722,20812,5942,18688,65752,8334,2529,51464,38168
2006-10-10T00:00:00.000,112741,NZ DOLLAR,15750,11479,1235,1201,0,1016,12405,163,1110,1702,811
2006-10-10T00:00:00.000,232741,AUSTRALIAN DOLLAR,65437,44942,8553,0,2412,917,41219,0,2270,18433,9838
2006-10-17T00:00:00.000,090741,CANADIAN DOLLAR,110173,28972,47270,3726,11240,41128,21689,4615,2245,28564,24561
2006-10-17T00:00:00.000,092741,SWISS FRANC,105046,11600,76295,450,543,82790,1346,911,1423,7364,23508
2006-10-17T00:00:00.000,096742,BRITISH POUND,108510,54550,23269,6843,2989,18914,61035,997,0,25220,19231
2006-10-17T00:00:00.000,097741,JAPANESE YEN,261575,24854,161279,35283,6975,142480,36929,9098,3638,34092,36986
2006-10-17T00:00:00.000,098662,USD INDEX,36745,23743,13369,0,474,5242,15777,1421,2323,3399,1862
2006-10-17T00:00:00.000,099741,EURO FX,154610,41452,34619,22357,4884,26200,63574,6949,2211,49391,41061
2006-10-17T00:00:00.000,112741,NZ DOLLAR,19759,14898,1746,1261,0,1029,15645,151,876,2181,1253
2006-10-17T00:00:00.000,232741,AUSTRALIAN DOLLAR,74025,49709,10242,0,2524,1250,51534,687,0,20807,8153
2006-10-24T00:00:00.000,090741,CANADIAN DOLLAR,100203,25976,33526,3740,12375,35606,26881,3314,2256,28879,22477
2006-10-24T00:00:00.000,092741,SWISS FRANC,107816,8233,76953,450,576,87563,2010,450,1395,8531,24293
2006-10-24T00:00:00.000,096742,BRITISH POUND,101676,53329,17568,7935,2076,12793,63119,1558,0,23603,16455
2006-10-24T00:00:00.000,097741,JAPANESE YEN,282998,30624,181030,36183,6852,156032,38602,7951,3229,35694,36771
2006-10-24T00:00:00.000,098662,USD INDEX,33789,20772,9777,0,171,4839,16545,1460,2177,3652,2053
2006-10-24T00:00:00.000,099741,EURO FX,158034,41209,37360,23359,5381,31091,63290,7867,2237,46089,41347
2006-10-24T00:00:00.000,112741,NZ DOLLAR,21403,15887,2731,1407,0,1296,16088,370,892,2129,1378
2006-10-24T00:00:00.000,232741,AUSTRALIAN DOLLAR,87502,61217,7573,0,2576,858,66533,775,0,23258,9426
2006-10-31T00:00:00.000,090741,CANADIAN DOLLAR,104350,23824,35937,4406,10623,39482,29956,3778,2376,29081,21679
2006-10-31T00:00:00.000,092741,SWISS FRANC,89968,6793,56803,450,572,70105,8394,450,2269,10146,19906
2006-10-31T00:00:00.000,096742,BRITISH POUND,126678,76770,16981,7775,2105,10073,84960,982,184,29025,20395
2006-10-31T00:00:00.000,097741,JAPANESE YEN,226607,26850,108521,34394,5840,100087,61322,8772,1666,38380,31134
2006-10-31T00:00:00.000,098662,USD INDEX,32961,19380,10119,0,171,6849,14467,404,1715,2832,2993
2006-10-31T00:00:00.000,099741,EURO FX,162230,55998,14863,23176,4978,13380,94586,6527,2885,49545,31314
2006-10-31T00:00:00.000,112741,NZ DOLLAR,18440,12559,1645,2057,0,1296,14691,118,645,2071,1120
2006-10-31T00:00:00.000,232741,AUSTRALIAN DOLLAR,107657,76703,9572,0,2495,1322,82021,1729,1832,26642,10476
2006-11-07T00:00:00.000,090741,CANADIAN DOLLAR,103426,23392,33229,4442,10796,39194,31703,3222,2442,28836,20916
2006-11-07T00:00:00.000,092741,SWISS FRANC,103184,10273,67233,450,563,76791,10327,450,1652,11625,19814
2006-11-07T00:00:00.000,096742,BRITISH POUND,152030,100097,17884,7124,2085,10243,110408,1419,1108,31288,18686
2006-11-07T00:00:00.000,097741,JAPANESE YEN,229063,30597,109225,35126,5864,92714,57972,8802,1601,37244,29821
2006-11-07T00:00:00.000,098662,USD INDEX,34478,19637,11288,0,181,8096,14084,348,1809,2391,3110
2006-11-07T00:00:00.000,099741,EURO FX,178237,68434,13554,21878,4223,15728,114291,5447,4616,53018,27821
2006-11-07T00:00:00.000,112741,NZ DOLLAR,18916,13405,1676,2100,0,889,15003,0,911,2183,987
2006-11-07T00:00:00.000,232741,AUSTRALIAN DOLLAR,123491,90093,9942,561,1826,1413,99326,2457,2576,28645,9499
2006-11-14T00:00:00.000,090741,CANADIAN DOLLAR,129537,27456,58486,4549,10614,54174,27673,4618,3497,31907,22434
2006-11-14T00:00:00.000,092741,SWISS FRANC,87935,4597,52433,450,563,65246,13786,450,1581,13588,15968
2006-11-14T00:00:00.000,096742,BRITISH POUND,136600,82668,14329,6918,2539,9858,101100,2549,74,32413,16364
2006-11-14T00:00:00.000,097741,JAPANESE YEN,233573,30093,106764,34043,5948,93099,61520,9682,2016,38991,29660
2006-11-14T00:00:00.000,098662,USD INDEX,34532,19419,12793,0,181,10526,13739,306,1988,1323,2873
2006-11-14T00:00:00.000,099741,EURO FX,170609,56684,9314,21625,4012,19295,110144,4980,2905,54825,31034
2006-11-14T00:00:00.000,112741,NZ DOLLAR,15514,9757,379,2135,0,878,12840,370,674,1822,1069
2006-11-14T00:00:00.000,232741,AUSTRALIAN DOLLAR,105229,69343,5828,769,1848,1211,86792,2483,879,30520,8979
2006-11-21T00:00:00.000,090741,CANADIAN DOLLAR,138113,22013,66676,4538,11243,68055,24865,4272,2959,32076,25211
2006-11-21T00:00:00.000,092741,SWISS FRANC,84320,5044,49095,450,563,61722,14653,450,483,13601,16473
2006-11-21T00:00:00.000,096742,BRITISH POUND,140587,87732,17589,6751,2072,9372,100760,1403,1297,33362,16902
2006-11-21T00:00:00.000,097741,JAPANESE YEN,258327,38258,126638,33239,6101,109436,61116,8947,1367,36997,31655
2006-11-21T00:00:00.000,098662,USD INDEX,33582,18553,11897,0,166,10386,13454,318,2052,1415,3103
2006-11-21T00:00:00.000,099741,EURO FX,178692,58168,8740,21351,3721,25082,119384,5913,3478,55522,30713
2006-11-21T00:00:00.000,112741,NZ DOLLAR,17654,12162,1263,1944,0,874,14089,150,831,2155,1102
2006-11-21T00:00:00.000,232741,AUSTRALIAN DOLLAR,108253,72374,7084,1814,1840,1409,87307,1302,1289,30647,10026
2006-11-28T00:00:00.000,090741,CANADIAN DOLLAR,124553,21389,50662,4578,12285,61376,26653,4517,4268,26951,24943
2006-11-28T00:00:00.000,092741,SWISS FRANC,78706,16859,36331,450,545,37820,26244,2205,534,19605,13285
2006-11-28T00:00:00.000,096742,BRITISH POUND,154081,100053,12334,5520,1530,9372,115472,1001,1368,35014,20256
2006-11-28T00:00:00.000,097741,JAPANESE YEN,252107,38807,92165,31382,5467,91049,83265,8079,1921,42671,29170
2006-11-28T00:00:00.000,098662,USD INDEX,37290,18290,16452,143,234,13874,10822,337,2466,1828,4498
2006-11-28T00:00:00.000,099741,EURO FX,207573,72313,11785,24985,2212,23290,133157,9120,1796,61446,42204
2006-11-28T00:00:00.000,112741,NZ DOLLAR,18078,12284,1027,2035,0,936,14387,203,1389,2137,792
2006-11-28T00:00:00.000,232741,AUSTRALIAN DOLLAR,123916,86929,9984,1833,1257,1559,100092,866,2000,31223,9077
2006-12-05T00:00:00.000,090741,CANADIAN DOLLAR,131624,19820,58369,4595,12308,67400,23596,5740,3263,27787,27806
2006-12-05T00:00:00.000,092741,SWISS FRANC,80908,21404,32139,450,545,28503,33218,2205,0,25781,12441
2006-12-05T00:00:00.000,096742,BRITISH POUND,151959,94106,13481,5281,1526,9331,109049,1488,2525,36404,20029
2006-12-05T00:00:00.000,097741,JAPANESE YEN,268136,35765,79579,28802,4931,86758,94179,9773,2203,49023,29229
2006-12-05T00:00:00.000,098662,USD INDEX,39682,12333,20455,105,310,16613,9281,6796,2459,1093,4435
2006-12-05T00:00:00.000,099741,EURO FX,223733,80295,13077,23037,2678,23504,144787,7404,3747,67280,37231
2006-12-05T00:00:00.000,112741,NZ DOLLAR,19768,14003,872,1836,0,1064,17007,444,648,2284,1104
2006-12-05T00:00:00.000,232741,AUSTRALIAN DOLLAR,129455,87404,8240,1590,1857,1147,105865,3438,4050,33691,7258
2006-12-12T00:00:00.000,090741,CANADIAN DOLLAR,165716,20439,65676,4582,11664,73523,24976,7111,2630,28571,29280
2006-12-12T00:00:00.000,092741,SWISS FRANC,92840,23491,33256,450,545,28313,34194,2599,0,22413,9271
2006-12-12T00:00:00.000,096742,BRITISH POUND,181580,102903,15176,3729,2491,10336,117236,1310,2339,35926,16962
2006-12-12T00:00:00.000,097741,JAPANESE YEN,276919,46294,100481,27850,4676,99093,92994,9529,819,45330,29126
2006-12-12T00:00:00.000,098662,USD INDEX,46967,18781,23525,0,309,18312,7464,304,2733,1112,4478
2006-12-12T00:00:00.000,099741,EURO FX,230245,82572,7682,20139,5580,25589,151515,6875,2959,65695,33134
2006-12-12T00:00:00.000,112741,NZ DOLLAR,22265,16055,1036,1399,0,1329,17806,103,1170,2199,1073
2006-12-12T00:00:00.000,232741,AUSTRALIAN DOLLAR,170902,91279,8630,1290,1482,4883,108342,979,3792,33542,9727
2006-12-19T00:00:00.000,090741,CANADIAN DOLLAR,183332,19761,69043,4702,12713,76413,27669,7787,2552,35658,32344
2006-12-19T00:00:00.000,092741,SWISS FRANC,54652,18656,28629,0,1033,14453,15972,1671,0,19675,8821
2006-12-19T00:00:00.000,096742,BRITISH POUND,149800,99166,10830,4474,5808,10444,114223,1957,2519,32828,15489
2006-12-19T00:00:00.000,097741,JAPANESE YEN,239042,14149,137632,27899,10592,148783,52102,7326,2552,37892,33171
2006-12-19T00:00:00.000,098662,USD INDEX,30678,16701,19267,0,473,8695,424,284,2772,851,3595
2006-12-19T00:00:00.000,099741,EURO FX,194079,78431,8431,21012,8960,20276,140555,7350,2152,62558,29529
2006-12-19T00:00:00.000,112741,NZ DOLLAR,22440,17812,1263,1570,0,833,19205,277,1103,1621,542
2006-12-19T00:00:00.000,232741,AUSTRALIAN DOLLAR,129934,94063,500,2112,4401,863,115843,1480,2460,30376,5690
2006-12-26T00:00:00.000,090741,CANADIAN DOLLAR,136963,17361,78597,4668,12713,81473,12253,7033,2592,24053,28433
2006-12-26T00:00:00.000,092741,SWISS FRANC,57050,18910,29063,0,1033,19205,15032,1671,0,16909,11567
2006-12-26T00:00:00.000,096742,BRITISH POUND,140289,87399,10645,5060,6158,10867,106334,2333,2553,33327,13296
2006-12-26T00:00:00.000,097741,JAPANESE YEN,262764,20693,155930,28953,10169,161704,54728,7206,3041,40448,35136
2006-12-26T00:00:00.000,098662,USD INDEX,29824,16187,18525,0,454,8361,424,284,2833,868,3464
2006-12-26T00:00:00.000,099741,EURO FX,186755,70848,10888,21622,8318,20597,135572,6949,1233,61609,25614
2006-12-26T00:00:00.000,112741,NZ DOLLAR,21961,17203,1134,1433,0,954,18818,103,935,1826,632
2006-12-26T00:00:00.000,232741,AUSTRALIAN DOLLAR,128732,91962,1011,2756,4401,1322,114725,2743,1693,29241,6194
2007-01-03T00:00:00.000,090741,CANADIAN DOLLAR,148644,17298,87168,4685,13362,87735,11490,8170,2610,26893,30151
2007-01-03T00:00:00.000,092741,SWISS FRANC,64732,9767,34180,0,1059,38346,16124,950,953,15195,11942
2007-01-03T00:00:00.000,096742,BRITISH POUND,137217,79303,11423,4308,6960,15221,97166,1263,2595,35508,17459
2007-01-03T00:00:00.000,097741,JAPANESE YEN,280541,20368,166215,29681,11375,176309,55948,7994,3994,41669,38489
2007-01-03T00:00:00.000,098662,USD INDEX,28542,16124,17065,0,556,7893,1473,297,2735,779,3264
2007-01-03T00:00:00.000,099741,EURO FX,189612,64339,11520,23001,8283,24784,128658,7894,3671,63713,31599
2007-01-03T00:00:00.000,112741,NZ DOLLAR,22855,17452,2325,1468,0,1289,18377,278,650,1907,1042
2007-01-03T00:00:00.000,232741,AUSTRALIAN DOLLAR,132225,93560,1038,4431,4401,1804,115699,2196,2636,29757,7974
2007-01-09T00:00:00.000,090741,CANADIAN DOLLAR,155922,13936,94854,4844,13531,96607,10892,8575,2542,28165,30308
2007-01-09T00:00:00.000,092741,SWISS FRANC,80925,5302,47617,0,1059,60751,16504,1602,0,12795,15270
2007-01-09T00:00:00.000,096742,BRITISH POUND,132731,69775,10334,4032,8039,18517,90274,3725,2220,35326,20508
2007-01-09T00:00:00.000,097741,JAPANESE YEN,287999,11244,170384,30960,11777,183627,55251,8013,3770,48303,40965
2007-01-09T00:00:00.000,098662,USD INDEX,25856,14360,13186,0,510,6567,3503,365,2562,1034,2565
2007-01-09T00:00:00.000,099741,EURO FX,183293,57696,10102,23768,7399,27982,125844,7447,2715,60487,31320
2007-01-09T00:00:00.000,112741,NZ DOLLAR,20440,13472,1422,1289,0,2324,16639,740,650,1857,971
2007-01-09T00:00:00.000,232741,AUSTRALIAN DOLLAR,116268,59948,4693,4722,4405,20081,92411,2147,3072,26676,8993
2007-01-16T00:00:00.000,090741,CANADIAN DOLLAR,152438,13138,90077,4870,13731,94249,11205,7780,4019,28348,29353
2007-01-16T00:00:00.000,092741,SWISS FRANC,83803,3210,47824,0,1059,67455,13180,1166,827,11333,20274
2007-01-16T00:00:00.000,096742,BRITISH POUND,150691,93692,10801,3371,9746,12236,104852,2526,2993,37631,21064
2007-01-16T00:00:00.000,097741,JAPANESE YEN,308740,12730,187432,32400,13639,207270,55133,6916,4931,44572,42753
2007-01-16T00:00:00.000,098662,USD INDEX,21111,12206,8124,0,471,3489,4401,633,2503,1712,2541
2007-01-16T00:00:00.000,099741,EURO FX,164594,34131,9659,24147,7145,25869,97534,9231,2682,63758,40116
2007-01-16T00:00:00.000,112741,NZ DOLLAR,19988,12346,1038,1164,0,2565,16103,891,680,1783,928
2007-01-16T00:00:00.000,232741,AUSTRALIAN DOLLAR,121645,70505,1426,4934,5317,13766,100492,796,2408,30610,10968
2007-01-23T00:00:00.000,090741,CANADIAN DOLLAR,152395,13692,88807,5111,14811,91828,13154,8037,2627,29810,29079
2007-01-23T00:00:00.000,092741,SWISS FRANC,83065,3813,47748,0,1089,68163,14259,450,810,9840,18360
2007-01-23T00:00:00.000,096742,BRITISH POUND,163961,107489,10543,3608,13022,11270,116567,2295,2271,38612,20871
2007-01-23T00:00:00.000,097741,JAPANESE YEN,344998,14922,200690,29348,15219,219404,53554,7580,5861,44598,40528
2007-01-23T00:00:00.000,098662,USD INDEX,21969,13137,8903,0,431,3424,4683,706,2391,1622,2481
2007-01-23T00:00:00.000,099741,EURO FX,169518,41113,10734,24846,8935,30043,101383,10014,4543,55255,35676
2007-01-23T00:00:00.000,112741,NZ DOLLAR,18687,9827,569,1189,120,3871,15247,347,787,2492,1003
2007-01-23T00:00:00.000,232741,AUSTRALIAN DOLLAR,127566,83391,3358,5375,6229,7079,105358,1282,2638,29469,9013
2007-01-30T00:00:00.000,090741,CANADIAN DOLLAR,146376,13777,81244,5076,14930,85978,13372,8245,2890,28461,29101
2007-01-30T00:00:00.000,092741,SWISS FRANC,99642,5595,62274,0,1574,81905,13773,450,1812,9987,18504
2007-01-30T00:00:00.000,096742,BRITISH POUND,146660,86079,11447,3722,14092,18436,94877,1046,2800,36126,22193
2007-01-30T00:00:00.000,097741,JAPANESE YEN,344070,16803,192246,30524,15312,217372,62887,6781,6268,44130,38897
2007-01-30T00:00:00.000,098662,USD INDEX,22227,15081,7437,0,450,1993,6436,496,2515,1831,2563
2007-01-30T00:00:00.000,099741,EURO FX,174218,47316,14363,24310,9489,35253,103255,7174,2669,53135,37412
2007-01-30T00:00:00.000,112741,NZ DOLLAR,18000,7053,0,1441,245,6348,15056,465,809,1753,950
2007-01-30T00:00:00.000,232741,AUSTRALIAN DOLLAR,116294,65490,2346,4865,6472,15420,90203,573,2649,26464,11142
2007-02-06T00:00:00.000,090741,CANADIAN DOLLAR,154591,12373,84889,5059,15838,90615,17017,8952,2817,32033,28471
2007-02-06T00:00:00.000,092741,SWISS FRANC,93536,6862,52217,0,1630,74242,18553,1370,2017,9359,17416
2007-02-06T00:00:00.000,096742,BRITISH POUND,162238,105450,12810,2638,14600,16313,108185,491,3665,35166,20798
2007-02-06T00:00:00.000,097741,JAPANESE YEN,314920,15107,151754,29992,15944,191810,74181,6950,7630,41842,36192
2007-02-06T00:00:00.000,098662,USD INDEX,24626,16930,9823,0,472,2725,6307,410,2407,1414,2470
2007-02-06T00:00:00.000,099741,EURO FX,182666,36900,18984,23095,10499,54127,107886,6564,3619,54569,34267
2007-02-06T00:00:00.000,112741,NZ DOLLAR,18326,8122,0,1600,358,5792,15451,0,648,1961,1018
2007-02-06T00:00:00.000,232741,AUSTRALIAN DOLLAR,117781,66444,7203,4655,6155,18196,87564,1567,2045,22873,10768
2007-02-13T00:00:00.000,090741,CANADIAN DOLLAR,140722,13967,63934,5110,15952,78440,21877,7880,3862,29666,29438
2007-02-13T00:00:00.000,092741,SWISS FRANC,107988,4494,68572,0,1583,91652,15951,450,573,9912,19829
2007-02-13T00:00:00.000,096742,BRITISH POUND,150695,58076,17382,2770,14820,48866,87168,1810,3673,35326,23805
2007-02-13T00:00:00.000,097741,JAPANESE YEN,361809,20488,188858,30319,17075,227940,80619,7040,7118,47191,39308
2007-02-13T00:00:00.000,098662,USD INDEX,25207,16842,9101,51,362,2900,7445,294,2560,1956,2575
2007-02-13T00:00:00.000,099741,EURO FX,187086,64685,15011,22484,11690,31170,121569,8665,1061,53662,31335
2007-02-13T00:00:00.000,112741,NZ DOLLAR,19219,10383,0,1682,566,4491,15822,0,1024,1947,1091
2007-02-13T00:00:00.000,232741,AUSTRALIAN DOLLAR,115145,66426,1094,4745,6405,14702,89372,1682,3199,24320,11805
2007-02-20T00:00:00.000,090741,CANADIAN DOLLAR,141561,13537,68667,5223,16472,79944,19694,7147,2861,30210,28367
2007-02-20T00:00:00.000,092741,SWISS FRANC,100274,4989,61184,0,1839,79924,18675,450,933,13485,16217
2007-02-20T00:00:00.000,096742,BRITISH POUND,147702,65878,13084,2799,15200,42094,89341,491,4279,33615,22973
2007-02-20T00:00:00.000,097741,JAPANESE YEN,332216,18359,138408,30061,16509,187329,97661,8018,4753,49699,36135
2007-02-20T00:00:00.000,098662,USD INDEX,29787,17907,15531,105,362,6466,4681,476,2547,1365,3198
2007-02-20T00:00:00.000,099741,EURO FX,202370,73637,10136,23451,11783,31706,141691,12032,1426,55060,30850
2007-02-20T00:00:00.000,112741,NZ DOLLAR,21969,13665,761,1774,647,3306,17752,100,895,2366,1156
2007-02-20T00:00:00.000,232741,AUSTRALIAN DOLLAR,123639,73481,3851,4787,6405,13283,95149,740,2816,27474,11544
2007-02-27T00:00:00.000,090741,CANADIAN DOLLAR,137776,10336,59860,5330,16265,77765,24935,8477,2888,30518,28478
2007-02-27T00:00:00.000,092741,SWISS FRANC,103378,11601,57607,0,1839,69951,24503,1306,1286,19230,16853
2007-02-27T00:00:00.000,096742,BRITISH POUND,160234,82508,15835,2817,16409,29864,95083,2491,5343,38965,23975
2007-02-27T00:00:00.000,097741,JAPANESE YEN,328295,18325,132380,32391,17565,180648,94428,7534,6459,49723,37789
2007-02-27T00:00:00.000,098662,USD INDEX,32784,18821,18723,0,525,9130,3666,375,2664,998,3746
2007-02-27T00:00:00.000,099741,EURO FX,221471,82058,12322,22824,12190,34300,154035,12134,1791,61749,32727
2007-02-27T00:00:00.000,112741,NZ DOLLAR,22779,14408,366,2031,749,2899,18725,0,593,2558,1463
2007-02-27T00:00:00.000,232741,AUSTRALIAN DOLLAR,140036,87951,4302,4317,6579,10683,110965,2169,2478,31137,11933
2007-03-06T00:00:00.000,090741,CANADIAN DOLLAR,156871,11698,82586,5385,13367,96465,24120,9258,4988,28643,26388
2007-03-06T00:00:00.000,092741,SWISS FRANC,83320,11896,34864,0,1053,49341,31990,1306,0,17739,12375
2007-03-06T00:00:00.000,096742,BRITISH POUND,152524,49875,23582,1177,15010,59584,80093,5073,5308,29100,20816
2007-03-06T00:00:00.000,097741,JAPANESE YEN,278491,15465,66715,27687,13955,140588,106407,4416,7967,40448,33560
2007-03-06T00:00:00.000,098662,USD INDEX,29328,16518,17311,0,743,8509,2151,110,2612,1103,3423
2007-03-06T00:00:00.000,099741,EURO FX,201319,66258,10419,21562,14269,39705,135997,8074,2071,54986,27829
2007-03-06T00:00:00.000,112741,NZ DOLLAR,21159,11706,0,1740,775,4099,17144,457,566,2182,1699
2007-03-06T00:00:00.000,232741,AUSTRALIAN DOLLAR,120959,43390,15551,2676,6424,41394,80615,4485,3067,24452,10740
2007-03-13T00:00:00.000,090741,CANADIAN DOLLAR,159619,9912,78522,5590,12872,93306,22828,10680,3747,26820,28339
2007-03-13T00:00:00.000,092741,SWISS FRANC,88190,9633,36269,0,1053,48785,27542,2517,803,17299,12567
2007-03-13T00:00:00.000,096742,BRITISH POUND,160560,37633,26236,2234,14911,74398,78557,3465,5546,29000,21480
2007-03-13T00:00:00.000,097741,JAPANESE YEN,281602,26176,61711,28627,14569,126437,113637,5708,7648,52373,41756
2007-03-13T00:00:00.000,098662,USD INDEX,34213,12556,13294,0,765,8422,2068,55,2691,1158,3373
2007-03-13T00:00:00.000,099741,EURO FX,216699,71773,8119,21951,13614,33003,133661,6689,5260,56911,29673
2007-03-13T00:00:00.000,112741,NZ DOLLAR,23442,11681,549,1940,936,5007,16882,0,708,1937,1490
2007-03-13T00:00:00.000,232741,AUSTRALIAN DOLLAR,132184,48768,4712,3009,6510,37419,86046,3,4106,24170,11995
2007-03-20T00:00:00.000,090741,CANADIAN DOLLAR,161700,18209,67018,5665,13405,86189,20468,7005,2684,25900,39393
2007-03-20T00:00:00.000,092741,SWISS FRANC,53302,13158,29297,0,450,16406,6265,1877,2000,20961,14390
2007-03-20T00:00:00.000,096742,BRITISH POUND,111646,65551,14661,1694,16004,13120,54107,2454,5225,27381,20203
2007-03-20T00:00:00.000,097741,JAPANESE YEN,176550,21950,69167,25400,14209,65104,43396,5256,6236,42036,26738
2007-03-20T00:00:00.000,098662,USD INDEX,28672,12922,17097,0,918,10481,117,51,2738,670,3254
2007-03-20T00:00:00.000,099741,EURO FX,182591,72699,7062,21388,15684,18587,124051,8213,2865,57108,28333
2007-03-20T00:00:00.000,112741,NZ DOLLAR,23099,16876,1924,2006,916,2087,17023,100,1076,1558,1688
2007-03-20T00:00:00.000,232741,AUSTRALIAN DOLLAR,104097,68811,4962,2982,7673,1979,74642,990,4037,27027,10475
2007-03-27T00:00:00.000,090741,CANADIAN DOLLAR,114484,17010,49748,5626,13009,53231,19065,7956,1896,26932,27037
2007-03-27T00:00:00.000,092741,SWISS FRANC,52720,15088,30795,0,990,15898,5138,2717,3000,17021,10801
2007-03-27T00:00:00.000,096742,BRITISH POUND,111802,61246,15475,2554,15967,13851,57618,1624,3266,30716,17665
2007-03-27T00:00:00.000,097741,JAPANESE YEN,204073,19310,80922,26533,14961,97443,53527,5347,7957,37883,29149
2007-03-27T00:00:00.000,098662,USD INDEX,28790,12395,17100,0,882,11120,146,109,2634,917,3779
2007-03-27T00:00:00.000,099741,EURO FX,192918,81280,12474,21354,14441,17305,123473,10347,4951,56479,31426
2007-03-27T00:00:00.000,112741,NZ DOLLAR,27611,20700,2814,2489,910,1557,19873,100,968,1770,2051
2007-03-27T00:00:00.000,232741,AUSTRALIAN DOLLAR,120220,84064,2082,3616,7673,2201,94527,1897,3349,26870,11017
2007-04-03T00:00:00.000,090741,CANADIAN DOLLAR,113096,13995,45057,5650,13048,52203,24509,7592,1890,29556,24492
2007-04-03T00:00:00.000,092741,SWISS FRANC,57666,8814,34691,0,977,28329,9400,1877,0,17878,11830
2007-04-03T00:00:00.000,096742,BRITISH POUND,122932,72222,14391,2436,15967,13501,65342,460,2677,31087,21329
2007-04-03T00:00:00.000,097741,JAPANESE YEN,221748,25109,92494,26478,15178,103357,55555,7181,3299,41714,37313
2007-04-03T00:00:00.000,098662,USD INDEX,30160,13129,18319,0,903,11755,546,118,2744,1124,3614
2007-04-03T00:00:00.000,099741,EURO FX,198368,86207,10320,21884,14089,15047,133618,8955,4001,61004,31069
2007-04-03T00:00:00.000,112741,NZ DOLLAR,27025,19949,2747,2501,898,1604,19996,200,617,1752,1748
2007-04-03T00:00:00.000,232741,AUSTRALIAN DOLLAR,121869,81760,1610,4921,7673,3423,94422,1632,4835,28317,11513
2007-04-10T00:00:00.000,090741,CANADIAN DOLLAR,110266,15518,33038,5619,9804,45613,32926,8962,3304,28395,25035
2007-04-10T00:00:00.000,092741,SWISS FRANC,58718,11596,35826,0,977,32264,8391,450,494,13413,12035
2007-04-10T00:00:00.000,096742,BRITISH POUND,120468,68865,20071,1890,16945,16256,57486,1287,722,28102,21176
2007-04-10T00:00:00.000,097741,JAPANESE YEN,230370,24995,100865,26670,14895,108678,54240,7012,3229,43034,37160
2007-04-10T00:00:00.000,098662,USD INDEX,31100,13624,18981,0,840,11927,546,96,2594,1405,4091
2007-04-10T00:00:00.000,099741,EURO FX,212087,94986,10360,23721,16081,14408,139714,9884,2622,61695,35917
2007-04-10T00:00:00.000,112741,NZ DOLLAR,25383,17873,1736,2360,879,2008,20090,100,488,2399,1547
2007-04-10T00:00:00.000,232741,AUSTRALIAN DOLLAR,117562,75062,1810,5526,8052,3331,87852,909,3588,30607,14133
2007-04-17T00:00:00.000,090741,CANADIAN DOLLAR,114610,17815,34437,5481,9237,45842,37780,8346,1918,29827,23939
2007-04-17T00:00:00.000,092741,SWISS FRANC,67565,15454,39325,0,977,32641,13387,1647,1118,16585,11520
2007-04-17T00:00:00.000,096742,BRITISH POUND,134953,81747,16403,1853,20340,14080,66093,549,1983,32251,25661
2007-04-17T00:00:00.000,097741,JAPANESE YEN,234796,23259,107317,30752,14921,109945,46024,5186,3959,39941,36862
2007-04-17T00:00:00.000,098662,USD INDEX,33602,15228,21329,0,741,12812,557,246,2684,1225,4200
2007-04-17T00:00:00.000,099741,EURO FX,217447,93752,12723,24546,16095,14808,144378,12894,1988,64702,35518
2007-04-17T00:00:00.000,112741,NZ DOLLAR,28672,20688,1494,2286,817,1752,23040,240,738,2702,1579
2007-04-17T00:00:00.000,232741,AUSTRALIAN DOLLAR,123468,84400,6496,4528,8023,3079,89452,485,5246,29505,12780
2007-04-24T00:00:00.000,090741,CANADIAN DOLLAR,121786,31430,29005,5717,9413,35986,46922,7951,3699,31344,23389
2007-04-24T00:00:00.000,092741,SWISS FRANC,77956,20745,41873,0,977,34152,18515,2117,1053,18209,12805
2007-04-24T00:00:00.000,096742,BRITISH POUND,148006,96293,17555,2365,21885,11862,78028,164,2724,32274,22766
2007-04-24T00:00:00.000,097741,JAPANESE YEN,235531,21726,111157,30150,16822,114982,44181,4090,4627,38579,32740
2007-04-24T00:00:00.000,098662,USD INDEX,39208,16953,27201,0,762,16160,593,495,2633,1459,3878
2007-04-24T00:00:00.000,099741,EURO FX,232312,103806,18369,26217,16617,13913,146600,12467,2916,67364,39265
2007-04-24T00:00:00.000,112741,NZ DOLLAR,28091,19318,201,2276,631,1841,23315,560,1250,3106,1704
2007-04-24T00:00:00.000,232741,AUSTRALIAN DOLLAR,123137,76414,4085,5046,8309,6220,90165,3599,6317,30615,13018
2007-05-01T00:00:00.000,090741,CANADIAN DOLLAR,138029,44698,33031,5795,9636,36348,56618,7327,4504,33182,23561
2007-05-01T00:00:00.000,092741,SWISS FRANC,79989,15811,45240,0,1712,44235,18062,860,0,16334,12226
2007-05-01T00:00:00.000,096742,BRITISH POUND,144051,89656,18752,1749,24341,11185,69426,2302,3528,33011,21856
2007-05-01T00:00:00.000,097741,JAPANESE YEN,279868,20664,154128,28853,17421,153525,37291,5914,8643,42721,34194
2007-05-01T00:00:00.000,098662,USD INDEX,40972,15967,29023,0,759,18528,593,748,2614,1634,3888
2007-05-01T00:00:00.000,099741,EURO FX,235249,101484,15739,29074,17842,13622,148257,13606,4447,67391,38892
2007-05-01T00:00:00.000,112741,NZ DOLLAR,25253,15335,157,2494,521,3651,21949,512,635,2884,1614
2007-05-01T00:00:00.000,232741,AUSTRALIAN DOLLAR,107911,63429,5964,5087,8309,5773,75467,2967,3605,28596,12507
2007-05-08T00:00:00.000,090741,CANADIAN DOLLAR,146311,58065,34145,6196,10003,32845,60259,5471,5817,31837,24190
2007-05-08T00:00:00.000,092741,SWISS FRANC,81736,14058,45189,0,1632,49617,17869,450,0,14687,14122
2007-05-08T00:00:00.000,096742,BRITISH POUND,134140,78644,16590,1787,21774,11964,66807,2682,3602,33027,19331
2007-05-08T00:00:00.000,097741,JAPANESE YEN,284780,23128,153192,28381,17881,159114,41615,4926,9304,41494,35051
2007-05-08T00:00:00.000,098662,USD INDEX,36084,11449,24663,0,747,17610,604,928,2549,971,2395
2007-05-08T00:00:00.000,099741,EURO FX,223364,96771,16830,29348,17948,14975,136753,10034,4352,60551,35796
2007-05-08T00:00:00.000,112741,NZ DOLLAR,23617,13361,158,2400,516,3893,20532,654,530,2950,1522
2007-05-08T00:00:00.000,232741,AUSTRALIAN DOLLAR,114679,72508,6342,5132,8751,6165,79207,1544,3506,26423,13966
2007-05-15T00:00:00.000,090741,CANADIAN DOLLAR,168888,75138,26103,6257,10308,36561,90264,5406,6237,34581,25031
2007-05-15T00:00:00.000,092741,SWISS FRANC,81328,14461,46352,0,1718,52001,13392,450,2907,12080,14623
2007-05-15T00:00:00.000,096742,BRITISH POUND,126092,64016,20847,1800,22567,25325,52993,1020,4077,29016,20693
2007-05-15T00:00:00.000,097741,JAPANESE YEN,297263,19800,165839,29694,19712,168881,39748,5339,8074,44958,35299
2007-05-15T00:00:00.000,098662,USD INDEX,34833,9648,23699,0,761,17688,604,1352,2377,2027,3274
2007-05-15T00:00:00.000,099741,EURO FX,236773,112640,19139,29014,18672,15451,146857,10280,4721,58771,36767
2007-05-15T00:00:00.000,112741,NZ DOLLAR,26331,17135,158,2379,477,3534,22679,0,859,2800,1675
2007-05-15T00:00:00.000,232741,AUSTRALIAN DOLLAR,114784,75273,5757,5116,9367,4950,81093,1610,5053,26113,11792
2007-05-22T00:00:00.000,090741,CANADIAN DOLLAR,172032,76885,30772,6308,9650,34577,87212,4846,4574,34621,25029
2007-05-22T00:00:00.000,092741,SWISS FRANC,100303,10313,69159,0,1987,76903,6344,450,1834,11087,19429
2007-05-22T00:00:00.000,096742,BRITISH POUND,122261,58397,17038,1689,22418,23156,54465,2549,3007,30173,19036
2007-05-22T00:00:00.000,097741,JAPANESE YEN,326431,25267,192825,29291,20245,191604,36178,5676,7987,42538,37141
2007-05-22T00:00:00.000,098662,USD INDEX,30861,6898,19732,0,741,16698,666,746,2553,2281,2931
2007-05-22T00:00:00.000,099741,EURO FX,218897,90284,21496,30417,18707,24300,123418,8504,4474,53046,38456
2007-05-22T00:00:00.000,112741,NZ DOLLAR,24381,14078,158,2320,461,4363,21283,641,590,2714,1624
2007-05-22T00:00:00.000,232741,AUSTRALIAN DOLLAR,103300,55601,15269,5168,9367,11288,59071,1961,4429,25787,11669
2007-05-29T00:00:00.000,090741,CANADIAN DOLLAR,186775,88336,25041,6212,9034,32918,105873,5168,5154,38985,26517
2007-05-29T00:00:00.000,092741,SWISS FRANC,97517,7514,62103,0,2130,76864,7332,450,2779,10910,21394
2007-05-29T00:00:00.000,096742,BRITISH POUND,129528,73074,15646,2193,20329,12741,63068,4308,6053,31898,19118
2007-05-29T00:00:00.000,097741,JAPANESE YEN,319048,23819,184088,27287,20850,186240,36746,6397,8883,43830,37006
2007-05-29T00:00:00.000,098662,USD INDEX,31076,7303,20109,0,667,16390,681,989,2515,2066,2776
2007-05-29T00:00:00.000,099741,EURO FX,213871,87434,18099,30718,18763,22226,126941,7295,5262,56153,34761
2007-05-29T00:00:00.000,112741,NZ DOLLAR,23796,12570,158,2569,460,5333,20644,387,618,2485,1464
2007-05-29T00:00:00.000,232741,AUSTRALIAN DOLLAR,97790,49861,17667,5511,9367,13953,50969,469,3879,24724,12636
2007-06-05T00:00:00.000,090741,CANADIAN DOLLAR,184722,77639,29961,7607,7681,34266,95619,7430,2638,35972,27015
2007-06-05T00:00:00.000,092741,SWISS FRANC,99547,8076,66786,0,3089,78241,6662,450,1370,11196,20056
2007-06-05T00:00:00.000,096742,BRITISH POUND,142314,85475,15176,1548,21389,11592,72663,4135,6513,33413,20422
2007-06-05T00:00:00.000,097741,JAPANESE YEN,311288,27920,168057,28957,21292,165415,40444,6350,10838,46581,34592
2007-06-05T00:00:00.000,098662,USD INDEX,27472,6539,17021,0,733,14953,732,675,2499,1828,3010
2007-06-05T00:00:00.000,099741,EURO FX,214948,81534,19823,31279,18400,24388,117006,7190,7657,59381,40886
2007-06-05T00:00:00.000,112741,NZ DOLLAR,27528,17005,423,2761,448,4472,23448,0,994,2489,1414
2007-06-05T00:00:00.000,232741,AUSTRALIAN DOLLAR,122120,77977,3457,5367,9367,6536,90339,462,5278,30017,11918
2007-06-12T00:00:00.000,090741,CANADIAN DOLLAR,232090,86548,28664,8422,6689,34421,107709,8662,2233,33673,26431
2007-06-12T00:00:00.000,092741,SWISS FRANC,155140,4548,84007,0,4058,101665,8116,450,1704,11862,20640
2007-06-12T00:00:00.000,096742,BRITISH POUND,133395,60512,11703,1929,19040,18175,52159,3017,6206,26427,20952
2007-06-12T00:00:00.000,097741,JAPANESE YEN,380532,25322,165969,30382,20860,154954,35845,7997,7391,50620,39210
2007-06-12T00:00:00.000,098662,USD INDEX,27553,4561,14254,0,719,12713,702,818,2489,2681,2609
2007-06-12T00:00:00.000,099741,EURO FX,227892,55536,34942,30020,17739,42410,92571,6722,8002,60186,41620
2007-06-12T00:00:00.000,112741,NZ DOLLAR,55629,23361,1037,3288,414,2678,28828,593,837,3020,1824
2007-06-12T00:00:00.000,232741,AUSTRALIAN DOLLAR,157047,82522,12296,5391,9367,9423,93079,489,5488,34828,12423
2007-06-19T00:00:00.000,090741,CANADIAN DOLLAR,243351,83602,25934,6939,5689,35112,89085,8187,2402,32206,42936
2007-06-19T00:00:00.000,092741,SWISS FRANC,110556,2866,79216,0,4184,98270,2650,965,2001,8276,22326
2007-06-19T00:00:00.000,096742,BRITISH POUND,133035,90346,11009,1879,20406,8755,75153,3770,6847,26798,18133
2007-06-19T00:00:00.000,097741,JAPANESE YEN,310083,42301,180307,31722,22108,175068,46304,6850,7253,37041,37010
2007-06-19T00:00:00.000,098662,USD INDEX,18675,9244,9086,0,699,2328,830,675,1958,2394,2068
2007-06-19T00:00:00.000,099741,EURO FX,183775,51998,31803,28810,16176,42331,90337,5794,9877,50130,30870
2007-06-19T00:00:00.000,112741,NZ DOLLAR,41113,21807,0,3820,414,11220,37221,509,727,2800,1794
2007-06-19T00:00:00.000,232741,AUSTRALIAN DOLLAR,115118,75095,5070,5276,9925,1794,83621,0,6063,31175,8661
2007-06-26T00:00:00.000,090741,CANADIAN DOLLAR,139879,75900,16702,6818,5165,14324,88466,6755,2659,30651,21456
2007-06-26T00:00:00.000,092741,SWISS FRANC,101945,10662,60823,452,4206,78636,7571,965,1141,7748,24722
2007-06-26T00:00:00.000,096742,BRITISH POUND,159791,117128,6384,1558,21421,7421,106243,1260,5024,30550,18845
2007-06-26T00:00:00.000,097741,JAPANESE YEN,352299,42053,213207,33308,21946,213887,56182,7651,7182,38357,36739
2007-06-26T00:00:00.000,098662,USD INDEX,24151,14753,15906,0,773,4180,816,640,1938,2061,2201
2007-06-26T00:00:00.000,099741,EURO FX,183893,58624,22143,28383,15651,31712,99640,6823,7371,51473,32210
2007-06-26T00:00:00.000,112741,NZ DOLLAR,41393,21760,378,3914,389,11555,36880,0,1318,3204,1468
2007-06-26T00:00:00.000,232741,AUSTRALIAN DOLLAR,111504,69499,2318,5250,9884,2355,81975,541,4995,32752,11225
2007-07-03T00:00:00.000,090741,CANADIAN DOLLAR,143135,72635,15320,7241,5189,15415,91277,7631,2978,35084,23242
2007-07-03T00:00:00.000,092741,SWISS FRANC,95030,13554,42894,452,4068,64459,23984,1343,0,10350,19212
2007-07-03T00:00:00.000,096742,BRITISH POUND,164639,119946,5623,999,21207,6421,104056,2660,5590,32827,26377
2007-07-03T00:00:00.000,097741,JAPANESE YEN,326811,39788,177606,33846,21939,187552,65712,7617,5854,38640,36332
2007-07-03T00:00:00.000,098662,USD INDEX,35149,19424,26071,0,943,11275,396,491,2394,1514,2900
2007-07-03T00:00:00.000,099741,EURO FX,195000,67570,17195,27611,17323,23361,117437,7998,5382,62426,31629
2007-07-03T00:00:00.000,112741,NZ DOLLAR,41316,21462,764,3233,813,11917,35716,1,1201,3817,1936
2007-07-03T00:00:00.000,232741,AUSTRALIAN DOLLAR,109147,63858,4974,6484,9884,4020,76592,1100,4808,30109,9313
2007-07-10T00:00:00.000,090741,CANADIAN DOLLAR,143434,74697,11811,8872,4207,8704,96281,6865,3210,36807,20436
2007-07-10T00:00:00.000,092741,SWISS FRANC,102992,18546,43385,452,3773,64271,32874,2481,404,12403,17717
2007-07-10T00:00:00.000,096742,BRITISH POUND,156362,107143,5021,1514,21011,8308,97545,2983,5523,34810,25658
2007-07-10T00:00:00.000,097741,JAPANESE YEN,320333,45776,154714,32303,22677,173754,80817,8034,5609,41663,37713
2007-07-10T00:00:00.000,098662,USD INDEX,38063,17226,27285,0,992,16589,568,248,2705,1367,3880
2007-07-10T00:00:00.000,099741,EURO FX,223674,93516,18151,27957,19909,18567,133939,9122,4660,64951,37454
2007-07-10T00:00:00.000,112741,NZ DOLLAR,41167,20797,648,3952,813,12273,35679,0,1185,3285,1982
2007-07-10T00:00:00.000,232741,AUSTRALIAN DOLLAR,110984,61846,1300,6486,9884,6296,82110,0,3600,33744,11478
2007-07-17T00:00:00.000,090741,CANADIAN DOLLAR,150522,82997,12859,9233,4251,9305,103321,6663,3806,36703,20664
2007-07-17T00:00:00.000,092741,SWISS FRANC,110578,24266,47498,483,3305,63388,36153,2532,716,14775,17772
2007-07-17T00:00:00.000,096742,BRITISH POUND,173222,125733,5916,2112,21749,8588,114332,2047,5573,32506,23416
2007-07-17T00:00:00.000,097741,JAPANESE YEN,303595,26133,167073,33225,23062,185679,64649,8453,4581,40115,34240
2007-07-17T00:00:00.000,098662,USD INDEX,44644,17258,33341,0,1070,23074,677,298,2927,1264,3879
2007-07-17T00:00:00.000,099741,EURO FX,221237,91494,10713,26414,20090,18908,144741,11152,5804,64722,31342
2007-07-17T00:00:00.000,112741,NZ DOLLAR,43212,23081,740,3062,1250,12741,37007,0,1357,3514,2044
2007-07-17T00:00:00.000,232741,AUSTRALIAN DOLLAR,120509,73747,4621,6552,9961,6191,86461,0,4710,31421,12158
2007-07-24T00:00:00.000,090741,CANADIAN DOLLAR,158948,93200,11332,9719,2819,7903,113724,5347,4313,36578,20559
2007-07-24T00:00:00.000,092741,SWISS FRANC,115383,22866,49740,0,2355,69585,40391,2504,1356,14611,15724
2007-07-24T00:00:00.000,096742,BRITISH POUND,158955,107685,6008,1212,21954,9364,97446,3316,6020,34101,24250
2007-07-24T00:00:00.000,097741,JAPANESE YEN,284669,27753,135748,32397,21299,161910,79278,8707,5507,43995,32930
2007-07-24T00:00:00.000,098662,USD INDEX,47619,16198,36297,0,939,26126,677,942,2839,1423,3937
2007-07-24T00:00:00.000,099741,EURO FX,225781,95278,10397,24655,20916,19897,146352,11131,7239,65218,31275
2007-07-24T00:00:00.000,112741,NZ DOLLAR,46589,26090,1534,3342,1544,13197,39399,0,1192,3360,2320
2007-07-24T00:00:00.000,232741,AUSTRALIAN DOLLAR,118608,68472,3405,7206,9961,7271,84194,0,3377,31431,13443
2007-07-31T00:00:00.000,090741,CANADIAN DOLLAR,133951,55761,14859,9080,1475,19320,86082,5333,4011,34621,17688
2007-07-31T00:00:00.000,092741,SWISS FRANC,116838,26357,32119,0,2519,67665,58064,2412,2534,14227,15425
2007-07-31T00:00:00.000,096742,BRITISH POUND,128722,82881,6672,1028,21763,9218,70432,2679,5544,29096,20491
2007-07-31T00:00:00.000,097741,JAPANESE YEN,264271,24422,86596,29648,19827,150324,112079,7800,4364,42973,32301
2007-07-31T00:00:00.000,098662,USD INDEX,44523,12860,34498,0,479,26313,737,792,2523,1506,3234
2007-07-31T00:00:00.000,099741,EURO FX,214527,73550,13283,24226,20179,39836,131574,7938,7289,58845,32070
2007-07-31T00:00:00.000,112741,NZ DOLLAR,32233,11864,687,2650,1564,13457,26695,892,655,2614,1876
2007-07-31T00:00:00.000,232741,AUSTRALIAN DOLLAR,108022,43791,13555,6363,9441,18250,62191,3619,2315,25669,10190
2007-08-07T00:00:00.000,090741,CANADIAN DOLLAR,135946,54508,16615,10149,1049,26065,86395,4512,4714,32064,18525
2007-08-07T00:00:00.000,092741,SWISS FRANC,121823,32839,21673,0,1194,60816,78291,2102,1191,20657,14065
2007-08-07T00:00:00.000,096742,BRITISH POUND,125762,68725,6700,2606,21366,19120,68186,3575,4667,27455,20562
2007-08-07T00:00:00.000,097741,JAPANESE YEN,263905,23057,67831,30390,17040,148889,135483,8277,4312,42762,28709
2007-08-07T00:00:00.000,098662,USD INDEX,42621,13247,32127,55,942,24405,737,551,2520,1465,3397
2007-08-07T00:00:00.000,099741,EURO FX,227532,82984,21788,24175,19542,41563,137567,8418,6458,59514,31299
2007-08-07T00:00:00.000,112741,NZ DOLLAR,32616,13911,723,1738,1937,13625,26876,273,790,2278,1499
2007-08-07T00:00:00.000,232741,AUSTRALIAN DOLLAR,110617,43785,19365,3335,9743,28334,60595,976,2230,25046,9543
2007-08-14T00:00:00.000,090741,CANADIAN DOLLAR,134044,49344,16492,6985,1049,29820,78745,5020,3426,31566,23023
2007-08-14T00:00:00.000,092741,SWISS FRANC,117264,26005,26982,428,1302,68203,70321,863,3401,17657,11150
2007-08-14T00:00:00.000,096742,BRITISH POUND,120623,55367,5252,1055,21616,29278,65978,2368,4607,27515,18130
2007-08-14T00:00:00.000,097741,JAPANESE YEN,278398,30472,62132,29108,17417,159291,156396,7427,3710,39186,25829
2007-08-14T00:00:00.000,098662,USD INDEX,33933,6774,24547,73,366,21056,574,387,1966,2121,2958
2007-08-14T00:00:00.000,099741,EURO FX,218546,61978,13323,24892,19655,58419,136161,9261,7150,51739,30000
2007-08-14T00:00:00.000,112741,NZ DOLLAR,31708,11030,1958,2113,2567,15080,24458,110,515,2594,1429
2007-08-14T00:00:00.000,232741,AUSTRALIAN DOLLAR,105080,36393,15992,3337,9743,30419,59222,0,2743,26308,8757
2007-08-21T00:00:00.000,090741,CANADIAN DOLLAR,128591,40953,12366,7095,5758,34356,71747,4937,4165,26455,19760
2007-08-21T00:00:00.000,092741,SWISS FRANC,111735,13457,21305,431,1281,81635,69898,450,3263,11860,12086
2007-08-21T00:00:00.000,096742,BRITISH POUND,117568,43546,9108,1864,18595,43091,63109,282,4021,23537,17487
2007-08-21T00:00:00.000,097741,JAPANESE YEN,273008,31831,42973,23385,16505,162183,174046,7635,4277,35606,22839
2007-08-21T00:00:00.000,098662,USD INDEX,25793,3151,14547,0,588,14855,682,467,1791,1671,2536
2007-08-21T00:00:00.000,099741,EURO FX,216026,44309,21312,24463,17991,75512,125638,8603,8322,47958,27582
2007-08-21T00:00:00.000,112741,NZ DOLLAR,29542,8159,2852,1036,3182,16348,20186,300,480,2336,1479
2007-08-21T00:00:00.000,232741,AUSTRALIAN DOLLAR,95901,20172,15796,2572,10271,47437,52448,534,2543,19427,9084
2007-08-28T00:00:00.000,090741,CANADIAN DOLLAR,133856,48565,15079,7236,5758,35388,76927,4000,4023,26807,20209
2007-08-28T00:00:00.000,092741,SWISS FRANC,118870,14906,25689,436,1432,87640,71006,450,3632,11622,13295
2007-08-28T00:00:00.000,096742,BRITISH POUND,123570,48715,11327,1539,19301,46033,66121,792,4951,20926,16305
2007-08-28T00:00:00.000,097741,JAPANESE YEN,276995,31475,40275,24366,15222,163234,180294,8759,4734,35389,22698
2007-08-28T00:00:00.000,098662,USD INDEX,23662,2727,14799,0,263,15080,624,470,1701,1613,2503
2007-08-28T00:00:00.000,099741,EURO FX,221098,45442,20754,24127,19111,85514,128439,8813,7322,43192,31462
2007-08-28T00:00:00.000,112741,NZ DOLLAR,29236,4270,4873,1186,1514,18777,18283,856,469,2508,2458
2007-08-28T00:00:00.000,232741,AUSTRALIAN DOLLAR,96642,18038,8109,2118,10634,51414,58686,0,1697,19822,12266
2007-09-04T00:00:00.000,090741,CANADIAN DOLLAR,135940,53196,13283,8375,5758,31932,82701,4955,6518,28239,18437
2007-09-04T00:00:00.000,092741,SWISS FRANC,131156,8558,36884,581,1480,100677,67546,450,3172,13002,14186
2007-09-04T00:00:00.000,096742,BRITISH POUND,125940,50510,8229,2121,19631,44937,71229,166,4086,22477,17036
2007-09-04T00:00:00.000,097741,JAPANESE YEN,269834,20937,48604,23779,15215,166566,165351,10769,3297,34023,23607
2007-09-04T00:00:00.000,098662,USD INDEX,24242,3316,15733,0,409,15440,530,439,1721,1772,2574
2007-09-04T00:00:00.000,099741,EURO FX,221662,50636,20161,24839,18944,76786,133960,9950,7114,48761,30793
2007-09-04T00:00:00.000,112741,NZ DOLLAR,29416,6725,5201,1015,1883,18154,18920,0,602,2184,1472
2007-09-04T00:00:00.000,232741,AUSTRALIAN DOLLAR,103527,30423,7746,2836,11402,43989,60464,0,3681,18480,12435
2007-09-11T00:00:00.000,090741,CANADIAN DOLLAR,145388,57500,11129,8776,5587,27991,92447,4981,4078,32598,18605
2007-09-11T00:00:00.000,092741,SWISS FRANC,136045,20812,15166,579,450,73371,83275,3086,3025,17484,13416
2007-09-11T00:00:00.000,096742,BRITISH POUND,143188,62086,6393,2215,19658,36953,78375,519,4082,25281,18546
2007-09-11T00:00:00.000,097741,JAPANESE YEN,299538,29685,39121,19064,15491,167847,181963,9519,3513,40348,26375
2007-09-11T00:00:00.000,098662,USD INDEX,34474,6211,21902,0,629,20872,595,455,2052,1515,3875
2007-09-11T00:00:00.000,099741,EURO FX,235169,58787,17642,25212,19481,61997,136110,9509,4650,53168,30790
2007-09-11T00:00:00.000,112741,NZ DOLLAR,33398,9708,4614,1134,2400,17427,20951,0,872,2173,1605
2007-09-11T00:00:00.000,232741,AUSTRALIAN DOLLAR,106674,33125,3644,3754,11368,35532,63934,0,4144,22093,11414
2007-09-18T00:00:00.000,090741,CANADIAN DOLLAR,167680,71295,7693,10899,2587,21152,109593,4889,1231,38067,25198
2007-09-18T00:00:00.000,092741,SWISS FRANC,66122,25859,19348,1023,964,12060,31859,3515,2417,21032,8901
2007-09-18T00:00:00.000,096742,BRITISH POUND,78793,35987,11182,2308,18059,16542,27270,532,5183,21642,15317
2007-09-18T00:00:00.000,097741,JAPANESE YEN,168189,18869,47605,15223,15605,93425,79267,6550,3034,31838,20394
2007-09-18T00:00:00.000,098662,USD INDEX,39341,7487,28673,0,1026,27243,912,486,2237,1649,4017
2007-09-18T00:00:00.000,099741,EURO FX,203437,95224,13531,25028,20514,11505,130926,12784,4989,53891,28472
2007-09-18T00:00:00.000,112741,NZ DOLLAR,19015,9885,3453,1036,2023,5565,11166,0,461,1864,1247
2007-09-18T00:00:00.000,232741,AUSTRALIAN DOLLAR,59950,30755,2852,4310,11324,1794,35110,0,3104,22486,6955
2007-09-25T00:00:00.000,090741,CANADIAN DOLLAR,126605,69069,8340,10981,2587,5428,88350,4906,1919,32820,22008
2007-09-25T00:00:00.000,092741,SWISS FRANC,70582,27152,24715,593,1008,11977,29668,5069,2417,23127,10110
2007-09-25T00:00:00.000,096742,BRITISH POUND,85124,43407,9423,2241,19554,17995,34788,0,4517,20137,15498
2007-09-25T00:00:00.000,097741,JAPANESE YEN,171770,27363,35438,14512,17584,87429,92767,6789,3026,32831,20109
2007-09-25T00:00:00.000,098662,USD INDEX,40781,6241,30193,0,1076,30202,1075,589,2263,1430,3855
2007-09-25T00:00:00.000,099741,EURO FX,209652,88631,23076,24940,21091,16890,114685,14866,4706,55655,37424
2007-09-25T00:00:00.000,112741,NZ DOLLAR,21124,10503,3715,2417,893,5079,13255,100,1256,2384,1364
2007-09-25T00:00:00.000,232741,AUSTRALIAN DOLLAR,74017,42204,2377,5611,9491,2231,51447,0,3377,22856,6210
2007-10-02T00:00:00.000,090741,CANADIAN DOLLAR,144193,83635,8177,11610,2519,5752,109329,4677,1749,35386,19286
2007-10-02T00:00:00.000,092741,SWISS FRANC,75617,28039,32070,593,1606,13909,26713,5091,2417,24963,9789
2007-10-02T00:00:00.000,096742,BRITISH POUND,98589,52480,15674,2220,19790,17454,40423,968,2600,23511,18146
2007-10-02T00:00:00.000,097741,JAPANESE YEN,197060,16140,46203,15032,19123,123567,103096,6312,2980,33020,22669
2007-10-02T00:00:00.000,098662,USD INDEX,40574,5825,30184,0,937,30320,1013,500,2414,1650,3747
2007-10-02T00:00:00.000,099741,EURO FX,214561,103706,22405,24821,21222,9814,121967,12402,4271,56469,37347
2007-10-02T00:00:00.000,112741,NZ DOLLAR,25717,14989,3380,2950,1013,4499,19147,210,438,2435,1105
2007-10-02T00:00:00.000,232741,AUSTRALIAN DOLLAR,97556,59331,3603,9321,9332,3082,75625,446,1732,24970,6858
2007-10-09T00:00:00.000,090741,CANADIAN DOLLAR,157628,97671,8147,11530,2019,5915,122408,3283,2436,35661,19050
2007-10-09T00:00:00.000,092741,SWISS FRANC,70197,19346,28985,1048,1355,17795,23837,5302,2417,23430,10327
2007-10-09T00:00:00.000,096742,BRITISH POUND,108741,50575,18292,2222,19912,26768,47012,1611,2600,24751,18111
2007-10-09T00:00:00.000,097741,JAPANESE YEN,224347,25114,64795,15722,19751,142450,110465,5731,2503,32368,23871
2007-10-09T00:00:00.000,098662,USD INDEX,40580,5514,30653,0,835,30232,1005,567,1997,1897,3720
2007-10-09T00:00:00.000,099741,EURO FX,204193,88321,16924,24772,22132,10799,112869,12267,6743,58003,35494
2007-10-09T00:00:00.000,112741,NZ DOLLAR,29258,18812,2943,2629,1019,4489,23530,0,669,2670,439
2007-10-09T00:00:00.000,232741,AUSTRALIAN DOLLAR,95293,53215,3327,10088,9332,3421,73136,2784,1844,24938,6807
2007-10-16T00:00:00.000,090741,CANADIAN DOLLAR,147428,86830,8292,10615,2019,6184,108677,3505,2522,36336,21960
2007-10-16T00:00:00.000,092741,SWISS FRANC,76520,17353,31832,440,1355,28344,24785,5302,2417,21772,12822
2007-10-16T00:00:00.000,096742,BRITISH POUND,108213,53495,10564,2271,20131,22048,55189,1610,1600,25997,17937
2007-10-16T00:00:00.000,097741,JAPANESE YEN,228334,32684,68378,15120,20276,140179,108525,5471,2907,31706,25074
2007-10-16T00:00:00.000,098662,USD INDEX,39583,4443,29643,0,834,30071,827,415,1901,2256,3980
2007-10-16T00:00:00.000,099741,EURO FX,208345,85511,21735,25459,23515,18641,113634,11185,3757,56755,34910
2007-10-16T00:00:00.000,112741,NZ DOLLAR,30684,19647,3112,3133,1033,4535,23646,130,422,2581,1813
2007-10-16T00:00:00.000,232741,AUSTRALIAN DOLLAR,96797,57213,3251,9373,9317,4098,73343,770,1714,24281,8110
2007-10-23T00:00:00.000,090741,CANADIAN DOLLAR,140205,76489,8575,11663,2019,9292,99318,3370,2565,34313,22650
2007-10-23T00:00:00.000,092741,SWISS FRANC,69629,22007,22274,440,450,18428,27147,3166,2842,22082,13410
2007-10-23T00:00:00.000,096742,BRITISH POUND,124112,53899,15963,2250,20548,41198,64826,565,1450,24101,19226
2007-10-23T00:00:00.000,097741,JAPANESE YEN,225032,39600,54350,13614,19585,130155,124154,5833,1823,32000,21290
2007-10-23T00:00:00.000,098662,USD INDEX,41114,6156,30756,0,960,30029,880,235,2069,2358,4113
2007-10-23T00:00:00.000,099741,EURO FX,195913,72610,24082,24931,23661,24225,94850,9776,4580,54037,38406
2007-10-23T00:00:00.000,112741,NZ DOLLAR,30493,18852,3931,2629,1049,5035,22785,191,416,3183,1709
2007-10-23T00:00:00.000,232741,AUSTRALIAN DOLLAR,85160,45350,3545,8392,8952,4738,61916,1963,1678,23692,8044
2007-10-30T00:00:00.000,090741,CANADIAN DOLLAR,137711,71491,6867,11893,2019,13337,98934,3273,2727,33393,22840
2007-10-30T00:00:00.000,092741,SWISS FRANC,72401,27775,20761,440,450,14423,33704,3116,4033,23034,9840
2007-10-30T00:00:00.000,096742,BRITISH POUND,138550,67817,16265,1962,19831,39679,78940,0,950,26892,20364
2007-10-30T00:00:00.000,097741,JAPANESE YEN,222002,50414,53271,13540,19513,114674,125699,6363,500,33822,19830
2007-10-30T00:00:00.000,098662,USD INDEX,41134,5740,30180,0,1187,29321,827,1284,2171,2307,4287
2007-10-30T00:00:00.000,099741,EURO FX,199482,70718,23170,25377,23945,26657,100817,11274,4344,55865,37615
2007-10-30T00:00:00.000,112741,NZ DOLLAR,26253,13973,4076,3011,1051,4948,19041,789,416,2920,1057
2007-10-30T00:00:00.000,232741,AUSTRALIAN DOLLAR,88532,48405,4787,8067,8883,5282,65890,900,1751,24944,6287
2007-11-06T00:00:00.000,090741,CANADIAN DOLLAR,138502,70043,8556,11976,2016,12426,90790,4180,3215,32332,26380
2007-11-06T00:00:00.000,092741,SWISS FRANC,86821,29254,31012,450,1583,25626,36092,2649,3417,25195,11070
2007-11-06T00:00:00.000,096742,BRITISH POUND,147306,74603,19320,2259,20066,39967,84094,1041,950,26467,19907
2007-11-06T00:00:00.000,097741,JAPANESE YEN,216041,53568,56023,15613,16625,104060,119409,6010,1331,33452,19315
2007-11-06T00:00:00.000,098662,USD INDEX,41317,5246,30661,0,1194,28498,645,2393,2212,2786,4211
2007-11-06T00:00:00.000,099741,EURO FX,217765,81008,28136,24237,24931,32864,113465,11434,3580,58947,38378
2007-11-06T00:00:00.000,112741,NZ DOLLAR,25305,13028,4018,2558,1042,5173,18119,714,403,3214,1105
2007-11-06T00:00:00.000,232741,AUSTRALIAN DOLLAR,93618,52951,4516,8117,8999,4868,68949,1300,1775,25257,8254
2007-11-13T00:00:00.000,090741,CANADIAN DOLLAR,121478,45974,6083,10517,2016,17070,78585,3929,2184,31397,20019
2007-11-13T00:00:00.000,092741,SWISS FRANC,77136,29234,16970,0,450,15251,41054,2649,3417,26391,11634
2007-11-13T00:00:00.000,096742,BRITISH POUND,123575,59367,10719,1818,18571,34120,71272,1181,750,24021,19195
2007-11-13T00:00:00.000,097741,JAPANESE YEN,190955,43165,28135,16059,14220,81828,122593,6495,1289,40022,21332
2007-11-13T00:00:00.000,098662,USD INDEX,37711,1550,27176,62,879,26638,715,3387,2257,3503,4113
2007-11-13T00:00:00.000,099741,EURO FX,219866,67075,29570,24200,23872,52712,112023,10218,5134,55209,38815
2007-11-13T00:00:00.000,112741,NZ DOLLAR,24117,10184,4737,2146,1248,7423,16112,960,389,2963,1190
2007-11-13T00:00:00.000,232741,AUSTRALIAN DOLLAR,78011,35131,3843,5196,8484,6456,50350,2745,1160,22928,8619
2007-11-20T00:00:00.000,090741,CANADIAN DOLLAR,109533,32650,6849,9561,2011,17994,62257,4447,1988,28734,20281
2007-11-20T00:00:00.000,092741,SWISS FRANC,83181,33576,22374,1740,450,13861,43327,2649,2417,26889,10147
2007-11-20T00:00:00.000,096742,BRITISH POUND,122587,50194,11736,968,23587,43477,63804,1065,1036,22753,18294
2007-11-20T00:00:00.000,097741,JAPANESE YEN,193209,47441,25402,13941,20767,80153,123051,6840,500,41145,19800
2007-11-20T00:00:00.000,098662,USD INDEX,38488,2506,28296,62,933,26696,716,3586,2200,3166,3871
2007-11-20T00:00:00.000,099741,EURO FX,227240,69460,32056,23856,27002,56656,112104,10263,3277,57102,42898
2007-11-20T00:00:00.000,112741,NZ DOLLAR,23219,7409,4505,2409,1248,10050,15708,100,525,2775,757
2007-11-20T00:00:00.000,232741,AUSTRALIAN DOLLAR,70026,30755,2541,3393,11699,9371,42210,900,1018,20298,7249
2007-11-27T00:00:00.000,090741,CANADIAN DOLLAR,112354,30411,7890,9536,2018,23762,64354,4562,2495,27434,18948
2007-11-27T00:00:00.000,092741,SWISS FRANC,81879,32995,22734,1605,450,16153,41564,2584,3094,24203,9698
2007-11-27T00:00:00.000,096742,BRITISH POUND,121270,52094,13752,968,23936,42179,58812,0,700,21503,19544
2007-11-27T00:00:00.000,097741,JAPANESE YEN,192574,45459,24126,14688,20420,81369,125878,7733,900,39199,17124
2007-11-27T00:00:00.000,098662,USD INDEX,38395,2337,27504,62,1553,26505,729,3624,2260,3420,3902
2007-11-27T00:00:00.000,099741,EURO FX,222881,63437,18378,23490,25922,55609,116243,11230,6313,54492,41402
2007-11-27T00:00:00.000,112741,NZ DOLLAR,22618,6637,4503,2112,1248,10680,15111,317,356,2457,985
2007-11-27T00:00:00.000,232741,AUSTRALIAN DOLLAR,64572,23852,2820,2474,12510,12473,35004,900,933,20331,8763
2007-12-04T00:00:00.000,090741,CANADIAN DOLLAR,114020,28905,14268,9783,2016,22197,59437,4011,2575,29957,16557
2007-12-04T00:00:00.000,092741,SWISS FRANC,77920,24963,22128,1684,904,23530,38970,2160,2417,21292,9210
2007-12-04T00:00:00.000,096742,BRITISH POUND,117681,46578,11747,553,18144,41477,61877,0,495,24241,20586
2007-12-04T00:00:00.000,097741,JAPANESE YEN,195761,47603,27787,12934,18195,84899,127481,7932,1102,38364,17167
2007-12-04T00:00:00.000,098662,USD INDEX,37432,1709,26669,0,1666,25510,514,3799,1871,3608,3906
2007-12-04T00:00:00.000,099741,EURO FX,236107,68060,18048,22896,20692,56040,123603,9053,6780,54378,41304
2007-12-04T00:00:00.000,112741,NZ DOLLAR,22019,8746,3286,2749,1037,7458,15761,100,507,2328,790
2007-12-04T00:00:00.000,232741,AUSTRALIAN DOLLAR,67940,25444,6382,1709,8619,12800,35929,1506,900,20788,10417
2007-12-11T00:00:00.000,090741,CANADIAN DOLLAR,118951,24772,10488,10969,516,20737,61437,3016,1719,32061,17395
2007-12-11T00:00:00.000,092741,SWISS FRANC,86792,23849,23328,2763,904,25336,38240,2160,2826,19859,8669
2007-12-11T00:00:00.000,096742,BRITISH POUND,157832,35142,14164,565,56573,87879,51135,0,0,17046,18760
2007-12-11T00:00:00.000,097741,JAPANESE YEN,218614,40150,25396,13684,11565,80874,124418,8720,500,35886,17435
2007-12-11T00:00:00.000,098662,USD INDEX,44569,2128,26216,0,2610,23982,180,3901,1782,4371,3594
2007-12-11T00:00:00.000,099741,EURO FX,259477,60608,20836,26161,18594,60694,127865,11320,3875,50804,38417
2007-12-11T00:00:00.000,112741,NZ DOLLAR,27458,8283,2347,4190,1037,6080,16883,320,362,3675,1919
2007-12-11T00:00:00.000,232741,AUSTRALIAN DOLLAR,75747,29339,1311,3044,8452,10478,46763,628,795,21987,8155
2007-12-18T00:00:00.000,090741,CANADIAN DOLLAR,121294,27923,9246,11222,535,19895,62560,4063,1952,29100,17910
2007-12-18T00:00:00.000,092741,SWISS FRANC,60246,15355,21337,1809,450,21385,26133,1776,1000,19211,10616
2007-12-18T00:00:00.000,096742,BRITISH POUND,66527,30481,13248,1824,14485,9725,11989,0,496,16348,18160
2007-12-18T00:00:00.000,097741,JAPANESE YEN,176620,30687,30829,12182,3618,68220,96855,7956,0,29302,17045
2007-12-18T00:00:00.000,098662,USD INDEX,34423,7737,5317,0,2098,17991,18617,904,2004,4617,3213
2007-12-18T00:00:00.000,099741,EURO FX,150165,46533,26174,19226,14007,25281,65085,6440,5880,47518,33852
2007-12-18T00:00:00.000,112741,NZ DOLLAR,19080,9079,2687,2955,1035,3543,14781,128,367,3243,78
2007-12-18T00:00:00.000,232741,AUSTRALIAN DOLLAR,54969,18061,7519,415,5820,9254,30517,3037,687,21476,7700
2007-12-24T00:00:00.000,090741,CANADIAN DOLLAR,77357,18957,11883,14033,535,8289,43067,3797,1395,27080,15276
2007-12-24T00:00:00.000,092741,SWISS FRANC,60681,13858,22795,1471,450,24626,27114,1293,0,18069,8958
2007-12-24T00:00:00.000,096742,BRITISH POUND,74898,32125,18515,2077,14474,13818,12135,733,496,17924,21057
2007-12-24T00:00:00.000,097741,JAPANESE YEN,180033,26152,33920,12181,5227,80684,93187,5698,525,26914,18770
2007-12-24T00:00:00.000,098662,USD INDEX,33192,7687,3587,0,1977,17788,19748,767,1988,4077,3019
2007-12-24T00:00:00.000,099741,EURO FX,157379,48065,34141,18356,14376,35684,67159,6437,4841,43349,31374
2007-12-24T00:00:00.000,112741,NZ DOLLAR,20826,11464,1608,1896,2240,4123,14646,0,370,2457,1076
2007-12-24T00:00:00.000,232741,AUSTRALIAN DOLLAR,57131,19812,9751,3293,5083,8465,30051,688,1948,21689,7114
2007-12-31T00:00:00.000,090741,CANADIAN DOLLAR,83024,22043,9457,15527,535,9160,49923,3715,1416,27360,16474
2007-12-31T00:00:00.000,092741,SWISS FRANC,61358,14574,23385,5817,450,21931,28597,1738,0,16774,8402
2007-12-31T00:00:00.000,096742,BRITISH POUND,78638,28971,22679,2160,14812,24356,11520,0,496,14766,20746
2007-12-31T00:00:00.000,097741,JAPANESE YEN,181412,25506,35741,16580,4130,76361,94193,7088,0,27839,19310
2007-12-31T00:00:00.000,098662,USD INDEX,34016,8627,4449,0,2707,19344,19609,360,1911,3398,3053
2007-12-31T00:00:00.000,099741,EURO FX,166421,47563,37528,19886,14341,40799,67578,6444,3101,44951,37095
2007-12-31T00:00:00.000,112741,NZ DOLLAR,21344,12601,1378,2351,2614,3831,15485,0,977,2231,560
2007-12-31T00:00:00.000,232741,AUSTRALIAN DOLLAR,60423,22066,8068,6142,5165,7659,37009,1964,619,20582,7552
2008-01-08T00:00:00.000,090741,CANADIAN DOLLAR,82454,19985,13224,12780,535,10233,44461,3373,1410,29413,16154
2008-01-08T00:00:00.000,092741,SWISS FRANC,62749,15125,24564,6000,450,18783,28752,1602,1000,20680,7424
2008-01-08T00:00:00.000,096742,BRITISH POUND,86731,29616,24860,2761,15254,25417,12923,723,496,17604,22588
2008-01-08T00:00:00.000,097741,JAPANESE YEN,193786,42381,21556,20979,3914,61148,119131,7686,0,31948,19541
2008-01-08T00:00:00.000,098662,USD INDEX,37030,9308,7457,19,2798,21581,18783,287,1912,3442,3687
2008-01-08T00:00:00.000,099741,EURO FX,179512,60804,39143,23640,14757,27696,80622,9853,3107,50715,35079
2008-01-08T00:00:00.000,112741,NZ DOLLAR,21286,11997,932,1629,3130,3912,15598,448,365,2910,871
2008-01-08T00:00:00.000,232741,AUSTRALIAN DOLLAR,78398,30081,11592,8407,5165,7104,47857,1322,586,29069,10783
2008-01-15T00:00:00.000,090741,CANADIAN DOLLAR,81827,17647,14470,9266,535,14491,39602,2909,1410,28811,17107
2008-01-15T00:00:00.000,092741,SWISS FRANC,67556,19979,21341,6232,450,15656,34170,1602,1000,22544,9052
2008-01-15T00:00:00.000,096742,BRITISH POUND,84161,32162,23161,2541,14713,18859,10357,0,496,19059,23894
2008-01-15T00:00:00.000,097741,JAPANESE YEN,202548,40717,22822,23371,4209,66751,124143,6543,0,35273,21481
2008-01-15T00:00:00.000,098662,USD INDEX,39456,10829,9541,19,2899,22762,19429,368,2161,3228,3176
2008-01-15T00:00:00.000,099741,EURO FX,177003,54267,36209,24943,18246,26674,73752,11520,4136,51636,36697
2008-01-15T00:00:00.000,112741,NZ DOLLAR,22467,13794,678,1632,3129,3819,17490,101,362,2932,619
2008-01-15T00:00:00.000,232741,AUSTRALIAN DOLLAR,81641,35139,13814,8383,5155,6098,50205,1342,842,27297,8243
2008-01-22T00:00:00.000,090741,CANADIAN DOLLAR,86378,21077,16997,8318,1008,15430,37193,3606,1413,28170,19990
2008-01-22T00:00:00.000,092741,SWISS FRANC,71705,27719,12373,1070,450,15901,49905,1602,1000,24315,6879
2008-01-22T00:00:00.000,096742,BRITISH POUND,93381,30706,27180,2155,11880,29506,13097,0,1296,17537,26451
2008-01-22T00:00:00.000,097741,JAPANESE YEN,193308,42520,21908,14326,4561,63689,116940,7596,0,35965,20687
2008-01-22T00:00:00.000,098662,USD INDEX,35993,6812,8836,19,687,22569,19497,520,2022,3699,2577
2008-01-22T00:00:00.000,099741,EURO FX,184289,42879,41425,21557,18412,45189,64704,8065,5269,53761,41641
2008-01-22T00:00:00.000,112741,NZ DOLLAR,21818,12336,2497,1046,3806,4887,13031,207,508,2612,1246
2008-01-22T00:00:00.000,232741,AUSTRALIAN DOLLAR,68055,18279,16768,6504,5285,14035,28540,723,774,24383,12557
2008-01-29T00:00:00.000,090741,CANADIAN DOLLAR,90907,23708,19948,8493,4893,18371,37150,2996,1458,29012,19131
2008-01-29T00:00:00.000,092741,SWISS FRANC,70806,27938,18258,1070,450,16312,41138,1602,1000,22605,8681
2008-01-29T00:00:00.000,096742,BRITISH POUND,92484,36286,25174,2649,12698,26809,19827,0,1497,15120,21668
2008-01-29T00:00:00.000,097741,JAPANESE YEN,206162,55776,22997,14725,4439,65578,131476,7618,0,33876,18661
2008-01-29T00:00:00.000,098662,USD INDEX,39342,8256,11669,19,656,25185,19578,600,2176,2975,2956
2008-01-29T00:00:00.000,099741,EURO FX,187780,44621,40506,21467,17425,51214,72964,7146,5221,45963,34295
2008-01-29T00:00:00.000,112741,NZ DOLLAR,20854,10840,2407,1100,3204,5298,13018,299,355,2559,1112
2008-01-29T00:00:00.000,232741,AUSTRALIAN DOLLAR,65613,27667,9887,5512,6013,3698,33658,551,1517,23831,10184
2008-02-05T00:00:00.000,090741,CANADIAN DOLLAR,93574,24579,15577,10356,7420,17508,44551,4142,1530,29159,16666
2008-02-05T00:00:00.000,092741,SWISS FRANC,64353,21495,16703,0,450,17344,35697,1602,1000,22582,9173
2008-02-05T00:00:00.000,096742,BRITISH POUND,93616,31480,28744,4693,11161,27744,14983,0,1497,16691,24223
2008-02-05T00:00:00.000,097741,JAPANESE YEN,225290,62624,35963,15282,5617,76301,135762,7542,1,35354,19760
2008-02-05T00:00:00.000,098662,USD INDEX,43742,7040,14870,1117,816,28976,19043,355,2256,3867,4370
2008-02-05T00:00:00.000,099741,EURO FX,199494,44196,40567,19733,18202,57052,73746,7306,6074,50762,40460
2008-02-05T00:00:00.000,112741,NZ DOLLAR,23061,13273,1061,1189,4890,5258,15279,100,507,2965,1048
2008-02-05T00:00:00.000,232741,AUSTRALIAN DOLLAR,73676,40392,8320,2740,6375,2612,45453,2218,896,23106,10024
2008-02-12T00:00:00.000,090741,CANADIAN DOLLAR,101187,35195,13351,10939,7760,12464,57193,4020,2264,33758,15808
2008-02-12T00:00:00.000,092741,SWISS FRANC,57989,17596,11148,0,450,15049,36142,1602,1000,22405,7912
2008-02-12T00:00:00.000,096742,BRITISH POUND,96936,28064,30734,4332,11784,33111,13883,896,1496,17749,26255
2008-02-12T00:00:00.000,097741,JAPANESE YEN,231216,50804,36188,15479,5718,92334,135985,7272,0,35826,23824
2008-02-12T00:00:00.000,098662,USD INDEX,36980,5178,9032,1298,718,24091,19118,458,1829,3606,3934
2008-02-12T00:00:00.000,099741,EURO FX,207601,33149,43001,20296,17098,81263,76794,5150,8007,47015,41973
2008-02-12T00:00:00.000,112741,NZ DOLLAR,24074,14096,1015,1169,4852,5423,16336,0,508,3056,1033
2008-02-12T00:00:00.000,232741,AUSTRALIAN DOLLAR,86843,50199,11640,2473,6733,2093,55895,2282,1813,27210,8176
2008-02-19T00:00:00.000,090741,CANADIAN DOLLAR,95614,25742,12071,11658,7434,14200,48553,5189,1530,32452,19653
2008-02-19T00:00:00.000,092741,SWISS FRANC,68500,22725,20806,439,450,21034,34620,1289,1526,21129,9214
2008-02-19T00:00:00.000,096742,BRITISH POUND,94673,19862,29718,4380,11497,39363,13503,972,1196,18290,26953
2008-02-19T00:00:00.000,097741,JAPANESE YEN,237223,57377,41240,15690,5826,90427,139187,6365,447,37495,20654
2008-02-19T00:00:00.000,098662,USD INDEX,39574,6081,12451,1398,706,25267,19118,1556,1767,3653,3913
2008-02-19T00:00:00.000,099741,EURO FX,209143,41386,43320,19221,17553,80128,77395,3184,9922,45648,41377
2008-02-19T00:00:00.000,112741,NZ DOLLAR,24663,13880,1105,1047,4892,6228,16794,138,412,3064,1154
2008-02-19T00:00:00.000,232741,AUSTRALIAN DOLLAR,94144,56298,13199,2550,7019,2249,60419,2282,1008,27637,9371
2008-02-26T00:00:00.000,090741,CANADIAN DOLLAR,110073,44453,14464,12327,7101,10451,63630,4453,1993,31652,16148
2008-02-26T00:00:00.000,092741,SWISS FRANC,78947,28868,21823,991,450,21040,43148,2591,1858,23155,9366
2008-02-26T00:00:00.000,096742,BRITISH POUND,95018,26307,17868,4402,10046,32526,28764,1026,1596,18550,24537
2008-02-26T00:00:00.000,097741,JAPANESE YEN,235856,46904,44844,16239,5935,100257,130032,5574,1023,34327,21467
2008-02-26T00:00:00.000,098662,USD INDEX,46256,9557,17112,1198,861,28876,19055,1474,2120,3146,5103
2008-02-26T00:00:00.000,099741,EURO FX,217521,56943,40745,17642,19741,65422,84631,5098,8071,51093,43010
2008-02-26T00:00:00.000,112741,NZ DOLLAR,25565,13495,876,1103,5022,7364,17843,0,414,3293,1100
2008-02-26T00:00:00.000,232741,AUSTRALIAN DOLLAR,94774,54093,14881,2573,7515,2587,59343,4131,1080,28192,8757
2008-03-04T00:00:00.000,090741,CANADIAN DOLLAR,117986,49515,15993,12392,7101,10783,69939,5473,1655,33438,16913
2008-03-04T00:00:00.000,092741,SWISS FRANC,81574,23388,22636,1063,450,25855,45045,2094,1400,26795,9664
2008-03-04T00:00:00.000,096742,BRITISH POUND,100067,33509,12758,4373,11027,28849,40982,1333,896,21222,23623
2008-03-04T00:00:00.000,097741,JAPANESE YEN,254859,87909,46341,15516,3432,70454,152672,7487,440,42443,20924
2008-03-04T00:00:00.000,098662,USD INDEX,47078,9612,17057,1099,1342,29752,19238,1529,2400,3041,4996
2008-03-04T00:00:00.000,099741,EURO FX,226280,54400,46974,19948,18066,67511,84963,5094,6252,50698,41396
2008-03-04T00:00:00.000,112741,NZ DOLLAR,24541,11817,995,984,4863,8314,16976,292,421,2839,991
2008-03-04T00:00:00.000,232741,AUSTRALIAN DOLLAR,90774,50372,13787,1752,7309,3023,56194,3891,1145,28807,9410
2008-03-11T00:00:00.000,090741,CANADIAN DOLLAR,117606,35996,16311,13004,7092,13286,60569,7983,2229,33476,17544
2008-03-11T00:00:00.000,092741,SWISS FRANC,90384,24039,26041,1145,576,29418,43396,1930,1450,24769,9838
2008-03-11T00:00:00.000,096742,BRITISH POUND,109031,36270,13572,4081,11176,32116,43516,2808,1031,16935,22915
2008-03-11T00:00:00.000,097741,JAPANESE YEN,234069,79661,39990,14328,4060,70794,145660,6328,1490,37547,17458
2008-03-11T00:00:00.000,098662,USD INDEX,55391,10948,23073,1099,1925,31724,19284,3554,2192,3907,4758
2008-03-11T00:00:00.000,099741,EURO FX,245172,57051,56192,20396,18057,65639,66976,4098,9874,42679,38764
2008-03-11T00:00:00.000,112741,NZ DOLLAR,25732,10201,781,825,4503,8910,16285,180,321,2779,1005
2008-03-11T00:00:00.000,232741,AUSTRALIAN DOLLAR,93044,43066,12561,1649,7481,5410,50517,3161,912,27439,9254
2008-03-18T00:00:00.000,090741,CANADIAN DOLLAR,127275,32112,19052,12955,7407,13407,49542,9393,2214,30123,19775
2008-03-18T00:00:00.000,092741,SWISS FRANC,54366,22384,8695,1145,450,5952,34664,1830,1500,22726,8728
2008-03-18T00:00:00.000,096742,BRITISH POUND,83249,47386,14095,5503,10967,9681,37302,1957,971,17214,18406
2008-03-18T00:00:00.000,097741,JAPANESE YEN,193580,82871,25344,14905,4461,52574,144998,6183,635,33837,14932
2008-03-18T00:00:00.000,098662,USD INDEX,43911,4571,19378,402,2668,26935,13507,6096,2071,4286,4666
2008-03-18T00:00:00.000,099741,EURO FX,162474,54498,57359,20782,19553,26485,26039,4913,8212,47511,43026
2008-03-18T00:00:00.000,112741,NZ DOLLAR,17754,9512,3039,822,3419,4162,9721,277,308,2637,923
2008-03-18T00:00:00.000,232741,AUSTRALIAN DOLLAR,72466,35042,6231,2191,7610,4879,44877,3131,1106,25838,11257
2008-03-25T00:00:00.000,090741,CANADIAN DOLLAR,98867,15608,23736,12503,7407,26646,40616,9032,2630,26587,15987
2008-03-25T00:00:00.000,092741,SWISS FRANC,57488,27885,15050,1147,450,7030,32643,930,1500,20138,7487
2008-03-25T00:00:00.000,096742,BRITISH POUND,78111,41391,16295,2786,11222,15953,28341,557,1215,15506,19120
2008-03-25T00:00:00.000,097741,JAPANESE YEN,196616,90283,24512,16149,4631,53924,149003,2891,635,29768,14234
2008-03-25T00:00:00.000,098662,USD INDEX,42371,8114,18605,401,1729,22996,13363,4157,1962,4443,4452
2008-03-25T00:00:00.000,099741,EURO FX,163586,72228,49461,20707,20038,17377,40984,3397,6800,42837,39263
2008-03-25T00:00:00.000,112741,NZ DOLLAR,18330,9208,4071,1931,344,3968,11771,0,609,2556,868
2008-03-25T00:00:00.000,232741,AUSTRALIAN DOLLAR,71646,31860,7378,521,9815,14058,43827,1374,1094,22361,8060
2008-04-01T00:00:00.000,090741,CANADIAN DOLLAR,100329,14380,24642,12874,7271,28105,39611,8371,2542,27096,16760
2008-04-01T00:00:00.000,092741,SWISS FRANC,56967,26922,17889,1647,450,9148,27361,930,2104,17913,8756
2008-04-01T00:00:00.000,096742,BRITISH POUND,98868,27107,31098,2786,11580,47316,28784,1596,1258,16213,22298
2008-04-01T00:00:00.000,097741,JAPANESE YEN,189206,76944,27818,15805,4083,56461,136224,4896,635,30572,15918
2008-04-01T00:00:00.000,098662,USD INDEX,42995,7883,18430,54,1789,22108,13233,4921,1944,5424,4994
2008-04-01T00:00:00.000,099741,EURO FX,165921,59500,43804,20954,20582,23686,41025,4685,6810,47223,43827
2008-04-01T00:00:00.000,112741,NZ DOLLAR,19790,8016,4274,2185,594,5495,12247,296,325,2898,1450
2008-04-01T00:00:00.000,232741,AUSTRALIAN DOLLAR,72433,33737,4064,998,10966,14004,46501,1392,1020,20842,8422
2008-04-08T00:00:00.000,090741,CANADIAN DOLLAR,106562,19679,28891,13841,7282,29921,41008,8301,2542,25539,17558
2008-04-08T00:00:00.000,092741,SWISS FRANC,57506,23632,15549,1655,450,11660,31486,930,1500,19279,8171
2008-04-08T00:00:00.000,096742,BRITISH POUND,99529,25117,36652,2982,10955,50297,24231,1316,1265,16187,22796
2008-04-08T00:00:00.000,097741,JAPANESE YEN,182491,66408,31373,14884,3823,62383,125595,3739,673,29368,15318
2008-04-08T00:00:00.000,098662,USD INDEX,41801,9104,18096,54,2032,21331,13608,5201,2044,3524,3434
2008-04-08T00:00:00.000,099741,EURO FX,174504,65643,43759,20673,19245,27763,52650,6409,6015,44050,42869
2008-04-08T00:00:00.000,112741,NZ DOLLAR,20951,8893,4509,2197,970,5843,12582,0,423,2875,1324
2008-04-08T00:00:00.000,232741,AUSTRALIAN DOLLAR,88174,54942,8777,930,11088,6198,59103,2056,1868,23724,7014
2008-04-15T00:00:00.000,090741,CANADIAN DOLLAR,104970,14132,26022,14096,7738,32471,41723,9954,2582,25145,17733
2008-04-15T00:00:00.000,092741,SWISS FRANC,61278,26900,13887,1672,874,12528,34468,930,1500,18803,10104
2008-04-15T00:00:00.000,096742,BRITISH POUND,113459,21996,38415,3007,12273,67882,29931,0,1215,14049,25100
2008-04-15T00:00:00.000,097741,JAPANESE YEN,177514,66337,24954,14973,4018,56627,121572,3152,665,28433,18313
2008-04-15T00:00:00.000,098662,USD INDEX,43202,10437,18292,54,2343,21320,13616,5076,2286,3545,3895
2008-04-15T00:00:00.000,099741,EURO FX,175248,59182,42160,20039,19837,31829,48929,5280,8312,47940,45032
2008-04-15T00:00:00.000,112741,NZ DOLLAR,22254,8087,5314,2197,1335,7000,12936,1041,310,2410,840
2008-04-15T00:00:00.000,232741,AUSTRALIAN DOLLAR,90258,52770,10656,527,11065,8783,58299,2765,1231,24542,8136
2008-04-22T00:00:00.000,090741,CANADIAN DOLLAR,105665,26356,20018,14013,6875,22879,55380,9589,2206,28310,16668
2008-04-22T00:00:00.000,092741,SWISS FRANC,59593,22679,15515,1510,874,15367,30727,450,1911,19012,9991
2008-04-22T00:00:00.000,096742,BRITISH POUND,115364,32239,22546,2788,12493,56887,48615,1060,2912,16257,22665
2008-04-22T00:00:00.000,097741,JAPANESE YEN,172737,38395,29678,15514,4286,76623,106690,2656,662,26097,17969
2008-04-22T00:00:00.000,098662,USD INDEX,45823,9587,21527,50,1898,24155,13706,5458,2169,3630,3580
2008-04-22T00:00:00.000,099741,EURO FX,178052,60272,40368,21306,20593,27559,47101,4673,8953,52003,48798
2008-04-22T00:00:00.000,112741,NZ DOLLAR,23365,9529,4754,2253,1560,6831,13526,0,330,2763,1206
2008-04-22T00:00:00.000,232741,AUSTRALIAN DOLLAR,101469,65671,9465,1450,10345,3417,71511,2061,1266,27559,7571
2008-04-29T00:00:00.000,090741,CANADIAN DOLLAR,98159,13114,18987,13646,6875,29063,46094,9324,2206,26135,17120
2008-04-29T00:00:00.000,092741,SWISS FRANC,59678,25523,10349,670,2458,16826,33467,450,1895,15638,10938
2008-04-29T00:00:00.000,096742,BRITISH POUND,131121,15763,35938,2788,12762,92552,49157,889,2215,13017,24937
2008-04-29T00:00:00.000,097741,JAPANESE YEN,166940,47889,19752,13722,4746,66200,112813,2576,1917,27637,18796
2008-04-29T00:00:00.000,098662,USD INDEX,36165,4500,13267,169,1154,20569,14157,3128,1476,4496,2808
2008-04-29T00:00:00.000,099741,EURO FX,191308,28168,45777,21336,21467,81075,56895,4868,8118,44984,48174
2008-04-29T00:00:00.000,112741,NZ DOLLAR,23624,7025,5059,2196,1850,9548,13607,482,357,2374,752
2008-04-29T00:00:00.000,232741,AUSTRALIAN DOLLAR,96564,54860,6754,1450,9288,8723,68435,2261,1430,27859,9246
2008-05-06T00:00:00.000,090741,CANADIAN DOLLAR,114709,30596,16251,14505,6874,23605,63364,9128,2775,31315,19885
2008-05-06T00:00:00.000,092741,SWISS FRANC,63405,16829,15966,717,2452,28745,28911,450,1000,16008,14420
2008-05-06T00:00:00.000,096742,BRITISH POUND,144702,12999,30820,2788,14153,108667,67301,0,2215,14453,24418
2008-05-06T00:00:00.000,097741,JAPANESE YEN,169098,43249,23603,14606,4858,69103,105496,2572,1456,26481,20598
2008-05-06T00:00:00.000,098662,USD INDEX,34667,5675,12655,1025,715,19124,14530,1476,906,4240,2734
2008-05-06T00:00:00.000,099741,EURO FX,204066,34565,48458,19480,22283,84952,70156,6589,7794,45475,42370
2008-05-06T00:00:00.000,112741,NZ DOLLAR,23946,8373,5073,1006,2072,9290,13276,254,464,3225,1263
2008-05-06T00:00:00.000,232741,AUSTRALIAN DOLLAR,106209,67555,10207,1455,7994,5520,75730,2286,1560,27838,9163
2008-05-13T00:00:00.000,090741,CANADIAN DOLLAR,108527,28628,14384,14694,6893,20316,61155,8910,2146,30270,18240
2008-05-13T00:00:00.000,092741,SWISS FRANC,69188,14108,25450,745,2400,33550,22712,450,2000,17056,13347
2008-05-13T00:00:00.000,096742,BRITISH POUND,165843,23328,37119,3513,14809,116193,76455,0,2615,16694,28730
2008-05-13T00:00:00.000,097741,JAPANESE YEN,174423,36108,30834,14965,4836,74639,100388,3686,635,25274,17979
2008-05-13T00:00:00.000,098662,USD INDEX,33434,4899,10771,1089,595,18599,15660,1322,625,4398,2656
2008-05-13T00:00:00.000,099741,EURO FX,207346,34124,44653,19891,22903,93068,76693,4561,8741,42036,40690
2008-05-13T00:00:00.000,112741,NZ DOLLAR,30377,9120,6668,828,6356,15463,13748,562,719,2783,1265
2008-05-13T00:00:00.000,232741,AUSTRALIAN DOLLAR,101516,59948,13349,1457,7009,12199,68184,2286,2285,23962,9025
2008-05-20T00:00:00.000,090741,CANADIAN DOLLAR,115665,33511,16005,16945,6893,16114,65649,8558,2206,34317,18692
2008-05-20T00:00:00.000,092741,SWISS FRANC,62984,18269,17699,752,2880,19875,23914,450,2725,19252,11380
2008-05-20T00:00:00.000,096742,BRITISH POUND,160094,21651,33304,2771,15300,113596,75873,0,4222,15260,24579
2008-05-20T00:00:00.000,097741,JAPANESE YEN,165388,41827,25925,14581,4820,61354,100079,2572,661,28580,17429
2008-05-20T00:00:00.000,098662,USD INDEX,38353,9329,15092,1427,940,19263,14966,1524,1045,3681,3181
2008-05-20T00:00:00.000,099741,EURO FX,212882,48111,43572,20160,23416,80876,82233,6006,8963,44508,41477
2008-05-20T00:00:00.000,112741,NZ DOLLAR,30921,9544,7352,661,6532,16681,13387,0,583,2320,1352
2008-05-20T00:00:00.000,232741,AUSTRALIAN DOLLAR,111047,64687,11610,1406,6282,11713,78767,2306,2832,29115,9736
2008-05-27T00:00:00.000,090741,CANADIAN DOLLAR,127620,50447,13752,16224,7193,12916,81108,9020,2206,34196,18544
2008-05-27T00:00:00.000,092741,SWISS FRANC,69571,17281,24478,765,1672,27680,24934,450,2909,19239,11422
2008-05-27T00:00:00.000,096742,BRITISH POUND,164058,23389,35347,5019,15227,113735,79834,498,2915,14895,24213
2008-05-27T00:00:00.000,097741,JAPANESE YEN,171688,41899,32171,14992,5321,62314,94543,2750,659,28610,17871
2008-05-27T00:00:00.000,098662,USD INDEX,39949,11133,16045,1410,970,19228,14971,1060,1343,3672,3174
2008-05-27T00:00:00.000,099741,EURO FX,222241,40397,40895,20906,23833,93849,91708,8508,12534,45667,40357
2008-05-27T00:00:00.000,112741,NZ DOLLAR,32124,9549,7496,648,6554,17120,13302,0,997,2341,1309
2008-05-27T00:00:00.000,232741,AUSTRALIAN DOLLAR,107884,59233,11013,1406,6309,11417,76855,3243,2203,30681,9600
2008-06-03T00:00:00.000,090741,CANADIAN DOLLAR,122819,42908,15514,16317,7194,13939,64980,9873,2206,33121,26264
2008-06-03T00:00:00.000,092741,SWISS FRANC,65317,11890,17021,765,1782,27309,19818,872,2693,17395,16917
2008-06-03T00:00:00.000,096742,BRITISH POUND,162647,14934,37927,5555,15348,113456,75470,2091,3115,19823,23999
2008-06-03T00:00:00.000,097741,JAPANESE YEN,164454,31830,33205,15012,5729,67317,71334,2173,685,26597,31976
2008-06-03T00:00:00.000,098662,USD INDEX,37903,10110,15485,1596,907,18321,14872,1469,1193,3631,2670
2008-06-03T00:00:00.000,099741,EURO FX,230633,36133,48614,19594,24925,110694,82036,7789,9616,42470,51489
2008-06-03T00:00:00.000,112741,NZ DOLLAR,32954,10425,7273,801,6445,15771,8328,0,850,2433,6534
2008-06-03T00:00:00.000,232741,AUSTRALIAN DOLLAR,109056,53202,7760,2152,6289,14788,69138,3733,2286,32903,21305
2008-06-10T00:00:00.000,090741,CANADIAN DOLLAR,123950,19384,23527,14301,6683,25168,47514,9558,3367,43368,30688
2008-06-10T00:00:00.000,092741,SWISS FRANC,68666,13522,15740,858,2087,22380,21239,1117,1992,18846,15665
2008-06-10T00:00:00.000,096742,BRITISH POUND,176947,21578,43116,6139,13906,110140,72872,1424,2217,17155,24325
2008-06-10T00:00:00.000,097741,JAPANESE YEN,202372,24766,32676,15126,4849,72402,69131,2294,635,25413,32710
2008-06-10T00:00:00.000,098662,USD INDEX,48962,11955,15773,1588,862,18127,15229,943,1413,3063,2399
2008-06-10T00:00:00.000,099741,EURO FX,254812,38622,43631,19679,24420,106534,85937,4801,9505,36852,42995
2008-06-10T00:00:00.000,112741,NZ DOLLAR,36876,8573,7604,602,7005,17980,8414,0,539,3073,6666
2008-06-10T00:00:00.000,232741,AUSTRALIAN DOLLAR,106214,46838,8843,2575,6426,17704,59755,3263,2173,30533,23716
2008-06-17T00:00:00.000,090741,CANADIAN DOLLAR,130634,14141,33452,9825,6449,36052,28286,9757,3367,41355,39576
2008-06-17T00:00:00.000,092741,SWISS FRANC,44091,5648,18184,865,1782,17175,6540,450,2992,17978,12618
2008-06-17T00:00:00.000,096742,BRITISH POUND,88496,16919,33807,5650,14893,43558,6530,0,2765,19468,27600
2008-06-17T00:00:00.000,097741,JAPANESE YEN,161544,29141,28561,14888,5119,50908,58210,2671,1086,24884,29516
2008-06-17T00:00:00.000,098662,USD INDEX,26204,6986,6217,1730,881,7446,12698,2325,664,3962,1989
2008-06-17T00:00:00.000,099741,EURO FX,132056,31970,31220,18452,25076,25537,18028,2566,9304,47791,42688
2008-06-17T00:00:00.000,112741,NZ DOLLAR,25095,7813,8680,537,7343,11308,6700,0,525,5346,1756
2008-06-17T00:00:00.000,232741,AUSTRALIAN DOLLAR,72514,36546,2514,3394,6571,2296,35226,2376,1254,26482,25529
2008-06-24T00:00:00.000,090741,CANADIAN DOLLAR,84325,13120,26661,8890,6609,15381,13713,10470,3352,30750,28276
2008-06-24T00:00:00.000,092741,SWISS FRANC,45574,9361,13803,866,2205,13807,12032,450,2992,17841,11293
2008-06-24T00:00:00.000,096742,BRITISH POUND,76375,24035,18373,5721,14617,30189,13469,0,3589,13814,23711
2008-06-24T00:00:00.000,097741,JAPANESE YEN,164015,27869,44333,14935,4716,52238,45470,2259,1076,24026,25732
2008-06-24T00:00:00.000,098662,USD INDEX,30158,10589,8637,1340,672,7820,13927,2691,756,3909,2357
2008-06-24T00:00:00.000,099741,EURO FX,147275,38854,28967,18790,26317,31953,36988,3594,9972,48115,39062
2008-06-24T00:00:00.000,112741,NZ DOLLAR,25319,8550,8567,537,8245,13597,6144,0,318,2532,1942
2008-06-24T00:00:00.000,232741,AUSTRALIAN DOLLAR,88918,50768,4010,3516,5222,1985,59858,3022,2251,27671,15621
2008-07-01T00:00:00.000,090741,CANADIAN DOLLAR,87207,13387,28690,8171,6722,15562,11836,11875,8729,31004,24022
2008-07-01T00:00:00.000,092741,SWISS FRANC,56638,20480,16875,942,1196,9448,20007,1472,5167,22239,11336
2008-07-01T00:00:00.000,096742,BRITISH POUND,89850,38184,18025,4412,14603,20245,25601,6111,2892,19004,26835
2008-07-01T00:00:00.000,097741,JAPANESE YEN,175598,36443,22007,14659,4641,52479,62812,2307,18674,25883,23637
2008-07-01T00:00:00.000,098662,USD INDEX,34557,15875,13560,774,829,7983,105,2574,12469,3277,3520
2008-07-01T00:00:00.000,099741,EURO FX,179885,68891,28750,19554,26765,27304,63659,8164,10493,49453,43699
2008-07-01T00:00:00.000,112741,NZ DOLLAR,26855,9725,7904,409,10050,9457,6750,4133,447,2833,1406
2008-07-01T00:00:00.000,232741,AUSTRALIAN DOLLAR,96429,55672,5789,3777,6462,3039,45759,3052,18253,28271,17548
2008-07-08T00:00:00.000,090741,CANADIAN DOLLAR,91389,16952,29264,6554,7929,19036,13642,11757,8522,28623,23565
2008-07-08T00:00:00.000,092741,SWISS FRANC,52188,13724,17992,972,1637,11972,13763,1951,5334,21674,11567
2008-07-08T00:00:00.000,096742,BRITISH POUND,83736,30703,15615,2929,14982,22470,23962,6539,2392,19619,25309
2008-07-08T00:00:00.000,097741,JAPANESE YEN,175428,28221,31340,14719,4806,58054,57495,4545,15789,26473,22582
2008-07-08T00:00:00.000,098662,USD INDEX,35197,13133,13972,604,901,8001,185,5987,12805,3108,2970
2008-07-08T00:00:00.000,099741,EURO FX,176211,60653,25314,19970,27170,30178,62439,10742,8364,47953,46209
2008-07-08T00:00:00.000,112741,NZ DOLLAR,30523,10174,9092,362,12932,10269,4750,4102,505,4219,1847
2008-07-08T00:00:00.000,232741,AUSTRALIAN DOLLAR,97165,55761,6617,4153,6527,2185,44998,3052,17963,29794,18840
2008-07-15T00:00:00.000,090741,CANADIAN DOLLAR,97365,24905,21598,10780,7613,13856,31478,11163,9821,29737,19931
2008-07-15T00:00:00.000,092741,SWISS FRANC,63754,26304,15152,970,1728,9103,30609,1951,5555,23974,9258
2008-07-15T00:00:00.000,096742,BRITISH POUND,108703,54177,17840,1712,17967,23939,44279,5831,3122,20870,23321
2008-07-15T00:00:00.000,097741,JAPANESE YEN,213992,62267,21744,17006,4899,55862,104289,3225,19928,32096,19596
2008-07-15T00:00:00.000,098662,USD INDEX,39105,18406,20242,271,1137,7186,190,6027,8759,2637,4199
2008-07-15T00:00:00.000,099741,EURO FX,183536,68593,29830,19973,26621,28870,71911,9900,8678,49185,39481
2008-07-15T00:00:00.000,112741,NZ DOLLAR,29068,10553,8497,463,11509,10343,5751,3934,577,2832,1791
2008-07-15T00:00:00.000,232741,AUSTRALIAN DOLLAR,105902,63455,7514,4217,6811,2862,60822,3052,18917,29772,9294
2008-07-22T00:00:00.000,090741,CANADIAN DOLLAR,99845,28850,15064,11031,7641,12288,38591,10751,10028,30228,21824
2008-07-22T00:00:00.000,092741,SWISS FRANC,51791,11573,14858,0,1686,15496,15140,1951,5437,21211,13110
2008-07-22T00:00:00.000,096742,BRITISH POUND,107323,48465,17686,2334,16909,26649,41560,6457,3687,20812,24875
2008-07-22T00:00:00.000,097741,JAPANESE YEN,187785,33688,32466,15209,5434,67993,72921,3302,15111,24541,18801
2008-07-22T00:00:00.000,098662,USD INDEX,38097,15686,16553,289,816,7066,260,5929,11280,4428,4489
2008-07-22T00:00:00.000,099741,EURO FX,171505,57619,31646,18060,26414,32835,55030,11117,8344,45129,43326
2008-07-22T00:00:00.000,112741,NZ DOLLAR,27932,10289,8258,522,10255,10045,6552,3754,763,2654,1436
2008-07-22T00:00:00.000,232741,AUSTRALIAN DOLLAR,107776,65228,7343,3109,6731,3703,59974,3052,18624,29650,12070
2008-07-29T00:00:00.000,090741,CANADIAN DOLLAR,97065,15672,27962,9799,7641,23326,20772,10166,9684,28282,21186
2008-07-29T00:00:00.000,092741,SWISS FRANC,56449,9873,19510,0,1727,26131,11366,929,5278,16774,15826
2008-07-29T00:00:00.000,096742,BRITISH POUND,102737,43062,21469,1162,17108,26704,34021,8958,2137,19140,24291
2008-07-29T00:00:00.000,097741,JAPANESE YEN,178959,22313,43680,13566,5648,77377,51368,1763,12445,21540,23418
2008-07-29T00:00:00.000,098662,USD INDEX,36628,14023,9823,364,771,7118,190,5891,17805,4418,3225
2008-07-29T00:00:00.000,099741,EURO FX,149933,34272,39111,17466,26431,38347,25513,11720,7830,41308,44228
2008-07-29T00:00:00.000,112741,NZ DOLLAR,28995,9297,9755,380,10297,10802,4657,4007,642,2679,1814
2008-07-29T00:00:00.000,232741,AUSTRALIAN DOLLAR,85686,38386,8839,2957,6734,7693,40398,3784,15555,27321,8615
2008-08-05T00:00:00.000,090741,CANADIAN DOLLAR,116660,19551,48397,10201,7641,37998,14801,11447,9332,26692,25718
2008-08-05T00:00:00.000,092741,SWISS FRANC,59128,8963,21823,0,1742,33269,11990,450,5382,13963,15708
2008-08-05T00:00:00.000,096742,BRITISH POUND,93022,22827,29339,1315,18628,40011,13569,9470,2521,15409,24975
2008-08-05T00:00:00.000,097741,JAPANESE YEN,200818,29895,56816,13901,6070,88398,60336,2516,11714,23412,23186
2008-08-05T00:00:00.000,098662,USD INDEX,32021,13422,7680,493,689,7488,85,2047,16468,3907,2435
2008-08-05T00:00:00.000,099741,EURO FX,160311,36774,39650,17543,26255,44158,33249,11583,6208,42826,47522
2008-08-05T00:00:00.000,112741,NZ DOLLAR,32162,9263,12657,269,10927,12070,1816,4148,641,2596,2305
2008-08-05T00:00:00.000,232741,AUSTRALIAN DOLLAR,80980,27137,16569,2458,6932,19951,25114,1993,14138,24073,12859
2008-08-12T00:00:00.000,090741,CANADIAN DOLLAR,121154,14703,53744,9539,7641,49385,12637,10018,8793,25980,26810
2008-08-12T00:00:00.000,092741,SWISS FRANC,58312,8276,19725,31,2011,35614,16222,450,2337,11521,15597
2008-08-12T00:00:00.000,096742,BRITISH POUND,99819,21541,33959,1305,19983,49393,10126,8294,2919,15324,28870
2008-08-12T00:00:00.000,097741,JAPANESE YEN,208622,31519,61958,12738,6286,99594,60992,2164,10598,20834,27015
2008-08-12T00:00:00.000,098662,USD INDEX,33273,10924,5903,1086,90,9053,101,2484,20042,4588,1999
2008-08-12T00:00:00.000,099741,EURO FX,146235,24646,29763,17287,23561,37921,24750,8457,10555,48122,47804
2008-08-12T00:00:00.000,112741,NZ DOLLAR,31708,8282,11881,229,10844,12787,1747,3765,511,2267,2347
2008-08-12T00:00:00.000,232741,AUSTRALIAN DOLLAR,74805,21046,14161,1104,6954,23415,18561,0,17152,23790,12527
2008-08-19T00:00:00.000,090741,CANADIAN DOLLAR,126865,18226,62393,9341,7585,54491,11586,10248,7501,25263,28504
2008-08-19T00:00:00.000,092741,SWISS FRANC,62081,6340,21759,0,2024,38429,14312,450,3128,13335,17331
2008-08-19T00:00:00.000,096742,BRITISH POUND,109921,15385,37686,1113,22938,62578,9440,9283,2860,16883,32318
2008-08-19T00:00:00.000,097741,JAPANESE YEN,212982,27024,64666,13246,6496,106030,59779,2245,10748,23054,29910
2008-08-19T00:00:00.000,098662,USD INDEX,41746,19582,6924,1374,90,9590,371,2134,27612,4266,1949
2008-08-19T00:00:00.000,099741,EURO FX,153468,26693,29979,15403,23455,38961,22531,6402,10361,54564,55697
2008-08-19T00:00:00.000,112741,NZ DOLLAR,28137,6965,12163,225,5452,11088,2917,4149,1062,2664,3497
2008-08-19T00:00:00.000,232741,AUSTRALIAN DOLLAR,76367,25104,16790,0,7002,28202,11421,0,17871,18168,18390
2008-08-26T00:00:00.000,090741,CANADIAN DOLLAR,116253,17852,44892,9581,7585,42726,20086,9182,7156,28030,27652
2008-08-26T00:00:00.000,092741,SWISS FRANC,65910,7456,25113,0,2063,43794,14782,450,4264,10955,16433
2008-08-26T00:00:00.000,096742,BRITISH POUND,115174,17927,42593,1104,23937,68362,8077,8100,2840,14085,32131
2008-08-26T00:00:00.000,097741,JAPANESE YEN,209138,24479,59971,13266,6520,105323,66675,2424,10199,21492,23619
2008-08-26T00:00:00.000,098662,USD INDEX,43723,22092,4729,965,90,9810,840,2072,31255,3977,2002
2008-08-26T00:00:00.000,099741,EURO FX,154444,24555,39694,16035,23931,51062,22066,6385,8744,42730,46332
2008-08-26T00:00:00.000,112741,NZ DOLLAR,26713,6325,11539,360,2492,12751,6515,4481,816,993,3548
2008-08-26T00:00:00.000,232741,AUSTRALIAN DOLLAR,78479,25082,22555,0,8178,30902,9746,0,16341,15944,15108
2008-09-02T00:00:00.000,090741,CANADIAN DOLLAR,122277,20089,47568,9098,7921,45831,20185,10300,6877,24812,27579
2008-09-02T00:00:00.000,092741,SWISS FRANC,64084,6826,24113,0,2063,42213,15266,450,3262,11305,16090
2008-09-02T00:00:00.000,096742,BRITISH POUND,120499,13613,41146,1133,24655,67919,8259,9482,4309,19498,33276
2008-09-02T00:00:00.000,097741,JAPANESE YEN,205813,22550,42003,13354,6513,101563,79964,2404,12322,22834,21903
2008-09-02T00:00:00.000,098662,USD INDEX,49395,25061,7897,1556,90,10575,765,2766,33349,4199,2056
2008-09-02T00:00:00.000,099741,EURO FX,163458,24250,48558,16866,23494,55892,24963,10277,5399,40072,44943
2008-09-02T00:00:00.000,112741,NZ DOLLAR,26943,6356,11922,597,2479,13783,7579,3910,931,722,2457
2008-09-02T00:00:00.000,232741,AUSTRALIAN DOLLAR,84673,25638,23766,0,8822,32970,9107,0,16366,17619,18166
2008-09-09T00:00:00.000,090741,CANADIAN DOLLAR,142344,20302,40274,9423,11458,44362,24739,9948,6122,24118,25560
2008-09-09T00:00:00.000,092741,SWISS FRANC,70332,6239,21937,0,2077,42227,17105,450,2259,11869,17407
2008-09-09T00:00:00.000,096742,BRITISH POUND,127527,15760,42717,1201,26606,68291,8662,10237,5130,21919,34293
2008-09-09T00:00:00.000,097741,JAPANESE YEN,206916,22698,22237,13834,6471,96024,96450,3686,15101,23793,19776
2008-09-09T00:00:00.000,098662,USD INDEX,78978,28317,5867,2217,90,11603,825,2436,38986,4785,3590
2008-09-09T00:00:00.000,099741,EURO FX,182828,22725,39031,15108,25545,49461,31680,15762,7115,44059,43744
2008-09-09T00:00:00.000,112741,NZ DOLLAR,28411,5995,13073,1669,2852,14411,7476,3749,702,982,2703
2008-09-09T00:00:00.000,232741,AUSTRALIAN DOLLAR,93898,20567,24780,0,9477,38559,9606,0,12985,15822,18100
2008-09-16T00:00:00.000,090741,CANADIAN DOLLAR,145036,18689,36079,7713,9979,40951,24973,7836,3900,25982,26240
2008-09-16T00:00:00.000,092741,SWISS FRANC,39036,3841,18655,0,2124,14386,2472,10935,0,9650,15561
2008-09-16T00:00:00.000,096742,BRITISH POUND,105913,8854,47569,1193,23039,62329,1840,18503,5505,12953,25879
2008-09-16T00:00:00.000,097741,JAPANESE YEN,132133,35625,16619,18310,6218,49893,59159,3069,29676,24013,19238
2008-09-16T00:00:00.000,098662,USD INDEX,52872,30331,860,1930,67,10632,38291,1937,3266,3286,5632
2008-09-16T00:00:00.000,099741,EURO FX,142148,14053,49777,15448,25718,47549,9608,22259,10334,33906,37778
2008-09-16T00:00:00.000,112741,NZ DOLLAR,19338,5001,11014,1796,3005,9132,1776,2377,240,725,2996
2008-09-16T00:00:00.000,232741,AUSTRALIAN DOLLAR,53874,3060,22110,1399,7636,23194,3362,8402,1104,16042,17885
2008-09-23T00:00:00.000,090741,CANADIAN DOLLAR,92330,11561,18408,8002,11431,12985,34203,30249,491,23168,21432
2008-09-23T00:00:00.000,092741,SWISS FRANC,42296,6094,12212,0,1975,11725,16132,10966,0,13265,11731
2008-09-23T00:00:00.000,096742,BRITISH POUND,98762,10297,37641,1986,24674,56241,2609,16920,5636,10752,25636
2008-09-23T00:00:00.000,097741,JAPANESE YEN,141677,31604,13905,30074,6457,51905,80442,3824,26308,23166,13461
2008-09-23T00:00:00.000,098662,USD INDEX,49702,23886,873,1251,633,7804,36498,7309,1822,2999,3423
2008-09-23T00:00:00.000,099741,EURO FX,152022,19754,39963,16729,39437,50698,16982,17832,9042,37331,36920
2008-09-23T00:00:00.000,112741,NZ DOLLAR,22337,1847,8563,4036,6208,12713,3148,2128,440,1243,3608
2008-09-23T00:00:00.000,232741,AUSTRALIAN DOLLAR,55072,1597,23255,1905,12731,27834,4275,8291,440,14963,13889
2008-09-30T00:00:00.000,090741,CANADIAN DOLLAR,93626,13358,16115,6556,11564,15729,38121,30018,491,20330,19700
2008-09-30T00:00:00.000,092741,SWISS FRANC,39047,3752,10792,0,1537,11908,12955,10339,0,12584,13299
2008-09-30T00:00:00.000,096742,BRITISH POUND,101945,12372,30118,1932,23060,57078,12516,16625,8543,10580,24350
2008-09-30T00:00:00.000,097741,JAPANESE YEN,159908,40682,21966,27544,6050,61027,85402,4474,31557,25083,13835
2008-09-30T00:00:00.000,098662,USD INDEX,46227,19580,746,1959,760,7128,34027,8930,1267,2950,3747
2008-09-30T00:00:00.000,099741,EURO FX,173238,13668,32573,12657,39214,52330,14594,20125,8362,49016,53053
2008-09-30T00:00:00.000,112741,NZ DOLLAR,18911,1981,8959,701,5796,12880,1078,2128,240,851,2468
2008-09-30T00:00:00.000,232741,AUSTRALIAN DOLLAR,53200,2747,17471,1440,12075,26782,9482,9182,600,12547,13070
2008-10-07T00:00:00.000,090741,CANADIAN DOLLAR,94501,11847,25169,5969,11879,19485,29659,31152,1358,20682,21070
2008-10-07T00:00:00.000,092741,SWISS FRANC,39137,5620,13893,0,1844,12161,12036,10732,0,10386,11126
2008-10-07T00:00:00.000,096742,BRITISH POUND,101018,11199,33163,1928,22356,58574,9275,18320,9258,7629,23598
2008-10-07T00:00:00.000,097741,JAPANESE YEN,158003,40643,15335,27539,6430,56328,95402,4951,26276,26942,12960
2008-10-07T00:00:00.000,098662,USD INDEX,45172,17500,862,2225,176,7111,35031,9813,1849,2770,1501
2008-10-07T00:00:00.000,099741,EURO FX,179895,20761,27101,12199,40413,44847,22448,21249,6155,52490,55429
2008-10-07T00:00:00.000,112741,NZ DOLLAR,19057,2035,8699,622,5361,12703,1937,2113,237,1214,2453
2008-10-07T00:00:00.000,232741,AUSTRALIAN DOLLAR,54239,1541,14520,1410,11044,26991,14798,10486,600,13286,12752
2008-10-14T00:00:00.000,090741,CANADIAN DOLLAR,98295,8269,23064,4214,20583,26424,31183,32553,491,22210,18349
2008-10-14T00:00:00.000,092741,SWISS FRANC,38302,3090,13256,0,2161,12449,12623,12685,0,9833,10017
2008-10-14T00:00:00.000,096742,BRITISH POUND,101182,10755,22859,10731,21349,51662,19267,15061,11539,8892,22087
2008-10-14T00:00:00.000,097741,JAPANESE YEN,132983,30320,14085,13619,6599,58440,79271,2946,21122,26177,10425
2008-10-14T00:00:00.000,098662,USD INDEX,46605,18578,620,2519,125,6927,35114,8377,1351,4446,3637
2008-10-14T00:00:00.000,099741,EURO FX,175810,16795,28892,11416,39817,50405,22530,25236,6384,46682,52911
2008-10-14T00:00:00.000,112741,NZ DOLLAR,18508,151,6481,1738,5359,12765,4269,2133,237,1351,1792
2008-10-14T00:00:00.000,232741,AUSTRALIAN DOLLAR,47396,1559,11404,1013,5549,22864,16076,8196,600,12693,12696
2008-10-21T00:00:00.000,090741,CANADIAN DOLLAR,111438,5435,23788,4058,32688,31692,28586,42124,471,23556,21332
2008-10-21T00:00:00.000,092741,SWISS FRANC,39838,2552,16813,646,2162,12719,6012,12676,0,10744,14350
2008-10-21T00:00:00.000,096742,BRITISH POUND,116248,10975,28914,21423,21844,51510,21464,13712,11449,13932,27881
2008-10-21T00:00:00.000,097741,JAPANESE YEN,138768,32804,11987,10308,14532,55524,72362,2946,18514,33056,17243
2008-10-21T00:00:00.000,098662,USD INDEX,44040,19449,1268,3105,58,6360,35291,6954,668,2960,1543
2008-10-21T00:00:00.000,099741,EURO FX,184062,16547,26599,8426,33688,53717,24070,12782,4409,62975,65681
2008-10-21T00:00:00.000,112741,NZ DOLLAR,18222,751,6071,497,5377,13154,3920,2154,237,1296,2247
2008-10-21T00:00:00.000,232741,AUSTRALIAN DOLLAR,57785,1762,11349,9407,4370,21829,18942,4374,600,19996,22107
2008-10-28T00:00:00.000,090741,CANADIAN DOLLAR,107866,4165,19175,2761,32286,26314,30698,43000,451,26091,19721
2008-10-28T00:00:00.000,092741,SWISS FRANC,39184,2049,15771,601,1740,12430,7201,13108,0,9918,13394
2008-10-28T00:00:00.000,096742,BRITISH POUND,130716,17935,22682,36092,23495,46215,38695,1911,5702,23857,35436
2008-10-28T00:00:00.000,097741,JAPANESE YEN,143020,32164,14762,10424,13148,57224,69720,2606,15868,36700,25620
2008-10-28T00:00:00.000,098662,USD INDEX,39279,13299,905,3148,58,7115,30685,7438,427,3196,2121
2008-10-28T00:00:00.000,099741,EURO FX,193760,21570,24732,7656,38776,60548,23910,6497,5217,65292,68928
2008-10-28T00:00:00.000,112741,NZ DOLLAR,18412,1310,4777,509,5503,12970,5381,2072,245,1181,2136
2008-10-28T00:00:00.000,232741,AUSTRALIAN DOLLAR,72743,1852,13483,20848,3921,22495,29240,2640,0,24201,25392
2008-11-04T00:00:00.000,090741,CANADIAN DOLLAR,107787,2188,20264,3065,27152,27970,29368,38399,499,29600,23939
2008-11-04T00:00:00.000,092741,SWISS FRANC,41403,3341,10600,557,1460,12077,13340,13724,528,10569,14340
2008-11-04T00:00:00.000,096742,BRITISH POUND,115676,12260,18458,39400,25417,46606,39769,1427,5622,11424,21851
2008-11-04T00:00:00.000,097741,JAPANESE YEN,129500,29777,10995,7531,22060,57108,65265,3156,10081,28140,17311
2008-11-04T00:00:00.000,098662,USD INDEX,38298,12751,1178,2077,58,6699,29685,8104,90,3372,1992
2008-11-04T00:00:00.000,099741,EURO FX,169608,20968,22114,7780,28821,53213,30872,8239,3671,51779,56501
2008-11-04T00:00:00.000,112741,NZ DOLLAR,18501,1178,3186,956,5585,12645,6649,1986,424,1364,2285
2008-11-04T00:00:00.000,232741,AUSTRALIAN DOLLAR,67219,3755,10113,25216,4495,21225,32967,3840,4832,12426,14055
2008-11-11T00:00:00.000,090741,CANADIAN DOLLAR,98146,4340,17956,2691,26620,22566,28238,38439,471,23825,18576
2008-11-11T00:00:00.000,092741,SWISS FRANC,39893,3255,10965,561,1468,11678,10732,13728,877,9513,14693
2008-11-11T00:00:00.000,096742,BRITISH POUND,110560,6474,19746,39657,23005,48600,34166,567,5622,10628,23387
2008-11-11T00:00:00.000,097741,JAPANESE YEN,130102,31068,12508,8327,24650,61568,65876,3136,11758,22126,11433
2008-11-11T00:00:00.000,098662,USD INDEX,38679,13407,2364,2957,105,6573,29685,7440,0,3296,1519
2008-11-11T00:00:00.000,099741,EURO FX,170226,18122,24540,8324,20403,57859,29915,5638,5947,48602,57740
2008-11-11T00:00:00.000,112741,NZ DOLLAR,19041,1361,3618,1007,5549,12669,6775,2058,300,1495,2348
2008-11-11T00:00:00.000,232741,AUSTRALIAN DOLLAR,65790,3547,11151,25671,4458,21712,28551,1200,6781,12852,14041
2008-11-18T00:00:00.000,090741,CANADIAN DOLLAR,92554,5996,18122,2427,20048,18973,27883,33675,966,25393,19445
2008-11-18T00:00:00.000,092741,SWISS FRANC,43937,4001,14694,0,1488,11931,9290,14323,0,12517,17300
2008-11-18T00:00:00.000,096742,BRITISH POUND,112652,5453,23491,39623,23647,49719,30024,1328,5622,11690,25029
2008-11-18T00:00:00.000,097741,JAPANESE YEN,129694,37316,9617,8231,22940,53724,68475,3116,12574,23083,11864
2008-11-18T00:00:00.000,098662,USD INDEX,38314,11877,1085,2793,255,6619,29777,8688,0,3129,1989
2008-11-18T00:00:00.000,099741,EURO FX,165121,18216,25310,8647,20805,55137,29563,6269,6297,46716,53010
2008-11-18T00:00:00.000,112741,NZ DOLLAR,18864,1167,3670,149,5540,13430,6890,2416,316,1251,1997
2008-11-18T00:00:00.000,232741,AUSTRALIAN DOLLAR,63207,3576,9578,26534,4458,20724,28494,1200,5091,10497,14910
2008-11-25T00:00:00.000,090741,CANADIAN DOLLAR,83766,5068,17071,2489,12632,13808,29728,32612,484,23384,17446
2008-11-25T00:00:00.000,092741,SWISS FRANC,42747,3340,15922,0,1388,14492,8316,13556,0,10098,15860
2008-11-25T00:00:00.000,096742,BRITISH POUND,117162,7289,21109,40144,23442,49925,35754,514,5962,13301,24906
2008-11-25T00:00:00.000,097741,JAPANESE YEN,131206,40695,12983,8357,23250,52935,65613,2659,15448,21954,9306
2008-11-25T00:00:00.000,098662,USD INDEX,40815,14979,1169,1485,438,6660,29736,9474,938,2238,2555
2008-11-25T00:00:00.000,099741,EURO FX,172366,22927,20163,9373,21043,47890,42158,6500,5094,52314,50546
2008-11-25T00:00:00.000,112741,NZ DOLLAR,19099,1097,4192,149,5656,13730,6921,2156,316,1477,1524
2008-11-25T00:00:00.000,232741,AUSTRALIAN DOLLAR,69320,4219,10367,27225,4351,21100,31083,1200,5360,13176,15759
2008-12-02T00:00:00.000,090741,CANADIAN DOLLAR,88581,4991,22713,2406,12641,20054,29403,33730,494,21413,17343
2008-12-02T00:00:00.000,092741,SWISS FRANC,42123,2011,16809,0,1422,15667,8910,13784,0,9067,13388
2008-12-02T00:00:00.000,096742,BRITISH POUND,115876,5115,21590,40481,23447,50108,34719,1172,5387,13281,25014
2008-12-02T00:00:00.000,097741,JAPANESE YEN,138994,40889,13490,9194,23350,54885,66933,2659,16403,27307,14758
2008-12-02T00:00:00.000,098662,USD INDEX,39382,13288,1092,1556,395,6041,29218,10684,636,2146,2374
2008-12-02T00:00:00.000,099741,EURO FX,173018,26188,21993,9590,19390,47798,44094,5886,5069,47946,46862
2008-12-02T00:00:00.000,112741,NZ DOLLAR,19050,801,4199,125,5553,14030,6732,2242,318,1360,1756
2008-12-02T00:00:00.000,232741,AUSTRALIAN DOLLAR,71412,3330,10822,27444,4351,22372,31386,1200,5125,12680,15342
2008-12-09T00:00:00.000,090741,CANADIAN DOLLAR,86795,3769,20337,2736,10327,21400,31510,30886,511,24217,20323
2008-12-09T00:00:00.000,092741,SWISS FRANC,38990,1151,16249,0,1460,14320,5658,12917,0,9991,15012
2008-12-09T00:00:00.000,096742,BRITISH POUND,122570,4706,20271,33729,24826,63068,34889,1582,5371,11830,29558
2008-12-09T00:00:00.000,097741,JAPANESE YEN,166059,59328,6111,9397,20072,48901,102572,2549,15843,38463,14040
2008-12-09T00:00:00.000,098662,USD INDEX,41502,15501,1125,1369,242,4815,29220,10196,705,2281,2870
2008-12-09T00:00:00.000,099741,EURO FX,179318,22605,17639,8662,21353,43046,48708,7937,3464,55461,46547
2008-12-09T00:00:00.000,112741,NZ DOLLAR,19891,633,3901,125,5107,14058,6138,2016,447,2542,3781
2008-12-09T00:00:00.000,232741,AUSTRALIAN DOLLAR,68074,1795,6811,22162,4167,22504,32639,1700,5881,14582,13245
2008-12-16T00:00:00.000,090741,CANADIAN DOLLAR,85413,4534,16512,3179,8406,11612,28334,28872,471,23984,18458
2008-12-16T00:00:00.000,092741,SWISS FRANC,20142,819,5025,0,1534,3253,3797,2738,0,12967,9421
2008-12-16T00:00:00.000,096742,BRITISH POUND,64421,11802,12102,2743,23727,24028,2069,0,7823,24148,17000
2008-12-16T00:00:00.000,097741,JAPANESE YEN,110472,40162,9069,12317,7397,29703,46472,2549,29355,25348,17786
2008-12-16T00:00:00.000,098662,USD INDEX,16566,6730,2346,100,776,3813,5100,0,840,1626,3207
2008-12-16T00:00:00.000,099741,EURO FX,119389,17723,20712,12224,21235,22989,41339,22960,1924,39851,30537
2008-12-16T00:00:00.000,112741,NZ DOLLAR,9130,203,3474,174,2209,5243,1621,481,362,3029,1464
2008-12-16T00:00:00.000,232741,AUSTRALIAN DOLLAR,28784,2362,4034,2608,3656,8584,10998,1848,861,13291,9144
2008-12-22T00:00:00.000,090741,CANADIAN DOLLAR,43701,2953,15850,6599,1964,10898,8746,1859,471,19784,15062
2008-12-22T00:00:00.000,092741,SWISS FRANC,24773,3411,5476,468,1306,3275,10928,3465,0,13849,6758
2008-12-22T00:00:00.000,096742,BRITISH POUND,70151,11507,14768,2727,29758,28844,0,2253,7095,23443,17153
2008-12-22T00:00:00.000,097741,JAPANESE YEN,105339,37059,6278,12700,7602,29029,43219,2609,30048,23484,17734
2008-12-22T00:00:00.000,098662,USD INDEX,15660,6468,2641,0,1388,2444,4813,2092,821,1346,2687
2008-12-22T00:00:00.000,099741,EURO FX,118546,18580,17933,24360,20233,19843,48814,14158,433,36812,26340
2008-12-22T00:00:00.000,112741,NZ DOLLAR,8905,429,3104,283,2021,4904,2050,351,362,2938,1368
2008-12-22T00:00:00.000,232741,AUSTRALIAN DOLLAR,32564,5166,5307,626,6790,11089,7668,2353,1745,12081,9805
2008-12-30T00:00:00.000,090741,CANADIAN DOLLAR,47479,2666,15298,9032,2457,10673,10889,1420,636,21831,16342
2008-12-30T00:00:00.000,092741,SWISS FRANC,25073,4127,6061,468,1210,3413,11849,3451,0,13314,5653
2008-12-30T00:00:00.000,096742,BRITISH POUND,76340,11877,17313,2727,30085,33420,0,2515,9003,24407,18545
2008-12-30T00:00:00.000,097741,JAPANESE YEN,105926,38508,5566,13101,7719,28670,44440,2609,29738,22614,18039
2008-12-30T00:00:00.000,098662,USD INDEX,15706,6232,1864,0,1526,2386,5265,2096,836,1684,2907
2008-12-30T00:00:00.000,099741,EURO FX,120499,21011,19213,25457,20281,18952,48473,13217,955,37506,27221
2008-12-30T00:00:00.000,112741,NZ DOLLAR,9033,603,3210,283,2022,5067,2035,559,369,2521,1397
2008-12-30T00:00:00.000,232741,AUSTRALIAN DOLLAR,33147,6476,4438,626,6471,9574,10470,1950,1700,13247,8794
2009-01-06T00:00:00.000,090741,CANADIAN DOLLAR,53297,4539,17754,11577,3855,10227,13686,1721,2380,23679,14068
2009-01-06T00:00:00.000,092741,SWISS FRANC,25435,4469,7449,560,1225,2895,9592,1932,0,15250,6840
2009-01-06T00:00:00.000,096742,BRITISH POUND,78257,12012,18447,2905,30778,32979,0,2394,9003,26226,18288
2009-01-06T00:00:00.000,097741,JAPANESE YEN,110160,43325,7525,13995,7731,29210,44747,1909,29527,20789,19698
2009-01-06T00:00:00.000,098662,USD INDEX,15924,7168,1964,74,1526,2086,5356,1102,956,2244,2872
2009-01-06T00:00:00.000,099741,EURO FX,123878,20881,20562,24527,18018,18891,52083,12922,427,41739,27870
2009-01-06T00:00:00.000,112741,NZ DOLLAR,9970,1245,3116,492,1993,4922,2842,707,504,2604,1515
2009-01-06T00:00:00.000,232741,AUSTRALIAN DOLLAR,38208,9382,4275,734,8735,8819,12992,2633,1700,15458,9324
2009-01-13T00:00:00.000,090741,CANADIAN DOLLAR,55217,3669,18590,13919,3954,10886,12105,2880,988,21548,17265
2009-01-13T00:00:00.000,092741,SWISS FRANC,24703,3480,7170,494,1256,3993,8635,2616,0,13788,7310
2009-01-13T00:00:00.000,096742,BRITISH POUND,75438,9629,18252,3366,28393,31796,0,2674,9484,26168,17504
2009-01-13T00:00:00.000,097741,JAPANESE YEN,107714,41375,6784,14033,7635,28970,44908,2545,27688,19898,19806
2009-01-13T00:00:00.000,098662,USD INDEX,13884,6140,734,176,1147,2160,5375,339,1292,1890,2157
2009-01-13T00:00:00.000,099741,EURO FX,117502,13656,19648,18477,18915,27046,44448,14917,406,38066,28745
2009-01-13T00:00:00.000,112741,NZ DOLLAR,9998,1514,3475,246,1940,5000,2593,592,403,2646,1587
2009-01-13T00:00:00.000,232741,AUSTRALIAN DOLLAR,39676,5899,7712,709,8939,14109,9299,4411,2206,13243,10215
2009-01-20T00:00:00.000,090741,CANADIAN DOLLAR,65416,3444,19247,20082,4008,12279,18889,3308,1248,23982,19703
2009-01-20T00:00:00.000,092741,SWISS FRANC,24527,4003,6952,451,1279,3834,6928,3354,0,12552,9035
2009-01-20T00:00:00.000,096742,BRITISH POUND,87698,7329,22211,2936,31114,38653,30,4895,8849,30882,22491
2009-01-20T00:00:00.000,097741,JAPANESE YEN,113171,43764,5320,17030,7697,27612,52510,2545,27519,21298,19203
2009-01-20T00:00:00.000,098662,USD INDEX,15431,6868,1503,241,770,2324,5594,55,1982,2532,2171
2009-01-20T00:00:00.000,099741,EURO FX,131714,14747,19736,12678,24655,41566,43466,16751,407,41784,39262
2009-01-20T00:00:00.000,112741,NZ DOLLAR,9714,276,3811,238,1997,5825,1553,691,394,2683,1958
2009-01-20T00:00:00.000,232741,AUSTRALIAN DOLLAR,45585,5641,10040,696,11485,20370,8433,4993,2194,12357,11905
2009-01-27T00:00:00.000,090741,CANADIAN DOLLAR,64951,2891,17600,19959,3987,12154,20034,3298,1396,24273,19558
2009-01-27T00:00:00.000,092741,SWISS FRANC,28119,2627,9756,451,1380,10422,7026,2873,0,11322,9533
2009-01-27T00:00:00.000,096742,BRITISH POUND,87433,8860,20113,2973,31552,39200,0,5023,8953,27920,23358
2009-01-27T00:00:00.000,097741,JAPANESE YEN,115063,46508,3457,15899,7492,26378,60384,2445,25557,22757,17097
2009-01-27T00:00:00.000,098662,USD INDEX,18800,9154,1011,492,1009,2378,7901,228,2484,2413,2260
2009-01-27T00:00:00.000,099741,EURO FX,134554,20159,19934,12966,30650,42999,45425,18407,2012,35933,32443
2009-01-27T00:00:00.000,112741,NZ DOLLAR,10782,282,5908,232,2175,6796,431,759,394,2712,1873
2009-01-27T00:00:00.000,232741,AUSTRALIAN DOLLAR,45177,7558,8358,706,11626,17970,9632,5494,2226,11930,11816
2009-02-03T00:00:00.000,090741,CANADIAN DOLLAR,67011,5383,17663,19688,4029,11466,22508,2515,2153,25484,18183
2009-02-03T00:00:00.000,092741,SWISS FRANC,29006,2562,9935,0,1433,10043,6799,2808,0,13254,10500
2009-02-03T00:00:00.000,096742,BRITISH POUND,83589,8124,16305,2868,29358,37352,1507,3289,9091,28728,24100
2009-02-03T00:00:00.000,097741,JAPANESE YEN,117069,49287,4894,15326,7040,25798,61091,2336,25695,23104,17131
2009-02-03T00:00:00.000,098662,USD INDEX,19347,10368,1025,438,975,2324,8813,60,3028,2764,2113
2009-02-03T00:00:00.000,099741,EURO FX,145456,19149,23849,13206,36686,49939,45701,20793,2457,38404,32798
2009-02-03T00:00:00.000,112741,NZ DOLLAR,12945,255,7441,0,2446,8362,143,899,387,3428,2527
2009-02-03T00:00:00.000,232741,AUSTRALIAN DOLLAR,48632,6832,8020,706,12644,20547,9885,6960,3066,12059,13489
2009-02-10T00:00:00.000,090741,CANADIAN DOLLAR,67863,3668,15071,19579,3220,12055,23864,3936,2141,25570,20512
2009-02-10T00:00:00.000,092741,SWISS FRANC,32070,2002,13024,0,1417,14394,4057,3125,0,12254,13277
2009-02-10T00:00:00.000,096742,BRITISH POUND,80695,7999,15834,2827,27848,34794,1664,1650,8995,30454,23383
2009-02-10T00:00:00.000,097741,JAPANESE YEN,106751,37347,5142,13745,6885,29343,45997,2587,24783,21602,21817
2009-02-10T00:00:00.000,098662,USD INDEX,18679,10041,1187,383,774,2184,8840,110,1935,2666,2648
2009-02-10T00:00:00.000,099741,EURO FX,152419,22785,26947,12839,38824,50512,41423,20832,3210,41057,37621
2009-02-10T00:00:00.000,112741,NZ DOLLAR,12701,546,6251,0,2408,8919,1008,455,677,2780,2356
2009-02-10T00:00:00.000,232741,AUSTRALIAN DOLLAR,44254,6634,6477,685,12473,14692,10042,7265,2703,13199,10780
2009-02-17T00:00:00.000,090741,CANADIAN DOLLAR,72185,5185,20655,19626,3275,12686,20902,4588,1639,26847,22461
2009-02-17T00:00:00.000,092741,SWISS FRANC,34470,3205,14545,0,1412,15042,3772,4066,0,11862,14446
2009-02-17T00:00:00.000,096742,BRITISH POUND,83306,10148,17068,2818,28400,36866,3495,1690,8000,28748,23307
2009-02-17T00:00:00.000,097741,JAPANESE YEN,108685,36468,12119,13630,6917,32315,38083,2370,21671,20452,26445
2009-02-17T00:00:00.000,098662,USD INDEX,25037,13416,2075,461,371,2069,10833,162,4361,3374,1842
2009-02-17T00:00:00.000,099741,EURO FX,157952,15216,33365,12787,39367,64481,41946,23109,1274,38610,38251
2009-02-17T00:00:00.000,112741,NZ DOLLAR,12828,648,6592,0,2346,8836,1064,458,406,2755,2289
2009-02-17T00:00:00.000,232741,AUSTRALIAN DOLLAR,48452,5765,8322,680,12850,19589,9758,6794,2720,13879,13057
2009-02-24T00:00:00.000,090741,CANADIAN DOLLAR,74438,4021,22324,20294,3310,12950,22939,5735,588,27810,21649
2009-02-24T00:00:00.000,092741,SWISS FRANC,33873,3803,13531,0,1408,17357,4844,1769,0,10508,13654
2009-02-24T00:00:00.000,096742,BRITISH POUND,86102,9164,16109,2856,31863,41292,2318,1759,7928,27921,24774
2009-02-24T00:00:00.000,097741,JAPANESE YEN,108705,32954,13144,19917,6728,31817,37726,2759,20322,17425,26952
2009-02-24T00:00:00.000,098662,USD INDEX,22578,12870,871,441,633,2165,11710,273,2985,2740,2290
2009-02-24T00:00:00.000,099741,EURO FX,166903,13614,29583,12709,50159,76527,45069,20783,1386,38022,35458
2009-02-24T00:00:00.000,112741,NZ DOLLAR,13690,546,7705,0,2551,9769,936,573,391,2697,2002
2009-02-24T00:00:00.000,232741,AUSTRALIAN DOLLAR,45886,4716,8394,1350,4657,14641,11437,6308,3170,13249,12606
2009-03-03T00:00:00.000,090741,CANADIAN DOLLAR,83768,3894,29688,19970,3189,16073,19523,8640,1651,29629,24155
2009-03-03T00:00:00.000,092741,SWISS FRANC,36848,2365,15104,0,1408,20542,3872,2593,0,10851,15967
2009-03-03T00:00:00.000,096742,BRITISH POUND,94175,11730,22262,2871,28407,40825,2696,2071,7135,27727,24724
2009-03-03T00:00:00.000,097741,JAPANESE YEN,110223,37124,15162,18587,9910,31932,34210,2759,18008,15101,28213
2009-03-03T00:00:00.000,098662,USD INDEX,24186,12576,926,482,541,2058,11941,80,2983,3605,2410
2009-03-03T00:00:00.000,099741,EURO FX,183858,15189,40939,11388,49296,87670,45560,23280,1731,38113,38114
2009-03-03T00:00:00.000,112741,NZ DOLLAR,15870,886,8517,0,3727,11308,945,1159,384,2395,2175
2009-03-03T00:00:00.000,232741,AUSTRALIAN DOLLAR,49180,6508,8623,2075,4657,15531,11554,6073,3443,13289,15199
2009-03-10T00:00:00.000,090741,CANADIAN DOLLAR,87787,2510,25318,20464,2723,14555,18759,7800,2059,27770,24240
2009-03-10T00:00:00.000,092741,SWISS FRANC,39747,3101,13410,0,992,16729,5862,1364,0,13882,14812
2009-03-10T00:00:00.000,096742,BRITISH POUND,113352,7953,26144,2499,27215,47613,2851,2115,7069,27062,23963
2009-03-10T00:00:00.000,097741,JAPANESE YEN,114020,35799,18943,18388,9247,33525,31027,2759,16851,13836,28239
2009-03-10T00:00:00.000,098662,USD INDEX,29295,15744,724,489,809,2181,18189,1770,654,3062,2870
2009-03-10T00:00:00.000,099741,EURO FX,180278,17583,33078,11419,49276,79898,46192,17301,2562,39689,34782
2009-03-10T00:00:00.000,112741,NZ DOLLAR,17991,768,9432,0,3983,12826,1106,671,384,2610,1970
2009-03-10T00:00:00.000,232741,AUSTRALIAN DOLLAR,68898,5570,8888,2153,4727,14516,18084,5882,2643,16900,10679
2009-03-17T00:00:00.000,090741,CANADIAN DOLLAR,93979,4272,29364,19257,2648,15243,15925,7472,1702,27829,24434
2009-03-17T00:00:00.000,092741,SWISS FRANC,31126,3227,12923,0,1022,14481,835,2653,0,10691,16272
2009-03-17T00:00:00.000,096742,BRITISH POUND,76198,6689,24701,2073,17444,43766,5476,3082,7288,19541,20242
2009-03-17T00:00:00.000,097741,JAPANESE YEN,70507,24065,23261,11112,9812,14300,15590,9560,1266,10043,19151
2009-03-17T00:00:00.000,098662,USD INDEX,22831,13107,1245,304,817,1621,12270,1086,1527,2424,2683
2009-03-17T00:00:00.000,099741,EURO FX,111077,20960,27809,11014,25397,27323,16682,8656,4913,39817,32969
2009-03-17T00:00:00.000,112741,NZ DOLLAR,15548,1186,8931,749,2642,9272,1438,643,798,3698,1739
2009-03-17T00:00:00.000,232741,AUSTRALIAN DOLLAR,50497,11963,6732,5242,4727,13292,27695,3346,1700,16538,9527
2009-03-24T00:00:00.000,090741,CANADIAN DOLLAR,56641,5216,22565,2191,2602,15081,13067,3667,219,28240,15942
2009-03-24T00:00:00.000,092741,SWISS FRANC,27937,4800,6916,0,1029,9816,9084,723,0,12457,10767
2009-03-24T00:00:00.000,096742,BRITISH POUND,76157,10104,17217,2294,17149,41114,8055,0,11616,21626,21101
2009-03-24T00:00:00.000,097741,JAPANESE YEN,69923,22527,22376,10948,10395,19339,14462,800,795,14723,20309
2009-03-24T00:00:00.000,098662,USD INDEX,24678,9681,3529,233,1249,6811,11087,1219,1719,2808,3168
2009-03-24T00:00:00.000,099741,EURO FX,112887,23099,22456,13177,23590,21983,29787,8641,2850,41703,29920
2009-03-24T00:00:00.000,112741,NZ DOLLAR,15198,1353,6057,1190,2548,8209,4720,748,306,3669,1538
2009-03-24T00:00:00.000,232741,AUSTRALIAN DOLLAR,58361,19554,4181,5796,4727,12046,38710,3396,2257,17294,8211
2009-03-31T00:00:00.000,090741,CANADIAN DOLLAR,58595,5051,26558,2828,2582,15664,10079,3921,37,28260,16468
2009-03-31T00:00:00.000,092741,SWISS FRANC,27578,2621,5469,0,1018,10405,10845,723,0,13659,10076
2009-03-31T00:00:00.000,096742,BRITISH POUND,78516,8795,22659,2320,17491,46458,5571,0,11616,19910,20146
2009-03-31T00:00:00.000,097741,JAPANESE YEN,76607,24700,28718,10959,10167,23168,14027,800,0,15236,21951
2009-03-31T00:00:00.000,098662,USD INDEX,23205,9993,3171,273,1194,6997,11108,1187,1573,881,2285
2009-03-31T00:00:00.000,099741,EURO FX,104404,16447,16361,11793,22830,23655,28388,7447,3262,40799,29300
2009-03-31T00:00:00.000,112741,NZ DOLLAR,14124,1401,4575,592,2001,7880,5508,471,560,3763,1463
2009-03-31T00:00:00.000,232741,AUSTRALIAN DOLLAR,63184,22074,2324,6836,5309,12701,45606,2960,2077,18213,7468
2009-04-07T00:00:00.000,090741,CANADIAN DOLLAR,58219,5182,27647,1881,2542,16494,6721,4084,996,27853,17588
2009-04-07T00:00:00.000,092741,SWISS FRANC,25914,1913,4089,0,1025,10607,9535,1490,0,11368,10729
2009-04-07T00:00:00.000,096742,BRITISH POUND,79456,6330,18458,4085,17133,45477,9741,561,11616,21974,21479
2009-04-07T00:00:00.000,097741,JAPANESE YEN,84138,22255,30527,12123,10666,32921,13542,1652,1000,13406,26622
2009-04-07T00:00:00.000,098662,USD INDEX,23676,11986,2511,114,960,5365,11437,1107,1761,1231,3134
2009-04-07T00:00:00.000,099741,EURO FX,113508,21126,16285,13213,21074,25582,42155,8294,2987,40923,26637
2009-04-07T00:00:00.000,112741,NZ DOLLAR,13704,2059,1651,922,1791,6150,7959,589,869,3957,1407
2009-04-07T00:00:00.000,232741,AUSTRALIAN DOLLAR,70500,24733,2364,7721,4267,12456,54323,3367,1899,21173,6597
2009-04-14T00:00:00.000,090741,CANADIAN DOLLAR,60486,7751,24025,1881,2191,14479,13080,5078,319,28452,18026
2009-04-14T00:00:00.000,092741,SWISS FRANC,27406,2867,5001,0,1028,15177,10199,0,0,8746,10562
2009-04-14T00:00:00.000,096742,BRITISH POUND,83635,6655,17008,8925,17150,53420,15697,0,11616,13553,21082
2009-04-14T00:00:00.000,097741,JAPANESE YEN,82017,17836,26881,11884,10735,33279,15628,1246,2080,15828,24749
2009-04-14T00:00:00.000,098662,USD INDEX,23893,13343,2475,102,1163,5194,11266,307,2348,1303,2997
2009-04-14T00:00:00.000,099741,EURO FX,108304,17007,16058,13345,20247,28366,38568,7851,2987,36769,25478
2009-04-14T00:00:00.000,112741,NZ DOLLAR,15202,3052,1639,1375,1774,8758,9615,599,933,1391,1214
2009-04-14T00:00:00.000,232741,AUSTRALIAN DOLLAR,74516,27293,2299,7571,4267,12649,58214,4806,1987,21129,6681
2009-04-21T00:00:00.000,090741,CANADIAN DOLLAR,63049,10324,23616,1906,2242,14372,16855,4519,640,28921,16689
2009-04-21T00:00:00.000,092741,SWISS FRANC,33601,5336,15386,0,1037,19865,2229,418,0,7366,14333
2009-04-21T00:00:00.000,096742,BRITISH POUND,83379,9940,17273,7468,16923,52187,15312,493,12573,11739,19746
2009-04-21T00:00:00.000,097741,JAPANESE YEN,74215,17159,16438,11193,10561,27126,21827,1254,1579,15629,21956
2009-04-21T00:00:00.000,098662,USD INDEX,23331,11609,3471,136,626,3651,12280,1507,681,2490,2335
2009-04-21T00:00:00.000,099741,EURO FX,106679,12767,19641,12899,19760,32538,26335,8021,3427,34763,31825
2009-04-21T00:00:00.000,112741,NZ DOLLAR,13843,2308,1033,439,1825,8919,8645,769,396,1144,1680
2009-04-21T00:00:00.000,232741,AUSTRALIAN DOLLAR,69568,22200,2108,8302,4196,14982,51140,2346,1985,20506,8907
2009-04-28T00:00:00.000,090741,CANADIAN DOLLAR,67729,14742,19821,1691,6072,14423,23072,4621,450,28515,14577
2009-04-28T00:00:00.000,092741,SWISS FRANC,27107,4707,6649,0,1012,14950,5727,0,0,6818,13087
2009-04-28T00:00:00.000,096742,BRITISH POUND,84760,11328,16354,8726,17412,51919,16774,0,11616,11298,21115
2009-04-28T00:00:00.000,097741,JAPANESE YEN,75734,20112,8077,9183,11282,24999,31376,800,1040,17195,20514
2009-04-28T00:00:00.000,098662,USD INDEX,22223,10651,2119,148,838,4194,12115,1613,606,1719,2647
2009-04-28T00:00:00.000,099741,EURO FX,108592,10831,21193,13719,19728,36298,24474,7515,3347,34620,34241
2009-04-28T00:00:00.000,112741,NZ DOLLAR,14095,2496,1207,0,2108,8942,8341,763,396,1440,1589
2009-04-28T00:00:00.000,232741,AUSTRALIAN DOLLAR,69683,22219,2215,8379,4196,15927,51996,2346,1885,19694,8273
2009-05-05T00:00:00.000,090741,CANADIAN DOLLAR,74576,19933,13671,1730,10565,13455,30885,5311,214,30375,15469
2009-05-05T00:00:00.000,092741,SWISS FRANC,26366,4523,2193,0,978,12424,10993,0,0,8726,11509
2009-05-05T00:00:00.000,096742,BRITISH POUND,91226,12462,15775,10935,16864,50177,20923,773,15216,15281,20850
2009-05-05T00:00:00.000,097741,JAPANESE YEN,75595,18308,10482,9222,11717,26747,27677,1506,1040,15623,20490
2009-05-05T00:00:00.000,098662,USD INDEX,23738,10580,3356,135,743,7074,11932,341,608,1703,3194
2009-05-05T00:00:00.000,099741,EURO FX,110768,12971,17437,14202,18872,31798,33339,9569,3747,35846,30991
2009-05-05T00:00:00.000,112741,NZ DOLLAR,13993,2333,978,342,2108,8799,8768,614,389,1446,1291
2009-05-05T00:00:00.000,232741,AUSTRALIAN DOLLAR,79209,29449,997,8197,4713,14969,62879,3431,1911,22051,7597
2009-05-12T00:00:00.000,090741,CANADIAN DOLLAR,81402,23396,11351,1528,13543,13744,36085,5072,588,33555,15728
2009-05-12T00:00:00.000,092741,SWISS FRANC,32340,8214,1753,0,925,10290,18454,0,0,13089,10461
2009-05-12T00:00:00.000,096742,BRITISH POUND,91329,11783,15109,10060,16504,51032,23748,0,15366,16556,18704
2009-05-12T00:00:00.000,097741,JAPANESE YEN,85709,25188,8219,11117,11658,25890,41902,800,1040,19936,20112
2009-05-12T00:00:00.000,098662,USD INDEX,28144,13273,6537,84,1242,9153,11862,598,506,1334,4295
2009-05-12T00:00:00.000,099741,EURO FX,124499,18659,16685,14739,19512,30778,45401,11849,3874,42113,32666
2009-05-12T00:00:00.000,112741,NZ DOLLAR,16914,4706,779,534,1587,8606,12421,614,711,1985,947
2009-05-12T00:00:00.000,232741,AUSTRALIAN DOLLAR,84347,31834,749,8333,4196,15364,67925,5421,1906,21935,8111
2009-05-19T00:00:00.000,090741,CANADIAN DOLLAR,86527,27565,13665,1711,14265,13884,40760,5643,0,33666,13779
2009-05-19T00:00:00.000,092741,SWISS FRANC,35951,10867,2583,0,972,10741,21995,0,0,13343,9401
2009-05-19T00:00:00.000,096742,BRITISH POUND,92870,9908,15509,10050,16637,51660,18479,0,16916,18492,22569
2009-05-19T00:00:00.000,097741,JAPANESE YEN,90204,27186,5924,11666,11193,25039,49603,800,1040,22712,19643
2009-05-19T00:00:00.000,098662,USD INDEX,30331,13729,8582,84,1474,11071,11862,392,706,1402,4054
2009-05-19T00:00:00.000,099741,EURO FX,125472,23142,15935,15389,19631,31708,49749,8741,3927,40129,29867
2009-05-19T00:00:00.000,112741,NZ DOLLAR,19239,6562,644,0,1484,9363,15258,614,516,2226,863
2009-05-19T00:00:00.000,232741,AUSTRALIAN DOLLAR,85069,34165,247,9615,4253,15343,68461,1896,1909,22390,8539
2009-05-26T00:00:00.000,090741,CANADIAN DOLLAR,89446,29823,11310,1868,14402,14051,44675,5184,628,33929,13840
2009-05-26T00:00:00.000,092741,SWISS FRANC,39627,13548,3026,0,982,9505,24320,0,0,14384,9109
2009-05-26T00:00:00.000,096742,BRITISH POUND,93484,10383,12401,10059,16362,50374,18014,0,19572,18381,22848
2009-05-26T00:00:00.000,097741,JAPANESE YEN,96706,31699,8535,11724,11069,24731,50542,800,2394,23575,19989
2009-05-26T00:00:00.000,098662,USD INDEX,37046,15096,13356,68,1928,16469,12507,465,1500,1359,4166
2009-05-26T00:00:00.000,099741,EURO FX,139357,27952,17528,15590,19393,30469,56405,9380,5648,46762,31179
2009-05-26T00:00:00.000,112741,NZ DOLLAR,24755,11863,568,0,1408,9383,20916,614,521,2413,860
2009-05-26T00:00:00.000,232741,AUSTRALIAN DOLLAR,90037,36708,554,9819,4253,15646,73861,2046,2319,24216,7448
2009-06-02T00:00:00.000,090741,CANADIAN DOLLAR,90613,29037,9301,1504,20822,14529,42700,6024,530,34980,12721
2009-06-02T00:00:00.000,092741,SWISS FRANC,42429,14987,2291,0,911,9667,28099,0,0,15493,8846
2009-06-02T00:00:00.000,096742,BRITISH POUND,99293,12369,10307,10020,15546,49900,24710,961,19632,21374,24429
2009-06-02T00:00:00.000,097741,JAPANESE YEN,96969,30811,8133,14317,10819,24039,50391,800,3117,19644,17151
2009-06-02T00:00:00.000,098662,USD INDEX,40030,14059,15253,100,2076,18959,12845,1409,1563,1622,4412
2009-06-02T00:00:00.000,099741,EURO FX,151004,32713,23762,19648,18270,31363,61426,8394,3871,46473,31262
2009-06-02T00:00:00.000,112741,NZ DOLLAR,27273,13513,1160,106,1065,9554,22788,615,465,2627,937
2009-06-02T00:00:00.000,232741,AUSTRALIAN DOLLAR,92940,37646,2226,11754,4253,14454,75718,2834,1668,23928,6751
2009-06-09T00:00:00.000,090741,CANADIAN DOLLAR,97915,31084,6551,1859,17838,13853,51954,5155,635,35590,10563
2009-06-09T00:00:00.000,092741,SWISS FRANC,48715,14329,4217,0,912,10726,26541,0,0,15285,8670
2009-06-09T00:00:00.000,096742,BRITISH POUND,101196,14285,11904,10302,14896,47197,27842,452,19276,21800,20118
2009-06-09T00:00:00.000,097741,JAPANESE YEN,93527,23149,14438,14413,10228,31552,39406,800,1045,14260,19057
2009-06-09T00:00:00.000,098662,USD INDEX,42229,10916,14799,100,1900,20352,12908,1416,1286,2120,4011
2009-06-09T00:00:00.000,099741,EURO FX,150683,33231,25014,18365,14871,33452,70886,9816,1689,42725,25129
2009-06-09T00:00:00.000,112741,NZ DOLLAR,34760,14059,946,106,872,9475,23930,730,180,2381,823
2009-06-09T00:00:00.000,232741,AUSTRALIAN DOLLAR,107627,35237,622,12182,4253,17257,75187,2206,1668,22550,7702
2009-06-16T00:00:00.000,090741,CANADIAN DOLLAR,118604,29673,5653,2622,15629,14083,50469,5704,635,33244,12940
2009-06-16T00:00:00.000,092741,SWISS FRANC,30453,15562,5122,0,795,1444,17037,0,0,13073,7125
2009-06-16T00:00:00.000,096742,BRITISH POUND,81438,16716,8853,13275,14203,30265,17220,0,20408,19741,19313
2009-06-16T00:00:00.000,097741,JAPANESE YEN,62998,15998,12684,16283,10320,12707,17800,800,2074,14920,17830
2009-06-16T00:00:00.000,098662,USD INDEX,20470,2866,9353,98,1781,10880,1749,1459,1245,2360,3535
2009-06-16T00:00:00.000,099741,EURO FX,106532,21079,14566,16190,19790,13432,37220,10815,1689,41869,30120
2009-06-16T00:00:00.000,112741,NZ DOLLAR,20666,13974,1590,109,855,3738,17415,585,136,2260,670
2009-06-16T00:00:00.000,232741,AUSTRALIAN DOLLAR,73219,35326,2934,10656,4253,2738,55898,2820,820,20808,8443
2009-06-23T00:00:00.000,090741,CANADIAN DOLLAR,74353,28551,11273,2738,6227,4097,39259,4691,1036,31629,13911
2009-06-23T00:00:00.000,092741,SWISS FRANC,39777,21567,3980,0,1488,1987,26222,0,549,15665,6980
2009-06-23T00:00:00.000,096742,BRITISH POUND,84320,16793,8965,16881,14582,27807,19146,0,19801,21469,20456
2009-06-23T00:00:00.000,097741,JAPANESE YEN,73797,20020,11843,18663,10216,12067,31236,800,1095,19863,17023
2009-06-23T00:00:00.000,098662,USD INDEX,20532,3969,9891,98,2039,9779,1367,1844,1194,2034,3233
2009-06-23T00:00:00.000,099741,EURO FX,118077,29167,15897,15973,22687,17601,40147,9739,3269,42570,33050
2009-06-23T00:00:00.000,112741,NZ DOLLAR,22606,15643,1630,626,1423,3717,18626,545,136,2075,791
2009-06-23T00:00:00.000,232741,AUSTRALIAN DOLLAR,77430,34860,2881,14168,4843,3621,58800,2709,820,21206,9220
2009-06-30T00:00:00.000,090741,CANADIAN DOLLAR,80536,30657,16670,3355,5850,7536,37892,5112,2020,31147,15375
2009-06-30T00:00:00.000,092741,SWISS FRANC,32774,15033,2363,0,953,3388,20433,0,0,13431,8103
2009-06-30T00:00:00.000,096742,BRITISH POUND,92518,22098,10113,17879,13367,27374,30630,1600,17227,21482,19096
2009-06-30T00:00:00.000,097741,JAPANESE YEN,73476,20993,10095,19471,8858,12821,35848,800,1095,16835,15024
2009-06-30T00:00:00.000,098662,USD INDEX,20118,3342,9493,98,1915,10521,1173,1254,1270,2011,3375
2009-06-30T00:00:00.000,099741,EURO FX,114921,25941,16232,17149,21731,15028,37876,11105,1523,40632,32493
2009-06-30T00:00:00.000,112741,NZ DOLLAR,23742,16323,1336,713,1392,3677,19558,852,229,2177,1227
2009-06-30T00:00:00.000,232741,AUSTRALIAN DOLLAR,91416,41886,2964,19691,4253,3035,73293,3889,1253,22051,8789
2009-07-07T00:00:00.000,090741,CANADIAN DOLLAR,80191,29308,19124,2811,3554,7301,38204,4882,2071,32886,14235
2009-07-07T00:00:00.000,092741,SWISS FRANC,33308,16233,1264,0,945,2123,22866,0,0,14063,7344
2009-07-07T00:00:00.000,096742,BRITISH POUND,87303,15561,14573,17147,13127,30190,24243,3168,15676,18827,17274
2009-07-07T00:00:00.000,097741,JAPANESE YEN,89956,32366,6591,21115,7152,12151,57195,800,1095,21544,15943
2009-07-07T00:00:00.000,098662,USD INDEX,20244,3930,9795,98,1971,9683,1273,1283,1394,2376,2937
2009-07-07T00:00:00.000,099741,EURO FX,124035,27838,26034,17062,21143,14783,36650,10656,2147,48418,32783
2009-07-07T00:00:00.000,112741,NZ DOLLAR,21694,14881,934,0,2344,3921,16835,555,222,2125,1147
2009-07-07T00:00:00.000,232741,AUSTRALIAN DOLLAR,86620,37499,5847,19683,4253,2606,65856,4439,0,21325,9596
2009-07-14T00:00:00.000,090741,CANADIAN DOLLAR,85347,32685,20568,3629,3650,7464,40113,5199,3346,33686,14986
2009-07-14T00:00:00.000,092741,SWISS FRANC,33833,15892,3394,0,900,3082,19533,0,0,13970,9117
2009-07-14T00:00:00.000,096742,BRITISH POUND,90346,17662,14859,17950,13824,30691,25399,3200,16556,18644,17509
2009-07-14T00:00:00.000,097741,JAPANESE YEN,110140,48354,5939,20747,7206,11615,77567,800,1523,26728,16009
2009-07-14T00:00:00.000,098662,USD INDEX,21435,5646,10682,98,2181,10111,1195,481,1816,2308,2770
2009-07-14T00:00:00.000,099741,EURO FX,116686,27218,18151,16236,20135,8936,38898,10712,1717,46899,31100
2009-07-14T00:00:00.000,112741,NZ DOLLAR,22089,13621,791,0,2618,5401,16990,776,333,2057,1123
2009-07-14T00:00:00.000,232741,AUSTRALIAN DOLLAR,87807,34539,10592,20585,4253,5246,61094,5959,0,20230,10620
2009-07-21T00:00:00.000,090741,CANADIAN DOLLAR,89893,41632,14760,4210,6162,1407,48660,5519,2381,34563,15368
2009-07-21T00:00:00.000,092741,SWISS FRANC,39639,19784,3869,0,942,1934,26742,0,0,17088,7253
2009-07-21T00:00:00.000,096742,BRITISH POUND,94151,20882,11451,16440,13289,29747,34063,3600,15220,20668,17314
2009-07-21T00:00:00.000,097741,JAPANESE YEN,110610,49236,5147,19852,6889,11463,81225,800,1095,27184,14179
2009-07-21T00:00:00.000,098662,USD INDEX,27107,7315,15044,108,2523,14139,1242,1292,1570,1608,4083
2009-07-21T00:00:00.000,099741,EURO FX,143414,49036,18667,18103,19030,8821,66300,9606,1777,51891,31683
2009-07-21T00:00:00.000,112741,NZ DOLLAR,21987,14702,664,100,1960,3855,17808,555,103,2437,1114
2009-07-21T00:00:00.000,232741,AUSTRALIAN DOLLAR,98479,44216,4751,20218,4253,3421,79183,5929,962,23714,8349
2009-07-28T00:00:00.000,090741,CANADIAN DOLLAR,92023,48082,7427,3477,6203,881,57446,4174,2219,33058,16377
2009-07-28T00:00:00.000,092741,SWISS FRANC,37313,18341,1968,0,1584,2037,24770,0,0,15564,7620
2009-07-28T00:00:00.000,096742,BRITISH POUND,92133,20981,10034,17345,12797,30846,33285,754,15111,19584,18283
2009-07-28T00:00:00.000,097741,JAPANESE YEN,90649,32279,2477,19988,6585,9888,63545,1240,1095,25159,14852
2009-07-28T00:00:00.000,098662,USD INDEX,25803,6111,12664,108,2691,13798,1491,1244,1817,1770,4368
2009-07-28T00:00:00.000,099741,EURO FX,136354,41816,20722,17131,19282,8032,53745,10159,1752,53322,34959
2009-07-28T00:00:00.000,112741,NZ DOLLAR,22692,15733,487,100,1326,3380,19175,555,433,2482,829
2009-07-28T00:00:00.000,232741,AUSTRALIAN DOLLAR,103394,48899,2551,19798,4215,2773,85899,5040,0,25906,9751
2009-08-04T00:00:00.000,090741,CANADIAN DOLLAR,105272,57350,8049,4316,6718,890,70220,4296,2610,36269,15524
2009-08-04T00:00:00.000,092741,SWISS FRANC,42223,20894,3400,0,1587,1746,28768,0,0,17979,6864
2009-08-04T00:00:00.000,096742,BRITISH POUND,107366,35248,9957,16847,12720,28026,44263,0,17126,24472,20527
2009-08-04T00:00:00.000,097741,JAPANESE YEN,80101,22967,7951,20395,6593,9874,45668,1810,1545,22721,16010
2009-08-04T00:00:00.000,098662,USD INDEX,28621,6648,16663,128,2973,16664,1212,1570,1704,834,3292
2009-08-04T00:00:00.000,099741,EURO FX,138237,46369,18954,17033,17902,8036,62227,7666,2385,52864,30500
2009-08-04T00:00:00.000,112741,NZ DOLLAR,23883,16560,591,111,1220,3353,20544,602,100,2774,945
2009-08-04T00:00:00.000,232741,AUSTRALIAN DOLLAR,106512,52304,1644,18704,4215,3137,89661,3484,0,27782,9891
2009-08-11T00:00:00.000,090741,CANADIAN DOLLAR,95923,46929,4122,4390,6718,1032,64274,5685,1732,35544,16734
2009-08-11T00:00:00.000,092741,SWISS FRANC,32801,10541,8205,363,1624,7135,14934,0,0,13590,6866
2009-08-11T00:00:00.000,096742,BRITISH POUND,94413,21902,12181,16257,12582,32501,31977,1645,16226,19561,18900
2009-08-11T00:00:00.000,097741,JAPANESE YEN,70654,18849,13347,20618,6464,10670,23626,1442,2445,16735,22432
2009-08-11T00:00:00.000,098662,USD INDEX,27863,4529,14747,150,3481,16196,1386,1832,1597,2199,3695
2009-08-11T00:00:00.000,099741,EURO FX,130222,31829,17101,17383,18725,11311,50098,8139,1702,55898,36934
2009-08-11T00:00:00.000,112741,NZ DOLLAR,25034,17458,1240,424,1000,3384,20985,602,481,2787,949
2009-08-11T00:00:00.000,232741,AUSTRALIAN DOLLAR,106896,53853,1165,18555,4215,2628,89657,3534,0,27323,10856
2009-08-18T00:00:00.000,090741,CANADIAN DOLLAR,93429,46689,2934,3746,5193,1165,65446,4926,1732,34215,15436
2009-08-18T00:00:00.000,092741,SWISS FRANC,30291,10848,3859,509,877,4470,16909,0,0,13307,7489
2009-08-18T00:00:00.000,096742,BRITISH POUND,94626,21675,10919,15723,12795,37339,30466,1634,16226,16101,22066
2009-08-18T00:00:00.000,097741,JAPANESE YEN,72642,20271,11913,20590,6736,9724,29362,1501,3052,18008,19031
2009-08-18T00:00:00.000,098662,USD INDEX,25171,2120,13556,239,3220,14191,858,2089,1405,3424,3024
2009-08-18T00:00:00.000,099741,EURO FX,127640,22377,26675,16903,17748,21870,38015,7444,1822,51236,35570
2009-08-18T00:00:00.000,112741,NZ DOLLAR,24783,16188,1299,1002,823,4024,21318,602,250,2621,747
2009-08-18T00:00:00.000,232741,AUSTRALIAN DOLLAR,101123,46800,2048,18128,4215,4112,83643,3942,0,26492,9568
2009-08-25T00:00:00.000,090741,CANADIAN DOLLAR,99083,49857,3848,4125,5712,1150,68425,5109,2140,35832,15948
2009-08-25T00:00:00.000,092741,SWISS FRANC,46196,23275,4770,509,902,3074,31892,0,526,17813,6581
2009-08-25T00:00:00.000,096742,BRITISH POUND,98148,19395,12914,15257,12821,40738,32844,2229,16627,17766,20179
2009-08-25T00:00:00.000,097741,JAPANESE YEN,86500,29117,11023,20592,6984,10305,45973,1575,2455,22308,17462
2009-08-25T00:00:00.000,098662,USD INDEX,27317,2954,15869,154,3224,16004,169,2213,1295,2966,3734
2009-08-25T00:00:00.000,099741,EURO FX,128651,32583,22310,17534,17063,12949,50159,8428,2216,48580,28326
2009-08-25T00:00:00.000,112741,NZ DOLLAR,25735,17364,1193,530,577,4066,22417,602,387,2826,814
2009-08-25T00:00:00.000,232741,AUSTRALIAN DOLLAR,106751,51033,1935,18140,4215,3417,87667,3634,0,27187,9594
2009-09-01T00:00:00.000,090741,CANADIAN DOLLAR,88664,36870,4814,4871,4402,1350,56149,6663,1084,34256,17561
2009-09-01T00:00:00.000,092741,SWISS FRANC,44607,19391,2702,513,881,4533,30965,0,0,18014,7903
2009-09-01T00:00:00.000,096742,BRITISH POUND,97615,11492,22133,14008,13837,45586,17480,2563,15685,17328,21842
2009-09-01T00:00:00.000,097741,JAPANESE YEN,107605,46177,7637,20429,6799,9598,69715,2211,3376,25378,16266
2009-09-01T00:00:00.000,098662,USD INDEX,30351,5652,19311,345,3096,15502,203,2259,1368,3417,3197
2009-09-01T00:00:00.000,099741,EURO FX,128047,29097,22154,18927,17321,17694,49454,8713,1704,46291,30089
2009-09-01T00:00:00.000,112741,NZ DOLLAR,26059,16263,781,0,891,5390,22293,704,220,2723,895
2009-09-01T00:00:00.000,232741,AUSTRALIAN DOLLAR,102915,47744,6022,17551,4141,5192,78412,3734,0,25603,11249
2009-09-08T00:00:00.000,090741,CANADIAN DOLLAR,105084,40097,6173,4279,3643,1365,59921,5409,1747,35717,15383
2009-09-08T00:00:00.000,092741,SWISS FRANC,52293,23163,3877,513,907,5583,36947,0,0,20022,7550
2009-09-08T00:00:00.000,096742,BRITISH POUND,105694,20731,16321,14705,14277,38574,27129,1433,16176,16856,18396
2009-09-08T00:00:00.000,097741,JAPANESE YEN,115249,50886,2780,20520,7205,9214,80466,2337,3015,27448,16939
2009-09-08T00:00:00.000,098662,USD INDEX,38153,6543,19261,132,3441,18243,225,1890,1473,2576,4984
2009-09-08T00:00:00.000,099741,EURO FX,149891,41471,24965,18571,18657,15261,60639,8375,2091,51653,28979
2009-09-08T00:00:00.000,112741,NZ DOLLAR,29859,16677,121,101,838,5088,23812,784,164,2921,636
2009-09-08T00:00:00.000,232741,AUSTRALIAN DOLLAR,114028,50193,1839,17358,4141,3218,87833,4154,0,30268,11378
2009-09-15T00:00:00.000,090741,CANADIAN DOLLAR,124489,41749,5567,4298,3170,758,64173,6369,1058,36341,15547
2009-09-15T00:00:00.000,092741,SWISS FRANC,45016,23511,3013,513,880,515,34215,0,0,20377,6808
2009-09-15T00:00:00.000,096742,BRITISH POUND,67178,16207,14960,14821,10770,12452,5482,3280,17120,19148,17576
2009-09-15T00:00:00.000,097741,JAPANESE YEN,108330,47652,5262,21288,8477,6523,74750,2285,2950,30179,16488
2009-09-15T00:00:00.000,098662,USD INDEX,34399,8633,18766,132,3739,16572,332,1281,1484,2100,4397
2009-09-15T00:00:00.000,099741,EURO FX,156349,58407,15827,19553,18992,8466,82645,7704,2433,58775,33008
2009-09-15T00:00:00.000,112741,NZ DOLLAR,23371,17961,2150,106,1071,1695,18984,550,173,3034,968
2009-09-15T00:00:00.000,232741,AUSTRALIAN DOLLAR,104312,51031,4240,17344,3710,1389,89722,5714,0,28633,6439
2009-09-22T00:00:00.000,090741,CANADIAN DOLLAR,89054,40838,2951,4365,4244,751,66248,6429,423,35673,14190
2009-09-22T00:00:00.000,092741,SWISS FRANC,52087,28453,4048,1154,884,515,39276,0,0,21455,7369
2009-09-22T00:00:00.000,096742,BRITISH POUND,78452,8947,27733,14937,10873,31257,2194,3365,17519,18856,19043
2009-09-22T00:00:00.000,097741,JAPANESE YEN,119425,57576,3837,22817,8806,7015,88056,1727,2955,29900,15381
2009-09-22T00:00:00.000,098662,USD INDEX,33704,8349,19726,142,3613,17552,440,1153,1535,1870,3752
2009-09-22T00:00:00.000,099741,EURO FX,162551,59390,17724,20385,19466,14477,85439,9147,3348,55024,32446
2009-09-22T00:00:00.000,112741,NZ DOLLAR,23603,17559,2048,106,655,1780,19074,662,250,3287,1367
2009-09-22T00:00:00.000,232741,AUSTRALIAN DOLLAR,109900,54686,4856,17903,2904,1459,93880,6034,0,29355,7797
2009-09-29T00:00:00.000,090741,CANADIAN DOLLAR,71015,21497,3756,5451,4229,2431,46591,7674,423,32755,14809
2009-09-29T00:00:00.000,092741,SWISS FRANC,45542,22715,3341,1154,852,1298,34296,0,0,19895,6573
2009-09-29T00:00:00.000,096742,BRITISH POUND,98205,9914,43098,13754,11304,55208,1714,2448,17180,15991,24019
2009-09-29T00:00:00.000,097741,JAPANESE YEN,119276,55551,3773,22583,9151,8431,85090,3183,2795,29197,18136
2009-09-29T00:00:00.000,098662,USD INDEX,29776,4973,16594,142,2638,15525,918,1680,1348,2676,3498
2009-09-29T00:00:00.000,099741,EURO FX,164913,55883,18719,21017,19233,18849,85938,10439,4656,54509,32151
2009-09-29T00:00:00.000,112741,NZ DOLLAR,23776,16730,2200,459,248,2415,19883,535,150,3389,1047
2009-09-29T00:00:00.000,232741,AUSTRALIAN DOLLAR,104250,50326,2741,17929,2904,1459,89489,6054,0,27672,8306
2009-10-06T00:00:00.000,090741,CANADIAN DOLLAR,88135,36998,5463,5980,4244,619,59952,7445,1282,35640,15741
2009-10-06T00:00:00.000,092741,SWISS FRANC,49587,27322,3156,1280,862,1455,37972,0,0,19075,7142
2009-10-06T00:00:00.000,096742,BRITISH POUND,111463,7914,51537,10984,13815,71256,1715,2849,17170,17531,26297
2009-10-06T00:00:00.000,097741,JAPANESE YEN,120340,53436,2642,23827,9541,8166,87173,2211,2810,32235,17709
2009-10-06T00:00:00.000,098662,USD INDEX,31874,6854,18914,205,2590,15862,514,1901,1405,2332,3731
2009-10-06T00:00:00.000,099741,EURO FX,170878,67184,17101,18723,19036,15538,97982,10744,2565,54234,29739
2009-10-06T00:00:00.000,112741,NZ DOLLAR,24851,17033,2321,1123,108,2532,20727,689,150,3055,1126
2009-10-06T00:00:00.000,232741,AUSTRALIAN DOLLAR,110359,50727,1968,17309,2927,1459,89676,7012,0,28994,10930
2009-10-13T00:00:00.000,090741,CANADIAN DOLLAR,102958,46433,4890,6320,4231,3075,74040,7487,1211,37808,16751
2009-10-13T00:00:00.000,092741,SWISS FRANC,50413,26583,2868,1309,910,2182,39078,0,0,19852,7070
2009-10-13T00:00:00.000,096742,BRITISH POUND,116449,8319,55748,9892,13069,76956,1057,1385,15326,17659,29011
2009-10-13T00:00:00.000,097741,JAPANESE YEN,119052,43771,1435,25811,9209,13843,81649,1709,2805,29200,19236
2009-10-13T00:00:00.000,098662,USD INDEX,33891,7595,19284,211,2827,17932,763,966,1497,2572,4905
2009-10-13T00:00:00.000,099741,EURO FX,166326,63547,18841,19130,18962,11942,88173,11242,2565,55312,32632
2009-10-13T00:00:00.000,112741,NZ DOLLAR,24376,16995,2208,403,0,2415,20612,693,235,3416,867
2009-10-13T00:00:00.000,232741,AUSTRALIAN DOLLAR,119675,52224,1760,17377,3127,2350,96647,7407,0,34826,12650
2009-10-20T00:00:00.000,090741,CANADIAN DOLLAR,111244,53496,5819,6470,4294,2624,82022,6016,905,40500,16066
2009-10-20T00:00:00.000,092741,SWISS FRANC,54748,29062,4148,1310,862,2478,41703,0,0,21330,7467
2009-10-20T00:00:00.000,096742,BRITISH POUND,103138,16385,39669,10891,12793,55496,5977,0,15326,17557,26564
2009-10-20T00:00:00.000,097741,JAPANESE YEN,120630,43060,2697,26483,10684,17884,79170,2266,2835,25308,19615
2009-10-20T00:00:00.000,098662,USD INDEX,36619,9866,21125,226,3027,18333,654,900,1951,2599,5167
2009-10-20T00:00:00.000,099741,EURO FX,170291,61589,24507,19671,18844,21101,84868,8678,3190,53834,33464
2009-10-20T00:00:00.000,112741,NZ DOLLAR,24862,16729,2868,1145,0,2500,20477,694,285,3451,889
2009-10-20T00:00:00.000,232741,AUSTRALIAN DOLLAR,120590,57044,3204,17488,3377,3652,94289,6046,0,31057,14417
2009-10-27T00:00:00.000,090741,CANADIAN DOLLAR,99635,42037,3958,6788,4332,5038,73049,5985,625,37815,15699
2009-10-27T00:00:00.000,092741,SWISS FRANC,50703,24452,4430,1310,821,4394,36553,0,0,20168,8520
2009-10-27T00:00:00.000,096742,BRITISH POUND,95835,24193,34233,10862,12992,38244,7792,1215,15406,18429,22520
2009-10-27T00:00:00.000,097741,JAPANESE YEN,115161,30417,6704,26536,9013,27653,70983,2921,2825,22155,20157
2009-10-27T00:00:00.000,098662,USD INDEX,36160,9201,21113,232,2797,17003,1011,1125,1500,3616,4756
2009-10-27T00:00:00.000,099741,EURO FX,164798,47566,20661,19707,18420,26029,84823,9324,2565,55520,31677
2009-10-27T00:00:00.000,112741,NZ DOLLAR,24230,15088,3057,1559,0,2521,18953,1149,231,3517,1593
2009-10-27T00:00:00.000,232741,AUSTRALIAN DOLLAR,115342,52955,1313,17606,3604,2346,95110,5977,0,32323,11180
2009-11-03T00:00:00.000,090741,CANADIAN DOLLAR,82896,25621,4089,6627,4829,7545,53711,5985,647,34810,17312
2009-11-03T00:00:00.000,092741,SWISS FRANC,46414,21477,1549,769,1311,6259,35376,0,0,17316,7585
2009-11-03T00:00:00.000,096742,BRITISH POUND,97336,26688,26897,11520,10652,36656,22822,952,15406,19458,19497
2009-11-03T00:00:00.000,097741,JAPANESE YEN,110032,31844,6413,25294,9862,23295,64647,1742,3025,22148,20376
2009-11-03T00:00:00.000,098662,USD INDEX,35969,8143,21394,123,2323,17283,2113,1378,1678,4128,3547
2009-11-03T00:00:00.000,099741,EURO FX,161257,44419,24749,19861,18553,28239,76332,10168,2565,51617,32105
2009-11-03T00:00:00.000,112741,NZ DOLLAR,21898,13345,3132,1494,0,2521,17096,1217,132,2888,1105
2009-11-03T00:00:00.000,232741,AUSTRALIAN DOLLAR,114518,47242,2332,17858,3354,7525,91068,6177,827,30072,11293
2009-11-09T00:00:00.000,090741,CANADIAN DOLLAR,85919,28543,7503,5916,4560,7647,52302,5368,1466,36815,18458
2009-11-09T00:00:00.000,092741,SWISS FRANC,53280,25696,2313,769,1323,5690,41466,0,0,20577,7630
2009-11-09T00:00:00.000,096742,BRITISH POUND,103817,31643,23662,12646,9781,35121,28641,556,19016,21630,20496
2009-11-09T00:00:00.000,097741,JAPANESE YEN,117344,34420,9285,25451,9732,25814,69340,1704,4002,23152,18182
2009-11-09T00:00:00.000,098662,USD INDEX,37246,7272,20802,141,2583,18854,2887,1938,1689,3884,4128
2009-11-09T00:00:00.000,099741,EURO FX,164192,49486,25590,20348,18076,24700,76071,9581,3326,52237,33289
2009-11-09T00:00:00.000,112741,NZ DOLLAR,21106,12297,3087,1375,0,3278,15412,1196,1112,2921,1456
2009-11-09T00:00:00.000,232741,AUSTRALIAN DOLLAR,111424,48644,2198,17507,3354,3391,88562,5452,863,30664,10681
2009-11-17T00:00:00.000,090741,CANADIAN DOLLAR,94241,33832,13066,6676,4749,6975,53141,5603,465,37001,18666
2009-11-17T00:00:00.000,092741,SWISS FRANC,54018,25828,2202,875,1341,7822,40739,0,0,18982,9225
2009-11-17T00:00:00.000,096742,BRITISH POUND,96616,28944,17403,12882,9800,27247,30833,1218,15764,23856,20347
2009-11-17T00:00:00.000,097741,JAPANESE YEN,125908,41502,4284,26346,9816,16596,78405,2171,3563,29095,19642
2009-11-17T00:00:00.000,098662,USD INDEX,42265,8943,24494,153,2816,22663,3016,1870,1815,3395,4883
2009-11-17T00:00:00.000,099741,EURO FX,172325,46307,34453,20640,18160,33528,75670,11077,2565,54985,35689
2009-11-17T00:00:00.000,112741,NZ DOLLAR,21639,12822,3575,1568,0,2956,16702,1110,112,3144,1211
2009-11-17T00:00:00.000,232741,AUSTRALIAN DOLLAR,124030,53500,9861,17576,3153,3881,92449,7141,0,33258,9893
2009-11-24T00:00:00.000,090741,CANADIAN DOLLAR,89131,25972,5768,9076,6425,6765,53458,5990,379,36715,18488
2009-11-24T00:00:00.000,092741,SWISS FRANC,54159,23335,3054,875,1336,9609,40019,0,0,19335,8745
2009-11-24T00:00:00.000,096742,BRITISH POUND,88875,22253,16782,12022,9907,28544,24922,1061,16049,21619,17839
2009-11-24T00:00:00.000,097741,JAPANESE YEN,131833,56812,4189,25758,8877,8140,84563,2644,3075,28270,20920
2009-11-24T00:00:00.000,098662,USD INDEX,39858,8131,22555,160,2726,20263,3597,1744,1556,4329,4193
2009-11-24T00:00:00.000,099741,EURO FX,173834,54722,31596,21288,17043,31242,83872,10749,3603,49168,31055
2009-11-24T00:00:00.000,112741,NZ DOLLAR,21639,12355,4239,1491,0,3836,16099,1014,112,2905,1151
2009-11-24T00:00:00.000,232741,AUSTRALIAN DOLLAR,118766,45811,6780,19165,3118,7318,88241,6311,86,30137,10517
2009-12-01T00:00:00.000,090741,CANADIAN DOLLAR,97431,31494,8606,9062,7908,5396,57836,6403,769,40613,17849
2009-12-01T00:00:00.000,092741,SWISS FRANC,56659,26513,5830,1061,822,6876,40928,0,0,20542,7412
2009-12-01T00:00:00.000,096742,BRITISH POUND,89615,22465,17802,12237,9912,27782,20997,704,16144,21096,19429
2009-12-01T00:00:00.000,097741,JAPANESE YEN,144123,64249,10277,26071,9578,11093,91057,2366,2087,30768,21548
2009-12-01T00:00:00.000,098662,USD INDEX,39680,8313,22305,81,2887,20723,3434,1157,1851,4313,4110
2009-12-01T00:00:00.000,099741,EURO FX,175155,53616,28324,21221,16410,28568,89283,10878,3389,53954,30831
2009-12-01T00:00:00.000,112741,NZ DOLLAR,22778,11333,6087,1178,0,6096,14739,797,112,3143,1609
2009-12-01T00:00:00.000,232741,AUSTRALIAN DOLLAR,118047,47230,6610,19664,3118,4804,87118,6122,59,30485,11400
2009-12-08T00:00:00.000,090741,CANADIAN DOLLAR,103218,29326,4524,9029,8603,9343,58406,6237,10,34200,16592
2009-12-08T00:00:00.000,092741,SWISS FRANC,49595,18193,5766,1061,1460,9465,26072,0,0,15180,10601
2009-12-08T00:00:00.000,096742,BRITISH POUND,103496,15286,19752,11474,11502,34830,15258,950,14716,19080,20392
2009-12-08T00:00:00.000,097741,JAPANESE YEN,123501,40750,4069,27183,9134,21653,75673,1746,2122,20654,20988
2009-12-08T00:00:00.000,098662,USD INDEX,48594,10303,22601,81,2389,17325,4021,2253,1969,4775,3757
2009-12-08T00:00:00.000,099741,EURO FX,179294,32349,34573,20330,16411,55590,82451,11521,3164,45214,28405
2009-12-08T00:00:00.000,112741,NZ DOLLAR,23110,9944,5367,1474,0,6642,14703,1118,0,3062,2170
2009-12-08T00:00:00.000,232741,AUSTRALIAN DOLLAR,125262,41851,2492,19220,3118,5687,84284,7366,0,27176,11406
2009-12-15T00:00:00.000,090741,CANADIAN DOLLAR,109895,27453,4053,9422,8826,10435,56721,4684,58,37689,20025
2009-12-15T00:00:00.000,092741,SWISS FRANC,33591,8760,10784,2280,1779,8056,9963,0,0,13939,10509
2009-12-15T00:00:00.000,096742,BRITISH POUND,72177,8647,25446,11525,11463,33456,450,478,12892,16937,20792
2009-12-15T00:00:00.000,097741,JAPANESE YEN,88438,25383,7837,28635,11235,8464,43371,1780,2772,19963,19010
2009-12-15T00:00:00.000,098662,USD INDEX,51271,12897,21901,108,1641,23356,15425,2644,1560,4954,3432
2009-12-15T00:00:00.000,099741,EURO FX,132017,25933,46633,21915,18047,23321,30994,8227,1229,48690,31183
2009-12-15T00:00:00.000,112741,NZ DOLLAR,18647,11302,4783,1576,0,1933,12202,1000,0,2814,1640
2009-12-15T00:00:00.000,232741,AUSTRALIAN DOLLAR,101906,44622,8090,20739,3118,3267,77687,8550,1731,24399,10951
2009-12-22T00:00:00.000,090741,CANADIAN DOLLAR,79423,29445,7446,9155,8927,761,46664,3886,63,34463,14610
2009-12-22T00:00:00.000,092741,SWISS FRANC,34198,9317,12952,1012,1690,12278,7724,0,0,11417,11658
2009-12-22T00:00:00.000,096742,BRITISH POUND,74083,7108,25917,10945,10025,34322,2402,3614,13682,16625,20588
2009-12-22T00:00:00.000,097741,JAPANESE YEN,93224,21639,13634,28125,10567,19724,41434,1740,2130,17629,21092
2009-12-22T00:00:00.000,098662,USD INDEX,59792,8189,29140,0,805,36310,18116,2961,1265,4977,3111
2009-12-22T00:00:00.000,099741,EURO FX,134600,22315,47303,20883,15891,31622,34339,8077,1237,47921,32048
2009-12-22T00:00:00.000,112741,NZ DOLLAR,19372,12701,5418,1031,0,1933,12312,1130,0,2503,1568
2009-12-22T00:00:00.000,232741,AUSTRALIAN DOLLAR,94188,37464,9553,17497,3140,5007,69263,9711,1731,24061,10053
2009-12-29T00:00:00.000,090741,CANADIAN DOLLAR,101157,48905,7089,7832,8586,663,68340,4353,759,37520,14499
2009-12-29T00:00:00.000,092741,SWISS FRANC,38033,10105,16685,1030,1121,16123,7614,675,0,9939,12452
2009-12-29T00:00:00.000,096742,BRITISH POUND,84792,10579,35665,11151,9567,40449,960,3389,13792,17475,23059
2009-12-29T00:00:00.000,097741,JAPANESE YEN,95217,13881,20257,28204,9412,31139,36075,2074,2672,15773,22655
2009-12-29T00:00:00.000,098662,USD INDEX,63184,12344,29846,0,990,36248,22515,3946,1180,4364,2371
2009-12-29T00:00:00.000,099741,EURO FX,144152,16752,60063,21498,16359,50982,28588,8801,1270,42210,33963
2009-12-29T00:00:00.000,112741,NZ DOLLAR,18893,12540,5067,1107,0,2171,12522,0,0,2993,1222
2009-12-29T00:00:00.000,232741,AUSTRALIAN DOLLAR,98465,45277,11076,16935,3140,4023,72171,7581,1731,24214,9912
2010-01-05T00:00:00.000,090741,CANADIAN DOLLAR,107554,52082,6474,7045,6448,663,76594,3865,609,42003,15533
2010-01-05T00:00:00.000,092741,SWISS FRANC,35161,10459,14581,1093,1106,12025,8765,0,0,11413,10538
2010-01-05T00:00:00.000,096742,BRITISH POUND,92891,11039,43484,11652,9163,50806,856,3435,11169,14529,26789
2010-01-05T00:00:00.000,097741,JAPANESE YEN,104231,12930,24062,28424,7960,41931,39813,1667,2604,14573,25086
2010-01-05T00:00:00.000,098662,USD INDEX,62056,11100,27268,0,841,34653,23893,4845,986,5040,2650
2010-01-05T00:00:00.000,099741,EURO FX,156155,21682,63783,21079,17002,56648,32532,9430,1759,42455,36218
2010-01-05T00:00:00.000,112741,NZ DOLLAR,23053,16458,5133,1062,0,1955,16068,0,334,3490,1430
2010-01-05T00:00:00.000,232741,AUSTRALIAN DOLLAR,108728,54636,7913,17451,3140,2983,84960,7574,2239,25681,10073
2010-01-12T00:00:00.000,090741,CANADIAN DOLLAR,117310,59232,3722,8243,6770,1160,86777,4782,1467,41882,16563
2010-01-12T00:00:00.000,092741,SWISS FRANC,38204,16095,4648,1085,1016,6222,21892,0,0,14565,10411
2010-01-12T00:00:00.000,096742,BRITISH POUND,89147,8607,35980,10919,9667,48555,2022,1906,13028,17515,26805
2010-01-12T00:00:00.000,097741,JAPANESE YEN,120568,14801,26215,26885,9250,54221,43843,1727,2812,16138,31652
2010-01-12T00:00:00.000,098662,USD INDEX,52227,10636,20018,0,781,28028,21883,2123,906,5041,2240
2010-01-12T00:00:00.000,099741,EURO FX,161287,21776,41932,19510,18771,55686,51172,10651,1930,46227,40045
2010-01-12T00:00:00.000,112741,NZ DOLLAR,25732,18956,4648,1186,0,2112,18530,139,1146,3119,1188
2010-01-12T00:00:00.000,232741,AUSTRALIAN DOLLAR,126970,65018,5458,18334,3390,2800,101290,8007,1731,29796,12086
2010-01-19T00:00:00.000,090741,CANADIAN DOLLAR,120271,61031,2697,6120,7347,2282,89246,4478,1516,44375,17480
2010-01-19T00:00:00.000,092741,SWISS FRANC,37744,14408,2622,984,1036,6738,24772,618,0,14587,8905
2010-01-19T00:00:00.000,096742,BRITISH POUND,83337,17414,26293,10521,9522,32026,7617,1906,14088,19737,24084
2010-01-19T00:00:00.000,097741,JAPANESE YEN,122367,18301,27078,27749,8792,49485,46703,1657,2600,17949,29968
2010-01-19T00:00:00.000,098662,USD INDEX,49139,9562,16894,0,975,25134,21592,2668,966,5282,2219
2010-01-19T00:00:00.000,099741,EURO FX,164501,15107,48961,20356,19358,63245,44441,12080,2589,48050,43489
2010-01-19T00:00:00.000,112741,NZ DOLLAR,26917,19907,5068,1208,0,2112,19064,168,1353,3302,1212
2010-01-19T00:00:00.000,232741,AUSTRALIAN DOLLAR,133086,69045,6886,17872,3390,4223,107122,7593,1793,30777,10319
2010-01-26T00:00:00.000,090741,CANADIAN DOLLAR,91375,35776,9386,6952,8005,2643,54931,5332,726,38391,16046
2010-01-26T00:00:00.000,092741,SWISS FRANC,34075,9783,6116,984,1076,10855,14005,968,0,11242,12635
2010-01-26T00:00:00.000,096742,BRITISH POUND,86475,11486,26740,11630,9653,43786,10589,1906,15944,16276,22158
2010-01-26T00:00:00.000,097741,JAPANESE YEN,119819,23212,18847,28338,8818,35214,53731,1546,3022,22975,26867
2010-01-26T00:00:00.000,098662,USD INDEX,59330,19627,22409,0,545,23310,25987,2597,795,7160,2958
2010-01-26T00:00:00.000,099741,EURO FX,184978,16828,60431,19283,19116,88712,50278,12244,5433,43648,45457
2010-01-26T00:00:00.000,112741,NZ DOLLAR,21440,14152,7220,1222,257,2579,12234,575,214,2673,1276
2010-01-26T00:00:00.000,232741,AUSTRALIAN DOLLAR,112867,51722,7917,17378,3490,5507,82518,7275,2702,26327,11582
2010-02-02T00:00:00.000,090741,CANADIAN DOLLAR,82692,24727,10903,8147,9540,4477,40027,6069,736,36385,18599
2010-02-02T00:00:00.000,092741,SWISS FRANC,36263,8690,11519,1221,1163,15369,9338,0,0,10489,13749
2010-02-02T00:00:00.000,096742,BRITISH POUND,95712,9463,30421,11809,10376,52950,8887,2832,17804,17466,27032
2010-02-02T00:00:00.000,097741,JAPANESE YEN,116129,22794,10496,28646,7356,32939,59755,1506,3211,21733,26800
2010-02-02T00:00:00.000,098662,USD INDEX,67283,27657,28116,501,280,24870,29652,2234,1025,5766,1955
2010-02-02T00:00:00.000,099741,EURO FX,186878,12809,62929,19639,18403,93121,47301,12474,6604,44671,47477
2010-02-02T00:00:00.000,112741,NZ DOLLAR,21312,13744,9529,1303,232,2506,8936,453,105,2402,1606
2010-02-02T00:00:00.000,232741,AUSTRALIAN DOLLAR,98426,36317,5744,17817,3216,4306,67326,8129,2848,27079,14514
2010-02-09T00:00:00.000,090741,CANADIAN DOLLAR,84317,23946,16861,6506,10241,8962,36133,5809,452,35945,17481
2010-02-09T00:00:00.000,092741,SWISS FRANC,42359,6253,15064,1215,976,23378,9488,0,0,11149,16467
2010-02-09T00:00:00.000,096742,BRITISH POUND,116362,11265,43475,11142,10745,72176,8803,2385,21134,17645,30456
2010-02-09T00:00:00.000,097741,JAPANESE YEN,120060,31570,6383,31935,5407,20425,65963,1475,5192,25239,27699
2010-02-09T00:00:00.000,098662,USD INDEX,58939,21434,14664,818,38,23478,36317,2360,755,5541,1857
2010-02-09T00:00:00.000,099741,EURO FX,197457,15651,72717,12218,21231,110303,45501,13156,5663,41888,48104
2010-02-09T00:00:00.000,112741,NZ DOLLAR,20171,12645,9431,1600,0,2847,7765,186,105,1824,1801
2010-02-09T00:00:00.000,232741,AUSTRALIAN DOLLAR,99643,31042,11163,19836,3838,6879,54379,8138,1731,23370,18154
2010-02-16T00:00:00.000,090741,CANADIAN DOLLAR,93330,34318,13347,6605,8601,5643,51752,4748,887,39041,15768
2010-02-16T00:00:00.000,092741,SWISS FRANC,40881,5240,16256,1274,1489,23249,9459,0,0,10696,13255
2010-02-16T00:00:00.000,096742,BRITISH POUND,119085,9956,44645,11182,10987,78162,7460,2847,22767,15182,31470
2010-02-16T00:00:00.000,097741,JAPANESE YEN,119816,25649,8312,32245,4008,27063,64998,1415,5345,23597,27306
2010-02-16T00:00:00.000,098662,USD INDEX,58733,22012,14686,965,0,22610,36070,2589,758,5421,2083
2010-02-16T00:00:00.000,099741,EURO FX,196042,17149,69041,13239,21074,107144,48409,11890,6814,41551,45635
2010-02-16T00:00:00.000,112741,NZ DOLLAR,19679,12599,6863,1553,235,2646,9146,0,105,1776,2225
2010-02-16T00:00:00.000,232741,AUSTRALIAN DOLLAR,98449,38302,10218,17809,4721,5017,56827,4289,1288,23827,16190
2010-02-23T00:00:00.000,090741,CANADIAN DOLLAR,100629,40929,9553,7301,8716,2769,61647,5260,1361,40978,15960
2010-02-23T00:00:00.000,092741,SWISS FRANC,45407,6017,19950,1240,1446,28328,9430,0,0,9612,14371
2010-02-23T00:00:00.000,096742,BRITISH POUND,125106,11236,52572,11804,10948,83081,3848,1921,22590,14358,32442
2010-02-23T00:00:00.000,097741,JAPANESE YEN,122919,20038,18043,32979,4537,36780,55909,1000,5672,21818,28454
2010-02-23T00:00:00.000,098662,USD INDEX,57575,20937,12044,1431,109,22636,37112,2074,816,5497,2494
2010-02-23T00:00:00.000,099741,EURO FX,208474,18369,81838,14419,23364,116804,44891,12236,5112,38824,45447
2010-02-23T00:00:00.000,112741,NZ DOLLAR,20201,12587,7810,1439,238,3140,8949,0,324,1884,1729
2010-02-23T00:00:00.000,232741,AUSTRALIAN DOLLAR,108320,45863,7190,19363,4821,4335,73649,5077,1993,28041,15026
2010-03-02T00:00:00.000,090741,CANADIAN DOLLAR,109517,45691,8151,7603,8749,5210,69937,5929,1783,41078,16891
2010-03-02T00:00:00.000,092741,SWISS FRANC,42147,5657,16830,1376,1057,24445,9949,0,0,10465,14107
2010-03-02T00:00:00.000,096742,BRITISH POUND,129123,12045,53191,13180,12521,79849,4151,880,25096,20260,31255
2010-03-02T00:00:00.000,097741,JAPANESE YEN,133600,44004,10296,36060,5273,15898,73666,1495,5892,25279,27609
2010-03-02T00:00:00.000,098662,USD INDEX,55702,19613,10900,1448,109,22483,37684,2707,620,5101,2039
2010-03-02T00:00:00.000,099741,EURO FX,218803,18694,79660,14818,25168,116419,49870,11602,4367,45897,48365
2010-03-02T00:00:00.000,112741,NZ DOLLAR,20158,11657,8301,1339,474,3532,8062,0,172,2358,1877
2010-03-02T00:00:00.000,232741,AUSTRALIAN DOLLAR,116667,52565,4775,21137,4571,3986,87449,5324,1833,28829,13213
2010-03-09T00:00:00.000,090741,CANADIAN DOLLAR,138991,68273,5874,8620,7751,2054,95707,5821,1939,41081,14578
2010-03-09T00:00:00.000,092741,SWISS FRANC,47810,5509,16544,1376,1066,22692,9561,0,0,9740,12146
2010-03-09T00:00:00.000,096742,BRITISH POUND,148562,6809,51245,13234,12640,81465,4248,1281,17625,17461,34492
2010-03-09T00:00:00.000,097741,JAPANESE YEN,137443,40086,11450,35695,5551,20295,72909,1000,4311,23134,25989
2010-03-09T00:00:00.000,098662,USD INDEX,58121,20503,9262,1051,109,19794,36777,2192,578,5579,2393
2010-03-09T00:00:00.000,099741,EURO FX,243524,17907,92561,14526,22890,126558,46598,12043,2911,39086,45160
2010-03-09T00:00:00.000,112741,NZ DOLLAR,21863,9822,8449,1320,364,4751,8086,0,0,2527,1521
2010-03-09T00:00:00.000,232741,AUSTRALIAN DOLLAR,130808,64208,1878,20721,2281,2883,105302,6039,1865,29970,12495
2010-03-16T00:00:00.000,090741,CANADIAN DOLLAR,180184,77445,6241,7480,7826,1038,101884,6711,2001,42401,17123
2010-03-16T00:00:00.000,092741,SWISS FRANC,32157,7317,15851,1107,1032,10560,3250,0,0,12264,11115
2010-03-16T00:00:00.000,096742,BRITISH POUND,121551,9109,53910,12671,12480,80958,3283,2029,18527,14897,31464
2010-03-16T00:00:00.000,097741,JAPANESE YEN,95999,29987,16745,34267,5603,5961,39735,1000,2151,19581,26562
2010-03-16T00:00:00.000,098662,USD INDEX,46920,14571,7700,1001,109,18714,30928,2328,354,4518,2041
2010-03-16T00:00:00.000,099741,EURO FX,163822,18336,79044,14278,23383,70764,12040,16843,2691,38467,41530
2010-03-16T00:00:00.000,112741,NZ DOLLAR,15638,9162,7895,1320,287,2212,5998,324,172,2477,1143
2010-03-16T00:00:00.000,232741,AUSTRALIAN DOLLAR,126301,65397,3496,21317,2281,1491,108825,7573,596,29121,9701
2010-03-23T00:00:00.000,090741,CANADIAN DOLLAR,152885,87514,6704,7595,7907,744,118815,7705,2212,47539,15459
2010-03-23T00:00:00.000,092741,SWISS FRANC,30910,8176,10254,1230,1056,8962,9076,0,972,12107,9117
2010-03-23T00:00:00.000,096742,BRITISH POUND,130646,7358,62017,11130,13101,93384,1958,1928,19300,14148,31572
2010-03-23T00:00:00.000,097741,JAPANESE YEN,96913,30483,21083,34074,6155,6978,34878,1763,2255,18472,27399
2010-03-23T00:00:00.000,098662,USD INDEX,51403,21053,9388,871,169,17672,32784,1074,1257,5188,2260
2010-03-23T00:00:00.000,099741,EURO FX,195287,18919,102137,15807,23806,97710,12213,17938,5159,40160,47219
2010-03-23T00:00:00.000,112741,NZ DOLLAR,17599,11410,7305,1358,112,1941,8365,156,455,2684,1312
2010-03-23T00:00:00.000,232741,AUSTRALIAN DOLLAR,142413,75530,3334,22642,2581,1906,118778,7941,181,31984,15129
2010-03-30T00:00:00.000,090741,CANADIAN DOLLAR,152133,88148,5103,7776,7879,1697,121566,7791,1355,45045,14554
2010-03-30T00:00:00.000,092741,SWISS FRANC,28290,5725,11302,1190,1082,11205,4410,0,1198,9903,10031
2010-03-30T00:00:00.000,096742,BRITISH POUND,132818,5208,58328,10880,18427,97047,2034,920,19809,15937,31394
2010-03-30T00:00:00.000,097741,JAPANESE YEN,109417,15039,40827,32914,6422,35221,13257,1000,3200,17371,37839
2010-03-30T00:00:00.000,098662,USD INDEX,60419,28669,17179,1419,0,18104,34580,1319,1900,5725,1577
2010-03-30T00:00:00.000,099741,EURO FX,223554,10606,118115,15339,24991,136076,12745,16466,10169,38924,51391
2010-03-30T00:00:00.000,112741,NZ DOLLAR,17143,10882,6570,989,112,2019,9226,176,291,3021,888
2010-03-30T00:00:00.000,232741,AUSTRALIAN DOLLAR,142815,72465,1994,23378,2881,2251,117585,7908,1827,34186,15901
2010-04-06T00:00:00.000,090741,CANADIAN DOLLAR,151537,85410,5263,7170,9413,2037,117702,9954,1355,45034,15872
2010-04-06T00:00:00.000,092741,SWISS FRANC,32272,8089,11527,1150,990,10658,7599,0,456,12140,11465
2010-04-06T00:00:00.000,096742,BRITISH POUND,129290,6248,53429,9669,15476,93678,3015,2340,22406,14246,31855
2010-04-06T00:00:00.000,097741,JAPANESE YEN,123837,13680,52254,30772,8260,50240,9425,1507,3746,17404,39918
2010-04-06T00:00:00.000,098662,USD INDEX,50152,17552,7268,1567,0,17920,33707,1911,1027,5849,2797
2010-04-06T00:00:00.000,099741,EURO FX,208883,17088,99772,17196,24995,110757,13602,15517,12382,39574,49381
2010-04-06T00:00:00.000,112741,NZ DOLLAR,16221,10858,6672,342,112,1896,7772,284,279,2779,1324
2010-04-06T00:00:00.000,232741,AUSTRALIAN DOLLAR,151605,75963,3135,24386,3301,1870,124776,7412,1814,39087,15692
2010-04-13T00:00:00.000,090741,CANADIAN DOLLAR,153401,87165,3800,7470,9329,2431,120901,8422,1393,45701,15766
2010-04-13T00:00:00.000,092741,SWISS FRANC,33886,8736,13991,1115,1028,11939,6413,0,0,11633,11991
2010-04-13T00:00:00.000,096742,BRITISH POUND,121947,12560,48902,10288,12199,78554,6069,880,24018,15611,26705
2010-04-13T00:00:00.000,097741,JAPANESE YEN,131723,7922,60844,31484,7700,65915,9876,1000,3559,15135,39477
2010-04-13T00:00:00.000,098662,USD INDEX,46766,15737,6155,1014,0,16382,31615,2954,1061,5461,2717
2010-04-13T00:00:00.000,099741,EURO FX,203199,21493,90407,15686,26425,105632,20150,14294,9704,39877,50296
2010-04-13T00:00:00.000,112741,NZ DOLLAR,17540,11866,6486,238,145,2078,9233,176,445,3112,1161
2010-04-13T00:00:00.000,232741,AUSTRALIAN DOLLAR,154014,80675,2887,24253,3301,1937,127848,6369,1230,38806,16774
2010-04-20T00:00:00.000,090741,CANADIAN DOLLAR,149360,79947,7693,6281,9467,2410,108413,8203,3106,48843,17005
2010-04-20T00:00:00.000,092741,SWISS FRANC,33431,10428,11772,996,1037,10097,7295,0,1240,11355,11532
2010-04-20T00:00:00.000,096742,BRITISH POUND,121340,13086,37590,10815,12152,72326,8394,880,27277,17455,29149
2010-04-20T00:00:00.000,097741,JAPANESE YEN,134324,10458,57022,31325,7146,68478,16201,1000,3064,14727,42555
2010-04-20T00:00:00.000,098662,USD INDEX,44558,17463,4693,312,131,15002,30294,1587,1729,5106,2623
2010-04-20T00:00:00.000,099741,EURO FX,208291,20846,92908,16294,27720,105503,21643,15713,11361,41483,46207
2010-04-20T00:00:00.000,112741,NZ DOLLAR,17911,12528,5777,237,292,1918,9969,241,397,2906,1395
2010-04-20T00:00:00.000,232741,AUSTRALIAN DOLLAR,154367,78687,4001,24609,3301,1787,126139,8730,2381,38600,16591
2010-04-27T00:00:00.000,090741,CANADIAN DOLLAR,144191,74640,5683,6768,10108,4280,105327,6986,2460,47594,16690
2010-04-27T00:00:00.000,092741,SWISS FRANC,49308,10334,24499,996,1043,24820,5474,1228,2106,11475,15731
2010-04-27T00:00:00.000,096742,BRITISH POUND,119871,8841,42453,10751,12756,74395,5573,2965,23818,17736,30088
2010-04-27T00:00:00.000,097741,JAPANESE YEN,137780,9336,61012,30492,7775,72612,16618,1440,3688,15264,40051
2010-04-27T00:00:00.000,098662,USD INDEX,47054,18954,7964,777,81,15577,30744,1189,1096,5804,2416
2010-04-27T00:00:00.000,099741,EURO FX,238298,20500,111862,17384,26393,129662,23225,15750,13483,44149,52482
2010-04-27T00:00:00.000,112741,NZ DOLLAR,21797,15616,5856,531,623,2155,13704,261,172,3125,1333
2010-04-27T00:00:00.000,232741,AUSTRALIAN DOLLAR,140472,67709,5819,24138,3801,2248,106801,7100,1700,34675,17749
2010-05-04T00:00:00.000,090741,CANADIAN DOLLAR,137181,66540,8421,6960,9713,6154,93530,7699,4140,46013,17562
2010-05-04T00:00:00.000,092741,SWISS FRANC,51339,7091,27743,891,1666,29983,2394,1307,1410,11323,17382
2010-05-04T00:00:00.000,096742,BRITISH POUND,133988,11326,55453,11486,12380,86628,4695,3286,23471,17023,33750
2010-05-04T00:00:00.000,097741,JAPANESE YEN,147243,9084,70995,29219,8066,81134,11666,1602,3058,14680,41934
2010-05-04T00:00:00.000,098662,USD INDEX,48517,21744,9366,724,67,15008,31394,1293,926,5257,2273
2010-05-04T00:00:00.000,099741,EURO FX,261076,18041,127312,19713,25892,151815,25001,16440,18293,45662,55173
2010-05-04T00:00:00.000,112741,NZ DOLLAR,23312,16859,4887,523,574,2008,15630,317,587,3463,1492
2010-05-04T00:00:00.000,232741,AUSTRALIAN DOLLAR,136437,62435,9258,23468,4460,3396,95370,7373,1345,31888,18127
2010-05-11T00:00:00.000,090741,CANADIAN DOLLAR,122092,59188,7489,6796,8777,7321,82630,6077,1405,36806,15887
2010-05-11T00:00:00.000,092741,SWISS FRANC,50562,5561,25720,870,1598,33744,2430,0,472,9463,19418
2010-05-11T00:00:00.000,096742,BRITISH POUND,142670,6000,58639,11974,14101,100684,6611,1746,21787,15958,35224
2010-05-11T00:00:00.000,097741,JAPANESE YEN,146389,17568,52604,30103,8337,67631,42183,2088,3017,16395,27644
2010-05-11T00:00:00.000,098662,USD INDEX,42824,18304,14628,1218,0,12722,21007,453,317,5699,2444
2010-05-11T00:00:00.000,099741,EURO FX,287589,21525,144148,20289,27761,171487,32749,15008,13047,47444,58048
2010-05-11T00:00:00.000,112741,NZ DOLLAR,24215,17948,4225,660,399,2114,17646,362,521,2885,1178
2010-05-11T00:00:00.000,232741,AUSTRALIAN DOLLAR,115269,41727,8406,21975,4016,12250,77340,7414,812,23377,16169
2010-05-18T00:00:00.000,090741,CANADIAN DOLLAR,124952,58797,6559,6280,8560,8516,84621,6716,3096,37880,15353
2010-05-18T00:00:00.000,092741,SWISS FRANC,48242,3515,25130,989,969,33329,2542,0,0,9301,18493
2010-05-18T00:00:00.000,096742,BRITISH POUND,152357,7070,66699,12619,14620,107453,8268,1586,20437,15980,34684
2010-05-18T00:00:00.000,097741,JAPANESE YEN,142699,15530,52022,33225,7492,63734,35571,2508,3114,14439,31237
2010-05-18T00:00:00.000,098662,USD INDEX,39545,15208,17361,1361,0,12967,15182,569,504,5181,2239
2010-05-18T00:00:00.000,099741,EURO FX,300526,37605,153869,19497,30015,164771,34090,17417,9305,48129,60140
2010-05-18T00:00:00.000,112741,NZ DOLLAR,21357,14496,3900,0,463,3804,14584,362,272,2446,1889
2010-05-18T00:00:00.000,232741,AUSTRALIAN DOLLAR,113271,37267,13395,20377,3708,14021,66716,5421,1443,25495,17319
2010-05-25T00:00:00.000,090741,CANADIAN DOLLAR,122642,41929,14556,7091,8288,19744,72463,6566,2839,39188,16372
2010-05-25T00:00:00.000,092741,SWISS FRANC,48163,2994,23429,990,997,33429,3238,0,736,9161,18174
2010-05-25T00:00:00.000,096742,BRITISH POUND,151212,6885,67332,12871,15928,108320,7599,1903,17021,12895,34994
2010-05-25T00:00:00.000,097741,JAPANESE YEN,140769,25713,31533,34196,8078,45459,53823,2054,3510,19258,29736
2010-05-25T00:00:00.000,098662,USD INDEX,37952,14174,17177,1203,0,11551,13187,382,310,5378,2014
2010-05-25T00:00:00.000,099741,EURO FX,281966,27228,147870,20604,26605,160246,31972,16097,7211,44016,54533
2010-05-25T00:00:00.000,112741,NZ DOLLAR,17760,10136,3274,0,1363,5796,10397,442,422,1073,1991
2010-05-25T00:00:00.000,232741,AUSTRALIAN DOLLAR,106473,24002,15159,16173,3290,28686,56955,4255,1837,20636,16511
2010-06-01T00:00:00.000,090741,CANADIAN DOLLAR,117450,36675,14823,7472,8232,20930,66592,5972,1172,37217,17447
2010-06-01T00:00:00.000,092741,SWISS FRANC,49959,1818,25132,1231,579,35697,2082,0,0,8890,19843
2010-06-01T00:00:00.000,096742,BRITISH POUND,149216,9225,59790,12700,16046,104833,6914,1037,21842,12950,36153
2010-06-01T00:00:00.000,097741,JAPANESE YEN,133365,27807,25077,35546,8165,35320,57555,2014,2883,19948,26955
2010-06-01T00:00:00.000,098662,USD INDEX,36277,13421,17504,1474,0,10894,11374,563,220,4538,1792
2010-06-01T00:00:00.000,099741,EURO FX,275266,24084,134044,21205,28473,149026,31645,15186,11576,50814,54577
2010-06-01T00:00:00.000,112741,NZ DOLLAR,15586,6537,4972,0,1311,6562,6948,684,230,1522,1844
2010-06-01T00:00:00.000,232741,AUSTRALIAN DOLLAR,110772,20034,16771,12872,3791,40007,54678,5028,967,18200,19934
2010-06-08T00:00:00.000,090741,CANADIAN DOLLAR,121438,33880,13335,8560,8758,23645,68990,6266,2292,35049,14025
2010-06-08T00:00:00.000,092741,SWISS FRANC,59622,4470,26053,1336,1664,30857,2279,2500,466,9067,17768
2010-06-08T00:00:00.000,096742,BRITISH POUND,167076,12842,62334,13056,15931,107949,8431,1190,25810,15483,38014
2010-06-08T00:00:00.000,097741,JAPANESE YEN,133010,23277,28361,37969,7116,39404,54169,2000,4134,19245,28115
2010-06-08T00:00:00.000,098662,USD INDEX,38248,14853,19978,1446,0,11949,11393,467,169,5522,2697
2010-06-08T00:00:00.000,099741,EURO FX,305060,29109,143057,20309,28595,158498,41803,17122,12142,50669,50110
2010-06-08T00:00:00.000,112741,NZ DOLLAR,17962,5294,5590,0,1270,8546,5910,752,1292,1392,1922
2010-06-08T00:00:00.000,232741,AUSTRALIAN DOLLAR,108956,17856,15630,6694,4361,41856,55860,6482,983,21528,17582
2010-06-15T00:00:00.000,090741,CANADIAN DOLLAR,127919,33384,8394,7956,8206,19071,69080,6342,1388,35277,14962
2010-06-15T00:00:00.000,092741,SWISS FRANC,44092,6943,26218,1312,1219,27494,1978,650,0,7447,14431
2010-06-15T00:00:00.000,096742,BRITISH POUND,119301,7665,43297,13519,15370,82115,9749,915,17418,14163,32543
2010-06-15T00:00:00.000,097741,JAPANESE YEN,82217,19769,21148,38198,6813,6618,20679,1000,4040,15446,28351
2010-06-15T00:00:00.000,098662,USD INDEX,32329,13121,8181,1077,0,11775,20857,624,273,4513,1799
2010-06-15T00:00:00.000,099741,EURO FX,227632,29958,109270,20402,29985,117861,21342,11871,6864,42646,55277
2010-06-15T00:00:00.000,112741,NZ DOLLAR,9089,2726,6068,0,1083,3764,338,694,230,1905,1370
2010-06-15T00:00:00.000,232741,AUSTRALIAN DOLLAR,57653,20078,9402,6407,4418,7173,24554,4181,96,17370,16739
2010-06-22T00:00:00.000,090741,CANADIAN DOLLAR,86397,37088,10220,8160,8204,1185,52457,3592,407,34720,13457
2010-06-22T00:00:00.000,092741,SWISS FRANC,43561,8931,21352,1089,1178,25824,6246,400,0,6736,14204
2010-06-22T00:00:00.000,096742,BRITISH POUND,125471,11207,43176,12915,15539,84164,14428,500,19873,15408,31178
2010-06-22T00:00:00.000,097741,JAPANESE YEN,91415,25593,20602,38171,7187,6191,32348,1525,3632,18158,25869
2010-06-22T00:00:00.000,098662,USD INDEX,32053,11908,9669,1139,0,12241,19093,535,125,4269,1205
2010-06-22T00:00:00.000,099741,EURO FX,224050,23800,110231,19890,29595,120577,19027,11379,6547,42856,53102
2010-06-22T00:00:00.000,112741,NZ DOLLAR,10476,4583,5661,0,1030,2965,1921,281,473,2561,1305
2010-06-22T00:00:00.000,232741,AUSTRALIAN DOLLAR,60340,22555,10463,6299,5136,6189,27265,4605,572,18825,15037
2010-06-29T00:00:00.000,090741,CANADIAN DOLLAR,88461,33603,16846,8177,8203,4034,47253,4178,260,36833,14263
2010-06-29T00:00:00.000,092741,SWISS FRANC,42840,7950,21335,1152,1140,23904,5697,1000,0,8304,14138
2010-06-29T00:00:00.000,096742,BRITISH POUND,121233,12719,35032,12850,16323,78981,19730,500,16766,14392,31591
2010-06-29T00:00:00.000,097741,JAPANESE YEN,120484,47556,14948,38629,10318,5809,66342,1493,5404,25602,22077
2010-06-29T00:00:00.000,098662,USD INDEX,30261,9742,8671,1063,0,12748,18079,642,70,4006,1381
2010-06-29T00:00:00.000,099741,EURO FX,225752,26862,113255,20305,27773,119604,21134,11707,6500,41321,51137
2010-06-29T00:00:00.000,112741,NZ DOLLAR,12880,6126,6484,183,100,3379,4138,476,510,2464,1396
2010-06-29T00:00:00.000,232741,AUSTRALIAN DOLLAR,59657,18862,10614,3805,4434,10836,24668,3077,508,19578,15934
2010-07-06T00:00:00.000,090741,CANADIAN DOLLAR,92565,33097,20671,9024,8222,7329,44590,6635,910,34176,15868
2010-07-06T00:00:00.000,092741,SWISS FRANC,45002,11253,11815,1806,521,16980,20048,0,0,14275,11930
2010-07-06T00:00:00.000,096742,BRITISH POUND,123693,13480,37553,14703,16432,77527,23077,500,17487,15260,26921
2010-07-06T00:00:00.000,097741,JAPANESE YEN,135128,58020,6112,39111,10055,5733,87970,1003,4651,29201,24280
2010-07-06T00:00:00.000,098662,USD INDEX,27998,9894,6800,591,0,11260,17001,690,396,3825,2063
2010-07-06T00:00:00.000,099741,EURO FX,228333,34464,83845,19500,26204,105291,49778,14091,9967,47730,51282
2010-07-06T00:00:00.000,112741,NZ DOLLAR,12959,5904,5447,1056,203,3309,5601,399,230,2115,1302
2010-07-06T00:00:00.000,232741,AUSTRALIAN DOLLAR,64872,16163,15249,3308,4497,17173,22007,2435,873,20781,17234
2010-07-13T00:00:00.000,090741,CANADIAN DOLLAR,87394,30434,12351,8517,8229,4128,49221,6226,232,36146,15418
2010-07-13T00:00:00.000,092741,SWISS FRANC,53056,21562,5035,1808,509,14107,36322,500,839,14233,9505
2010-07-13T00:00:00.000,096742,BRITISH POUND,131680,13760,31269,14278,15128,83096,30843,500,22442,17114,29066
2010-07-13T00:00:00.000,097741,JAPANESE YEN,133665,58060,7961,38170,9390,5946,87208,1000,3791,27997,22823
2010-07-13T00:00:00.000,098662,USD INDEX,25589,8109,5179,387,50,10888,15377,639,912,3332,1837
2010-07-13T00:00:00.000,099741,EURO FX,225703,30129,72779,19566,22916,106441,58906,16118,9809,45018,52862
2010-07-13T00:00:00.000,112741,NZ DOLLAR,16798,9378,7442,1034,100,2346,7362,1515,280,2375,1464
2010-07-13T00:00:00.000,232741,AUSTRALIAN DOLLAR,68482,28039,4037,2643,5687,9842,36851,3280,2361,21505,16373
2010-07-20T00:00:00.000,090741,CANADIAN DOLLAR,83317,20662,13187,8632,8196,5207,44130,8526,147,38226,15593
2010-07-20T00:00:00.000,092741,SWISS FRANC,54918,23559,4431,1880,502,13834,40233,0,0,14753,8860
2010-07-20T00:00:00.000,096742,BRITISH POUND,124904,14929,27288,15270,14545,76011,40081,500,17866,15424,22354
2010-07-20T00:00:00.000,097741,JAPANESE YEN,127658,50625,4756,36284,9359,6433,83629,1406,3752,29709,22961
2010-07-20T00:00:00.000,098662,USD INDEX,24176,7377,4249,263,50,10227,15430,580,528,3723,1913
2010-07-20T00:00:00.000,099741,EURO FX,230118,30298,71049,20577,23107,112272,64768,15410,10830,42241,51044
2010-07-20T00:00:00.000,112741,NZ DOLLAR,18631,11247,6364,975,100,2251,10286,1486,612,2597,1194
2010-07-20T00:00:00.000,232741,AUSTRALIAN DOLLAR,80302,38043,6107,2662,5459,9067,46792,4550,2228,23059,16795
2010-07-27T00:00:00.000,090741,CANADIAN DOLLAR,85121,27201,6961,8916,8224,3978,51381,5795,292,37166,16198
2010-07-27T00:00:00.000,092741,SWISS FRANC,55722,20681,7957,1879,438,15717,37255,634,435,15842,8668
2010-07-27T00:00:00.000,096742,BRITISH POUND,122570,15346,15478,16725,13548,71801,48137,500,17058,16291,26442
2010-07-27T00:00:00.000,097741,JAPANESE YEN,124595,47766,10100,35593,8845,7079,71422,1858,2607,28018,27340
2010-07-27T00:00:00.000,098662,USD INDEX,22557,6387,3049,90,50,10123,15301,500,722,4093,2071
2010-07-27T00:00:00.000,099741,EURO FX,232193,34118,67984,19448,21677,110445,70501,15832,11761,43272,51192
2010-07-27T00:00:00.000,112741,NZ DOLLAR,22919,16253,5486,867,100,2211,15400,399,700,3114,1158
2010-07-27T00:00:00.000,232741,AUSTRALIAN DOLLAR,89389,46343,2844,4660,5024,8684,60618,2147,2790,25052,15610
2010-08-03T00:00:00.000,090741,CANADIAN DOLLAR,99262,40184,12359,8292,7754,3148,60553,5008,1258,40647,15355
2010-08-03T00:00:00.000,092741,SWISS FRANC,57976,25526,2592,2095,434,13493,44705,0,435,15430,8378
2010-08-03T00:00:00.000,096742,BRITISH POUND,135454,29579,15238,18215,13382,63404,62646,805,16298,21031,25470
2010-08-03T00:00:00.000,097741,JAPANESE YEN,133870,57738,6938,34323,8869,7078,85108,1499,1628,29977,28072
2010-08-03T00:00:00.000,098662,USD INDEX,22911,6650,2748,84,135,9632,15185,914,919,4056,2349
2010-08-03T00:00:00.000,099741,EURO FX,236101,34148,59251,20329,23204,108197,81336,17908,13061,46079,49809
2010-08-03T00:00:00.000,112741,NZ DOLLAR,24399,18203,5301,258,416,2222,16746,404,491,3230,1363
2010-08-03T00:00:00.000,232741,AUSTRALIAN DOLLAR,99149,52943,6991,6722,4961,10515,67549,2112,3211,24480,14060
2010-08-10T00:00:00.000,090741,CANADIAN DOLLAR,105543,43473,8694,9643,8687,2571,69264,5127,2206,41988,13951
2010-08-10T00:00:00.000,092741,SWISS FRANC,52566,20680,6310,2062,427,14720,32862,0,935,13613,10541
2010-08-10T00:00:00.000,096742,BRITISH POUND,142227,34687,16326,17724,12481,63168,69886,865,17322,23715,24144
2010-08-10T00:00:00.000,097741,JAPANESE YEN,136999,61285,7623,34329,8612,7416,86177,1562,2166,28862,28876
2010-08-10T00:00:00.000,098662,USD INDEX,28784,11588,7100,148,145,10348,16099,818,1096,4439,2901
2010-08-10T00:00:00.000,099741,EURO FX,234276,33402,49230,22811,22275,108615,94031,16922,15026,44484,45672
2010-08-10T00:00:00.000,112741,NZ DOLLAR,25036,16863,5198,618,241,2970,16336,281,1280,3411,1088
2010-08-10T00:00:00.000,232741,AUSTRALIAN DOLLAR,114049,61852,6847,10672,4220,10411,79745,2607,5019,26303,16014
2010-08-17T00:00:00.000,090741,CANADIAN DOLLAR,94908,34215,4698,10225,9292,4800,59570,5552,2215,36556,15573
2010-08-17T00:00:00.000,092741,SWISS FRANC,54560,21676,7048,2254,393,13502,34344,0,1189,15682,10140
2010-08-17T00:00:00.000,096742,BRITISH POUND,141441,28986,14742,18278,12832,64836,71690,1293,17072,25842,22899
2010-08-17T00:00:00.000,097741,JAPANESE YEN,137645,58420,6111,36544,8212,7831,85995,1803,2636,29114,30758
2010-08-17T00:00:00.000,098662,USD INDEX,31979,14130,10773,313,0,11163,16923,640,652,4247,2145
2010-08-17T00:00:00.000,099741,EURO FX,250090,35139,63817,22842,24813,115540,92408,18699,12667,50258,48773
2010-08-17T00:00:00.000,112741,NZ DOLLAR,23627,14480,6342,1461,120,3400,14727,1359,549,2803,1765
2010-08-17T00:00:00.000,232741,AUSTRALIAN DOLLAR,120329,64033,7861,12059,3856,12759,86097,2225,4373,26696,15585
2010-08-24T00:00:00.000,090741,CANADIAN DOLLAR,94976,26594,13860,11701,9461,10331,49604,7041,0,35075,17817
2010-08-24T00:00:00.000,092741,SWISS FRANC,57316,24583,6411,2256,387,12608,38466,0,750,16198,9631
2010-08-24T00:00:00.000,096742,BRITISH POUND,139333,26929,13501,17778,13437,66053,68830,2046,17872,24087,23253
2010-08-24T00:00:00.000,097741,JAPANESE YEN,140128,55264,7208,37734,8213,8853,84545,2049,2840,31648,32742
2010-08-24T00:00:00.000,098662,USD INDEX,28979,9306,8673,585,0,11807,16220,617,649,5370,2143
2010-08-24T00:00:00.000,099741,EURO FX,245448,29115,65757,22627,27849,120440,82301,18868,12217,46829,49755
2010-08-24T00:00:00.000,112741,NZ DOLLAR,20271,11989,3842,564,254,2797,13489,1397,280,3343,2225
2010-08-24T00:00:00.000,232741,AUSTRALIAN DOLLAR,107434,51555,5653,12259,4456,14380,74066,2217,3565,22748,15419
2010-08-31T00:00:00.000,090741,CANADIAN DOLLAR,108003,24678,34986,11837,9814,22423,38338,7151,824,37209,19336
2010-08-31T00:00:00.000,092741,SWISS FRANC,60655,26668,5580,2191,1008,11594,41826,0,750,18467,9756
2010-08-31T00:00:00.000,096742,BRITISH POUND,144196,26128,18447,16986,13107,71628,63522,2695,18032,24266,28595
2010-08-31T00:00:00.000,097741,JAPANESE YEN,139079,52788,7714,40152,9071,10059,81427,1979,3318,28397,31845
2010-08-31T00:00:00.000,098662,USD INDEX,24350,5088,6484,680,0,11627,14116,711,571,4834,1769
2010-08-31T00:00:00.000,099741,EURO FX,241133,32332,64492,23058,28462,117126,74984,15019,13736,43976,49837
2010-08-31T00:00:00.000,112741,NZ DOLLAR,20099,11359,4570,1237,120,3914,12726,521,380,2950,2185
2010-08-31T00:00:00.000,232741,AUSTRALIAN DOLLAR,102439,46383,5726,11795,4347,15065,68567,807,3601,23936,15745
2010-09-07T00:00:00.000,090741,CANADIAN DOLLAR,107378,25903,30010,9931,9876,21462,42332,7976,749,35308,17613
2010-09-07T00:00:00.000,092741,SWISS FRANC,74713,28396,5412,2204,771,13144,45131,0,3250,20257,9437
2010-09-07T00:00:00.000,096742,BRITISH POUND,145712,16653,20844,17481,13676,78778,55522,1802,16692,25804,33784
2010-09-07T00:00:00.000,097741,JAPANESE YEN,150513,55173,9992,38816,7578,11139,85606,3506,2765,28060,30753
2010-09-07T00:00:00.000,098662,USD INDEX,24239,5863,6174,677,0,11299,13365,403,840,3981,1844
2010-09-07T00:00:00.000,099741,EURO FX,257788,29100,70229,23748,28099,123164,78055,15708,9449,53764,59652
2010-09-07T00:00:00.000,112741,NZ DOLLAR,27922,13793,4888,997,0,2906,14407,341,280,2735,1197
2010-09-07T00:00:00.000,232741,AUSTRALIAN DOLLAR,128346,64708,10686,12091,3927,14259,84915,807,4989,25823,13171
2010-09-14T00:00:00.000,090741,CANADIAN DOLLAR,110946,29345,13529,8439,9237,15006,52042,5638,1776,35649,17493
2010-09-14T00:00:00.000,092741,SWISS FRANC,49352,25013,13593,2208,784,2591,25446,0,953,18780,7816
2010-09-14T00:00:00.000,096742,BRITISH POUND,74850,21172,17710,14225,14429,15095,6297,719,13502,22597,21870
2010-09-14T00:00:00.000,097741,JAPANESE YEN,134360,51948,9328,41303,8228,8440,84316,1802,3788,29322,27155
2010-09-14T00:00:00.000,098662,USD INDEX,24885,6730,11745,802,0,11253,7706,543,1039,4032,2870
2010-09-14T00:00:00.000,099741,EURO FX,170651,33007,60803,24080,30416,47441,21788,13994,5489,47100,47126
2010-09-14T00:00:00.000,112741,NZ DOLLAR,25755,19140,6669,865,0,1801,17476,473,532,3476,1078
2010-09-14T00:00:00.000,232741,AUSTRALIAN DOLLAR,120308,72862,9848,13262,3811,4203,90818,807,2001,28231,12887
2010-09-21T00:00:00.000,090741,CANADIAN DOLLAR,101524,46148,15466,9188,9664,511,53981,6355,6012,36990,14069
2010-09-21T00:00:00.000,092741,SWISS FRANC,49910,23974,13738,1987,880,4482,26520,0,500,18828,7633
2010-09-21T00:00:00.000,096742,BRITISH POUND,71318,16878,14147,14251,13559,15236,7859,859,13958,23088,20789
2010-09-21T00:00:00.000,097741,JAPANESE YEN,113349,33323,13240,40272,5788,10033,67161,1843,2639,26341,22984
2010-09-21T00:00:00.000,098662,USD INDEX,28701,9288,15524,435,0,13182,7106,584,1362,3631,3128
2010-09-21T00:00:00.000,099741,EURO FX,167463,29290,44965,23441,29708,41248,34869,17734,4099,48627,46699
2010-09-21T00:00:00.000,112741,NZ DOLLAR,26820,20494,6082,532,136,1801,18702,341,475,3621,1394
2010-09-21T00:00:00.000,232741,AUSTRALIAN DOLLAR,129713,76210,6481,16265,3811,4869,99977,1258,4880,30271,13724
2010-09-28T00:00:00.000,090741,CANADIAN DOLLAR,101260,41681,9809,9149,9472,1129,59942,6567,6453,40120,12970
2010-09-28T00:00:00.000,092741,SWISS FRANC,53452,25625,13532,2380,871,5119,28456,0,500,19600,9365
2010-09-28T00:00:00.000,096742,BRITISH POUND,77713,26018,15455,14049,13523,9354,12436,1582,14002,25556,21143
2010-09-28T00:00:00.000,097741,JAPANESE YEN,118274,37174,12355,40430,5796,8860,69586,2640,4553,27509,24323
2010-09-28T00:00:00.000,098662,USD INDEX,33147,13581,18642,401,400,12663,7565,2333,1531,2722,3562
2010-09-28T00:00:00.000,099741,EURO FX,190039,47592,35213,23731,27775,37664,70506,20350,2953,54367,47257
2010-09-28T00:00:00.000,112741,NZ DOLLAR,25965,19335,5804,600,136,1913,18003,366,475,3720,1516
2010-09-28T00:00:00.000,232741,AUSTRALIAN DOLLAR,137646,80417,7337,19620,3260,4726,107150,1130,4560,30980,14566
2010-10-05T00:00:00.000,090741,CANADIAN DOLLAR,120045,59219,13476,10053,9813,593,71787,7727,8487,40191,14220
2010-10-05T00:00:00.000,092741,SWISS FRANC,56636,29472,11686,2299,841,4366,33680,0,500,19659,9089
2010-10-05T00:00:00.000,096742,BRITISH POUND,86536,36427,12248,14129,14132,7379,23953,1306,15729,25713,18892
2010-10-05T00:00:00.000,097741,JAPANESE YEN,142488,59143,14359,41856,5619,7015,85280,1682,7043,30632,28027
2010-10-05T00:00:00.000,098662,USD INDEX,34586,13050,18863,416,828,14890,7389,1829,2098,2942,3949
2010-10-05T00:00:00.000,099741,EURO FX,197406,48716,24827,24536,27435,40997,84694,20112,5151,55978,48232
2010-10-05T00:00:00.000,112741,NZ DOLLAR,26042,19104,6351,650,136,1953,17658,482,280,3822,1586
2010-10-05T00:00:00.000,232741,AUSTRALIAN DOLLAR,139447,78565,8182,21007,2885,5474,109902,1186,4300,32451,13414
2010-10-12T00:00:00.000,090741,CANADIAN DOLLAR,123851,58566,13466,10632,9419,3988,74295,7904,9576,40481,14815
2010-10-12T00:00:00.000,092741,SWISS FRANC,57722,29707,13672,1824,876,4924,31312,0,500,19987,10082
2010-10-12T00:00:00.000,096742,BRITISH POUND,92868,38910,13444,13269,14967,10404,25257,1544,16552,26189,20096
2010-10-12T00:00:00.000,097741,JAPANESE YEN,146581,57852,11709,40817,5577,10792,89364,1830,6247,31635,30029
2010-10-12T00:00:00.000,098662,USD INDEX,34984,11128,20809,299,915,16916,7454,1757,778,3570,3714
2010-10-12T00:00:00.000,099741,EURO FX,197836,44042,26485,23440,23908,49466,88601,20555,6057,53055,45507
2010-10-12T00:00:00.000,112741,NZ DOLLAR,26437,19393,6052,578,726,1960,18351,527,150,3948,1127
2010-10-12T00:00:00.000,232741,AUSTRALIAN DOLLAR,138537,76583,6537,22337,2885,4203,108980,997,4143,32210,13785
2010-10-19T00:00:00.000,090741,CANADIAN DOLLAR,112791,44059,11034,9953,9118,4666,67108,9262,7066,41809,15423
2010-10-19T00:00:00.000,092741,SWISS FRANC,54022,24979,15325,1717,857,6282,26294,0,500,19624,9626
2010-10-19T00:00:00.000,096742,BRITISH POUND,90068,37602,11715,12317,17321,11574,21726,2379,16227,23252,20135
2010-10-19T00:00:00.000,097741,JAPANESE YEN,139496,52791,11247,40068,5114,10626,83740,3010,5009,29368,30753
2010-10-19T00:00:00.000,098662,USD INDEX,37745,9515,23089,269,810,18709,7824,3260,895,4306,3441
2010-10-19T00:00:00.000,099741,EURO FX,219761,50940,24588,23802,22507,52578,113238,23491,6565,62319,46232
2010-10-19T00:00:00.000,112741,NZ DOLLAR,27031,20300,7535,514,400,1961,17785,527,150,3698,1130
2010-10-19T00:00:00.000,232741,AUSTRALIAN DOLLAR,133257,68678,4680,21352,2858,5028,104301,1164,4148,34836,15071
2010-10-26T00:00:00.000,090741,CANADIAN DOLLAR,102269,36390,10891,9033,9654,4564,56342,8108,7056,40657,14809
2010-10-26T00:00:00.000,092741,SWISS FRANC,50068,23085,14054,1719,863,5222,23641,0,500,18596,9564
2010-10-26T00:00:00.000,096742,BRITISH POUND,86611,33315,10404,11612,19060,12215,17297,1760,16683,24725,20183
2010-10-26T00:00:00.000,097741,JAPANESE YEN,139850,49876,12371,40593,5131,10681,84041,5302,4459,29545,29995
2010-10-26T00:00:00.000,098662,USD INDEX,38585,8959,24170,333,762,20048,7423,2974,1060,4490,3389
2010-10-26T00:00:00.000,099741,EURO FX,209103,47943,29553,23969,20412,51082,99969,21547,5318,56406,45695
2010-10-26T00:00:00.000,112741,NZ DOLLAR,26754,20231,7113,474,257,1867,18123,537,150,3604,1070
2010-10-26T00:00:00.000,232741,AUSTRALIAN DOLLAR,128470,64764,3716,21539,2855,5927,100267,1118,4140,33215,15585
2010-11-02T00:00:00.000,090741,CANADIAN DOLLAR,104809,38600,12496,9380,9896,4275,56535,8273,6529,40848,15920
2010-11-02T00:00:00.000,092741,SWISS FRANC,48129,21508,13425,1742,942,5066,21524,0,500,18500,10425
2010-11-02T00:00:00.000,096742,BRITISH POUND,91819,38547,15407,8428,20053,14810,21895,2387,10650,25064,21231
2010-11-02T00:00:00.000,097741,JAPANESE YEN,140062,51119,11044,37626,5034,10939,89363,5567,3427,30591,26974
2010-11-02T00:00:00.000,098662,USD INDEX,40266,10364,25684,360,727,19594,7565,3533,1098,4611,3388
2010-11-02T00:00:00.000,099741,EURO FX,206972,45948,34132,25688,19432,47509,91212,20091,6473,58837,46824
2010-11-02T00:00:00.000,112741,NZ DOLLAR,28353,21980,5584,432,127,1759,21249,537,150,3604,1202
2010-11-02T00:00:00.000,232741,AUSTRALIAN DOLLAR,125968,63359,6292,20977,2838,6927,94674,1156,4153,32006,16468
2010-11-09T00:00:00.000,090741,CANADIAN DOLLAR,128710,58055,12762,10113,10747,6765,69592,7641,15071,42867,17269
2010-11-09T00:00:00.000,092741,SWISS FRANC,51000,25285,15452,1760,922,5479,22943,0,500,17121,9828
2010-11-09T00:00:00.000,096742,BRITISH POUND,96533,41831,14895,7638,21984,13041,26539,2034,11134,29564,19556
2010-11-09T00:00:00.000,097741,JAPANESE YEN,140515,37340,10628,35743,4568,13283,79046,14219,3779,34185,36749
2010-11-09T00:00:00.000,098662,USD INDEX,38371,11647,22685,284,786,18014,7666,2530,1243,4160,4255
2010-11-09T00:00:00.000,099741,EURO FX,204528,35280,40244,26494,16837,49448,85142,22972,6483,57478,42966
2010-11-09T00:00:00.000,112741,NZ DOLLAR,31494,25028,6102,496,0,1785,24204,559,252,3538,848
2010-11-09T00:00:00.000,232741,AUSTRALIAN DOLLAR,130206,59538,7603,21313,2809,9547,96422,974,3840,35916,16614
2010-11-16T00:00:00.000,090741,CANADIAN DOLLAR,124587,53436,10353,10850,10849,7669,71861,8034,10645,40693,16974
2010-11-16T00:00:00.000,092741,SWISS FRANC,44579,18372,12861,1672,892,6316,18525,0,500,16436,10018
2010-11-16T00:00:00.000,096742,BRITISH POUND,98997,49233,11212,7514,23064,13868,30732,1534,10601,23598,20138
2010-11-16T00:00:00.000,097741,JAPANESE YEN,131701,32996,17655,33548,6205,16348,65592,13351,2820,29303,33274
2010-11-16T00:00:00.000,098662,USD INDEX,32813,7812,18523,1209,707,15480,7375,1502,1057,4940,3281
2010-11-16T00:00:00.000,099741,EURO FX,195598,33150,43572,24728,19209,52617,66653,18692,8702,54066,45117
2010-11-16T00:00:00.000,112741,NZ DOLLAR,33423,27041,6906,510,101,1890,25136,586,316,3308,876
2010-11-16T00:00:00.000,232741,AUSTRALIAN DOLLAR,121110,47837,9551,19878,2815,15941,85208,1890,1900,31577,17649
2010-11-23T00:00:00.000,090741,CANADIAN DOLLAR,105442,34812,10119,10831,11438,10515,58274,7473,3987,38244,18057
2010-11-23T00:00:00.000,092741,SWISS FRANC,40065,14853,8117,1664,942,6483,18331,0,500,15754,10864
2010-11-23T00:00:00.000,096742,BRITISH POUND,93914,40030,15805,7489,21196,17114,20781,1902,11267,23323,20809
2010-11-23T00:00:00.000,097741,JAPANESE YEN,129620,29210,18566,33178,5501,17060,65010,16851,3289,26221,30154
2010-11-23T00:00:00.000,098662,USD INDEX,33749,9131,20512,1275,511,14930,7046,1703,807,4937,3100
2010-11-23T00:00:00.000,099741,EURO FX,187189,21148,47933,25149,20114,61431,55077,18397,12250,48239,38990
2010-11-23T00:00:00.000,112741,NZ DOLLAR,30969,24704,6426,379,0,2011,23296,586,405,3230,783
2010-11-23T00:00:00.000,232741,AUSTRALIAN DOLLAR,117998,43489,12023,19697,2817,19172,81726,1219,1916,30803,15898
2010-11-30T00:00:00.000,090741,CANADIAN DOLLAR,100245,28978,8009,11101,11025,9431,56174,7179,3987,39027,16521
2010-11-30T00:00:00.000,092741,SWISS FRANC,43600,16152,11044,2255,917,7030,18548,0,500,15699,10127
2010-11-30T00:00:00.000,096742,BRITISH POUND,85587,26372,18090,10751,20667,22359,10563,2170,10267,19133,21198
2010-11-30T00:00:00.000,097741,JAPANESE YEN,133069,31861,20030,34651,5536,16145,66213,18851,3788,24660,30601
2010-11-30T00:00:00.000,098662,USD INDEX,34435,9033,21165,1275,312,15439,7046,1280,650,5111,2965
2010-11-30T00:00:00.000,099741,EURO FX,203930,31464,50009,26106,21679,64873,55860,13832,13977,55948,50698
2010-11-30T00:00:00.000,112741,NZ DOLLAR,27575,21567,6072,125,0,1910,20022,586,150,3292,1236
2010-11-30T00:00:00.000,232741,AUSTRALIAN DOLLAR,117302,38334,12856,18859,2826,21408,78101,2270,1959,30645,15774
2010-12-07T00:00:00.000,090741,CANADIAN DOLLAR,114999,40063,11263,11557,10078,9438,64527,7158,6004,39846,16190
2010-12-07T00:00:00.000,092741,SWISS FRANC,42914,16794,10606,1801,884,7199,19692,0,500,14975,9087
2010-12-07T00:00:00.000,096742,BRITISH POUND,86269,22009,19666,8413,21760,23110,5424,1746,5467,18168,21129
2010-12-07T00:00:00.000,097741,JAPANESE YEN,132233,24070,18531,34325,5954,16265,61091,18758,3377,28468,32933
2010-12-07T00:00:00.000,098662,USD INDEX,35071,9471,19475,976,297,14818,7716,1042,1350,5636,3105
2010-12-07T00:00:00.000,099741,EURO FX,198099,17486,49899,23303,22315,69985,38057,12960,6272,47101,54292
2010-12-07T00:00:00.000,112741,NZ DOLLAR,27595,20475,5104,460,0,2137,19926,586,376,3220,1472
2010-12-07T00:00:00.000,232741,AUSTRALIAN DOLLAR,127012,48536,4517,18278,2783,11247,86726,813,2037,31003,13814
2010-12-14T00:00:00.000,090741,CANADIAN DOLLAR,142291,37124,5243,10868,11448,9368,70907,9433,7482,41911,13624
2010-12-14T00:00:00.000,092741,SWISS FRANC,39804,19045,11835,1777,869,2389,16142,0,0,16204,10569
2010-12-14T00:00:00.000,096742,BRITISH POUND,67820,17244,16625,8281,22671,21492,2138,673,4923,17710,19043
2010-12-14T00:00:00.000,097741,JAPANESE YEN,96110,30175,16807,36065,5368,6772,37518,1320,4775,20095,29959
2010-12-14T00:00:00.000,098662,USD INDEX,25202,5728,14895,1026,346,11926,4527,1184,1587,3688,2197
2010-12-14T00:00:00.000,099741,EURO FX,146781,16766,46457,23516,22615,41057,17062,14350,7151,47751,50155
2010-12-14T00:00:00.000,112741,NZ DOLLAR,24510,19194,9405,501,0,2017,13802,586,343,2211,959
2010-12-14T00:00:00.000,232741,AUSTRALIAN DOLLAR,113584,59928,9211,18119,3390,4422,87818,812,1207,29738,11393
2010-12-21T00:00:00.000,090741,CANADIAN DOLLAR,91294,31293,6500,10223,7216,1733,53399,7963,10000,38653,12750
2010-12-21T00:00:00.000,092741,SWISS FRANC,44704,22417,14623,1493,1396,3178,18850,400,0,16733,9352
2010-12-21T00:00:00.000,096742,BRITISH POUND,69207,18877,16951,6956,21544,22889,1982,445,4998,17815,21507
2010-12-21T00:00:00.000,097741,JAPANESE YEN,90072,26660,18025,32396,5757,6595,30802,2900,3807,18987,29147
2010-12-21T00:00:00.000,098662,USD INDEX,27089,6852,17719,1306,376,11778,4477,900,1052,4972,2184
2010-12-21T00:00:00.000,099741,EURO FX,156136,22249,52260,22569,22281,44217,18739,14856,10871,48120,47860
2010-12-21T00:00:00.000,112741,NZ DOLLAR,25081,17195,7059,501,0,4359,12303,874,4377,2151,1341
2010-12-21T00:00:00.000,232741,AUSTRALIAN DOLLAR,115007,67197,7314,10659,3494,5028,86687,812,4801,30684,12084
2010-12-28T00:00:00.000,090741,CANADIAN DOLLAR,113223,49605,11222,10209,7138,1677,62614,8652,15981,41591,14779
2010-12-28T00:00:00.000,092741,SWISS FRANC,46356,21289,9519,1493,1377,3216,24521,400,2000,19471,8452
2010-12-28T00:00:00.000,096742,BRITISH POUND,82141,23388,26422,6948,22135,31061,1914,1371,4998,17299,24598
2010-12-28T00:00:00.000,097741,JAPANESE YEN,109343,43230,15361,31827,5335,6492,50314,1386,6133,23979,29771
2010-12-28T00:00:00.000,098662,USD INDEX,26398,7147,17195,1225,437,11431,4395,772,882,4542,2208
2010-12-28T00:00:00.000,099741,EURO FX,162312,15443,61279,22380,21578,57044,17543,15818,9237,47602,48650
2010-12-28T00:00:00.000,112741,NZ DOLLAR,25090,17081,7002,713,0,3759,12524,973,4328,2529,1201
2010-12-28T00:00:00.000,232741,AUSTRALIAN DOLLAR,124005,73905,10376,10172,3489,4688,91597,842,4798,33786,13133
2011-01-04T00:00:00.000,090741,CANADIAN DOLLAR,120758,56501,9587,10126,6417,1458,68296,8712,19400,42379,15476
2011-01-04T00:00:00.000,092741,SWISS FRANC,47484,21707,7530,1458,1432,3309,25252,0,5000,20679,7939
2011-01-04T00:00:00.000,096742,BRITISH POUND,84270,21392,26478,6770,23262,33845,1305,1195,4573,17325,24909
2011-01-04T00:00:00.000,097741,JAPANESE YEN,128483,58969,15446,33598,4166,6453,66023,900,13993,26543,26835
2011-01-04T00:00:00.000,098662,USD INDEX,27677,8818,19488,1074,188,10876,2822,1317,1129,4108,2566
2011-01-04T00:00:00.000,099741,EURO FX,163239,20323,56517,22363,22006,52737,19425,15685,12506,47249,47903
2011-01-04T00:00:00.000,112741,NZ DOLLAR,26443,18980,7297,495,0,3138,13965,738,4150,3071,1010
2011-01-04T00:00:00.000,232741,AUSTRALIAN DOLLAR,121562,70650,8694,11340,3223,4629,92072,1347,4793,32845,12029
2011-01-11T00:00:00.000,090741,CANADIAN DOLLAR,129480,61280,6597,10090,6729,1963,77660,7934,19400,46035,16916
2011-01-11T00:00:00.000,092741,SWISS FRANC,42839,20572,5317,1434,1484,532,21431,0,5000,19876,9182
2011-01-11T00:00:00.000,096742,BRITISH POUND,86335,16562,20817,6663,22412,33877,4581,6500,9341,19031,25482
2011-01-11T00:00:00.000,097741,JAPANESE YEN,107132,38108,15428,33555,4224,7286,51451,2810,3745,23051,29962
2011-01-11T00:00:00.000,098662,USD INDEX,36538,13930,16664,1276,180,10809,14151,1912,971,6008,1969
2011-01-11T00:00:00.000,099741,EURO FX,202004,25030,76226,22396,22697,84226,24315,15760,18964,49493,54703
2011-01-11T00:00:00.000,112741,NZ DOLLAR,27358,18756,7819,941,0,3390,14136,602,4524,3669,879
2011-01-11T00:00:00.000,232741,AUSTRALIAN DOLLAR,113920,60409,7026,10626,3258,7887,85881,932,4746,32946,11889
2011-01-18T00:00:00.000,090741,CANADIAN DOLLAR,128185,58422,5848,10513,7272,2157,77932,8059,19400,46694,15393
2011-01-18T00:00:00.000,092741,SWISS FRANC,41839,19786,7787,1494,1599,542,18516,0,5000,19759,8679
2011-01-18T00:00:00.000,096742,BRITISH POUND,90630,36460,18196,7089,20723,16884,18549,0,8228,26647,21384
2011-01-18T00:00:00.000,097741,JAPANESE YEN,110405,38457,19862,33495,5063,7253,47230,3900,4828,24967,31089
2011-01-18T00:00:00.000,098662,USD INDEX,33014,12554,13980,817,237,10718,12778,2247,1032,5299,3608
2011-01-18T00:00:00.000,099741,EURO FX,188933,44563,61604,21446,21991,39788,34206,20872,9973,54183,53078
2011-01-18T00:00:00.000,112741,NZ DOLLAR,27636,18980,6665,911,0,3366,15273,680,4655,3651,995
2011-01-18T00:00:00.000,232741,AUSTRALIAN DOLLAR,114314,60450,6504,10140,3447,8604,85326,932,4752,32926,13023
2011-01-25T00:00:00.000,090741,CANADIAN DOLLAR,117899,46667,6275,10429,6958,2337,68040,7860,19000,46689,13709
2011-01-25T00:00:00.000,092741,SWISS FRANC,40470,17750,6414,1494,1116,1079,17081,0,5000,19796,10508
2011-01-25T00:00:00.000,096742,BRITISH POUND,96648,43366,18392,7501,18513,10726,24408,437,8229,29461,21949
2011-01-25T00:00:00.000,097741,JAPANESE YEN,116661,44866,18633,31537,5406,7222,54620,4900,5061,25281,30086
2011-01-25T00:00:00.000,098662,USD INDEX,39190,17335,22521,460,240,11019,9368,3011,1011,5853,4538
2011-01-25T00:00:00.000,099741,EURO FX,199706,52229,46485,21592,19529,34214,57437,21592,11363,62138,56951
2011-01-25T00:00:00.000,112741,NZ DOLLAR,26199,16773,6863,163,0,4459,13891,818,4267,3948,1140
2011-01-25T00:00:00.000,232741,AUSTRALIAN DOLLAR,113570,59423,9029,10765,3486,10124,81147,1415,4742,30498,13821
2011-02-01T00:00:00.000,090741,CANADIAN DOLLAR,119488,45909,6069,10337,7121,2237,66852,8612,19476,47873,15450
2011-02-01T00:00:00.000,092741,SWISS FRANC,46750,22154,8963,1402,1106,922,20687,0,5000,21946,10668
2011-02-01T00:00:00.000,096742,BRITISH POUND,108587,53463,15906,7565,18228,8922,38568,1284,8229,32350,22653
2011-02-01T00:00:00.000,097741,JAPANESE YEN,116384,42962,15604,29986,5472,7808,54359,5656,4940,27000,33037
2011-02-01T00:00:00.000,098662,USD INDEX,42472,20790,29539,351,495,10939,5264,2757,996,6105,4648
2011-02-01T00:00:00.000,099741,EURO FX,211730,64625,36657,25680,18898,27340,74340,19251,13468,63481,57014
2011-02-01T00:00:00.000,112741,NZ DOLLAR,27450,18797,6995,0,105,3808,15162,896,4150,3923,1012
2011-02-01T00:00:00.000,232741,AUSTRALIAN DOLLAR,120991,69445,7290,9430,3450,5512,90624,947,4148,34362,14184
2011-02-08T00:00:00.000,090741,CANADIAN DOLLAR,141604,63582,8498,9611,7121,3415,78714,9155,28000,50713,14143
2011-02-08T00:00:00.000,092741,SWISS FRANC,47876,22234,10233,1831,1114,442,21496,0,5000,23149,9813
2011-02-08T00:00:00.000,096742,BRITISH POUND,111363,60675,8822,6991,19387,6079,42556,1020,14248,31582,21334
2011-02-08T00:00:00.000,097741,JAPANESE YEN,117705,47774,16880,27348,5728,7775,54561,5796,3733,26095,33886
2011-02-08T00:00:00.000,098662,USD INDEX,44039,22384,34160,425,294,10658,2567,3176,984,5631,4269
2011-02-08T00:00:00.000,099741,EURO FX,203541,56090,35785,25830,19149,28534,75125,19335,12879,60524,47375
2011-02-08T00:00:00.000,112741,NZ DOLLAR,27897,19533,7293,293,155,3731,15334,706,4150,3625,956
2011-02-08T00:00:00.000,232741,AUSTRALIAN DOLLAR,135334,84567,10839,8870,3304,5303,100570,1467,4601,33589,14482
2011-02-15T00:00:00.000,090741,CANADIAN DOLLAR,140822,67888,7362,9511,7025,4207,77724,8769,28000,46115,16379
2011-02-15T00:00:00.000,092741,SWISS FRANC,41934,18372,7844,930,1128,4855,16726,0,5000,17263,10722
2011-02-15T00:00:00.000,096742,BRITISH POUND,132763,80744,12270,6820,19565,4001,47705,1022,26910,35114,21251
2011-02-15T00:00:00.000,097741,JAPANESE YEN,116803,23786,39895,26476,7514,16781,25750,25048,3968,20856,35820
2011-02-15T00:00:00.000,098662,USD INDEX,40052,17809,29778,441,289,10595,2610,2795,1061,5571,3473
2011-02-15T00:00:00.000,099741,EURO FX,193304,48288,33887,27883,18698,27948,66437,18725,13671,57285,47436
2011-02-15T00:00:00.000,112741,NZ DOLLAR,27735,17529,9051,156,207,5431,12730,1237,4374,3147,1138
2011-02-15T00:00:00.000,232741,AUSTRALIAN DOLLAR,122473,69283,6014,8582,3279,6587,92846,2131,4204,33847,14087
2011-02-22T00:00:00.000,090741,CANADIAN DOLLAR,140610,62465,34867,9612,7085,4054,76950,9990,0,49797,17016
2011-02-22T00:00:00.000,092741,SWISS FRANC,43931,18385,11944,930,1084,5231,17630,0,0,18713,12601
2011-02-22T00:00:00.000,096742,BRITISH POUND,123774,67120,27944,6813,19446,8628,42974,2607,5898,32737,21643
2011-02-22T00:00:00.000,097741,JAPANESE YEN,124016,45552,46274,25704,7480,27541,29116,1384,4577,21510,34244
2011-02-22T00:00:00.000,098662,USD INDEX,40335,16789,30633,248,308,13100,2639,2073,930,5922,3622
2011-02-22T00:00:00.000,099741,EURO FX,207869,58959,41991,30151,19709,27999,76087,19069,6627,57896,49660
2011-02-22T00:00:00.000,112741,NZ DOLLAR,27830,15523,13163,0,399,7514,12157,1129,150,3247,1544
2011-02-22T00:00:00.000,232741,AUSTRALIAN DOLLAR,125341,70504,9968,8672,3270,8261,92672,1490,1146,34128,15999
2011-03-01T00:00:00.000,090741,CANADIAN DOLLAR,148414,68033,36269,9707,7050,4616,81435,8943,0,52927,19472
2011-03-01T00:00:00.000,092741,SWISS FRANC,57360,29239,17553,930,1085,624,26388,0,665,26070,11172
2011-03-01T00:00:00.000,096742,BRITISH POUND,126350,65979,32873,6833,19380,10985,39698,1443,6713,35235,21811
2011-03-01T00:00:00.000,097741,JAPANESE YEN,136561,70347,18023,25947,8464,10843,66676,1380,5942,25435,34847
2011-03-01T00:00:00.000,098662,USD INDEX,46405,24071,35568,203,365,13258,2521,2002,1352,4617,4345
2011-03-01T00:00:00.000,099741,EURO FX,217066,64166,37187,28325,18872,28851,84400,19242,11947,63127,51305
2011-03-01T00:00:00.000,112741,NZ DOLLAR,26966,14195,13160,0,1016,8283,10224,961,150,2760,1649
2011-03-01T00:00:00.000,232741,AUSTRALIAN DOLLAR,135527,78463,11561,8740,3414,7861,101100,1639,1266,36407,15769
2011-03-08T00:00:00.000,090741,CANADIAN DOLLAR,174715,71192,39375,10700,7046,4962,85939,8482,622,55258,17612
2011-03-08T00:00:00.000,092741,SWISS FRANC,62936,30712,19182,1540,1064,99,29791,0,0,26861,9175
2011-03-08T00:00:00.000,096742,BRITISH POUND,145352,69517,33325,7962,19568,7438,41795,992,5548,39760,25433
2011-03-08T00:00:00.000,097741,JAPANESE YEN,131247,60815,21907,27160,8223,12522,58052,900,4777,27137,35575
2011-03-08T00:00:00.000,098662,USD INDEX,52704,28844,40112,235,506,13166,2596,2285,1710,4888,4494
2011-03-08T00:00:00.000,099741,EURO FX,263702,72271,43312,29616,17589,40233,105391,25390,13317,61739,49640
2011-03-08T00:00:00.000,112741,NZ DOLLAR,27699,12491,14471,261,999,9274,7582,706,0,2600,2280
2011-03-08T00:00:00.000,232741,AUSTRALIAN DOLLAR,152865,77229,10705,9649,3429,8240,103167,1715,1117,36549,14964
2011-03-15T00:00:00.000,090741,CANADIAN DOLLAR,189157,54361,31596,11383,7086,7363,75262,7001,1,52572,18735
2011-03-15T00:00:00.000,092741,SWISS FRANC,61506,31379,11446,931,1071,2997,37537,0,0,25831,11084
2011-03-15T00:00:00.000,096742,BRITISH POUND,98181,49214,24152,7237,20835,11571,26714,490,5548,27883,19146
2011-03-15T00:00:00.000,097741,JAPANESE YEN,114701,46447,22075,26499,6992,7763,43047,900,6667,32051,34879
2011-03-15T00:00:00.000,098662,USD INDEX,51147,16519,41205,90,628,25508,1723,1870,1922,5571,4080
2011-03-15T00:00:00.000,099741,EURO FX,190848,62919,37231,29500,18352,11589,74976,24205,14972,57920,40602
2011-03-15T00:00:00.000,112741,NZ DOLLAR,15851,7995,10295,147,1209,4216,1747,775,0,2378,2260
2011-03-15T00:00:00.000,232741,AUSTRALIAN DOLLAR,100326,51184,8792,9792,3460,6055,69322,1685,524,31045,17663
2011-03-22T00:00:00.000,090741,CANADIAN DOLLAR,118442,41637,9961,10369,7085,6590,83646,10261,115,47132,15182
2011-03-22T00:00:00.000,092741,SWISS FRANC,56786,23223,10254,1010,656,4071,35287,0,0,27853,9960
2011-03-22T00:00:00.000,096742,BRITISH POUND,117974,70641,18871,6843,21491,3066,52872,1386,5601,34391,17492
2011-03-22T00:00:00.000,097741,JAPANESE YEN,112051,46376,18083,24037,7499,8236,53465,1824,2747,29254,27933
2011-03-22T00:00:00.000,098662,USD INDEX,52822,18547,40005,73,812,25227,2972,1513,1570,5647,5648
2011-03-22T00:00:00.000,099741,EURO FX,194709,62333,29845,27924,18644,18802,80758,22538,13992,58080,46438
2011-03-22T00:00:00.000,112741,NZ DOLLAR,13974,5129,7623,127,1196,5590,2350,818,0,2044,2539
2011-03-22T00:00:00.000,232741,AUSTRALIAN DOLLAR,101180,54788,7577,10120,3467,6997,75355,1072,530,27686,13734
2011-03-29T00:00:00.000,090741,CANADIAN DOLLAR,119128,43852,9072,10355,7015,6805,84745,8643,120,45876,14579
2011-03-29T00:00:00.000,092741,SWISS FRANC,56730,24184,11619,1028,1114,4767,33871,0,0,25922,9297
2011-03-29T00:00:00.000,096742,BRITISH POUND,104506,48611,22631,7333,22059,9894,26309,2341,5570,28862,20472
2011-03-29T00:00:00.000,097741,JAPANESE YEN,100377,34783,24060,23960,7695,7688,32419,1610,2639,29159,30387
2011-03-29T00:00:00.000,098662,USD INDEX,52915,18463,41178,73,692,24667,2458,2161,1294,5841,5583
2011-03-29T00:00:00.000,099741,EURO FX,218177,74873,37044,27822,19395,25810,96296,22702,14157,60800,45115
2011-03-29T00:00:00.000,112741,NZ DOLLAR,13401,5750,6359,274,1215,4227,3512,663,0,2231,2059
2011-03-29T00:00:00.000,232741,AUSTRALIAN DOLLAR,138638,85749,9743,9927,3465,6542,109453,2124,560,33839,14960
2011-04-05T00:00:00.000,090741,CANADIAN DOLLAR,138257,60333,15025,9848,7033,2879,96227,9870,119,51947,16473
2011-04-05T00:00:00.000,092741,SWISS FRANC,59954,22792,17685,875,1111,8939,30907,0,0,25807,8710
2011-04-05T00:00:00.000,096742,BRITISH POUND,111219,65160,12265,6066,22966,3937,46036,608,7408,33236,20332
2011-04-05T00:00:00.000,097741,JAPANESE YEN,120632,22298,50412,21189,8748,47947,13142,2011,2380,22295,41058
2011-04-05T00:00:00.000,098662,USD INDEX,50309,15831,35901,73,765,24687,5168,1986,1147,5977,5573
2011-04-05T00:00:00.000,099741,EURO FX,236270,78789,39413,29192,19180,35013,107368,23198,16919,65269,48581
2011-04-05T00:00:00.000,112741,NZ DOLLAR,16197,9511,7720,0,147,2697,6559,663,0,3293,1738
2011-04-05T00:00:00.000,232741,AUSTRALIAN DOLLAR,146108,93795,11146,10076,3396,4522,115307,2938,569,34315,15228
2011-04-12T00:00:00.000,090741,CANADIAN DOLLAR,142022,58460,13591,9194,7004,7236,100974,10165,0,52768,16254
2011-04-12T00:00:00.000,092741,SWISS FRANC,61505,22782,14807,875,1116,8442,34742,0,0,28139,9573
2011-04-12T00:00:00.000,096742,BRITISH POUND,120316,65715,19528,5649,20934,3091,53047,2391,5558,41461,19240
2011-04-12T00:00:00.000,097741,JAPANESE YEN,130084,19862,60709,21933,8721,63398,10074,900,2483,20234,44340
2011-04-12T00:00:00.000,098662,USD INDEX,49843,15745,33744,83,1005,24522,5545,2317,2550,5514,5337
2011-04-12T00:00:00.000,099741,EURO FX,243203,80120,38808,30107,22734,36889,111585,23505,15223,67024,49295
2011-04-12T00:00:00.000,112741,NZ DOLLAR,21143,14555,8453,126,454,1881,10760,1001,0,3562,1458
2011-04-12T00:00:00.000,232741,AUSTRALIAN DOLLAR,149033,92341,7940,10095,3369,6807,118176,3231,597,35875,18267
2011-04-19T00:00:00.000,090741,CANADIAN DOLLAR,141961,59018,11708,9379,6526,8140,101533,8700,0,50990,16460
2011-04-19T00:00:00.000,092741,SWISS FRANC,69281,28273,17305,819,1113,8698,39032,0,0,29697,10037
2011-04-19T00:00:00.000,096742,BRITISH POUND,108808,61801,10389,5853,21349,2934,50616,1711,6030,34301,18216
2011-04-19T00:00:00.000,097741,JAPANESE YEN,127838,20048,60861,23234,10258,61588,11422,900,1962,18780,40047
2011-04-19T00:00:00.000,098662,USD INDEX,50159,13639,33982,83,861,24325,6459,1768,2551,8449,4411
2011-04-19T00:00:00.000,099741,EURO FX,244006,76388,40203,31655,20431,42842,113609,22938,18113,64455,45922
2011-04-19T00:00:00.000,112741,NZ DOLLAR,25789,18063,9017,697,309,1612,14791,998,234,4188,1207
2011-04-19T00:00:00.000,232741,AUSTRALIAN DOLLAR,143732,84199,7712,11688,3408,9217,113610,3121,632,34940,17803
2011-04-26T00:00:00.000,090741,CANADIAN DOLLAR,138939,53837,12875,9479,6484,7521,99848,9786,0,52606,14022
2011-04-26T00:00:00.000,092741,SWISS FRANC,71635,28076,17040,819,1112,11114,40177,418,0,28667,10765
2011-04-26T00:00:00.000,096742,BRITISH POUND,118486,65497,16612,6263,21959,3118,57539,2911,4258,38458,15879
2011-04-26T00:00:00.000,097741,JAPANESE YEN,114134,20927,44208,22949,9675,42311,13561,900,2714,23389,40318
2011-04-26T00:00:00.000,098662,USD INDEX,51693,14866,34342,83,990,24155,6936,2777,2819,8027,4821
2011-04-26T00:00:00.000,099741,EURO FX,249000,81402,40303,31865,20995,38593,119042,22492,15066,68461,47407
2011-04-26T00:00:00.000,112741,NZ DOLLAR,27220,19524,8273,554,299,1634,16878,998,368,4279,1171
2011-04-26T00:00:00.000,232741,AUSTRALIAN DOLLAR,143468,83546,8729,11410,3388,8594,111112,2569,1156,36651,18385
2011-05-03T00:00:00.000,090741,CANADIAN DOLLAR,139919,56057,15517,10220,6456,9630,95942,8451,0,49116,15559
2011-05-03T00:00:00.000,092741,SWISS FRANC,72778,29339,17461,854,1120,10472,40407,418,0,29133,11228
2011-05-03T00:00:00.000,096742,BRITISH POUND,124003,67257,24099,6927,21840,4907,55107,3204,3902,38760,16107
2011-05-03T00:00:00.000,097741,JAPANESE YEN,104590,20234,34155,24857,8030,27847,16502,1336,2966,25736,38357
2011-05-03T00:00:00.000,098662,USD INDEX,53901,14953,35572,83,869,25301,8051,3693,2754,8251,5035
2011-05-03T00:00:00.000,099741,EURO FX,264337,105405,47627,32544,21921,26264,136892,22651,5763,70935,45596
2011-05-03T00:00:00.000,112741,NZ DOLLAR,31620,22929,9872,1436,135,1749,19938,983,139,4265,1278
2011-05-03T00:00:00.000,232741,AUSTRALIAN DOLLAR,142328,81546,15189,11463,3339,10611,103949,2085,656,35807,18379
2011-05-10T00:00:00.000,090741,CANADIAN DOLLAR,121478,40024,7630,9786,6356,10773,86337,8082,562,48522,16302
2011-05-10T00:00:00.000,092741,SWISS FRANC,72312,29533,19756,833,1122,13456,40299,418,0,27551,10614
2011-05-10T00:00:00.000,096742,BRITISH POUND,108117,51546,16971,5912,23057,8778,43641,3770,3403,35988,18922
2011-05-10T00:00:00.000,097741,JAPANESE YEN,102289,30130,18386,26324,7465,15673,32876,900,2563,25420,37157
2011-05-10T00:00:00.000,098662,USD INDEX,52362,12286,32046,50,145,26761,11607,3816,2133,7282,4264
2011-05-10T00:00:00.000,099741,EURO FX,242927,68986,45937,32066,23352,54015,119834,22689,6918,60364,42079
2011-05-10T00:00:00.000,112741,NZ DOLLAR,30504,23438,9315,577,150,1591,19539,1028,139,3845,1336
2011-05-10T00:00:00.000,232741,AUSTRALIAN DOLLAR,128314,70755,12541,10361,3369,11962,92210,1237,612,32959,18542
2011-05-17T00:00:00.000,090741,CANADIAN DOLLAR,123386,37822,13230,9891,7038,16606,82311,7700,562,46910,15788
2011-05-17T00:00:00.000,092741,SWISS FRANC,68304,24957,16253,1002,1204,13035,40286,418,0,28663,10332
2011-05-17T00:00:00.000,096742,BRITISH POUND,103753,42806,22573,7963,23823,16480,29169,3339,3406,30893,22510
2011-05-17T00:00:00.000,097741,JAPANESE YEN,103453,30933,16827,27094,8300,15685,34496,900,2408,24578,37159
2011-05-17T00:00:00.000,098662,USD INDEX,55791,15686,35498,345,51,27349,13542,3233,1755,7475,3242
2011-05-17T00:00:00.000,099741,EURO FX,250533,60895,53397,33225,24112,76683,112131,22001,13322,53506,43348
2011-05-17T00:00:00.000,112741,NZ DOLLAR,29636,23434,10004,409,356,1612,17814,866,139,3291,1299
2011-05-17T00:00:00.000,232741,AUSTRALIAN DOLLAR,115090,59489,8306,8399,3365,12031,84721,797,1041,33289,16572
2011-05-24T00:00:00.000,090741,CANADIAN DOLLAR,120245,30921,13858,9663,7205,19725,78045,7363,562,47370,15372
2011-05-24T00:00:00.000,092741,SWISS FRANC,66776,24856,15432,1002,1215,15005,38172,418,0,25374,11836
2011-05-24T00:00:00.000,096742,BRITISH POUND,110336,40112,35157,7133,23772,33458,23313,2681,3056,22496,20582
2011-05-24T00:00:00.000,097741,JAPANESE YEN,99264,25818,17780,26736,8514,16519,33987,900,1969,25367,33090
2011-05-24T00:00:00.000,098662,USD INDEX,61833,19492,41241,527,57,27430,14059,4469,1523,8039,3077
2011-05-24T00:00:00.000,099741,EURO FX,258663,51375,59617,34845,24340,101914,110343,16478,14001,48517,44828
2011-05-24T00:00:00.000,112741,NZ DOLLAR,30930,24474,9613,317,204,1612,19540,854,139,3673,1434
2011-05-24T00:00:00.000,232741,AUSTRALIAN DOLLAR,110968,60936,8036,6258,3462,10483,81263,877,570,31408,16631
2011-05-31T00:00:00.000,090741,CANADIAN DOLLAR,125654,34782,14098,8756,6864,18467,81465,8387,895,48200,15270
2011-05-31T00:00:00.000,092741,SWISS FRANC,67713,28708,14598,1020,1200,11241,37591,418,0,25362,13360
2011-05-31T00:00:00.000,096742,BRITISH POUND,108085,45326,27703,7062,22473,23477,28689,1784,4450,26348,20682
2011-05-31T00:00:00.000,097741,JAPANESE YEN,95929,17167,19553,25737,8654,21186,28767,1485,1562,27305,34344
2011-05-31T00:00:00.000,098662,USD INDEX,55794,14826,34719,500,0,27587,14146,3800,1668,7228,3408
2011-05-31T00:00:00.000,099741,EURO FX,270101,56010,60973,34004,24352,103939,115616,16614,15945,51791,45472
2011-05-31T00:00:00.000,112741,NZ DOLLAR,30915,23937,7798,108,200,1612,21161,873,244,4231,1358
2011-05-31T00:00:00.000,232741,AUSTRALIAN DOLLAR,117502,66545,9890,4784,3301,6518,87004,4246,76,33367,15189
2011-06-07T00:00:00.000,090741,CANADIAN DOLLAR,129110,34606,22778,10048,6740,24338,73097,10437,0,43043,19857
2011-06-07T00:00:00.000,092741,SWISS FRANC,74339,26932,17576,1893,1202,13131,36477,418,0,26124,13243
2011-06-07T00:00:00.000,096742,BRITISH POUND,113641,45049,27844,7258,23830,22290,29594,2178,4428,27869,18948
2011-06-07T00:00:00.000,097741,JAPANESE YEN,106199,28036,16535,27208,8748,15416,38073,1400,3534,29219,34389
2011-06-07T00:00:00.000,098662,USD INDEX,62825,19551,40560,419,555,27383,11229,4027,2069,7071,4038
2011-06-07T00:00:00.000,099741,EURO FX,296126,71419,63880,34242,23907,86262,121951,16182,5707,64573,57233
2011-06-07T00:00:00.000,112741,NZ DOLLAR,37227,24133,7450,223,166,1777,22419,883,510,4935,1406
2011-06-07T00:00:00.000,232741,AUSTRALIAN DOLLAR,145346,79063,9830,4877,3304,5232,94299,4454,843,33928,19278
2011-06-14T00:00:00.000,090741,CANADIAN DOLLAR,142172,30353,19924,10925,6596,24986,79128,10544,1042,46302,16420
2011-06-14T00:00:00.000,092741,SWISS FRANC,54048,25538,11435,1415,1199,887,30317,418,0,25705,11012
2011-06-14T00:00:00.000,096742,BRITISH POUND,90719,45295,22346,6278,23787,7542,18029,1454,4001,27875,20281
2011-06-14T00:00:00.000,097741,JAPANESE YEN,94483,32551,9515,25475,8565,6267,39388,1421,3101,28040,33185
2011-06-14T00:00:00.000,098662,USD INDEX,53773,27345,30851,0,880,13101,14225,4096,1700,7048,3934
2011-06-14T00:00:00.000,099741,EURO FX,190373,68240,42128,31198,26312,16959,71044,14629,6197,56525,41870
2011-06-14T00:00:00.000,112741,NZ DOLLAR,31432,23686,5452,227,317,2084,24345,1030,239,4405,1079
2011-06-14T00:00:00.000,232741,AUSTRALIAN DOLLAR,115119,71789,14300,4003,3372,1680,81419,6586,724,30911,15154
2011-06-21T00:00:00.000,090741,CANADIAN DOLLAR,87905,13148,22159,11073,6498,6776,36908,9121,0,43832,18385
2011-06-21T00:00:00.000,092741,SWISS FRANC,51304,23401,10966,1469,1185,1048,27730,818,0,24486,11341
2011-06-21T00:00:00.000,096742,BRITISH POUND,92824,34679,31722,7035,26755,24600,6497,1883,3993,22222,21452
2011-06-21T00:00:00.000,097741,JAPANESE YEN,99071,39188,10854,25504,8636,2734,46500,2266,3199,28768,29271
2011-06-21T00:00:00.000,098662,USD INDEX,46279,19658,24802,143,840,12763,14404,4479,1544,7172,2625
2011-06-21T00:00:00.000,099741,EURO FX,189190,57942,44490,32294,26404,26697,58092,14438,13305,53967,43047
2011-06-21T00:00:00.000,112741,NZ DOLLAR,30261,22306,4943,223,266,2213,23657,1170,169,4349,1226
2011-06-21T00:00:00.000,232741,AUSTRALIAN DOLLAR,100079,64159,13527,3708,3371,2148,66711,1449,467,28433,15821
2011-06-28T00:00:00.000,090741,CANADIAN DOLLAR,92360,15492,26245,11092,6495,9191,33677,10649,0,41874,21881
2011-06-28T00:00:00.000,092741,SWISS FRANC,51227,21749,10495,1495,1114,2130,27514,418,0,25288,11957
2011-06-28T00:00:00.000,096742,BRITISH POUND,102414,31718,38411,5641,30017,40701,2595,1383,5073,20677,24024
2011-06-28T00:00:00.000,097741,JAPANESE YEN,94286,32833,13870,26798,8677,9220,34527,2390,4117,22469,32519
2011-06-28T00:00:00.000,098662,USD INDEX,50419,24816,26604,314,692,12485,17482,3707,1347,7433,2630
2011-06-28T00:00:00.000,099741,EURO FX,183206,53306,41546,31913,28185,22759,54950,14432,8088,55862,45503
2011-06-28T00:00:00.000,112741,NZ DOLLAR,29652,21678,4442,217,284,2387,23483,957,105,4412,1337
2011-06-28T00:00:00.000,232741,AUSTRALIAN DOLLAR,93784,58326,14431,3305,3831,2553,55467,1006,427,28174,19208
2011-07-05T00:00:00.000,090741,CANADIAN DOLLAR,105967,27711,30403,9857,6392,8524,46700,7061,953,49147,17852
2011-07-05T00:00:00.000,092741,SWISS FRANC,47566,17594,9634,1246,1122,3647,24935,418,0,24468,11682
2011-07-05T00:00:00.000,096742,BRITISH POUND,118359,32737,54116,4476,29292,52854,1544,2105,5073,23207,25354
2011-07-05T00:00:00.000,097741,JAPANESE YEN,94901,33112,13120,25474,8146,10846,37814,1449,3832,23271,31240
2011-07-05T00:00:00.000,098662,USD INDEX,47393,21838,25023,314,922,12399,14813,3807,1259,6865,3206
2011-07-05T00:00:00.000,099741,EURO FX,194329,64555,47296,30071,27142,23399,65753,14634,5905,57031,43594
2011-07-05T00:00:00.000,112741,NZ DOLLAR,30520,22179,4125,215,229,2480,24889,1154,105,4491,1171
2011-07-05T00:00:00.000,232741,AUSTRALIAN DOLLAR,121626,78148,18765,2866,3927,2611,81152,2236,2028,35331,15320
2011-07-12T00:00:00.000,090741,CANADIAN DOLLAR,111624,33116,28606,11581,6498,7161,55680,7639,0,48009,16722
2011-07-12T00:00:00.000,092741,SWISS FRANC,48630,17964,9066,1252,1127,2624,25918,408,0,26079,12216
2011-07-12T00:00:00.000,096742,BRITISH POUND,121134,32673,51382,4551,30103,61108,2018,1180,5073,18952,29888
2011-07-12T00:00:00.000,097741,JAPANESE YEN,115846,45700,17361,26849,8145,8886,52840,1438,4118,31689,32098
2011-07-12T00:00:00.000,098662,USD INDEX,49877,22889,24762,868,158,13161,18649,2353,1278,8121,2545
2011-07-12T00:00:00.000,099741,EURO FX,185541,46791,57127,31530,26027,33834,41507,15128,5908,52766,49480
2011-07-12T00:00:00.000,112741,NZ DOLLAR,29745,22147,4142,259,232,2157,24145,961,0,4220,1225
2011-07-12T00:00:00.000,232741,AUSTRALIAN DOLLAR,120703,77915,14917,2872,3868,3947,85961,1645,0,33627,15260
2011-07-19T00:00:00.000,090741,CANADIAN DOLLAR,124719,46623,31401,11666,6508,6082,63319,8924,987,47003,18083
2011-07-19T00:00:00.000,092741,SWISS FRANC,52133,20104,8763,1336,1112,4137,29447,408,0,25853,12516
2011-07-19T00:00:00.000,096742,BRITISH POUND,98291,30668,32990,4930,29769,40867,4221,615,4851,18730,23979
2011-07-19T00:00:00.000,097741,JAPANESE YEN,129653,56533,16519,28440,8315,7824,69853,1424,4341,33982,29175
2011-07-19T00:00:00.000,098662,USD INDEX,46605,21697,20953,1036,56,12062,19007,2655,1402,7053,3085
2011-07-19T00:00:00.000,099741,EURO FX,180314,35357,52885,30521,26509,43685,40685,20008,6732,43513,46273
2011-07-19T00:00:00.000,112741,NZ DOLLAR,31072,22583,2986,267,232,2083,26083,1175,0,4849,1656
2011-07-19T00:00:00.000,232741,AUSTRALIAN DOLLAR,128712,87138,12970,3015,5363,3244,95209,1379,0,33329,14563
2011-07-26T00:00:00.000,090741,CANADIAN DOLLAR,128807,44559,25616,12561,6454,8114,73304,10416,21,48382,18637
2011-07-26T00:00:00.000,092741,SWISS FRANC,53513,21591,12138,1776,1120,3497,27744,408,0,25936,12206
2011-07-26T00:00:00.000,096742,BRITISH POUND,97415,36243,28345,5104,30093,27585,10555,600,4351,25442,21630
2011-07-26T00:00:00.000,097741,JAPANESE YEN,138932,64448,18397,29900,7848,6571,75717,1743,3946,34722,31476
2011-07-26T00:00:00.000,098662,USD INDEX,60863,33885,35074,407,288,14260,15580,2367,2387,7343,4933
2011-07-26T00:00:00.000,099741,EURO FX,183690,41839,46960,29579,27123,33545,55319,19712,3979,50933,42227
2011-07-26T00:00:00.000,112741,NZ DOLLAR,32793,24113,3029,264,227,1866,27804,1495,0,4940,1618
2011-07-26T00:00:00.000,232741,AUSTRALIAN DOLLAR,135764,88695,10804,3046,6842,5548,101685,1735,1,36039,15731
2011-08-02T00:00:00.000,090741,CANADIAN DOLLAR,133150,47206,26696,13265,6159,9199,76361,10284,0,48005,18743
2011-08-02T00:00:00.000,092741,SWISS FRANC,56911,25328,13623,1113,1034,5293,24712,545,0,23806,16716
2011-08-02T00:00:00.000,096742,BRITISH POUND,103172,45269,32566,6302,29605,21499,12612,745,4357,26628,21303
2011-08-02T00:00:00.000,097741,JAPANESE YEN,148888,72144,18721,28969,8056,6644,84637,821,3195,38230,32199
2011-08-02T00:00:00.000,098662,USD INDEX,60529,31313,34140,433,1018,16241,15912,2756,2291,7486,4868
2011-08-02T00:00:00.000,099741,EURO FX,190722,44262,56722,26995,31200,44251,45965,19509,5466,46194,41858
2011-08-02T00:00:00.000,112741,NZ DOLLAR,33788,25119,2762,266,198,1613,29358,1349,0,5307,1336
2011-08-02T00:00:00.000,232741,AUSTRALIAN DOLLAR,133930,88444,14926,2623,7095,5293,94993,1944,1342,34825,14773
2011-08-09T00:00:00.000,090741,CANADIAN DOLLAR,118973,32335,23875,14838,6134,9657,58140,10890,0,44061,23632
2011-08-09T00:00:00.000,092741,SWISS FRANC,53055,22526,8534,585,1010,6140,26225,0,400,22837,15919
2011-08-09T00:00:00.000,096742,BRITISH POUND,105544,45535,36774,8068,30871,22461,10645,485,4357,27038,20940
2011-08-09T00:00:00.000,097741,JAPANESE YEN,119904,46272,12664,31462,9381,5776,68478,1000,1740,33286,25533
2011-08-09T00:00:00.000,098662,USD INDEX,57347,30628,29462,379,640,16147,15964,1174,1720,6824,7366
2011-08-09T00:00:00.000,099741,EURO FX,183571,48629,45771,24483,35128,40723,37502,14112,12852,46408,43102
2011-08-09T00:00:00.000,112741,NZ DOLLAR,28943,20743,2446,272,187,2737,24030,773,0,4285,2147
2011-08-09T00:00:00.000,232741,AUSTRALIAN DOLLAR,104527,56352,10331,2075,7388,16503,65001,859,0,27397,20466
2011-08-16T00:00:00.000,090741,CANADIAN DOLLAR,103509,19523,18236,14718,6583,9624,45840,9538,27,41209,23926
2011-08-16T00:00:00.000,092741,SWISS FRANC,48498,21314,3589,935,594,4850,30814,0,0,20686,12788
2011-08-16T00:00:00.000,096742,BRITISH POUND,100562,39090,33654,9915,30274,20771,10809,815,4500,28194,19548
2011-08-16T00:00:00.000,097741,JAPANESE YEN,126262,50822,13007,32983,8835,6283,74125,1000,1740,33046,26427
2011-08-16T00:00:00.000,098662,USD INDEX,54579,28810,23754,518,6668,16267,14561,735,2066,5959,5240
2011-08-16T00:00:00.000,099741,EURO FX,168931,41298,37636,24713,32037,34730,37812,13295,7733,45158,43976
2011-08-16T00:00:00.000,112741,NZ DOLLAR,26705,18410,1861,272,155,3356,23170,950,0,3717,1519
2011-08-16T00:00:00.000,232741,AUSTRALIAN DOLLAR,103162,61145,10325,2666,6828,15795,61345,871,0,21714,23693
2011-08-23T00:00:00.000,090741,CANADIAN DOLLAR,104672,18384,12544,15876,7582,8459,50149,10492,0,42283,25219
2011-08-23T00:00:00.000,092741,SWISS FRANC,48964,22037,4186,935,996,5600,31347,0,0,19600,11643
2011-08-23T00:00:00.000,096742,BRITISH POUND,102177,44312,25387,11043,31288,13724,21327,445,4595,31475,18402
2011-08-23T00:00:00.000,097741,JAPANESE YEN,131217,56213,14276,34936,9570,6554,74623,1498,2297,29667,28102
2011-08-23T00:00:00.000,098662,USD INDEX,57901,31176,26908,281,6303,17597,14558,847,2239,5413,5306
2011-08-23T00:00:00.000,099741,EURO FX,174714,42878,38997,25481,32403,35450,41523,13455,7892,47389,43838
2011-08-23T00:00:00.000,112741,NZ DOLLAR,26504,16731,1989,347,115,4299,22942,908,0,4119,1358
2011-08-23T00:00:00.000,232741,AUSTRALIAN DOLLAR,112068,70667,8983,2666,6927,13858,72430,965,2,22833,22647
2011-08-30T00:00:00.000,090741,CANADIAN DOLLAR,107237,19051,10602,15709,5641,9463,55689,11456,607,41313,24453
2011-08-30T00:00:00.000,092741,SWISS FRANC,45566,19254,3051,935,1007,5227,28768,0,0,18858,11448
2011-08-30T00:00:00.000,096742,BRITISH POUND,96164,33756,26167,8773,33030,19731,11721,2668,4007,29634,19637
2011-08-30T00:00:00.000,097741,JAPANESE YEN,126128,49879,10254,34816,9195,6377,73539,1000,2252,31734,28566
2011-08-30T00:00:00.000,098662,USD INDEX,55670,28559,27587,301,4987,17879,14059,1110,2146,5352,4422
2011-08-30T00:00:00.000,099741,EURO FX,179162,43107,39766,31427,29268,35559,44817,7439,7219,51105,47567
2011-08-30T00:00:00.000,112741,NZ DOLLAR,26856,16555,2067,360,0,4518,23380,1145,0,4207,1338
2011-08-30T00:00:00.000,232741,AUSTRALIAN DOLLAR,120394,79939,11310,3139,7942,9420,79690,967,0,26095,20618
2011-09-06T00:00:00.000,090741,CANADIAN DOLLAR,109190,18551,14618,17108,6944,8829,51506,12242,554,41390,24498
2011-09-06T00:00:00.000,092741,SWISS FRANC,45785,18840,4056,949,971,6718,27849,0,0,17838,11469
2011-09-06T00:00:00.000,096742,BRITISH POUND,110372,28491,40168,8925,34363,41583,3496,1996,4007,23225,22186
2011-09-06T00:00:00.000,097741,JAPANESE YEN,123412,48378,9717,35573,9104,7270,67205,1695,2252,27279,31917
2011-09-06T00:00:00.000,098662,USD INDEX,50566,20945,26793,1547,564,15348,14872,2366,1276,6225,2926
2011-09-06T00:00:00.000,099741,EURO FX,209515,53812,61495,32752,30303,52370,34782,6100,9153,45133,54434
2011-09-06T00:00:00.000,112741,NZ DOLLAR,27939,17520,2135,509,0,4175,23722,1098,0,4620,2065
2011-09-06T00:00:00.000,232741,AUSTRALIAN DOLLAR,131598,82747,13107,3369,8420,7631,82985,964,522,28385,18062
2011-09-13T00:00:00.000,090741,CANADIAN DOLLAR,117403,22136,20990,18282,7410,7941,45239,12378,2025,40783,25856
2011-09-13T00:00:00.000,092741,SWISS FRANC,43828,16443,3964,1344,977,8274,25156,0,0,13891,9855
2011-09-13T00:00:00.000,096742,BRITISH POUND,142120,32136,57893,7030,34107,67023,3420,1563,5196,23895,31031
2011-09-13T00:00:00.000,097741,JAPANESE YEN,151535,51903,13528,36846,9245,9802,70984,1000,2400,27729,31123
2011-09-13T00:00:00.000,098662,USD INDEX,62802,27169,29369,1485,655,18958,24166,2381,742,7631,2692
2011-09-13T00:00:00.000,099741,EURO FX,264500,63377,73866,32327,32396,75972,37329,6381,9908,42132,66690
2011-09-13T00:00:00.000,112741,NZ DOLLAR,34664,17508,2059,436,0,4371,23443,681,165,4806,2135
2011-09-13T00:00:00.000,232741,AUSTRALIAN DOLLAR,125386,69550,14117,3324,8197,10866,67803,982,106,27608,22107
2011-09-20T00:00:00.000,090741,CANADIAN DOLLAR,123057,23120,23326,18446,5259,5490,46983,12153,2083,39251,20809
2011-09-20T00:00:00.000,092741,SWISS FRANC,21500,7448,1912,1179,924,225,8177,50,0,12295,10184
2011-09-20T00:00:00.000,096742,BRITISH POUND,143678,28616,73293,8460,32667,90296,1411,500,4714,13556,29343
2011-09-20T00:00:00.000,097741,JAPANESE YEN,127828,57364,18408,37476,8676,870,69996,1920,2107,28859,27302
2011-09-20T00:00:00.000,098662,USD INDEX,62452,29360,10078,1524,619,17541,47443,3975,853,8261,1668
2011-09-20T00:00:00.000,099741,EURO FX,201556,36687,87622,30342,32220,91696,10822,6060,10640,32594,56075
2011-09-20T00:00:00.000,112741,NZ DOLLAR,22307,15530,3078,455,0,2409,17720,552,165,3359,1342
2011-09-20T00:00:00.000,232741,AUSTRALIAN DOLLAR,78616,36725,14602,3237,8795,14576,35573,1022,199,22583,18974
2011-09-27T00:00:00.000,090741,CANADIAN DOLLAR,86146,12232,40457,18709,5296,7078,12051,11697,1269,32454,23097
2011-09-27T00:00:00.000,092741,SWISS FRANC,23123,8769,2971,1354,918,2563,7143,50,0,10048,11752
2011-09-27T00:00:00.000,096742,BRITISH POUND,154682,29354,81226,9131,32336,99728,1737,0,3246,13226,32894
2011-09-27T00:00:00.000,097741,JAPANESE YEN,125732,55258,15966,37781,9366,2557,67539,1454,2107,27225,29297
2011-09-27T00:00:00.000,098662,USD INDEX,68631,28934,9278,2228,244,19971,53882,4770,776,10295,2018
2011-09-27T00:00:00.000,099741,EURO FX,215172,44206,90665,28053,36233,98269,13083,5534,10874,34809,60016
2011-09-27T00:00:00.000,112741,NZ DOLLAR,23804,13175,5588,457,0,7412,15934,494,278,2261,1999
2011-09-27T00:00:00.000,232741,AUSTRALIAN DOLLAR,82580,31788,23318,3509,7998,28090,29530,1127,279,17470,20859
2011-10-04T00:00:00.000,090741,CANADIAN DOLLAR,103733,12575,36986,23035,13135,16139,17619,12394,1061,33713,29055
2011-10-04T00:00:00.000,092741,SWISS FRANC,24964,8823,4990,1321,931,5155,7110,50,0,9303,11621
2011-10-04T00:00:00.000,096742,BRITISH POUND,175500,31069,87381,11062,46716,116888,1676,0,3288,11496,31454
2011-10-04T00:00:00.000,097741,JAPANESE YEN,134724,59897,13562,42433,10108,2023,76377,1786,2092,27052,31052
2011-10-04T00:00:00.000,098662,USD INDEX,72521,31027,10326,4149,244,21140,57602,3414,722,10800,1636
2011-10-04T00:00:00.000,099741,EURO FX,220839,53010,89631,29077,41359,96550,16071,5109,10180,32554,59059
2011-10-04T00:00:00.000,112741,NZ DOLLAR,26211,11905,8150,193,213,12144,14542,347,510,1494,2668
2011-10-04T00:00:00.000,232741,AUSTRALIAN DOLLAR,100016,36015,23141,3564,18792,37879,30755,6372,937,14789,24994
2011-10-11T00:00:00.000,090741,CANADIAN DOLLAR,122945,17820,46973,21245,32709,40399,9619,12443,1577,24951,25980
2011-10-11T00:00:00.000,092741,SWISS FRANC,24317,8783,4197,1384,1385,4487,6656,0,0,9361,11777
2011-10-11T00:00:00.000,096742,BRITISH POUND,184709,29796,81278,10362,61231,126154,2018,1666,3219,12362,32594
2011-10-11T00:00:00.000,097741,JAPANESE YEN,153849,61251,15127,60759,9141,2015,96442,1786,2104,26506,29503
2011-10-11T00:00:00.000,098662,USD INDEX,69667,30714,4994,4154,181,21848,60404,3247,656,7718,1446
2011-10-11T00:00:00.000,099741,EURO FX,223167,50685,81502,26634,37618,97660,25444,5691,9346,35426,62186
2011-10-11T00:00:00.000,112741,NZ DOLLAR,25059,10987,5755,191,238,12091,16387,347,342,1288,2182
2011-10-11T00:00:00.000,232741,AUSTRALIAN DOLLAR,118182,36836,25129,3514,39009,56661,27661,6452,432,13298,24530
2011-10-18T00:00:00.000,090741,CANADIAN DOLLAR,123074,20598,44299,19962,32296,42308,13422,9043,1102,25428,26220
2011-10-18T00:00:00.000,092741,SWISS FRANC,26097,9835,5069,1139,1382,5797,6603,0,0,8982,12699
2011-10-18T00:00:00.000,096742,BRITISH POUND,175827,31122,75652,8645,61819,117762,1678,1707,2726,12099,29460
2011-10-18T00:00:00.000,097741,JAPANESE YEN,152255,64005,17957,57531,9628,2438,90767,1667,2342,24925,29872
2011-10-18T00:00:00.000,098662,USD INDEX,68006,26704,5588,3758,181,21247,56886,4381,881,9638,2192
2011-10-18T00:00:00.000,099741,EURO FX,230483,54759,87551,30588,36734,98308,24570,6868,11655,30235,60248
2011-10-18T00:00:00.000,112741,NZ DOLLAR,24055,11317,4269,158,238,10355,17264,362,342,1858,1937
2011-10-18T00:00:00.000,232741,AUSTRALIAN DOLLAR,121691,48956,17049,2935,39012,51379,39572,1452,2033,16026,23082
2011-10-25T00:00:00.000,090741,CANADIAN DOLLAR,120187,21585,40479,18758,31729,39552,16233,9285,688,25388,25439
2011-10-25T00:00:00.000,092741,SWISS FRANC,27697,10163,5318,1139,1374,4580,6586,0,0,11324,13928
2011-10-25T00:00:00.000,096742,BRITISH POUND,171560,34375,76031,8425,62033,107059,1531,1581,2724,15653,24774
2011-10-25T00:00:00.000,097741,JAPANESE YEN,165616,71719,16668,55311,8398,1337,106927,2241,2596,33031,29050
2011-10-25T00:00:00.000,098662,USD INDEX,63947,22732,10831,3186,181,22001,47900,5053,751,9293,2602
2011-10-25T00:00:00.000,099741,EURO FX,235774,51243,91709,37864,34209,98779,31117,6485,9206,32143,60273
2011-10-25T00:00:00.000,112741,NZ DOLLAR,24675,12555,3867,146,388,9655,18524,367,482,1934,1396
2011-10-25T00:00:00.000,232741,AUSTRALIAN DOLLAR,126816,54239,19455,2936,37824,48439,42515,1955,1998,18276,24053
2011-11-01T00:00:00.000,090741,CANADIAN DOLLAR,119841,24874,38021,18376,31719,35161,23456,8827,725,27803,21120
2011-11-01T00:00:00.000,092741,SWISS FRANC,23607,6573,3913,874,1365,4072,7520,0,0,11450,10171
2011-11-01T00:00:00.000,096742,BRITISH POUND,169466,37721,75588,7500,60874,101073,2399,1622,2277,16983,23761
2011-11-01T00:00:00.000,097741,JAPANESE YEN,138045,50160,14677,51899,7863,7493,85075,1000,1792,24143,25288
2011-11-01T00:00:00.000,098662,USD INDEX,63639,28574,14286,878,233,21479,42070,3720,879,7253,4436
2011-11-01T00:00:00.000,099741,EURO FX,231229,48212,78541,39110,33811,90759,41183,6416,10077,33833,54718
2011-11-01T00:00:00.000,112741,NZ DOLLAR,24021,12797,2890,0,238,8486,18698,341,508,2310,1600
2011-11-01T00:00:00.000,232741,AUSTRALIAN DOLLAR,139057,61682,27280,3003,37129,49666,51905,2083,711,20947,20356
2011-11-08T00:00:00.000,090741,CANADIAN DOLLAR,122069,24981,41495,17919,31714,36290,21761,8231,1255,29186,20382
2011-11-08T00:00:00.000,092741,SWISS FRANC,25539,9530,5462,875,1335,4639,7551,0,0,9947,10643
2011-11-08T00:00:00.000,096742,BRITISH POUND,147978,23339,55384,9191,58369,90577,2582,1622,2837,18228,23785
2011-11-08T00:00:00.000,097741,JAPANESE YEN,138981,49153,14215,53267,7441,9621,86815,1000,1547,23718,26741
2011-11-08T00:00:00.000,098662,USD INDEX,59861,26755,13683,1415,181,20258,41321,3884,435,5989,2681
2011-11-08T00:00:00.000,099741,EURO FX,231445,52683,67623,41872,33044,86576,49344,6005,12010,32742,57857
2011-11-08T00:00:00.000,112741,NZ DOLLAR,24750,13494,2999,0,238,8895,19834,306,342,2049,1331
2011-11-08T00:00:00.000,232741,AUSTRALIAN DOLLAR,147684,68649,32742,3438,36801,45108,52502,2237,1466,26418,22339
2011-11-15T00:00:00.000,090741,CANADIAN DOLLAR,123967,25709,44380,18846,31831,36608,20042,8441,1266,28819,20904
2011-11-15T00:00:00.000,092741,SWISS FRANC,30206,11671,7523,875,1336,7433,6929,0,0,9463,13654
2011-11-15T00:00:00.000,096742,BRITISH POUND,150702,24752,58031,9721,58456,93777,3455,3477,2186,14428,24027
2011-11-15T00:00:00.000,097741,JAPANESE YEN,142233,54801,14368,54011,8114,9200,90374,1000,2178,21168,25146
2011-11-15T00:00:00.000,098662,USD INDEX,57305,22008,10213,2413,457,18892,41893,4401,354,8030,2827
2011-11-15T00:00:00.000,099741,EURO FX,244552,59834,86885,42802,31319,93935,39429,6056,12670,31351,63675
2011-11-15T00:00:00.000,112741,NZ DOLLAR,25966,13105,4128,0,254,10691,19223,255,342,1904,2008
2011-11-15T00:00:00.000,232741,AUSTRALIAN DOLLAR,136465,62779,30752,3022,37402,46250,48075,1453,283,21054,18046
2011-11-22T00:00:00.000,090741,CANADIAN DOLLAR,129151,28983,49684,20026,31910,39141,16773,8498,1335,26060,23006
2011-11-22T00:00:00.000,092741,SWISS FRANC,31022,12006,8928,875,1338,8361,6505,0,0,8923,13394
2011-11-22T00:00:00.000,096742,BRITISH POUND,160287,20127,61917,8239,60564,110381,3299,4132,2921,13033,27211
2011-11-22T00:00:00.000,097741,JAPANESE YEN,149571,61021,12165,54635,9402,9554,99890,1000,2206,21162,23709
2011-11-22T00:00:00.000,098662,USD INDEX,54442,17111,6830,4102,455,18193,43219,4725,461,8779,1945
2011-11-22T00:00:00.000,099741,EURO FX,260064,62727,90056,48335,32112,98400,47374,6015,12669,31234,64500
2011-11-22T00:00:00.000,112741,NZ DOLLAR,26870,11596,5646,0,254,13243,18053,543,342,1486,2573
2011-11-22T00:00:00.000,232741,AUSTRALIAN DOLLAR,128192,48466,24145,2425,38485,52153,43717,1852,416,21229,19362
2011-11-29T00:00:00.000,090741,CANADIAN DOLLAR,143231,30485,54585,20893,35215,43797,15798,9762,1469,25840,23710
2011-11-29T00:00:00.000,092741,SWISS FRANC,37224,14561,13251,869,1326,12534,6151,0,0,8183,15419
2011-11-29T00:00:00.000,096742,BRITISH POUND,190728,21608,80479,7831,71138,141180,2531,3562,2789,12296,29540
2011-11-29T00:00:00.000,097741,JAPANESE YEN,166279,61943,13871,60973,9406,19526,113642,1220,1543,19561,24761
2011-11-29T00:00:00.000,098662,USD INDEX,58641,21315,8278,5380,308,18115,45688,4950,381,7192,2297
2011-11-29T00:00:00.000,099741,EURO FX,277511,69316,108084,64442,32138,101801,55757,5728,11768,29040,62580
2011-11-29T00:00:00.000,112741,NZ DOLLAR,28277,10019,8271,0,363,16332,16755,455,492,1440,2365
2011-11-29T00:00:00.000,232741,AUSTRALIAN DOLLAR,124760,39743,19573,2381,38661,60238,40844,2113,596,17591,22392
2011-12-06T00:00:00.000,090741,CANADIAN DOLLAR,150326,32144,49428,19860,34913,43116,21047,8699,1924,26929,23436
2011-12-06T00:00:00.000,092741,SWISS FRANC,42548,13811,14872,999,907,17564,6437,0,464,8098,17792
2011-12-06T00:00:00.000,096742,BRITISH POUND,209514,23475,88040,8255,79656,156088,4001,4308,2803,12193,29819
2011-12-06T00:00:00.000,097741,JAPANESE YEN,178625,65312,12051,63230,10102,19319,118944,1285,2033,18829,24845
2011-12-06T00:00:00.000,098662,USD INDEX,57372,21949,7579,4761,308,18262,45738,4166,211,6389,1691
2011-12-06T00:00:00.000,099741,EURO FX,283309,66525,104430,57161,32936,100514,59830,14223,13298,29471,57400
2011-12-06T00:00:00.000,112741,NZ DOLLAR,27597,9723,6607,0,294,15860,17626,165,485,1475,2211
2011-12-06T00:00:00.000,232741,AUSTRALIAN DOLLAR,142807,54079,25445,2572,41692,50518,46191,6592,1563,17914,16784
2011-12-13T00:00:00.000,090741,CANADIAN DOLLAR,173429,30841,48233,18197,34905,43148,20858,9342,1506,27076,23102
2011-12-13T00:00:00.000,092741,SWISS FRANC,56102,15244,15340,999,912,20020,5823,0,424,6976,20740
2011-12-13T00:00:00.000,096742,BRITISH POUND,218203,22473,82177,7652,78537,150290,1728,3103,2978,11737,29835
2011-12-13T00:00:00.000,097741,JAPANESE YEN,204818,65328,10219,63825,10571,18117,118137,2152,1850,18171,26816
2011-12-13T00:00:00.000,098662,USD INDEX,66540,26326,13747,5249,308,18487,46308,4866,372,8892,3085
2011-12-13T00:00:00.000,099741,EURO FX,327740,77262,124484,50842,32802,109062,57504,15312,10219,32211,59680
2011-12-13T00:00:00.000,112741,NZ DOLLAR,28686,10126,5990,0,261,15677,18557,165,514,1823,2469
2011-12-13T00:00:00.000,232741,AUSTRALIAN DOLLAR,153296,60210,26385,2572,41781,46518,49738,7301,674,18888,16911
2011-12-20T00:00:00.000,090741,CANADIAN DOLLAR,174254,33170,47053,15856,35581,16705,21272,9593,1518,51787,21687
2011-12-20T00:00:00.000,092741,SWISS FRANC,33020,13868,14223,999,846,9956,800,537,0,7424,16915
2011-12-20T00:00:00.000,096742,BRITISH POUND,183972,25833,70515,8318,77285,129741,1737,2400,3230,13851,27376
2011-12-20T00:00:00.000,097741,JAPANESE YEN,132006,47033,29458,64602,10779,362,63249,1265,2630,17194,24340
2011-12-20T00:00:00.000,098662,USD INDEX,67062,22459,33121,6064,285,23573,31196,4940,148,9221,1507
2011-12-20T00:00:00.000,099741,EURO FX,266597,50187,134988,51325,33249,118045,24067,14330,12161,27224,56646
2011-12-20T00:00:00.000,112741,NZ DOLLAR,9442,4115,4855,0,274,3289,1296,165,509,1648,2283
2011-12-20T00:00:00.000,232741,AUSTRALIAN DOLLAR,104817,48825,27324,2596,41675,25748,15177,6654,777,17202,16072
2011-12-27T00:00:00.000,090741,CANADIAN DOLLAR,118735,25413,50922,16112,35265,36467,2619,9728,1525,25359,22748
2011-12-27T00:00:00.000,092741,SWISS FRANC,35741,15670,15405,1059,856,11035,721,537,0,7131,18450
2011-12-27T00:00:00.000,096742,BRITISH POUND,183119,24880,72242,8644,75330,128343,2138,3239,3230,14070,26236
2011-12-27T00:00:00.000,097741,JAPANESE YEN,132557,48339,32683,65557,11037,167,58699,1310,2552,15218,25620
2011-12-27T00:00:00.000,098662,USD INDEX,64646,23262,30050,6166,285,22417,31605,5640,210,6364,1699
2011-12-27T00:00:00.000,099741,EURO FX,276022,57998,144008,49677,32557,122475,27029,14330,12138,25516,54264
2011-12-27T00:00:00.000,112741,NZ DOLLAR,10181,4956,5012,0,169,2890,1836,265,500,1845,2439
2011-12-27T00:00:00.000,232741,AUSTRALIAN DOLLAR,111210,57155,28570,2719,44088,22574,18034,6642,795,18203,15806
2012-01-03T00:00:00.000,090741,CANADIAN DOLLAR,119763,26234,52447,16740,34815,35326,3165,8786,1530,26762,21891
2012-01-03T00:00:00.000,092741,SWISS FRANC,37999,16597,15472,1060,859,11367,2217,537,648,8108,18473
2012-01-03T00:00:00.000,096742,BRITISH POUND,193595,28227,77358,8242,76836,138025,2707,2438,4179,12548,28400
2012-01-03T00:00:00.000,097741,JAPANESE YEN,158719,68131,46202,66076,10700,637,72126,1230,2222,21395,26219
2012-01-03T00:00:00.000,098662,USD INDEX,66053,22580,30695,6387,335,21469,32539,5924,280,8807,1318
2012-01-03T00:00:00.000,099741,EURO FX,282790,66673,149926,47953,30666,119171,26718,14220,13547,28432,55592
2012-01-03T00:00:00.000,112741,NZ DOLLAR,10812,6336,5394,0,200,2043,2469,165,342,2043,2182
2012-01-03T00:00:00.000,232741,AUSTRALIAN DOLLAR,117247,64348,28079,3090,44168,19706,22635,6635,1521,19629,17005
2012-01-10T00:00:00.000,090741,CANADIAN DOLLAR,120997,19685,53282,16588,34802,40813,7006,9007,645,29189,19547
2012-01-10T00:00:00.000,092741,SWISS FRANC,41869,19677,17159,999,1321,14324,2015,537,648,6042,20436
2012-01-10T00:00:00.000,096742,BRITISH POUND,199855,25601,79632,7955,78453,146834,1458,2382,3469,12442,32202
2012-01-10T00:00:00.000,097741,JAPANESE YEN,163533,72333,49153,65056,10842,638,73601,750,2252,23407,26336
2012-01-10T00:00:00.000,098662,USD INDEX,69024,25210,31865,6640,360,20958,33747,5419,630,9765,1390
2012-01-10T00:00:00.000,099741,EURO FX,294263,68102,155989,50563,31858,131060,27996,6449,13864,31597,58064
2012-01-10T00:00:00.000,112741,NZ DOLLAR,14173,9247,5047,0,430,1788,5865,165,675,2607,1790
2012-01-10T00:00:00.000,232741,AUSTRALIAN DOLLAR,125914,78427,30002,2934,43992,14487,29190,1622,883,24044,17447
2012-01-17T00:00:00.000,090741,CANADIAN DOLLAR,123101,21482,55422,17996,34654,42312,5079,8397,643,26666,21055
2012-01-17T00:00:00.000,092741,SWISS FRANC,41577,19171,17957,999,1969,12704,1475,537,0,7278,19288
2012-01-17T00:00:00.000,096742,BRITISH POUND,211418,26254,83100,8759,81639,157361,1611,1572,3585,12898,36909
2012-01-17T00:00:00.000,097741,JAPANESE YEN,168070,74036,52602,65833,10776,597,76658,750,2203,25439,24416
2012-01-17T00:00:00.000,098662,USD INDEX,68483,24776,30720,6843,360,20576,33561,5483,330,9795,2502
2012-01-17T00:00:00.000,099741,EURO FX,300962,67707,157917,52274,33087,135279,32277,6019,10843,32951,60106
2012-01-17T00:00:00.000,112741,NZ DOLLAR,20955,15809,6033,183,547,1516,11925,165,443,2916,1641
2012-01-17T00:00:00.000,232741,AUSTRALIAN DOLLAR,135321,83279,33214,2931,44101,16755,36181,1622,881,26322,16532
2012-01-24T00:00:00.000,090741,CANADIAN DOLLAR,117164,20025,49740,17967,34670,33007,7177,8559,0,31029,19000
2012-01-24T00:00:00.000,092741,SWISS FRANC,39314,16556,18271,999,1961,10698,1602,537,0,9235,16191
2012-01-24T00:00:00.000,096742,BRITISH POUND,190040,18957,67707,8738,81432,141799,2542,1168,2279,14665,31367
2012-01-24T00:00:00.000,097741,JAPANESE YEN,152061,61327,47906,65802,10329,597,61506,1841,1123,21049,29752
2012-01-24T00:00:00.000,098662,USD INDEX,64148,22691,28032,5103,360,21236,31637,5351,452,7759,1659
2012-01-24T00:00:00.000,099741,EURO FX,315350,70651,174171,53651,31848,143798,34421,5995,7386,33669,59938
2012-01-24T00:00:00.000,112741,NZ DOLLAR,25569,19979,6569,101,601,1702,16053,165,342,3256,1638
2012-01-24T00:00:00.000,232741,AUSTRALIAN DOLLAR,139724,92137,26502,3418,43938,10756,44789,492,2560,28193,17207
2012-01-31T00:00:00.000,090741,CANADIAN DOLLAR,119270,17487,50118,18174,34461,36519,8133,7768,0,32522,19758
2012-01-31T00:00:00.000,092741,SWISS FRANC,40836,15395,17022,877,1972,11719,5821,537,0,10660,14373
2012-01-31T00:00:00.000,096742,BRITISH POUND,190849,25515,70783,8861,79310,135659,6417,1170,629,15061,29127
2012-01-31T00:00:00.000,097741,JAPANESE YEN,172967,76797,54093,65034,10058,1782,73664,750,2940,26740,30348
2012-01-31T00:00:00.000,098662,USD INDEX,54946,20325,20348,2981,360,18179,29892,4203,765,7531,1854
2012-01-31T00:00:00.000,099741,EURO FX,305328,70584,161936,57576,31232,132441,38092,5337,8299,31940,58319
2012-01-31T00:00:00.000,112741,NZ DOLLAR,31627,25072,9571,0,449,1634,19157,420,443,4121,1627
2012-01-31T00:00:00.000,232741,AUSTRALIAN DOLLAR,150115,96975,31534,4985,42188,13713,51273,980,1791,28398,18265
2012-02-07T00:00:00.000,090741,CANADIAN DOLLAR,122955,26388,48702,17939,34108,26755,11702,7760,420,34953,18863
2012-02-07T00:00:00.000,092741,SWISS FRANC,42826,17834,17173,870,1940,12173,6443,537,0,9876,15734
2012-02-07T00:00:00.000,096742,BRITISH POUND,195733,29573,77181,10767,76170,130185,7970,1603,2210,18621,27218
2012-02-07T00:00:00.000,097741,JAPANESE YEN,178512,81094,60817,66621,7189,1881,75448,750,1942,26250,31200
2012-02-07T00:00:00.000,098662,USD INDEX,53362,18043,16415,2585,360,18122,29781,3686,653,9486,4713
2012-02-07T00:00:00.000,099741,EURO FX,288657,59814,145974,60932,30660,123263,37986,5133,9951,32383,56954
2012-02-07T00:00:00.000,112741,NZ DOLLAR,35020,27747,10504,265,190,1712,22070,469,342,4447,1534
2012-02-07T00:00:00.000,232741,AUSTRALIAN DOLLAR,148879,93012,28811,5559,41648,12035,51969,490,3347,32891,18212
2012-02-14T00:00:00.000,090741,CANADIAN DOLLAR,122896,25837,47236,19300,34116,25583,12337,7938,28,35225,20166
2012-02-14T00:00:00.000,092741,SWISS FRANC,48092,21447,19009,1009,1938,14102,10788,537,0,9734,15094
2012-02-14T00:00:00.000,096742,BRITISH POUND,192071,31161,75147,10743,76487,124927,8466,2589,755,18205,26770
2012-02-14T00:00:00.000,097741,JAPANESE YEN,153683,60802,53826,65577,6833,3093,52247,1279,2785,20313,35373
2012-02-14T00:00:00.000,098662,USD INDEX,51997,17102,18484,2171,137,18673,29841,3940,470,8703,1657
2012-02-14T00:00:00.000,099741,EURO FX,291060,51873,149048,65440,31967,128914,36569,5293,7444,31954,58446
2012-02-14T00:00:00.000,112741,NZ DOLLAR,36704,29368,10935,457,353,1692,22974,454,342,4312,1679
2012-02-14T00:00:00.000,232741,AUSTRALIAN DOLLAR,151885,93077,30451,6328,40378,12642,53586,1116,2449,33898,20197
2012-02-21T00:00:00.000,090741,CANADIAN DOLLAR,129249,35747,52771,18891,34118,20945,14923,7892,69,36559,18153
2012-02-21T00:00:00.000,092741,SWISS FRANC,51197,23167,19544,1033,1935,13334,13701,601,0,11874,14829
2012-02-21T00:00:00.000,096742,BRITISH POUND,186668,26244,68444,11173,75817,123643,10174,1612,1593,19414,26058
2012-02-21T00:00:00.000,097741,JAPANESE YEN,150551,58102,58335,64710,6444,8073,40159,1180,3474,15812,39465
2012-02-21T00:00:00.000,098662,USD INDEX,50648,16645,16433,2090,137,18038,30062,3754,523,8770,2142
2012-02-21T00:00:00.000,099741,EURO FX,287525,49974,143547,64178,30459,126788,35447,5637,9749,33774,61149
2012-02-21T00:00:00.000,112741,NZ DOLLAR,36889,29261,10708,540,350,1591,23348,702,342,4337,1683
2012-02-21T00:00:00.000,232741,AUSTRALIAN DOLLAR,149840,91311,29075,5967,40381,12383,51119,898,2752,34334,21566
2012-02-28T00:00:00.000,090741,CANADIAN DOLLAR,136553,39207,53843,18982,34112,22817,18186,7862,1774,37129,18082
2012-02-28T00:00:00.000,092741,SWISS FRANC,52360,22736,19708,1033,1924,12771,16264,601,0,14185,13430
2012-02-28T00:00:00.000,096742,BRITISH POUND,176885,23802,54453,11152,75266,116655,13776,1612,2259,18982,26449
2012-02-28T00:00:00.000,097741,JAPANESE YEN,148310,47777,59593,63850,8117,18353,30246,1676,3876,12686,42510
2012-02-28T00:00:00.000,098662,USD INDEX,48598,19233,13750,1797,137,15592,29988,4026,1043,6497,2227
2012-02-28T00:00:00.000,099741,EURO FX,271282,51754,120966,64664,31595,103596,39843,5941,11769,35554,57336
2012-02-28T00:00:00.000,112741,NZ DOLLAR,35159,26994,9861,541,399,1648,22324,908,342,4625,1790
2012-02-28T00:00:00.000,232741,AUSTRALIAN DOLLAR,161219,102549,35367,5957,40323,12441,57624,958,3379,34498,19710
2012-03-06T00:00:00.000,090741,CANADIAN DOLLAR,146771,39641,54179,18801,34106,22504,22064,10251,0,38903,19751
2012-03-06T00:00:00.000,092741,SWISS FRANC,53649,21017,18900,877,1489,17880,16023,601,0,11312,15275
2012-03-06T00:00:00.000,096742,BRITISH POUND,184104,21484,60491,10838,74604,118527,11778,3844,1593,19173,25400
2012-03-06T00:00:00.000,097741,JAPANESE YEN,147952,29578,53323,63344,9757,30005,26417,750,2421,11713,43472
2012-03-06T00:00:00.000,098662,USD INDEX,52985,20071,18392,2364,204,15808,29998,4399,362,7679,1365
2012-03-06T00:00:00.000,099741,EURO FX,284739,57022,122654,55484,28864,118595,45962,5956,13762,33112,58927
2012-03-06T00:00:00.000,112741,NZ DOLLAR,29950,22096,11667,744,401,1584,14894,949,338,3922,1995
2012-03-06T00:00:00.000,232741,AUSTRALIAN DOLLAR,164007,95007,43298,5150,40565,15603,40615,1829,3249,32761,22623
2012-03-13T00:00:00.000,090741,CANADIAN DOLLAR,172856,47590,57507,18311,34588,22170,27652,8088,217,42157,18352
2012-03-13T00:00:00.000,092741,SWISS FRANC,56305,22661,15601,835,1491,16761,15519,601,0,9859,18106
2012-03-13T00:00:00.000,096742,BRITISH POUND,202880,25585,63475,9792,73704,125625,10819,2059,3697,16848,28214
2012-03-13T00:00:00.000,097741,JAPANESE YEN,196396,25032,61537,64153,8630,47574,25360,750,2440,11719,51261
2012-03-13T00:00:00.000,098662,USD INDEX,62925,28203,26863,3149,22,15920,30678,3654,535,8870,1698
2012-03-13T00:00:00.000,099741,EURO FX,311057,61643,129820,45762,28500,127444,41715,6856,12242,43680,73108
2012-03-13T00:00:00.000,112741,NZ DOLLAR,32911,18199,11409,848,325,1614,11192,393,338,3954,1744
2012-03-13T00:00:00.000,232741,AUSTRALIAN DOLLAR,200719,100252,45001,3962,40647,15988,45119,975,756,31314,20968
2012-03-20T00:00:00.000,090741,CANADIAN DOLLAR,189870,50708,53511,18456,34788,20373,29947,8737,213,42510,22325
2012-03-20T00:00:00.000,092741,SWISS FRANC,43616,14988,14518,868,1513,17298,10792,537,0,9501,16369
2012-03-20T00:00:00.000,096742,BRITISH POUND,141411,43337,33658,9701,73177,62823,1207,2069,4926,19350,24312
2012-03-20T00:00:00.000,097741,JAPANESE YEN,139769,35286,63689,63494,9023,27059,17859,1080,2378,12101,46071
2012-03-20T00:00:00.000,098662,USD INDEX,60548,25693,36601,3633,22,17006,21221,4149,234,9089,1492
2012-03-20T00:00:00.000,099741,EURO FX,258535,48605,123944,44841,29617,122019,25721,6395,12977,30528,60129
2012-03-20T00:00:00.000,112741,NZ DOLLAR,20288,14135,6449,626,388,1826,11058,399,338,3086,1839
2012-03-20T00:00:00.000,232741,AUSTRALIAN DOLLAR,160387,97566,55235,4015,40536,26263,42592,1004,734,30136,19887
2012-03-27T00:00:00.000,090741,CANADIAN DOLLAR,122621,43156,42903,18509,34825,11543,25327,8791,214,37845,16575
2012-03-27T00:00:00.000,092741,SWISS FRANC,42852,13678,14170,868,1504,15571,13392,537,0,11777,13365
2012-03-27T00:00:00.000,096742,BRITISH POUND,135147,47538,28386,9624,72661,46541,2769,2041,4050,24568,22446
2012-03-27T00:00:00.000,097741,JAPANESE YEN,145497,11172,74671,63750,9788,57357,9918,910,2338,11414,47888
2012-03-27T00:00:00.000,098662,USD INDEX,51926,19564,27453,2670,0,16253,21010,3825,379,8545,2015
2012-03-27T00:00:00.000,099741,EURO FX,239446,30924,112405,39616,29818,118658,15783,5546,13316,36029,59451
2012-03-27T00:00:00.000,112741,NZ DOLLAR,20247,13728,6166,551,305,1934,11956,427,338,3455,1330
2012-03-27T00:00:00.000,232741,AUSTRALIAN DOLLAR,147373,93022,47718,3903,40375,20145,37979,1046,708,27372,18708
2012-04-03T00:00:00.000,090741,CANADIAN DOLLAR,126333,47603,41374,17908,34785,9899,29351,9061,861,39325,17425
2012-04-03T00:00:00.000,092741,SWISS FRANC,43624,14122,13969,766,1497,14514,14705,993,0,12745,12969
2012-04-03T00:00:00.000,096742,BRITISH POUND,142660,54098,28324,9967,72114,45052,10187,3008,3324,25446,23622
2012-04-03T00:00:00.000,097741,JAPANESE YEN,150382,15910,73151,64293,9167,57721,14156,500,2580,10802,50172
2012-04-03T00:00:00.000,098662,USD INDEX,44594,13910,20012,1913,56,15637,20504,3996,394,7919,2409
2012-04-03T00:00:00.000,099741,EURO FX,241006,38274,105605,33275,29015,115302,19458,6244,13994,33291,58314
2012-04-03T00:00:00.000,112741,NZ DOLLAR,20753,14040,4486,506,255,1860,13955,614,338,3583,1569
2012-04-03T00:00:00.000,232741,AUSTRALIAN DOLLAR,151825,84020,51935,3271,41374,33119,35523,1516,696,27616,20014
2012-04-10T00:00:00.000,090741,CANADIAN DOLLAR,113833,37089,32726,18691,34635,10300,21532,9669,99,34467,21224
2012-04-10T00:00:00.000,092741,SWISS FRANC,39995,15055,9575,766,1914,12340,10378,993,0,10014,17301
2012-04-10T00:00:00.000,096742,BRITISH POUND,145522,60999,36693,9118,72484,46670,5042,2066,3324,21211,22521
2012-04-10T00:00:00.000,097741,JAPANESE YEN,150875,16904,76439,66179,9721,55399,13528,569,2923,10350,46790
2012-04-10T00:00:00.000,098662,USD INDEX,46655,15302,22674,2319,81,15749,20875,4035,377,8390,1788
2012-04-10T00:00:00.000,099741,EURO FX,274830,47765,129486,27614,32196,142997,14675,7165,12499,29781,66466
2012-04-10T00:00:00.000,112741,NZ DOLLAR,21802,15257,4118,544,379,2027,15180,430,338,3391,1634
2012-04-10T00:00:00.000,232741,AUSTRALIAN DOLLAR,154070,77962,56100,2841,41856,42402,31160,978,720,27620,21967
2012-04-17T00:00:00.000,090741,CANADIAN DOLLAR,128841,48038,36599,18895,34476,10302,35281,9648,950,38841,18418
2012-04-17T00:00:00.000,092741,SWISS FRANC,41358,15452,12048,676,1918,14763,10077,537,0,9404,16789
2012-04-17T00:00:00.000,096742,BRITISH POUND,157015,70262,35214,8813,55987,43303,34549,2046,3324,25095,20445
2012-04-17T00:00:00.000,097741,JAPANESE YEN,144168,16398,69966,66051,9662,49882,16952,1019,2932,9166,43004
2012-04-17T00:00:00.000,098662,USD INDEX,45759,13778,22480,2528,0,15530,20334,3678,283,9384,1801
2012-04-17T00:00:00.000,099741,EURO FX,295844,54321,143809,27239,46319,169621,15549,6653,14459,27817,65515
2012-04-17T00:00:00.000,112741,NZ DOLLAR,23952,16937,4615,568,113,2026,17195,619,338,3802,1691
2012-04-17T00:00:00.000,232741,AUSTRALIAN DOLLAR,148796,81975,49918,2640,42570,32607,34039,992,898,28260,19049
2012-04-24T00:00:00.000,090741,CANADIAN DOLLAR,134899,50767,36613,18899,34100,10107,42754,10472,637,41336,17477
2012-04-24T00:00:00.000,092741,SWISS FRANC,40155,13275,12575,676,1911,12741,10099,537,0,12104,14748
2012-04-24T00:00:00.000,096742,BRITISH POUND,173368,87043,29109,8991,46521,32026,67526,2444,3324,35720,19744
2012-04-24T00:00:00.000,097741,JAPANESE YEN,137636,13629,63317,65856,9885,45075,18731,508,2697,10904,41342
2012-04-24T00:00:00.000,098662,USD INDEX,43144,10156,18150,2155,0,15180,20100,4814,420,9203,2838
2012-04-24T00:00:00.000,099741,EURO FX,287215,50397,134506,26707,46194,163420,13891,6049,16071,30148,66059
2012-04-24T00:00:00.000,112741,NZ DOLLAR,19126,12207,3943,550,109,1992,13136,537,338,3737,1497
2012-04-24T00:00:00.000,232741,AUSTRALIAN DOLLAR,146739,78241,49136,2638,42808,36843,30853,1618,630,25086,20999
2012-05-01T00:00:00.000,090741,CANADIAN DOLLAR,163036,72304,43962,19465,34084,9057,64509,10012,609,49273,16947
2012-05-01T00:00:00.000,092741,SWISS FRANC,41657,13909,12323,840,1495,12369,13157,537,0,13268,13948
2012-05-01T00:00:00.000,096742,BRITISH POUND,188288,98985,26567,9328,46182,29888,86379,2424,3983,40687,18201
2012-05-01T00:00:00.000,097741,JAPANESE YEN,140349,13797,60418,65833,9085,46725,23036,554,1658,11849,44561
2012-05-01T00:00:00.000,098662,USD INDEX,45539,13117,19470,2117,1439,15304,19746,7670,1156,5777,2174
2012-05-01T00:00:00.000,099741,EURO FX,279605,49337,129999,27734,45440,153942,13442,6398,12524,30878,66884
2012-05-01T00:00:00.000,112741,NZ DOLLAR,19815,11931,3275,392,0,2561,14657,531,338,4233,1378
2012-05-01T00:00:00.000,232741,AUSTRALIAN DOLLAR,147749,85821,48911,2875,42417,25998,32554,1098,2408,29349,18851
2012-05-08T00:00:00.000,090741,CANADIAN DOLLAR,148415,59968,37296,20362,34054,11756,49483,10618,2105,42169,21935
2012-05-08T00:00:00.000,092741,SWISS FRANC,45717,15343,13865,831,1498,16658,8446,1583,410,10754,20950
2012-05-08T00:00:00.000,096742,BRITISH POUND,199801,111188,25692,9598,46638,6297,98554,24199,3494,41864,18768
2012-05-08T00:00:00.000,097741,JAPANESE YEN,141842,13117,52164,64759,9659,37786,33279,10867,2768,14068,42727
2012-05-08T00:00:00.000,098662,USD INDEX,45996,14387,21606,2165,987,15347,19779,7009,508,5674,1702
2012-05-08T00:00:00.000,099741,EURO FX,321037,60165,166483,27255,46974,137440,15040,56150,13611,30969,69871
2012-05-08T00:00:00.000,112741,NZ DOLLAR,17969,9968,5718,385,100,2495,9006,2173,448,2729,2478
2012-05-08T00:00:00.000,232741,AUSTRALIAN DOLLAR,152108,70182,60528,2183,42837,54157,21273,1995,1142,21644,24381
2012-05-15T00:00:00.000,090741,CANADIAN DOLLAR,140173,58687,43866,20572,34040,13420,38730,8962,516,36172,20661
2012-05-15T00:00:00.000,092741,SWISS FRANC,63543,22490,28062,831,1494,25063,6087,4678,446,10039,27012
2012-05-15T00:00:00.000,096742,BRITISH POUND,199270,114950,24377,10308,47347,4210,99820,23869,3494,39037,17336
2012-05-15T00:00:00.000,097741,JAPANESE YEN,139275,15517,46525,63052,10195,35173,36564,11202,2367,13042,42335
2012-05-15T00:00:00.000,098662,USD INDEX,59379,26410,32981,4075,0,13799,23239,8342,651,5860,1615
2012-05-15T00:00:00.000,099741,EURO FX,356674,72382,194983,28384,46204,159029,14594,55805,13855,29968,75932
2012-05-15T00:00:00.000,112741,NZ DOLLAR,17263,7320,7935,402,0,4093,6853,2771,462,2515,1851
2012-05-15T00:00:00.000,232741,AUSTRALIAN DOLLAR,144001,50390,55604,1935,43535,68956,16526,2115,1382,18815,25164
2012-05-22T00:00:00.000,090741,CANADIAN DOLLAR,130992,50338,47936,20670,34010,14921,21927,8342,35,34490,24853
2012-05-22T00:00:00.000,092741,SWISS FRANC,71832,23864,34594,813,1459,32664,6278,5407,446,8571,28542
2012-05-22T00:00:00.000,096742,BRITISH POUND,184497,92449,21642,9843,36681,20970,92097,25883,3564,26551,21712
2012-05-22T00:00:00.000,097741,JAPANESE YEN,142168,16839,42473,62700,9844,33944,44695,11007,2387,15314,40405
2012-05-22T00:00:00.000,098662,USD INDEX,74493,42631,34459,5863,63,14063,36893,5107,710,6011,1550
2012-05-22T00:00:00.000,099741,EURO FX,376708,68915,216214,27194,41543,178530,17772,56122,11896,31085,74421
2012-05-22T00:00:00.000,112741,NZ DOLLAR,21439,7433,11528,211,130,8373,5806,3799,608,1623,3367
2012-05-22T00:00:00.000,232741,AUSTRALIAN DOLLAR,139963,29340,52448,1659,45270,85293,11727,3277,1851,18993,27266
2012-05-29T00:00:00.000,090741,CANADIAN DOLLAR,126626,40767,42445,20853,34421,20864,19282,8394,144,31690,26276
2012-05-29T00:00:00.000,092741,SWISS FRANC,71895,25456,33142,912,1463,32939,6473,4944,427,7091,29837
2012-05-29T00:00:00.000,096742,BRITISH POUND,181435,81683,24514,9697,35788,28472,84854,27398,3963,24400,22531
2012-05-29T00:00:00.000,097741,JAPANESE YEN,140684,17918,38537,62797,9937,31944,49238,10344,2446,15236,38081
2012-05-29T00:00:00.000,098662,USD INDEX,76744,43230,27958,5951,0,14220,45834,5546,468,6901,1588
2012-05-29T00:00:00.000,099741,EURO FX,394160,75361,227687,27436,42268,186762,18128,56119,14112,32852,76335
2012-05-29T00:00:00.000,112741,NZ DOLLAR,21453,6781,11611,0,298,9065,5387,3769,722,1680,3277
2012-05-29T00:00:00.000,232741,AUSTRALIAN DOLLAR,142616,14045,55860,1824,44995,106916,8967,3642,2063,14526,29068
2012-06-05T00:00:00.000,090741,CANADIAN DOLLAR,137391,31139,42858,22362,34461,32760,18424,8674,1616,32916,30492
2012-06-05T00:00:00.000,092741,SWISS FRANC,71967,22615,34643,1133,1463,35039,6543,5074,425,7389,28176
2012-06-05T00:00:00.000,096742,BRITISH POUND,184583,78194,29033,9349,36913,37064,65295,28902,6045,16404,32627
2012-06-05T00:00:00.000,097741,JAPANESE YEN,169663,33970,47536,61841,8715,31069,66944,10132,2497,24130,35450
2012-06-05T00:00:00.000,098662,USD INDEX,80104,46969,30550,6175,153,15264,45953,3671,785,6924,1562
2012-06-05T00:00:00.000,099741,EURO FX,401812,74691,234828,30689,42554,194354,17632,53822,13876,31022,75688
2012-06-05T00:00:00.000,112741,NZ DOLLAR,21530,6979,11712,0,277,8903,5377,3900,763,1596,3249
2012-06-05T00:00:00.000,232741,AUSTRALIAN DOLLAR,158833,10509,68429,2396,44816,122667,9393,4216,2448,13027,27729
2012-06-12T00:00:00.000,090741,CANADIAN DOLLAR,135037,21193,31955,21571,34325,33296,19686,9819,1216,30582,29279
2012-06-12T00:00:00.000,092741,SWISS FRANC,92023,20631,31922,1608,1458,35135,8797,5051,401,7931,27778
2012-06-12T00:00:00.000,096742,BRITISH POUND,178648,58453,39748,10977,35759,46779,50356,29289,4394,16323,31564
2012-06-12T00:00:00.000,097741,JAPANESE YEN,174278,34962,48344,62267,8263,36260,66701,9498,3094,18074,34659
2012-06-12T00:00:00.000,098662,USD INDEX,81310,46716,29179,6972,0,14853,48303,4409,444,6399,1423
2012-06-12T00:00:00.000,099741,EURO FX,422131,77328,217739,31536,41391,169482,18769,51714,12916,31653,70898
2012-06-12T00:00:00.000,112741,NZ DOLLAR,27485,6795,10500,0,377,7817,5513,3966,542,1822,3468
2012-06-12T00:00:00.000,232741,AUSTRALIAN DOLLAR,195475,19713,70717,2144,45157,117637,9685,3265,2627,14168,28741
2012-06-19T00:00:00.000,090741,CANADIAN DOLLAR,131671,16264,31863,21587,34883,36466,19730,10452,1208,29334,26419
2012-06-19T00:00:00.000,092741,SWISS FRANC,55756,27850,23139,2058,1848,17171,7976,1141,0,7269,22526
2012-06-19T00:00:00.000,096742,BRITISH POUND,121624,52178,39600,9786,34677,20785,3499,11108,4024,16519,28576
2012-06-19T00:00:00.000,097741,JAPANESE YEN,123868,41708,35047,61007,8122,2192,28348,500,19427,17481,31944
2012-06-19T00:00:00.000,098662,USD INDEX,69963,36894,37015,6731,0,14573,29789,4597,502,5688,1177
2012-06-19T00:00:00.000,099741,EURO FX,311933,67141,182918,37306,36896,107732,10283,61678,8597,31406,66569
2012-06-19T00:00:00.000,112741,NZ DOLLAR,12612,3372,5096,102,455,6380,3637,297,834,2312,2441
2012-06-19T00:00:00.000,232741,AUSTRALIAN DOLLAR,130234,50151,42157,2144,44680,56667,14879,5133,2810,14968,24537
2012-06-26T00:00:00.000,090741,CANADIAN DOLLAR,95821,11984,18350,21014,34358,19207,6513,9849,781,27260,29312
2012-06-26T00:00:00.000,092741,SWISS FRANC,52447,22844,20853,2053,1465,18769,8072,1171,0,7362,21809
2012-06-26T00:00:00.000,096742,BRITISH POUND,114561,53451,26533,9747,34459,14205,10327,10203,3651,16148,28784
2012-06-26T00:00:00.000,097741,JAPANESE YEN,123247,40675,43590,59386,8242,8689,15111,531,18595,13175,36918
2012-06-26T00:00:00.000,098662,USD INDEX,66742,32089,34734,6608,0,13977,29501,5933,75,6754,1051
2012-06-26T00:00:00.000,099741,EURO FX,315785,59653,184323,48500,36575,107831,8620,61279,10205,31954,69494
2012-06-26T00:00:00.000,112741,NZ DOLLAR,16601,6308,4600,240,397,6704,8023,507,1249,2693,2183
2012-06-26T00:00:00.000,232741,AUSTRALIAN DOLLAR,122384,49167,39979,2139,45120,47805,12551,4219,2269,17821,21232
2012-07-03T00:00:00.000,090741,CANADIAN DOLLAR,93160,7773,14523,20510,34259,20455,9013,8945,340,29095,28643
2012-07-03T00:00:00.000,092741,SWISS FRANC,53322,23438,22653,1954,1464,19172,8102,1171,0,7238,20754
2012-07-03T00:00:00.000,096742,BRITISH POUND,108208,43629,26848,9415,33614,16658,5362,10762,3664,16695,27671
2012-07-03T00:00:00.000,097741,JAPANESE YEN,117403,33291,38393,58798,7667,9493,16444,953,18088,14041,35984
2012-07-03T00:00:00.000,098662,USD INDEX,65041,32822,33107,5797,100,13661,28619,5295,366,6063,1446
2012-07-03T00:00:00.000,099741,EURO FX,302289,61617,162223,49586,37213,92856,16184,58506,11751,31947,67141
2012-07-03T00:00:00.000,112741,NZ DOLLAR,20483,10875,5244,427,261,5421,11739,297,1265,3329,1840
2012-07-03T00:00:00.000,232741,AUSTRALIAN DOLLAR,125706,58816,38531,2440,44438,40663,14869,3516,2427,17391,22561
2012-07-10T00:00:00.000,090741,CANADIAN DOLLAR,100606,10753,21923,20868,34297,24194,8182,8656,568,28854,28355
2012-07-10T00:00:00.000,092741,SWISS FRANC,58117,23962,21587,1954,1539,22276,8786,1171,0,8550,26001
2012-07-10T00:00:00.000,096742,BRITISH POUND,117616,37140,32922,8832,33593,29599,3385,11717,3362,17893,31919
2012-07-10T00:00:00.000,097741,JAPANESE YEN,115522,29471,29682,59183,7740,9588,24120,601,17840,15618,35079
2012-07-10T00:00:00.000,098662,USD INDEX,64925,31790,28521,5903,60,13408,33364,5574,370,6890,1250
2012-07-10T00:00:00.000,099741,EURO FX,326374,70787,190991,39588,37697,111492,8007,60593,9006,35572,72331
2012-07-10T00:00:00.000,112741,NZ DOLLAR,22356,12973,5683,210,232,5011,13635,297,1064,3731,1608
2012-07-10T00:00:00.000,232741,AUSTRALIAN DOLLAR,121235,63571,31931,2473,43553,31839,16217,2609,3070,18035,23756
2012-07-17T00:00:00.000,090741,CANADIAN DOLLAR,103963,8766,25729,20914,34358,28639,7391,9087,964,28908,27872
2012-07-17T00:00:00.000,092741,SWISS FRANC,62836,24356,27393,1954,1543,26759,8550,1171,0,8389,25143
2012-07-17T00:00:00.000,096742,BRITISH POUND,116976,33744,32729,8859,33508,32850,4185,11821,2757,16780,30875
2012-07-17T00:00:00.000,097741,JAPANESE YEN,121806,33249,30816,61307,8205,8340,28932,601,17724,17059,34879
2012-07-17T00:00:00.000,098662,USD INDEX,68675,32918,27131,6626,69,13993,37777,6216,392,6740,1124
2012-07-17T00:00:00.000,099741,EURO FX,323228,66581,185076,32308,38595,119716,9307,59537,9207,34673,70630
2012-07-17T00:00:00.000,112741,NZ DOLLAR,23328,12962,3788,100,205,6376,16266,297,840,3459,2095
2012-07-17T00:00:00.000,232741,AUSTRALIAN DOLLAR,122934,60611,33858,2598,43810,33658,15945,2866,3129,20941,23932
2012-07-24T00:00:00.000,090741,CANADIAN DOLLAR,111062,14591,32799,20784,34451,30762,6253,9446,1990,27371,27461
2012-07-24T00:00:00.000,092741,SWISS FRANC,64375,23249,28946,1954,1552,28928,8562,1171,0,8790,25032
2012-07-24T00:00:00.000,096742,BRITISH POUND,116143,29131,31550,8844,33595,36869,2945,10998,3294,15562,30020
2012-07-24T00:00:00.000,097741,JAPANESE YEN,139033,48211,31494,62855,8270,4910,46061,601,19550,20880,32082
2012-07-24T00:00:00.000,098662,USD INDEX,69554,34675,27954,6695,84,13982,37970,4830,191,7097,1080
2012-07-24T00:00:00.000,099741,EURO FX,324443,72892,181375,30060,39076,111009,9350,62655,10101,33118,69832
2012-07-24T00:00:00.000,112741,NZ DOLLAR,23206,13000,3473,0,101,6529,15727,556,1662,2987,2109
2012-07-24T00:00:00.000,232741,AUSTRALIAN DOLLAR,131295,76021,34427,2864,43740,25047,23858,3117,4774,22424,22674
2012-07-31T00:00:00.000,090741,CANADIAN DOLLAR,101082,19031,18463,18192,34021,14354,13551,9798,5605,32733,22468
2012-07-31T00:00:00.000,092741,SWISS FRANC,59536,21356,22283,1938,1554,26575,11810,1171,0,8262,23655
2012-07-31T00:00:00.000,096742,BRITISH POUND,110770,30710,31545,10041,30721,26291,3234,11543,2754,16986,27317
2012-07-31T00:00:00.000,097741,JAPANESE YEN,144095,51404,29278,62761,7430,3921,54035,601,18331,23674,33287
2012-07-31T00:00:00.000,098662,USD INDEX,66186,32870,25209,5833,70,14469,37198,4746,241,5975,1175
2012-07-31T00:00:00.000,099741,EURO FX,311436,74744,167704,30822,37342,97695,14994,60388,9891,32713,66431
2012-07-31T00:00:00.000,112741,NZ DOLLAR,24967,15913,3408,115,101,4485,18763,297,724,3971,1785
2012-07-31T00:00:00.000,232741,AUSTRALIAN DOLLAR,144498,88730,36029,3018,43270,21855,36652,1387,5534,27507,21012
2012-08-07T00:00:00.000,090741,CANADIAN DOLLAR,109258,33131,22718,18575,33850,9218,18729,8600,7658,33961,20530
2012-08-07T00:00:00.000,092741,SWISS FRANC,56379,22848,22936,1938,1556,21040,12013,1171,0,9146,19638
2012-08-07T00:00:00.000,096742,BRITISH POUND,115125,27832,33878,9961,30071,31957,4150,12743,2658,17069,28805
2012-08-07T00:00:00.000,097741,JAPANESE YEN,148998,52507,34267,62607,7581,7955,52459,501,18020,23506,34749
2012-08-07T00:00:00.000,098662,USD INDEX,65933,33423,24690,5159,95,14206,37098,5185,271,5603,1422
2012-08-07T00:00:00.000,099741,EURO FX,322243,79789,163508,31395,38084,100275,26476,61134,12342,34067,66250
2012-08-07T00:00:00.000,112741,NZ DOLLAR,28945,20144,3373,240,124,3746,22765,297,829,4375,1711
2012-08-07T00:00:00.000,232741,AUSTRALIAN DOLLAR,162436,103870,34569,3353,42715,22049,54161,500,7637,31088,21778
2012-08-14T00:00:00.000,090741,CANADIAN DOLLAR,123658,43297,24445,18704,33700,8388,28224,7435,8510,38995,21940
2012-08-14T00:00:00.000,092741,SWISS FRANC,56773,22217,23284,1938,1556,22389,12375,1171,0,8822,19322
2012-08-14T00:00:00.000,096742,BRITISH POUND,114042,32634,32265,10091,29681,23625,6005,12734,2658,20215,28690
2012-08-14T00:00:00.000,097741,JAPANESE YEN,151036,52752,30159,62536,7474,9225,55665,1072,17606,23460,38141
2012-08-14T00:00:00.000,098662,USD INDEX,62579,30493,21113,4413,117,13889,37138,5540,396,5860,1431
2012-08-14T00:00:00.000,099741,EURO FX,321568,75938,166782,32094,40058,102882,23614,60716,11101,33499,63574
2012-08-14T00:00:00.000,112741,NZ DOLLAR,30100,20515,3462,530,0,3942,23633,410,781,4221,1742
2012-08-14T00:00:00.000,232741,AUSTRALIAN DOLLAR,176287,117372,36952,3669,42553,21358,65432,520,8033,31772,21721
2012-08-21T00:00:00.000,090741,CANADIAN DOLLAR,150410,62364,37568,21188,33207,7031,42076,8323,9651,44471,20875
2012-08-21T00:00:00.000,092741,SWISS FRANC,54619,18378,19945,2027,1606,21417,11932,1091,0,11250,20680
2012-08-21T00:00:00.000,096742,BRITISH POUND,118550,42976,29629,10226,31352,16827,12282,10199,4287,25027,27705
2012-08-21T00:00:00.000,097741,JAPANESE YEN,141458,42689,29129,62471,7069,14903,44565,969,17448,18079,40900
2012-08-21T00:00:00.000,098662,USD INDEX,65398,33588,23163,3958,104,13484,37035,6084,763,5686,1735
2012-08-21T00:00:00.000,099741,EURO FX,321166,78048,158777,31204,38006,94477,32974,60381,10842,39808,63319
2012-08-21T00:00:00.000,112741,NZ DOLLAR,31984,22324,3742,438,116,3884,24773,280,854,4429,1870
2012-08-21T00:00:00.000,232741,AUSTRALIAN DOLLAR,195293,133075,35473,5163,43029,20577,85232,700,7829,32942,20894
2012-08-28T00:00:00.000,090741,CANADIAN DOLLAR,163842,74695,36982,22060,33094,6862,54533,8879,10919,44199,21167
2012-08-28T00:00:00.000,092741,SWISS FRANC,55426,19860,20382,2053,1640,19976,14344,1571,2609,11475,15960
2012-08-28T00:00:00.000,096742,BRITISH POUND,117034,46330,29407,10686,31788,9963,13735,7669,3859,27860,23719
2012-08-28T00:00:00.000,097741,JAPANESE YEN,149444,50253,30438,62834,8025,11519,56070,501,18690,21881,33765
2012-08-28T00:00:00.000,098662,USD INDEX,64880,35395,21828,2267,120,13858,37205,6215,1089,4432,1925
2012-08-28T00:00:00.000,099741,EURO FX,311925,77494,134983,31759,40053,88263,44591,59439,11256,37843,63915
2012-08-28T00:00:00.000,112741,NZ DOLLAR,31374,20932,4166,330,100,5360,23914,278,711,3739,1748
2012-08-28T00:00:00.000,232741,AUSTRALIAN DOLLAR,190631,131215,40156,3913,44300,22297,79482,1021,4693,30333,20148
2012-09-04T00:00:00.000,090741,CANADIAN DOLLAR,171278,77396,32155,23490,32846,6952,62384,9254,10336,44407,23778
2012-09-04T00:00:00.000,092741,SWISS FRANC,55949,17257,20645,2031,1633,20495,14710,1571,2609,13417,15174
2012-09-04T00:00:00.000,096742,BRITISH POUND,133755,52577,36514,10918,32406,8604,15723,7369,3218,34258,25865
2012-09-04T00:00:00.000,097741,JAPANESE YEN,152452,51490,29757,62141,8283,10668,61601,501,18636,24237,30760
2012-09-04T00:00:00.000,098662,USD INDEX,65008,35789,20579,1749,209,13999,36677,5539,1604,4991,2998
2012-09-04T00:00:00.000,099741,EURO FX,314363,77709,134605,31275,42113,87438,45843,60647,12026,38929,61411
2012-09-04T00:00:00.000,112741,NZ DOLLAR,25393,14802,3668,244,0,6056,18352,460,706,3179,2015
2012-09-04T00:00:00.000,232741,AUSTRALIAN DOLLAR,189241,121081,44085,3656,44192,28476,68660,2109,4392,28640,22633
2012-09-11T00:00:00.000,090741,CANADIAN DOLLAR,254598,105231,48702,22534,32990,6445,76853,9360,12288,49283,22020
2012-09-11T00:00:00.000,092741,SWISS FRANC,58031,17728,20389,2107,1602,20494,16408,1091,3204,13553,13370
2012-09-11T00:00:00.000,096742,BRITISH POUND,181682,69679,42624,10331,33405,7317,32095,6650,5022,40070,20901
2012-09-11T00:00:00.000,097741,JAPANESE YEN,176618,57345,31793,64586,6336,7588,65464,501,19001,30046,37472
2012-09-11T00:00:00.000,098662,USD INDEX,72175,44459,26851,1456,790,13595,36602,5600,1718,3889,3038
2012-09-11T00:00:00.000,099741,EURO FX,332637,72242,126460,33993,36884,87507,59765,58139,9347,43134,62559
2012-09-11T00:00:00.000,112741,NZ DOLLAR,27152,12772,3902,222,0,4559,16252,297,330,4667,2033
2012-09-11T00:00:00.000,232741,AUSTRALIAN DOLLAR,218910,117027,34974,3477,44329,21547,65103,490,4645,29676,23166
2012-09-18T00:00:00.000,090741,CANADIAN DOLLAR,296999,117438,58425,22500,33125,9922,80013,9421,14575,48147,21290
2012-09-18T00:00:00.000,092741,SWISS FRANC,38449,11958,15304,2098,1657,6384,9606,3532,0,14301,11706
2012-09-18T00:00:00.000,096742,BRITISH POUND,151305,78710,35272,11076,31212,4026,34513,2684,18439,40714,17774
2012-09-18T00:00:00.000,097741,JAPANESE YEN,128862,39179,28571,62979,6742,1585,43445,501,15439,22677,32724
2012-09-18T00:00:00.000,098662,USD INDEX,40481,18161,24321,1307,3303,13108,5953,2802,2260,3164,2705
2012-09-18T00:00:00.000,099741,EURO FX,234394,37233,107860,40817,35065,77631,9164,22873,12882,43282,56865
2012-09-18T00:00:00.000,112741,NZ DOLLAR,29331,21576,5395,414,0,1390,20340,647,1315,4733,1710
2012-09-18T00:00:00.000,232741,AUSTRALIAN DOLLAR,174458,117199,51806,3670,43622,18203,52570,987,4065,32494,20490
2012-09-25T00:00:00.000,090741,CANADIAN DOLLAR,210066,111861,48940,22855,33115,12010,98872,9449,6189,48919,17978
2012-09-25T00:00:00.000,092741,SWISS FRANC,37328,11899,12328,2098,2383,4848,12713,3205,0,15102,9728
2012-09-25T00:00:00.000,096742,BRITISH POUND,172103,99227,33147,10912,31310,4053,57597,1598,20521,43492,16707
2012-09-25T00:00:00.000,097741,JAPANESE YEN,137692,44514,27316,61377,7384,4479,48391,501,18327,25310,34763
2012-09-25T00:00:00.000,098662,USD INDEX,47992,25539,31510,1582,4336,13229,5115,2749,2243,2980,2875
2012-09-25T00:00:00.000,099741,EURO FX,218363,44036,97519,42770,32832,54280,14405,21951,8795,43670,53156
2012-09-25T00:00:00.000,112741,NZ DOLLAR,32787,24298,5054,233,0,1613,23560,590,1693,5295,1722
2012-09-25T00:00:00.000,232741,AUSTRALIAN DOLLAR,178886,119230,50185,3065,42549,18198,58300,1229,3710,35005,21983
2012-10-02T00:00:00.000,090741,CANADIAN DOLLAR,196895,102899,40119,23147,32996,12047,96875,9217,5309,45218,17229
2012-10-02T00:00:00.000,092741,SWISS FRANC,37313,10973,11514,2156,2502,4963,13330,3198,0,15857,9801
2012-10-02T00:00:00.000,096742,BRITISH POUND,177746,106481,36609,9970,31027,3941,60640,1240,19398,43590,17548
2012-10-02T00:00:00.000,097741,JAPANESE YEN,141693,49486,26474,59847,7006,4135,56501,720,17393,26268,33082
2012-10-02T00:00:00.000,098662,USD INDEX,45193,21491,29000,1487,4619,12892,4922,4089,1717,2776,2477
2012-10-02T00:00:00.000,099741,EURO FX,217516,38032,92646,46411,34001,52847,16982,24079,8375,43132,52497
2012-10-02T00:00:00.000,112741,NZ DOLLAR,34171,26487,5037,245,0,1492,24940,314,1844,5191,1908
2012-10-02T00:00:00.000,232741,AUSTRALIAN DOLLAR,162699,98108,52005,3167,42525,26886,42578,1076,3582,31483,20030
2012-10-09T00:00:00.000,090741,CANADIAN DOLLAR,192593,96257,37634,23345,33178,12449,92078,9954,5296,45121,18940
2012-10-09T00:00:00.000,092741,SWISS FRANC,35264,9604,9146,2560,2497,5734,11515,3205,0,13992,11937
2012-10-09T00:00:00.000,096742,BRITISH POUND,161457,92854,28610,10420,31770,6404,50572,1169,19215,37334,18014
2012-10-09T00:00:00.000,097741,JAPANESE YEN,127442,39049,24788,59991,6863,5996,43193,510,16901,20111,33912
2012-10-09T00:00:00.000,098662,USD INDEX,42452,19341,25876,1382,4919,11645,4922,4443,1869,3370,2595
2012-10-09T00:00:00.000,099741,EURO FX,227541,26231,99825,47852,35121,69129,21096,30812,8154,41851,51679
2012-10-09T00:00:00.000,112741,NZ DOLLAR,30497,22318,5441,297,0,1570,21164,467,1603,5428,1872
2012-10-09T00:00:00.000,232741,AUSTRALIAN DOLLAR,162802,78854,54595,2772,43532,49383,35094,512,2505,28553,24348
2012-10-16T00:00:00.000,090741,CANADIAN DOLLAR,189466,96682,39561,22998,33262,13604,89329,8046,4912,43662,17928
2012-10-16T00:00:00.000,092741,SWISS FRANC,36487,8217,9681,2569,2503,5001,13415,3323,0,17211,10722
2012-10-16T00:00:00.000,096742,BRITISH POUND,164454,92661,31346,10023,33421,8038,50830,1169,19714,41259,17839
2012-10-16T00:00:00.000,097741,JAPANESE YEN,131343,41169,27691,59565,7043,9984,41337,500,17534,18161,35774
2012-10-16T00:00:00.000,098662,USD INDEX,45816,21513,29045,1247,5068,11228,4940,5787,1508,3681,2895
2012-10-16T00:00:00.000,099741,EURO FX,219809,26553,83924,50176,35189,59924,25449,29200,7330,43302,57263
2012-10-16T00:00:00.000,112741,NZ DOLLAR,29486,21773,4947,612,252,1369,20725,607,1605,4753,1585
2012-10-16T00:00:00.000,232741,AUSTRALIAN DOLLAR,162167,77809,55550,2764,43219,49705,35179,2307,2883,27400,23154
2012-10-23T00:00:00.000,090741,CANADIAN DOLLAR,178102,91142,36571,21800,33711,15303,79826,7986,4892,37441,18672
2012-10-23T00:00:00.000,092741,SWISS FRANC,36769,8284,6894,2564,2544,5598,16272,3624,0,16170,10530
2012-10-23T00:00:00.000,096742,BRITISH POUND,155791,90872,31791,9217,34203,9824,37381,2839,17088,30564,22853
2012-10-23T00:00:00.000,097741,JAPANESE YEN,137135,37698,38527,58799,6808,24925,26351,817,16443,12858,46968
2012-10-23T00:00:00.000,098662,USD INDEX,43793,18651,24952,1313,5669,10940,5667,6710,2183,4071,3214
2012-10-23T00:00:00.000,099741,EURO FX,216842,21990,80808,53659,35177,61563,26861,28756,8776,41897,56243
2012-10-23T00:00:00.000,112741,NZ DOLLAR,29136,22004,4636,614,252,1406,20415,372,1449,4466,2110
2012-10-23T00:00:00.000,232741,AUSTRALIAN DOLLAR,168663,79995,55509,2693,43615,50480,40898,5197,2282,26645,22706
2012-10-30T00:00:00.000,090741,CANADIAN DOLLAR,167010,78547,33709,21425,33630,14587,73218,9151,4352,38747,17548
2012-10-30T00:00:00.000,092741,SWISS FRANC,37591,9309,8116,2561,2533,5571,15837,4556,0,15319,10830
2012-10-30T00:00:00.000,096742,BRITISH POUND,163917,96347,30008,9598,33547,8901,48638,1190,18466,35374,20751
2012-10-30T00:00:00.000,097741,JAPANESE YEN,147135,40113,53116,58014,7101,35372,19166,500,15055,11277,50838
2012-10-30T00:00:00.000,098662,USD INDEX,41026,14813,23656,1747,5295,10337,5735,7708,745,3849,3023
2012-10-30T00:00:00.000,099741,EURO FX,221524,22100,81918,52596,35615,66884,26524,29829,10410,41205,58147
2012-10-30T00:00:00.000,112741,NZ DOLLAR,31020,23533,4450,736,252,1515,22063,173,1695,4472,1969
2012-10-30T00:00:00.000,232741,AUSTRALIAN DOLLAR,174957,88207,57737,3294,43460,43651,46548,4736,2496,32528,22175
2012-11-06T00:00:00.000,090741,CANADIAN DOLLAR,166422,74280,32817,21100,33604,22949,71078,8013,5246,35552,19149
2012-11-06T00:00:00.000,092741,SWISS FRANC,40311,14033,11533,2529,2535,7036,11126,5027,0,11362,14793
2012-11-06T00:00:00.000,096742,BRITISH POUND,164481,97058,33862,9666,33307,8998,44258,1739,17905,33920,22049
2012-11-06T00:00:00.000,097741,JAPANESE YEN,161552,44870,63066,55916,7309,47821,19213,1067,15043,9796,54839
2012-11-06T00:00:00.000,098662,USD INDEX,36758,9470,21106,1832,4248,10194,5729,10673,529,2075,2632
2012-11-06T00:00:00.000,099741,EURO FX,227725,27499,90155,51388,40111,71806,18298,31715,12658,36650,57836
2012-11-06T00:00:00.000,112741,NZ DOLLAR,35323,27051,5566,835,252,1542,25174,289,1942,5153,1936
2012-11-06T00:00:00.000,232741,AUSTRALIAN DOLLAR,178421,95548,55835,3728,43453,34929,52864,4767,2616,37131,21335
2012-11-13T00:00:00.000,090741,CANADIAN DOLLAR,168339,66063,31186,22528,33482,31023,73559,7840,5124,36066,20169
2012-11-13T00:00:00.000,092741,SWISS FRANC,46940,16897,17464,1631,2588,11611,10146,6127,519,10369,15918
2012-11-13T00:00:00.000,096742,BRITISH POUND,149173,81870,33786,10040,34083,10688,33203,1168,13897,32531,21328
2012-11-13T00:00:00.000,097741,JAPANESE YEN,155931,40246,51350,55485,8038,44741,25662,1184,17374,11942,51174
2012-11-13T00:00:00.000,098662,USD INDEX,38393,12500,21539,1917,3725,9857,7414,7896,663,3611,2440
2012-11-13T00:00:00.000,099741,EURO FX,231660,26746,102124,47601,39840,77535,10475,30815,11908,38801,57151
2012-11-13T00:00:00.000,112741,NZ DOLLAR,33252,26271,5013,573,252,1489,23594,299,2137,4319,1955
2012-11-13T00:00:00.000,232741,AUSTRALIAN DOLLAR,183439,102457,57604,3177,43318,35226,51798,5572,3560,34598,24750
2012-11-20T00:00:00.000,090741,CANADIAN DOLLAR,169517,62483,32592,23522,33513,35795,72495,8268,4671,34635,21432
2012-11-20T00:00:00.000,092741,SWISS FRANC,46210,14453,17090,1601,2809,11689,10146,6149,567,12043,15323
2012-11-20T00:00:00.000,096742,BRITISH POUND,150722,78450,41112,10022,35127,16511,26541,1679,13506,29770,20146
2012-11-20T00:00:00.000,097741,JAPANESE YEN,180979,45380,74896,55823,8946,61839,18454,2650,18022,12454,57828
2012-11-20T00:00:00.000,098662,USD INDEX,39211,14122,21420,2044,3523,9448,7701,7741,2035,3443,2119
2012-11-20T00:00:00.000,099741,EURO FX,232328,23229,104356,45736,39224,86504,10436,29188,12076,37762,56327
2012-11-20T00:00:00.000,112741,NZ DOLLAR,29757,22921,3951,846,124,1307,20672,140,2215,4012,2264
2012-11-20T00:00:00.000,232741,AUSTRALIAN DOLLAR,180364,101482,59754,3106,43621,34824,48396,4612,3111,33082,22224
2012-11-27T00:00:00.000,090741,CANADIAN DOLLAR,170497,62530,31904,23817,33579,34427,75312,7431,3593,37275,21092
2012-11-27T00:00:00.000,092741,SWISS FRANC,42767,12169,11970,1592,2810,8134,15103,4119,0,16507,12638
2012-11-27T00:00:00.000,096742,BRITISH POUND,157701,82507,38920,10173,33539,13980,36318,2055,17222,34711,17427
2012-11-27T00:00:00.000,097741,JAPANESE YEN,208130,53361,100835,55601,10267,82163,16667,1366,16817,12134,60039
2012-11-27T00:00:00.000,098662,USD INDEX,35530,10370,18823,2012,3421,9761,7676,7188,689,3653,2375
2012-11-27T00:00:00.000,099741,EURO FX,210234,18908,80275,44738,40923,70090,12178,25188,12709,40545,53384
2012-11-27T00:00:00.000,112741,NZ DOLLAR,31901,24173,3268,965,124,1307,23759,280,2297,4487,1764
2012-11-27T00:00:00.000,232741,AUSTRALIAN DOLLAR,196520,119338,66816,4480,44175,28065,54698,3366,3934,38074,23700
2012-12-04T00:00:00.000,090741,CANADIAN DOLLAR,167343,57094,30520,23349,16409,31804,89544,6619,4645,40663,18411
2012-12-04T00:00:00.000,092741,SWISS FRANC,44798,10330,11811,1568,2764,8327,17766,2798,0,18718,9400
2012-12-04T00:00:00.000,096742,BRITISH POUND,178749,98498,38809,22218,31449,10018,68866,2318,18997,40724,15655
2012-12-04T00:00:00.000,097741,JAPANESE YEN,220982,53597,103347,53754,10416,87287,14005,1555,17534,13426,64317
2012-12-04T00:00:00.000,098662,USD INDEX,43191,15699,22290,1820,4544,9898,6874,7811,1515,3144,3149
2012-12-04T00:00:00.000,099741,EURO FX,217546,29764,66642,46704,39642,54488,31265,24799,11317,46829,53718
2012-12-04T00:00:00.000,112741,NZ DOLLAR,32167,23763,2469,871,0,1564,24587,295,1803,4708,2342
2012-12-04T00:00:00.000,232741,AUSTRALIAN DOLLAR,212072,132421,67119,4364,43367,20722,59065,2824,4425,37368,23723
2012-12-11T00:00:00.000,090741,CANADIAN DOLLAR,178087,63739,31663,23765,16871,29495,94742,7671,5768,42964,18590
2012-12-11T00:00:00.000,092741,SWISS FRANC,48835,10272,9230,1568,2773,9982,19496,2110,0,16966,9399
2012-12-11T00:00:00.000,096742,BRITISH POUND,183628,98416,34944,22357,31470,12040,72750,3418,19648,41055,18474
2012-12-11T00:00:00.000,097741,JAPANESE YEN,267582,50058,103805,54568,9774,83628,15115,565,16010,15993,60108
2012-12-11T00:00:00.000,098662,USD INDEX,48730,21170,29590,1783,4774,9302,7370,9273,834,2836,1796
2012-12-11T00:00:00.000,099741,EURO FX,241932,36377,66223,44929,41903,56046,45560,29317,10008,47413,50388
2012-12-11T00:00:00.000,112741,NZ DOLLAR,41381,28489,5174,629,0,1624,27885,430,2104,6225,2234
2012-12-11T00:00:00.000,232741,AUSTRALIAN DOLLAR,229394,136641,58324,4375,43713,20817,68616,1845,7859,38554,23720
2012-12-18T00:00:00.000,090741,CANADIAN DOLLAR,219922,71014,20517,23407,18453,20818,103904,7335,7246,45471,17925
2012-12-18T00:00:00.000,092741,SWISS FRANC,43412,16757,11337,1744,2697,435,16960,604,3293,23699,8952
2012-12-18T00:00:00.000,096742,BRITISH POUND,188472,113452,46167,23579,30720,1919,57186,5019,35177,42769,17488
2012-12-18T00:00:00.000,097741,JAPANESE YEN,196662,23610,111170,53288,8456,86969,7504,16242,6189,13584,60374
2012-12-18T00:00:00.000,098662,USD INDEX,43470,19180,29855,1590,5766,11570,537,6175,1878,2677,3156
2012-12-18T00:00:00.000,099741,EURO FX,193681,55166,59469,46062,41040,18751,24173,15775,13057,49425,47440
2012-12-18T00:00:00.000,112741,NZ DOLLAR,42446,33874,19269,454,0,1724,17913,239,3289,5931,1751
2012-12-18T00:00:00.000,232741,AUSTRALIAN DOLLAR,204312,143599,43891,4412,44414,11164,83334,1413,10152,41018,19815
2012-12-24T00:00:00.000,090741,CANADIAN DOLLAR,140965,61883,9886,22218,18879,4382,92160,8333,852,41717,16756
2012-12-24T00:00:00.000,092741,SWISS FRANC,48634,21293,9288,1626,2700,0,26175,604,2409,24820,7771
2012-12-24T00:00:00.000,096742,BRITISH POUND,181219,105269,35373,24204,30437,2217,62556,4409,33175,42357,16915
2012-12-24T00:00:00.000,097741,JAPANESE YEN,195705,21077,105688,52744,7832,89696,8277,15815,6458,12854,63931
2012-12-24T00:00:00.000,098662,USD INDEX,43308,19724,30130,1611,6329,10417,782,7199,1274,2221,2657
2012-12-24T00:00:00.000,099741,EURO FX,202591,61048,59348,45431,40979,19291,37166,16147,11043,52584,45965
2012-12-24T00:00:00.000,112741,NZ DOLLAR,40135,28806,13306,344,0,2847,21714,437,3282,7304,1436
2012-12-24T00:00:00.000,232741,AUSTRALIAN DOLLAR,173118,115463,36486,3820,44217,12874,67335,2082,5202,36698,17697
2012-12-31T00:00:00.000,090741,CANADIAN DOLLAR,137247,62653,6961,21519,18965,4847,91454,7568,1413,37502,15296
2012-12-31T00:00:00.000,092741,SWISS FRANC,50182,23196,11337,1494,2083,535,27294,604,2406,24002,6711
2012-12-31T00:00:00.000,096742,BRITISH POUND,174676,99277,30564,23824,30245,3032,61122,3520,32649,42456,17529
2012-12-31T00:00:00.000,097741,JAPANESE YEN,194632,20391,103169,52037,8072,84420,9532,17556,8520,15533,60644
2012-12-31T00:00:00.000,098662,USD INDEX,42593,18190,27713,1498,6716,10230,843,7483,1324,3006,3811
2012-12-31T00:00:00.000,099741,EURO FX,207608,67384,58509,45540,40844,19563,43456,16287,11429,50816,45352
2012-12-31T00:00:00.000,112741,NZ DOLLAR,34531,26054,9411,344,0,2917,20052,322,2866,4321,1629
2012-12-31T00:00:00.000,232741,AUSTRALIAN DOLLAR,170157,116805,34670,3373,44168,13537,66433,1421,3548,32080,18397
2013-01-08T00:00:00.000,090741,CANADIAN DOLLAR,137314,59986,5331,21558,19317,3892,93300,7365,1827,42526,15552
2013-01-08T00:00:00.000,092741,SWISS FRANC,46716,18765,7840,1494,2456,2351,25811,604,2298,22912,7721
2013-01-08T00:00:00.000,096742,BRITISH POUND,165584,90660,30881,22630,29207,9066,52204,3317,30673,36032,18740
2013-01-08T00:00:00.000,097741,JAPANESE YEN,193295,20465,101704,50842,7112,81990,13167,19031,8006,15269,57608
2013-01-08T00:00:00.000,098662,USD INDEX,44635,17972,19300,1572,3800,8732,15389,9438,939,4101,2387
2013-01-08T00:00:00.000,099741,EURO FX,194251,53695,62122,42449,33329,25030,28997,16659,11948,47896,49333
2013-01-08T00:00:00.000,112741,NZ DOLLAR,36531,26957,7815,494,0,3020,23380,784,3018,4932,1974
2013-01-08T00:00:00.000,232741,AUSTRALIAN DOLLAR,184083,120831,37175,2911,43289,14724,75055,4034,5683,39160,20458
2013-01-15T00:00:00.000,090741,CANADIAN DOLLAR,144716,62434,3578,22593,19450,4594,102474,6873,1961,46004,15035
2013-01-15T00:00:00.000,092741,SWISS FRANC,43176,18554,3857,1487,2054,3824,25099,853,2331,17639,9016
2013-01-15T00:00:00.000,096742,BRITISH POUND,163295,85202,31335,22591,29198,11507,49501,2347,30220,36323,17716
2013-01-15T00:00:00.000,097741,JAPANESE YEN,196509,19763,99690,50029,7036,75209,12338,27118,9891,17554,60718
2013-01-15T00:00:00.000,098662,USD INDEX,46567,20807,20968,976,4110,8790,15465,8807,1193,4544,2188
2013-01-15T00:00:00.000,099741,EURO FX,211373,65502,61682,42519,33365,22157,46243,16379,13017,55270,47520
2013-01-15T00:00:00.000,112741,NZ DOLLAR,38654,28613,8176,604,0,3216,24710,689,3613,5170,1793
2013-01-15T00:00:00.000,232741,AUSTRALIAN DOLLAR,203425,133828,42770,3770,42693,14785,88908,4127,7654,44310,18795
2013-01-22T00:00:00.000,090741,CANADIAN DOLLAR,141710,58303,7513,19805,19295,7123,94114,8300,1494,45891,17006
2013-01-22T00:00:00.000,092741,SWISS FRANC,39483,14689,6306,1012,2016,6240,18153,0,672,16141,10935
2013-01-22T00:00:00.000,096742,BRITISH POUND,160820,73289,37110,22057,30523,27272,34548,3649,29537,28567,23116
2013-01-22T00:00:00.000,097741,JAPANESE YEN,202225,23062,101043,49835,6294,77237,12130,26348,11102,16195,62108
2013-01-22T00:00:00.000,098662,USD INDEX,42728,16583,18180,946,4105,8906,15458,10584,794,2815,1297
2013-01-22T00:00:00.000,099741,EURO FX,216059,66444,52192,44967,30735,21957,63485,18209,11432,53704,47437
2013-01-22T00:00:00.000,112741,NZ DOLLAR,37179,27032,5908,831,0,2996,25391,689,3651,5268,1866
2013-01-22T00:00:00.000,232741,AUSTRALIAN DOLLAR,208776,140758,43223,3182,42436,14616,94293,3749,5661,43091,19783
2013-01-29T00:00:00.000,090741,CANADIAN DOLLAR,144927,47197,16916,18905,19948,27456,74236,12804,1039,32516,26739
2013-01-29T00:00:00.000,092741,SWISS FRANC,38618,12005,5354,1003,1990,9696,18153,0,590,14416,11033
2013-01-29T00:00:00.000,096742,BRITISH POUND,166060,61314,39362,22401,30977,50932,31364,4280,26462,19707,30469
2013-01-29T00:00:00.000,097741,JAPANESE YEN,219635,25435,109944,51946,7212,88636,12537,31250,15508,14421,66487
2013-01-29T00:00:00.000,098662,USD INDEX,43634,18453,16263,934,4599,7648,15460,9856,1261,3831,3139
2013-01-29T00:00:00.000,099741,EURO FX,237856,74861,57466,49721,30555,25132,76748,18606,11522,57975,50004
2013-01-29T00:00:00.000,112741,NZ DOLLAR,35480,25050,6061,708,0,3349,23323,729,3709,4806,1549
2013-01-29T00:00:00.000,232741,AUSTRALIAN DOLLAR,183507,121116,36152,2808,42942,16622,79279,4275,3752,34786,17482
2013-02-05T00:00:00.000,090741,CANADIAN DOLLAR,141807,38462,15754,18267,19830,34577,72896,13271,1200,31426,26323
2013-02-05T00:00:00.000,092741,SWISS FRANC,43585,13206,7711,919,2385,4598,22873,0,952,23431,8233
2013-02-05T00:00:00.000,096742,BRITISH POUND,165369,50462,41858,22274,29936,64645,26750,3705,24820,17052,34774
2013-02-05T00:00:00.000,097741,JAPANESE YEN,217709,25925,107995,32642,8765,99580,12677,33166,15746,17327,63457
2013-02-05T00:00:00.000,098662,USD INDEX,55093,33141,27835,1025,5331,8103,13870,7047,2048,3051,3283
2013-02-05T00:00:00.000,099741,EURO FX,251236,82597,49624,52763,30488,27323,92528,17349,12150,59055,54297
2013-02-05T00:00:00.000,112741,NZ DOLLAR,37058,24701,4682,766,0,3190,25101,740,3678,6253,2189
2013-02-05T00:00:00.000,232741,AUSTRALIAN DOLLAR,180781,118027,37971,2873,43036,16856,74143,4687,3821,34603,18075
2013-02-12T00:00:00.000,090741,CANADIAN DOLLAR,140109,34290,12066,18444,19165,36203,73316,11923,1210,32799,27902
2013-02-12T00:00:00.000,092741,SWISS FRANC,41850,12292,6355,919,2385,5042,23222,0,792,22132,7631
2013-02-12T00:00:00.000,096742,BRITISH POUND,167100,37367,49736,23184,28633,79292,26106,3077,22138,17521,33828
2013-02-12T00:00:00.000,097741,JAPANESE YEN,215036,29517,104585,23256,10037,103825,14188,34024,18908,17671,60575
2013-02-12T00:00:00.000,098662,USD INDEX,46236,25146,21396,1075,3604,7483,13706,5162,1920,4121,2361
2013-02-12T00:00:00.000,099741,EURO FX,239566,73116,51671,49934,30635,30560,86284,18026,12094,55326,46278
2013-02-12T00:00:00.000,112741,NZ DOLLAR,35107,23170,4441,838,0,3463,22814,330,3891,5555,2210
2013-02-12T00:00:00.000,232741,AUSTRALIAN DOLLAR,163745,98957,40262,2116,43707,29324,49735,3397,4125,27324,23289
2013-02-19T00:00:00.000,090741,CANADIAN DOLLAR,156182,41633,25156,18527,19624,43050,69780,12635,1910,33470,32845
2013-02-19T00:00:00.000,092741,SWISS FRANC,42833,11963,10730,919,1929,7980,19142,1588,744,18925,8830
2013-02-19T00:00:00.000,096742,BRITISH POUND,187027,35753,63476,23596,30994,98303,24518,5423,21410,16262,38939
2013-02-19T00:00:00.000,097741,JAPANESE YEN,218241,28909,106661,23697,10178,106818,15051,34744,16011,15829,62096
2013-02-19T00:00:00.000,098662,USD INDEX,50051,27026,28477,1091,1213,7261,14106,6114,1103,5520,2113
2013-02-19T00:00:00.000,099741,EURO FX,234039,67440,51723,49615,30356,29739,77151,16988,11747,56391,49196
2013-02-19T00:00:00.000,112741,NZ DOLLAR,37555,25695,4290,995,0,3319,25869,867,3960,5449,2206
2013-02-19T00:00:00.000,232741,AUSTRALIAN DOLLAR,159346,86651,39926,2145,43526,34256,44145,4506,3457,28050,24554
2013-02-26T00:00:00.000,090741,CANADIAN DOLLAR,195893,50275,64477,18590,20257,73100,63398,15275,1002,29169,37275
2013-02-26T00:00:00.000,092741,SWISS FRANC,47602,13051,14081,919,1915,15339,18614,1553,0,15139,11391
2013-02-26T00:00:00.000,096742,BRITISH POUND,205183,27301,74244,22830,33445,125330,22261,4986,20931,17190,46756
2013-02-26T00:00:00.000,097741,JAPANESE YEN,216323,29092,116296,22729,8366,104902,14573,33453,11459,17220,56702
2013-02-26T00:00:00.000,098662,USD INDEX,69583,42073,48123,3593,421,7623,14739,6037,1134,6616,1525
2013-02-26T00:00:00.000,099741,EURO FX,230567,64662,66802,43876,33304,38435,55276,19681,12635,48621,47258
2013-02-26T00:00:00.000,112741,NZ DOLLAR,32864,22398,4220,680,0,2883,20128,570,3526,4281,2938
2013-02-26T00:00:00.000,232741,AUSTRALIAN DOLLAR,157363,81887,46115,1657,44407,43214,29715,6260,6264,21005,27522
2013-03-05T00:00:00.000,090741,CANADIAN DOLLAR,221062,51558,86252,18178,21264,94576,61464,18495,1319,27444,39952
2013-03-05T00:00:00.000,092741,SWISS FRANC,55311,17433,16507,0,1894,23849,17957,1528,0,11284,17736
2013-03-05T00:00:00.000,096742,BRITISH POUND,236181,32854,89525,20350,33446,145032,22963,5009,19612,16596,54295
2013-03-05T00:00:00.000,097741,JAPANESE YEN,241938,30704,119455,20919,10311,114351,15027,33415,14967,16237,55866
2013-03-05T00:00:00.000,098662,USD INDEX,78061,48094,58102,4911,55,8323,14755,6751,606,7021,1582
2013-03-05T00:00:00.000,099741,EURO FX,218469,47395,73062,38719,32709,53287,31129,22625,12626,40548,53048
2013-03-05T00:00:00.000,112741,NZ DOLLAR,31547,22061,7813,665,108,3977,17419,466,3135,4009,2703
2013-03-05T00:00:00.000,232741,AUSTRALIAN DOLLAR,157595,71134,49062,354,43436,51913,26571,5942,5299,22618,27593
2013-03-12T00:00:00.000,090741,CANADIAN DOLLAR,249150,47094,91651,18136,19735,103420,62281,20240,955,26097,40365
2013-03-12T00:00:00.000,092741,SWISS FRANC,69408,15495,17525,0,1896,33190,17494,1528,611,9943,22630
2013-03-12T00:00:00.000,096742,BRITISH POUND,297130,23371,94686,20794,27653,153896,26188,3804,20654,19564,52248
2013-03-12T00:00:00.000,097741,JAPANESE YEN,288474,32269,142209,20475,13225,137822,17092,34816,12754,19797,59899
2013-03-12T00:00:00.000,098662,USD INDEX,79948,45656,57976,6212,0,8735,16040,8189,572,7771,1975
2013-03-12T00:00:00.000,099741,EURO FX,213113,44300,68546,37415,30581,46734,23677,17687,12199,43030,54163
2013-03-12T00:00:00.000,112741,NZ DOLLAR,32813,21908,7630,744,108,3606,16964,475,3112,3832,2751
2013-03-12T00:00:00.000,232741,AUSTRALIAN DOLLAR,183095,86894,48509,720,43197,34175,28097,3684,5715,26919,26874
2013-03-19T00:00:00.000,090741,CANADIAN DOLLAR,308970,53087,106401,16966,19366,109122,59716,19307,1688,27368,38679
2013-03-19T00:00:00.000,092741,SWISS FRANC,50580,11623,19178,0,2274,29305,8806,1528,0,7836,20034
2013-03-19T00:00:00.000,096742,BRITISH POUND,212517,35073,117759,21232,28116,105250,4520,31201,10239,14551,46673
2013-03-19T00:00:00.000,097741,JAPANESE YEN,216674,41097,116075,20506,13589,98355,14504,36897,13718,16489,55458
2013-03-19T00:00:00.000,098662,USD INDEX,85693,54502,49225,5729,119,9340,32082,6855,817,6985,1168
2013-03-19T00:00:00.000,099741,EURO FX,195073,35843,72519,30547,33381,53922,10254,23468,14348,38234,51512
2013-03-19T00:00:00.000,112741,NZ DOLLAR,28933,21132,11742,722,108,3290,13860,509,586,3168,2525
2013-03-19T00:00:00.000,232741,AUSTRALIAN DOLLAR,158807,105678,45006,1232,41547,16405,46091,2366,2992,31676,21721
2013-03-26T00:00:00.000,090741,CANADIAN DOLLAR,160847,16644,90397,16924,19989,83192,4514,9507,2496,26880,35751
2013-03-26T00:00:00.000,092741,SWISS FRANC,49575,8828,18403,0,1874,31044,8817,1631,0,7739,20148
2013-03-26T00:00:00.000,096742,BRITISH POUND,214636,33962,124052,21025,27433,107795,4068,31286,9629,15138,44024
2013-03-26T00:00:00.000,097741,JAPANESE YEN,220896,39805,112933,20114,12420,103147,18782,38706,17047,15549,56139
2013-03-26T00:00:00.000,098662,USD INDEX,83063,52442,45706,6012,100,9398,31823,6288,1558,6206,1159
2013-03-26T00:00:00.000,099741,EURO FX,204257,28181,71988,30150,39857,66753,11725,25608,13734,39248,52636
2013-03-26T00:00:00.000,112741,NZ DOLLAR,34922,25258,12062,752,108,2885,19408,781,723,4923,2298
2013-03-26T00:00:00.000,232741,AUSTRALIAN DOLLAR,202150,145900,53821,3337,40237,15838,81605,492,2148,34410,22166
2013-04-02T00:00:00.000,090741,CANADIAN DOLLAR,163150,16266,93606,16931,20193,83572,4506,9857,1740,27262,33843
2013-04-02T00:00:00.000,092741,SWISS FRANC,51473,9809,19487,0,1904,32105,8813,1938,0,7336,20984
2013-04-02T00:00:00.000,096742,BRITISH POUND,208425,29218,111460,19908,28285,105358,3496,32065,10465,16119,48962
2013-04-02T00:00:00.000,097741,JAPANESE YEN,213997,39944,103518,20290,12387,99836,25297,36180,16778,13608,51878
2013-04-02T00:00:00.000,098662,USD INDEX,89895,54348,51912,6843,50,9661,32110,9558,1628,6704,1414
2013-04-02T00:00:00.000,099741,EURO FX,235871,33814,88557,29744,48480,92230,11348,28261,17146,37479,55997
2013-04-02T00:00:00.000,112741,NZ DOLLAR,39229,28988,13967,697,225,3514,21226,823,992,4876,2488
2013-04-02T00:00:00.000,232741,AUSTRALIAN DOLLAR,197264,139223,50686,3355,39764,15831,78517,492,2842,36194,23286
2013-04-09T00:00:00.000,090741,CANADIAN DOLLAR,161861,13746,97400,18253,20360,86598,1871,10436,1703,25131,32830
2013-04-09T00:00:00.000,092741,SWISS FRANC,42751,7771,13050,0,1960,25250,9615,408,1621,9072,16255
2013-04-09T00:00:00.000,096742,BRITISH POUND,204827,28091,112717,19564,28825,103701,4436,30686,10803,16337,41598
2013-04-09T00:00:00.000,097741,JAPANESE YEN,220626,42593,104010,19991,15814,108488,23630,24857,13419,18917,57973
2013-04-09T00:00:00.000,098662,USD INDEX,87508,53014,50518,6759,183,9614,31170,8421,1700,7320,1557
2013-04-09T00:00:00.000,099741,EURO FX,220353,22934,72895,29828,50500,84690,12160,29867,13416,37783,56131
2013-04-09T00:00:00.000,112741,NZ DOLLAR,42549,33161,11472,486,272,2745,26199,1030,1019,4847,3307
2013-04-09T00:00:00.000,232741,AUSTRALIAN DOLLAR,186911,124576,38390,2535,39381,17433,79697,662,2891,38924,23771
2013-04-16T00:00:00.000,090741,CANADIAN DOLLAR,171111,17061,103402,18024,20464,94160,3594,10055,1910,24314,34244
2013-04-16T00:00:00.000,092741,SWISS FRANC,53769,16095,14207,0,1939,23140,23223,408,2499,13756,11531
2013-04-16T00:00:00.000,096742,BRITISH POUND,200884,34093,108023,18764,29998,100762,6514,25777,10035,15725,40551
2013-04-16T00:00:00.000,097741,JAPANESE YEN,214577,35689,105765,20911,13609,118477,20350,18811,10084,13785,57865
2013-04-16T00:00:00.000,098662,USD INDEX,77787,43159,40026,6158,203,9320,29701,9287,4224,7812,1582
2013-04-16T00:00:00.000,099741,EURO FX,215657,37447,63934,29519,51094,64145,15288,29903,15948,39206,53956
2013-04-16T00:00:00.000,112741,NZ DOLLAR,46640,37919,10300,323,258,2438,31843,1156,1158,4503,2780
2013-04-16T00:00:00.000,232741,AUSTRALIAN DOLLAR,169445,107012,41637,2482,39999,24415,58636,925,3339,31399,22622
2013-04-23T00:00:00.000,090741,CANADIAN DOLLAR,171804,18522,101692,18454,20696,92904,4455,9765,1313,25030,36519
2013-04-23T00:00:00.000,092741,SWISS FRANC,50101,14392,9515,0,1944,22799,24116,408,2132,12171,12063
2013-04-23T00:00:00.000,096742,BRITISH POUND,199465,33351,101171,18681,30820,99517,7199,28206,11764,14669,43470
2013-04-23T00:00:00.000,097741,JAPANESE YEN,204150,39782,90051,19979,14221,107794,22294,13218,12864,16213,57556
2013-04-23T00:00:00.000,098662,USD INDEX,78266,40085,43352,6688,218,8942,29966,10276,635,10021,1841
2013-04-23T00:00:00.000,099741,EURO FX,220051,38319,67615,28686,49994,68299,17535,30239,15041,38861,54219
2013-04-23T00:00:00.000,112741,NZ DOLLAR,45127,36176,11546,521,433,2746,28579,784,1293,4608,2984
2013-04-23T00:00:00.000,232741,AUSTRALIAN DOLLAR,161752,93245,46321,1285,40436,34214,38962,3036,4514,25706,27253
2013-04-30T00:00:00.000,090741,CANADIAN DOLLAR,161473,15304,93895,18190,19399,87496,7122,7588,2123,26105,32144
2013-04-30T00:00:00.000,092741,SWISS FRANC,50872,9305,13535,0,1844,27602,19304,3001,3009,10607,12823
2013-04-30T00:00:00.000,096742,BRITISH POUND,189084,31480,89210,17611,29161,86882,11602,25861,16836,20845,35870
2013-04-30T00:00:00.000,097741,JAPANESE YEN,198106,38795,80744,18975,14036,104066,26822,11985,12276,16612,56555
2013-04-30T00:00:00.000,098662,USD INDEX,70776,35586,36033,7065,243,9134,29669,8165,1057,8663,1611
2013-04-30T00:00:00.000,099741,EURO FX,222618,45834,71777,28895,46949,56250,20448,30591,16374,46699,52721
2013-04-30T00:00:00.000,112741,NZ DOLLAR,46571,35098,11163,524,385,3246,30601,1750,1064,5515,2920
2013-04-30T00:00:00.000,232741,AUSTRALIAN DOLLAR,158954,90817,46517,1929,40933,33399,41277,2589,3456,26716,23267
2013-05-07T00:00:00.000,090741,CANADIAN DOLLAR,149014,17054,79652,17773,19022,71381,12672,7035,2122,28618,28393
2013-05-07T00:00:00.000,092741,SWISS FRANC,49245,8399,11675,0,1811,27883,19508,3035,1621,9399,14101
2013-05-07T00:00:00.000,096742,BRITISH POUND,190781,33571,82984,17805,27464,88976,18090,26683,16154,18068,40411
2013-05-07T00:00:00.000,097741,JAPANESE YEN,209370,42176,90208,19154,14244,110698,26088,11391,13969,18330,57240
2013-05-07T00:00:00.000,098662,USD INDEX,69141,29334,35105,6070,194,9645,29592,13267,824,8520,1121
2013-05-07T00:00:00.000,099741,EURO FX,214597,44483,70879,28836,45410,50458,18078,35410,12237,41040,53623
2013-05-07T00:00:00.000,112741,NZ DOLLAR,46005,34718,11269,516,407,3528,28961,1774,1364,5032,3567
2013-05-07T00:00:00.000,232741,AUSTRALIAN DOLLAR,157170,71495,51670,1572,41366,47759,28544,5404,3381,26850,28119
2013-05-14T00:00:00.000,090741,CANADIAN DOLLAR,142482,20997,73140,17598,19109,59110,14541,5970,2188,33229,27926
2013-05-14T00:00:00.000,092741,SWISS FRANC,58084,10780,22160,0,1312,35482,11878,3279,1621,7772,20342
2013-05-14T00:00:00.000,096742,BRITISH POUND,198068,38498,90807,18034,29135,90202,18917,26961,15022,18352,38166
2013-05-14T00:00:00.000,097741,JAPANESE YEN,229746,48837,100845,18337,17032,120530,26354,15145,13190,17473,62901
2013-05-14T00:00:00.000,098662,USD INDEX,80067,39581,44815,5619,142,8258,30853,13524,606,10999,1565
2013-05-14T00:00:00.000,099741,EURO FX,232417,46365,83141,28568,48786,67755,14606,37314,13544,40178,60103
2013-05-14T00:00:00.000,112741,NZ DOLLAR,37320,27608,8196,521,407,3389,22806,2035,1628,3362,3878
2013-05-14T00:00:00.000,232741,AUSTRALIAN DOLLAR,190884,73455,68983,0,41598,80281,30433,8875,5739,21822,37680
2013-05-21T00:00:00.000,090741,CANADIAN DOLLAR,141531,22633,63325,16880,19217,62749,13826,6792,2410,25301,35577
2013-05-21T00:00:00.000,092741,SWISS FRANC,65146,10051,25352,0,1544,42226,11839,4310,1621,7478,23709
2013-05-21T00:00:00.000,096742,BRITISH POUND,211098,34659,110407,17989,30169,107718,10078,28078,10768,15784,42806
2013-05-21T00:00:00.000,097741,JAPANESE YEN,227826,40054,99040,18404,18570,128097,25721,14271,14049,16517,59963
2013-05-21T00:00:00.000,098662,USD INDEX,94765,46132,53547,7176,133,8990,37461,17792,538,12793,1204
2013-05-21T00:00:00.000,099741,EURO FX,265194,41601,110377,37082,49155,92070,14230,43846,13640,38327,65524
2013-05-21T00:00:00.000,112741,NZ DOLLAR,32833,22505,6764,116,419,5776,17230,1097,1273,2920,6728
2013-05-21T00:00:00.000,232741,AUSTRALIAN DOLLAR,205301,59641,72750,0,42538,106759,28217,12023,10210,19340,44048
2013-05-28T00:00:00.000,090741,CANADIAN DOLLAR,144725,19773,59290,16379,20400,66093,11623,7987,3212,25447,41154
2013-05-28T00:00:00.000,092741,SWISS FRANC,70015,10666,30428,0,1530,44684,10847,4338,1621,7715,22977
2013-05-28T00:00:00.000,096742,BRITISH POUND,221612,37150,119000,17276,30280,114103,10451,28710,10670,16685,43523
2013-05-28T00:00:00.000,097741,JAPANESE YEN,231012,38455,102992,22083,18967,127534,24995,14509,14850,16574,57351
2013-05-28T00:00:00.000,098662,USD INDEX,92698,45267,50798,7353,149,8769,37229,15806,456,13066,1629
2013-05-28T00:00:00.000,099741,EURO FX,264212,37181,106382,37023,52838,94917,13980,43622,13609,39979,65913
2013-05-28T00:00:00.000,112741,NZ DOLLAR,29377,18459,6012,0,419,7217,17265,1025,1375,2245,3875
2013-05-28T00:00:00.000,232741,AUSTRALIAN DOLLAR,209027,52671,72888,0,44171,115632,28752,13689,11294,20026,44913
2013-06-04T00:00:00.000,090741,CANADIAN DOLLAR,141838,14337,60778,16799,20019,73075,10027,7877,3033,21039,39270
2013-06-04T00:00:00.000,092741,SWISS FRANC,64552,7206,26494,0,1330,42287,11081,3086,1621,7217,19270
2013-06-04T00:00:00.000,096742,BRITISH POUND,210499,28070,110868,17173,29447,114402,12945,27544,9839,15152,39242
2013-06-04T00:00:00.000,097741,JAPANESE YEN,219135,38271,90863,24073,16612,115566,31524,12636,11058,16478,56967
2013-06-04T00:00:00.000,098662,USD INDEX,80851,37245,39489,7209,121,9130,36675,12865,782,11888,1270
2013-06-04T00:00:00.000,099741,EURO FX,240733,37549,78958,35514,52712,69606,17509,40167,14724,40196,59129
2013-06-04T00:00:00.000,112741,NZ DOLLAR,25530,10609,6618,146,327,11736,13210,877,958,1905,4160
2013-06-04T00:00:00.000,232741,AUSTRALIAN DOLLAR,212222,42568,80539,0,44437,128426,21326,13682,10731,18502,46145
2013-06-11T00:00:00.000,090741,CANADIAN DOLLAR,145729,9274,52456,17344,20193,68304,10340,5689,4840,22149,34931
2013-06-11T00:00:00.000,092741,SWISS FRANC,65244,6874,22232,0,1330,37749,17007,2058,2046,9910,13976
2013-06-11T00:00:00.000,096742,BRITISH POUND,219176,34350,96301,16220,27598,92092,19730,22699,9373,21366,33725
2013-06-11T00:00:00.000,097741,JAPANESE YEN,243644,43243,81056,25098,18297,110064,36672,7155,12642,16987,53880
2013-06-11T00:00:00.000,098662,USD INDEX,79315,37900,32592,4084,314,9048,37465,13858,805,7990,1704
2013-06-11T00:00:00.000,099741,EURO FX,260418,59561,61706,35727,52391,40056,32656,35794,10010,47901,62276
2013-06-11T00:00:00.000,112741,NZ DOLLAR,26293,8168,7373,146,326,13621,11446,430,801,1969,4388
2013-06-11T00:00:00.000,232741,AUSTRALIAN DOLLAR,240067,39307,79878,666,43262,131395,24651,10622,9272,18977,43904
2013-06-18T00:00:00.000,090741,CANADIAN DOLLAR,145484,7405,42418,17187,20356,62028,16061,5835,4487,19278,28411
2013-06-18T00:00:00.000,092741,SWISS FRANC,33846,14804,7432,0,1315,7230,10411,407,1621,11036,12698
2013-06-18T00:00:00.000,096742,BRITISH POUND,140550,48102,60735,15862,28408,40720,12983,6713,7062,24309,26518
2013-06-18T00:00:00.000,097741,JAPANESE YEN,163921,30375,72191,25469,21086,87747,4789,2579,12276,13580,49408
2013-06-18T00:00:00.000,098662,USD INDEX,51036,14255,31407,2973,1384,9073,13026,15243,613,7169,2283
2013-06-18T00:00:00.000,099741,EURO FX,213331,76841,52976,33653,51992,26016,29409,15136,13085,52558,56742
2013-06-18T00:00:00.000,112741,NZ DOLLAR,11742,6921,6848,146,458,2333,255,458,203,1760,3854
2013-06-18T00:00:00.000,232741,AUSTRALIAN DOLLAR,180895,59029,84269,0,44954,98730,0,6985,8142,14572,41951
2013-06-25T00:00:00.000,090741,CANADIAN DOLLAR,109819,17980,38330,17389,22378,38252,7578,10388,2006,20527,34244
2013-06-25T00:00:00.000,092741,SWISS FRANC,31477,13167,5995,0,1390,7199,11197,407,1621,10286,10856
2013-06-25T00:00:00.000,096742,BRITISH POUND,123602,34051,40807,14589,31245,39846,12500,5881,7463,23375,25727
2013-06-25T00:00:00.000,097741,JAPANESE YEN,161160,31899,72542,25648,23241,80784,5601,1701,12441,16350,42557
2013-06-25T00:00:00.000,098662,USD INDEX,52740,11576,30996,4039,1015,9812,13659,16294,1283,7610,2378
2013-06-25T00:00:00.000,099741,EURO FX,211651,76065,51019,32381,56653,26597,31093,17213,12284,48759,49966
2013-06-25T00:00:00.000,112741,NZ DOLLAR,11632,4117,6563,146,488,4877,0,663,203,1577,4126
2013-06-25T00:00:00.000,232741,AUSTRALIAN DOLLAR,174012,50697,75367,632,44819,99601,1311,5530,7479,15751,43235
2013-07-02T00:00:00.000,090741,CANADIAN DOLLAR,126754,27164,51405,16520,22897,46121,6863,11245,1965,19619,37539
2013-07-02T00:00:00.000,092741,SWISS FRANC,31795,11516,7207,0,1385,10096,8469,408,2502,9389,11846
2013-07-02T00:00:00.000,096742,BRITISH POUND,131817,32054,55342,14718,30840,53567,2975,9913,5866,16968,32197
2013-07-02T00:00:00.000,097741,JAPANESE YEN,178926,34274,84398,25233,24410,95104,4118,4771,13447,15066,48075
2013-07-02T00:00:00.000,098662,USD INDEX,55430,13898,32539,3500,709,11054,16104,15995,966,7976,2105
2013-07-02T00:00:00.000,099741,EURO FX,196064,47669,53155,32855,55504,43772,10197,18175,12664,42731,53682
2013-07-02T00:00:00.000,112741,NZ DOLLAR,12384,3907,6964,146,508,5954,126,290,203,1895,4391
2013-07-02T00:00:00.000,232741,AUSTRALIAN DOLLAR,182925,48379,84220,632,43869,106952,2187,7506,9000,17099,41292
2013-07-09T00:00:00.000,090741,CANADIAN DOLLAR,140106,30098,61490,16434,22418,54976,7661,10619,2999,20806,38365
2013-07-09T00:00:00.000,092741,SWISS FRANC,39437,15780,12054,0,1823,13703,8250,1624,1621,7756,15115
2013-07-09T00:00:00.000,096742,BRITISH POUND,145033,30361,61954,13290,29358,67488,4619,11478,5837,16954,37803
2013-07-09T00:00:00.000,097741,JAPANESE YEN,185249,30917,92813,26339,23707,106237,3541,3421,12414,13922,48361
2013-07-09T00:00:00.000,098662,USD INDEX,69480,22653,33276,7825,384,11347,30091,16492,1966,9145,1745
2013-07-09T00:00:00.000,099741,EURO FX,225051,42649,69965,34597,55310,72004,8717,19575,13114,41932,63651
2013-07-09T00:00:00.000,112741,NZ DOLLAR,12512,4027,6771,146,516,5623,217,512,303,2091,4592
2013-07-09T00:00:00.000,232741,AUSTRALIAN DOLLAR,178595,49009,76994,649,43409,104831,4090,6104,10005,15728,41823
2013-07-16T00:00:00.000,090741,CANADIAN DOLLAR,133870,26581,52474,16097,21981,55029,11533,8357,3309,19805,36572
2013-07-16T00:00:00.000,092741,SWISS FRANC,40258,14635,13647,0,1857,17359,8384,408,1621,7335,14228
2013-07-16T00:00:00.000,096742,BRITISH POUND,151127,24086,67901,12048,27933,82614,4240,11497,7361,14587,37397
2013-07-16T00:00:00.000,097741,JAPANESE YEN,182429,26520,92385,25424,22504,108780,5334,3582,12889,13650,44844
2013-07-16T00:00:00.000,098662,USD INDEX,64342,21089,29627,7902,384,12511,29902,13330,1104,7524,1339
2013-07-16T00:00:00.000,099741,EURO FX,220137,42779,68057,36032,55673,70762,12181,22144,12170,34391,58027
2013-07-16T00:00:00.000,112741,NZ DOLLAR,12904,2817,7528,146,509,6860,142,668,309,2253,4256
2013-07-16T00:00:00.000,232741,AUSTRALIAN DOLLAR,186264,47351,81982,649,43180,111534,8299,7481,9798,16503,40259
2013-07-23T00:00:00.000,090741,CANADIAN DOLLAR,119597,17582,39555,16331,21244,49878,12269,6372,5448,21399,33046
2013-07-23T00:00:00.000,092741,SWISS FRANC,34906,10601,9813,0,1777,14506,8471,0,1621,9504,12929
2013-07-23T00:00:00.000,096742,BRITISH POUND,148065,18732,66599,12544,27366,84799,5637,9648,9418,17379,34082
2013-07-23T00:00:00.000,097741,JAPANESE YEN,187250,28705,95338,24139,21444,111844,5273,3370,13158,14681,47526
2013-07-23T00:00:00.000,098662,USD INDEX,60781,18560,26153,7468,674,11514,29395,14477,1182,6965,1580
2013-07-23T00:00:00.000,099741,EURO FX,219429,47633,68296,37899,57752,56886,12843,22154,12749,41090,54022
2013-07-23T00:00:00.000,112741,NZ DOLLAR,12613,2895,6884,304,542,6394,713,891,309,1971,4007
2013-07-23T00:00:00.000,232741,AUSTRALIAN DOLLAR,185349,42822,80499,649,42357,111862,12280,8172,11175,19074,36268
2013-07-30T00:00:00.000,090741,CANADIAN DOLLAR,111005,16801,32095,16327,19485,40601,13206,7482,5477,20770,31718
2013-07-30T00:00:00.000,092741,SWISS FRANC,34099,13466,8886,0,1781,10584,9242,0,1621,9669,12189
2013-07-30T00:00:00.000,096742,BRITISH POUND,146335,19874,67826,13505,28713,79880,5145,9800,8468,16986,29893
2013-07-30T00:00:00.000,097741,JAPANESE YEN,174872,23304,86876,25477,18827,101437,10256,3149,11546,16740,42602
2013-07-30T00:00:00.000,098662,USD INDEX,63511,15404,28585,6861,637,11522,29211,18282,990,9689,2335
2013-07-30T00:00:00.000,099741,EURO FX,222957,58362,63919,38388,59074,45943,16770,23341,11320,43172,58123
2013-07-30T00:00:00.000,112741,NZ DOLLAR,12153,3945,6279,253,346,4098,1501,977,498,2461,3110
2013-07-30T00:00:00.000,232741,AUSTRALIAN DOLLAR,198272,45708,91740,619,40840,121674,10213,7533,11433,18488,39796
2013-08-06T00:00:00.000,090741,CANADIAN DOLLAR,106787,17587,30936,15923,19093,38227,13048,7784,6016,20439,30867
2013-08-06T00:00:00.000,092741,SWISS FRANC,34942,12504,6572,0,2177,11032,12810,0,1621,10873,11229
2013-08-06T00:00:00.000,096742,BRITISH POUND,145387,21987,63709,14538,28612,73422,6269,8404,9598,19322,29485
2013-08-06T00:00:00.000,097741,JAPANESE YEN,172059,24553,85884,25554,16314,97330,9685,3684,11613,15531,43156
2013-08-06T00:00:00.000,098662,USD INDEX,67341,20574,33044,6288,637,12072,28729,18158,966,8360,2076
2013-08-06T00:00:00.000,099741,EURO FX,228726,65290,56721,37710,59672,41399,27063,22881,13461,47327,57690
2013-08-06T00:00:00.000,112741,NZ DOLLAR,11572,3223,6341,146,372,4934,750,959,570,2106,3335
2013-08-06T00:00:00.000,232741,AUSTRALIAN DOLLAR,201885,43442,90589,619,40349,130792,11794,5419,12083,17063,42520
2013-08-13T00:00:00.000,090741,CANADIAN DOLLAR,105303,17683,28257,15801,19334,36869,12781,6316,6750,21369,30916
2013-08-13T00:00:00.000,092741,SWISS FRANC,37584,14196,6640,0,2291,9716,14341,505,1621,12141,11665
2013-08-13T00:00:00.000,096742,BRITISH POUND,145126,21921,63443,14992,28437,71587,5865,8552,10008,19619,28918
2013-08-13T00:00:00.000,097741,JAPANESE YEN,159496,22560,76572,25383,15087,85433,8808,4033,11365,15923,41500
2013-08-13T00:00:00.000,098662,USD INDEX,74194,27515,35739,5036,3106,12061,28783,18333,1535,8533,2315
2013-08-13T00:00:00.000,099741,EURO FX,225665,71187,49934,36530,62900,34945,25316,23185,13564,45140,59273
2013-08-13T00:00:00.000,112741,NZ DOLLAR,11976,5457,6553,146,365,3024,1812,730,312,2436,2751
2013-08-13T00:00:00.000,232741,AUSTRALIAN DOLLAR,184822,38724,74130,589,39638,119960,19586,5316,11179,15930,35986
2013-08-20T00:00:00.000,090741,CANADIAN DOLLAR,108282,23153,32307,15756,19012,36397,12317,6297,6572,19989,31384
2013-08-20T00:00:00.000,092741,SWISS FRANC,41138,15595,9123,0,2290,10220,15717,0,2186,14719,11218
2013-08-20T00:00:00.000,096742,BRITISH POUND,138505,26242,56743,15222,26581,55801,10355,8054,10231,25163,26572
2013-08-20T00:00:00.000,097741,JAPANESE YEN,162168,24023,77148,25987,15056,85582,13228,3444,11364,16562,38802
2013-08-20T00:00:00.000,098662,USD INDEX,75224,26925,35942,5151,3634,12179,28783,19452,1256,8395,2487
2013-08-20T00:00:00.000,099741,EURO FX,249660,93057,53969,36675,64314,28258,44447,23523,13218,52519,58084
2013-08-20T00:00:00.000,112741,NZ DOLLAR,13500,8199,7287,266,336,1490,2674,759,573,2389,2233
2013-08-20T00:00:00.000,232741,AUSTRALIAN DOLLAR,184178,38153,75298,589,40090,121375,19156,5160,11367,14112,33478
2013-08-27T00:00:00.000,090741,CANADIAN DOLLAR,133392,30357,55203,15561,18950,49121,6760,8513,6411,20366,36594
2013-08-27T00:00:00.000,092741,SWISS FRANC,41682,15012,9166,0,2352,10865,17365,0,1621,15173,10546
2013-08-27T00:00:00.000,096742,BRITISH POUND,149328,37613,57926,15096,27391,56375,17390,7575,8416,24653,30189
2013-08-27T00:00:00.000,097741,JAPANESE YEN,175588,26962,86054,25637,15047,91184,13982,3348,12649,22386,41785
2013-08-27T00:00:00.000,098662,USD INDEX,73930,26361,34428,5149,3779,12173,28783,18550,1231,8335,2347
2013-08-27T00:00:00.000,099741,EURO FX,248672,93380,50844,35734,65796,27609,49639,25186,11417,50876,55089
2013-08-27T00:00:00.000,112741,NZ DOLLAR,12193,5715,7268,378,316,2505,1309,912,565,2299,2351
2013-08-27T00:00:00.000,232741,AUSTRALIAN DOLLAR,186664,36571,78020,619,37594,123452,20037,6218,12075,14656,33790
2013-09-03T00:00:00.000,090741,CANADIAN DOLLAR,143241,26804,61408,15562,19797,57461,5963,8863,6882,22236,36876
2013-09-03T00:00:00.000,092741,SWISS FRANC,40091,14360,7483,0,2382,11265,15415,0,2281,12576,10640
2013-09-03T00:00:00.000,096742,BRITISH POUND,156870,40874,57836,15375,27940,57951,21737,7624,9359,23153,28105
2013-09-03T00:00:00.000,097741,JAPANESE YEN,178360,31289,91528,25446,13646,99458,10446,3046,12992,13366,43993
2013-09-03T00:00:00.000,098662,USD INDEX,67467,19102,29490,5155,3192,11620,29089,18720,731,9664,1759
2013-09-03T00:00:00.000,099741,EURO FX,244563,77806,55233,35461,67890,34973,27675,26095,9440,39921,54018
2013-09-03T00:00:00.000,112741,NZ DOLLAR,13105,4492,6915,585,265,5217,1426,659,1267,2094,3174
2013-09-03T00:00:00.000,232741,AUSTRALIAN DOLLAR,189334,36945,79430,667,37483,122752,21310,5555,10828,17017,33885
2013-09-10T00:00:00.000,090741,CANADIAN DOLLAR,137986,19045,53546,15614,17701,55513,8656,7745,6543,21236,32707
2013-09-10T00:00:00.000,092741,SWISS FRANC,38760,14216,7330,0,2380,12104,12629,0,1621,11202,13562
2013-09-10T00:00:00.000,096742,BRITISH POUND,185433,57558,61134,15261,26876,48056,32588,8024,9933,30953,29321
2013-09-10T00:00:00.000,097741,JAPANESE YEN,197099,24356,97601,25239,13932,112818,6157,2970,12523,15838,51008
2013-09-10T00:00:00.000,098662,USD INDEX,70651,22397,27113,5385,2530,11315,30736,14527,475,10893,3663
2013-09-10T00:00:00.000,099741,EURO FX,257969,62609,52899,35174,62554,41131,27086,25487,9622,43289,55529
2013-09-10T00:00:00.000,112741,NZ DOLLAR,15097,6665,9078,300,200,4218,1899,711,473,2379,2623
2013-09-10T00:00:00.000,232741,AUSTRALIAN DOLLAR,183606,33618,61652,1504,36148,105754,27278,8893,9983,17328,32036
2013-09-17T00:00:00.000,090741,CANADIAN DOLLAR,142925,17867,41477,15124,16532,40787,11774,7121,7021,23545,27640
2013-09-17T00:00:00.000,092741,SWISS FRANC,29094,10218,6526,0,2360,8479,6987,0,2116,10123,10831
2013-09-17T00:00:00.000,096742,BRITISH POUND,141735,76968,30260,21400,27209,1552,40702,2312,13026,35377,26412
2013-09-17T00:00:00.000,097741,JAPANESE YEN,177045,37657,100927,26299,11994,86916,3739,10693,11369,11940,45476
2013-09-17T00:00:00.000,098662,USD INDEX,68238,25679,26361,5126,3034,11294,30526,12108,881,8821,2226
2013-09-17T00:00:00.000,099741,EURO FX,218264,90521,50140,36469,61980,21900,30183,19502,14648,39864,51305
2013-09-17T00:00:00.000,112741,NZ DOLLAR,15842,11181,6783,281,310,1407,6023,507,732,2461,1989
2013-09-17T00:00:00.000,232741,AUSTRALIAN DOLLAR,129806,36615,47346,402,36858,63970,5115,10369,10456,15994,27575
2013-09-24T00:00:00.000,090741,CANADIAN DOLLAR,119624,33323,35177,15394,16421,36147,24624,6519,16628,26769,25302
2013-09-24T00:00:00.000,092741,SWISS FRANC,39512,15111,7559,0,2486,5077,17838,0,2248,18682,8739
2013-09-24T00:00:00.000,096742,BRITISH POUND,163719,93246,29738,21939,28072,4114,61963,1650,12374,37607,26409
2013-09-24T00:00:00.000,097741,JAPANESE YEN,174892,33898,94528,27648,12408,89069,6443,10143,13541,11169,45007
2013-09-24T00:00:00.000,098662,USD INDEX,53075,19447,31801,4999,4847,10868,9756,9137,2358,7066,2755
2013-09-24T00:00:00.000,099741,EURO FX,254464,119731,41112,37847,59133,17266,77960,20590,17541,48181,47869
2013-09-24T00:00:00.000,112741,NZ DOLLAR,19621,13963,7490,390,207,1404,9166,558,934,3301,1819
2013-09-24T00:00:00.000,232741,AUSTRALIAN DOLLAR,126462,25078,45481,550,36574,71182,6182,9773,11024,17537,24859
2013-10-01T00:00:00.000,090741,CANADIAN DOLLAR,122732,34953,36555,15411,16340,35935,31988,7587,11701,26401,23703
2013-10-01T00:00:00.000,092741,SWISS FRANC,45298,17297,9766,0,2089,5221,21691,537,2305,21520,8724
2013-10-01T00:00:00.000,096742,BRITISH POUND,172422,96225,27936,21831,26989,4822,74298,3135,10067,40048,26771
2013-10-01T00:00:00.000,097741,JAPANESE YEN,170525,30298,85348,26741,12118,86906,11866,8531,14680,14897,43361
2013-10-01T00:00:00.000,098662,USD INDEX,53794,20731,31627,4987,4714,11045,9518,7594,2332,7360,3526
2013-10-01T00:00:00.000,099741,EURO FX,255067,115774,35270,37881,56417,18832,83640,22693,18440,47284,48697
2013-10-01T00:00:00.000,112741,NZ DOLLAR,22577,16143,6935,377,207,1432,13019,665,671,3955,1740
2013-10-01T00:00:00.000,232741,AUSTRALIAN DOLLAR,113676,20063,32266,472,36545,61608,7012,9467,11028,19215,23974
2013-10-08T00:00:00.000,090741,CANADIAN DOLLAR,118332,25054,35398,15317,16351,43115,27676,8016,10467,24190,25800
2013-10-08T00:00:00.000,092741,SWISS FRANC,51017,19330,10996,0,1849,6071,26467,537,2578,24457,8505
2013-10-08T00:00:00.000,096742,BRITISH POUND,184643,108343,32577,21754,28021,7999,82231,1650,9144,37522,25295
2013-10-08T00:00:00.000,097741,JAPANESE YEN,165957,34774,69664,27935,14095,74534,21172,10447,13053,15318,45024
2013-10-08T00:00:00.000,098662,USD INDEX,59355,25151,36185,4852,5594,10730,9595,8559,2284,7444,3078
2013-10-08T00:00:00.000,099741,EURO FX,263859,118974,32919,37404,58361,22497,86821,20724,18488,48379,51389
2013-10-08T00:00:00.000,112741,NZ DOLLAR,23230,16829,7863,462,207,1438,12845,688,312,3808,1998
2013-10-08T00:00:00.000,232741,AUSTRALIAN DOLLAR,117075,21922,33166,153,36645,63806,8109,9380,10576,18728,25493
2013-10-15T00:00:00.000,090741,CANADIAN DOLLAR,112544,19740,34716,15298,16960,44395,23176,7875,6971,22607,28092
2013-10-15T00:00:00.000,092741,SWISS FRANC,50287,20685,10533,0,1849,7330,23896,997,5231,20620,8123
2013-10-15T00:00:00.000,096742,BRITISH POUND,183979,108704,31820,22018,27117,9191,81577,1650,11796,36098,25351
2013-10-15T00:00:00.000,097741,JAPANESE YEN,159871,33112,66829,27041,13134,74136,19061,8971,16027,13731,41940
2013-10-15T00:00:00.000,098662,USD INDEX,50217,16679,28517,5129,5166,10914,9624,8149,1964,7302,2902
2013-10-15T00:00:00.000,099741,EURO FX,257199,110779,35060,38127,54000,26647,83915,21687,18249,45353,51369
2013-10-15T00:00:00.000,112741,NZ DOLLAR,24608,17945,6998,603,207,1445,15312,703,312,3897,1764
2013-10-15T00:00:00.000,232741,AUSTRALIAN DOLLAR,124276,22578,38294,375,36726,66329,8520,10518,12249,21525,25536
2013-10-22T00:00:00.000,090741,CANADIAN DOLLAR,109316,19055,27938,14843,16468,39610,27769,8115,9286,25370,25532
2013-10-22T00:00:00.000,092741,SWISS FRANC,52402,21040,10729,0,1768,8965,25131,511,6026,21209,8071
2013-10-22T00:00:00.000,096742,BRITISH POUND,181489,101815,28113,22481,27787,10446,82300,1650,11906,38589,24875
2013-10-22T00:00:00.000,097741,JAPANESE YEN,152938,21204,69897,26202,13379,78370,10787,9194,14145,14288,41050
2013-10-22T00:00:00.000,098662,USD INDEX,54206,20755,30961,4581,5819,10797,9624,9143,2626,6727,2973
2013-10-22T00:00:00.000,099741,EURO FX,278139,118439,37248,39817,47816,29963,105281,22108,18148,52909,54743
2013-10-22T00:00:00.000,112741,NZ DOLLAR,27336,19713,8449,1057,207,1473,16428,739,481,4348,1765
2013-10-22T00:00:00.000,232741,AUSTRALIAN DOLLAR,125592,26626,40002,1575,36460,58482,9849,12430,10753,24007,26056
2013-10-29T00:00:00.000,090741,CANADIAN DOLLAR,116157,19492,37315,13997,17100,45501,22118,10035,6208,24072,30356
2013-10-29T00:00:00.000,092741,SWISS FRANC,54705,21700,10689,0,1768,9326,27937,511,5644,22649,8148
2013-10-29T00:00:00.000,096742,BRITISH POUND,177427,95105,30912,22961,28232,14110,76506,3176,11476,35604,23830
2013-10-29T00:00:00.000,097741,JAPANESE YEN,151987,25879,66468,23551,12447,73451,10815,9388,13417,13837,42959
2013-10-29T00:00:00.000,098662,USD INDEX,51946,18488,29771,4648,6018,10689,9018,9017,2013,7094,3116
2013-10-29T00:00:00.000,099741,EURO FX,282923,117110,38556,39924,49283,33835,107889,23933,17335,53599,55338
2013-10-29T00:00:00.000,112741,NZ DOLLAR,23564,16168,7233,984,207,1477,13877,1037,312,3892,1929
2013-10-29T00:00:00.000,232741,AUSTRALIAN DOLLAR,129053,28582,44285,924,36324,59356,11789,11571,10271,26273,24037
2013-11-05T00:00:00.000,090741,CANADIAN DOLLAR,117253,22195,40691,14029,17806,44738,18011,8963,6252,23928,31093
2013-11-05T00:00:00.000,092741,SWISS FRANC,52752,19482,11893,0,1768,12740,25042,511,5748,19311,7593
2013-11-05T00:00:00.000,096742,BRITISH POUND,172368,87557,36694,22948,28648,17023,65725,2539,9765,35336,24571
2013-11-05T00:00:00.000,097741,JAPANESE YEN,169004,32188,77147,23084,13247,86326,8950,8798,15939,12216,47329
2013-11-05T00:00:00.000,098662,USD INDEX,43806,10686,25383,5264,3402,10917,9768,8841,808,6142,2489
2013-11-05T00:00:00.000,099741,EURO FX,252554,88170,44594,39273,54056,35671,71020,23291,15245,48977,50467
2013-11-05T00:00:00.000,112741,NZ DOLLAR,22367,15333,7298,979,207,1499,12139,724,312,3824,2403
2013-11-05T00:00:00.000,232741,AUSTRALIAN DOLLAR,129497,26250,41318,707,36061,65585,12049,11140,11394,23552,26412
2013-11-12T00:00:00.000,090741,CANADIAN DOLLAR,118952,23434,41416,14240,17209,44127,16489,6975,6222,24857,32297
2013-11-12T00:00:00.000,092741,SWISS FRANC,44399,9826,6687,0,1751,18870,21837,988,3632,13387,9164
2013-11-12T00:00:00.000,096742,BRITISH POUND,171002,84201,36613,23170,28200,17364,64321,5212,8684,32326,24455
2013-11-12T00:00:00.000,097741,JAPANESE YEN,195690,33894,100099,23297,13124,108594,5783,12565,16386,11295,54253
2013-11-12T00:00:00.000,098662,USD INDEX,41351,7420,25214,5404,2237,10703,9518,8866,332,6658,1750
2013-11-12T00:00:00.000,099741,EURO FX,229166,74893,45636,38615,54681,41892,41584,19910,12578,38452,59283
2013-11-12T00:00:00.000,112741,NZ DOLLAR,21996,15410,6385,1007,207,1461,12793,561,312,3403,2145
2013-11-12T00:00:00.000,232741,AUSTRALIAN DOLLAR,137241,23717,50217,493,35627,77585,9373,13058,12168,19635,27103
2013-11-19T00:00:00.000,090741,CANADIAN DOLLAR,121813,25816,44850,14725,17082,44048,16636,7031,6166,25622,32508
2013-11-19T00:00:00.000,092741,SWISS FRANC,41770,8854,5271,0,1706,17958,20359,511,3213,13164,9938
2013-11-19T00:00:00.000,096742,BRITISH POUND,183449,95211,39645,23880,27557,19700,68781,4458,17026,32392,22632
2013-11-19T00:00:00.000,097741,JAPANESE YEN,214211,35741,115427,22408,14200,125322,6378,12460,16820,10989,54095
2013-11-19T00:00:00.000,098662,USD INDEX,43239,10374,26797,5228,2021,10355,9518,8421,735,6274,1581
2013-11-19T00:00:00.000,099741,EURO FX,232326,73540,46427,38985,56273,46507,42745,19728,14514,38006,56807
2013-11-19T00:00:00.000,112741,NZ DOLLAR,24450,17649,6534,832,207,1616,14616,751,624,3487,2354
2013-11-19T00:00:00.000,232741,AUSTRALIAN DOLLAR,136699,22066,48843,58,35397,80476,10324,11641,10961,19701,28417
2013-11-26T00:00:00.000,090741,CANADIAN DOLLAR,129471,24480,52902,14711,17137,49869,9054,8447,6192,24883,37105
2013-11-26T00:00:00.000,092741,SWISS FRANC,42421,9028,4290,0,1706,18097,21926,511,3650,13723,9787
2013-11-26T00:00:00.000,096742,BRITISH POUND,214443,100719,41404,24203,27551,31699,75470,5204,29053,35448,23795
2013-11-26T00:00:00.000,097741,JAPANESE YEN,236713,40686,129748,21395,16258,138777,4991,11819,16303,13640,59017
2013-11-26T00:00:00.000,098662,USD INDEX,42877,9121,26431,5516,1779,9735,9518,9411,1014,6450,1491
2013-11-26T00:00:00.000,099741,EURO FX,243049,65636,52053,39429,55610,58983,35810,21049,21057,37844,58411
2013-11-26T00:00:00.000,112741,NZ DOLLAR,20919,14485,6193,617,207,1573,11737,738,500,3497,2273
2013-11-26T00:00:00.000,232741,AUSTRALIAN DOLLAR,111673,21535,46031,997,6009,57027,17066,11514,10635,18396,29728
2013-12-03T00:00:00.000,090741,CANADIAN DOLLAR,145767,28474,73112,14763,17612,62442,5254,8009,2863,25286,40133
2013-12-03T00:00:00.000,092741,SWISS FRANC,45862,10706,4476,0,1266,16283,24595,511,3218,16162,10107
2013-12-03T00:00:00.000,096742,BRITISH POUND,239371,118601,41083,25578,26770,31086,101510,6084,29037,39998,22947
2013-12-03T00:00:00.000,097741,JAPANESE YEN,245167,38505,142988,21240,17171,148164,4039,11325,11730,15494,58800
2013-12-03T00:00:00.000,098662,USD INDEX,46173,11097,28678,5265,2062,9864,9618,9676,1024,7098,1618
2013-12-03T00:00:00.000,099741,EURO FX,253653,73150,49004,39653,57308,56483,42376,21184,21901,41038,60919
2013-12-03T00:00:00.000,112741,NZ DOLLAR,18318,12038,5953,629,207,1409,9323,642,312,3337,2260
2013-12-03T00:00:00.000,232741,AUSTRALIAN DOLLAR,121078,25029,58409,983,5927,64506,10818,12197,11336,15726,31951
2013-12-10T00:00:00.000,090741,CANADIAN DOLLAR,160759,28985,86858,14048,16000,79107,4705,7594,4255,23953,41869
2013-12-10T00:00:00.000,092741,SWISS FRANC,64506,20876,5407,900,1266,11631,30833,571,4637,19994,11829
2013-12-10T00:00:00.000,096742,BRITISH POUND,255604,113841,39862,25289,26526,36685,106155,5599,26943,41023,22951
2013-12-10T00:00:00.000,097741,JAPANESE YEN,262229,40742,135455,22569,15207,145334,9695,8001,15023,15525,56791
2013-12-10T00:00:00.000,098662,USD INDEX,49070,16486,30078,4966,2178,9802,9857,8471,1350,6080,2342
2013-12-10T00:00:00.000,099741,EURO FX,302100,83721,47165,41542,61674,55235,48677,21644,25995,49494,68125
2013-12-10T00:00:00.000,112741,NZ DOLLAR,19953,11486,4626,629,0,1403,10950,717,800,4363,2222
2013-12-10T00:00:00.000,232741,AUSTRALIAN DOLLAR,126620,24655,60791,955,4914,68253,12247,12234,10316,16468,34297
2013-12-17T00:00:00.000,090741,CANADIAN DOLLAR,187136,21881,90593,14140,15838,88475,4820,7345,4570,22740,38760
2013-12-17T00:00:00.000,092741,SWISS FRANC,47367,24216,7305,900,1316,449,21563,632,4329,20561,12245
2013-12-17T00:00:00.000,096742,BRITISH POUND,191648,106066,30174,26613,26670,14211,84500,4880,26149,34884,19161
2013-12-17T00:00:00.000,097741,JAPANESE YEN,232743,45916,133054,23144,20819,117342,4665,26312,14316,13110,52970
2013-12-17T00:00:00.000,098662,USD INDEX,39322,7509,28855,5500,2802,9863,2155,8379,888,6000,2551
2013-12-17T00:00:00.000,099741,EURO FX,230955,91807,42189,42111,65808,24197,24696,16502,28454,46019,59489
2013-12-17T00:00:00.000,112741,NZ DOLLAR,17939,11193,8057,818,0,986,6702,716,627,3974,2301
2013-12-17T00:00:00.000,232741,AUSTRALIAN DOLLAR,113118,13933,61370,968,6296,73875,1669,5580,9907,17374,32488
2013-12-24T00:00:00.000,090741,CANADIAN DOLLAR,149359,17620,83567,14072,16254,83932,1428,6893,5591,22163,37840
2013-12-24T00:00:00.000,092741,SWISS FRANC,51131,25485,9951,900,1266,2156,23037,1793,3198,19882,12764
2013-12-24T00:00:00.000,096742,BRITISH POUND,198063,109479,35339,25534,26308,13237,87282,6493,25726,38248,18336
2013-12-24T00:00:00.000,097741,JAPANESE YEN,239160,43938,135205,23160,20586,127448,5772,25687,17306,11866,53230
2013-12-24T00:00:00.000,098662,USD INDEX,43607,5963,32873,5900,2793,10978,2512,11547,527,6932,2615
2013-12-24T00:00:00.000,099741,EURO FX,240206,95554,41552,40767,68229,26369,31237,20248,29457,45647,58110
2013-12-24T00:00:00.000,112741,NZ DOLLAR,18668,11651,8246,1141,0,979,7736,1008,521,3607,1883
2013-12-24T00:00:00.000,232741,AUSTRALIAN DOLLAR,117884,15010,63379,665,5911,78897,2248,6197,11349,15866,33748
2013-12-31T00:00:00.000,090741,CANADIAN DOLLAR,149037,18046,85284,13176,16602,83771,1616,6873,2381,22111,38094
2013-12-31T00:00:00.000,092741,SWISS FRANC,51139,25875,9919,900,1231,3304,22087,632,4292,19767,12949
2013-12-31T00:00:00.000,096742,BRITISH POUND,206886,117803,34683,26196,25981,13130,96342,2819,25742,41354,18554
2013-12-31T00:00:00.000,097741,JAPANESE YEN,232225,42204,126843,22595,21107,121792,6492,26178,17357,12100,53070
2013-12-31T00:00:00.000,098662,USD INDEX,43644,7916,30588,5932,4013,9563,2518,11544,1803,6448,2481
2013-12-31T00:00:00.000,099741,EURO FX,242071,96557,42201,41193,68954,27927,30789,16952,30525,47087,57247
2013-12-31T00:00:00.000,112741,NZ DOLLAR,18748,12082,8125,1150,0,941,7914,718,622,3575,1805
2013-12-31T00:00:00.000,232741,AUSTRALIAN DOLLAR,120071,14597,66928,655,6280,80729,2074,6188,10227,16692,33352
2014-01-07T00:00:00.000,090741,CANADIAN DOLLAR,156950,22129,90896,13249,16504,84329,1202,7557,1534,24101,41229
2014-01-07T00:00:00.000,092741,SWISS FRANC,42087,18181,8734,900,1231,3622,14723,1581,3698,16967,12865
2014-01-07T00:00:00.000,096742,BRITISH POUND,194668,107597,32451,25129,26157,13381,85032,2681,23739,38715,20124
2014-01-07T00:00:00.000,097741,JAPANESE YEN,230156,40600,120655,21850,20402,118407,10626,25478,14392,13905,54165
2014-01-07T00:00:00.000,098662,USD INDEX,46642,7145,34211,5831,2947,9579,4883,13214,214,8577,2091
2014-01-07T00:00:00.000,099741,EURO FX,238570,84159,43290,39773,67302,43982,24290,18108,30363,40075,60852
2014-01-07T00:00:00.000,112741,NZ DOLLAR,20039,12895,6964,1152,0,951,9977,727,750,4032,2066
2014-01-07T00:00:00.000,232741,AUSTRALIAN DOLLAR,122121,13382,66755,648,5440,82150,3510,6534,10659,16984,33334
2014-01-14T00:00:00.000,090741,CANADIAN DOLLAR,171370,24106,100390,11597,16645,88351,1120,12708,1641,26363,43329
2014-01-14T00:00:00.000,092741,SWISS FRANC,42791,16851,11175,900,1231,6950,13735,1721,2830,15340,12791
2014-01-14T00:00:00.000,096742,BRITISH POUND,201372,114896,38071,25846,26600,13494,83892,2655,25316,37046,20058
2014-01-14T00:00:00.000,097741,JAPANESE YEN,218324,38923,115649,22313,20072,106752,13499,24942,9472,15254,49492
2014-01-14T00:00:00.000,098662,USD INDEX,42927,8030,29134,6150,1116,9949,7970,9120,367,7361,2023
2014-01-14T00:00:00.000,099741,EURO FX,243434,80190,46508,40852,65786,49071,27267,17294,29608,42980,61218
2014-01-14T00:00:00.000,112741,NZ DOLLAR,22870,15626,8082,1205,0,941,11743,884,729,4012,2114
2014-01-14T00:00:00.000,232741,AUSTRALIAN DOLLAR,112341,9116,58655,769,4402,73712,4652,8121,10006,17946,31949
2014-01-21T00:00:00.000,090741,CANADIAN DOLLAR,169456,18822,98742,12780,16071,94419,989,11336,2078,25156,44633
2014-01-21T00:00:00.000,092741,SWISS FRANC,42110,16295,9472,900,1231,10887,12918,632,2830,12062,14325
2014-01-21T00:00:00.000,096742,BRITISH POUND,208112,120986,41278,26800,27165,13575,85598,2775,25194,37738,22639
2014-01-21T00:00:00.000,097741,JAPANESE YEN,217548,41767,111587,23410,19625,103982,17221,25013,12928,15287,48098
2014-01-21T00:00:00.000,098662,USD INDEX,49768,10304,36009,8405,848,10075,8376,9629,687,8873,1366
2014-01-21T00:00:00.000,099741,EURO FX,255300,74804,51479,40479,65616,69496,24677,18862,30580,38741,70030
2014-01-21T00:00:00.000,112741,NZ DOLLAR,22817,15311,8311,1242,209,941,10891,1094,709,3667,2135
2014-01-21T00:00:00.000,232741,AUSTRALIAN DOLLAR,137503,14433,78250,612,5270,96015,4731,7567,7261,16861,39976
2014-01-28T00:00:00.000,090741,CANADIAN DOLLAR,157214,11944,86683,12833,16764,83566,1519,13130,3127,28499,41879
2014-01-28T00:00:00.000,092741,SWISS FRANC,40869,15499,9920,900,1243,7492,14413,1135,1207,14417,12660
2014-01-28T00:00:00.000,096742,BRITISH POUND,218738,129536,35595,25882,27835,14809,101520,2102,25985,40039,21433
2014-01-28T00:00:00.000,097741,JAPANESE YEN,203014,43671,88714,25807,18128,83311,33443,24608,9615,17046,44543
2014-01-28T00:00:00.000,098662,USD INDEX,48844,8854,35067,7936,619,10069,7920,10832,553,8535,2067
2014-01-28T00:00:00.000,099741,EURO FX,260799,76591,39634,41253,70547,69721,37878,18196,34879,40357,63180
2014-01-28T00:00:00.000,112741,NZ DOLLAR,21796,14609,6240,1152,209,899,11227,890,1114,3469,2229
2014-01-28T00:00:00.000,232741,AUSTRALIAN DOLLAR,136426,12068,77095,578,6073,100898,5127,5384,7871,15049,37811
2014-02-04T00:00:00.000,090741,CANADIAN DOLLAR,160625,12844,87651,14477,17085,88324,1745,13458,3670,25094,44046
2014-02-04T00:00:00.000,092741,SWISS FRANC,41918,17346,9451,900,1243,8461,15487,1525,600,12450,13901
2014-02-04T00:00:00.000,096742,BRITISH POUND,202690,121527,32387,23789,30280,15797,85358,3379,26392,31572,21647
2014-02-04T00:00:00.000,097741,JAPANESE YEN,199361,39967,80115,27542,18147,83358,40582,23645,7438,15924,44154
2014-02-04T00:00:00.000,098662,USD INDEX,47614,7584,35647,9916,529,10077,7831,9972,366,8189,1365
2014-02-04T00:00:00.000,099741,EURO FX,274146,56409,46760,39862,80554,100802,23613,18911,37712,36823,64168
2014-02-04T00:00:00.000,112741,NZ DOLLAR,20098,12726,5788,1183,209,1683,10150,724,425,3165,2909
2014-02-04T00:00:00.000,232741,AUSTRALIAN DOLLAR,125394,9811,65277,655,5566,92018,7538,4625,8771,15582,35539
2014-02-11T00:00:00.000,090741,CANADIAN DOLLAR,157495,10623,85926,14430,16629,84402,2329,14876,4742,25619,40324
2014-02-11T00:00:00.000,092741,SWISS FRANC,42433,16363,10581,900,1149,8719,15634,632,625,14876,13501
2014-02-11T00:00:00.000,096742,BRITISH POUND,204982,121615,33969,24008,30177,19102,85412,1168,28767,31899,19467
2014-02-11T00:00:00.000,097741,JAPANESE YEN,196435,40886,80114,24799,18660,84301,40931,24135,6218,15094,43292
2014-02-11T00:00:00.000,098662,USD INDEX,47189,6847,34409,8950,492,10612,7668,10015,588,8726,1993
2014-02-11T00:00:00.000,099741,EURO FX,281037,65787,51995,40516,80002,96688,33479,17027,36120,41066,59488
2014-02-11T00:00:00.000,112741,NZ DOLLAR,19085,11942,4957,845,209,1856,10602,525,412,3120,2108
2014-02-11T00:00:00.000,232741,AUSTRALIAN DOLLAR,110523,9097,53108,953,5561,77014,9071,5026,7007,15952,33295
2014-02-18T00:00:00.000,090741,CANADIAN DOLLAR,154862,11118,83157,14291,9898,81648,11601,14164,4895,26320,37990
2014-02-18T00:00:00.000,092741,SWISS FRANC,51003,18298,15239,900,1149,9780,18983,1293,1985,19726,12641
2014-02-18T00:00:00.000,096742,BRITISH POUND,241471,148409,45719,24877,28236,17792,107788,1568,28877,40662,22688
2014-02-18T00:00:00.000,097741,JAPANESE YEN,200057,43462,82600,23105,17418,85445,38326,25144,7511,15153,46454
2014-02-18T00:00:00.000,098662,USD INDEX,49629,7694,31552,6704,3291,10303,7993,12876,1635,9350,2456
2014-02-18T00:00:00.000,099741,EURO FX,291360,78567,46323,41219,78888,87336,47163,17757,37319,46243,61429
2014-02-18T00:00:00.000,112741,NZ DOLLAR,21516,14158,5793,827,209,1667,11949,524,809,3589,2005
2014-02-18T00:00:00.000,232741,AUSTRALIAN DOLLAR,103049,8330,46950,943,5281,68397,9468,6059,7253,16901,31678
2014-02-25T00:00:00.000,090741,CANADIAN DOLLAR,141519,7202,73459,14722,6834,70618,12103,14121,4999,26616,35884
2014-02-25T00:00:00.000,092741,SWISS FRANC,55157,23066,16611,900,1180,9439,21796,2063,1805,18660,12736
2014-02-25T00:00:00.000,096742,BRITISH POUND,257037,148874,42937,25691,28030,19780,119262,1996,26949,39946,19109
2014-02-25T00:00:00.000,097741,JAPANESE YEN,203743,41622,85939,21349,17856,89792,39880,25652,7983,16054,42811
2014-02-25T00:00:00.000,098662,USD INDEX,49811,7091,30940,6723,4703,10094,7709,14200,1374,8846,2228
2014-02-25T00:00:00.000,099741,EURO FX,296924,82354,44265,42683,81330,85407,52613,18688,36736,46580,60768
2014-02-25T00:00:00.000,112741,NZ DOLLAR,22142,15468,5032,848,207,1042,13375,524,796,3663,2135
2014-02-25T00:00:00.000,232741,AUSTRALIAN DOLLAR,98643,9176,42787,987,4644,63662,10306,6250,6461,16595,32472
2014-03-04T00:00:00.000,090741,CANADIAN DOLLAR,147033,8792,75645,14166,7950,70979,12264,14743,4043,26947,35725
2014-03-04T00:00:00.000,092741,SWISS FRANC,60532,25244,18910,934,1965,10467,26861,2416,0,20320,11645
2014-03-04T00:00:00.000,096742,BRITISH POUND,254013,147841,41489,24554,27268,18342,119563,1751,24145,39727,19750
2014-03-04T00:00:00.000,097741,JAPANESE YEN,205886,47331,88276,19358,18243,84547,36399,27121,6488,17312,46263
2014-03-04T00:00:00.000,098662,USD INDEX,52552,13139,31032,6453,6086,10130,7740,10544,1532,8510,2386
2014-03-04T00:00:00.000,099741,EURO FX,304308,96160,48412,41884,83269,81771,58970,18839,35298,48210,60915
2014-03-04T00:00:00.000,112741,NZ DOLLAR,25616,18171,5360,855,189,1031,16521,524,596,4305,2220
2014-03-04T00:00:00.000,232741,AUSTRALIAN DOLLAR,105792,11145,51536,3367,5096,64120,6180,6831,7399,15872,31124
2014-03-11T00:00:00.000,090741,CANADIAN DOLLAR,153639,10085,70108,14449,7791,69939,15717,15307,5360,26473,37277
2014-03-11T00:00:00.000,092741,SWISS FRANC,66889,26467,12221,934,1965,7994,30679,1729,1248,21925,12936
2014-03-11T00:00:00.000,096742,BRITISH POUND,250867,137477,36462,24814,27509,28194,125235,2719,23234,37600,18364
2014-03-11T00:00:00.000,097741,JAPANESE YEN,242170,43677,100229,18906,18394,97304,28513,24379,6735,17940,48335
2014-03-11T00:00:00.000,098662,USD INDEX,58004,17742,35559,6475,6555,9922,7755,12386,1856,8287,3087
2014-03-11T00:00:00.000,099741,EURO FX,322020,106455,43550,41452,87563,73477,63301,17463,30180,54931,69184
2014-03-11T00:00:00.000,112741,NZ DOLLAR,31905,20332,6147,711,189,1041,17514,528,609,4927,3080
2014-03-11T00:00:00.000,232741,AUSTRALIAN DOLLAR,122241,7914,49337,4042,3976,65169,10038,7134,6415,18963,33456
2014-03-18T00:00:00.000,090741,CANADIAN DOLLAR,186782,19629,88669,14483,8124,74388,16690,16641,5126,27893,34425
2014-03-18T00:00:00.000,092741,SWISS FRANC,49391,24679,15586,934,1965,813,19941,632,0,21853,11419
2014-03-18T00:00:00.000,096742,BRITISH POUND,208961,134478,28584,23927,28084,7419,100490,4298,26811,33071,19224
2014-03-18T00:00:00.000,097741,JAPANESE YEN,156922,26521,75369,20280,18137,79833,10984,3442,5054,19759,40291
2014-03-18T00:00:00.000,098662,USD INDEX,51698,8383,36836,7091,6675,13122,153,11753,1836,8084,2933
2014-03-18T00:00:00.000,099741,EURO FX,264443,103686,33399,42097,92259,34889,31876,22110,30700,50122,64670
2014-03-18T00:00:00.000,112741,NZ DOLLAR,31463,23334,9942,857,189,976,17832,721,676,5371,2620
2014-03-18T00:00:00.000,232741,AUSTRALIAN DOLLAR,81737,21448,37091,5088,4767,29741,5302,4264,7211,20430,26600
2014-03-25T00:00:00.000,090741,CANADIAN DOLLAR,133246,43634,71904,14509,8756,29163,3838,16336,2380,22359,39123
2014-03-25T00:00:00.000,092741,SWISS FRANC,47353,24405,15594,934,1965,660,16703,632,532,20149,11986
2014-03-25T00:00:00.000,096742,BRITISH POUND,202115,130224,26035,23568,28315,9965,94041,1993,30050,30397,17706
2014-03-25T00:00:00.000,097741,JAPANESE YEN,158280,22065,75868,19806,19334,93589,9721,2758,5277,13356,41374
2014-03-25T00:00:00.000,098662,USD INDEX,50393,5122,37812,7830,5575,12455,526,13801,1068,8117,2344
2014-03-25T00:00:00.000,099741,EURO FX,262179,95313,35310,42337,92523,42530,26612,23186,32320,46532,63133
2014-03-25T00:00:00.000,112741,NZ DOLLAR,32748,24745,9025,1327,189,884,20030,521,878,5005,2360
2014-03-25T00:00:00.000,232741,AUSTRALIAN DOLLAR,84232,25739,35731,6242,4333,25149,9343,4332,6547,21678,27186
2014-04-01T00:00:00.000,090741,CANADIAN DOLLAR,117966,30213,62407,14779,8529,26035,4045,17574,2886,23332,34066
2014-04-01T00:00:00.000,092741,SWISS FRANC,47228,24168,16128,934,1965,3138,15919,632,611,17992,12241
2014-04-01T00:00:00.000,096742,BRITISH POUND,211437,141351,33275,24063,27813,8124,98318,1974,29102,31115,18119
2014-04-01T00:00:00.000,097741,JAPANESE YEN,188464,32157,96976,17796,20460,115453,10089,3298,6767,13761,48173
2014-04-01T00:00:00.000,098662,USD INDEX,52151,5793,40036,8082,4649,12457,809,14081,1305,8334,1948
2014-04-01T00:00:00.000,099741,EURO FX,260075,89129,37164,42071,91478,47949,26479,26954,32205,42599,61376
2014-04-01T00:00:00.000,112741,NZ DOLLAR,32313,21919,8014,1391,189,946,20777,2885,549,4887,2499
2014-04-01T00:00:00.000,232741,AUSTRALIAN DOLLAR,93999,35355,30372,7513,3913,22418,25431,2861,7193,24015,25253
2014-04-08T00:00:00.000,090741,CANADIAN DOLLAR,120336,30064,60963,14882,7256,25725,7844,17024,3212,25316,33736
2014-04-08T00:00:00.000,092741,SWISS FRANC,44752,18662,13847,934,2013,9073,14406,613,901,15101,13216
2014-04-08T00:00:00.000,096742,BRITISH POUND,226667,155023,37067,21423,28062,7659,104778,1900,32521,36204,19781
2014-04-08T00:00:00.000,097741,JAPANESE YEN,181814,24135,90072,18766,19249,112183,13948,2652,7056,16425,43836
2014-04-08T00:00:00.000,098662,USD INDEX,50988,5741,31729,7405,3638,9782,8654,14902,801,8951,1959
2014-04-08T00:00:00.000,099741,EURO FX,261439,78871,41407,42370,90142,58013,26687,26463,29534,43729,61676
2014-04-08T00:00:00.000,112741,NZ DOLLAR,32898,22536,7368,1586,189,1055,21825,2806,637,4696,2660
2014-04-08T00:00:00.000,232741,AUSTRALIAN DOLLAR,96887,38593,25557,5654,3864,21824,32365,3410,6489,25389,26595
2014-04-15T00:00:00.000,090741,CANADIAN DOLLAR,119525,30066,62794,15556,7733,23729,11506,17591,2493,26993,29409
2014-04-15T00:00:00.000,092741,SWISS FRANC,48976,23292,17389,900,2239,6634,16371,613,824,17045,11661
2014-04-15T00:00:00.000,096742,BRITISH POUND,226688,153455,29828,21816,30857,7555,114776,1444,28837,38362,18334
2014-04-15T00:00:00.000,097741,JAPANESE YEN,164843,22729,71705,19414,20856,91562,17182,2735,4670,18652,40679
2014-04-15T00:00:00.000,098662,USD INDEX,52388,12540,32936,7362,4635,9851,7765,11801,1513,8131,2836
2014-04-15T00:00:00.000,099741,EURO FX,270722,92934,48114,41858,89487,51748,28306,28583,30919,43070,61367
2014-04-15T00:00:00.000,112741,NZ DOLLAR,33100,22390,7297,1604,189,1099,21726,3050,933,4742,2740
2014-04-15T00:00:00.000,232741,AUSTRALIAN DOLLAR,98933,41643,23397,5528,3739,20538,36234,3608,6777,25621,26791
2014-04-22T00:00:00.000,090741,CANADIAN DOLLAR,118707,30567,62088,14142,7807,23494,12391,17216,2503,27599,28229
2014-04-22T00:00:00.000,092741,SWISS FRANC,46888,21119,14967,900,2013,6582,16006,613,1094,17216,12350
2014-04-22T00:00:00.000,096742,BRITISH POUND,237055,162393,34704,22182,29683,7228,118023,1356,30026,39617,20340
2014-04-22T00:00:00.000,097741,JAPANESE YEN,165674,25236,75018,18357,18264,93996,17017,2550,5708,16568,40700
2014-04-22T00:00:00.000,098662,USD INDEX,50260,9340,31333,7662,4467,9851,7747,11643,1386,8787,2350
2014-04-22T00:00:00.000,099741,EURO FX,266259,88509,44544,41339,87009,50580,26292,29311,32531,43474,62837
2014-04-22T00:00:00.000,112741,NZ DOLLAR,32579,21831,6009,1620,189,1103,22814,3019,872,4769,2458
2014-04-22T00:00:00.000,232741,AUSTRALIAN DOLLAR,107696,50476,23298,5498,3688,18499,47811,3405,6691,27707,24097
2014-04-29T00:00:00.000,090741,CANADIAN DOLLAR,123589,32506,60770,13679,8552,23047,15276,17797,2721,29060,28770
2014-04-29T00:00:00.000,092741,SWISS FRANC,47424,21359,15347,900,2013,6343,16457,613,1174,17239,11463
2014-04-29T00:00:00.000,096742,BRITISH POUND,236030,156816,33623,22713,29777,7645,118040,2330,29146,41245,20163
2014-04-29T00:00:00.000,097741,JAPANESE YEN,168820,20892,76299,18870,18409,99672,15985,3765,4480,15993,44019
2014-04-29T00:00:00.000,098662,USD INDEX,52985,9297,34057,7907,4278,9851,7696,14107,1485,8701,2347
2014-04-29T00:00:00.000,099741,EURO FX,271515,88206,48473,42116,82335,50893,29344,31094,31870,43963,64250
2014-04-29T00:00:00.000,112741,NZ DOLLAR,29858,21399,4761,1468,189,1341,20984,521,888,4876,2783
2014-04-29T00:00:00.000,232741,AUSTRALIAN DOLLAR,109934,51973,28927,5423,3746,22228,44291,1850,7128,25704,23086
2014-05-06T00:00:00.000,090741,CANADIAN DOLLAR,122287,28839,58410,13880,8653,24692,15184,18423,3471,29590,29706
2014-05-06T00:00:00.000,092741,SWISS FRANC,55538,24489,19454,900,2013,5554,20443,613,1523,23131,11254
2014-05-06T00:00:00.000,096742,BRITISH POUND,241264,156033,32184,23776,29348,7652,125746,1301,25133,46317,22668
2014-05-06T00:00:00.000,097741,JAPANESE YEN,167093,25799,74461,19241,17664,87569,17973,4515,4842,20221,42405
2014-05-06T00:00:00.000,098662,USD INDEX,59850,13211,38657,6537,4580,9862,6647,15619,2357,9974,2962
2014-05-06T00:00:00.000,099741,EURO FX,277013,95027,50047,42940,74367,41059,35135,31200,33742,50182,67117
2014-05-06T00:00:00.000,112741,NZ DOLLAR,33025,23390,4468,1685,509,2074,22878,521,643,5108,4280
2014-05-06T00:00:00.000,232741,AUSTRALIAN DOLLAR,104936,45788,27119,5522,3957,21894,40201,2146,8019,26748,22802
2014-05-13T00:00:00.000,090741,CANADIAN DOLLAR,121632,28502,52814,13816,7187,25514,20885,17541,1738,29005,31754
2014-05-13T00:00:00.000,092741,SWISS FRANC,45282,16395,19811,900,2229,9217,8862,1079,1312,16817,12194
2014-05-13T00:00:00.000,096742,BRITISH POUND,230333,140876,29298,24767,30227,12986,119711,1591,23557,41685,19112
2014-05-13T00:00:00.000,097741,JAPANESE YEN,164707,24568,74476,19754,17274,90982,15570,2906,5611,18419,43698
2014-05-13T00:00:00.000,098662,USD INDEX,50532,8386,33234,6269,2389,10389,6506,13387,1201,8221,3322
2014-05-13T00:00:00.000,099741,EURO FX,268142,67940,59727,44044,67355,60718,25592,29510,31842,45145,62841
2014-05-13T00:00:00.000,112741,NZ DOLLAR,30932,22012,4228,2111,509,1552,22236,518,875,4445,2790
2014-05-13T00:00:00.000,232741,AUSTRALIAN DOLLAR,107302,51927,22254,5094,3281,20267,49482,1213,6775,26160,22869
2014-05-20T00:00:00.000,090741,CANADIAN DOLLAR,121268,28339,51672,13783,6045,25401,21276,17499,2238,28322,32113
2014-05-20T00:00:00.000,092741,SWISS FRANC,48803,16837,21986,900,2229,14344,8475,613,1472,15157,13689
2014-05-20T00:00:00.000,096742,BRITISH POUND,237637,151947,37204,24843,30334,13946,115263,1182,25818,36374,19673
2014-05-20T00:00:00.000,097741,JAPANESE YEN,164819,24232,64442,21130,17202,81118,28266,4044,5942,24230,38902
2014-05-20T00:00:00.000,098662,USD INDEX,47494,6743,32372,6468,1782,10133,6812,13045,678,7617,2362
2014-05-20T00:00:00.000,099741,EURO FX,268199,57288,60999,47713,66251,73464,23477,25799,31442,40924,63019
2014-05-20T00:00:00.000,112741,NZ DOLLAR,30556,20599,4284,2544,509,2337,21911,518,1175,4278,2397
2014-05-20T00:00:00.000,232741,AUSTRALIAN DOLLAR,107613,52948,20817,4161,3480,19700,47849,1391,6291,25754,25517
2014-05-27T00:00:00.000,090741,CANADIAN DOLLAR,129989,34701,53942,13951,5779,25172,28125,17617,3336,29924,30183
2014-05-27T00:00:00.000,092741,SWISS FRANC,48284,11345,19926,900,2229,19998,8387,613,1528,14510,15296
2014-05-27T00:00:00.000,096742,BRITISH POUND,238440,153626,34111,24772,30566,13614,120731,1151,23702,35977,20030
2014-05-27T00:00:00.000,097741,JAPANESE YEN,162820,24365,69150,23331,16057,83254,22942,3576,4439,19139,41077
2014-05-27T00:00:00.000,098662,USD INDEX,49243,6767,34729,7532,1206,10213,7136,13636,628,7713,2162
2014-05-27T00:00:00.000,099741,EURO FX,274051,50359,64444,48056,67752,88065,22532,24413,31397,39247,64015
2014-05-27T00:00:00.000,112741,NZ DOLLAR,30649,20150,4379,2554,189,2425,22419,515,775,4757,2639
2014-05-27T00:00:00.000,232741,AUSTRALIAN DOLLAR,109139,54473,25947,3924,3751,21141,44350,656,6935,25246,24457
2014-06-03T00:00:00.000,090741,CANADIAN DOLLAR,130275,34212,55288,13893,4788,25426,27730,18917,1783,28611,31470
2014-06-03T00:00:00.000,092741,SWISS FRANC,48936,11962,18503,900,2229,22555,9359,613,1548,11370,15761
2014-06-03T00:00:00.000,096742,BRITISH POUND,239604,150539,34228,27929,30877,15509,116341,2242,25119,31441,21095
2014-06-03T00:00:00.000,097741,JAPANESE YEN,171804,25798,79927,25790,16606,94759,14965,3633,5147,15375,48710
2014-06-03T00:00:00.000,098662,USD INDEX,54011,9758,38952,9298,968,10203,7413,12623,818,8250,1981
2014-06-03T00:00:00.000,099741,EURO FX,280747,38195,68036,46996,68187,106584,21193,23805,30339,38419,66244
2014-06-03T00:00:00.000,112741,NZ DOLLAR,30066,20593,4923,1933,189,1535,20571,1325,794,4032,2941
2014-06-03T00:00:00.000,232741,AUSTRALIAN DOLLAR,110911,59587,25159,3638,3462,20448,48746,542,7577,24123,23394
2014-06-10T00:00:00.000,090741,CANADIAN DOLLAR,125832,33813,53784,13579,4546,22614,22471,16722,2008,28518,32437
2014-06-10T00:00:00.000,092741,SWISS FRANC,52445,9751,17180,900,2139,23525,8754,613,1751,11758,16723
2014-06-10T00:00:00.000,096742,BRITISH POUND,271602,158171,46970,28338,30107,16548,121212,1670,22025,36204,20617
2014-06-10T00:00:00.000,097741,JAPANESE YEN,201094,25188,85905,28652,17570,97764,16200,3702,3719,16662,48574
2014-06-10T00:00:00.000,098662,USD INDEX,53957,11554,36784,9880,1093,9837,7457,9034,746,7739,1964
2014-06-10T00:00:00.000,099741,EURO FX,331636,28211,80460,47264,68181,135220,25794,22957,28424,40873,71666
2014-06-10T00:00:00.000,112741,NZ DOLLAR,32946,19049,4157,1876,189,1282,19549,1064,604,3944,2716
2014-06-10T00:00:00.000,232741,AUSTRALIAN DOLLAR,128984,63378,24671,2101,3095,20845,59610,1874,6754,30530,24598
2014-06-17T00:00:00.000,090741,CANADIAN DOLLAR,132209,22357,54152,13679,3909,21019,25774,16925,2367,42340,30118
2014-06-17T00:00:00.000,092741,SWISS FRANC,32259,15801,11964,900,2139,5020,2190,613,0,9695,15736
2014-06-17T00:00:00.000,096742,BRITISH POUND,250231,173283,53009,28817,30552,1934,105766,2087,37144,40174,19824
2014-06-17T00:00:00.000,097741,JAPANESE YEN,153007,20271,80418,29402,17805,84148,7588,2313,2688,15129,42764
2014-06-17T00:00:00.000,098662,USD INDEX,55245,13714,20186,9587,1221,10876,29818,11996,299,6781,1430
2014-06-17T00:00:00.000,099741,EURO FX,285489,41530,91462,47874,70124,122240,17681,26650,28341,33681,64367
2014-06-17T00:00:00.000,112741,NZ DOLLAR,28467,20155,16968,2039,829,1628,3984,516,3813,3784,2528
2014-06-17T00:00:00.000,232741,AUSTRALIAN DOLLAR,99400,61085,29534,2605,2504,2701,35555,474,9251,31058,21079
2014-06-24T00:00:00.000,090741,CANADIAN DOLLAR,103193,23621,43314,13990,2418,10590,15211,16541,4579,29986,29206
2014-06-24T00:00:00.000,092741,SWISS FRANC,33599,9532,14561,900,2139,11790,2902,613,0,10517,13750
2014-06-24T00:00:00.000,096742,BRITISH POUND,254369,176002,52980,29195,30211,3909,110583,1830,36307,39105,19960
2014-06-24T00:00:00.000,097741,JAPANESE YEN,148257,17172,75625,30574,16701,80770,9012,2477,3700,15335,41290
2014-06-24T00:00:00.000,098662,USD INDEX,58484,14517,22095,8757,1184,10783,29781,13856,531,7729,2051
2014-06-24T00:00:00.000,099741,EURO FX,291244,44148,93738,48070,71008,124921,17971,27099,28359,33592,66754
2014-06-24T00:00:00.000,112741,NZ DOLLAR,31415,23543,17601,1996,509,1580,6040,475,4174,3476,2746
2014-06-24T00:00:00.000,232741,AUSTRALIAN DOLLAR,101998,65126,27017,2645,2493,1319,38262,500,10294,30360,21884
2014-07-01T00:00:00.000,090741,CANADIAN DOLLAR,111438,29219,40340,13513,2170,10697,29589,16313,4271,33855,27227
2014-07-01T00:00:00.000,092741,SWISS FRANC,35221,10010,17241,900,2139,11949,1517,613,0,11424,13999
2014-07-01T00:00:00.000,096742,BRITISH POUND,255911,176813,50340,27692,30053,2551,111137,2917,37328,41403,22518
2014-07-01T00:00:00.000,097741,JAPANESE YEN,156480,19599,72574,30855,16894,75858,23509,3809,2467,22898,37575
2014-07-01T00:00:00.000,098662,USD INDEX,58275,17598,21679,6990,1494,10574,28786,11931,1156,8255,2233
2014-07-01T00:00:00.000,099741,EURO FX,291488,40639,92697,48334,70415,123003,17969,28959,29261,36902,67495
2014-07-01T00:00:00.000,112741,NZ DOLLAR,33455,25260,16330,2048,509,1625,9156,520,4342,3802,2918
2014-07-01T00:00:00.000,232741,AUSTRALIAN DOLLAR,114918,75971,31998,3324,2465,1913,46781,721,10911,31977,21751
2014-07-08T00:00:00.000,090741,CANADIAN DOLLAR,128555,43068,45915,14020,2152,14134,43397,14098,4259,35538,25135
2014-07-08T00:00:00.000,092741,SWISS FRANC,35053,9446,15986,900,2189,12000,1770,613,0,11785,14799
2014-07-08T00:00:00.000,096742,BRITISH POUND,254788,167457,50649,28146,30228,8530,108837,2459,37548,42125,21455
2014-07-08T00:00:00.000,097741,JAPANESE YEN,157710,16100,74561,31766,17336,84162,22591,2886,1871,20175,38730
2014-07-08T00:00:00.000,098662,USD INDEX,54011,13794,17995,6836,1463,10574,28477,11712,611,7794,2164
2014-07-08T00:00:00.000,099741,EURO FX,294381,39902,91011,47704,71799,131401,16599,26813,28766,33192,70837
2014-07-08T00:00:00.000,112741,NZ DOLLAR,36123,25637,12960,1917,509,636,11103,519,4588,4214,3763
2014-07-08T00:00:00.000,232741,AUSTRALIAN DOLLAR,101860,65795,25117,2676,3256,1715,38666,118,9297,28801,22769
2014-07-15T00:00:00.000,090741,CANADIAN DOLLAR,129787,44633,42955,14025,2061,14739,48192,14613,3205,34170,25767
2014-07-15T00:00:00.000,092741,SWISS FRANC,35007,9194,15061,900,2189,12027,992,613,0,11565,16057
2014-07-15T00:00:00.000,096742,BRITISH POUND,255115,166733,52798,28193,30250,9926,109054,1840,36111,42976,21455
2014-07-15T00:00:00.000,097741,JAPANESE YEN,155127,13647,68318,32470,17046,84732,27713,3364,2148,18395,37383
2014-07-15T00:00:00.000,098662,USD INDEX,53919,12696,18463,7165,1190,10937,28474,11558,577,8458,2110
2014-07-15T00:00:00.000,099741,EURO FX,310661,52941,102424,47600,75119,134432,15670,27763,28960,33139,73702
2014-07-15T00:00:00.000,112741,NZ DOLLAR,32879,25571,12609,1860,509,762,11352,517,4061,3969,4148
2014-07-15T00:00:00.000,232741,AUSTRALIAN DOLLAR,105209,69942,25978,2688,3361,1428,40282,135,8579,27413,23406
2014-07-22T00:00:00.000,090741,CANADIAN DOLLAR,129188,43845,39968,13571,2071,14675,50759,16833,1951,31873,26048
2014-07-22T00:00:00.000,092741,SWISS FRANC,38359,10048,17022,1559,2203,15132,57,613,0,10470,18540
2014-07-22T00:00:00.000,096742,BRITISH POUND,241155,152059,50865,28243,30363,11792,96954,3604,34902,39103,21717
2014-07-22T00:00:00.000,097741,JAPANESE YEN,162029,17045,63261,33469,16638,84823,37392,3056,1882,20251,39471
2014-07-22T00:00:00.000,098662,USD INDEX,57646,15930,22155,7671,1124,11328,28998,11840,465,7895,1922
2014-07-22T00:00:00.000,099741,EURO FX,339706,58693,125676,47061,76543,155038,13639,27114,29876,36419,78591
2014-07-22T00:00:00.000,112741,NZ DOLLAR,32728,25013,12656,1916,509,1058,12842,622,3347,3919,3174
2014-07-22T00:00:00.000,232741,AUSTRALIAN DOLLAR,109341,71605,27821,2484,3679,1593,43872,555,9152,29837,21550
2014-07-29T00:00:00.000,090741,CANADIAN DOLLAR,122619,38772,31346,16193,3326,14554,54184,17066,1913,30066,25882
2014-07-29T00:00:00.000,092741,SWISS FRANC,44022,11007,20516,1559,2192,20678,39,613,0,9463,20573
2014-07-29T00:00:00.000,096742,BRITISH POUND,237411,151461,54490,27221,30566,10315,86866,6533,36239,35338,22707
2014-07-29T00:00:00.000,097741,JAPANESE YEN,172210,17776,76713,33813,18464,95609,26794,3987,3484,17567,43297
2014-07-29T00:00:00.000,098662,USD INDEX,74037,28335,38587,9051,156,12031,30232,13195,264,8415,1788
2014-07-29T00:00:00.000,099741,EURO FX,356865,61074,143273,47520,69870,171311,13610,25916,31560,34712,82220
2014-07-29T00:00:00.000,112741,NZ DOLLAR,30531,22164,10433,1886,189,1861,13761,525,3319,3870,2604
2014-07-29T00:00:00.000,232741,AUSTRALIAN DOLLAR,106836,68254,23240,2932,5390,2829,43072,1082,9769,27723,21349
2014-08-05T00:00:00.000,090741,CANADIAN DOLLAR,115261,31324,24322,16218,3703,14029,49373,19444,1946,26650,28321
2014-08-05T00:00:00.000,092741,SWISS FRANC,57238,11792,28738,1599,2268,34956,1605,613,0,7820,24169
2014-08-05T00:00:00.000,096742,BRITISH POUND,230801,137891,57894,25860,31344,23326,73549,4605,36983,32360,24272
2014-08-05T00:00:00.000,097741,JAPANESE YEN,192906,23451,100618,34025,18889,111391,10849,3482,2892,14140,53241
2014-08-05T00:00:00.000,098662,USD INDEX,82000,34175,43543,11644,0,12317,33441,11715,311,9073,1629
2014-08-05T00:00:00.000,099741,EURO FX,379004,58092,163345,46877,66355,196767,14657,25054,32136,33845,84142
2014-08-05T00:00:00.000,112741,NZ DOLLAR,25603,17245,6446,1856,189,2106,12566,656,3444,3397,2615
2014-08-05T00:00:00.000,232741,AUSTRALIAN DOLLAR,98196,61265,22498,2608,7476,4462,31590,904,9127,24162,22710
2014-08-12T00:00:00.000,090741,CANADIAN DOLLAR,108979,25306,22912,16091,3757,14780,42058,18848,1960,26051,30389
2014-08-12T00:00:00.000,092741,SWISS FRANC,51981,7940,23252,1599,2287,34216,1457,613,0,6961,24333
2014-08-12T00:00:00.000,096742,BRITISH POUND,223719,132642,52757,24687,30935,26450,72755,4046,36045,29849,25182
2014-08-12T00:00:00.000,097741,JAPANESE YEN,192140,25113,94908,34041,17598,108904,28040,4571,1252,14324,45155
2014-08-12T00:00:00.000,098662,USD INDEX,84214,34925,44992,11665,0,12938,33240,11422,620,10334,2432
2014-08-12T00:00:00.000,099741,EURO FX,376424,54781,159247,40997,64844,199980,16316,25584,31598,35964,85301
2014-08-12T00:00:00.000,112741,NZ DOLLAR,25214,16142,6494,1862,189,2157,11714,964,3654,3704,2778
2014-08-12T00:00:00.000,232741,AUSTRALIAN DOLLAR,94030,55276,20409,2003,7469,9662,30199,207,8972,21993,22092
2014-08-19T00:00:00.000,090741,CANADIAN DOLLAR,113301,25211,31965,15990,3330,18688,36707,18029,1977,27821,31760
2014-08-19T00:00:00.000,092741,SWISS FRANC,50414,8483,21992,1599,2720,31958,1680,613,0,6809,23070
2014-08-19T00:00:00.000,096742,BRITISH POUND,237291,126179,61213,22447,31001,46718,73026,4449,37267,28900,26186
2014-08-19T00:00:00.000,097741,JAPANESE YEN,203180,31725,105370,34333,19366,113309,18072,4892,1380,13152,53223
2014-08-19T00:00:00.000,098662,USD INDEX,89417,38269,49755,12272,0,13350,33228,12927,1160,9467,2142
2014-08-19T00:00:00.000,099741,EURO FX,396460,59429,176719,46109,64507,208273,18177,25072,28659,33921,84742
2014-08-19T00:00:00.000,112741,NZ DOLLAR,24048,15546,6824,1514,189,2384,9956,769,3654,3441,3031
2014-08-19T00:00:00.000,232741,AUSTRALIAN DOLLAR,103432,66448,23915,1971,7288,3258,33603,194,9672,25706,23099
2014-08-26T00:00:00.000,090741,CANADIAN DOLLAR,108441,22450,30446,15850,4024,19363,34899,15891,1976,26986,29195
2014-08-26T00:00:00.000,092741,SWISS FRANC,53761,9435,20706,1599,2747,30591,1628,593,0,6206,23343
2014-08-26T00:00:00.000,096742,BRITISH POUND,233435,109013,56015,20088,31033,61761,72832,5458,38386,27886,25940
2014-08-26T00:00:00.000,097741,JAPANESE YEN,218009,31770,122202,34314,19586,128155,7250,3091,2069,13096,59319
2014-08-26T00:00:00.000,098662,USD INDEX,90807,38130,50256,12300,0,13783,33328,13259,2158,9714,1444
2014-08-26T00:00:00.000,099741,EURO FX,402709,52160,178320,46667,67654,217173,18511,24299,30373,36618,82059
2014-08-26T00:00:00.000,112741,NZ DOLLAR,23619,15090,7151,1514,189,2377,9364,671,3644,3502,2806
2014-08-26T00:00:00.000,232741,AUSTRALIAN DOLLAR,107819,72762,23349,2030,7295,2526,38253,222,11309,24482,21816
2014-09-02T00:00:00.000,090741,CANADIAN DOLLAR,105984,20890,24962,16000,2758,18078,39647,14950,2734,27465,27282
2014-09-02T00:00:00.000,092741,SWISS FRANC,60436,11109,22415,1599,2808,33012,1984,593,0,7679,26785
2014-09-02T00:00:00.000,096742,BRITISH POUND,238973,107623,57851,19503,31489,72581,74580,4398,38287,27000,28898
2014-09-02T00:00:00.000,097741,JAPANESE YEN,230937,26430,130130,34883,19813,143384,8272,3796,4155,15503,61626
2014-09-02T00:00:00.000,098662,USD INDEX,87783,35735,47137,12138,0,13805,33072,13265,2775,9797,1756
2014-09-02T00:00:00.000,099741,EURO FX,419850,61387,188588,41240,69856,230734,19784,25352,32944,35508,83049
2014-09-02T00:00:00.000,112741,NZ DOLLAR,23319,14148,8325,1664,189,3193,8102,632,3352,3162,2831
2014-09-02T00:00:00.000,232741,AUSTRALIAN DOLLAR,114146,77816,21970,2454,8025,2104,44334,1050,11106,23764,21753
2014-09-09T00:00:00.000,090741,CANADIAN DOLLAR,102951,19950,20404,15942,2992,20022,38282,12848,1813,25627,30898
2014-09-09T00:00:00.000,092741,SWISS FRANC,77317,11934,23709,1654,2849,34804,3192,568,0,7545,26755
2014-09-09T00:00:00.000,096742,BRITISH POUND,256591,103814,56494,15742,30750,94051,84818,2357,34853,22891,31940
2014-09-09T00:00:00.000,097741,JAPANESE YEN,255624,28874,115498,33766,22922,130762,6892,1999,3583,15287,61793
2014-09-09T00:00:00.000,098662,USD INDEX,89540,32714,49330,13055,190,13991,33038,16814,1524,9536,2028
2014-09-09T00:00:00.000,099741,EURO FX,484306,67831,186378,44423,70436,228008,27374,28671,33343,36588,87990
2014-09-09T00:00:00.000,112741,NZ DOLLAR,24920,12618,8277,2049,189,4007,7990,744,3142,3434,3254
2014-09-09T00:00:00.000,232741,AUSTRALIAN DOLLAR,126831,75101,25654,3102,8571,2242,36225,955,11723,23272,22499
2014-09-16T00:00:00.000,090741,CANADIAN DOLLAR,110275,24281,27657,16147,3715,23999,34272,14253,2289,22886,33633
2014-09-16T00:00:00.000,092741,SWISS FRANC,54929,13819,23725,1654,2903,31946,1869,1039,0,6248,26209
2014-09-16T00:00:00.000,096742,BRITISH POUND,134560,73666,43077,12249,31929,16852,7370,4781,15978,19933,29127
2014-09-16T00:00:00.000,097741,JAPANESE YEN,208235,36991,113583,33687,27872,112322,3664,11628,2465,11766,58810
2014-09-16T00:00:00.000,098662,USD INDEX,90930,35354,30529,13458,380,14006,56131,17210,744,9159,1403
2014-09-16T00:00:00.000,099741,EURO FX,397652,80424,182280,43534,73166,185302,16873,43600,28444,29840,81937
2014-09-16T00:00:00.000,112741,NZ DOLLAR,16050,9064,8542,1674,0,2310,3057,469,759,2376,3535
2014-09-16T00:00:00.000,232741,AUSTRALIAN DOLLAR,97839,57012,21537,1897,9524,17520,19562,987,16240,18383,28936
2014-09-23T00:00:00.000,090741,CANADIAN DOLLAR,76530,15060,24806,16169,3792,4781,8071,12483,2192,22941,32573
2014-09-23T00:00:00.000,092741,SWISS FRANC,52124,9774,21319,1053,3008,33320,2401,503,0,7208,25130
2014-09-23T00:00:00.000,096742,BRITISH POUND,134061,73876,36900,11810,34482,15086,8023,6144,15327,19758,31942
2014-09-23T00:00:00.000,097741,JAPANESE YEN,222214,30416,124263,32602,29019,127486,4589,11952,3224,16558,57919
2014-09-23T00:00:00.000,098662,USD INDEX,93016,36007,31038,12996,380,13275,56464,18298,304,10157,2547
2014-09-23T00:00:00.000,099741,EURO FX,398937,61813,170386,44085,79850,193302,19225,46496,27364,32965,81836
2014-09-23T00:00:00.000,112741,NZ DOLLAR,16146,9179,7451,1513,0,2254,3603,496,756,2507,4139
2014-09-23T00:00:00.000,232741,AUSTRALIAN DOLLAR,105756,54736,23167,1425,12748,26162,18000,1027,20526,20610,29519
2014-09-30T00:00:00.000,090741,CANADIAN DOLLAR,89376,20147,35510,19222,5105,7131,6665,12623,2251,24520,34112
2014-09-30T00:00:00.000,092741,SWISS FRANC,57223,13490,24816,610,3277,35129,3032,503,0,6732,25339
2014-09-30T00:00:00.000,096742,BRITISH POUND,132369,75814,31702,12959,36135,9989,12717,6006,17455,20927,27686
2014-09-30T00:00:00.000,097741,JAPANESE YEN,239477,35592,130165,31952,33894,140967,7629,12311,7535,14662,56261
2014-09-30T00:00:00.000,098662,USD INDEX,95588,33916,34000,12087,0,13596,56357,22400,285,10911,2268
2014-09-30T00:00:00.000,099741,EURO FX,409986,65812,164819,44090,83564,199628,27283,44981,29149,34125,83821
2014-09-30T00:00:00.000,112741,NZ DOLLAR,18209,10205,9249,1388,0,3082,2589,748,1379,2352,4558
2014-09-30T00:00:00.000,232741,AUSTRALIAN DOLLAR,118488,47917,29047,1440,14072,44470,17003,3602,22276,19317,34348
2014-10-07T00:00:00.000,090741,CANADIAN DOLLAR,100900,25768,45060,19746,3984,10358,5313,13979,2315,22700,35879
2014-10-07T00:00:00.000,092741,SWISS FRANC,60516,16308,28198,1199,3331,35977,3555,503,0,5754,24657
2014-10-07T00:00:00.000,096742,BRITISH POUND,129666,65834,26095,12295,36422,19469,14584,4728,15424,19125,28926
2014-10-07T00:00:00.000,097741,JAPANESE YEN,223255,27877,117443,32080,31997,123682,4361,13026,6973,20602,56493
2014-10-07T00:00:00.000,098662,USD INDEX,94286,34176,33374,11296,0,14219,56085,20055,150,11592,1729
2014-10-07T00:00:00.000,099741,EURO FX,425656,60122,166201,41963,86477,219948,29711,41845,28387,32499,85601
2014-10-07T00:00:00.000,112741,NZ DOLLAR,19214,9522,9227,1462,116,5231,3877,522,1254,2049,4312
2014-10-07T00:00:00.000,232741,AUSTRALIAN DOLLAR,129561,39513,42535,1440,11825,64159,14773,5040,22398,17844,36465
2014-10-14T00:00:00.000,090741,CANADIAN DOLLAR,104060,21753,50355,20680,3905,16316,1963,13017,1917,23082,36708
2014-10-14T00:00:00.000,092741,SWISS FRANC,60968,12054,28921,1199,3430,41370,3812,503,0,5083,24046
2014-10-14T00:00:00.000,096742,BRITISH POUND,138471,58279,24035,8678,42199,38987,16869,5240,15567,18537,31051
2014-10-14T00:00:00.000,097741,JAPANESE YEN,212420,22986,106146,32797,33533,120134,8161,14830,4892,15495,53510
2014-10-14T00:00:00.000,098662,USD INDEX,92018,33629,30865,11335,100,15012,56428,17882,63,11144,1546
2014-10-14T00:00:00.000,099741,EURO FX,434873,56164,176761,40596,87702,234639,34969,43872,26415,30677,80101
2014-10-14T00:00:00.000,112741,NZ DOLLAR,21317,8851,10333,1260,118,8640,3986,365,1578,1796,4897
2014-10-14T00:00:00.000,232741,AUSTRALIAN DOLLAR,115941,24986,35471,1415,13099,69036,14548,772,16142,18103,35052
2014-10-21T00:00:00.000,090741,CANADIAN DOLLAR,102170,14930,48726,20572,3792,22117,1118,12849,1596,22166,37402
2014-10-21T00:00:00.000,092741,SWISS FRANC,55550,8496,25727,1205,3387,39675,3649,503,0,4860,21976
2014-10-21T00:00:00.000,096742,BRITISH POUND,135766,44554,21503,9419,45800,49968,15794,5427,13948,17418,29741
2014-10-21T00:00:00.000,097741,JAPANESE YEN,185412,28580,82071,33373,32689,89552,9817,12136,3870,14704,49898
2014-10-21T00:00:00.000,098662,USD INDEX,80315,26781,19379,10157,0,15759,56002,14191,166,10293,1634
2014-10-21T00:00:00.000,099741,EURO FX,439863,58283,182016,40591,87660,237053,36007,41603,23177,31719,80389
2014-10-21T00:00:00.000,112741,NZ DOLLAR,21311,7835,9926,1078,118,9320,3684,790,1762,1793,5326
2014-10-21T00:00:00.000,232741,AUSTRALIAN DOLLAR,115985,24626,35654,1415,13399,70197,14345,689,16264,17353,34618
2014-10-28T00:00:00.000,090741,CANADIAN DOLLAR,99309,11516,45908,19803,3795,21162,475,12926,2389,23808,36648
2014-10-28T00:00:00.000,092741,SWISS FRANC,57006,7673,27357,1213,3396,40831,3447,503,0,5888,21908
2014-10-28T00:00:00.000,096742,BRITISH POUND,138661,48910,27430,9921,44226,45058,15363,4923,14161,19411,27043
2014-10-28T00:00:00.000,097741,JAPANESE YEN,184120,28276,74566,32129,32862,87199,14450,12501,4419,17354,51162
2014-10-28T00:00:00.000,098662,USD INDEX,79369,26163,18438,8629,0,16021,55922,14928,211,10236,1406
2014-10-28T00:00:00.000,099741,EURO FX,441369,54852,186066,39489,84812,241419,33927,41757,26034,31363,78041
2014-10-28T00:00:00.000,112741,NZ DOLLAR,22023,7538,11370,1072,118,10012,3704,795,1562,2155,4818
2014-10-28T00:00:00.000,232741,AUSTRALIAN DOLLAR,120071,28984,38342,1415,12831,68582,15561,513,20583,18677,30854
2014-11-04T00:00:00.000,090741,CANADIAN DOLLAR,104720,11987,49931,18803,3756,26018,315,15214,1768,22441,38693
2014-11-04T00:00:00.000,092741,SWISS FRANC,59699,8992,28256,1213,3240,42095,3589,503,0,5791,23509
2014-11-04T00:00:00.000,096742,BRITISH POUND,144215,51460,32128,11071,43893,51571,16173,4742,15107,16793,28336
2014-11-04T00:00:00.000,097741,JAPANESE YEN,207974,33288,91103,30892,27429,100140,8743,21077,13937,14930,59115
2014-11-04T00:00:00.000,098662,USD INDEX,92157,26477,32305,10297,0,16772,56249,23496,168,12847,1167
2014-11-04T00:00:00.000,099741,EURO FX,465332,55669,194303,42063,84597,260855,33545,42615,30485,30991,89263
2014-11-04T00:00:00.000,112741,NZ DOLLAR,23716,9071,13217,1046,362,10523,3053,1011,1079,1577,5517
2014-11-04T00:00:00.000,232741,AUSTRALIAN DOLLAR,123342,26503,38738,1495,11349,74265,12793,604,22595,18130,35522
2014-11-11T00:00:00.000,090741,CANADIAN DOLLAR,108445,16128,54303,18390,3837,25861,546,14680,2208,22630,36795
2014-11-11T00:00:00.000,092741,SWISS FRANC,61280,9457,31422,1220,3210,42407,3481,503,0,6553,22027
2014-11-11T00:00:00.000,096742,BRITISH POUND,151660,51993,34820,10628,42396,53803,17874,4578,15126,19304,30090
2014-11-11T00:00:00.000,097741,JAPANESE YEN,227576,39040,102178,27799,33196,116647,11223,21222,16201,14748,56658
2014-11-11T00:00:00.000,098662,USD INDEX,95206,27086,30873,11296,0,16735,56639,21147,222,16625,5155
2014-11-11T00:00:00.000,099741,EURO FX,463976,54932,184026,42241,83935,260884,50344,43106,23803,31087,90142
2014-11-11T00:00:00.000,112741,NZ DOLLAR,19809,8304,9339,1038,559,7550,3029,657,1200,1905,5327
2014-11-11T00:00:00.000,232741,AUSTRALIAN DOLLAR,123726,24150,35562,1445,10955,78600,13358,655,24324,16599,37250
2014-11-18T00:00:00.000,090741,CANADIAN DOLLAR,106914,15147,51646,18036,3954,25924,703,14961,2329,21513,36949
2014-11-18T00:00:00.000,092741,SWISS FRANC,60718,9551,30828,1662,3538,41168,3347,503,0,6105,21276
2014-11-18T00:00:00.000,096742,BRITISH POUND,166966,51823,45048,9144,43543,69281,17299,4543,15157,20563,34307
2014-11-18T00:00:00.000,097741,JAPANESE YEN,238898,39378,113035,27475,33297,126680,9072,20636,18384,16440,56821
2014-11-18T00:00:00.000,098662,USD INDEX,90731,28404,29845,11952,86,15409,56694,19858,381,12620,1237
2014-11-18T00:00:00.000,099741,EURO FX,465168,52016,186132,42277,86497,261649,49513,43710,22176,31968,87302
2014-11-18T00:00:00.000,112741,NZ DOLLAR,19907,8137,9374,898,813,7380,3240,829,1112,2440,5145
2014-11-18T00:00:00.000,232741,AUSTRALIAN DOLLAR,117859,21071,32894,1415,10172,75749,12900,81,24713,16693,34330
2014-11-25T00:00:00.000,090741,CANADIAN DOLLAR,102393,15811,48395,18793,4456,20932,1649,14377,2437,22264,35240
2014-11-25T00:00:00.000,092741,SWISS FRANC,61037,8369,31263,1662,3511,40654,3061,837,0,7136,20823
2014-11-25T00:00:00.000,096742,BRITISH POUND,171730,41559,48194,9647,44994,84824,15990,4458,14151,18270,35429
2014-11-25T00:00:00.000,097741,JAPANESE YEN,253976,39754,117825,29449,36985,137981,6358,18653,22066,16968,59571
2014-11-25T00:00:00.000,098662,USD INDEX,98005,30196,34246,11349,86,16310,56963,21818,411,15523,3490
2014-11-25T00:00:00.000,099741,EURO FX,465339,52559,180788,43132,87159,260302,51029,44578,24640,31720,88675
2014-11-25T00:00:00.000,112741,NZ DOLLAR,21096,9077,10720,850,813,7270,3001,647,1036,2757,5031
2014-11-25T00:00:00.000,232741,AUSTRALIAN DOLLAR,127008,23834,36504,1415,11441,78695,11035,595,30501,19212,34270
2014-12-02T00:00:00.000,090741,CANADIAN DOLLAR,101752,12724,44786,19794,4420,22001,1940,14840,3330,21410,36293
2014-12-02T00:00:00.000,092741,SWISS FRANC,63659,8837,31006,1662,3657,40639,3067,840,0,8175,22423
2014-12-02T00:00:00.000,096742,BRITISH POUND,174875,40141,48274,9597,46020,88838,15989,4719,14600,14597,33009
2014-12-02T00:00:00.000,097741,JAPANESE YEN,257828,36986,115410,30081,36740,142745,4499,17659,25232,16034,61624
2014-12-02T00:00:00.000,098662,USD INDEX,97454,31133,34162,10435,0,16106,57085,21417,738,14279,1385
2014-12-02T00:00:00.000,099741,EURO FX,462058,54669,174780,42491,84206,249872,51923,43969,24485,34246,89853
2014-12-02T00:00:00.000,112741,NZ DOLLAR,20448,8667,9789,1132,813,6553,3080,979,1021,2437,5065
2014-12-02T00:00:00.000,232741,AUSTRALIAN DOLLAR,133675,24327,44543,2248,13354,82168,11144,471,22514,17898,35557
2014-12-09T00:00:00.000,090741,CANADIAN DOLLAR,109650,14705,44259,20095,5599,27707,6438,16513,6532,21298,37490
2014-12-09T00:00:00.000,092741,SWISS FRANC,78496,9719,30748,1287,3667,40920,3836,160,3,8318,22150
2014-12-09T00:00:00.000,096742,BRITISH POUND,192104,37121,42383,9478,46846,96319,28896,3802,13747,17513,32361
2014-12-09T00:00:00.000,097741,JAPANESE YEN,279859,35286,104216,31022,39040,138885,15715,15916,21353,19618,60403
2014-12-09T00:00:00.000,098662,USD INDEX,94289,30515,31280,9570,0,16719,57027,18194,106,14644,1229
2014-12-09T00:00:00.000,099741,EURO FX,477861,62299,149894,42499,88986,240542,69037,43096,25078,33848,89289
2014-12-09T00:00:00.000,112741,NZ DOLLAR,23550,8073,11160,1605,809,8306,3273,1716,821,2075,5712
2014-12-09T00:00:00.000,232741,AUSTRALIAN DOLLAR,159287,28863,53716,2279,14358,88056,9092,1129,22894,17623,37890
2014-12-16T00:00:00.000,090741,CANADIAN DOLLAR,129475,14868,42724,21693,4734,27168,6270,16675,8184,19532,38024
2014-12-16T00:00:00.000,092741,SWISS FRANC,51377,21980,21416,1287,4495,20072,2509,0,403,6625,21141
2014-12-16T00:00:00.000,096742,BRITISH POUND,137581,35739,34603,6229,46923,65156,6380,4456,11134,16827,29367
2014-12-16T00:00:00.000,097741,JAPANESE YEN,227685,33384,102332,32362,41579,80020,5313,57861,11205,14553,57751
2014-12-16T00:00:00.000,098662,USD INDEX,87377,26206,28998,9240,0,15407,54405,18553,338,15463,1128
2014-12-16T00:00:00.000,099741,EURO FX,368171,37772,140458,34685,88132,169095,9503,70002,26648,34303,81116
2014-12-16T00:00:00.000,112741,NZ DOLLAR,18447,8275,9483,1054,820,5207,0,1187,2812,2371,4979
2014-12-16T00:00:00.000,232741,AUSTRALIAN DOLLAR,116787,31923,54340,2220,14906,61551,928,5197,8735,14181,36163
2014-12-23T00:00:00.000,090741,CANADIAN DOLLAR,98477,19603,39696,19920,5304,16619,1571,14395,6962,19544,36548
2014-12-23T00:00:00.000,092741,SWISS FRANC,55021,10551,21749,1287,4435,34392,2560,0,2189,7304,22601
2014-12-23T00:00:00.000,096742,BRITISH POUND,141455,33128,34777,7139,46509,70152,6624,5377,11537,16255,32604
2014-12-23T00:00:00.000,097741,JAPANESE YEN,226107,18258,98666,32488,42784,94556,8709,56211,7201,14825,58978
2014-12-23T00:00:00.000,098662,USD INDEX,94321,30422,34857,9835,0,16640,55830,20669,274,14558,1163
2014-12-23T00:00:00.000,099741,EURO FX,376849,23487,151153,39756,84944,190661,11119,69807,26851,30468,80112
2014-12-23T00:00:00.000,112741,NZ DOLLAR,19295,8361,10309,943,828,6445,0,1136,2712,2040,5076
2014-12-23T00:00:00.000,232741,AUSTRALIAN DOLLAR,118773,30540,56108,2220,15033,65050,1379,4901,8106,14265,36350
2014-12-30T00:00:00.000,090741,CANADIAN DOLLAR,97308,18485,40519,19858,5291,17404,1331,14271,6951,19316,35242
2014-12-30T00:00:00.000,092741,SWISS FRANC,57951,11060,24121,1409,4429,37581,2504,0,1729,6342,23609
2014-12-30T00:00:00.000,096742,BRITISH POUND,143660,32230,36904,8984,46015,71161,6136,5764,11577,15734,33241
2014-12-30T00:00:00.000,097741,JAPANESE YEN,226629,17692,103614,32941,42490,94640,9295,55317,5108,16641,56724
2014-12-30T00:00:00.000,098662,USD INDEX,106538,32297,47498,9837,0,17324,55751,29385,174,16043,1463
2014-12-30T00:00:00.000,099741,EURO FX,386295,24362,155817,40911,87329,198138,11802,69641,28599,30452,79957
2014-12-30T00:00:00.000,112741,NZ DOLLAR,18071,7170,8919,946,828,6338,0,515,2971,2775,5026
2014-12-30T00:00:00.000,232741,AUSTRALIAN DOLLAR,120316,27759,54705,2220,14954,66806,1377,6483,9759,15440,37913
2015-01-06T00:00:00.000,090741,CANADIAN DOLLAR,103775,19410,43201,22562,5347,19879,1751,13084,7633,20626,37629
2015-01-06T00:00:00.000,092741,SWISS FRANC,64427,7745,28910,1409,4682,46759,2434,0,1751,6766,24902
2015-01-06T00:00:00.000,096742,BRITISH POUND,161876,42547,43388,6632,52926,81932,6540,4877,13507,16151,35778
2015-01-06T00:00:00.000,097741,JAPANESE YEN,228954,19468,100586,31676,43899,94241,12046,56740,4960,18446,59080
2015-01-06T00:00:00.000,098662,USD INDEX,126083,41559,42542,12554,0,17810,79588,35279,448,17244,1868
2015-01-06T00:00:00.000,099741,EURO FX,406624,26680,162045,39927,89350,218154,13695,69874,33990,31225,86780
2015-01-06T00:00:00.000,112741,NZ DOLLAR,19437,9043,9412,1017,825,5947,0,537,3351,2421,5377
2015-01-06T00:00:00.000,232741,AUSTRALIAN DOLLAR,122205,18531,55127,2213,15239,75867,625,8009,10112,15840,39357
2015-01-13T00:00:00.000,090741,CANADIAN DOLLAR,105003,15733,42805,23874,5415,22920,1625,11987,8193,21519,37995
2015-01-13T00:00:00.000,092741,SWISS FRANC,66272,6561,30172,1389,4705,49575,2554,600,1347,6264,25611
2015-01-13T00:00:00.000,096742,BRITISH POUND,178563,45756,61081,5488,52722,97843,8283,5056,11370,15865,36552
2015-01-13T00:00:00.000,097741,JAPANESE YEN,231223,12467,101827,30378,43108,105877,12208,53141,5250,18389,57859
2015-01-13T00:00:00.000,098662,USD INDEX,127504,43140,34268,13200,50,14111,88411,37395,478,17255,1894
2015-01-13T00:00:00.000,099741,EURO FX,422426,30839,167542,38780,91675,227040,12119,71213,39162,32523,89897
2015-01-13T00:00:00.000,112741,NZ DOLLAR,21064,6931,9229,1060,823,7739,0,929,3064,2943,6486
2015-01-13T00:00:00.000,232741,AUSTRALIAN DOLLAR,119819,15649,51019,2498,14496,74038,864,8155,10482,17802,41281
2015-01-20T00:00:00.000,090741,CANADIAN DOLLAR,111631,15921,45215,24369,6096,29404,1396,8531,8894,21814,38438
2015-01-20T00:00:00.000,092741,SWISS FRANC,47236,10087,21055,2266,2310,25986,5686,0,1497,8379,16170
2015-01-20T00:00:00.000,096742,BRITISH POUND,182860,35739,61053,5262,54445,109230,7604,4905,11462,16044,36616
2015-01-20T00:00:00.000,097741,JAPANESE YEN,215413,14845,88840,29657,41450,89363,13441,52385,4216,18320,56623
2015-01-20T00:00:00.000,098662,USD INDEX,130077,43557,34948,13272,0,13677,90603,39320,229,18210,2256
2015-01-20T00:00:00.000,099741,EURO FX,450262,32373,176807,33809,96364,247118,13740,73062,43984,38556,94023
2015-01-20T00:00:00.000,112741,NZ DOLLAR,22818,10455,12459,855,365,6435,236,519,3252,3524,5476
2015-01-20T00:00:00.000,232741,AUSTRALIAN DOLLAR,110904,11429,46173,2498,14737,73934,342,6580,9321,14736,38604
2015-01-27T00:00:00.000,090741,CANADIAN DOLLAR,112718,19565,47081,23230,5897,28903,1615,8489,8402,21474,38666
2015-01-27T00:00:00.000,092741,SWISS FRANC,42956,10923,19005,2287,2220,20398,5878,0,1636,8792,13661
2015-01-27T00:00:00.000,096742,BRITISH POUND,185350,36743,62938,6514,55110,110432,7330,4373,11805,15641,36520
2015-01-27T00:00:00.000,097741,JAPANESE YEN,202571,15230,75275,29876,44386,80242,17113,52511,4701,15845,52229
2015-01-27T00:00:00.000,098662,USD INDEX,129495,37892,33409,12028,0,13021,90327,41677,323,22418,2977
2015-01-27T00:00:00.000,099741,EURO FX,449726,27853,166533,40261,95725,242417,13348,77189,52596,34977,94495
2015-01-27T00:00:00.000,112741,NZ DOLLAR,25594,11456,14223,686,804,9805,238,429,3258,2298,6151
2015-01-27T00:00:00.000,232741,AUSTRALIAN DOLLAR,125620,18755,49673,1083,15894,85225,380,5474,14992,13151,42749
2015-02-03T00:00:00.000,090741,CANADIAN DOLLAR,113662,16925,47158,23415,6221,32164,1532,6844,7086,21960,39311
2015-02-03T00:00:00.000,092741,SWISS FRANC,38421,10717,15776,2176,2666,16162,5248,0,1055,9293,13603
2015-02-03T00:00:00.000,096742,BRITISH POUND,182903,35323,60260,6192,57129,111735,8087,2864,11948,16177,34867
2015-02-03T00:00:00.000,097741,JAPANESE YEN,203963,12610,71671,31213,46654,82165,20102,53191,4184,16405,52973
2015-02-03T00:00:00.000,098662,USD INDEX,125025,34206,29476,10836,140,13891,90154,42370,527,21156,2162
2015-02-03T00:00:00.000,099741,EURO FX,457209,25027,180585,39423,98026,253074,12145,78466,48579,35119,91774
2015-02-03T00:00:00.000,112741,NZ DOLLAR,25687,9941,13455,789,804,11484,262,540,3443,1883,6673
2015-02-03T00:00:00.000,232741,AUSTRALIAN DOLLAR,133075,18585,57487,1273,15673,92488,274,5265,14550,12607,42234
2015-02-10T00:00:00.000,090741,CANADIAN DOLLAR,115744,11981,51410,22796,5025,39939,2544,7533,6100,22133,39303
2015-02-10T00:00:00.000,092741,SWISS FRANC,34459,7199,12975,1746,2562,16411,5300,0,974,9024,12569
2015-02-10T00:00:00.000,096742,BRITISH POUND,175966,33247,57457,6355,56611,106768,9373,4380,11426,16202,32085
2015-02-10T00:00:00.000,097741,JAPANESE YEN,204193,14087,77574,30617,33487,86869,19337,49861,5202,13402,59236
2015-02-10T00:00:00.000,098662,USD INDEX,114816,25199,18478,9963,236,13883,89517,40082,227,21118,1787
2015-02-10T00:00:00.000,099741,EURO FX,444139,26289,185271,38712,89694,243865,13861,73132,42362,33562,84372
2015-02-10T00:00:00.000,112741,NZ DOLLAR,26593,8509,14131,888,1601,13921,169,565,3064,1937,6855
2015-02-10T00:00:00.000,232741,AUSTRALIAN DOLLAR,125359,14239,51909,1273,15928,89013,571,4928,11500,13063,42608
2015-02-17T00:00:00.000,090741,CANADIAN DOLLAR,111614,10631,49329,22755,5074,36878,2513,8517,5717,21731,37879
2015-02-17T00:00:00.000,092741,SWISS FRANC,34204,6423,12350,1712,2512,16714,5097,0,919,9218,13189
2015-02-17T00:00:00.000,096742,BRITISH POUND,170627,36864,55696,8212,55018,92781,9408,5735,10963,17567,30074
2015-02-17T00:00:00.000,097741,JAPANESE YEN,203555,10546,70990,39281,31689,79169,21519,49339,10374,14090,57853
2015-02-17T00:00:00.000,098662,USD INDEX,115630,22923,17953,10283,1362,14350,89408,40943,96,22237,1917
2015-02-17T00:00:00.000,099741,EURO FX,438411,27173,179139,41110,91655,235635,15054,70765,36775,34535,86595
2015-02-17T00:00:00.000,112741,NZ DOLLAR,27700,9871,14507,793,1601,13216,378,255,3243,2198,6604
2015-02-17T00:00:00.000,232741,AUSTRALIAN DOLLAR,131722,16410,54842,1273,16372,90630,956,6044,13524,13857,42520
2015-02-24T00:00:00.000,090741,CANADIAN DOLLAR,118014,11075,53210,22456,5173,40999,3404,10430,7958,21997,37212
2015-02-24T00:00:00.000,092741,SWISS FRANC,34765,7355,11787,1136,2133,17615,4375,0,915,8192,15088
2015-02-24T00:00:00.000,096742,BRITISH POUND,169784,40426,56001,9833,53976,86801,10220,6114,11797,18334,29514
2015-02-24T00:00:00.000,097741,JAPANESE YEN,202438,13712,70073,32990,32995,78614,22756,51306,10937,14588,54449
2015-02-24T00:00:00.000,098662,USD INDEX,118929,25528,20298,12521,1386,15303,91238,39948,93,21196,1481
2015-02-24T00:00:00.000,099741,EURO FX,431217,26742,176724,41021,89828,226718,18461,72235,32478,35546,84771
2015-02-24T00:00:00.000,112741,NZ DOLLAR,27328,10943,14145,686,1602,12179,409,150,3301,1954,6455
2015-02-24T00:00:00.000,232741,AUSTRALIAN DOLLAR,139805,16531,58565,1273,18240,100558,856,4693,17069,12879,41204
2015-03-03T00:00:00.000,090741,CANADIAN DOLLAR,121344,13404,57420,22377,6060,41209,3247,11298,8459,21733,34835
2015-03-03T00:00:00.000,092741,SWISS FRANC,40861,9670,13589,1116,2586,21731,5750,0,936,6871,16527
2015-03-03T00:00:00.000,096742,BRITISH POUND,165737,40359,53517,12509,54551,80773,9855,4620,11846,19338,27830
2015-03-03T00:00:00.000,097741,JAPANESE YEN,210611,29572,77543,28893,31113,85116,22733,41619,12902,13359,54268
2015-03-03T00:00:00.000,098662,USD INDEX,123981,27186,24240,12937,1506,15421,91090,42284,218,21212,1986
2015-03-03T00:00:00.000,099741,EURO FX,440733,27440,172579,45080,88986,227513,24556,72582,34236,36056,88314
2015-03-03T00:00:00.000,112741,NZ DOLLAR,27610,15173,13663,813,1600,7508,1183,655,3731,1810,5782
2015-03-03T00:00:00.000,232741,AUSTRALIAN DOLLAR,136841,11687,57215,1178,18110,96742,1981,6113,14797,17500,41117
2015-03-10T00:00:00.000,090741,CANADIAN DOLLAR,146639,10986,60095,22886,4547,47559,3001,12109,4131,21356,43122
2015-03-10T00:00:00.000,092741,SWISS FRANC,52384,8861,16655,1611,1815,27685,5894,0,1761,6760,18792
2015-03-10T00:00:00.000,096742,BRITISH POUND,205166,41346,61602,12057,54561,98642,12752,6013,14084,17331,32390
2015-03-10T00:00:00.000,097741,JAPANESE YEN,235089,30690,82730,28366,26465,93178,22415,39345,9247,13620,64342
2015-03-10T00:00:00.000,098662,USD INDEX,148486,26601,32204,12586,1487,17337,91716,51383,964,21446,2982
2015-03-10T00:00:00.000,099741,EURO FX,496465,44633,173805,45013,86338,224842,30059,74755,46634,40353,92760
2015-03-10T00:00:00.000,112741,NZ DOLLAR,29726,13672,13027,898,1735,9218,1072,610,3958,1788,6394
2015-03-10T00:00:00.000,232741,AUSTRALIAN DOLLAR,196534,14961,67304,2058,17488,118428,4776,7698,22711,15113,45979
2015-03-17T00:00:00.000,090741,CANADIAN DOLLAR,158576,11917,53056,21619,6581,43302,2906,11649,3727,21346,43563
2015-03-17T00:00:00.000,092741,SWISS FRANC,38889,15243,15452,1616,1815,15457,3445,0,400,6223,17427
2015-03-17T00:00:00.000,096742,BRITISH POUND,188238,44544,66434,9253,57851,105705,5271,6329,14500,14026,35801
2015-03-17T00:00:00.000,097741,JAPANESE YEN,195913,29475,85220,27800,29584,62362,5062,59100,9214,11287,60944
2015-03-17T00:00:00.000,098662,USD INDEX,132548,20011,55969,12860,1517,18313,70319,56307,778,23118,2026
2015-03-17T00:00:00.000,099741,EURO FX,449508,28948,173161,44506,96368,180155,8485,132782,54462,36619,90534
2015-03-17T00:00:00.000,112741,NZ DOLLAR,23317,10934,12961,877,1882,7969,361,492,1765,2302,5605
2015-03-17T00:00:00.000,232741,AUSTRALIAN DOLLAR,152746,26395,60201,1292,19434,104643,968,5076,29497,13445,40751
2015-03-24T00:00:00.000,090741,CANADIAN DOLLAR,106731,8189,49044,20653,6722,39885,4416,12040,3758,20220,37047
2015-03-24T00:00:00.000,092741,SWISS FRANC,36296,8905,16104,1600,1726,19224,2552,0,400,6249,15196
2015-03-24T00:00:00.000,096742,BRITISH POUND,178140,33826,57922,10069,58481,106131,2744,4301,14879,14318,34619
2015-03-24T00:00:00.000,097741,JAPANESE YEN,181026,24822,76173,28884,28359,49775,7995,58162,9043,12930,53003
2015-03-24T00:00:00.000,098662,USD INDEX,116148,19483,37391,10513,1487,14826,70644,48016,663,21078,3731
2015-03-24T00:00:00.000,099741,EURO FX,460950,20642,190872,45526,96903,200278,7690,132554,52643,37723,88615
2015-03-24T00:00:00.000,112741,NZ DOLLAR,20958,10290,11198,838,1882,6171,689,320,1659,2707,4898
2015-03-24T00:00:00.000,232741,AUSTRALIAN DOLLAR,135693,13508,53825,1196,18006,100198,2189,5113,24042,13567,35520
2015-03-31T00:00:00.000,090741,CANADIAN DOLLAR,110447,7102,46774,20903,6844,41901,11177,12393,2790,22400,37114
2015-03-31T00:00:00.000,092741,SWISS FRANC,34149,8989,12916,1600,1724,17588,2675,0,0,5572,16434
2015-03-31T00:00:00.000,096742,BRITISH POUND,182514,33754,58094,8537,61411,111247,3140,4866,16770,14169,33158
2015-03-31T00:00:00.000,097741,JAPANESE YEN,177478,28992,66216,26880,28838,42986,17913,57877,5279,13761,52250
2015-03-31T00:00:00.000,098662,USD INDEX,118796,17670,41357,11556,1445,16425,71978,50343,437,21052,1829
2015-03-31T00:00:00.000,099741,EURO FX,459746,21400,182074,46126,99828,208623,9791,122178,58725,38381,86290
2015-03-31T00:00:00.000,112741,NZ DOLLAR,24049,14640,9811,664,1913,5296,4605,316,1859,2627,5355
2015-03-31T00:00:00.000,232741,AUSTRALIAN DOLLAR,138260,14941,55196,1196,19327,99663,2150,5723,23313,15215,36752
2015-04-07T00:00:00.000,090741,CANADIAN DOLLAR,114881,10172,49832,21088,7227,43301,12781,11484,2646,22153,35712
2015-04-07T00:00:00.000,092741,SWISS FRANC,33245,7957,13193,1600,1706,16327,2066,0,0,6915,15834
2015-04-07T00:00:00.000,096742,BRITISH POUND,185219,34149,63858,8787,59196,112342,4742,4256,14441,15161,32458
2015-04-07T00:00:00.000,097741,JAPANESE YEN,189444,37683,78627,27323,28101,44596,16803,57951,4828,15376,54570
2015-04-07T00:00:00.000,098662,USD INDEX,113690,16897,35307,11979,1249,16248,71936,47010,658,18997,1981
2015-04-07T00:00:00.000,099741,EURO FX,441624,15124,169767,43631,99896,193390,8564,128195,57366,38336,83083
2015-04-07T00:00:00.000,112741,NZ DOLLAR,24920,15288,9180,655,1913,5174,7234,320,1772,2982,4320
2015-04-07T00:00:00.000,232741,AUSTRALIAN DOLLAR,159532,16209,66621,1208,19592,121612,2228,5608,28639,13338,40895
2015-04-14T00:00:00.000,090741,CANADIAN DOLLAR,118686,12511,51240,20581,7306,43753,12654,9929,3443,25006,37137
2015-04-14T00:00:00.000,092741,SWISS FRANC,33935,7438,12680,1600,1656,17600,2237,0,0,6795,16860
2015-04-14T00:00:00.000,096742,BRITISH POUND,189513,31102,56171,10571,65899,118865,5344,3985,15431,16214,37892
2015-04-14T00:00:00.000,097741,JAPANESE YEN,195230,39722,82991,28156,27558,45828,23906,58265,3751,16368,50133
2015-04-14T00:00:00.000,098662,USD INDEX,119021,16034,37667,13143,1392,16979,73214,53922,1883,16653,2575
2015-04-14T00:00:00.000,099741,EURO FX,453518,24209,173013,49209,104256,188977,11333,127498,56338,40313,85266
2015-04-14T00:00:00.000,112741,NZ DOLLAR,25176,15128,9277,780,1739,5205,7633,540,1556,2979,4427
2015-04-14T00:00:00.000,232741,AUSTRALIAN DOLLAR,161971,13003,67871,1213,20124,127651,2058,5751,28602,13109,42072
2015-04-21T00:00:00.000,090741,CANADIAN DOLLAR,126801,23305,56324,20731,6917,40582,18717,10445,6560,25132,31677
2015-04-21T00:00:00.000,092741,SWISS FRANC,31727,6829,11560,1116,1678,15997,3338,0,0,7173,14539
2015-04-21T00:00:00.000,096742,BRITISH POUND,175066,31834,49975,12698,64267,104482,5610,4171,15117,14243,32459
2015-04-21T00:00:00.000,097741,JAPANESE YEN,189332,32533,71810,31828,28021,44925,28920,58607,3552,14665,50255
2015-04-21T00:00:00.000,098662,USD INDEX,115918,13668,37574,11058,0,17458,72794,52205,674,18788,2135
2015-04-21T00:00:00.000,099741,EURO FX,457610,28537,167961,52098,112433,186085,10458,126830,59118,40010,83590
2015-04-21T00:00:00.000,112741,NZ DOLLAR,26617,16097,7634,870,1944,5274,11031,473,1326,3470,4249
2015-04-21T00:00:00.000,232741,AUSTRALIAN DOLLAR,153363,13133,63064,1196,24798,118822,2219,5054,23542,13228,37810
2015-04-28T00:00:00.000,090741,CANADIAN DOLLAR,128938,22725,52295,21070,6400,39475,27767,11884,4706,26718,30704
2015-04-28T00:00:00.000,092741,SWISS FRANC,31585,6877,10058,1116,1728,16000,5026,0,0,7044,14225
2015-04-28T00:00:00.000,096742,BRITISH POUND,171698,26679,46492,13844,64915,97716,7196,5926,14932,18727,29357
2015-04-28T00:00:00.000,097741,JAPANESE YEN,188079,32964,61051,27963,27604,43274,43812,58659,3331,18063,45125
2015-04-28T00:00:00.000,098662,USD INDEX,112648,15343,27840,9039,282,17273,72374,44239,571,22769,7596
2015-04-28T00:00:00.000,099741,EURO FX,456919,33188,157422,57146,113116,172840,22674,129208,56244,40997,83923
2015-04-28T00:00:00.000,112741,NZ DOLLAR,28071,15894,5550,942,2239,6050,14421,529,1322,3745,3628
2015-04-28T00:00:00.000,232741,AUSTRALIAN DOLLAR,140298,12241,54114,1633,23973,101044,1256,5578,23980,17551,34724
2015-05-05T00:00:00.000,090741,CANADIAN DOLLAR,122108,17730,36237,20693,6140,38847,40003,13043,4450,24912,28395
2015-05-05T00:00:00.000,092741,SWISS FRANC,34449,9468,9239,1116,1709,15052,9346,400,0,8089,13831
2015-05-05T00:00:00.000,096742,BRITISH POUND,173468,35370,32107,13270,62586,94073,30183,4772,17024,20168,25753
2015-05-05T00:00:00.000,097741,JAPANESE YEN,198886,24591,75947,27644,28920,65901,29426,58902,6929,15887,51703
2015-05-05T00:00:00.000,098662,USD INDEX,102100,18035,20346,7421,534,17575,72304,38950,245,15717,4269
2015-05-05T00:00:00.000,099741,EURO FX,449254,35663,153966,52472,103765,164383,22841,126519,60681,45384,83168
2015-05-05T00:00:00.000,112741,NZ DOLLAR,28379,17019,7447,832,2321,6207,12120,340,1672,3152,3990
2015-05-05T00:00:00.000,232741,AUSTRALIAN DOLLAR,137001,17698,36339,1278,20754,91378,25066,4607,19340,19451,32913
2015-05-12T00:00:00.000,090741,CANADIAN DOLLAR,123908,17271,28434,20995,6099,38554,52477,12184,5283,28556,25267
2015-05-12T00:00:00.000,092741,SWISS FRANC,33465,10467,4578,1116,1720,11631,13771,0,0,9699,12844
2015-05-12T00:00:00.000,096742,BRITISH POUND,183586,42746,36799,12934,60881,97261,32743,6874,21174,20658,28876
2015-05-12T00:00:00.000,097741,JAPANESE YEN,193296,19915,67987,26837,29329,66623,34874,57645,3409,15215,50636
2015-05-12T00:00:00.000,098662,USD INDEX,99697,18329,15616,6703,524,4105,72073,48890,581,16503,5736
2015-05-12T00:00:00.000,099741,EURO FX,439122,32567,140065,49069,109471,162980,30395,128029,54522,42302,80494
2015-05-12T00:00:00.000,112741,NZ DOLLAR,25525,12148,9329,699,2481,7846,7163,1228,1733,3009,4224
2015-05-12T00:00:00.000,232741,AUSTRALIAN DOLLAR,136249,16593,32614,850,20942,94229,29051,5138,19391,17765,32577
2015-05-19T00:00:00.000,090741,CANADIAN DOLLAR,117811,14862,15381,20907,6537,39062,57769,11747,3939,25300,28252
2015-05-19T00:00:00.000,092741,SWISS FRANC,31796,7850,3048,1116,1720,11529,14717,0,0,10627,11637
2015-05-19T00:00:00.000,096742,BRITISH POUND,182607,57782,32424,13535,61695,80290,41489,4840,20813,22896,22922
2015-05-19T00:00:00.000,097741,JAPANESE YEN,231658,42816,91961,25353,30993,83731,36232,60011,4147,12425,61003
2015-05-19T00:00:00.000,098662,USD INDEX,98050,18997,13155,19633,449,4558,71927,34121,891,14354,5241
2015-05-19T00:00:00.000,099741,EURO FX,428580,26542,129771,50572,107773,157044,34212,128583,50890,41998,82093
2015-05-19T00:00:00.000,112741,NZ DOLLAR,26331,8790,10662,1359,2315,12328,6781,398,1672,2869,4314
2015-05-19T00:00:00.000,232741,AUSTRALIAN DOLLAR,142589,21310,29574,1468,22044,94172,35100,4780,23631,19046,30427
2015-05-26T00:00:00.000,090741,CANADIAN DOLLAR,121908,19405,16509,20941,8426,38691,55048,11861,3947,24371,31339
2015-05-26T00:00:00.000,092741,SWISS FRANC,30432,6938,3207,1144,1800,12293,13319,0,0,9330,11379
2015-05-26T00:00:00.000,096742,BRITISH POUND,176797,59513,26911,12881,61976,73400,37887,4469,22163,22402,23728
2015-05-26T00:00:00.000,097741,JAPANESE YEN,251744,29546,115022,23789,33011,114719,14748,58771,8310,16101,71835
2015-05-26T00:00:00.000,098662,USD INDEX,103211,17619,20562,20504,1559,5271,72156,38503,1224,16098,2494
2015-05-26T00:00:00.000,099741,EURO FX,431927,31548,134616,50643,108070,151039,30794,132387,55434,39970,76673
2015-05-26T00:00:00.000,112741,NZ DOLLAR,28514,7590,12852,1373,2490,15758,5567,593,1832,2448,5021
2015-05-26T00:00:00.000,232741,AUSTRALIAN DOLLAR,144495,20811,30637,1492,23219,99034,32128,4970,22003,16238,34558
2015-06-02T00:00:00.000,090741,CANADIAN DOLLAR,123127,17758,23645,20979,8732,39304,44647,13820,3528,21546,32855
2015-06-02T00:00:00.000,092741,SWISS FRANC,32449,8307,4443,1144,1807,12456,12171,0,0,9412,12898
2015-06-02T00:00:00.000,096742,BRITISH POUND,175291,56861,25064,11306,64052,74112,32992,4605,21920,22354,25210
2015-06-02T00:00:00.000,097741,JAPANESE YEN,260104,27561,125816,22776,41761,126916,3232,58478,9769,16320,71473
2015-06-02T00:00:00.000,098662,USD INDEX,102174,16338,23590,21642,836,5345,72317,40885,933,14443,977
2015-06-02T00:00:00.000,099741,EURO FX,428403,33142,119478,50667,120983,140496,24415,137356,55161,39394,81018
2015-06-02T00:00:00.000,112741,NZ DOLLAR,33005,7789,16173,1232,3249,18969,3831,0,2089,2878,5526
2015-06-02T00:00:00.000,232741,AUSTRALIAN DOLLAR,156474,19205,39504,1359,31579,112886,23434,4710,23388,15551,35806
2015-06-09T00:00:00.000,090741,CANADIAN DOLLAR,118799,10101,30587,21313,6543,43102,36448,11402,3407,22985,31918
2015-06-09T00:00:00.000,092741,SWISS FRANC,33813,8908,3386,1144,1806,10222,11238,400,0,8864,13108
2015-06-09T00:00:00.000,096742,BRITISH POUND,181049,53491,29644,12053,62980,76298,31921,3990,19124,22098,24261
2015-06-09T00:00:00.000,097741,JAPANESE YEN,306449,23733,140716,21985,49480,158583,994,58479,13399,15532,73723
2015-06-09T00:00:00.000,098662,USD INDEX,105463,22728,24641,22838,484,1871,72160,37747,1057,14859,1701
2015-06-09T00:00:00.000,099741,EURO FX,436540,33597,106766,49814,121484,130051,40482,140026,46015,41347,80088
2015-06-09T00:00:00.000,112741,NZ DOLLAR,36911,9176,19614,1209,3564,20408,2641,0,1737,2455,5692
2015-06-09T00:00:00.000,232741,AUSTRALIAN DOLLAR,165681,18756,43169,1337,31273,108506,17850,6019,22343,14605,34588
2015-06-16T00:00:00.000,090741,CANADIAN DOLLAR,118620,13101,28528,22492,10313,44177,36812,10036,3472,21447,32128
2015-06-16T00:00:00.000,092741,SWISS FRANC,19852,7877,3500,1144,1750,2411,2333,0,0,8390,12239
2015-06-16T00:00:00.000,096742,BRITISH POUND,146635,55162,33901,15111,60824,45321,8762,4725,16719,23435,23548
2015-06-16T00:00:00.000,097741,JAPANESE YEN,262329,44062,132779,20912,48349,128193,782,47460,8761,13160,63116
2015-06-16T00:00:00.000,098662,USD INDEX,86281,14119,28644,21409,134,1841,54289,34386,271,13256,1673
2015-06-16T00:00:00.000,099741,EURO FX,350145,63194,96196,48875,120871,113798,5201,67290,37275,37128,70742
2015-06-16T00:00:00.000,112741,NZ DOLLAR,37169,14244,22974,1528,3580,17926,0,320,3934,2500,6030
2015-06-16T00:00:00.000,232741,AUSTRALIAN DOLLAR,119362,26179,41424,779,21733,68493,4083,9190,21736,14084,29749
2015-06-23T00:00:00.000,090741,CANADIAN DOLLAR,81380,9197,28139,22387,12157,14237,4314,9611,3995,22293,29120
2015-06-23T00:00:00.000,092741,SWISS FRANC,21869,8974,2838,1144,1500,2363,4419,0,0,9361,13085
2015-06-23T00:00:00.000,096742,BRITISH POUND,178641,74604,46387,22477,60743,44580,28376,5687,18449,28392,21785
2015-06-23T00:00:00.000,097741,JAPANESE YEN,247839,18657,130586,20006,31701,139345,6292,47182,9004,14193,61800
2015-06-23T00:00:00.000,098662,USD INDEX,85932,15745,22830,19860,302,1816,58924,33552,125,12940,1732
2015-06-23T00:00:00.000,099741,EURO FX,345427,47174,92842,57914,114558,124562,6721,56852,39778,39376,71979
2015-06-23T00:00:00.000,112741,NZ DOLLAR,42911,13536,25145,1856,5114,23254,263,843,5024,2713,6656
2015-06-23T00:00:00.000,232741,AUSTRALIAN DOLLAR,116184,16323,39332,779,19923,74462,3918,8354,21322,15537,30960
2015-06-30T00:00:00.000,090741,CANADIAN DOLLAR,91797,14171,31970,24675,18656,18462,3813,8844,4410,22367,29670
2015-06-30T00:00:00.000,092741,SWISS FRANC,21472,8424,2704,1587,1575,2447,4825,0,0,8985,12339
2015-06-30T00:00:00.000,096742,BRITISH POUND,181413,81166,37909,21919,61457,44340,41161,5191,17730,25540,19899
2015-06-30T00:00:00.000,097741,JAPANESE YEN,254014,22849,130351,19872,28923,138067,20848,47176,9382,16742,55202
2015-06-30T00:00:00.000,098662,USD INDEX,83260,13277,14602,18687,249,2119,62871,32289,324,13475,1801
2015-06-30T00:00:00.000,099741,EURO FX,346115,42314,91268,59755,111547,129039,9540,56063,40095,38072,72793
2015-06-30T00:00:00.000,112741,NZ DOLLAR,43256,11754,25405,1805,5365,25886,343,268,4503,2845,6942
2015-06-30T00:00:00.000,232741,AUSTRALIAN DOLLAR,118443,15233,38088,596,23078,79327,3845,7899,21332,15116,31828
2015-07-07T00:00:00.000,090741,CANADIAN DOLLAR,120095,24685,50175,24518,24694,35745,1306,11305,4893,19681,34866
2015-07-07T00:00:00.000,092741,SWISS FRANC,23740,8036,3104,1778,1959,4762,3223,0,0,9139,15429
2015-07-07T00:00:00.000,096742,BRITISH POUND,168480,80110,35391,8034,60850,46421,28756,4662,16032,24226,22424
2015-07-07T00:00:00.000,097741,JAPANESE YEN,250828,24030,113880,18449,29614,135732,35337,45557,8101,16757,53593
2015-07-07T00:00:00.000,098662,USD INDEX,89292,14002,15340,21952,0,2984,69631,33337,440,14458,1322
2015-07-07T00:00:00.000,099741,EURO FX,354885,36754,95864,66965,109244,134726,10041,56252,37336,37784,79996
2015-07-07T00:00:00.000,112741,NZ DOLLAR,42873,8791,24613,1522,4722,28644,0,240,6046,2946,6762
2015-07-07T00:00:00.000,232741,AUSTRALIAN DOLLAR,135648,13848,46745,2300,23348,96243,550,6045,22425,16502,41870
2015-07-14T00:00:00.000,090741,CANADIAN DOLLAR,138431,25935,57324,24410,29202,51386,1224,11764,5743,21613,41615
2015-07-14T00:00:00.000,092741,SWISS FRANC,22390,5325,3417,1783,1902,4755,2749,591,0,9558,13944
2015-07-14T00:00:00.000,096742,BRITISH POUND,157073,72945,27679,6801,63203,46007,24657,3954,15154,22710,21724
2015-07-14T00:00:00.000,097741,JAPANESE YEN,247704,24763,86737,21102,43111,131772,48695,46237,9205,15962,52088
2015-07-14T00:00:00.000,098662,USD INDEX,88719,14556,12622,20379,0,3651,71988,33557,443,14655,1745
2015-07-14T00:00:00.000,099741,EURO FX,356760,33476,99335,67461,110647,131332,8737,61779,39186,39111,75254
2015-07-14T00:00:00.000,112741,NZ DOLLAR,42311,7514,24265,1483,4529,30207,0,191,6718,2535,6418
2015-07-14T00:00:00.000,232741,AUSTRALIAN DOLLAR,148406,12364,55070,2359,27738,111693,379,6213,22882,14960,41520
2015-07-21T00:00:00.000,090741,CANADIAN DOLLAR,153762,29025,59403,24750,33836,62273,1313,11215,8948,21635,45398
2015-07-21T00:00:00.000,092741,SWISS FRANC,28424,8690,6464,1783,1902,7745,2050,1665,0,8188,17655
2015-07-21T00:00:00.000,096742,BRITISH POUND,164779,74423,31099,10297,61088,46064,32659,6890,14661,22892,21059
2015-07-21T00:00:00.000,097741,JAPANESE YEN,251136,28944,97714,18040,45580,133032,36517,47913,10797,15119,52440
2015-07-21T00:00:00.000,098662,USD INDEX,98609,15945,14898,22898,0,3752,78390,37296,693,16694,2604
2015-07-21T00:00:00.000,099741,EURO FX,366892,37069,109230,71564,106579,134966,9140,59539,38050,39107,79246
2015-07-21T00:00:00.000,112741,NZ DOLLAR,38544,7291,24417,1586,3179,27142,134,0,3706,2231,6814
2015-07-21T00:00:00.000,232741,AUSTRALIAN DOLLAR,159796,11880,59280,2359,31700,127204,404,3366,23364,14086,44147
2015-07-28T00:00:00.000,090741,CANADIAN DOLLAR,162118,23061,64444,26624,35325,75872,1282,11773,11311,19416,44384
2015-07-28T00:00:00.000,092741,SWISS FRANC,32365,8773,9637,1783,2184,11644,1707,2489,0,7354,18515
2015-07-28T00:00:00.000,096742,BRITISH POUND,173295,74069,27700,14904,62517,45769,42185,7912,14874,24899,20277
2015-07-28T00:00:00.000,097741,JAPANESE YEN,246269,23465,92829,19330,49695,132599,34767,47763,10172,15589,51283
2015-07-28T00:00:00.000,098662,USD INDEX,96069,16883,14052,21721,0,3616,78084,36686,156,15294,1908
2015-07-28T00:00:00.000,099741,EURO FX,357940,37860,104351,71297,101774,121411,10965,64631,41198,37973,74884
2015-07-28T00:00:00.000,112741,NZ DOLLAR,37487,7126,22499,1850,3272,25645,1687,135,3022,2474,6750
2015-07-28T00:00:00.000,232741,AUSTRALIAN DOLLAR,165974,6530,59072,2882,35954,139357,896,1364,22900,15038,46349
2015-08-04T00:00:00.000,090741,CANADIAN DOLLAR,170087,19688,67154,26283,39182,86296,1379,11866,12878,20286,43826
2015-08-04T00:00:00.000,092741,SWISS FRANC,37399,10354,12397,1787,2624,16217,2243,2169,0,6565,19828
2015-08-04T00:00:00.000,096742,BRITISH POUND,169224,71764,25928,15923,62190,46762,39074,7209,14627,23167,23006
2015-08-04T00:00:00.000,097741,JAPANESE YEN,252655,26482,107172,18582,55751,137110,16863,49028,11151,13734,53999
2015-08-04T00:00:00.000,098662,USD INDEX,100515,15768,14605,23302,0,3727,81774,39717,169,15580,1546
2015-08-04T00:00:00.000,099741,EURO FX,367885,40472,114546,70879,104690,133619,12271,64243,39077,36596,75225
2015-08-04T00:00:00.000,112741,NZ DOLLAR,38530,7902,22841,2060,3129,25433,2628,201,2956,2557,6599
2015-08-04T00:00:00.000,232741,AUSTRALIAN DOLLAR,168404,10366,63796,2865,27626,137848,1167,1356,27807,14225,46264
2015-08-11T00:00:00.000,090741,CANADIAN DOLLAR,172252,15648,69705,26200,35575,90858,3199,11840,13692,21343,43718
2015-08-11T00:00:00.000,092741,SWISS FRANC,43677,8647,16217,1685,2232,23257,878,2514,0,7263,24039
2015-08-11T00:00:00.000,096742,BRITISH POUND,158247,66185,27180,10930,62139,48178,29230,5586,14633,23626,21323
2015-08-11T00:00:00.000,097741,JAPANESE YEN,264608,22907,129108,20290,56013,152232,3335,46954,11078,16020,58869
2015-08-11T00:00:00.000,098662,USD INDEX,101605,18837,10202,22887,0,4221,84498,35414,166,15462,1955
2015-08-11T00:00:00.000,099741,EURO FX,361334,39630,111198,73547,93922,124248,16530,63292,41954,39031,76144
2015-08-11T00:00:00.000,112741,NZ DOLLAR,36861,6848,21412,2126,3043,24861,3033,153,2696,2456,6260
2015-08-11T00:00:00.000,232741,AUSTRALIAN DOLLAR,164751,9231,64687,2865,30690,134850,1115,1050,24039,15184,42649
2015-08-18T00:00:00.000,090741,CANADIAN DOLLAR,161743,9067,65078,25672,32367,87394,2903,11287,13788,21601,40885
2015-08-18T00:00:00.000,092741,SWISS FRANC,43588,7174,17528,1685,1581,25053,969,2436,0,6902,23172
2015-08-18T00:00:00.000,096742,BRITISH POUND,172083,67705,31009,16939,62240,47345,36405,7774,16529,27767,21347
2015-08-18T00:00:00.000,097741,JAPANESE YEN,251418,22472,128838,20451,46443,137026,11081,46677,5175,16029,51118
2015-08-18T00:00:00.000,098662,USD INDEX,104952,24402,12229,19992,0,4024,82728,34572,264,14146,1915
2015-08-18T00:00:00.000,099741,EURO FX,356952,41471,99699,74602,88876,117159,36459,60333,38937,40620,70214
2015-08-18T00:00:00.000,112741,NZ DOLLAR,36523,7237,21004,2243,3065,24338,3304,0,2721,2154,5878
2015-08-18T00:00:00.000,232741,AUSTRALIAN DOLLAR,161344,8194,64306,3343,26784,133525,1090,450,26437,14002,40897
2015-08-25T00:00:00.000,090741,CANADIAN DOLLAR,168819,13473,73267,26685,28083,84451,3043,14855,13975,21400,42496
2015-08-25T00:00:00.000,092741,SWISS FRANC,37901,4450,17373,1685,2029,20896,1353,1922,0,8409,16607
2015-08-25T00:00:00.000,096742,BRITISH POUND,176962,79311,29647,12807,71168,47623,34627,4002,15146,27113,20268
2015-08-25T00:00:00.000,097741,JAPANESE YEN,260458,27722,109540,27716,34625,125007,64856,48933,4702,23180,38835
2015-08-25T00:00:00.000,098662,USD INDEX,100933,32108,13441,18958,2324,3500,71304,25852,97,9575,2827
2015-08-25T00:00:00.000,099741,EURO FX,374977,54876,97336,79199,94311,120319,54869,53652,36457,42988,68061
2015-08-25T00:00:00.000,112741,NZ DOLLAR,33400,8389,18883,1999,2903,19838,3108,728,2437,2042,5665
2015-08-25T00:00:00.000,232741,AUSTRALIAN DOLLAR,174378,9610,66676,4345,33383,145077,1194,881,33148,12154,37666
2015-09-01T00:00:00.000,090741,CANADIAN DOLLAR,161893,14595,71850,26831,22724,76314,3094,14379,12996,21977,43432
2015-09-01T00:00:00.000,092741,SWISS FRANC,36203,5275,13977,1265,1492,18204,2176,1822,0,7549,16470
2015-09-01T00:00:00.000,096742,BRITISH POUND,170032,68291,31728,8658,76323,63016,9524,2517,19474,20632,26065
2015-09-01T00:00:00.000,097741,JAPANESE YEN,273205,35934,86385,27587,46919,123594,91692,55261,4432,21284,34232
2015-09-01T00:00:00.000,098662,USD INDEX,100231,28575,9106,16552,1703,3265,66768,24469,1528,16038,9794
2015-09-01T00:00:00.000,099741,EURO FX,363980,46880,87166,76560,92330,124657,59769,48902,37248,41863,62349
2015-09-01T00:00:00.000,112741,NZ DOLLAR,34339,7222,19436,1668,3026,22244,2775,375,2286,2168,6154
2015-09-01T00:00:00.000,232741,AUSTRALIAN DOLLAR,173947,11261,67141,4870,26936,140570,1310,888,35139,13907,40970
2015-09-08T00:00:00.000,090741,CANADIAN DOLLAR,159492,15572,63986,26256,25172,70067,4518,14611,12890,22366,42306
2015-09-08T00:00:00.000,092741,SWISS FRANC,40937,5466,12649,1265,1485,19108,2169,1968,0,7824,19328
2015-09-08T00:00:00.000,096742,BRITISH POUND,186994,53722,39446,11815,75238,84307,8496,2160,15554,19234,32504
2015-09-08T00:00:00.000,097741,JAPANESE YEN,279712,40308,68185,24471,51388,124630,100324,51701,6863,22748,37098
2015-09-08T00:00:00.000,098662,USD INDEX,94284,32548,9485,16529,1810,1766,68459,23975,1387,9353,3030
2015-09-08T00:00:00.000,099741,EURO FX,383187,48378,98342,71664,95382,137255,54179,54484,36674,39435,66639
2015-09-08T00:00:00.000,112741,NZ DOLLAR,38325,5449,19049,993,5114,25153,1722,699,2549,2111,5971
2015-09-08T00:00:00.000,232741,AUSTRALIAN DOLLAR,190761,12427,63419,4818,27300,141499,1552,561,35666,13854,45222
2015-09-15T00:00:00.000,090741,CANADIAN DOLLAR,188043,17541,57762,26192,28845,69066,4588,12714,12069,20669,42918
2015-09-15T00:00:00.000,092741,SWISS FRANC,37846,15124,15765,1147,1457,13899,1558,0,0,7064,18454
2015-09-15T00:00:00.000,096742,BRITISH POUND,145704,52745,24957,11238,74071,57707,3100,3091,12573,18519,28599
2015-09-15T00:00:00.000,097741,JAPANESE YEN,166081,27074,67344,22991,48191,70040,5636,20174,6363,18647,31392
2015-09-15T00:00:00.000,098662,USD INDEX,65291,15152,14646,16726,1820,1764,45410,22012,340,8032,1470
2015-09-15T00:00:00.000,099741,EURO FX,311366,33665,93306,66916,92205,95738,8397,52348,36551,39730,57938
2015-09-15T00:00:00.000,112741,NZ DOLLAR,33352,11852,19565,1010,5672,17807,118,821,2468,1624,5291
2015-09-15T00:00:00.000,232741,AUSTRALIAN DOLLAR,156879,31535,59443,4824,30894,99182,564,7297,26198,12587,38326
2015-09-22T00:00:00.000,090741,CANADIAN DOLLAR,136213,22924,61167,28147,30757,51601,444,10631,1716,20488,39707
2015-09-22T00:00:00.000,092741,SWISS FRANC,36981,9790,16106,729,1457,18549,1481,0,0,7260,17284
2015-09-22T00:00:00.000,096742,BRITISH POUND,146573,49230,24230,16204,73813,56086,8555,2938,11587,19636,25909
2015-09-22T00:00:00.000,097741,JAPANESE YEN,177439,37244,69128,22870,59448,70991,6593,17073,5100,21805,29714
2015-09-22T00:00:00.000,098662,USD INDEX,68333,12377,11832,15870,969,1944,48253,27152,3980,9415,1724
2015-09-22T00:00:00.000,099741,EURO FX,315450,34018,90489,66072,92310,94736,12694,57004,35256,41352,62433
2015-09-22T00:00:00.000,112741,NZ DOLLAR,35920,10725,21651,1010,5646,21585,0,776,2488,1580,5891
2015-09-22T00:00:00.000,232741,AUSTRALIAN DOLLAR,147279,18028,55327,4812,25014,101773,485,7186,27834,13788,36927
2015-09-29T00:00:00.000,090741,CANADIAN DOLLAR,139431,16094,59789,30615,31230,56573,1751,11789,1645,22118,42774
2015-09-29T00:00:00.000,092741,SWISS FRANC,38229,9483,16489,816,1449,20089,990,0,0,7191,18651
2015-09-29T00:00:00.000,096742,BRITISH POUND,155821,52063,27383,16820,79711,59425,1754,2722,12815,21704,31071
2015-09-29T00:00:00.000,097741,JAPANESE YEN,174697,29910,64829,25097,58614,72439,7412,18298,4403,21884,32370
2015-09-29T00:00:00.000,098662,USD INDEX,71478,17854,8923,16204,99,2003,53524,24399,4639,9163,2438
2015-09-29T00:00:00.000,099741,EURO FX,322721,35818,93775,67099,95202,97954,9529,60371,38330,39256,63662
2015-09-29T00:00:00.000,112741,NZ DOLLAR,34105,8028,19291,1369,5577,22231,1025,678,2528,1570,5455
2015-09-29T00:00:00.000,232741,AUSTRALIAN DOLLAR,142869,17000,52580,4909,24089,99597,2489,5673,27307,14310,35024
2015-10-06T00:00:00.000,090741,CANADIAN DOLLAR,121676,8389,51159,31008,26618,48574,2469,10298,1487,21242,37778
2015-10-06T00:00:00.000,092741,SWISS FRANC,38826,8678,16884,816,1365,20863,919,0,0,7822,19011
2015-10-06T00:00:00.000,096742,BRITISH POUND,160373,49809,32762,13652,76559,71364,1652,2157,11654,19569,33924
2015-10-06T00:00:00.000,097741,JAPANESE YEN,170780,28235,64945,23022,52058,70954,7423,19952,4578,20783,33942
2015-10-06T00:00:00.000,098662,USD INDEX,70957,17383,7523,16709,348,2014,55796,24365,4061,8849,1592
2015-10-06T00:00:00.000,099741,EURO FX,337606,39560,101991,74185,93002,93918,20727,65690,37936,42037,61734
2015-10-06T00:00:00.000,112741,NZ DOLLAR,31930,5195,14176,1626,5608,22227,3620,1114,2295,1513,5976
2015-10-06T00:00:00.000,232741,AUSTRALIAN DOLLAR,139935,16187,43145,4575,21591,99230,9304,4167,28173,13862,35808
2015-10-13T00:00:00.000,090741,CANADIAN DOLLAR,116800,8354,41282,28335,33681,43352,3863,10591,1033,23721,34494
2015-10-13T00:00:00.000,092741,SWISS FRANC,34934,7220,13791,816,1671,17993,968,0,0,8214,17813
2015-10-13T00:00:00.000,096742,BRITISH POUND,152164,41766,31295,18879,68286,64563,2184,3966,12417,19653,34645
2015-10-13T00:00:00.000,097741,JAPANESE YEN,169873,27558,59660,21851,52088,68675,16608,22076,3880,22475,30399
2015-10-13T00:00:00.000,098662,USD INDEX,72734,22738,5787,16201,2627,2392,55896,19375,2459,9291,3228
2015-10-13T00:00:00.000,099741,EURO FX,349720,41637,101741,79278,88492,92589,40516,70328,36644,45664,62103
2015-10-13T00:00:00.000,112741,NZ DOLLAR,29038,5112,12972,1499,5507,19670,3646,822,1450,1825,5353
2015-10-13T00:00:00.000,232741,AUSTRALIAN DOLLAR,142024,14338,37319,4144,22358,99449,22673,5378,26937,16130,30152
2015-10-20T00:00:00.000,090741,CANADIAN DOLLAR,121148,12979,36646,28282,33740,41122,15131,11641,1069,24756,32194
2015-10-20T00:00:00.000,092741,SWISS FRANC,35628,8783,11969,816,1690,16306,4886,0,0,8963,16323
2015-10-20T00:00:00.000,096742,BRITISH POUND,158043,49943,26041,23680,67646,54755,21357,6351,12493,20480,27672
2015-10-20T00:00:00.000,097741,JAPANESE YEN,184281,32170,60693,24950,56125,71595,24868,25273,2874,23018,32446
2015-10-20T00:00:00.000,098662,USD INDEX,81495,32059,15651,16026,2869,2463,55909,18888,1554,8813,2266
2015-10-20T00:00:00.000,099741,EURO FX,357133,41222,89838,87518,88349,89110,63726,73537,32711,44130,60893
2015-10-20T00:00:00.000,112741,NZ DOLLAR,30142,5968,11117,1739,5097,19146,7661,790,1427,2412,4753
2015-10-20T00:00:00.000,232741,AUSTRALIAN DOLLAR,140367,15294,39719,4129,24290,99762,17933,3853,28872,15555,27779
2015-10-27T00:00:00.000,090741,CANADIAN DOLLAR,122885,13189,28672,28395,37037,40363,18326,16225,1063,21106,34180
2015-10-27T00:00:00.000,092741,SWISS FRANC,38453,10757,12450,816,2212,18080,1725,645,0,7551,21462
2015-10-27T00:00:00.000,096742,BRITISH POUND,153453,50409,21949,20112,66598,56443,18169,3506,11925,18790,30619
2015-10-27T00:00:00.000,097741,JAPANESE YEN,189472,23695,69742,19621,63843,89796,2171,26311,2374,18138,39431
2015-10-27T00:00:00.000,098662,USD INDEX,75389,18426,13051,17405,0,3394,54683,22950,2413,9737,1765
2015-10-27T00:00:00.000,099741,EURO FX,380564,43343,126389,80918,90371,114510,43905,80980,30570,42181,70697
2015-10-27T00:00:00.000,112741,NZ DOLLAR,31743,7706,9492,2309,5702,18460,10598,954,1077,2179,4739
2015-10-27T00:00:00.000,232741,AUSTRALIAN DOLLAR,141008,17924,39171,4320,26022,100706,18310,1102,27756,15454,28247
2015-11-03T00:00:00.000,090741,CANADIAN DOLLAR,119629,11112,32359,27810,30610,41392,17837,15195,1550,20564,33717
2015-11-03T00:00:00.000,092741,SWISS FRANC,51953,15235,25310,816,2185,26686,1757,1928,0,6595,22008
2015-11-03T00:00:00.000,096742,BRITISH POUND,151194,47850,25304,15196,64969,57772,16588,5510,11549,20028,27946
2015-11-03T00:00:00.000,097741,JAPANESE YEN,204271,29004,78997,19404,71257,96019,1149,32123,3807,17005,38345
2015-11-03T00:00:00.000,098662,USD INDEX,76816,18914,10381,17819,0,3519,56282,22866,3591,9552,2416
2015-11-03T00:00:00.000,099741,EURO FX,405462,38820,157029,86732,91595,130312,34374,90725,28981,39822,74432
2015-11-03T00:00:00.000,112741,NZ DOLLAR,32539,8370,9090,1908,6282,19123,10972,818,1323,2158,4710
2015-11-03T00:00:00.000,232741,AUSTRALIAN DOLLAR,145861,21716,43407,4491,26699,104065,11074,2653,30875,11228,32098
2015-11-10T00:00:00.000,090741,CANADIAN DOLLAR,134360,23002,35327,28541,41327,42090,15265,17273,1292,19709,37404
2015-11-10T00:00:00.000,092741,SWISS FRANC,60031,16489,29291,816,1709,34366,2098,0,0,7176,25749
2015-11-10T00:00:00.000,096742,BRITISH POUND,172346,48177,41212,8670,64365,77347,4499,9848,12835,18611,39742
2015-11-10T00:00:00.000,097741,JAPANESE YEN,234202,25156,99577,19347,70286,131078,4018,31963,2865,16632,47430
2015-11-10T00:00:00.000,098662,USD INDEX,84478,19873,16713,19269,0,3232,58462,27079,3810,11809,2277
2015-11-10T00:00:00.000,099741,EURO FX,421967,43341,173423,85157,85437,129759,25758,97380,29403,41376,82992
2015-11-10T00:00:00.000,112741,NZ DOLLAR,33719,9213,10042,1566,6620,19289,10059,943,941,2289,5638
2015-11-10T00:00:00.000,232741,AUSTRALIAN DOLLAR,153590,20768,46648,3880,34519,114530,2597,1142,29200,12238,39594
2015-11-17T00:00:00.000,090741,CANADIAN DOLLAR,141785,24151,35831,28638,48696,47746,9521,17387,2259,19525,41140
2015-11-17T00:00:00.000,092741,SWISS FRANC,67119,16449,35409,816,1677,41394,1890,0,0,7153,26836
2015-11-17T00:00:00.000,096742,BRITISH POUND,175254,49154,40977,5228,69285,83548,5236,10215,12675,17154,37126
2015-11-17T00:00:00.000,097741,JAPANESE YEN,250346,24199,107405,19297,76868,148283,3665,31868,3096,16714,49327
2015-11-17T00:00:00.000,098662,USD INDEX,89992,19511,19317,21988,0,2973,61556,28712,3750,13723,2284
2015-11-17T00:00:00.000,099741,EURO FX,436801,44106,185168,86646,93523,149102,20715,90388,30861,43375,83350
2015-11-17T00:00:00.000,112741,NZ DOLLAR,34899,9825,11587,1489,6117,20006,9206,1070,1133,1990,6337
2015-11-17T00:00:00.000,232741,AUSTRALIAN DOLLAR,162083,18463,48210,3871,42891,122691,2266,2368,31626,13519,35919
2015-11-24T00:00:00.000,090741,CANADIAN DOLLAR,143742,18063,39442,28971,51607,52589,6690,18662,2015,20222,38753
2015-11-24T00:00:00.000,092741,SWISS FRANC,72945,16122,40825,816,2108,48840,1948,0,401,6306,26802
2015-11-24T00:00:00.000,096742,BRITISH POUND,172390,45642,41308,4708,62529,83571,6271,9255,13945,17388,36511
2015-11-24T00:00:00.000,097741,JAPANESE YEN,247513,19745,103870,18396,78812,147906,3209,32462,2021,16495,47092
2015-11-24T00:00:00.000,098662,USD INDEX,91193,18293,17693,23402,50,2896,61697,28474,5584,13654,1695
2015-11-24T00:00:00.000,099741,EURO FX,444626,41300,193182,88118,91928,160535,19250,85834,30989,42439,82877
2015-11-24T00:00:00.000,112741,NZ DOLLAR,35099,9280,13792,1819,5997,19982,8702,1764,792,1940,5502
2015-11-24T00:00:00.000,232741,AUSTRALIAN DOLLAR,152585,19180,43751,4106,38993,109891,2732,1483,31302,14654,32536
2015-12-01T00:00:00.000,090741,CANADIAN DOLLAR,145547,15207,39503,28701,49547,55054,6312,18707,2434,21752,41625
2015-12-01T00:00:00.000,092741,SWISS FRANC,78546,15166,43298,816,2239,55049,2124,0,412,6471,29429
2015-12-01T00:00:00.000,096742,BRITISH POUND,187628,50925,53629,5102,60565,91853,7578,9374,14700,16989,37771
2015-12-01T00:00:00.000,097741,JAPANESE YEN,253505,21448,101731,20485,78195,142906,3270,31546,3169,16223,46243
2015-12-01T00:00:00.000,098662,USD INDEX,95037,18612,19496,23772,50,2844,62011,29470,4941,14560,2760
2015-12-01T00:00:00.000,099741,EURO FX,462447,40995,197721,98687,97276,162540,19082,86830,33296,43882,85559
2015-12-01T00:00:00.000,112741,NZ DOLLAR,36623,9223,13226,2060,5983,20326,10594,1880,722,2681,5645
2015-12-01T00:00:00.000,232741,AUSTRALIAN DOLLAR,154800,20082,32980,5555,39212,104567,14882,1945,32229,18313,31159
2015-12-08T00:00:00.000,090741,CANADIAN DOLLAR,162857,25925,45545,30731,54401,57892,6508,16834,3089,22808,44647
2015-12-08T00:00:00.000,092741,SWISS FRANC,77258,8507,37641,816,2236,49680,1413,0,0,5937,23650
2015-12-08T00:00:00.000,096742,BRITISH POUND,200245,45881,59125,10064,60904,90930,7169,14535,13524,16068,36756
2015-12-08T00:00:00.000,097741,JAPANESE YEN,246055,16710,99741,21077,67145,135238,5253,32098,2477,16599,47106
2015-12-08T00:00:00.000,098662,USD INDEX,96798,21418,18615,22551,0,2556,62847,29547,5366,11979,1223
2015-12-08T00:00:00.000,099741,EURO FX,474921,42876,182251,93784,99646,146745,19646,78585,35670,58980,83757
2015-12-08T00:00:00.000,112741,NZ DOLLAR,38425,9959,11457,2053,5170,18659,14034,2625,860,2719,4494
2015-12-08T00:00:00.000,232741,AUSTRALIAN DOLLAR,162139,19485,24724,3587,32821,104494,29065,1153,31570,18207,28746
2015-12-15T00:00:00.000,090741,CANADIAN DOLLAR,189775,21976,55149,31112,53319,64545,1956,16918,3164,22355,43318
2015-12-15T00:00:00.000,092741,SWISS FRANC,52468,24090,27974,1236,2524,20952,2045,0,0,5976,19711
2015-12-15T00:00:00.000,096742,BRITISH POUND,165845,47586,46457,10274,67324,87454,2958,852,12340,15753,32840
2015-12-15T00:00:00.000,097741,JAPANESE YEN,194196,26104,81947,22784,59197,78460,7027,38567,1738,18962,34968
2015-12-15T00:00:00.000,098662,USD INDEX,71495,11065,17412,19999,0,2058,44109,25763,6189,10139,1314
2015-12-15T00:00:00.000,099741,EURO FX,404837,37709,164104,91704,107736,146234,7454,56099,27102,53795,79145
2015-12-15T00:00:00.000,112741,NZ DOLLAR,23626,12207,9540,1892,6906,5339,2310,1598,703,2465,4042
2015-12-15T00:00:00.000,232741,AUSTRALIAN DOLLAR,110538,32896,21907,1980,28013,55874,2009,887,28779,16527,27456
2015-12-22T00:00:00.000,090741,CANADIAN DOLLAR,163581,18297,56133,31570,54707,77625,2475,11554,5009,22554,43276
2015-12-22T00:00:00.000,092741,SWISS FRANC,50265,18558,25549,1236,2060,24813,2443,0,0,5472,20027
2015-12-22T00:00:00.000,096742,BRITISH POUND,194313,52889,59818,6953,69851,111498,2095,1812,18377,16515,39526
2015-12-22T00:00:00.000,097741,JAPANESE YEN,197375,25084,83156,24590,62355,85285,4985,38593,2485,15132,35703
2015-12-22T00:00:00.000,098662,USD INDEX,65071,10899,8186,18996,305,1934,44403,20762,7475,9388,1610
2015-12-22T00:00:00.000,099741,EURO FX,406533,38680,168264,91825,106047,144981,9437,56426,27140,55380,76404
2015-12-22T00:00:00.000,112741,NZ DOLLAR,24057,11408,8834,1292,7150,6930,2743,1495,926,2693,4165
2015-12-22T00:00:00.000,232741,AUSTRALIAN DOLLAR,106301,20248,24325,1973,22939,66943,1498,753,28441,13897,26611
2015-12-29T00:00:00.000,090741,CANADIAN DOLLAR,172137,22080,61460,31928,58700,81852,1923,11916,5807,22346,42232
2015-12-29T00:00:00.000,092741,SWISS FRANC,49114,17784,23848,1236,2066,24826,2431,0,0,5090,20591
2015-12-29T00:00:00.000,096742,BRITISH POUND,204038,51124,68571,7590,68400,119550,2498,2702,19708,17822,39611
2015-12-29T00:00:00.000,097741,JAPANESE YEN,196825,30990,75718,25410,64027,73645,10939,39777,1584,18179,35733
2015-12-29T00:00:00.000,098662,USD INDEX,64418,10968,8462,18473,0,1934,44369,20845,7196,9084,1277
2015-12-29T00:00:00.000,099741,EURO FX,400497,35015,166364,94888,103901,142605,10140,53425,25656,54847,74719
2015-12-29T00:00:00.000,112741,NZ DOLLAR,24587,11409,8597,1184,7150,6856,3268,1451,1175,3509,4219
2015-12-29T00:00:00.000,232741,AUSTRALIAN DOLLAR,98174,14263,23203,1959,15696,61606,1521,2226,29074,15538,26098
2016-01-05T00:00:00.000,090741,CANADIAN DOLLAR,166610,15113,62484,32499,51763,80252,1231,11945,4726,23527,43132
2016-01-05T00:00:00.000,092741,SWISS FRANC,50276,17168,23359,1236,2068,26607,886,0,0,5073,23771
2016-01-05T00:00:00.000,096742,BRITISH POUND,221993,51433,81273,9361,73806,135234,2742,4353,18655,16573,40478
2016-01-05T00:00:00.000,097741,JAPANESE YEN,220707,49626,73563,31018,68925,68796,35092,39420,2634,22690,31336
2016-01-05T00:00:00.000,098662,USD INDEX,74475,16870,11667,22791,0,983,53603,21053,4599,9810,1638
2016-01-05T00:00:00.000,099741,EURO FX,407105,38376,161853,94309,112776,145548,11758,50946,24063,58935,77664
2016-01-05T00:00:00.000,112741,NZ DOLLAR,24928,13491,9348,1286,7023,5772,2999,1361,897,2833,4476
2016-01-05T00:00:00.000,232741,AUSTRALIAN DOLLAR,99001,16809,22150,2630,13600,59686,1969,627,29738,16777,29072
2016-01-12T00:00:00.000,090741,CANADIAN DOLLAR,166273,14013,63659,34307,47867,78369,2072,11298,4894,23463,42958
2016-01-12T00:00:00.000,092741,SWISS FRANC,46428,15156,21232,1236,2052,23859,760,0,0,5779,21986
2016-01-12T00:00:00.000,096742,BRITISH POUND,238868,45591,89200,4970,76185,161748,3880,1598,16347,18207,46502
2016-01-12T00:00:00.000,097741,JAPANESE YEN,241366,65687,64880,28236,64009,70936,67895,38009,4663,30227,31648
2016-01-12T00:00:00.000,098662,USD INDEX,73868,20054,8618,19715,161,855,56514,20385,4333,10067,1450
2016-01-12T00:00:00.000,099741,EURO FX,398570,36831,146209,94427,115386,139817,16492,47479,25167,58042,73342
2016-01-12T00:00:00.000,112741,NZ DOLLAR,25434,12961,9324,1975,7551,5705,2872,1744,777,2791,4652
2016-01-12T00:00:00.000,232741,AUSTRALIAN DOLLAR,121590,20558,33393,2190,12551,80085,1431,903,32803,15591,39149
2016-01-19T00:00:00.000,090741,CANADIAN DOLLAR,165344,11122,63206,35591,49750,78751,1568,9374,4219,25383,41478
2016-01-19T00:00:00.000,092741,SWISS FRANC,49290,15670,23660,1236,2680,26337,1144,0,50,5718,21427
2016-01-19T00:00:00.000,096742,BRITISH POUND,259589,48193,103655,5172,79746,177700,3922,1987,19513,17992,44208
2016-01-19T00:00:00.000,097741,JAPANESE YEN,247614,71478,61766,28766,60757,67862,82815,38152,3684,32497,29733
2016-01-19T00:00:00.000,098662,USD INDEX,76206,21064,10703,20341,161,458,56937,22496,4045,8980,1493
2016-01-19T00:00:00.000,099741,EURO FX,400362,42777,138771,96844,113090,130616,29924,47033,25033,59533,69985
2016-01-19T00:00:00.000,112741,NZ DOLLAR,28114,9675,11284,2181,7726,11202,2002,2035,1032,2434,5483
2016-01-19T00:00:00.000,232741,AUSTRALIAN DOLLAR,132814,16860,44020,2660,11729,95195,1432,959,34858,14205,37840
2016-01-26T00:00:00.000,090741,CANADIAN DOLLAR,165240,10525,70562,36783,43229,78188,3627,9212,2912,24894,39272
2016-01-26T00:00:00.000,092741,SWISS FRANC,55694,15531,29301,1236,2230,32890,450,0,5,5689,23360
2016-01-26T00:00:00.000,096742,BRITISH POUND,272798,44889,106570,3375,90993,194292,4719,1942,17456,18553,43313
2016-01-26T00:00:00.000,097741,JAPANESE YEN,250711,77549,59819,28255,58790,65432,92636,39532,4138,31572,26957
2016-01-26T00:00:00.000,098662,USD INDEX,75839,20036,9372,19958,161,310,57628,23587,4183,8910,1457
2016-01-26T00:00:00.000,099741,EURO FX,402227,41806,130781,95810,115590,133705,34719,50263,24891,57543,73146
2016-01-26T00:00:00.000,112741,NZ DOLLAR,30437,10070,12089,1434,9466,13534,1678,2199,1073,2398,5329
2016-01-26T00:00:00.000,232741,AUSTRALIAN DOLLAR,125451,14072,41535,5936,10133,86027,1492,459,35258,15724,33800
2016-02-02T00:00:00.000,090741,CANADIAN DOLLAR,157362,7362,56916,39793,39825,73164,9605,8806,4779,22264,40264
2016-02-02T00:00:00.000,092741,SWISS FRANC,59370,16424,30519,1236,2247,35339,2005,33,0,6040,24301
2016-02-02T00:00:00.000,096742,BRITISH POUND,270680,41567,113141,3422,83133,196739,4626,1969,16069,16396,43124
2016-02-02T00:00:00.000,097741,JAPANESE YEN,237289,72639,56561,23771,62503,69903,71054,40371,6411,21768,31923
2016-02-02T00:00:00.000,098662,USD INDEX,76120,21533,10602,19169,64,303,57095,22436,3367,9173,1486
2016-02-02T00:00:00.000,099741,EURO FX,403939,44996,119549,98552,108399,124323,62749,71680,23930,41289,66213
2016-02-02T00:00:00.000,112741,NZ DOLLAR,30979,7874,12855,1141,9732,16316,1609,1949,981,2510,4613
2016-02-02T00:00:00.000,232741,AUSTRALIAN DOLLAR,122056,13480,38081,13600,12682,75776,1928,459,35162,15832,31294
2016-02-09T00:00:00.000,090741,CANADIAN DOLLAR,157150,7122,56866,39261,35074,72800,23333,8126,4333,23540,31243
2016-02-09T00:00:00.000,092741,SWISS FRANC,52701,10695,27454,1236,2237,31078,2340,0,400,8190,18768
2016-02-09T00:00:00.000,096742,BRITISH POUND,255866,40093,105342,3249,89482,185560,4456,2749,13962,15845,34254
2016-02-09T00:00:00.000,097741,JAPANESE YEN,237081,62341,56896,28346,50412,70404,89756,40384,1980,26583,29014
2016-02-09T00:00:00.000,098662,USD INDEX,75853,27594,11811,17099,2828,709,53768,19572,1134,7167,2600
2016-02-09T00:00:00.000,099741,EURO FX,441228,56296,118095,103235,94764,125835,110810,74961,25948,49679,60389
2016-02-09T00:00:00.000,112741,NZ DOLLAR,33544,7988,10501,1219,13407,18443,3541,1539,880,2844,3704
2016-02-09T00:00:00.000,232741,AUSTRALIAN DOLLAR,113354,18587,33209,21282,9997,53554,6886,459,34937,16624,25477
2016-02-16T00:00:00.000,090741,CANADIAN DOLLAR,158608,7142,53122,39678,32940,72134,31520,9892,3962,23407,30709
2016-02-16T00:00:00.000,092741,SWISS FRANC,48564,10417,24361,1236,2225,25670,2645,0,400,9573,17265
2016-02-16T00:00:00.000,096742,BRITISH POUND,260649,46047,104980,3586,91957,184281,4462,2541,13752,15069,36373
2016-02-16T00:00:00.000,097741,JAPANESE YEN,248985,69256,53947,30094,56636,70860,97322,40281,6144,29841,26283
2016-02-16T00:00:00.000,098662,USD INDEX,69926,25055,13026,15107,2253,883,47857,18870,613,6834,3000
2016-02-16T00:00:00.000,099741,EURO FX,429997,57265,98372,100634,93660,118338,122124,73321,29843,49238,54797
2016-02-16T00:00:00.000,112741,NZ DOLLAR,33596,7364,8467,1602,14776,19084,3720,1417,955,2606,4155
2016-02-16T00:00:00.000,232741,AUSTRALIAN DOLLAR,111447,21077,35206,21539,9029,48340,11151,482,27937,16685,24800
2016-02-23T00:00:00.000,090741,CANADIAN DOLLAR,157921,8561,51834,38712,27707,71111,38074,9952,4160,23379,29940
2016-02-23T00:00:00.000,092741,SWISS FRANC,47838,10404,22379,807,2238,27614,2255,0,400,7302,18855
2016-02-23T00:00:00.000,096742,BRITISH POUND,257214,45264,103280,2847,86310,178814,3551,2426,16490,17980,37700
2016-02-23T00:00:00.000,097741,JAPANESE YEN,257064,73625,57704,30411,56887,70873,105217,42224,1833,30604,26096
2016-02-23T00:00:00.000,098662,USD INDEX,69258,24704,12436,15079,2368,679,46542,18573,1211,5906,2384
2016-02-23T00:00:00.000,099741,EURO FX,422624,55047,90947,112727,93719,123404,124087,52711,28466,48426,55096
2016-02-23T00:00:00.000,112741,NZ DOLLAR,32618,8925,8715,1352,13920,16636,3709,1497,1086,2853,3833
2016-02-23T00:00:00.000,232741,AUSTRALIAN DOLLAR,119526,26035,33180,22426,6840,47669,22027,490,29591,18821,23803
2016-03-01T00:00:00.000,090741,CANADIAN DOLLAR,159107,6213,42929,43121,29015,71146,45764,9091,4766,23359,30456
2016-03-01T00:00:00.000,092741,SWISS FRANC,47634,10691,21607,807,2177,27413,1733,0,400,6653,19647
2016-03-01T00:00:00.000,096742,BRITISH POUND,275825,47707,114471,2770,89313,196948,3526,804,17913,17515,40521
2016-03-01T00:00:00.000,097741,JAPANESE YEN,261679,78742,53078,29575,50649,70081,108400,39349,4617,27424,28427
2016-03-01T00:00:00.000,098662,USD INDEX,64297,22039,11125,14104,1804,438,42424,16218,1694,6444,2196
2016-03-01T00:00:00.000,099741,EURO FX,417624,55422,107037,109538,101128,127024,89796,49293,25359,44460,62417
2016-03-01T00:00:00.000,112741,NZ DOLLAR,31473,10352,9966,1279,10824,14591,3811,1481,1373,2298,4027
2016-03-01T00:00:00.000,232741,AUSTRALIAN DOLLAR,122911,28271,31352,24922,6671,47241,31320,1201,26048,17165,23409
2016-03-08T00:00:00.000,090741,CANADIAN DOLLAR,174347,10860,43014,39570,24522,72631,57244,7003,3845,26714,28153
2016-03-08T00:00:00.000,092741,SWISS FRANC,49744,10705,19415,807,2244,26036,2098,0,400,7948,21339
2016-03-08T00:00:00.000,096742,BRITISH POUND,299048,39717,114637,2762,88786,199736,3922,980,12173,20126,43803
2016-03-08T00:00:00.000,097741,JAPANESE YEN,289879,84529,49600,26486,51047,67235,112635,38831,4776,28878,27901
2016-03-08T00:00:00.000,098662,USD INDEX,63702,23029,10469,14196,1866,633,42259,14476,1481,5623,1882
2016-03-08T00:00:00.000,099741,EURO FX,433221,51645,113572,109249,104822,126759,81881,54781,24067,47416,65508
2016-03-08T00:00:00.000,112741,NZ DOLLAR,34957,13481,12047,1598,10825,11329,3955,1856,1212,3044,3269
2016-03-08T00:00:00.000,232741,AUSTRALIAN DOLLAR,141845,32263,22935,29021,6187,46219,51999,990,31536,25321,21157
2016-03-15T00:00:00.000,090741,CANADIAN DOLLAR,169228,11772,35994,38959,23641,73309,67798,7672,3952,26113,26440
2016-03-15T00:00:00.000,092741,SWISS FRANC,40250,17408,16167,1218,2920,14377,1438,0,400,6794,18872
2016-03-15T00:00:00.000,096742,BRITISH POUND,253177,78410,104520,1401,88333,150129,1658,804,10923,13304,38614
2016-03-15T00:00:00.000,097741,JAPANESE YEN,140084,75676,30600,26306,51450,3705,16348,448,9224,25792,24305
2016-03-15T00:00:00.000,098662,USD INDEX,49684,11725,16728,14536,2276,782,26416,15677,1434,5831,1697
2016-03-15T00:00:00.000,099741,EURO FX,322405,31348,106061,107584,100699,83931,9761,32979,29063,44990,55248
2016-03-15T00:00:00.000,112741,NZ DOLLAR,28451,15355,9818,1859,10466,5539,1617,1804,1081,2293,3868
2016-03-15T00:00:00.000,232741,AUSTRALIAN DOLLAR,99992,29159,13780,35545,6857,1337,32299,2317,25508,28897,18811
2016-03-22T00:00:00.000,090741,CANADIAN DOLLAR,98997,13897,29497,41425,19659,2690,21448,8558,1316,29159,23809
2016-03-22T00:00:00.000,092741,SWISS FRANC,37656,13587,14519,1218,2905,13957,1731,0,400,8153,17360
2016-03-22T00:00:00.000,096742,BRITISH POUND,246222,55389,103002,1596,84775,163485,1845,2634,11415,13680,35747
2016-03-22T00:00:00.000,097741,JAPANESE YEN,146421,72622,27245,31256,46530,4343,29704,417,9324,29172,25007
2016-03-22T00:00:00.000,098662,USD INDEX,52614,11022,18315,14627,2262,425,26362,18395,1140,6422,2812
2016-03-22T00:00:00.000,099741,EURO FX,324310,34559,103365,106833,97975,78993,17380,32683,27377,49212,56183
2016-03-22T00:00:00.000,112741,NZ DOLLAR,27163,13884,9591,1797,10176,5277,1824,1400,1203,3600,3164
2016-03-22T00:00:00.000,232741,AUSTRALIAN DOLLAR,111677,34577,15085,38545,7564,2446,42536,1549,25383,31493,18042
2016-03-29T00:00:00.000,090741,CANADIAN DOLLAR,101099,19724,30350,40567,16248,2240,26367,8955,1042,26144,23623
2016-03-29T00:00:00.000,092741,SWISS FRANC,35601,12246,12572,1236,2995,12496,2213,0,400,8764,16562
2016-03-29T00:00:00.000,096742,BRITISH POUND,250444,53343,104806,2715,86061,165346,2222,4184,12021,14295,34773
2016-03-29T00:00:00.000,097741,JAPANESE YEN,148292,72050,30144,32135,46060,3942,31396,2588,8691,29211,23635
2016-03-29T00:00:00.000,098662,USD INDEX,53669,11708,19607,14873,2279,373,26216,18644,601,6176,3071
2016-03-29T00:00:00.000,099741,EURO FX,330090,40268,103385,106539,98704,78533,23474,31355,27592,51826,55366
2016-03-29T00:00:00.000,112741,NZ DOLLAR,28248,14987,9476,1889,10176,5407,2356,1620,1678,3075,3292
2016-03-29T00:00:00.000,232741,AUSTRALIAN DOLLAR,119665,40086,15681,41537,7939,2410,47792,2165,27085,30214,17915
2016-04-05T00:00:00.000,090741,CANADIAN DOLLAR,105335,21159,26991,40537,15754,1853,35249,8466,412,29201,22810
2016-04-05T00:00:00.000,092741,SWISS FRANC,36411,10885,10603,1443,2268,12276,7761,0,400,11215,14787
2016-04-05T00:00:00.000,096742,BRITISH POUND,247586,55601,96512,3959,86330,160016,2633,4182,13889,13544,37938
2016-04-05T00:00:00.000,097741,JAPANESE YEN,166831,77687,39341,39095,42672,3010,47906,4830,3687,34367,25383
2016-04-05T00:00:00.000,098662,USD INDEX,56323,9846,21194,14477,2513,429,26409,22156,1123,7161,2830
2016-04-05T00:00:00.000,099741,EURO FX,338533,44989,99328,107578,96338,76957,34577,31464,24495,53452,59702
2016-04-05T00:00:00.000,112741,NZ DOLLAR,28309,15300,9887,2072,8637,5306,4085,1369,1328,3152,3262
2016-04-05T00:00:00.000,232741,AUSTRALIAN DOLLAR,121060,48696,12511,35287,10413,2855,49051,1016,26269,30140,19750
2016-04-12T00:00:00.000,090741,CANADIAN DOLLAR,107755,21219,25800,40038,10475,3187,42729,7743,900,32365,24648
2016-04-12T00:00:00.000,092741,SWISS FRANC,39757,10947,8448,1450,2836,12394,14346,1340,400,13012,13113
2016-04-12T00:00:00.000,096742,BRITISH POUND,236169,51116,87161,4220,82941,151538,3689,3804,14016,14784,37655
2016-04-12T00:00:00.000,097741,JAPANESE YEN,173515,85840,39564,32731,41873,6975,50472,5925,4130,33000,28432
2016-04-12T00:00:00.000,098662,USD INDEX,59054,13938,22903,15015,2675,876,26582,19028,1429,7813,3081
2016-04-12T00:00:00.000,099741,EURO FX,333535,42407,89897,101793,97961,75309,37611,33388,23676,55116,58868
2016-04-12T00:00:00.000,112741,NZ DOLLAR,29575,15728,8728,1847,9787,5995,5036,1471,1172,3389,3707
2016-04-12T00:00:00.000,232741,AUSTRALIAN DOLLAR,132621,53152,18318,43798,11083,2791,53602,0,26730,29124,19132
2016-04-19T00:00:00.000,090741,CANADIAN DOLLAR,114198,23032,24947,41146,8744,3447,53746,9455,400,33623,22866
2016-04-19T00:00:00.000,092741,SWISS FRANC,43212,13880,9390,1404,3177,12795,16329,600,400,13985,13368
2016-04-19T00:00:00.000,096742,BRITISH POUND,238195,48821,89359,6273,72717,147251,14639,3781,13544,19223,35090
2016-04-19T00:00:00.000,097741,JAPANESE YEN,179888,85076,42156,37706,40722,6264,56888,9240,3479,31030,26071
2016-04-19T00:00:00.000,098662,USD INDEX,62494,17827,25580,14887,2815,288,26216,18022,1654,8310,3069
2016-04-19T00:00:00.000,099741,EURO FX,345563,48596,99473,109863,97686,75217,43377,33943,22060,52533,57556
2016-04-19T00:00:00.000,112741,NZ DOLLAR,31313,16754,8450,1944,10001,6277,7141,1299,1290,3848,3240
2016-04-19T00:00:00.000,232741,AUSTRALIAN DOLLAR,142922,61030,15836,42943,10526,3086,63624,44,26562,31634,22189
2016-04-26T00:00:00.000,090741,CANADIAN DOLLAR,121080,27276,25727,41145,7873,2990,61748,10652,400,35188,21503
2016-04-26T00:00:00.000,092741,SWISS FRANC,42860,17542,12968,1395,3506,12477,10179,720,880,10159,14760
2016-04-26T00:00:00.000,096742,BRITISH POUND,243829,54424,84743,8739,70519,145261,24990,4398,13633,18039,36976
2016-04-26T00:00:00.000,097741,JAPANESE YEN,168767,81734,35361,36184,45004,6006,45579,4995,4162,28797,27610
2016-04-26T00:00:00.000,098662,USD INDEX,64034,16975,26723,14875,2805,376,26145,18935,862,8265,2891
2016-04-26T00:00:00.000,099741,EURO FX,340200,47618,90830,118082,97835,65407,48424,32409,21368,49917,54976
2016-04-26T00:00:00.000,112741,NZ DOLLAR,33789,19014,8491,1645,10001,6267,10698,1338,1063,4399,2410
2016-04-26T00:00:00.000,232741,AUSTRALIAN DOLLAR,155703,74943,13786,42879,10652,2854,78694,36,26510,30834,21904
2016-05-03T00:00:00.000,090741,CANADIAN DOLLAR,123864,30255,22972,40643,6278,2821,66794,10923,400,35585,23783
2016-05-03T00:00:00.000,092741,SWISS FRANC,41656,14938,13053,1390,3444,11798,10500,1230,400,11445,13404
2016-05-03T00:00:00.000,096742,BRITISH POUND,248180,54733,76816,8543,69731,147495,39700,5064,13118,17600,34070
2016-05-03T00:00:00.000,097741,JAPANESE YEN,161529,63441,33832,34269,41473,7846,44178,12638,2685,31203,27229
2016-05-03T00:00:00.000,098662,USD INDEX,71528,20241,32635,16063,3192,436,26116,20594,845,9077,3623
2016-05-03T00:00:00.000,099741,EURO FX,360461,51355,89978,127077,93316,64509,69774,35067,21001,54626,58565
2016-05-03T00:00:00.000,112741,NZ DOLLAR,36578,20351,8021,1947,9487,7311,13737,1384,1091,4420,3077
2016-05-03T00:00:00.000,232741,AUSTRALIAN DOLLAR,142695,68478,15046,35969,7103,4358,65410,1389,28817,27031,20849
2016-05-10T00:00:00.000,090741,CANADIAN DOLLAR,124765,31964,14999,43349,7628,1316,72995,10977,0,33117,25101
2016-05-10T00:00:00.000,092741,SWISS FRANC,42701,16327,14964,1919,3208,14275,9180,770,0,8627,14566
2016-05-10T00:00:00.000,096742,BRITISH POUND,238519,54308,60797,4525,74961,147348,41766,3309,11879,14914,35001
2016-05-10T00:00:00.000,097741,JAPANESE YEN,165549,65849,38754,34991,44991,8271,40763,13864,2714,30282,26035
2016-05-10T00:00:00.000,098662,USD INDEX,67841,18845,28358,15324,3311,289,26117,19850,1309,8019,3232
2016-05-10T00:00:00.000,099741,EURO FX,344978,43026,74363,126547,95659,62811,67691,33805,20864,52837,60449
2016-05-10T00:00:00.000,112741,NZ DOLLAR,45419,20008,6402,1780,19629,17045,13685,1517,971,3615,3278
2016-05-10T00:00:00.000,232741,AUSTRALIAN DOLLAR,126768,52440,12251,35535,6524,7886,49730,1369,33285,25206,20646
2016-05-17T00:00:00.000,090741,CANADIAN DOLLAR,124370,28502,13679,43750,5915,1839,75499,10640,459,34985,24164
2016-05-17T00:00:00.000,092741,SWISS FRANC,44754,16123,17312,1443,2717,17842,7666,874,0,7687,16274
2016-05-17T00:00:00.000,096742,BRITISH POUND,239158,54283,62240,4108,76744,147755,36114,3868,12403,14844,37357
2016-05-17T00:00:00.000,097741,JAPANESE YEN,158909,67494,37287,34761,43816,7646,38022,8570,2866,27296,23776
2016-05-17T00:00:00.000,098662,USD INDEX,65412,16994,26344,15014,2793,168,25621,19177,1532,7669,2732
2016-05-17T00:00:00.000,099741,EURO FX,349559,48634,71176,122994,97766,62501,65525,33418,21551,50428,61957
2016-05-17T00:00:00.000,112741,NZ DOLLAR,43986,18679,7608,1842,19635,17176,10765,1244,1070,3750,3613
2016-05-17T00:00:00.000,232741,AUSTRALIAN DOLLAR,114119,42813,14673,32441,7371,9553,32914,899,31943,23648,22453
2016-05-24T00:00:00.000,090741,CANADIAN DOLLAR,123789,22569,9516,50143,8209,3206,72971,9876,646,33066,27518
2016-05-24T00:00:00.000,092741,SWISS FRANC,52142,18727,22051,977,2773,24367,4680,1365,480,5931,21383
2016-05-24T00:00:00.000,096742,BRITISH POUND,244377,53640,58378,5856,79960,148211,37684,2560,13049,17001,38197
2016-05-24T00:00:00.000,097741,JAPANESE YEN,159833,65033,42602,32404,45085,11603,28222,8542,2649,27970,26994
2016-05-24T00:00:00.000,098662,USD INDEX,61266,13499,23392,14990,1077,163,25688,17715,1179,7359,2390
2016-05-24T00:00:00.000,099741,EURO FX,350242,44138,92972,121647,102270,68359,40565,33829,21560,51147,61753
2016-05-24T00:00:00.000,112741,NZ DOLLAR,42189,15705,6616,1659,20221,18718,9108,1372,1117,3471,3863
2016-05-24T00:00:00.000,232741,AUSTRALIAN DOLLAR,114633,33843,17403,27904,9492,24077,26549,506,33367,23882,23401
2016-05-31T00:00:00.000,090741,CANADIAN DOLLAR,126518,23635,9509,49896,8895,3906,71659,9720,1157,32940,28877
2016-05-31T00:00:00.000,092741,SWISS FRANC,57175,18311,30203,977,3248,28424,1742,1430,0,6951,20900
2016-05-31T00:00:00.000,096742,BRITISH POUND,243685,51812,52122,4674,76759,147251,47176,2853,11400,17361,36494
2016-05-31T00:00:00.000,097741,JAPANESE YEN,156499,64787,39690,28343,45616,12566,22257,6167,2989,27453,28764
2016-05-31T00:00:00.000,098662,USD INDEX,62195,13292,24546,15255,884,163,25616,17666,1470,8404,2264
2016-05-31T00:00:00.000,099741,EURO FX,356178,47103,108677,123417,102426,75509,31570,32184,22480,48602,61662
2016-05-31T00:00:00.000,112741,NZ DOLLAR,44604,17576,6754,1840,20195,18981,11420,1253,1216,3495,3560
2016-05-31T00:00:00.000,232741,AUSTRALIAN DOLLAR,114647,27458,16344,21889,9977,35884,21794,1589,34845,22158,26018
2016-06-07T00:00:00.000,090741,CANADIAN DOLLAR,135330,18626,13785,49990,8292,5765,68221,9779,1727,32892,25027
2016-06-07T00:00:00.000,092741,SWISS FRANC,62626,15871,31931,977,3189,32347,2569,994,0,7748,20248
2016-06-07T00:00:00.000,096742,BRITISH POUND,259238,52709,59499,2982,79581,150658,41084,3303,11348,16491,34631
2016-06-07T00:00:00.000,097741,JAPANESE YEN,180894,61157,34991,27821,43218,15433,28876,4836,3170,30546,29538
2016-06-07T00:00:00.000,098662,USD INDEX,70139,17319,28834,15665,1172,164,25532,18138,653,7597,2692
2016-06-07T00:00:00.000,099741,EURO FX,386010,40588,104671,124346,98288,69125,31845,34284,21113,57681,70107
2016-06-07T00:00:00.000,112741,NZ DOLLAR,57750,26379,9695,2393,20486,16805,16654,1240,1390,4807,3399
2016-06-07T00:00:00.000,232741,AUSTRALIAN DOLLAR,119376,18906,24006,21779,6861,42509,17736,1021,31938,22884,26558
2016-06-14T00:00:00.000,090741,CANADIAN DOLLAR,177711,26554,19923,43609,8971,354,71145,9363,2311,43849,21379
2016-06-14T00:00:00.000,092741,SWISS FRANC,43110,16234,21720,1836,2210,16990,1969,0,0,7253,16414
2016-06-14T00:00:00.000,096742,BRITISH POUND,206389,55304,58677,2123,81758,118981,2547,1693,13169,14966,36916
2016-06-14T00:00:00.000,097741,JAPANESE YEN,139052,65862,19123,29870,42618,2286,2561,2457,37867,29950,28256
2016-06-14T00:00:00.000,098662,USD INDEX,50315,6820,30517,15538,1605,149,10893,16109,343,6949,2207
2016-06-14T00:00:00.000,099741,EURO FX,325402,34745,104819,125648,101938,79214,10230,21230,29634,43988,58204
2016-06-14T00:00:00.000,112741,NZ DOLLAR,41919,30581,8802,2616,21875,1011,4338,1297,2770,5261,2981
2016-06-14T00:00:00.000,232741,AUSTRALIAN DOLLAR,79135,20051,22717,25111,7890,8391,2906,693,17893,21639,24479
2016-06-21T00:00:00.000,090741,CANADIAN DOLLAR,118157,25067,33983,48559,10081,0,47181,9003,2923,31672,20133
2016-06-21T00:00:00.000,092741,SWISS FRANC,38535,11203,18486,2287,1268,16012,2584,0,0,8263,15427
2016-06-21T00:00:00.000,096742,BRITISH POUND,199189,40365,56844,2014,79676,124704,2910,1281,12663,16881,33152
2016-06-21T00:00:00.000,097741,JAPANESE YEN,144710,66825,22600,30922,43184,3130,2993,2846,39192,32011,27765
2016-06-21T00:00:00.000,098662,USD INDEX,50649,6999,30564,15530,2407,170,10876,17607,282,6177,2354
2016-06-21T00:00:00.000,099741,EURO FX,317400,20771,99392,127836,97940,82416,10981,18043,28701,44046,56098
2016-06-21T00:00:00.000,112741,NZ DOLLAR,43562,32019,8428,2119,21875,1564,6518,1434,2546,5199,2968
2016-06-21T00:00:00.000,232741,AUSTRALIAN DOLLAR,78925,18437,24315,25165,8543,7574,5456,2338,16100,21470,20570
2016-06-28T00:00:00.000,090741,CANADIAN DOLLAR,114425,21287,27837,50570,9942,0,48511,9280,2337,28932,21442
2016-06-28T00:00:00.000,092741,SWISS FRANC,35507,10534,12519,1884,1695,16169,5147,0,0,6158,15384
2016-06-28T00:00:00.000,096742,BRITISH POUND,206551,35904,50178,3789,84325,131463,3867,2195,20652,19118,33447
2016-06-28T00:00:00.000,097741,JAPANESE YEN,143117,73531,22201,32304,43792,3543,3995,264,37971,25006,26689
2016-06-28T00:00:00.000,098662,USD INDEX,47703,6706,27951,16801,57,180,10862,13122,599,5950,3290
2016-06-28T00:00:00.000,099741,EURO FX,337273,49126,107937,120432,101241,84085,8870,15747,36623,41089,55808
2016-06-28T00:00:00.000,112741,NZ DOLLAR,43462,31930,8291,1736,21878,2089,7581,1547,2100,5046,2498
2016-06-28T00:00:00.000,232741,AUSTRALIAN DOLLAR,70276,21846,26930,13674,7900,5046,11341,3886,2148,22335,18468
2016-07-05T00:00:00.000,090741,CANADIAN DOLLAR,116494,22267,27060,52342,8235,0,51059,8444,3330,30421,23790
2016-07-05T00:00:00.000,092741,SWISS FRANC,34796,10237,14363,1940,1694,15945,2759,0,0,5900,15206
2016-07-05T00:00:00.000,096742,BRITISH POUND,227939,38928,68243,5101,88123,145774,2687,3910,17308,19285,36637
2016-07-05T00:00:00.000,097741,JAPANESE YEN,150417,74742,21125,33507,45246,5336,12791,749,36619,27891,26444
2016-07-05T00:00:00.000,098662,USD INDEX,51060,5981,31671,17253,0,191,11061,14780,848,7208,1833
2016-07-05T00:00:00.000,099741,EURO FX,362649,50547,125202,118498,104234,106777,7613,18038,38388,40356,58779
2016-07-05T00:00:00.000,112741,NZ DOLLAR,44234,32861,7434,1755,22051,2069,8247,1182,2167,4873,2841
2016-07-05T00:00:00.000,232741,AUSTRALIAN DOLLAR,72989,24599,23089,12857,8063,5043,13740,2713,4378,23591,19533
2016-07-12T00:00:00.000,090741,CANADIAN DOLLAR,114230,22394,20948,50637,7618,144,54236,7827,3546,29883,24537
2016-07-12T00:00:00.000,092741,SWISS FRANC,39010,10534,16752,1986,1959,19549,1610,0,0,5918,17666
2016-07-12T00:00:00.000,096742,BRITISH POUND,236611,33110,73586,7688,84493,159428,4989,2972,17059,17961,41032
2016-07-12T00:00:00.000,097741,JAPANESE YEN,161262,79740,24762,26191,44581,18407,3950,1220,46728,26744,32281
2016-07-12T00:00:00.000,098662,USD INDEX,52678,6660,31132,16129,0,210,12600,16028,565,7246,1976
2016-07-12T00:00:00.000,099741,EURO FX,370372,44389,136261,120769,99024,117858,9535,17742,35449,40954,61443
2016-07-12T00:00:00.000,112741,NZ DOLLAR,44750,32854,6364,1929,21847,1798,10285,1482,2211,5552,2908
2016-07-12T00:00:00.000,232741,AUSTRALIAN DOLLAR,89743,36394,20945,16989,7165,3164,31752,1156,5774,28508,20575
2016-07-19T00:00:00.000,090741,CANADIAN DOLLAR,117603,22557,19480,53899,7787,456,59515,7148,2889,30754,25143
2016-07-19T00:00:00.000,092741,SWISS FRANC,41766,10593,18384,1843,2210,21991,1415,0,0,6286,18704
2016-07-19T00:00:00.000,096742,BRITISH POUND,225589,19984,79458,7351,69947,163130,3953,2573,13479,17445,43646
2016-07-19T00:00:00.000,097741,JAPANESE YEN,158366,72635,26719,26734,42658,20446,2298,1093,48606,28948,29575
2016-07-19T00:00:00.000,098662,USD INDEX,56826,12298,32640,15420,0,224,14773,13057,730,8848,1704
2016-07-19T00:00:00.000,099741,EURO FX,388905,47774,152822,118973,95861,131597,10055,20951,36193,40631,64995
2016-07-19T00:00:00.000,112741,NZ DOLLAR,41199,29862,5061,1711,19488,2097,10398,1427,2077,4666,2739
2016-07-19T00:00:00.000,232741,AUSTRALIAN DOLLAR,99518,46513,18874,17696,8578,2831,39605,4722,5506,23499,22698
2016-07-26T00:00:00.000,090741,CANADIAN DOLLAR,118079,24096,18285,52821,8658,1288,55477,7597,3146,30042,30278
2016-07-26T00:00:00.000,092741,SWISS FRANC,51507,14198,25765,1873,2218,27665,1330,411,0,6294,21128
2016-07-26T00:00:00.000,096742,BRITISH POUND,231644,21752,86988,7531,68624,166705,4068,2812,12950,16144,42314
2016-07-26T00:00:00.000,097741,JAPANESE YEN,159869,67261,25378,27135,41615,30481,3166,1739,48010,23948,32395
2016-07-26T00:00:00.000,098662,USD INDEX,63131,16984,33637,15773,0,1177,19664,13676,430,8324,2203
2016-07-26T00:00:00.000,099741,EURO FX,400035,45408,157311,121944,98258,142211,10135,20120,40844,42327,65462
2016-07-26T00:00:00.000,112741,NZ DOLLAR,39825,28461,4411,1973,19463,2227,9094,1462,2163,4394,3386
2016-07-26T00:00:00.000,232741,AUSTRALIAN DOLLAR,95520,46237,14384,17436,9574,1646,38263,1400,6815,24672,22355
2016-08-02T00:00:00.000,090741,CANADIAN DOLLAR,115825,21632,19941,51477,10421,1928,51036,7241,4999,30947,26828
2016-08-02T00:00:00.000,092741,SWISS FRANC,44853,8797,24597,1879,1146,25349,1379,0,0,7514,16417
2016-08-02T00:00:00.000,096742,BRITISH POUND,233265,21963,88526,7725,71098,169879,4494,3547,13863,16414,41547
2016-08-02T00:00:00.000,097741,JAPANESE YEN,156696,65031,31807,31521,43574,24299,3739,1844,38242,26707,32040
2016-08-02T00:00:00.000,098662,USD INDEX,54870,11957,21966,14131,540,272,19599,12005,523,6391,2128
2016-08-02T00:00:00.000,099741,EURO FX,378500,34783,143066,124805,95834,122628,10311,20676,38458,46130,61353
2016-08-02T00:00:00.000,112741,NZ DOLLAR,40392,28217,4806,2296,13848,1826,14766,1591,2280,5105,3335
2016-08-02T00:00:00.000,232741,AUSTRALIAN DOLLAR,99112,43814,19264,20600,8375,1455,38066,518,5523,27851,23010
2016-08-09T00:00:00.000,090741,CANADIAN DOLLAR,115796,21813,22840,53223,10201,2865,44934,6897,6994,28893,28722
2016-08-09T00:00:00.000,092741,SWISS FRANC,43405,8719,20222,1904,2109,24254,1494,0,0,7132,18184
2016-08-09T00:00:00.000,096742,BRITISH POUND,243430,25102,92882,7524,74561,174237,7270,3619,15260,20680,41189
2016-08-09T00:00:00.000,097741,JAPANESE YEN,167011,75174,35902,32514,42948,20403,10622,1199,36711,28827,31934
2016-08-09T00:00:00.000,098662,USD INDEX,56359,10757,22912,13977,606,208,19917,13005,360,7599,1751
2016-08-09T00:00:00.000,099741,EURO FX,368693,30468,134266,121696,95146,127026,10982,20017,37698,41599,62714
2016-08-09T00:00:00.000,112741,NZ DOLLAR,41475,29860,5952,2747,14903,1587,13950,997,2179,4916,3123
2016-08-09T00:00:00.000,232741,AUSTRALIAN DOLLAR,102059,43735,20051,22138,8505,1421,42519,485,4216,29620,22108
2016-08-16T00:00:00.000,090741,CANADIAN DOLLAR,124610,18804,30019,59048,8566,3136,50841,5966,7821,34416,24123
2016-08-16T00:00:00.000,092741,SWISS FRANC,42786,7422,22413,2417,1158,22825,2121,0,0,8662,15634
2016-08-16T00:00:00.000,096742,BRITISH POUND,248568,23807,95771,8986,76341,177906,4504,4362,15518,20675,43602
2016-08-16T00:00:00.000,097741,JAPANESE YEN,165905,75185,30065,33316,36588,12629,17136,1260,35511,28977,32067
2016-08-16T00:00:00.000,098662,USD INDEX,57759,10971,24998,12934,1233,184,19071,17113,514,6870,2256
2016-08-16T00:00:00.000,099741,EURO FX,366037,33869,132494,126444,97456,112228,11099,19745,35340,46303,62200
2016-08-16T00:00:00.000,112741,NZ DOLLAR,43268,31678,5673,2245,15727,2053,15006,898,2207,5296,3557
2016-08-16T00:00:00.000,232741,AUSTRALIAN DOLLAR,112135,51862,23016,22431,8973,1340,49463,485,4409,31323,21580
2016-08-23T00:00:00.000,090741,CANADIAN DOLLAR,131618,21782,29395,57338,8570,5805,60283,5694,7254,37048,22165
2016-08-23T00:00:00.000,092741,SWISS FRANC,39554,9002,19786,2260,1245,16547,3842,0,0,10819,13755
2016-08-23T00:00:00.000,096742,BRITISH POUND,247711,25147,97778,10220,73313,173663,4983,2313,15667,20938,40540
2016-08-23T00:00:00.000,097741,JAPANESE YEN,164756,77958,27027,33208,35719,8146,16490,746,36743,28465,32544
2016-08-23T00:00:00.000,098662,USD INDEX,57651,8237,22557,12840,1803,367,18796,17596,775,7772,2881
2016-08-23T00:00:00.000,099741,EURO FX,364044,37197,120293,130514,97786,101701,23423,19392,32786,48087,62603
2016-08-23T00:00:00.000,112741,NZ DOLLAR,44393,32916,6863,2163,15727,2249,14826,779,2186,5209,3714
2016-08-23T00:00:00.000,232741,AUSTRALIAN DOLLAR,114452,51180,23767,23252,9503,1757,48375,3212,4988,30234,23002
2016-08-30T00:00:00.000,090741,CANADIAN DOLLAR,125716,21352,21131,54524,8741,6113,62871,5440,6321,34291,22656
2016-08-30T00:00:00.000,092741,SWISS FRANC,42294,13145,16416,1528,1848,19773,3252,0,0,6934,19864
2016-08-30T00:00:00.000,096742,BRITISH POUND,248410,28893,100877,11833,72590,173608,6558,2627,14967,17638,39607
2016-08-30T00:00:00.000,097741,JAPANESE YEN,164329,85185,27003,27456,35692,8502,16761,863,36093,26200,32657
2016-08-30T00:00:00.000,098662,USD INDEX,55341,8392,20825,13128,1356,783,18789,13469,259,7790,2333
2016-08-30T00:00:00.000,099741,EURO FX,364843,40910,123907,129315,102383,106753,16941,17964,32828,45283,64166
2016-08-30T00:00:00.000,112741,NZ DOLLAR,46496,34309,6283,2133,17667,2271,15069,764,2099,5665,4024
2016-08-30T00:00:00.000,232741,AUSTRALIAN DOLLAR,110040,51352,21663,21351,12934,1771,41476,3858,6754,27140,22645
2016-09-06T00:00:00.000,090741,CANADIAN DOLLAR,122747,19332,19054,52732,8726,6279,58814,6056,6905,32397,23297
2016-09-06T00:00:00.000,092741,SWISS FRANC,45795,11306,22103,1524,1781,23874,2590,0,0,7930,18160
2016-09-06T00:00:00.000,096742,BRITISH POUND,255953,29190,98630,14670,73011,159558,8492,3344,12614,23439,37454
2016-09-06T00:00:00.000,097741,JAPANESE YEN,159342,77049,26708,27404,35341,6528,9446,801,35702,28701,33286
2016-09-06T00:00:00.000,098662,USD INDEX,58169,10306,23760,13150,543,194,19975,14864,185,8835,2886
2016-09-06T00:00:00.000,099741,EURO FX,375985,32909,120521,126432,103118,117268,16233,15560,31587,45546,66256
2016-09-06T00:00:00.000,112741,NZ DOLLAR,51939,38312,8050,2999,17232,2154,18577,1058,2447,6144,4361
2016-09-06T00:00:00.000,232741,AUSTRALIAN DOLLAR,108852,52070,20341,19561,10895,2123,38814,400,8713,29829,25220
2016-09-13T00:00:00.000,090741,CANADIAN DOLLAR,124676,27274,24426,48502,11345,7545,49275,6364,6092,28999,27546
2016-09-13T00:00:00.000,092741,SWISS FRANC,44748,9511,19680,1524,1239,23245,1649,0,0,6954,18666
2016-09-13T00:00:00.000,096742,BRITISH POUND,252539,32297,94002,13167,73220,157194,8832,1910,10285,20204,38433
2016-09-13T00:00:00.000,097741,JAPANESE YEN,167340,78321,26306,26071,37155,10176,12241,1227,33455,26305,32943
2016-09-13T00:00:00.000,098662,USD INDEX,55501,11654,22940,12915,1644,197,20056,14637,235,7745,2273
2016-09-13T00:00:00.000,099741,EURO FX,379624,29045,111600,126684,95907,112651,24635,15627,30117,45916,67664
2016-09-13T00:00:00.000,112741,NZ DOLLAR,61941,36272,6936,2590,17102,1471,18012,1524,2144,5933,3596
2016-09-13T00:00:00.000,232741,AUSTRALIAN DOLLAR,112367,51517,23738,15836,13133,3302,30207,641,5633,24784,23369
2016-09-20T00:00:00.000,090741,CANADIAN DOLLAR,137204,41344,38147,40208,11409,10839,40550,6813,6574,25437,27961
2016-09-20T00:00:00.000,092741,SWISS FRANC,40838,23306,19644,1511,1739,10132,774,0,0,5398,18190
2016-09-20T00:00:00.000,096742,BRITISH POUND,237759,61999,95359,12655,77863,133982,7493,3802,11241,17828,38310
2016-09-20T00:00:00.000,097741,JAPANESE YEN,140738,74453,26148,30176,37282,4244,13529,1085,27520,24420,29899
2016-09-20T00:00:00.000,098662,USD INDEX,47964,7083,21123,13207,761,260,18017,14871,293,7029,2256
2016-09-20T00:00:00.000,099741,EURO FX,324525,29136,111313,125439,102623,87218,7754,18346,23531,44603,59521
2016-09-20T00:00:00.000,112741,NZ DOLLAR,49526,36550,14839,2702,16760,2456,12049,1276,1329,5596,3603
2016-09-20T00:00:00.000,232741,AUSTRALIAN DOLLAR,86614,32301,29891,20402,12385,8320,14729,11,6415,22829,20443
2016-09-27T00:00:00.000,090741,CANADIAN DOLLAR,105130,18617,40338,39410,11379,14269,14901,5957,4389,25220,32466
2016-09-27T00:00:00.000,092741,SWISS FRANC,38969,7800,20032,2289,1288,21475,596,0,0,6778,16426
2016-09-27T00:00:00.000,096742,BRITISH POUND,239025,40781,102964,12780,77962,152525,2043,4440,12015,20844,36386
2016-09-27T00:00:00.000,097741,JAPANESE YEN,155170,87127,26397,29034,36834,3385,21636,1746,29796,27264,33893
2016-09-27T00:00:00.000,098662,USD INDEX,50534,6784,23032,12397,649,204,17897,17212,235,7476,2260
2016-09-27T00:00:00.000,099741,EURO FX,328490,27769,107429,135038,101191,75038,9853,19290,26850,45062,56874
2016-09-27T00:00:00.000,112741,NZ DOLLAR,49416,36580,9330,2171,20432,2644,14301,1541,1012,5533,3394
2016-09-27T00:00:00.000,232741,AUSTRALIAN DOLLAR,98351,43392,32762,24959,10769,2016,19986,0,10011,24724,21563
2016-10-04T00:00:00.000,090741,CANADIAN DOLLAR,104219,13295,40511,42655,10468,15791,14520,5687,5642,24851,31138
2016-10-04T00:00:00.000,092741,SWISS FRANC,46330,15570,21331,1521,1288,22528,1542,0,0,6340,21798
2016-10-04T00:00:00.000,096742,BRITISH POUND,262478,43481,122684,13678,77142,164363,2696,5035,11808,27236,39463
2016-10-04T00:00:00.000,097741,JAPANESE YEN,157574,90282,29523,29193,39470,4040,15090,2223,30153,22597,34099
2016-10-04T00:00:00.000,098662,USD INDEX,53795,9595,27406,13837,797,309,18125,17122,343,7915,2107
2016-10-04T00:00:00.000,099741,EURO FX,347643,31968,120181,142251,101903,80065,8464,16205,24656,46415,61700
2016-10-04T00:00:00.000,112741,NZ DOLLAR,49242,35682,8225,2053,20689,3235,14914,1261,1086,6081,3398
2016-10-04T00:00:00.000,232741,AUSTRALIAN DOLLAR,110028,53449,26993,24840,9050,1642,37068,402,11405,26262,22079
2016-10-11T00:00:00.000,090741,CANADIAN DOLLAR,104002,15555,35618,39005,9679,15540,17195,5872,5659,26121,33942
2016-10-11T00:00:00.000,092741,SWISS FRANC,55747,14032,29549,1483,2706,33430,0,0,0,6396,23086
2016-10-11T00:00:00.000,096742,BRITISH POUND,255590,33842,123170,14339,66294,160426,4474,5741,11164,29743,38989
2016-10-11T00:00:00.000,097741,JAPANESE YEN,150394,58226,26997,30735,36679,23092,11512,3550,32244,25334,33505
2016-10-11T00:00:00.000,098662,USD INDEX,69769,22289,29334,18995,355,410,33298,16095,496,7981,2287
2016-10-11T00:00:00.000,099741,EURO FX,378774,33435,142631,145892,104200,102809,12013,18798,24814,45694,62970
2016-10-11T00:00:00.000,112741,NZ DOLLAR,47124,30999,7893,2001,21911,6437,11454,1162,1078,5378,3641
2016-10-11T00:00:00.000,232741,AUSTRALIAN DOLLAR,112028,52809,22468,23297,5902,3910,49873,807,8860,26769,20489
2016-10-18T00:00:00.000,090741,CANADIAN DOLLAR,95793,13932,32668,33381,9901,13051,17221,4999,4365,27907,29115
2016-10-18T00:00:00.000,092741,SWISS FRANC,63226,13937,34870,1477,2686,39897,442,0,0,6659,23972
2016-10-18T00:00:00.000,096742,BRITISH POUND,255194,35579,120048,13058,67240,160830,4570,4768,12169,29768,39976
2016-10-18T00:00:00.000,097741,JAPANESE YEN,156607,49163,26001,31195,36314,38181,12778,2396,36376,25185,34651
2016-10-18T00:00:00.000,098662,USD INDEX,79933,26075,28250,22110,0,471,44188,18444,1009,8307,1960
2016-10-18T00:00:00.000,099741,EURO FX,413183,36224,175376,151478,108129,128464,11039,18511,23994,45728,61867
2016-10-18T00:00:00.000,112741,NZ DOLLAR,47413,28135,7883,2650,21884,10313,11464,352,1296,4937,3860
2016-10-18T00:00:00.000,232741,AUSTRALIAN DOLLAR,122436,60939,21628,22518,7008,4710,57596,843,10413,29263,21628
2016-10-25T00:00:00.000,090741,CANADIAN DOLLAR,113501,23460,36467,29074,14470,25457,17333,4805,6202,28055,36379
2016-10-25T00:00:00.000,092741,SWISS FRANC,67211,14153,37834,1477,2600,45580,466,0,0,5594,25904
2016-10-25T00:00:00.000,096742,BRITISH POUND,267500,39428,129690,11785,66296,169164,4260,7600,12898,27875,42708
2016-10-25T00:00:00.000,097741,JAPANESE YEN,163040,53764,26327,31467,36958,41205,13119,2292,35886,22282,38720
2016-10-25T00:00:00.000,098662,USD INDEX,86683,28950,27929,24094,0,414,49814,20634,1676,7818,2491
2016-10-25T00:00:00.000,099741,EURO FX,448471,52746,205053,137043,109097,156875,11802,17878,24363,50478,64705
2016-10-25T00:00:00.000,112741,NZ DOLLAR,47257,28254,8235,2406,21884,10588,11456,230,1211,4709,3401
2016-10-25T00:00:00.000,232741,AUSTRALIAN DOLLAR,124584,64037,22169,21707,7474,4616,59640,848,10173,29324,21076
2016-11-01T00:00:00.000,090741,CANADIAN DOLLAR,121156,23436,41664,28418,18307,33150,16290,5959,5892,27364,36174
2016-11-01T00:00:00.000,092741,SWISS FRANC,59698,10577,34649,1935,1050,41245,471,0,0,5513,23100
2016-11-01T00:00:00.000,096742,BRITISH POUND,267564,39891,130173,10522,65267,168113,3826,8314,13970,28512,42116
2016-11-01T00:00:00.000,097741,JAPANESE YEN,165124,55050,27060,34022,38305,40773,15082,1214,35691,21633,36554
2016-11-01T00:00:00.000,098662,USD INDEX,85739,29303,26428,25209,0,542,51593,18100,926,8035,2242
2016-11-01T00:00:00.000,099741,EURO FX,444502,43948,201538,137071,104004,164037,12348,17367,25529,44892,63896
2016-11-01T00:00:00.000,112741,NZ DOLLAR,46788,28946,8003,1477,21366,9895,11354,219,1212,4845,3447
2016-11-01T00:00:00.000,232741,AUSTRALIAN DOLLAR,125387,67502,20269,19704,7028,3743,62333,1245,8406,28639,22797
2016-11-08T00:00:00.000,090741,CANADIAN DOLLAR,120993,17521,46817,26614,13549,41690,18134,5983,4542,25997,34763
2016-11-08T00:00:00.000,092741,SWISS FRANC,53632,8098,30679,2027,885,34355,3304,0,0,8722,18334
2016-11-08T00:00:00.000,096742,BRITISH POUND,253703,38240,119134,8601,65512,163075,6921,5361,11813,26246,38143
2016-11-08T00:00:00.000,097741,JAPANESE YEN,164328,52345,28523,35529,40040,45739,16597,1258,36056,20027,33682
2016-11-08T00:00:00.000,098662,USD INDEX,85931,30111,27756,23038,0,472,51523,19714,543,8668,2181
2016-11-08T00:00:00.000,099741,EURO FX,418007,39714,174612,139826,98355,139346,26262,18867,23257,43609,58876
2016-11-08T00:00:00.000,112741,NZ DOLLAR,52113,37935,8054,685,25056,6044,11659,286,1970,5999,4210
2016-11-08T00:00:00.000,232741,AUSTRALIAN DOLLAR,137560,75427,23556,21918,10855,3821,67493,1284,9188,31158,22516
2016-11-15T00:00:00.000,090741,CANADIAN DOLLAR,125532,14862,48358,28564,11962,46117,18037,6169,3420,24624,38559
2016-11-15T00:00:00.000,092741,SWISS FRANC,54533,8378,29356,1606,1479,36119,1398,457,0,7496,21823
2016-11-15T00:00:00.000,096742,BRITISH POUND,248103,43130,107662,9727,67927,152967,7359,4008,12870,22527,36541
2016-11-15T00:00:00.000,097741,JAPANESE YEN,170967,42371,32770,33758,44174,61730,13454,2005,35695,20462,34233
2016-11-15T00:00:00.000,098662,USD INDEX,81170,27448,21219,20869,100,788,51165,19580,1013,8421,3609
2016-11-15T00:00:00.000,099741,EURO FX,415752,39876,169235,140126,96267,126540,25809,22689,26130,50453,62243
2016-11-15T00:00:00.000,112741,NZ DOLLAR,48563,35079,6094,475,24856,6783,11537,0,1544,4677,2983
2016-11-15T00:00:00.000,232741,AUSTRALIAN DOLLAR,113124,63314,19189,14359,10833,2799,55250,4784,4029,23640,19595
2016-11-22T00:00:00.000,090741,CANADIAN DOLLAR,118667,10022,41769,29571,12853,43667,19456,5785,2858,24631,36740
2016-11-22T00:00:00.000,092741,SWISS FRANC,60191,10253,32235,1606,3263,42220,0,426,0,5297,24304
2016-11-22T00:00:00.000,096742,BRITISH POUND,242916,44769,97365,9094,70096,148746,10577,3183,13229,22652,37177
2016-11-22T00:00:00.000,097741,JAPANESE YEN,187684,40593,41648,29335,49683,86304,11191,1956,35802,18990,38854
2016-11-22T00:00:00.000,098662,USD INDEX,93965,33212,32539,20855,300,832,51714,24906,1202,9400,3450
2016-11-22T00:00:00.000,099741,EURO FX,434768,45054,180975,138873,97372,132793,18892,25106,31865,53708,66430
2016-11-22T00:00:00.000,112741,NZ DOLLAR,50007,29898,6427,392,24829,13177,11548,288,2007,4326,3270
2016-11-22T00:00:00.000,232741,AUSTRALIAN DOLLAR,100989,45519,25954,10803,12434,7094,29242,10493,2843,23424,26860
2016-11-29T00:00:00.000,090741,CANADIAN DOLLAR,114416,10701,39427,27366,12959,40625,19256,4615,3059,25826,34432
2016-11-29T00:00:00.000,092741,SWISS FRANC,67062,12111,37054,1606,3664,46583,0,415,0,5960,25957
2016-11-29T00:00:00.000,096742,BRITISH POUND,244257,40880,94875,9014,71160,150867,11438,3283,13323,23284,36532
2016-11-29T00:00:00.000,097741,JAPANESE YEN,202171,42122,46057,23147,53143,105666,9726,1573,39683,19193,43092
2016-11-29T00:00:00.000,098662,USD INDEX,92156,34356,29408,21594,300,798,50887,18681,1241,9562,3155
2016-11-29T00:00:00.000,099741,EURO FX,447190,43426,199792,142027,98728,142169,20780,24459,23227,54681,64235
2016-11-29T00:00:00.000,112741,NZ DOLLAR,49885,26956,6436,494,24829,16865,11550,0,1797,3755,3458
2016-11-29T00:00:00.000,232741,AUSTRALIAN DOLLAR,92699,37449,25725,9399,12887,16345,20617,3326,3630,21847,25507
2016-12-06T00:00:00.000,090741,CANADIAN DOLLAR,107289,13129,36705,27594,10677,28802,18994,4549,2963,27431,32166
2016-12-06T00:00:00.000,092741,SWISS FRANC,65455,10048,34171,1606,3645,44644,337,446,0,7028,25619
2016-12-06T00:00:00.000,096742,BRITISH POUND,243671,32585,81116,8578,72618,151870,16914,3793,13777,22666,35067
2016-12-06T00:00:00.000,097741,JAPANESE YEN,235915,50263,70939,22264,59780,130451,7912,1956,43147,18883,42039
2016-12-06T00:00:00.000,098662,USD INDEX,93311,37629,29079,20759,200,842,50878,14778,785,11844,4910
2016-12-06T00:00:00.000,099741,EURO FX,433237,44906,171370,137597,102590,129170,26747,26402,25308,51871,63931
2016-12-06T00:00:00.000,112741,NZ DOLLAR,48740,23653,6163,399,25033,18273,11519,0,1244,4239,2605
2016-12-06T00:00:00.000,232741,AUSTRALIAN DOLLAR,84900,27031,19581,10598,12811,12680,22306,8413,2956,22398,23466
2016-12-13T00:00:00.000,090741,CANADIAN DOLLAR,114265,16693,42810,29985,8300,21289,18701,4284,4188,32369,30621
2016-12-13T00:00:00.000,092741,SWISS FRANC,64633,6903,29895,1499,3938,43639,787,471,0,6150,24042
2016-12-13T00:00:00.000,096742,BRITISH POUND,237797,31181,71808,8625,74065,147674,18182,2359,14287,22501,33998
2016-12-13T00:00:00.000,097741,JAPANESE YEN,285274,36590,87104,21117,45675,152321,7796,1332,46785,18705,42705
2016-12-13T00:00:00.000,098662,USD INDEX,96087,33373,31993,22272,200,1136,51373,21086,828,11160,4633
2016-12-13T00:00:00.000,099741,EURO FX,447679,37839,155164,139102,93977,105422,26405,30320,25349,53749,65537
2016-12-13T00:00:00.000,112741,NZ DOLLAR,54226,25354,7923,1213,25033,17177,11389,0,979,4726,3146
2016-12-13T00:00:00.000,232741,AUSTRALIAN DOLLAR,87770,25803,15987,12208,11723,13078,23288,3213,5656,23966,21614
2016-12-20T00:00:00.000,090741,CANADIAN DOLLAR,106080,14438,31551,29236,9146,19470,20364,5163,5058,26744,28932
2016-12-20T00:00:00.000,092741,SWISS FRANC,55185,35534,25244,1735,4673,12226,1105,0,0,5348,23821
2016-12-20T00:00:00.000,096742,BRITISH POUND,205486,35249,66768,8976,77924,130945,2823,2320,12832,19711,36854
2016-12-20T00:00:00.000,097741,JAPANESE YEN,220435,62789,97475,20815,48709,75295,2412,32260,18789,17543,41317
2016-12-20T00:00:00.000,098662,USD INDEX,84233,29381,17838,21176,350,860,59164,19876,609,10036,3368
2016-12-20T00:00:00.000,099741,EURO FX,399589,37089,142018,140309,96342,114471,47935,30626,25346,51930,62784
2016-12-20T00:00:00.000,112741,NZ DOLLAR,41806,29310,6917,1625,27559,4300,1216,1115,1076,3560,3142
2016-12-20T00:00:00.000,232741,AUSTRALIAN DOLLAR,76916,25517,24101,10296,16075,13059,2071,5487,5410,20133,26835
2016-12-27T00:00:00.000,090741,CANADIAN DOLLAR,93212,25456,33811,26244,10813,7842,9303,5478,4022,25257,32328
2016-12-27T00:00:00.000,092741,SWISS FRANC,54605,10996,23911,1735,4477,35936,1105,0,0,5644,24818
2016-12-27T00:00:00.000,096742,BRITISH POUND,212492,31292,71448,9041,79627,141761,3248,2880,12268,19606,37989
2016-12-27T00:00:00.000,097741,JAPANESE YEN,219343,30369,94907,20928,50167,108688,3179,32419,17331,16980,43800
2016-12-27T00:00:00.000,098662,USD INDEX,87191,30479,20923,22263,350,784,59233,20139,551,10775,3383
2016-12-27T00:00:00.000,099741,EURO FX,405681,40745,145933,138677,99968,119877,47960,30014,25904,52160,61708
2016-12-27T00:00:00.000,112741,NZ DOLLAR,43266,25446,7471,1103,27489,11093,851,675,1775,2896,3627
2016-12-27T00:00:00.000,232741,AUSTRALIAN DOLLAR,94451,30684,35735,7377,19211,32580,2071,1306,7202,20156,27884
2017-01-03T00:00:00.000,090741,CANADIAN DOLLAR,98751,19347,36008,28407,13941,18181,7102,5173,3757,24595,34895
2017-01-03T00:00:00.000,092741,SWISS FRANC,53455,8840,25219,1778,4043,35798,1058,0,0,6681,22777
2017-01-03T00:00:00.000,096742,BRITISH POUND,225396,34377,81850,9423,82765,146725,4832,4274,12182,22903,36073
2017-01-03T00:00:00.000,097741,JAPANESE YEN,220120,26953,99797,21165,53358,112179,3685,32628,8886,17477,44676
2017-01-03T00:00:00.000,098662,USD INDEX,84941,32683,14609,20334,425,1179,59228,16775,2790,10919,4838
2017-01-03T00:00:00.000,099741,EURO FX,416239,39085,156312,142247,100769,124828,52870,31364,23924,55203,58852
2017-01-03T00:00:00.000,112741,NZ DOLLAR,44227,23423,8803,1120,27284,13992,759,619,1581,3113,3840
2017-01-03T00:00:00.000,232741,AUSTRALIAN DOLLAR,104009,28597,40402,4627,18929,48161,2088,1619,10649,18441,29377
2017-01-10T00:00:00.000,090741,CANADIAN DOLLAR,90632,16759,32357,29725,10136,7141,11777,6222,2187,27317,30707
2017-01-10T00:00:00.000,092741,SWISS FRANC,50253,7471,25769,2088,2589,34207,546,0,0,5976,20838
2017-01-10T00:00:00.000,096742,BRITISH POUND,228050,27320,91176,9727,76948,152288,3893,7318,12408,24277,36505
2017-01-10T00:00:00.000,097741,JAPANESE YEN,209488,25442,79465,21343,51031,94608,10191,31522,4479,17164,44913
2017-01-10T00:00:00.000,098662,USD INDEX,80618,29953,13053,19471,774,789,59175,16712,678,10246,3491
2017-01-10T00:00:00.000,099741,EURO FX,415212,40658,156379,146116,95670,118588,57708,36258,24856,53374,60381
2017-01-10T00:00:00.000,112741,NZ DOLLAR,43936,20439,8276,1066,27806,16750,729,235,1888,3370,3161
2017-01-10T00:00:00.000,232741,AUSTRALIAN DOLLAR,96885,17630,37756,9960,17046,47676,2101,1379,7547,17421,29616
2017-01-17T00:00:00.000,090741,CANADIAN DOLLAR,100307,27646,33424,30698,7428,1313,25401,7766,1770,29655,29055
2017-01-17T00:00:00.000,092741,SWISS FRANC,45713,7656,23163,2088,1929,29420,1542,0,0,6064,18594
2017-01-17T00:00:00.000,096742,BRITISH POUND,228782,29831,95926,9295,69971,150438,5597,5550,12683,25566,36503
2017-01-17T00:00:00.000,097741,JAPANESE YEN,211752,25780,74689,23661,49679,94641,18204,31742,3869,15246,44629
2017-01-17T00:00:00.000,098662,USD INDEX,77719,28904,10990,17785,1047,648,58854,15886,368,11123,3087
2017-01-17T00:00:00.000,099741,EURO FX,415090,40110,151134,150057,89517,108841,68017,41464,23727,52044,60121
2017-01-17T00:00:00.000,112741,NZ DOLLAR,45994,22344,10100,1834,27162,15593,1246,403,1932,3872,3606
2017-01-17T00:00:00.000,232741,AUSTRALIAN DOLLAR,87631,21966,30986,20679,15714,21723,4207,1573,6817,18830,27047
2017-01-24T00:00:00.000,090741,CANADIAN DOLLAR,99574,28779,22389,31015,7008,517,38266,8590,1761,27118,26595
2017-01-24T00:00:00.000,092741,SWISS FRANC,45493,8942,21850,2088,2028,27594,2470,0,0,6347,18623
2017-01-24T00:00:00.000,096742,BRITISH POUND,223681,28541,92956,9590,67389,139361,7150,11477,11621,24024,33877
2017-01-24T00:00:00.000,097741,JAPANESE YEN,196765,24178,71692,24939,46383,80561,12304,32898,3184,14702,43715
2017-01-24T00:00:00.000,098662,USD INDEX,74838,27007,9146,16639,1118,474,58784,16955,118,10832,2741
2017-01-24T00:00:00.000,099741,EURO FX,414447,39640,138292,148902,86868,107357,85277,45675,23218,51280,59199
2017-01-24T00:00:00.000,112741,NZ DOLLAR,44940,27146,10536,2012,25164,8924,2294,323,1497,4445,3359
2017-01-24T00:00:00.000,232741,AUSTRALIAN DOLLAR,94379,35073,26861,24455,14693,7101,18965,1454,6463,23046,24147
2017-01-31T00:00:00.000,090741,CANADIAN DOLLAR,114274,34355,25166,34465,7262,1740,51165,8509,1953,31672,25195
2017-01-31T00:00:00.000,092741,SWISS FRANC,49558,9194,20923,2095,2019,27462,9964,720,0,9362,15927
2017-01-31T00:00:00.000,096742,BRITISH POUND,211910,27611,80598,9354,68504,123278,6059,15219,12298,24110,32113
2017-01-31T00:00:00.000,097741,JAPANESE YEN,204494,29118,64858,25532,45810,79028,32070,34691,2530,17341,40442
2017-01-31T00:00:00.000,098662,USD INDEX,75601,27661,9506,16372,1396,485,58360,16080,60,11379,2655
2017-01-31T00:00:00.000,099741,EURO FX,405541,45287,129247,139095,84312,106345,88659,39971,20915,52495,60060
2017-01-31T00:00:00.000,112741,NZ DOLLAR,51587,34307,12834,2073,18482,7248,13040,388,1313,5350,3697
2017-01-31T00:00:00.000,232741,AUSTRALIAN DOLLAR,101420,40959,18670,23101,17144,6852,32296,947,7223,25632,22158
2017-02-07T00:00:00.000,090741,CANADIAN DOLLAR,118424,35057,21180,34763,6207,2536,61230,7967,2094,33498,23110
2017-02-07T00:00:00.000,092741,SWISS FRANC,48883,9675,18707,2117,1956,27406,13373,480,0,8382,14024
2017-02-07T00:00:00.000,096742,BRITISH POUND,211013,24945,78660,9568,68835,126774,6585,15811,12478,24104,34644
2017-02-07T00:00:00.000,097741,JAPANESE YEN,201632,25067,59707,23899,49385,82074,32001,36004,1989,16680,40642
2017-02-07T00:00:00.000,098662,USD INDEX,73975,29770,6423,15953,1196,515,58329,14286,1179,9663,3060
2017-02-07T00:00:00.000,099741,EURO FX,409178,42430,129012,139023,88234,109215,91881,43346,20983,53652,57556
2017-02-07T00:00:00.000,112741,NZ DOLLAR,54073,36207,10206,1989,18063,7470,19112,852,953,5112,3296
2017-02-07T00:00:00.000,232741,AUSTRALIAN DOLLAR,114105,51245,18373,22868,18639,6500,46706,950,6532,28478,19791
2017-02-14T00:00:00.000,090741,CANADIAN DOLLAR,125056,39846,19854,35841,6204,2897,68402,9133,2110,32385,23532
2017-02-14T00:00:00.000,092741,SWISS FRANC,47482,10245,16291,1695,1504,27422,13479,0,0,7540,15628
2017-02-14T00:00:00.000,096742,BRITISH POUND,212044,24351,76987,10666,72434,126175,7867,16554,12359,25432,33531
2017-02-14T00:00:00.000,097741,JAPANESE YEN,204277,22875,54635,22753,54227,86324,34127,36665,1406,17924,42146
2017-02-14T00:00:00.000,098662,USD INDEX,74210,29376,5948,15745,1059,656,58418,14875,2278,10001,2950
2017-02-14T00:00:00.000,099741,EURO FX,406350,42453,132489,130400,91890,110772,72320,46197,22448,53762,64437
2017-02-14T00:00:00.000,112741,NZ DOLLAR,56314,38565,8560,990,18248,7702,22726,1206,1111,5006,2824
2017-02-14T00:00:00.000,232741,AUSTRALIAN DOLLAR,127869,61496,21407,24377,18708,6493,55960,956,5536,30286,21997
2017-02-21T00:00:00.000,090741,CANADIAN DOLLAR,131522,45233,21402,34741,6231,2882,71407,10351,2103,32973,25037
2017-02-21T00:00:00.000,092741,SWISS FRANC,48398,10691,15675,1704,1504,27445,13259,0,0,7908,17310
2017-02-21T00:00:00.000,096742,BRITISH POUND,213713,24608,73631,9988,76455,126900,6360,16211,12761,25921,34421
2017-02-21T00:00:00.000,097741,JAPANESE YEN,205223,26324,53926,24645,55074,83012,35728,36858,2132,17285,41264
2017-02-21T00:00:00.000,098662,USD INDEX,74802,31113,5731,16158,1059,313,58262,13749,2253,9263,3291
2017-02-21T00:00:00.000,099741,EURO FX,417129,41682,145281,137567,97401,114768,69501,46759,22595,55437,61435
2017-02-21T00:00:00.000,112741,NZ DOLLAR,55082,37399,6577,1024,18169,7811,23133,1064,1132,4971,3258
2017-02-21T00:00:00.000,232741,AUSTRALIAN DOLLAR,137436,69822,24080,26410,18750,5512,62416,1289,5901,30349,22235
2017-02-28T00:00:00.000,090741,CANADIAN DOLLAR,135442,51378,24210,33391,7819,2665,70068,9202,2074,33238,25703
2017-02-28T00:00:00.000,092741,SWISS FRANC,46601,7741,15701,1714,2921,27881,10022,0,0,8401,17093
2017-02-28T00:00:00.000,096742,BRITISH POUND,226882,28688,76361,9705,84552,131731,6276,18061,11845,26036,35187
2017-02-28T00:00:00.000,097741,JAPANESE YEN,204602,29012,51857,25121,52717,80833,42772,37076,1453,18930,42173
2017-02-28T00:00:00.000,098662,USD INDEX,74909,30457,5732,15614,1059,494,58690,14798,2271,9297,2908
2017-02-28T00:00:00.000,099741,EURO FX,431635,47426,139282,147523,104152,109846,80747,48767,22021,56127,63487
2017-02-28T00:00:00.000,112741,NZ DOLLAR,57102,39784,7152,1599,18063,7689,25525,621,1357,5148,2744
2017-02-28T00:00:00.000,232741,AUSTRALIAN DOLLAR,141914,73814,20358,28295,13511,3135,72092,1176,6605,29617,23471
2017-03-07T00:00:00.000,090741,CANADIAN DOLLAR,147601,52026,34644,27861,8433,5539,49732,11009,2865,30309,31070
2017-03-07T00:00:00.000,092741,SWISS FRANC,56508,13799,21410,1714,4521,31579,8422,0,0,7334,20073
2017-03-07T00:00:00.000,096742,BRITISH POUND,262512,37316,97672,9577,92113,163596,8449,10737,12092,28890,39790
2017-03-07T00:00:00.000,097741,JAPANESE YEN,217982,28751,55296,22902,66760,97177,32117,37839,2349,16069,46216
2017-03-07T00:00:00.000,098662,USD INDEX,83511,31086,7593,16358,831,352,64685,18597,719,10492,3057
2017-03-07T00:00:00.000,099741,EURO FX,435309,40433,141023,150494,103396,111030,76373,49857,23752,58025,65295
2017-03-07T00:00:00.000,112741,NZ DOLLAR,51405,28605,7359,1574,18338,7750,14879,1383,909,5839,3666
2017-03-07T00:00:00.000,232741,AUSTRALIAN DOLLAR,153365,70504,16089,22343,12558,4047,67208,1124,6559,28880,24484
2017-03-14T00:00:00.000,090741,CANADIAN DOLLAR,176379,62575,52421,24920,10556,9711,33003,11323,3877,26159,34831
2017-03-14T00:00:00.000,092741,SWISS FRANC,45623,15551,21666,1978,3438,14965,413,5594,0,6810,19381
2017-03-14T00:00:00.000,096742,BRITISH POUND,259945,37289,102122,10283,93583,147649,3576,30479,11417,26351,41353
2017-03-14T00:00:00.000,097741,JAPANESE YEN,202647,35853,68656,22800,62361,96382,13201,22302,4674,16406,44851
2017-03-14T00:00:00.000,098662,USD INDEX,74452,28062,7220,15122,831,225,60974,19262,217,9290,2719
2017-03-14T00:00:00.000,099741,EURO FX,381474,43640,131374,155075,105378,78807,33773,29090,39501,57472,54058
2017-03-14T00:00:00.000,112741,NZ DOLLAR,34986,19710,8010,1562,16429,6524,3174,804,1189,4087,3885
2017-03-14T00:00:00.000,232741,AUSTRALIAN DOLLAR,114008,60243,21662,20402,14782,2724,40723,1272,9697,25725,23502
2017-03-21T00:00:00.000,090741,CANADIAN DOLLAR,119123,22217,53013,26610,9935,18014,14734,21881,2979,24762,32823
2017-03-21T00:00:00.000,092741,SWISS FRANC,42613,8861,21978,1978,1787,17460,0,5263,419,7736,17114
2017-03-21T00:00:00.000,096742,BRITISH POUND,252480,30744,96391,10379,88561,145930,5259,27213,12028,25743,37770
2017-03-21T00:00:00.000,097741,JAPANESE YEN,191626,30818,63636,24546,55193,83939,19327,23297,1956,18775,41263
2017-03-21T00:00:00.000,098662,USD INDEX,72753,28623,5420,12454,1099,225,60925,19650,255,9203,2456
2017-03-21T00:00:00.000,099741,EURO FX,406717,52933,121836,163780,96567,79230,65802,30405,45711,60477,56909
2017-03-21T00:00:00.000,112741,NZ DOLLAR,37898,15981,13043,1622,15792,14459,1798,385,924,3122,4012
2017-03-21T00:00:00.000,232741,AUSTRALIAN DOLLAR,134004,66097,20343,27150,11157,2689,64440,1221,11945,32210,21482
2017-03-28T00:00:00.000,090741,CANADIAN DOLLAR,121699,18157,57086,27734,8885,24506,14796,21564,2970,24672,32896
2017-03-28T00:00:00.000,092741,SWISS FRANC,42124,9004,21347,2771,1818,13717,3476,5472,912,10620,14031
2017-03-28T00:00:00.000,096742,BRITISH POUND,246985,35183,83462,10488,83443,136402,22779,26182,11440,25729,32860
2017-03-28T00:00:00.000,097741,JAPANESE YEN,197542,38983,49827,25703,52674,73385,39605,23634,1951,23578,41226
2017-03-28T00:00:00.000,098662,USD INDEX,74650,30860,6645,12064,2077,238,60218,20561,359,8037,2461
2017-03-28T00:00:00.000,099741,EURO FX,408853,55749,115668,161733,90622,80570,82293,30353,41813,58920,56929
2017-03-28T00:00:00.000,112741,NZ DOLLAR,37949,14112,14313,1729,15894,17775,1904,592,1357,3247,3987
2017-03-28T00:00:00.000,232741,AUSTRALIAN DOLLAR,134422,67042,13946,30506,7780,3296,75294,1382,10290,29071,23987
2017-04-04T00:00:00.000,090741,CANADIAN DOLLAR,133688,24711,66647,25472,9993,31037,14599,21632,3128,25653,34138
2017-04-04T00:00:00.000,092741,SWISS FRANC,39010,7210,18944,2239,2228,15795,809,5669,1140,7804,15596
2017-04-04T00:00:00.000,096742,BRITISH POUND,241774,30500,80038,10690,85046,136022,21161,27522,11290,24828,32027
2017-04-04T00:00:00.000,097741,JAPANESE YEN,194368,35502,37219,27220,50973,72069,55443,24670,1420,23907,38313
2017-04-04T00:00:00.000,098662,USD INDEX,69339,28671,4560,12077,1575,75,58147,18395,348,8044,2632
2017-04-04T00:00:00.000,099741,EURO FX,397594,50153,117506,161999,96683,77711,71467,28908,37423,58899,54591
2017-04-04T00:00:00.000,112741,NZ DOLLAR,40904,14149,17058,2019,15961,20278,1845,435,1329,3627,4315
2017-04-04T00:00:00.000,232741,AUSTRALIAN DOLLAR,137172,68385,17778,28886,7865,7095,76394,1140,9136,28205,22538
2017-04-11T00:00:00.000,090741,CANADIAN DOLLAR,126412,14045,60134,25186,9465,34790,14738,19661,3084,26888,33149
2017-04-11T00:00:00.000,092741,SWISS FRANC,46768,9263,21892,2239,3603,22068,460,5631,1216,7302,19332
2017-04-11T00:00:00.000,096742,BRITISH POUND,244188,30446,81764,10537,92558,141348,17706,27513,11287,25724,32253
2017-04-11T00:00:00.000,097741,JAPANESE YEN,198381,39438,32735,24760,52315,70440,61681,24172,1444,26842,37477
2017-04-11T00:00:00.000,098662,USD INDEX,71495,27097,5207,12364,563,275,58052,18881,546,10895,5144
2017-04-11T00:00:00.000,099741,EURO FX,420332,48657,136804,164640,107426,98304,61409,30949,39791,59086,56206
2017-04-11T00:00:00.000,112741,NZ DOLLAR,43375,14768,19165,1926,16365,22148,1644,406,1257,3717,4534
2017-04-11T00:00:00.000,232741,AUSTRALIAN DOLLAR,123144,57177,16022,25301,12136,8667,60151,1215,7346,27802,24507
2017-04-18T00:00:00.000,090741,CANADIAN DOLLAR,136614,20550,63316,25517,13714,38556,16227,20611,3062,25088,34003
2017-04-18T00:00:00.000,092741,SWISS FRANC,48435,7989,22527,2239,4318,24015,450,5766,1292,8236,19658
2017-04-18T00:00:00.000,096742,BRITISH POUND,261350,45942,84484,14018,84685,133992,29385,26763,16439,28434,34156
2017-04-18T00:00:00.000,097741,JAPANESE YEN,203617,45984,31210,24782,50742,69417,70555,22032,2043,28619,36284
2017-04-18T00:00:00.000,098662,USD INDEX,66658,26262,2952,12235,637,701,57677,17176,476,7813,2445
2017-04-18T00:00:00.000,099741,EURO FX,430589,54348,150668,164566,108268,105312,54960,31105,42736,56301,55000
2017-04-18T00:00:00.000,112741,NZ DOLLAR,43061,15114,18379,2224,16383,20990,1789,666,1692,3647,4398
2017-04-18T00:00:00.000,232741,AUSTRALIAN DOLLAR,114453,52437,14494,21413,12119,9133,52117,1039,8463,27318,24147
2017-04-25T00:00:00.000,090741,CANADIAN DOLLAR,165504,26842,84127,26399,19433,54678,13556,22801,3501,28750,38853
2017-04-25T00:00:00.000,092741,SWISS FRANC,46882,8488,23950,2304,2227,20288,929,6138,1482,9307,17937
2017-04-25T00:00:00.000,096742,BRITISH POUND,261711,52087,71374,16256,86125,127597,48472,26286,15156,28187,29286
2017-04-25T00:00:00.000,097741,JAPANESE YEN,204179,47203,23520,25570,55496,70474,78114,22406,1590,26963,33896
2017-04-25T00:00:00.000,098662,USD INDEX,70209,26888,4538,12143,1676,784,58027,19297,351,8563,3083
2017-04-25T00:00:00.000,099741,EURO FX,411006,50343,131648,166561,94959,80319,63755,31130,45097,61122,54016
2017-04-25T00:00:00.000,112741,NZ DOLLAR,43947,15330,19109,1903,16348,21681,1872,1282,1716,3423,4574
2017-04-25T00:00:00.000,232741,AUSTRALIAN DOLLAR,108559,45330,15479,23454,10656,11072,46970,1610,7528,24519,25352
2017-05-02T00:00:00.000,090741,CANADIAN DOLLAR,192692,40508,98430,25258,26948,65579,12630,24839,4410,28701,42467
2017-05-02T00:00:00.000,092741,SWISS FRANC,43343,8462,19683,2304,2562,16579,1299,6186,1482,8745,17250
2017-05-02T00:00:00.000,096742,BRITISH POUND,267230,53919,65770,17692,81014,126242,61697,23081,15285,31895,29063
2017-05-02T00:00:00.000,097741,JAPANESE YEN,196845,37956,25140,25639,55634,72161,64213,22843,1976,24616,36252
2017-05-02T00:00:00.000,098662,USD INDEX,73868,30910,7779,12291,2617,682,56891,18302,370,8469,2997
2017-05-02T00:00:00.000,099741,EURO FX,409936,52095,105099,166180,85449,77923,89923,32419,48971,57290,56465
2017-05-02T00:00:00.000,112741,NZ DOLLAR,43368,14203,20069,1966,12407,22187,3324,1528,1827,3073,5330
2017-05-02T00:00:00.000,232741,AUSTRALIAN DOLLAR,107876,42148,16036,20075,13735,16535,42237,1432,6145,24886,26923
2017-05-09T00:00:00.000,090741,CANADIAN DOLLAR,214946,42562,108274,26083,40102,78494,10939,29232,3995,30904,43965
2017-05-09T00:00:00.000,092741,SWISS FRANC,48410,14485,21192,2304,2844,16393,2778,6237,1482,7707,18830
2017-05-09T00:00:00.000,096742,BRITISH POUND,257225,47160,57862,18152,75952,126213,69634,22427,13412,31562,28654
2017-05-09T00:00:00.000,097741,JAPANESE YEN,203140,37408,41712,25114,59885,79884,41033,26675,4865,22136,43722
2017-05-09T00:00:00.000,098662,USD INDEX,74804,29973,10863,12413,2148,601,54430,18443,209,9622,3402
2017-05-09T00:00:00.000,099741,EURO FX,418301,49908,100749,166959,78360,79867,110091,29524,47858,65581,54781
2017-05-09T00:00:00.000,112741,NZ DOLLAR,44057,13667,21434,1504,11945,24448,3365,1151,1704,3005,5327
2017-05-09T00:00:00.000,232741,AUSTRALIAN DOLLAR,120039,40291,23334,14854,17417,33380,35732,3556,5871,22764,32491
2017-05-16T00:00:00.000,090741,CANADIAN DOLLAR,219483,35178,114805,27712,39914,88384,11636,30389,4624,30961,41645
2017-05-16T00:00:00.000,092741,SWISS FRANC,48928,10577,22991,1848,3375,19869,1865,6566,1482,8662,17809
2017-05-16T00:00:00.000,096742,BRITISH POUND,256035,48279,52376,20322,72378,125466,77937,19766,12132,30416,29426
2017-05-16T00:00:00.000,097741,JAPANESE YEN,222510,37309,63860,24813,63658,95184,31296,27581,3723,21089,43439
2017-05-16T00:00:00.000,098662,USD INDEX,78050,32722,15049,12101,2032,51,54330,20852,440,8770,2645
2017-05-16T00:00:00.000,099741,EURO FX,431659,55162,88600,171645,74388,76757,131617,32614,53920,66697,54350
2017-05-16T00:00:00.000,112741,NZ DOLLAR,45187,13360,23133,1661,11458,25113,2943,1401,1535,3012,5478
2017-05-16T00:00:00.000,232741,AUSTRALIAN DOLLAR,138755,43306,38560,10231,20299,57758,34695,2617,5028,19729,35059
2017-05-23T00:00:00.000,090741,CANADIAN DOLLAR,208304,25396,104419,29714,39290,89542,11774,29297,5471,27551,40546
2017-05-23T00:00:00.000,092741,SWISS FRANC,51178,11398,23255,2591,3223,16273,8666,6387,1482,12882,12905
2017-05-23T00:00:00.000,096742,BRITISH POUND,256257,49482,47787,21032,69704,125979,84411,16761,12740,29473,28085
2017-05-23T00:00:00.000,097741,JAPANESE YEN,211298,37314,61367,26197,58325,80947,32805,29286,4066,21729,38910
2017-05-23T00:00:00.000,098662,USD INDEX,85136,43310,16003,11757,3841,51,54181,17065,4136,9103,3125
2017-05-23T00:00:00.000,099741,EURO FX,449360,69482,74824,173814,75232,76460,159407,31283,58301,68923,52198
2017-05-23T00:00:00.000,112741,NZ DOLLAR,44165,16201,22785,1159,10690,21637,3083,1219,1828,3249,5079
2017-05-23T00:00:00.000,232741,AUSTRALIAN DOLLAR,128250,33302,42131,10693,12378,59506,34671,1855,5026,18694,29844
2017-05-30T00:00:00.000,090741,CANADIAN DOLLAR,200273,18325,97516,30341,41960,88164,11013,28471,3625,27709,38896
2017-05-30T00:00:00.000,092741,SWISS FRANC,54403,13505,24759,3101,3227,16207,10156,6406,1482,14215,13810
2017-05-30T00:00:00.000,096742,BRITISH POUND,254039,45086,49005,23182,71583,129800,78204,16811,12273,26560,30374
2017-05-30T00:00:00.000,097741,JAPANESE YEN,213727,37857,65645,25539,55716,82245,35938,29853,3446,21932,36681
2017-05-30T00:00:00.000,098662,USD INDEX,84839,40833,18200,11784,4333,51,50343,15785,1582,12066,6061
2017-05-30T00:00:00.000,099741,EURO FX,453280,71490,65844,174423,71486,72432,167397,29694,64083,74041,53270
2017-05-30T00:00:00.000,112741,NZ DOLLAR,44203,19028,22557,1807,10165,18273,4108,700,1806,3792,4964
2017-05-30T00:00:00.000,232741,AUSTRALIAN DOLLAR,129388,36056,41863,9391,11968,56366,34685,2701,5649,20701,31050
2017-06-06T00:00:00.000,090741,CANADIAN DOLLAR,210933,19352,98522,31292,41815,86469,11775,29171,2835,25867,37204
2017-06-06T00:00:00.000,092741,SWISS FRANC,51728,12193,21237,3156,3199,13818,10377,6386,1482,14229,13487
2017-06-06T00:00:00.000,096742,BRITISH POUND,248173,40322,49716,20973,72135,129141,70109,15775,12219,28235,30267
2017-06-06T00:00:00.000,097741,JAPANESE YEN,225549,34642,63938,27234,58600,82493,40094,30182,4644,26617,33892
2017-06-06T00:00:00.000,098662,USD INDEX,87243,40766,19953,11687,5083,101,50912,18324,980,12267,6217
2017-06-06T00:00:00.000,099741,EURO FX,447178,64699,54589,172843,68924,72303,168558,29918,64688,70923,53927
2017-06-06T00:00:00.000,112741,NZ DOLLAR,43814,21629,21332,1781,10147,14687,5014,462,1870,4432,4628
2017-06-06T00:00:00.000,232741,AUSTRALIAN DOLLAR,133572,31796,41161,9309,12437,58971,34518,3872,7727,20265,28370
2017-06-13T00:00:00.000,090741,CANADIAN DOLLAR,204115,18134,93867,32873,38009,75975,11825,28809,2592,26763,36261
2017-06-13T00:00:00.000,092741,SWISS FRANC,55138,14084,20535,3031,2880,12567,10914,6424,1521,14339,14595
2017-06-13T00:00:00.000,096742,BRITISH POUND,269593,34694,54526,20576,73011,129970,58651,15942,10543,26706,31157
2017-06-13T00:00:00.000,097741,JAPANESE YEN,210617,29495,51596,24692,58978,83980,44854,32231,4627,23534,33877
2017-06-13T00:00:00.000,098662,USD INDEX,84987,44159,18374,11205,4764,101,51013,13886,1110,12159,6249
2017-06-13T00:00:00.000,099741,EURO FX,474300,61696,51695,168662,69385,80403,166583,30223,64196,74330,63455
2017-06-13T00:00:00.000,112741,NZ DOLLAR,53576,30015,25921,1980,10147,10544,6125,326,1420,5518,4770
2017-06-13T00:00:00.000,232741,AUSTRALIAN DOLLAR,134959,29709,37914,5640,10673,55529,34259,4275,7293,23179,28193
2017-06-20T00:00:00.000,090741,CANADIAN DOLLAR,219496,20074,97339,31519,29430,66632,13207,27654,3018,28038,30923
2017-06-20T00:00:00.000,092741,SWISS FRANC,35051,16784,11928,1853,3003,2119,4831,0,1521,13017,12490
2017-06-20T00:00:00.000,096742,BRITISH POUND,194700,46148,60730,19891,75194,70976,7469,21690,10640,24748,29420
2017-06-20T00:00:00.000,097741,JAPANESE YEN,171840,41627,50993,22010,59038,48310,14581,35270,4552,16140,34193
2017-06-20T00:00:00.000,098662,USD INDEX,46708,14858,14178,10717,3952,285,18943,10400,4864,8165,2488
2017-06-20T00:00:00.000,099741,EURO FX,379269,59455,74430,166684,70369,33170,84468,30729,76074,66171,50868
2017-06-20T00:00:00.000,112741,NZ DOLLAR,50095,40386,17540,1911,10287,1268,15853,617,1786,5456,4172
2017-06-20T00:00:00.000,232741,AUSTRALIAN DOLLAR,81975,38720,27702,7396,11895,5722,3025,693,9073,24535,25371
2017-06-27T00:00:00.000,090741,CANADIAN DOLLAR,143798,18567,64736,34349,28559,36431,10038,15238,2769,31137,29620
2017-06-27T00:00:00.000,092741,SWISS FRANC,37364,17146,13601,1872,2950,2547,4904,0,1560,14823,13373
2017-06-27T00:00:00.000,096742,BRITISH POUND,187799,39588,57258,18468,72776,73483,7192,20222,10474,25158,29219
2017-06-27T00:00:00.000,097741,JAPANESE YEN,183705,37685,60569,21868,60109,62778,11769,35249,4473,17583,38243
2017-06-27T00:00:00.000,098662,USD INDEX,48135,10369,17618,10814,3954,393,18868,14808,1020,7889,2813
2017-06-27T00:00:00.000,099741,EURO FX,400560,66956,75103,172970,68219,33528,98769,31685,79858,70335,53525
2017-06-27T00:00:00.000,112741,NZ DOLLAR,57424,46676,19703,2613,10157,1303,20647,790,1967,5945,4853
2017-06-27T00:00:00.000,232741,AUSTRALIAN DOLLAR,89953,46263,27647,7380,12526,4935,8988,695,10814,25340,24638
2017-07-03T00:00:00.000,090741,CANADIAN DOLLAR,145079,23314,69148,38271,17121,24708,20754,15853,2202,34508,27429
2017-07-03T00:00:00.000,092741,SWISS FRANC,38491,15628,8498,2544,2940,1937,9729,0,1560,17624,15006
2017-07-03T00:00:00.000,096742,BRITISH POUND,201379,39096,56392,21883,68829,68249,23944,27490,10569,30435,27419
2017-07-03T00:00:00.000,097741,JAPANESE YEN,207597,42636,78216,21800,64920,78310,12256,37766,1973,17405,40552
2017-07-03T00:00:00.000,098662,USD INDEX,50721,11377,17635,10771,5559,401,18943,16337,1612,8075,3212
2017-07-03T00:00:00.000,099741,EURO FX,422496,68317,74930,178183,70493,38470,127190,32712,67646,76636,54059
2017-07-03T00:00:00.000,112741,NZ DOLLAR,57560,46104,15585,2529,10169,1274,25327,822,1814,6689,4523
2017-07-03T00:00:00.000,232741,AUSTRALIAN DOLLAR,100735,52859,22949,10088,9914,2518,31074,753,8777,27977,21481
2017-07-11T00:00:00.000,090741,CANADIAN DOLLAR,161065,37963,53426,34731,13004,24308,59656,15961,2112,39469,24234
2017-07-11T00:00:00.000,092741,SWISS FRANC,37943,15284,7435,2607,2935,3329,9532,0,1560,15543,15301
2017-07-11T00:00:00.000,096742,BRITISH POUND,193648,36287,45030,17896,69719,70312,26839,26765,10816,29125,27981
2017-07-11T00:00:00.000,097741,JAPANESE YEN,239786,41321,109607,22373,58748,108078,14142,36805,5053,18349,39376
2017-07-11T00:00:00.000,098662,USD INDEX,53048,20173,17468,11088,5740,399,18886,10416,4596,7572,2958
2017-07-11T00:00:00.000,099741,EURO FX,436899,72673,72383,182032,77190,39612,139185,31535,61311,79831,55614
2017-07-11T00:00:00.000,112741,NZ DOLLAR,58499,46215,14451,3223,10027,1282,27393,1129,1428,6186,4736
2017-07-11T00:00:00.000,232741,AUSTRALIAN DOLLAR,98130,53331,15041,8059,10490,3086,38027,772,6850,27219,22059
2017-07-18T00:00:00.000,090741,CANADIAN DOLLAR,169522,49581,54596,37339,6118,20276,72519,14236,2483,39666,25382
2017-07-18T00:00:00.000,092741,SWISS FRANC,43183,17751,14623,4496,2987,3704,9237,0,1560,16168,13712
2017-07-18T00:00:00.000,096742,BRITISH POUND,200185,38664,42055,19987,68658,68527,34576,26207,10766,31834,29164
2017-07-18T00:00:00.000,097741,JAPANESE YEN,250071,38069,120796,22755,59086,122782,14694,36370,4673,18461,39188
2017-07-18T00:00:00.000,098662,USD INDEX,53086,19809,19239,11161,6227,415,18884,9510,1504,9163,4204
2017-07-18T00:00:00.000,099741,EURO FX,446259,77654,71195,188839,79086,35445,146121,30042,62709,81045,53914
2017-07-18T00:00:00.000,112741,NZ DOLLAR,57496,45287,8381,3397,10033,1348,33086,819,1490,6241,4102
2017-07-18T00:00:00.000,232741,AUSTRALIAN DOLLAR,117718,65123,12276,7922,12754,3444,59647,1118,4023,35707,24614
2017-07-25T00:00:00.000,090741,CANADIAN DOLLAR,177330,56934,46441,39420,5354,19135,88225,12059,2431,41302,26399
2017-07-25T00:00:00.000,092741,SWISS FRANC,45005,18497,13676,5027,2987,2880,12014,0,1560,17619,13786
2017-07-25T00:00:00.000,096742,BRITISH POUND,200700,39246,53428,20710,68165,68540,27508,25782,10216,31293,26254
2017-07-25T00:00:00.000,097741,JAPANESE YEN,235140,28154,110074,22294,57575,115660,14317,36790,3957,20630,37605
2017-07-25T00:00:00.000,098662,USD INDEX,49984,18885,20568,11789,6772,407,15335,7792,1503,8448,3143
2017-07-25T00:00:00.000,099741,EURO FX,449086,68288,67936,188756,81196,45227,148194,30232,59870,79665,54972
2017-07-25T00:00:00.000,112741,NZ DOLLAR,54603,42877,6583,3078,10039,1408,32288,414,1242,6644,4269
2017-07-25T00:00:00.000,232741,AUSTRALIAN DOLLAR,132765,77087,22578,8317,11056,3732,67880,1175,3632,37892,23057
2017-08-01T00:00:00.000,090741,CANADIAN DOLLAR,190622,67530,43886,44509,5764,17796,104565,6555,3021,43725,22879
2017-08-01T00:00:00.000,092741,SWISS FRANC,39812,19157,9328,3571,3001,1829,10368,0,1964,13982,13878
2017-08-01T00:00:00.000,096742,BRITISH POUND,217430,47895,64629,21325,66306,68196,28710,26126,10242,33453,27108
2017-08-01T00:00:00.000,097741,JAPANESE YEN,242876,37767,114947,24372,51063,110110,26023,37105,4585,19792,32528
2017-08-01T00:00:00.000,098662,USD INDEX,51424,14638,20753,12719,6832,425,15082,11340,1795,8430,3090
2017-08-01T00:00:00.000,099741,EURO FX,457254,72993,66296,189171,83473,45316,151701,25191,57125,80303,54379
2017-08-01T00:00:00.000,112741,NZ DOLLAR,54968,43181,6947,2956,10039,1432,32265,413,1360,6427,3798
2017-08-01T00:00:00.000,232741,AUSTRALIAN DOLLAR,139228,81416,22635,8198,13091,5199,73585,525,4902,38193,19318
2017-08-08T00:00:00.000,090741,CANADIAN DOLLAR,205963,79476,37178,43030,5738,25017,124211,4901,7461,44677,22513
2017-08-08T00:00:00.000,092741,SWISS FRANC,43122,21726,12948,3497,3187,4424,9042,0,2424,12186,14232
2017-08-08T00:00:00.000,096742,BRITISH POUND,208091,47945,59954,17895,67427,68377,28716,27718,10260,31984,27562
2017-08-08T00:00:00.000,097741,JAPANESE YEN,232827,34972,104360,23062,48293,106471,29386,36875,4985,20076,34432
2017-08-08T00:00:00.000,098662,USD INDEX,52748,15428,21427,13568,6364,394,14969,9435,2789,9651,2927
2017-08-08T00:00:00.000,099741,EURO FX,461152,83468,58135,184035,86423,46898,166487,24554,56015,79479,51374
2017-08-08T00:00:00.000,112741,NZ DOLLAR,53151,38872,7796,2856,8836,3531,31042,773,765,6256,3849
2017-08-08T00:00:00.000,232741,AUSTRALIAN DOLLAR,149911,94322,22819,6723,13611,5105,82096,523,5612,38294,20829
2017-08-15T00:00:00.000,090741,CANADIAN DOLLAR,192026,72986,28909,46330,4834,18266,118550,4925,7974,40668,22908
2017-08-15T00:00:00.000,092741,SWISS FRANC,39380,18673,10132,2781,3394,4955,6846,0,2846,11605,14796
2017-08-15T00:00:00.000,096742,BRITISH POUND,213259,52125,69702,19834,71781,72301,16107,25778,11033,29610,31025
2017-08-15T00:00:00.000,097741,JAPANESE YEN,215090,35295,97563,26842,44214,85957,25676,35625,4585,20404,32085
2017-08-15T00:00:00.000,098662,USD INDEX,51263,14469,21160,13146,6602,384,14734,9242,1683,9662,2724
2017-08-15T00:00:00.000,099741,EURO FX,462148,70194,60834,202003,90938,48060,161442,23653,55798,75873,50771
2017-08-15T00:00:00.000,112741,NZ DOLLAR,48413,33753,8884,2368,9271,1742,22898,1253,809,6257,3511
2017-08-15T00:00:00.000,232741,AUSTRALIAN DOLLAR,149809,95283,16284,7810,17506,3952,84703,581,6986,36657,18804
2017-08-22T00:00:00.000,090741,CANADIAN DOLLAR,186960,65772,22934,46554,4633,21393,117862,4720,8217,40979,25772
2017-08-22T00:00:00.000,092741,SWISS FRANC,40420,18317,11124,3192,3490,5654,7186,0,2612,11481,14232
2017-08-22T00:00:00.000,096742,BRITISH POUND,216494,49042,79536,18125,74896,78627,6380,25264,11153,29017,28110
2017-08-22T00:00:00.000,097741,JAPANESE YEN,215457,36940,94893,27705,46735,81881,26648,35820,5365,21835,30540
2017-08-22T00:00:00.000,098662,USD INDEX,52379,13426,20557,13068,7053,348,14731,11207,1814,9104,2998
2017-08-22T00:00:00.000,099741,EURO FX,464445,80501,56657,199440,92815,43591,166707,23446,57349,77535,50985
2017-08-22T00:00:00.000,112741,NZ DOLLAR,44090,28874,8778,3306,9012,1448,19328,1361,609,6282,3544
2017-08-22T00:00:00.000,232741,AUSTRALIAN DOLLAR,149592,93652,13204,8464,16163,4520,85489,625,7793,35696,20308
2017-08-29T00:00:00.000,090741,CANADIAN DOLLAR,191798,68855,25953,49154,4563,20720,118803,4060,8979,41262,25753
2017-08-29T00:00:00.000,092741,SWISS FRANC,42067,18409,11789,3787,3577,5260,7446,0,2719,12775,14700
2017-08-29T00:00:00.000,096742,BRITISH POUND,224031,49432,84635,17830,75003,88574,6880,23851,10583,26706,29292
2017-08-29T00:00:00.000,097741,JAPANESE YEN,209890,37797,94228,27955,45836,75743,27673,35562,2640,22783,29463
2017-08-29T00:00:00.000,098662,USD INDEX,58082,21974,23315,13664,7056,401,14749,7805,4572,8891,3043
2017-08-29T00:00:00.000,099741,EURO FX,469307,82489,51683,199296,92595,39729,167585,23836,60728,82463,55222
2017-08-29T00:00:00.000,112741,NZ DOLLAR,43732,28563,11237,2995,9023,1600,16010,1580,968,5620,3120
2017-08-29T00:00:00.000,232741,AUSTRALIAN DOLLAR,159477,99624,14245,13208,17513,4157,93214,570,7474,36087,21200
2017-09-05T00:00:00.000,090741,CANADIAN DOLLAR,203353,72221,32046,52752,4435,22941,124280,4455,9314,42612,24906
2017-09-05T00:00:00.000,092741,SWISS FRANC,42019,18744,11223,2938,3252,6566,7481,0,2756,11888,15424
2017-09-05T00:00:00.000,096742,BRITISH POUND,219048,41351,81720,19851,72075,83584,5936,24660,10397,28462,27780
2017-09-05T00:00:00.000,097741,JAPANESE YEN,213200,44005,102300,26370,45342,72562,19740,33542,3810,25417,30704
2017-09-05T00:00:00.000,098662,USD INDEX,55828,17378,20423,13817,6149,495,14749,7772,4738,9198,2601
2017-09-05T00:00:00.000,099741,EURO FX,464988,81977,51920,204580,93873,38344,165140,20452,58779,79011,54652
2017-09-05T00:00:00.000,112741,NZ DOLLAR,46094,26307,13295,2441,9873,4274,12354,1632,933,5188,3387
2017-09-05T00:00:00.000,232741,AUSTRALIAN DOLLAR,168171,99677,16445,17736,18268,4180,97300,579,8444,39494,21209
2017-09-12T00:00:00.000,090741,CANADIAN DOLLAR,227931,70928,32144,44325,6895,36169,126533,4505,13927,46789,23217
2017-09-12T00:00:00.000,092741,SWISS FRANC,44076,20268,11765,3144,2957,6261,8159,0,2898,11399,15293
2017-09-12T00:00:00.000,096742,BRITISH POUND,273720,54040,88345,21769,70078,81997,13463,23502,11038,32910,31294
2017-09-12T00:00:00.000,097741,JAPANESE YEN,200444,41679,84386,21914,45702,63747,18389,32522,1180,23508,33713
2017-09-12T00:00:00.000,098662,USD INDEX,55883,20268,20166,11942,6424,607,14751,7906,5298,8367,2451
2017-09-12T00:00:00.000,099741,EURO FX,487425,84642,61588,189947,94396,45708,152062,19400,61778,88738,58611
2017-09-12T00:00:00.000,112741,NZ DOLLAR,49256,23775,14522,1909,8214,5872,12109,2017,922,5595,3401
2017-09-12T00:00:00.000,232741,AUSTRALIAN DOLLAR,187355,98164,17444,16914,16538,4071,99904,525,6008,40093,19873
2017-09-19T00:00:00.000,090741,CANADIAN DOLLAR,299169,79864,34202,46018,7558,38175,133561,4511,14372,45503,24378
2017-09-19T00:00:00.000,092741,SWISS FRANC,35451,21997,11435,1699,3567,0,3704,0,2005,10756,13741
2017-09-19T00:00:00.000,096742,BRITISH POUND,202582,63384,64550,19672,67256,46763,12855,20277,9751,32563,28247
2017-09-19T00:00:00.000,097741,JAPANESE YEN,185352,46498,76949,21395,49708,68911,11751,20968,3678,17603,33289
2017-09-19T00:00:00.000,098662,USD INDEX,42287,7264,22698,12509,6110,583,3172,11922,5350,7881,2829
2017-09-19T00:00:00.000,099741,EURO FX,431108,78292,77133,194409,92876,31203,104014,19787,74253,76776,52191
2017-09-19T00:00:00.000,112741,NZ DOLLAR,37073,21038,18113,1949,8492,6060,3883,165,727,5180,3177
2017-09-19T00:00:00.000,232741,AUSTRALIAN DOLLAR,158733,95571,17225,21121,15506,1886,99389,851,1819,34665,20155
2017-09-26T00:00:00.000,090741,CANADIAN DOLLAR,181913,81703,26020,46938,9922,1668,109834,4710,11468,43302,21077
2017-09-26T00:00:00.000,092741,SWISS FRANC,39765,24271,13449,1276,3585,3133,3261,0,2583,9794,15596
2017-09-26T00:00:00.000,096742,BRITISH POUND,195509,67932,50612,20229,70891,33399,16737,17060,10135,35311,25556
2017-09-26T00:00:00.000,097741,JAPANESE YEN,207097,44129,92474,21643,51624,94302,10111,16802,3579,17058,36146
2017-09-26T00:00:00.000,098662,USD INDEX,45590,7946,27304,13934,5672,584,2961,12208,5003,8511,2243
2017-09-26T00:00:00.000,099741,EURO FX,429111,70012,50279,196538,96156,34253,122254,20311,72874,75618,55169
2017-09-26T00:00:00.000,112741,NZ DOLLAR,35914,20299,15276,2115,8527,5639,5360,165,790,5760,4025
2017-09-26T00:00:00.000,232741,AUSTRALIAN DOLLAR,154112,94306,10974,19096,17619,1959,97273,872,2438,33429,21358
2017-10-03T00:00:00.000,090741,CANADIAN DOLLAR,177263,81440,19377,43698,10815,937,109985,4976,12802,41868,19940
2017-10-03T00:00:00.000,092741,SWISS FRANC,44571,27050,17559,576,3568,7375,3030,0,2616,8245,16473
2017-10-03T00:00:00.000,096742,BRITISH POUND,174867,65467,35652,21097,71044,20518,16944,15284,10138,37106,25694
2017-10-03T00:00:00.000,097741,JAPANESE YEN,246889,60070,120325,18757,55022,115582,10718,17041,3595,16901,38691
2017-10-03T00:00:00.000,098662,USD INDEX,47920,8480,29002,13914,3932,619,5712,13555,4313,8407,2016
2017-10-03T00:00:00.000,099741,EURO FX,438663,69139,50830,200578,101378,37212,126161,21524,68559,73764,55289
2017-10-03T00:00:00.000,112741,NZ DOLLAR,34175,19064,14562,1915,8364,5743,5349,556,556,5400,3847
2017-10-03T00:00:00.000,232741,AUSTRALIAN DOLLAR,147098,96406,10809,12555,19557,1914,89253,881,2508,32119,21748
2017-10-10T00:00:00.000,090741,CANADIAN DOLLAR,175817,81352,16792,42151,12223,1184,110018,4435,11232,43024,21881
2017-10-10T00:00:00.000,092741,SWISS FRANC,49039,27950,19967,576,2987,10760,3583,0,1680,8734,19803
2017-10-10T00:00:00.000,096742,BRITISH POUND,181570,63807,34970,19833,78227,33902,16332,16600,9040,32687,28260
2017-10-10T00:00:00.000,097741,JAPANESE YEN,254124,54882,128908,19135,47061,121267,11058,16765,3095,18473,40400
2017-10-10T00:00:00.000,098662,USD INDEX,45773,9444,26024,14177,3932,909,6284,10713,4289,7729,2443
2017-10-10T00:00:00.000,099741,EURO FX,450748,80601,57794,205077,98624,35775,133627,19321,69094,72734,54369
2017-10-10T00:00:00.000,112741,NZ DOLLAR,36460,20898,17881,1482,8514,7492,4496,978,780,4599,3778
2017-10-10T00:00:00.000,232741,AUSTRALIAN DOLLAR,140854,91472,9103,10180,20193,1634,82079,524,2650,32242,22027
2017-10-17T00:00:00.000,090741,CANADIAN DOLLAR,174347,76590,14346,44841,13574,1230,109255,5481,11616,41088,20439
2017-10-17T00:00:00.000,092741,SWISS FRANC,55168,31790,24632,576,4257,14198,3641,0,1680,7722,20076
2017-10-17T00:00:00.000,096742,BRITISH POUND,186473,59436,38280,19703,78511,42566,14977,18482,11987,32003,28435
2017-10-17T00:00:00.000,097741,JAPANESE YEN,257087,55265,135023,19019,45896,123587,11812,19556,3095,16284,37885
2017-10-17T00:00:00.000,098662,USD INDEX,46646,7122,26254,14026,4815,720,5912,12393,4230,9011,2061
2017-10-17T00:00:00.000,099741,EURO FX,446338,70431,55097,206703,97305,39581,137232,18291,66010,73394,52756
2017-10-17T00:00:00.000,112741,NZ DOLLAR,33757,19998,16048,1390,8176,5858,4171,1156,586,4470,3891
2017-10-17T00:00:00.000,232741,AUSTRALIAN DOLLAR,134145,79248,10135,12065,20442,3066,74481,1050,2872,33902,21401
2017-10-24T00:00:00.000,090741,CANADIAN DOLLAR,172673,79106,16858,42361,14602,1174,103153,5191,10575,39433,22077
2017-10-24T00:00:00.000,092741,SWISS FRANC,63892,31881,30544,576,5115,22151,3609,0,1680,7974,21634
2017-10-24T00:00:00.000,096742,BRITISH POUND,188064,60235,39696,19722,77869,45996,15316,12943,10482,31301,26834
2017-10-24T00:00:00.000,097741,JAPANESE YEN,282230,56266,149873,18670,40832,145551,10991,21439,10095,17157,47292
2017-10-24T00:00:00.000,098662,USD INDEX,51132,11057,29982,13867,4926,1067,6213,12732,4350,8754,2006
2017-10-24T00:00:00.000,099741,EURO FX,445018,69117,58958,208170,98930,38628,134813,15739,61047,73900,51806
2017-10-24T00:00:00.000,112741,NZ DOLLAR,41185,19498,22988,1666,8496,13399,3303,1261,947,4749,4839
2017-10-24T00:00:00.000,232741,AUSTRALIAN DOLLAR,134558,80514,12582,12000,23586,2625,69311,525,1673,33435,21947
2017-10-31T00:00:00.000,090741,CANADIAN DOLLAR,157542,66274,20012,39410,14838,1408,85625,6470,7026,36812,22873
2017-10-31T00:00:00.000,092741,SWISS FRANC,74717,29929,37115,576,6712,35458,3307,0,1680,7497,24646
2017-10-31T00:00:00.000,096742,BRITISH POUND,185123,58526,39098,18388,77212,42975,13729,15309,9690,31156,26625
2017-10-31T00:00:00.000,097741,JAPANESE YEN,277706,49133,143190,18590,40519,145724,12012,23172,11150,16262,46010
2017-10-31T00:00:00.000,098662,USD INDEX,49228,8923,27558,13223,3430,946,8715,12748,3473,9262,1926
2017-10-31T00:00:00.000,099741,EURO FX,440384,59118,59175,214381,102148,40382,124061,16552,56084,70420,59385
2017-10-31T00:00:00.000,112741,NZ DOLLAR,49610,19847,30798,1846,5744,21424,5501,1842,1163,3837,5590
2017-10-31T00:00:00.000,232741,AUSTRALIAN DOLLAR,131999,81134,18606,9472,26097,4658,54047,2651,0,25615,24780
2017-11-07T00:00:00.000,090741,CANADIAN DOLLAR,147706,56415,22797,37709,10413,4927,78127,5442,4208,34970,23918
2017-11-07T00:00:00.000,092741,SWISS FRANC,79116,28945,40025,586,7095,42012,3281,0,1680,6540,26002
2017-11-07T00:00:00.000,096742,BRITISH POUND,177968,46099,35103,16957,74180,45284,12062,18322,9022,31155,27450
2017-11-07T00:00:00.000,097741,JAPANESE YEN,287936,42449,153637,17958,36877,161396,13432,20850,11147,18047,45607
2017-11-07T00:00:00.000,098662,USD INDEX,52065,9910,27901,13370,3314,1320,11389,13480,3453,9787,1810
2017-11-07T00:00:00.000,099741,EURO FX,446502,62131,57575,218740,100238,37528,136187,16742,54514,70810,57437
2017-11-07T00:00:00.000,112741,NZ DOLLAR,52072,17317,33486,1571,5647,26593,5788,2098,1122,3787,5323
2017-11-07T00:00:00.000,232741,AUSTRALIAN DOLLAR,125196,73777,17063,4765,24432,7896,50721,5081,0,26242,25545
2017-11-14T00:00:00.000,090741,CANADIAN DOLLAR,143841,52802,21765,35402,9917,9096,75977,5660,5931,33964,23334
2017-11-14T00:00:00.000,092741,SWISS FRANC,81661,28827,41855,586,7578,43763,3347,612,1680,6724,26052
2017-11-14T00:00:00.000,096742,BRITISH POUND,176727,49809,33024,15720,73407,40662,15225,18252,8404,31153,25536
2017-11-14T00:00:00.000,097741,JAPANESE YEN,283628,40496,154058,18317,33517,157191,15159,23876,11198,17358,43306
2017-11-14T00:00:00.000,098662,USD INDEX,46491,6844,22698,13603,3661,1446,10417,11855,3633,9159,2498
2017-11-14T00:00:00.000,099741,EURO FX,467842,79328,75472,223094,95600,38606,148301,16511,55765,73315,55716
2017-11-14T00:00:00.000,112741,NZ DOLLAR,53690,15969,34047,1910,2542,29184,9122,2106,946,3253,5765
2017-11-14T00:00:00.000,232741,AUSTRALIAN DOLLAR,126097,70311,16169,4540,28551,12208,49988,6778,0,26368,25497
2017-11-21T00:00:00.000,090741,CANADIAN DOLLAR,143596,45374,22252,39250,10015,8237,80921,5820,2554,37791,20730
2017-11-21T00:00:00.000,092741,SWISS FRANC,82906,29859,43923,1007,8348,44834,3622,0,1680,6160,24287
2017-11-21T00:00:00.000,096742,BRITISH POUND,175839,52292,32000,17877,73237,51613,17461,1817,8344,31892,24449
2017-11-21T00:00:00.000,097741,JAPANESE YEN,261019,38817,137644,19408,38448,159447,14424,621,3598,16661,40840
2017-11-21T00:00:00.000,098662,USD INDEX,40200,5575,19815,12276,5405,1482,6050,9368,3642,8522,2311
2017-11-21T00:00:00.000,099741,EURO FX,465307,67135,57542,230478,101068,38559,206828,16701,9073,73280,51642
2017-11-21T00:00:00.000,112741,NZ DOLLAR,59737,19820,38480,1506,3873,33732,9320,461,990,3400,6256
2017-11-21T00:00:00.000,232741,AUSTRALIAN DOLLAR,132975,73439,20330,6603,36296,22117,43128,598,0,24250,27253
2017-11-28T00:00:00.000,090741,CANADIAN DOLLAR,145257,43694,20938,41511,10042,9771,83709,6111,2564,37513,21347
2017-11-28T00:00:00.000,092741,SWISS FRANC,79544,27144,42711,1007,6878,44443,4061,0,1680,6077,23341
2017-11-28T00:00:00.000,096742,BRITISH POUND,178230,59750,35978,19855,70393,43243,17500,1303,8978,31751,23053
2017-11-28T00:00:00.000,097741,JAPANESE YEN,244536,40941,126127,21425,35857,139980,18757,220,1498,18681,39008
2017-11-28T00:00:00.000,098662,USD INDEX,43517,9908,23834,12504,7553,555,1589,8895,4296,7758,2348
2017-11-28T00:00:00.000,099741,EURO FX,495561,80824,73895,239485,98083,36272,225060,17122,8825,79742,47582
2017-11-28T00:00:00.000,112741,NZ DOLLAR,61260,20658,39705,1864,4945,33761,9136,375,693,3422,5601
2017-11-28T00:00:00.000,232741,AUSTRALIAN DOLLAR,134805,72333,22147,6767,37752,24818,40798,662,0,24040,27923
2017-12-05T00:00:00.000,090741,CANADIAN DOLLAR,147099,43515,22378,36114,10042,15339,81360,7612,2439,36684,23045
2017-12-05T00:00:00.000,092741,SWISS FRANC,80778,27491,42113,1042,7507,44231,5272,0,1680,6296,22488
2017-12-05T00:00:00.000,096742,BRITISH POUND,202693,78233,52567,25586,71531,37361,21843,2005,7932,36060,25372
2017-12-05T00:00:00.000,097741,JAPANESE YEN,238077,37211,128459,20088,31308,135349,14237,215,1098,18209,35970
2017-12-05T00:00:00.000,098662,USD INDEX,45289,3922,25145,12286,7688,552,1765,12931,1263,8408,2238
2017-12-05T00:00:00.000,099741,EURO FX,499124,79554,72003,235215,99950,38365,222032,16027,6604,79820,48392
2017-12-05T00:00:00.000,112741,NZ DOLLAR,61386,20171,38596,1816,5333,33533,9163,461,797,3320,5412
2017-12-05T00:00:00.000,232741,AUSTRALIAN DOLLAR,139427,73766,25205,5617,39556,30143,37746,236,0,21753,29008
2017-12-12T00:00:00.000,090741,CANADIAN DOLLAR,149275,43296,17315,34061,10004,16819,80787,5936,3533,35736,24209
2017-12-12T00:00:00.000,092741,SWISS FRANC,95115,24830,41293,1042,8854,50106,6014,0,1680,5873,24010
2017-12-12T00:00:00.000,096742,BRITISH POUND,208102,67120,40032,27362,69576,41437,26684,2194,8375,35621,29067
2017-12-12T00:00:00.000,097741,JAPANESE YEN,250581,36235,124546,20459,33005,138904,13131,1014,1098,17073,41905
2017-12-12T00:00:00.000,098662,USD INDEX,43885,4219,26330,11981,5867,568,3035,12884,519,8079,1980
2017-12-12T00:00:00.000,099741,EURO FX,505744,70920,55803,233540,105995,41459,217887,18623,6498,80362,58721
2017-12-12T00:00:00.000,112741,NZ DOLLAR,74192,19784,36112,1957,7884,34700,8850,0,591,5343,8347
2017-12-12T00:00:00.000,232741,AUSTRALIAN DOLLAR,157029,78116,32074,6233,41407,37859,37739,1046,0,20069,32103
2017-12-19T00:00:00.000,090741,CANADIAN DOLLAR,155022,50457,20939,32161,9776,16163,81913,6470,2293,32239,22569
2017-12-19T00:00:00.000,092741,SWISS FRANC,78872,37724,40972,621,9547,33310,3541,0,1680,6243,22158
2017-12-19T00:00:00.000,096742,BRITISH POUND,183783,60942,32328,30015,71172,46304,34148,1875,7932,30973,24529
2017-12-19T00:00:00.000,097741,JAPANESE YEN,223424,47380,125387,21130,31192,121339,10598,686,1128,16561,38791
2017-12-19T00:00:00.000,098662,USD INDEX,40944,4449,15705,11434,6083,542,13350,14241,753,7535,2310
2017-12-19T00:00:00.000,099741,EURO FX,485622,67452,69797,233393,104685,43189,215765,19306,6630,78834,45297
2017-12-19T00:00:00.000,112741,NZ DOLLAR,48385,11573,35738,1709,6745,31978,156,110,611,2560,4680
2017-12-19T00:00:00.000,232741,AUSTRALIAN DOLLAR,105270,40574,29341,5915,38844,34734,5939,558,0,19577,27234
2017-12-26T00:00:00.000,090741,CANADIAN DOLLAR,116559,30763,24114,35304,9414,3487,53162,6290,2287,33460,20327
2017-12-26T00:00:00.000,092741,SWISS FRANC,81655,39301,44046,621,8240,33904,3777,480,2176,6544,22611
2017-12-26T00:00:00.000,096742,BRITISH POUND,190393,64870,39998,31309,70005,46479,35639,1725,7932,32865,23674
2017-12-26T00:00:00.000,097741,JAPANESE YEN,232428,56214,136422,20487,34210,119800,9083,782,1166,18765,35167
2017-12-26T00:00:00.000,098662,USD INDEX,44142,8144,18064,11635,7388,300,13278,14873,932,7047,2337
2017-12-26T00:00:00.000,099741,EURO FX,497744,77098,76535,229430,105292,42077,219797,21316,7561,84606,45342
2017-12-26T00:00:00.000,112741,NZ DOLLAR,47219,10827,34727,1826,6709,31402,156,100,528,2740,4775
2017-12-26T00:00:00.000,232741,AUSTRALIAN DOLLAR,110525,40535,39890,6110,33999,35178,6996,429,0,23092,24459
2018-01-02T00:00:00.000,090741,CANADIAN DOLLAR,126829,32395,32533,42615,9406,3592,56761,5713,1758,35774,19631
2018-01-02T00:00:00.000,092741,SWISS FRANC,75662,31882,39868,664,7146,33541,3936,480,1722,7935,21830
2018-01-02T00:00:00.000,096742,BRITISH POUND,211627,87107,57408,31413,65880,39508,44160,2420,7532,38896,24364
2018-01-02T00:00:00.000,097741,JAPANESE YEN,230564,51931,138255,21344,31285,119477,9631,691,1166,20324,33430
2018-01-02T00:00:00.000,098662,USD INDEX,52638,20687,20573,9589,11040,158,13678,11958,1246,7613,3468
2018-01-02T00:00:00.000,099741,EURO FX,542622,103746,69216,241444,106773,39984,263080,23390,7559,88262,50198
2018-01-02T00:00:00.000,112741,NZ DOLLAR,45141,8596,36534,1814,2110,30980,561,0,523,3041,4703
2018-01-02T00:00:00.000,232741,AUSTRALIAN DOLLAR,123176,44295,54001,10832,29470,34499,11133,485,0,27792,23299
2018-01-09T00:00:00.000,090741,CANADIAN DOLLAR,147839,42976,35884,46705,9455,5078,76732,5280,2258,41162,16872
2018-01-09T00:00:00.000,092741,SWISS FRANC,77070,25503,39794,603,6322,38695,4046,480,1722,7077,20474
2018-01-09T00:00:00.000,096742,BRITISH POUND,203484,76145,40651,28789,66091,41528,50658,1907,7532,40669,24106
2018-01-09T00:00:00.000,097741,JAPANESE YEN,233144,46493,146022,22150,23574,128935,11682,228,1171,19713,35070
2018-01-09T00:00:00.000,098662,USD INDEX,51377,24305,19048,9523,13026,245,12628,7360,1291,7614,3054
2018-01-09T00:00:00.000,099741,EURO FX,563400,101215,59173,259618,110503,44754,291217,23498,7162,86571,47601
2018-01-09T00:00:00.000,112741,NZ DOLLAR,45519,9462,32509,3341,1945,28522,5313,0,645,3461,4374
2018-01-09T00:00:00.000,232741,AUSTRALIAN DOLLAR,123463,51651,37200,15127,27673,20322,29991,253,0,30501,22990
2018-01-16T00:00:00.000,090741,CANADIAN DOLLAR,160810,52213,36381,48567,10949,6995,86307,5506,2158,41851,19337
2018-01-16T00:00:00.000,092741,SWISS FRANC,70214,21393,34699,628,6244,38287,6681,480,1776,8677,20065
2018-01-16T00:00:00.000,096742,BRITISH POUND,218209,86758,36229,35981,66631,41125,71484,2719,7532,40087,24794
2018-01-16T00:00:00.000,097741,JAPANESE YEN,236305,50840,141336,26074,19527,116994,29941,1793,1219,26952,30630
2018-01-16T00:00:00.000,098662,USD INDEX,51436,25809,21289,8044,13337,429,7353,6030,1707,6875,3501
2018-01-16T00:00:00.000,099741,EURO FX,594038,116996,71311,272419,116699,46686,306418,23488,7518,95230,52873
2018-01-16T00:00:00.000,112741,NZ DOLLAR,46780,10912,28761,4747,3317,25887,9232,0,500,4208,3944
2018-01-16T00:00:00.000,232741,AUSTRALIAN DOLLAR,123922,50764,30970,16822,25312,21424,39619,269,0,28734,22112
2018-01-23T00:00:00.000,090741,CANADIAN DOLLAR,168849,59807,37296,48257,10983,6492,93758,6022,2578,41778,17741
2018-01-23T00:00:00.000,092741,SWISS FRANC,71767,21691,34660,1317,6361,36205,10262,480,1776,10536,17170
2018-01-23T00:00:00.000,096742,BRITISH POUND,236432,101097,38581,41607,66745,39568,85538,1935,8709,40874,25508
2018-01-23T00:00:00.000,097741,JAPANESE YEN,241136,53978,140091,28859,17567,116155,38441,2089,1219,26433,30196
2018-01-23T00:00:00.000,098662,USD INDEX,49114,22829,21074,9256,13416,262,6622,6726,1690,7551,3822
2018-01-23T00:00:00.000,099741,EURO FX,608683,127165,68142,273391,117601,47541,328477,24781,6731,95485,47412
2018-01-23T00:00:00.000,112741,NZ DOLLAR,53374,18643,29126,4537,4334,24109,13772,110,389,4310,4088
2018-01-23T00:00:00.000,232741,AUSTRALIAN DOLLAR,141176,63064,37371,17913,22393,19473,52644,537,0,34522,23101
2018-01-30T00:00:00.000,090741,CANADIAN DOLLAR,176871,63792,32029,48782,10576,9151,107581,6092,1592,42447,18486
2018-01-30T00:00:00.000,092741,SWISS FRANC,72587,25229,33850,3623,5963,29085,14868,480,1776,12338,14298
2018-01-30T00:00:00.000,096742,BRITISH POUND,235080,100227,37526,38120,65403,39333,86756,1812,8709,44000,25098
2018-01-30T00:00:00.000,097741,JAPANESE YEN,260237,62216,132263,35064,12941,115856,72589,1742,1577,31636,27144
2018-01-30T00:00:00.000,098662,USD INDEX,47086,20139,18717,9428,12165,60,4834,7227,4557,7379,3960
2018-01-30T00:00:00.000,099741,EURO FX,603460,128097,51244,267255,117303,50889,337544,24791,7386,89440,46995
2018-01-30T00:00:00.000,112741,NZ DOLLAR,55783,23858,30197,6168,3259,20628,18248,130,615,4662,3127
2018-01-30T00:00:00.000,232741,AUSTRALIAN DOLLAR,140204,61394,34768,18453,20023,18664,55145,213,0,36697,25485
2018-02-06T00:00:00.000,090741,CANADIAN DOLLAR,167890,60212,18358,47336,10332,8720,111472,4588,1092,38862,18464
2018-02-06T00:00:00.000,092741,SWISS FRANC,73968,24833,33488,4560,6098,28240,18667,480,1776,14531,12615
2018-02-06T00:00:00.000,096742,BRITISH POUND,216402,86358,28098,35781,65356,42302,82577,1663,8714,39611,20970
2018-02-06T00:00:00.000,097741,JAPANESE YEN,249478,55555,122496,34515,9369,115170,74370,1595,1177,28430,27853
2018-02-06T00:00:00.000,098662,USD INDEX,43794,17290,18955,8265,11474,63,4783,7499,1534,7098,3469
2018-02-06T00:00:00.000,099741,EURO FX,596937,118937,52485,268920,118546,58824,331291,23839,6811,86727,48114
2018-02-06T00:00:00.000,112741,NZ DOLLAR,55563,22754,29581,7123,3549,19952,17459,148,314,4968,4042
2018-02-06T00:00:00.000,232741,AUSTRALIAN DOLLAR,139810,63792,34030,19896,18375,15955,57785,81,1550,34732,22716
2018-02-13T00:00:00.000,090741,CANADIAN DOLLAR,155262,60459,20356,36893,10781,6170,93575,4567,1092,36669,18954
2018-02-13T00:00:00.000,092741,SWISS FRANC,74651,25748,34248,4505,5233,28273,18891,480,1776,13850,12708
2018-02-13T00:00:00.000,096742,BRITISH POUND,193326,67078,21990,27899,64954,44617,60228,1322,9219,36901,21426
2018-02-13T00:00:00.000,097741,JAPANESE YEN,260170,61712,123849,32209,10497,115945,83978,1820,1710,34265,25917
2018-02-13T00:00:00.000,098662,USD INDEX,40422,13687,16038,7829,10002,66,4608,7637,1624,6915,3862
2018-02-13T00:00:00.000,099741,EURO FX,564233,86687,51901,253649,115234,75711,311832,21457,7231,84269,35575
2018-02-13T00:00:00.000,112741,NZ DOLLAR,53739,23022,27135,6222,3043,19103,18438,113,330,4682,4196
2018-02-13T00:00:00.000,232741,AUSTRALIAN DOLLAR,113967,49473,21374,13620,17703,15556,45417,526,1598,28899,21982
2018-02-20T00:00:00.000,090741,CANADIAN DOLLAR,144832,47338,16525,35910,11064,6597,85731,5087,1454,38466,18624
2018-02-20T00:00:00.000,092741,SWISS FRANC,69137,24663,29187,5165,5235,23746,18285,480,1568,13169,12948
2018-02-20T00:00:00.000,096742,BRITISH POUND,188118,64567,22703,27219,62587,42036,55158,1426,9139,36856,22517
2018-02-20T00:00:00.000,097741,JAPANESE YEN,271271,65560,114562,35823,10885,114961,103524,2390,778,37158,26143
2018-02-20T00:00:00.000,098662,USD INDEX,39428,10768,15242,7770,9487,100,4533,9050,1621,6699,3504
2018-02-20T00:00:00.000,099741,EURO FX,567534,82318,53036,253038,111311,80317,309421,22087,6434,87958,45516
2018-02-20T00:00:00.000,112741,NZ DOLLAR,54483,23622,27586,6347,3202,18680,17947,232,547,4841,4440
2018-02-20T00:00:00.000,232741,AUSTRALIAN DOLLAR,111159,48671,18005,12530,17979,14978,45698,564,618,28742,23185
2018-02-27T00:00:00.000,090741,CANADIAN DOLLAR,145351,51165,24152,33124,12016,5735,75024,6269,1014,37480,21567
2018-02-27T00:00:00.000,092741,SWISS FRANC,69018,24442,28477,4965,4799,23769,18678,480,1568,12994,13128
2018-02-27T00:00:00.000,096742,BRITISH POUND,196913,67571,23889,28383,60036,42421,58960,1271,9114,37019,24666
2018-02-27T00:00:00.000,097741,JAPANESE YEN,263066,65290,98619,34319,13637,112117,108175,1403,773,33993,25918
2018-02-27T00:00:00.000,098662,USD INDEX,37902,8641,14295,7791,9107,0,4533,9418,1913,7323,3325
2018-02-27T00:00:00.000,099741,EURO FX,567463,86607,53046,242187,110489,82842,303236,22411,5754,88189,49711
2018-02-27T00:00:00.000,112741,NZ DOLLAR,58443,25581,30113,6996,3603,18883,18159,385,664,4794,4100
2018-02-27T00:00:00.000,232741,AUSTRALIAN DOLLAR,111306,50098,19461,11618,16703,14522,43021,18,618,28595,25048
2018-03-06T00:00:00.000,090741,CANADIAN DOLLAR,139318,52320,25294,28289,15600,5111,55221,8364,1034,32114,29049
2018-03-06T00:00:00.000,092741,SWISS FRANC,62349,14579,23283,3776,4726,27090,17479,480,1618,14341,13160
2018-03-06T00:00:00.000,096742,BRITISH POUND,197439,67399,30637,25419,58890,44035,54722,2468,8930,35886,22028
2018-03-06T00:00:00.000,097741,JAPANESE YEN,277327,73066,89238,35413,16790,112261,125850,2029,855,37297,27333
2018-03-06T00:00:00.000,098662,USD INDEX,37639,7220,16956,7711,6511,0,4843,10700,1311,7046,3056
2018-03-06T00:00:00.000,099741,EURO FX,557530,77977,47837,246987,104036,79216,307651,21436,6950,87782,46924
2018-03-06T00:00:00.000,112741,NZ DOLLAR,59354,27277,28021,6903,3603,18539,21874,165,530,5344,4200
2018-03-06T00:00:00.000,232741,AUSTRALIAN DOLLAR,106051,50481,20413,8211,21380,13706,31356,10,1118,25641,23782
2018-03-13T00:00:00.000,090741,CANADIAN DOLLAR,154478,57688,32681,28263,17774,4994,52463,9255,1014,34731,30999
2018-03-13T00:00:00.000,092741,SWISS FRANC,63221,14799,20447,2257,4758,26462,16526,480,1618,13984,14633
2018-03-13T00:00:00.000,096742,BRITISH POUND,206151,75104,34133,26222,57369,38584,56184,2560,8290,36721,23215
2018-03-13T00:00:00.000,097741,JAPANESE YEN,279671,72780,71430,30839,18726,117310,140306,1640,900,36712,27919
2018-03-13T00:00:00.000,098662,USD INDEX,35920,6576,14107,7783,6337,0,4757,9166,1700,6487,3111
2018-03-13T00:00:00.000,099741,EURO FX,584759,82704,44967,247032,100031,77273,306895,20451,7250,99647,67964
2018-03-13T00:00:00.000,112741,NZ DOLLAR,66872,29613,30995,7408,3606,18450,22095,295,660,5864,4274
2018-03-13T00:00:00.000,232741,AUSTRALIAN DOLLAR,106473,38219,22281,10793,16726,16040,29750,502,727,27459,23529
2018-03-20T00:00:00.000,090741,CANADIAN DOLLAR,180240,76198,43526,26979,22867,6803,49950,10839,1660,31214,34030
2018-03-20T00:00:00.000,092741,SWISS FRANC,44305,19564,22360,2086,5453,10360,428,480,1618,11297,13928
2018-03-20T00:00:00.000,096742,BRITISH POUND,159183,78076,27455,27152,58277,10251,36762,1925,8753,35325,21482
2018-03-20T00:00:00.000,097741,JAPANESE YEN,160250,70286,59427,31990,17772,10188,41090,2204,975,32759,28163
2018-03-20T00:00:00.000,098662,USD INDEX,29866,6823,14168,7582,6093,0,4057,7321,1077,6062,2393
2018-03-20T00:00:00.000,099741,EURO FX,496964,75540,49876,236044,89973,38865,261561,22779,7619,82667,46866
2018-03-20T00:00:00.000,112741,NZ DOLLAR,44482,28679,10206,7258,5056,1942,23397,282,653,5334,4183
2018-03-20T00:00:00.000,232741,AUSTRALIAN DOLLAR,97255,53296,25141,8470,20914,7520,18471,506,1291,21439,25414
2018-03-27T00:00:00.000,090741,CANADIAN DOLLAR,127568,23944,56002,29796,23196,24547,2952,10695,1014,26091,31909
2018-03-27T00:00:00.000,092741,SWISS FRANC,44649,17736,21196,2179,5627,11782,429,480,1674,11835,15086
2018-03-27T00:00:00.000,096742,BRITISH POUND,176947,97924,35042,29355,58542,1475,42840,2105,8753,38107,23789
2018-03-27T00:00:00.000,097741,JAPANESE YEN,162038,68604,47962,35751,21865,6768,53630,2173,930,35956,24865
2018-03-27T00:00:00.000,098662,USD INDEX,35691,11670,18555,7691,6694,0,4057,8237,1147,5852,2997
2018-03-27T00:00:00.000,099741,EURO FX,514049,86384,58869,243560,83354,38057,276381,24345,6114,82410,50038
2018-03-27T00:00:00.000,112741,NZ DOLLAR,46728,31703,12549,5940,5448,2973,22528,161,550,4993,4695
2018-03-27T00:00:00.000,232741,AUSTRALIAN DOLLAR,104797,49396,30007,6243,25318,21826,16786,506,827,21167,26200
2018-04-03T00:00:00.000,090741,CANADIAN DOLLAR,127509,18988,56697,31751,23639,24980,3813,10690,1014,28906,30152
2018-04-03T00:00:00.000,092741,SWISS FRANC,48734,19076,22593,2133,6645,15683,1145,480,2154,10744,15579
2018-04-03T00:00:00.000,096742,BRITISH POUND,172017,96486,26062,25815,58861,3219,47114,1234,8864,37202,23055
2018-04-03T00:00:00.000,097741,JAPANESE YEN,148818,55151,31879,32389,22668,12756,54623,2169,1010,34005,26290
2018-04-03T00:00:00.000,098662,USD INDEX,31226,9267,16112,7964,6360,0,3977,6552,977,6111,2468
2018-04-03T00:00:00.000,099741,EURO FX,493677,68333,49189,239595,82839,40980,262324,25064,6506,76210,49324
2018-04-03T00:00:00.000,112741,NZ DOLLAR,47079,31976,12808,5274,5439,3622,22567,170,556,4980,4652
2018-04-03T00:00:00.000,232741,AUSTRALIAN DOLLAR,108830,42762,31135,4643,27524,32589,16260,506,750,22650,27481
2018-04-10T00:00:00.000,090741,CANADIAN DOLLAR,124621,16374,54523,34021,23650,24424,5481,9620,1014,28716,28487
2018-04-10T00:00:00.000,092741,SWISS FRANC,51144,19966,23862,1121,7301,20020,1310,480,1674,8680,16120
2018-04-10T00:00:00.000,096742,BRITISH POUND,182784,105977,31286,24541,57777,3905,53683,2360,8899,38224,23362
2018-04-10T00:00:00.000,097741,JAPANESE YEN,151202,52828,33511,34312,24293,13474,50266,1245,1354,34222,26657
2018-04-10T00:00:00.000,098662,USD INDEX,33497,12758,19073,7917,5858,0,3977,5593,737,6078,2701
2018-04-10T00:00:00.000,099741,EURO FX,508204,78185,53135,250432,78865,34531,281979,24228,6557,78975,45815
2018-04-10T00:00:00.000,112741,NZ DOLLAR,55938,37676,16954,8422,5373,3382,27484,336,671,5247,4581
2018-04-10T00:00:00.000,232741,AUSTRALIAN DOLLAR,104209,36170,26675,4276,27557,35037,16533,512,90,21719,26859
2018-04-17T00:00:00.000,090741,CANADIAN DOLLAR,128174,19902,54862,32899,19107,21862,16546,9432,1014,32160,24726
2018-04-17T00:00:00.000,092741,SWISS FRANC,59012,25724,29869,1121,7639,22683,1261,480,1674,8545,18110
2018-04-17T00:00:00.000,096742,BRITISH POUND,205523,121440,42215,29952,55278,2495,64795,1173,8594,39333,23511
2018-04-17T00:00:00.000,097741,JAPANESE YEN,147319,49225,34437,36178,24230,13593,49707,1337,1565,34350,24744
2018-04-17T00:00:00.000,098662,USD INDEX,34609,13247,18380,7346,6855,0,3977,5673,928,6344,2470
2018-04-17T00:00:00.000,099741,EURO FX,509032,80379,50401,255245,77985,33569,283461,19254,6577,79578,49601
2018-04-17T00:00:00.000,112741,NZ DOLLAR,61437,39013,16994,12844,5547,3086,33398,353,625,5258,3990
2018-04-17T00:00:00.000,232741,AUSTRALIAN DOLLAR,99720,27893,27456,4621,24999,36063,17047,512,81,25541,25047
2018-04-24T00:00:00.000,090741,CANADIAN DOLLAR,120406,16634,43368,32900,20036,21075,17996,8511,1014,30820,27526
2018-04-24T00:00:00.000,092741,SWISS FRANC,71004,28942,33660,1136,10626,33592,1233,480,1674,6322,23279
2018-04-24T00:00:00.000,096742,BRITISH POUND,183826,93404,31424,29570,53709,8892,50770,1156,8637,35685,24167
2018-04-24T00:00:00.000,097741,JAPANESE YEN,155237,54800,41826,37687,23536,20496,46044,1766,1565,26624,28402
2018-04-24T00:00:00.000,098662,USD INDEX,32114,9175,20301,7439,3085,0,3977,6823,850,6824,2048
2018-04-24T00:00:00.000,099741,EURO FX,494154,56370,48017,259619,80092,38249,265356,17830,4749,77520,51374
2018-04-24T00:00:00.000,112741,NZ DOLLAR,55385,33949,12387,10983,5467,4173,31714,100,504,4972,4105
2018-04-24T00:00:00.000,232741,AUSTRALIAN DOLLAR,122645,47417,36378,6515,30725,42220,17754,487,175,21905,33512
2018-05-01T00:00:00.000,090741,CANADIAN DOLLAR,121676,12139,42803,34260,26943,25060,8876,9954,1081,29531,31241
2018-05-01T00:00:00.000,092741,SWISS FRANC,84228,28196,37668,1136,16689,47825,1322,480,1674,6192,26476
2018-05-01T00:00:00.000,096742,BRITISH POUND,194859,64121,37952,52589,58807,27588,46251,2244,9114,33530,27948
2018-05-01T00:00:00.000,097741,JAPANESE YEN,160337,51085,41012,37126,26852,29507,43683,1310,1565,27561,33477
2018-05-01T00:00:00.000,098662,USD INDEX,35440,10394,25148,9059,1464,107,3987,7374,1077,6724,1982
2018-05-01T00:00:00.000,099741,EURO FX,509659,64315,61805,265262,86420,42967,258345,18716,6222,73251,51719
2018-05-01T00:00:00.000,112741,NZ DOLLAR,47605,27136,12016,7761,5105,6962,23729,0,422,4480,5067
2018-05-01T00:00:00.000,232741,AUSTRALIAN DOLLAR,145711,59351,40611,4574,45496,52334,15294,1794,1395,21918,37175
2018-05-08T00:00:00.000,090741,CANADIAN DOLLAR,128877,16816,44921,33271,28505,26798,8936,10633,1540,28693,32309
2018-05-08T00:00:00.000,092741,SWISS FRANC,97900,24390,45684,2642,19297,63799,1335,480,1625,6186,29556
2018-05-08T00:00:00.000,096742,BRITISH POUND,188802,52575,31570,41197,56381,44052,43105,2032,10192,32548,31156
2018-05-08T00:00:00.000,097741,JAPANESE YEN,157576,45261,42156,35415,23123,32150,44953,2254,1565,27158,30441
2018-05-08T00:00:00.000,098662,USD INDEX,37324,11056,26990,10205,730,180,4673,7352,934,6551,2017
2018-05-08T00:00:00.000,099741,EURO FX,515132,67669,62778,261020,90110,50026,258278,17822,6035,75335,54671
2018-05-08T00:00:00.000,112741,NZ DOLLAR,49725,26951,14993,5084,5329,13091,22120,0,422,3366,5628
2018-05-08T00:00:00.000,232741,AUSTRALIAN DOLLAR,160224,55481,49061,2777,49430,71660,15487,1994,1192,22103,38845
2018-05-15T00:00:00.000,090741,CANADIAN DOLLAR,128708,14414,45262,31696,25603,30358,10610,9777,1003,29066,32833
2018-05-15T00:00:00.000,092741,SWISS FRANC,103691,23903,49585,1799,20136,70430,1360,480,1625,6386,30292
2018-05-15T00:00:00.000,096742,BRITISH POUND,190648,51457,31619,41185,60053,50287,40908,775,10547,30274,30851
2018-05-15T00:00:00.000,097741,JAPANESE YEN,163411,60155,47309,31868,22615,29260,44989,2350,1565,25970,33125
2018-05-15T00:00:00.000,098662,USD INDEX,40239,11665,29776,12303,547,330,4873,7216,985,6637,1970
2018-05-15T00:00:00.000,099741,EURO FX,505114,57717,61801,257974,92648,56341,240662,16813,7563,72154,58325
2018-05-15T00:00:00.000,112741,NZ DOLLAR,59874,28185,21738,1723,8484,24670,21212,220,747,3640,6257
2018-05-15T00:00:00.000,232741,AUSTRALIAN DOLLAR,173515,60134,60231,3220,52258,85236,13294,494,2111,18864,40054
2018-05-22T00:00:00.000,090741,CANADIAN DOLLAR,136118,12361,44564,29959,21753,27094,13944,9040,1019,31693,28867
2018-05-22T00:00:00.000,092741,SWISS FRANC,104258,23097,50003,1774,20796,71555,1785,480,1625,6163,28860
2018-05-22T00:00:00.000,096742,BRITISH POUND,186517,43710,22871,41133,64409,52131,41340,0,11281,31989,29062
2018-05-22T00:00:00.000,097741,JAPANESE YEN,175316,58092,51870,32135,38079,46439,31211,2393,1565,24688,41022
2018-05-22T00:00:00.000,098662,USD INDEX,42065,11499,30353,12996,563,550,4873,7561,1248,6656,2225
2018-05-22T00:00:00.000,099741,EURO FX,520648,60848,71536,257878,97370,65106,236880,18261,10285,71558,57580
2018-05-22T00:00:00.000,112741,NZ DOLLAR,60456,22057,23054,3955,9144,30067,20078,0,749,2763,5817
2018-05-22T00:00:00.000,232741,AUSTRALIAN DOLLAR,150320,37203,54068,2782,36688,83781,13348,3685,1547,18140,39940
2018-05-29T00:00:00.000,090741,CANADIAN DOLLAR,147495,20058,43937,30696,23548,25067,14711,10677,1015,28037,31324
2018-05-29T00:00:00.000,092741,SWISS FRANC,107190,15790,51266,2118,19972,73380,1422,480,1625,10560,28043
2018-05-29T00:00:00.000,096742,BRITISH POUND,205778,54747,35823,37727,69176,64632,39156,2341,10026,29483,34749
2018-05-29T00:00:00.000,097741,JAPANESE YEN,171339,52259,54772,30690,30934,40918,30715,2132,1075,27815,36318
2018-05-29T00:00:00.000,098662,USD INDEX,45941,14733,33511,12901,1026,610,4873,8064,978,7336,3256
2018-05-29T00:00:00.000,099741,EURO FX,552251,70434,88324,247321,104495,75345,227876,20094,10495,79952,61956
2018-05-29T00:00:00.000,112741,NZ DOLLAR,62523,23272,23956,5525,9644,29381,19959,0,732,2657,6544
2018-05-29T00:00:00.000,232741,AUSTRALIAN DOLLAR,155973,37476,52888,4237,44229,85868,12648,1803,1532,20652,38739
2018-06-05T00:00:00.000,090741,CANADIAN DOLLAR,158317,21355,45333,31156,23487,23734,11496,10184,1791,27679,32001
2018-06-05T00:00:00.000,092741,SWISS FRANC,100867,12467,43480,2118,20006,74937,1607,480,1674,6147,29382
2018-06-05T00:00:00.000,096742,BRITISH POUND,239409,63987,41822,35219,72327,71354,37313,2283,10237,25365,36509
2018-06-05T00:00:00.000,097741,JAPANESE YEN,146448,42295,37643,30421,28759,28503,29974,2446,979,26407,32717
2018-06-05T00:00:00.000,098662,USD INDEX,44949,15183,33199,13245,554,560,5421,6331,1123,7366,2388
2018-06-05T00:00:00.000,099741,EURO FX,576287,67518,100985,254374,110809,87429,214080,20317,9130,69447,64081
2018-06-05T00:00:00.000,112741,NZ DOLLAR,62065,23151,23618,4571,9713,29345,19823,0,205,2586,6294
2018-06-05T00:00:00.000,232741,AUSTRALIAN DOLLAR,143872,29086,46035,4644,41496,83456,14106,1787,942,18407,34801
2018-06-12T00:00:00.000,090741,CANADIAN DOLLAR,156985,17078,40139,31553,22139,23547,12714,10031,2164,27605,32658
2018-06-12T00:00:00.000,092741,SWISS FRANC,101245,9060,39736,2118,18392,73906,1663,480,1674,5425,29524
2018-06-12T00:00:00.000,096742,BRITISH POUND,269609,57314,29000,37240,67526,62228,43163,2049,8353,26732,37521
2018-06-12T00:00:00.000,097741,JAPANESE YEN,166877,55723,38368,32952,28874,23212,28886,2048,979,24344,41172
2018-06-12T00:00:00.000,098662,USD INDEX,49907,14863,35163,13239,468,670,5421,8112,970,7330,2192
2018-06-12T00:00:00.000,099741,EURO FX,599561,50902,92912,271033,112303,88420,226125,20059,8375,73977,64676
2018-06-12T00:00:00.000,112741,NZ DOLLAR,64699,22941,22431,4584,9675,27854,19683,0,205,2854,6239
2018-06-12T00:00:00.000,232741,AUSTRALIAN DOLLAR,137724,21729,39367,6641,36305,75328,15507,1364,52,20981,34812
2018-06-19T00:00:00.000,090741,CANADIAN DOLLAR,190384,33222,51953,31718,25677,14121,28858,9737,2608,54974,34676
2018-06-19T00:00:00.000,092741,SWISS FRANC,93601,22794,40239,1577,19646,62311,2432,480,1674,5225,28396
2018-06-19T00:00:00.000,096742,BRITISH POUND,172592,42108,35609,37592,70351,53867,7054,2516,8483,24974,39560
2018-06-19T00:00:00.000,097741,JAPANESE YEN,154641,48426,63117,34732,30501,35223,17151,2822,979,25580,35035
2018-06-19T00:00:00.000,098662,USD INDEX,46993,17385,21794,12668,608,595,19785,8180,1677,6424,1388
2018-06-19T00:00:00.000,099741,EURO FX,478200,40761,96068,261448,116357,43711,151674,22237,10843,65900,59115
2018-06-19T00:00:00.000,112741,NZ DOLLAR,43308,10245,24238,5373,10485,23951,0,0,455,2189,6580
2018-06-19T00:00:00.000,232741,AUSTRALIAN DOLLAR,135854,30693,50367,5022,41993,74633,1526,1320,333,19725,37174
2018-06-26T00:00:00.000,090741,CANADIAN DOLLAR,159233,38422,59335,32122,32854,42599,19377,9108,2575,28741,36851
2018-06-26T00:00:00.000,092741,SWISS FRANC,92933,16711,40287,1990,19368,66998,2337,465,1674,5598,28096
2018-06-26T00:00:00.000,096742,BRITISH POUND,169623,35864,29537,37073,74540,58375,6079,2079,8269,23920,38886
2018-06-26T00:00:00.000,097741,JAPANESE YEN,153566,44371,58067,33995,31618,39303,17047,2846,992,24468,37259
2018-06-26T00:00:00.000,098662,USD INDEX,47596,17057,22233,12484,605,795,19785,9056,1807,6623,1585
2018-06-26T00:00:00.000,099741,EURO FX,481383,39270,99328,264728,118466,46454,152251,21577,9920,66701,58765
2018-06-26T00:00:00.000,112741,NZ DOLLAR,45026,10073,25781,5250,10445,26053,0,0,658,2223,6715
2018-06-26T00:00:00.000,232741,AUSTRALIAN DOLLAR,137795,29708,50402,4392,40461,79513,2003,1400,367,17696,39476
2018-07-03T00:00:00.000,090741,CANADIAN DOLLAR,158341,21386,59242,33250,34948,58551,16609,8677,2362,27368,36071
2018-07-03T00:00:00.000,092741,SWISS FRANC,91196,13092,39901,1087,18340,69076,2408,465,1674,6253,27650
2018-07-03T00:00:00.000,096742,BRITISH POUND,184402,36364,38544,37595,76865,75237,7634,2904,8206,21695,42546
2018-07-03T00:00:00.000,097741,JAPANESE YEN,168360,47946,64755,33458,36814,52454,16512,2771,1579,22664,39633
2018-07-03T00:00:00.000,098662,USD INDEX,49741,18329,24538,12699,247,655,19785,10139,1874,6545,1923
2018-07-03T00:00:00.000,099741,EURO FX,487131,43024,99990,258596,117675,50465,154978,19419,10053,70922,59730
2018-07-03T00:00:00.000,112741,NZ DOLLAR,53676,10812,32429,2219,11679,36159,0,0,1144,2884,6822
2018-07-03T00:00:00.000,232741,AUSTRALIAN DOLLAR,141049,29290,48219,5892,42817,81104,3354,1900,480,17296,40612
2018-07-10T00:00:00.000,090741,CANADIAN DOLLAR,159504,21726,62218,33529,34722,58665,16566,8486,2592,27611,33919
2018-07-10T00:00:00.000,092741,SWISS FRANC,89910,11786,39689,1088,17058,69491,2842,465,1674,6538,28105
2018-07-10T00:00:00.000,096742,BRITISH POUND,178633,29191,36216,39593,75528,73693,7565,973,8347,24021,39815
2018-07-10T00:00:00.000,097741,JAPANESE YEN,182066,57347,72682,33287,38092,57986,16335,3627,1616,20476,43998
2018-07-10T00:00:00.000,098662,USD INDEX,47798,16737,21803,12165,309,665,19785,9558,1705,6502,2025
2018-07-10T00:00:00.000,099741,EURO FX,477596,35598,104700,246761,114058,61080,140539,19241,8806,67882,62459
2018-07-10T00:00:00.000,112741,NZ DOLLAR,52787,10708,31552,604,11889,37415,0,103,721,2323,6991
2018-07-10T00:00:00.000,232741,AUSTRALIAN DOLLAR,135171,25480,46805,5914,40194,81099,3602,401,386,17445,39352
2018-07-17T00:00:00.000,090741,CANADIAN DOLLAR,157927,20264,57445,33724,33614,59648,16388,7505,2637,26310,37367
2018-07-17T00:00:00.000,092741,SWISS FRANC,91952,10633,40670,1189,17148,72813,2717,465,1625,6295,29235
2018-07-17T00:00:00.000,096742,BRITISH POUND,187151,38849,41122,39958,78745,72782,7759,1100,8128,25176,42111
2018-07-17T00:00:00.000,097741,JAPANESE YEN,215413,67784,106291,32351,47098,83103,4739,4073,2665,19212,45730
2018-07-17T00:00:00.000,098662,USD INDEX,49216,16394,22997,13735,647,3933,19785,6502,1951,6677,1861
2018-07-17T00:00:00.000,099741,EURO FX,490064,32316,103269,263390,115528,62569,155564,18947,10850,67999,60010
2018-07-17T00:00:00.000,112741,NZ DOLLAR,53254,12171,31968,909,12054,35969,0,0,872,2479,6634
2018-07-17T00:00:00.000,232741,AUSTRALIAN DOLLAR,132268,24402,44972,6063,40186,79110,4052,903,529,17352,38091
2018-07-24T00:00:00.000,090741,CANADIAN DOLLAR,151441,14787,56798,33469,30515,53720,16776,8078,1327,29501,34139
2018-07-24T00:00:00.000,092741,SWISS FRANC,91838,10612,41757,1159,17349,72499,2720,465,1625,6212,27496
2018-07-24T00:00:00.000,096742,BRITISH POUND,191590,34635,43671,40866,80382,81039,7713,1568,7964,22930,41308
2018-07-24T00:00:00.000,097741,JAPANESE YEN,200427,44305,97871,33707,43391,90001,3412,3026,2488,19677,43554
2018-07-24T00:00:00.000,098662,USD INDEX,52289,14986,17600,15024,770,3804,28034,8660,1703,7503,1870
2018-07-24T00:00:00.000,099741,EURO FX,496665,33910,101903,267598,114978,56989,163978,16878,9949,75056,59623
2018-07-24T00:00:00.000,112741,NZ DOLLAR,51898,11199,30337,621,11998,35663,296,0,1006,2487,6333
2018-07-24T00:00:00.000,232741,AUSTRALIAN DOLLAR,133557,22248,44398,5243,41598,82407,4807,895,461,17329,36858
2018-07-31T00:00:00.000,090741,CANADIAN DOLLAR,140253,16082,50370,31111,25942,44990,19238,8175,1273,28309,31844
2018-07-31T00:00:00.000,092741,SWISS FRANC,91099,11571,41421,1116,17796,70748,2595,453,1625,6582,27033
2018-07-31T00:00:00.000,096742,BRITISH POUND,190296,37131,45815,41717,82271,77342,7590,2087,8395,23123,37329
2018-07-31T00:00:00.000,097741,JAPANESE YEN,197566,42951,89590,35100,46343,86209,4167,2978,2488,19808,44458
2018-07-31T00:00:00.000,098662,USD INDEX,53060,14998,13685,14673,574,3724,32361,8683,1692,8025,1791
2018-07-31T00:00:00.000,099741,EURO FX,499721,34268,101360,271966,115640,47487,168811,17696,9375,83590,59821
2018-07-31T00:00:00.000,112741,NZ DOLLAR,51816,10045,28757,611,12412,36347,475,110,884,2268,6853
2018-07-31T00:00:00.000,232741,AUSTRALIAN DOLLAR,137325,21344,47462,6078,42261,86278,4402,477,381,17743,37414
2018-08-07T00:00:00.000,090741,CANADIAN DOLLAR,144934,21633,51288,35984,26519,38721,20771,8374,1304,28915,33745
2018-08-07T00:00:00.000,092741,SWISS FRANC,90930,10854,42383,1147,18107,71893,2232,453,1625,6071,26071
2018-08-07T00:00:00.000,096742,BRITISH POUND,219746,45646,65266,41830,84304,93463,6763,1580,8799,24865,42252
2018-08-07T00:00:00.000,097741,JAPANESE YEN,187902,35328,84488,34557,43786,86028,4702,2202,1588,19552,43103
2018-08-07T00:00:00.000,098662,USD INDEX,53915,17817,13503,16455,440,1304,33874,7520,1447,8271,2103
2018-08-07T00:00:00.000,099741,EURO FX,507186,35743,118267,272927,122203,52529,146536,18520,8242,81150,65621
2018-08-07T00:00:00.000,112741,NZ DOLLAR,51319,9558,30703,654,10831,36732,300,0,989,2901,7022
2018-08-07T00:00:00.000,232741,AUSTRALIAN DOLLAR,141237,20513,51130,6496,40459,90903,4125,444,565,17934,40011
2018-08-14T00:00:00.000,090741,CANADIAN DOLLAR,144705,17728,48529,36881,27768,40792,20609,7965,1375,29875,34960
2018-08-14T00:00:00.000,092741,SWISS FRANC,90768,9970,41149,1119,18853,71998,1987,453,1625,6173,26099
2018-08-14T00:00:00.000,096742,BRITISH POUND,245490,61199,80981,42899,90993,105220,5810,1454,9175,24223,48036
2018-08-14T00:00:00.000,097741,JAPANESE YEN,185834,38582,84227,36678,42203,77723,5098,2107,1720,21287,43129
2018-08-14T00:00:00.000,098662,USD INDEX,57088,21446,15473,18623,364,554,34996,6068,1919,8279,2218
2018-08-14T00:00:00.000,099741,EURO FX,526571,45132,142990,271719,130629,59683,130093,22932,7850,81225,69129
2018-08-14T00:00:00.000,112741,NZ DOLLAR,56128,9779,34683,1557,10774,39485,255,0,1216,3225,7118
2018-08-14T00:00:00.000,232741,AUSTRALIAN DOLLAR,149238,21062,53239,6514,41176,91574,3980,3866,630,20659,44650
2018-08-21T00:00:00.000,090741,CANADIAN DOLLAR,145677,19999,51289,39176,29572,36217,20991,8038,1807,31380,31151
2018-08-21T00:00:00.000,092741,SWISS FRANC,90905,11983,42951,1118,19443,67733,2308,453,1625,8404,23364
2018-08-21T00:00:00.000,096742,BRITISH POUND,267219,65167,98599,42642,95187,123500,5347,1453,8690,22319,47258
2018-08-21T00:00:00.000,097741,JAPANESE YEN,189698,44806,76477,34892,44136,72834,11807,2360,1178,22057,43351
2018-08-21T00:00:00.000,098662,USD INDEX,55935,20441,13095,18625,324,653,36983,6403,1204,7590,2106
2018-08-21T00:00:00.000,099741,EURO FX,532137,45328,147602,273623,130961,68989,131583,21156,7542,77832,69240
2018-08-21T00:00:00.000,112741,NZ DOLLAR,55473,8734,33857,2760,10735,39035,255,0,849,2267,7100
2018-08-21T00:00:00.000,232741,AUSTRALIAN DOLLAR,145299,19292,51827,6195,39049,94062,3403,1799,1083,17933,43919
2018-08-28T00:00:00.000,090741,CANADIAN DOLLAR,147679,21718,53867,42894,25354,32591,23399,7726,1688,30532,31153
2018-08-28T00:00:00.000,092741,SWISS FRANC,85366,12618,42330,1175,16667,61731,2424,963,1591,8156,21631
2018-08-28T00:00:00.000,096742,BRITISH POUND,260228,55104,96437,43149,93705,124109,5186,1212,8216,24546,44576
2018-08-28T00:00:00.000,097741,JAPANESE YEN,185082,38592,69591,36341,45488,73192,10986,2373,1901,20535,43067
2018-08-28T00:00:00.000,098662,USD INDEX,52802,16042,8031,17773,855,1583,37492,7191,1285,7286,2212
2018-08-28T00:00:00.000,099741,EURO FX,529124,33041,132771,271226,125907,61976,139448,17982,6892,84800,64007
2018-08-28T00:00:00.000,112741,NZ DOLLAR,54564,9772,33808,2207,10682,38019,486,100,888,2268,6502
2018-08-28T00:00:00.000,232741,AUSTRALIAN DOLLAR,141344,20509,49496,6586,35673,85362,5502,943,1155,19444,41018
2018-09-04T00:00:00.000,090741,CANADIAN DOLLAR,151238,20817,53909,41849,28079,39766,22426,8277,2028,30146,34413
2018-09-04T00:00:00.000,092741,SWISS FRANC,80733,14809,42211,1175,13491,52599,2555,963,1591,8948,18646
2018-09-04T00:00:00.000,096742,BRITISH POUND,261700,56201,92950,46707,98989,122530,4130,954,8634,21885,43574
2018-09-04T00:00:00.000,097741,JAPANESE YEN,185347,34498,71646,35055,46857,77878,6558,2407,1685,22256,45348
2018-09-04T00:00:00.000,098662,USD INDEX,55783,17768,11513,18033,485,713,38109,8606,1170,7602,1445
2018-09-04T00:00:00.000,099741,EURO FX,527579,33922,128817,273585,126707,61155,146909,18356,6381,86522,64726
2018-09-04T00:00:00.000,112741,NZ DOLLAR,55781,11221,30771,813,14584,38845,256,0,1343,2568,6493
2018-09-04T00:00:00.000,232741,AUSTRALIAN DOLLAR,156234,27186,54275,7335,41269,88374,4698,2446,1316,19595,43378
2018-09-11T00:00:00.000,090741,CANADIAN DOLLAR,158974,19260,45290,40306,29137,44328,23662,8061,6101,28384,36149
2018-09-11T00:00:00.000,092741,SWISS FRANC,79879,13930,38507,1175,8786,46838,4131,1357,1591,9734,20019
2018-09-11T00:00:00.000,096742,BRITISH POUND,279503,53859,72858,48651,99384,113288,7529,1284,15293,22551,44569
2018-09-11T00:00:00.000,097741,JAPANESE YEN,193428,33311,75381,33976,44362,76631,4120,4270,3914,24592,45003
2018-09-11T00:00:00.000,098662,USD INDEX,58932,16536,10011,17877,277,2080,39598,8913,1016,7998,2502
2018-09-11T00:00:00.000,099741,EURO FX,550492,29948,105905,264033,123182,59704,142517,18721,23043,89698,67457
2018-09-11T00:00:00.000,112741,NZ DOLLAR,59669,14338,29992,692,14309,37059,256,0,3231,2798,7099
2018-09-11T00:00:00.000,232741,AUSTRALIAN DOLLAR,176761,41200,57845,6827,49550,87103,5661,2808,2349,23972,46505
2018-09-18T00:00:00.000,090741,CANADIAN DOLLAR,150538,12290,38571,41431,32718,50609,6794,7468,6342,28021,55394
2018-09-18T00:00:00.000,092741,SWISS FRANC,54251,12172,24787,1169,8806,25806,1574,3297,1591,11067,16753
2018-09-18T00:00:00.000,096742,BRITISH POUND,229637,38226,55493,46023,102530,117634,7467,1655,13619,18648,43077
2018-09-18T00:00:00.000,097741,JAPANESE YEN,200221,45131,82561,36973,46987,85279,2846,2239,7809,20588,50007
2018-09-18T00:00:00.000,098662,USD INDEX,56908,16047,10771,16718,413,4580,41147,11599,936,6135,1812
2018-09-18T00:00:00.000,099741,EURO FX,465130,33698,110361,268003,128818,22031,105077,19107,19905,81110,59788
2018-09-18T00:00:00.000,112741,NZ DOLLAR,57429,11864,27727,591,17718,40540,0,0,3614,2160,6096
2018-09-18T00:00:00.000,232741,AUSTRALIAN DOLLAR,162860,31816,49179,7009,57169,98927,3558,1467,3531,18492,44274
2018-09-25T00:00:00.000,090741,CANADIAN DOLLAR,115727,18866,42768,43389,25017,9405,9237,7011,4650,29154,26153
2018-09-25T00:00:00.000,092741,SWISS FRANC,53927,13327,24341,1169,7121,24287,3288,2710,1303,11635,17075
2018-09-25T00:00:00.000,096742,BRITISH POUND,225082,40042,54358,48852,92977,105883,15803,1437,11727,19384,40733
2018-09-25T00:00:00.000,097741,JAPANESE YEN,215376,45774,90403,34111,55174,103682,946,2396,11002,21498,49936
2018-09-25T00:00:00.000,098662,USD INDEX,52751,15198,5705,14325,606,4780,41147,10770,1168,5623,2070
2018-09-25T00:00:00.000,099741,EURO FX,477881,32021,118715,276673,126826,20055,125379,20149,11012,87341,54307
2018-09-25T00:00:00.000,112741,NZ DOLLAR,56994,11427,26494,591,20164,40662,0,0,2331,2020,5711
2018-09-25T00:00:00.000,232741,AUSTRALIAN DOLLAR,158761,25023,48824,7043,56315,100407,3558,1358,3684,19358,40808
2018-10-02T00:00:00.000,090741,CANADIAN DOLLAR,127333,25909,55742,46244,20591,5731,12131,7121,4738,32781,24584
2018-10-02T00:00:00.000,092741,SWISS FRANC,54650,17069,24266,1169,5494,25634,3760,453,1111,9517,19211
2018-10-02T00:00:00.000,096742,BRITISH POUND,210495,33091,46229,48813,89205,97572,17281,1603,9039,19332,38657
2018-10-02T00:00:00.000,097741,JAPANESE YEN,252277,52067,117699,34811,64506,129671,1736,3480,14134,21965,43919
2018-10-02T00:00:00.000,098662,USD INDEX,53364,20723,6370,15732,413,570,41209,8098,1339,6304,2096
2018-10-02T00:00:00.000,099741,EURO FX,479644,37615,119431,270766,133859,26162,110249,24838,12443,77764,61163
2018-10-02T00:00:00.000,112741,NZ DOLLAR,56448,11273,26264,598,19630,39931,0,104,1313,1974,6673
2018-10-02T00:00:00.000,232741,AUSTRALIAN DOLLAR,154671,22947,50296,7061,55113,98265,3558,1443,2220,19981,38510
2018-10-09T00:00:00.000,090741,CANADIAN DOLLAR,121489,21843,49623,44877,17447,8510,14974,7258,4386,30874,26932
2018-10-09T00:00:00.000,092741,SWISS FRANC,61862,20046,23968,1169,8323,30044,2536,453,1973,8852,23764
2018-10-09T00:00:00.000,096742,BRITISH POUND,210549,31909,48385,48715,89150,94812,15150,1372,8545,21470,37048
2018-10-09T00:00:00.000,097741,JAPANESE YEN,253374,40448,114678,39723,64352,138868,3690,2500,15818,21629,44630
2018-10-09T00:00:00.000,098662,USD INDEX,58150,21180,10560,17871,587,2780,41239,8404,1565,6227,2511
2018-10-09T00:00:00.000,099741,EURO FX,483802,36846,118768,271172,143116,25698,102243,25244,16413,82096,60516
2018-10-09T00:00:00.000,112741,NZ DOLLAR,64710,14649,32403,990,20270,44183,245,291,2973,2267,6489
2018-10-09T00:00:00.000,232741,AUSTRALIAN DOLLAR,170758,25419,56043,7545,57241,107201,4233,662,2725,24078,44663
2018-10-16T00:00:00.000,090741,CANADIAN DOLLAR,115386,20579,42425,40636,18612,6099,12351,7538,5609,31002,26857
2018-10-16T00:00:00.000,092741,SWISS FRANC,64635,18561,25697,1169,10466,34941,2196,453,2338,7978,22405
2018-10-16T00:00:00.000,096742,BRITISH POUND,210108,31983,39755,48772,85497,93141,27384,3085,8297,21209,37257
2018-10-16T00:00:00.000,097741,JAPANESE YEN,211210,29258,96562,37223,51120,110373,3663,2547,9056,20444,39444
2018-10-16T00:00:00.000,098662,USD INDEX,54917,19991,7387,16450,480,2950,41239,8200,1645,5379,2219
2018-10-16T00:00:00.000,099741,EURO FX,469299,26929,112156,277321,142490,26448,98716,21241,16008,78295,60864
2018-10-16T00:00:00.000,112741,NZ DOLLAR,62490,10735,29542,1001,19747,46097,126,128,3757,2041,6830
2018-10-16T00:00:00.000,232741,AUSTRALIAN DOLLAR,155988,20478,48451,7835,54920,102631,3580,617,3196,20470,41884
2018-10-23T00:00:00.000,090741,CANADIAN DOLLAR,118053,21825,39346,40580,20865,9307,12132,7692,6131,29471,30401
2018-10-23T00:00:00.000,092741,SWISS FRANC,69685,18071,25140,1169,11220,40793,2292,453,3331,7659,26162
2018-10-23T00:00:00.000,096742,BRITISH POUND,221303,29021,38563,49813,90494,102873,29838,4094,7374,21272,40804
2018-10-23T00:00:00.000,097741,JAPANESE YEN,205643,28994,90625,35706,48909,104666,4082,2657,8061,20886,41232
2018-10-23T00:00:00.000,098662,USD INDEX,59274,22171,11356,18246,478,2890,41249,7317,1900,6271,1912
2018-10-23T00:00:00.000,099741,EURO FX,489829,30236,123394,278532,149999,34236,93885,25975,20160,79561,61102
2018-10-23T00:00:00.000,112741,NZ DOLLAR,58683,10091,28237,941,17589,42556,644,0,2894,2417,6641
2018-10-23T00:00:00.000,232741,AUSTRALIAN DOLLAR,157539,19913,49629,8218,53316,98454,2688,1901,3289,22720,42284
2018-10-30T00:00:00.000,090741,CANADIAN DOLLAR,118508,22513,38418,35448,24268,13612,10844,7539,6765,30248,29065
2018-10-30T00:00:00.000,092741,SWISS FRANC,75835,22410,26999,1737,12132,41467,1729,453,4877,8346,28676
2018-10-30T00:00:00.000,096742,BRITISH POUND,233339,36887,45936,44196,99374,109618,18220,1472,8955,21848,41536
2018-10-30T00:00:00.000,097741,JAPANESE YEN,203113,28236,90924,35050,50399,101433,4385,2677,5846,22508,38350
2018-10-30T00:00:00.000,098662,USD INDEX,60318,24702,10718,21192,447,166,42971,5340,1785,6368,1847
2018-10-30T00:00:00.000,099741,EURO FX,504458,37046,130192,274114,156358,44616,90445,25367,22205,83536,65479
2018-10-30T00:00:00.000,112741,NZ DOLLAR,59718,9455,26801,1088,16551,43747,664,0,6207,2255,6322
2018-10-30T00:00:00.000,232741,AUSTRALIAN DOLLAR,164840,22933,47537,9485,53673,102763,2933,474,8522,20229,43219
2018-11-06T00:00:00.000,090741,CANADIAN DOLLAR,116284,26252,36083,32717,25136,8952,11769,8125,4769,32496,30785
2018-11-06T00:00:00.000,092741,SWISS FRANC,77205,21008,27901,1783,14573,46691,2081,0,4181,6787,27533
2018-11-06T00:00:00.000,096742,BRITISH POUND,227514,35844,49845,44721,89776,103027,24523,1645,8023,24624,37694
2018-11-06T00:00:00.000,097741,JAPANESE YEN,209453,31091,89744,33708,52856,109237,4140,2318,5294,20645,44965
2018-11-06T00:00:00.000,098662,USD INDEX,57888,23662,8238,21388,318,456,42973,4408,1525,5531,2391
2018-11-06T00:00:00.000,099741,EURO FX,510193,28935,131185,284738,159077,39582,92922,23252,18614,88908,63617
2018-11-06T00:00:00.000,112741,NZ DOLLAR,51288,9182,27456,2142,9659,34296,1211,362,4130,2445,5971
2018-11-06T00:00:00.000,232741,AUSTRALIAN DOLLAR,150565,23156,45715,10962,47753,88703,5874,0,6100,20055,37434
2018-11-13T00:00:00.000,090741,CANADIAN DOLLAR,121999,29050,37605,32934,25667,11919,10675,8581,5430,30299,33406
2018-11-13T00:00:00.000,092741,SWISS FRANC,77629,19600,25978,2069,15561,46732,2701,0,4270,7938,27829
2018-11-13T00:00:00.000,096742,BRITISH POUND,229052,38988,44534,44656,92513,102355,32369,1498,8066,24166,34181
2018-11-13T00:00:00.000,097741,JAPANESE YEN,231730,37033,103882,36012,59550,123409,4485,1175,5654,22320,46378
2018-11-13T00:00:00.000,098662,USD INDEX,58329,24547,7916,21516,305,366,42983,3586,2076,5630,2365
2018-11-13T00:00:00.000,099741,EURO FX,520240,41857,130776,296644,159348,38877,99121,18278,19042,79468,66837
2018-11-13T00:00:00.000,112741,NZ DOLLAR,50015,8566,25976,3239,6486,32025,5229,624,3638,2743,5868
2018-11-13T00:00:00.000,232741,AUSTRALIAN DOLLAR,146295,19347,41280,9924,43421,86673,9138,0,5913,21347,37539
2018-11-20T00:00:00.000,090741,CANADIAN DOLLAR,140651,30944,43077,29744,27047,22180,8680,9087,8166,30026,35011
2018-11-20T00:00:00.000,092741,SWISS FRANC,81100,20810,29580,1394,15797,47532,2607,541,4396,8299,26196
2018-11-20T00:00:00.000,096742,BRITISH POUND,227556,42791,39504,44656,90641,98856,33338,1637,10435,22138,36160
2018-11-20T00:00:00.000,097741,JAPANESE YEN,223144,32015,95076,33693,57601,116640,4843,2196,5599,22538,43963
2018-11-20T00:00:00.000,098662,USD INDEX,57264,23673,6001,20691,622,376,42983,2632,1625,5641,1782
2018-11-20T00:00:00.000,099741,EURO FX,535707,36514,136774,291421,160146,37248,91480,18325,18746,86638,63000
2018-11-20T00:00:00.000,112741,NZ DOLLAR,53661,9653,30398,6932,4931,30544,6117,976,3464,2874,6069
2018-11-20T00:00:00.000,232741,AUSTRALIAN DOLLAR,141872,18142,41199,12176,38460,79890,12750,139,7282,22436,33092
2018-11-27T00:00:00.000,090741,CANADIAN DOLLAR,145122,31744,44845,29077,28975,27006,6105,9435,10371,29620,36586
2018-11-27T00:00:00.000,092741,SWISS FRANC,78973,20254,30058,1295,15900,48549,1769,0,4463,7517,25425
2018-11-27T00:00:00.000,096742,BRITISH POUND,227895,42281,36369,44039,91750,98225,34372,1202,10263,24094,37087
2018-11-27T00:00:00.000,097741,JAPANESE YEN,231711,34552,103991,30544,55093,124453,4769,1762,5549,21537,43446
2018-11-27T00:00:00.000,098662,USD INDEX,57063,23590,6598,21235,694,306,42983,2813,1535,5544,1678
2018-11-27T00:00:00.000,099741,EURO FX,538454,26502,138103,291947,161608,37412,90395,20437,16420,91934,61706
2018-11-27T00:00:00.000,112741,NZ DOLLAR,54184,10835,32330,7528,4198,30355,6827,531,3162,2789,5521
2018-11-27T00:00:00.000,232741,AUSTRALIAN DOLLAR,136796,14166,34683,11625,36506,80380,14203,166,6866,21318,35397
2018-12-04T00:00:00.000,090741,CANADIAN DOLLAR,156750,27693,42593,29627,34812,33510,5433,9730,11353,30398,36767
2018-12-04T00:00:00.000,092741,SWISS FRANC,79008,20460,29052,1302,17141,48176,1739,0,4632,7499,24873
2018-12-04T00:00:00.000,096742,BRITISH POUND,235704,45698,43100,43770,91440,103462,31288,2554,10286,21761,41131
2018-12-04T00:00:00.000,097741,JAPANESE YEN,226835,34642,103943,29402,54559,115399,5733,2080,5884,26909,38313
2018-12-04T00:00:00.000,098662,USD INDEX,56729,21600,4835,22097,747,393,42503,3029,1847,4778,1965
2018-12-04T00:00:00.000,099741,EURO FX,545537,29362,131441,289315,167905,40564,90605,18974,17106,92256,63414
2018-12-04T00:00:00.000,112741,NZ DOLLAR,56348,10317,34553,9319,3413,29405,7505,966,2948,4011,5599
2018-12-04T00:00:00.000,232741,AUSTRALIAN DOLLAR,148755,19006,44389,13896,28974,76713,25216,5749,6709,22298,32374
2018-12-11T00:00:00.000,090741,CANADIAN DOLLAR,161530,29978,43163,29825,33615,35847,6529,10173,11870,28469,39115
2018-12-11T00:00:00.000,092741,SWISS FRANC,81518,19037,25685,1305,17488,45445,1592,0,5081,7890,23831
2018-12-11T00:00:00.000,096742,BRITISH POUND,255703,53926,45740,44308,94743,102073,30460,950,11144,22469,41639
2018-12-11T00:00:00.000,097741,JAPANESE YEN,213055,27667,90375,30758,46325,102609,5994,6099,6054,26888,45273
2018-12-11T00:00:00.000,098662,USD INDEX,64006,22812,6240,22527,993,484,42282,2804,1995,5813,2930
2018-12-11T00:00:00.000,099741,EURO FX,613745,31728,124184,291948,171007,38430,94974,17326,16805,110305,82767
2018-12-11T00:00:00.000,112741,NZ DOLLAR,62587,11320,27996,10547,3364,22099,8002,681,3424,4285,6146
2018-12-11T00:00:00.000,232741,AUSTRALIAN DOLLAR,148414,18170,31956,13960,33224,72278,23967,2100,7271,22169,32259
2018-12-18T00:00:00.000,090741,CANADIAN DOLLAR,191476,40140,45435,29105,38204,51699,3687,9435,12029,26887,57911
2018-12-18T00:00:00.000,092741,SWISS FRANC,70943,16050,23294,1198,17349,43745,2152,21,4033,7855,22041
2018-12-18T00:00:00.000,096742,BRITISH POUND,204948,31918,41037,44566,98672,97489,4038,0,11561,19524,38189
2018-12-18T00:00:00.000,097741,JAPANESE YEN,214868,27211,95318,36201,44895,104692,13867,7978,6574,21418,36846
2018-12-18T00:00:00.000,098662,USD INDEX,50790,18251,6413,22953,993,384,38639,3149,1769,4564,1487
2018-12-18T00:00:00.000,099741,EURO FX,505711,27921,112509,294314,182612,43212,98632,19205,15894,82376,57381
2018-12-18T00:00:00.000,112741,NZ DOLLAR,29675,11103,12608,10998,3252,1618,1347,431,4967,3435,5411
2018-12-18T00:00:00.000,232741,AUSTRALIAN DOLLAR,112262,21949,24088,14511,33119,44933,5715,3197,8534,20050,33184
2018-12-24T00:00:00.000,090741,CANADIAN DOLLAR,159195,25822,55213,30530,42530,53336,0,9394,12934,28141,36546
2018-12-24T00:00:00.000,092741,SWISS FRANC,70711,12781,22582,1921,17509,45282,2465,540,3937,8048,22079
2018-12-24T00:00:00.000,096742,BRITISH POUND,212023,37249,43447,43905,101044,98976,5593,91,10827,18563,37873
2018-12-24T00:00:00.000,097741,JAPANESE YEN,224458,31850,109199,45414,32356,94252,23097,10559,6226,24259,35456
2018-12-24T00:00:00.000,098662,USD INDEX,50245,20608,5621,20841,746,502,38639,2554,1665,4344,2178
2018-12-24T00:00:00.000,099741,EURO FX,508253,26688,115542,298447,178139,40110,108396,18118,15798,89872,55360
2018-12-24T00:00:00.000,112741,NZ DOLLAR,28524,12133,11930,7895,6246,3098,38,267,2792,3200,5587
2018-12-24T00:00:00.000,232741,AUSTRALIAN DOLLAR,117693,27214,26554,13774,39444,44078,4139,1184,4391,22885,34607
2018-12-31T00:00:00.000,090741,CANADIAN DOLLAR,170168,30673,62618,30182,45376,60277,0,9401,13598,28651,37592
2018-12-31T00:00:00.000,092741,SWISS FRANC,67730,11982,23573,1555,16232,45123,2045,0,3610,7239,20439
2018-12-31T00:00:00.000,096742,BRITISH POUND,212470,38668,48102,44357,98295,98244,4956,87,10993,17777,36787
2018-12-31T00:00:00.000,097741,JAPANESE YEN,216224,28394,101961,46941,27152,87795,30453,14015,5128,22364,34815
2018-12-31T00:00:00.000,098662,USD INDEX,52699,23966,7289,19507,1032,534,38639,2639,1651,4296,2331
2018-12-31T00:00:00.000,099741,EURO FX,505986,28805,112280,299788,176416,40539,110896,18625,16835,81845,53175
2018-12-31T00:00:00.000,112741,NZ DOLLAR,29640,13434,12217,7053,6549,4018,39,266,2740,2668,5894
2018-12-31T00:00:00.000,232741,AUSTRALIAN DOLLAR,122428,32170,28967,13617,38766,45324,4106,1141,3786,22173,38800
2019-01-08T00:00:00.000,090741,CANADIAN DOLLAR,167005,13012,64407,31236,41581,72445,0,10023,9516,28376,39588
2019-01-08T00:00:00.000,092741,SWISS FRANC,67100,11062,22466,1535,12744,44562,8059,0,1875,8337,20352
2019-01-08T00:00:00.000,096742,BRITISH POUND,210800,33019,48481,42676,93903,101626,9037,72,9924,20470,36518
2019-01-08T00:00:00.000,097741,JAPANESE YEN,230524,40632,87704,44855,20582,77114,70193,15945,2555,33096,30608
2019-01-08T00:00:00.000,098662,USD INDEX,60955,35451,13223,16789,1760,534,38639,2563,1802,3601,3514
2019-01-08T00:00:00.000,099741,EURO FX,514545,29570,111916,304853,167385,41149,128769,17378,17888,86833,53825
2019-01-08T00:00:00.000,112741,NZ DOLLAR,29804,10622,13793,7087,5713,6639,148,410,2189,2770,5685
2019-01-08T00:00:00.000,232741,AUSTRALIAN DOLLAR,127476,24362,35871,15963,34871,56286,6228,1955,4069,21074,38601
2019-01-15T00:00:00.000,090741,CANADIAN DOLLAR,155691,12072,59858,31422,39402,59868,2505,9622,5680,29376,34915
2019-01-15T00:00:00.000,092741,SWISS FRANC,62523,12231,15325,1267,12462,39666,13259,0,1477,7724,18365
2019-01-15T00:00:00.000,096742,BRITISH POUND,219326,32839,53208,46502,89880,100091,19512,8767,9755,20435,36279
2019-01-15T00:00:00.000,097741,JAPANESE YEN,229295,37230,69224,44815,16763,75869,91031,14629,2527,36173,29171
2019-01-15T00:00:00.000,098662,USD INDEX,61790,39036,14017,13353,2654,534,38650,3152,1020,3322,3056
2019-01-15T00:00:00.000,099741,EURO FX,525052,32090,111976,307519,161504,38775,139818,19936,17163,86060,53919
2019-01-15T00:00:00.000,112741,NZ DOLLAR,30350,10465,13981,6448,5969,7579,655,102,2214,3275,5050
2019-01-15T00:00:00.000,232741,AUSTRALIAN DOLLAR,125344,22343,40672,17932,31344,53299,6656,2927,2880,20436,35385
2019-01-22T00:00:00.000,090741,CANADIAN DOLLAR,151010,10125,57981,30408,38045,56864,2338,11220,3605,28699,35347
2019-01-22T00:00:00.000,092741,SWISS FRANC,63095,12569,13576,1258,15391,39318,10670,0,1498,8263,20273
2019-01-22T00:00:00.000,096742,BRITISH POUND,210645,31223,49869,47669,80604,85639,22456,10125,9225,23798,36300
2019-01-22T00:00:00.000,097741,JAPANESE YEN,212563,28994,49940,41915,16338,73839,95627,13965,2532,34136,28412
2019-01-22T00:00:00.000,098662,USD INDEX,59999,36805,13245,13694,2654,416,38164,3360,951,3606,2867
2019-01-22T00:00:00.000,099741,EURO FX,527176,27903,112808,310543,162743,39231,137923,18463,17537,90215,55344
2019-01-22T00:00:00.000,112741,NZ DOLLAR,33089,12064,14299,6441,7106,9421,642,0,3577,2987,5289
2019-01-22T00:00:00.000,232741,AUSTRALIAN DOLLAR,120516,19784,34425,16869,31127,51308,7638,2927,3988,21602,35312
2019-01-29T00:00:00.000,090741,CANADIAN DOLLAR,151146,9499,59083,29868,37246,57675,1662,12921,4267,27513,35218
2019-01-29T00:00:00.000,092741,SWISS FRANC,65004,13358,14876,1438,17357,39342,8995,0,1644,8661,19927
2019-01-29T00:00:00.000,096742,BRITISH POUND,206696,41300,48431,48092,69377,64086,30426,11373,8601,24497,32513
2019-01-29T00:00:00.000,097741,JAPANESE YEN,204816,28909,42997,38614,15996,72829,94347,13965,2231,29791,28537
2019-01-29T00:00:00.000,098662,USD INDEX,60968,37487,15157,14121,2734,366,37189,2879,830,3464,2407
2019-01-29T00:00:00.000,099741,EURO FX,527521,28376,112108,310178,159653,39153,137473,17808,17562,89495,58214
2019-01-29T00:00:00.000,112741,NZ DOLLAR,31684,10339,14161,7120,6013,8252,347,230,3930,3401,4891
2019-01-29T00:00:00.000,232741,AUSTRALIAN DOLLAR,121855,22331,34963,18898,33385,48573,8089,3935,3864,20080,33516
2019-02-05T00:00:00.000,090741,CANADIAN DOLLAR,141538,12605,59979,31684,28723,41055,4384,14143,862,26574,32113
2019-02-05T00:00:00.000,092741,SWISS FRANC,68402,16425,16638,1386,20506,40539,7596,0,919,8289,20980
2019-02-05T00:00:00.000,096742,BRITISH POUND,196616,33590,44609,51168,67529,62349,28086,10483,8695,24014,32685
2019-02-05T00:00:00.000,097741,JAPANESE YEN,192789,23184,25227,36295,20496,71877,92943,11564,2741,27546,29059
2019-02-05T00:00:00.000,098662,USD INDEX,57842,36250,13035,12275,2649,366,36814,2685,860,3865,2083
2019-02-05T00:00:00.000,099741,EURO FX,523868,30090,107043,312234,157738,34935,144723,18252,18672,89141,56476
2019-02-05T00:00:00.000,112741,NZ DOLLAR,34054,8488,14139,14067,7649,6101,3678,0,1794,3065,4461
2019-02-05T00:00:00.000,232741,AUSTRALIAN DOLLAR,120590,19489,34532,21296,30069,43290,12882,3894,4110,24603,30979
2019-02-12T00:00:00.000,090741,CANADIAN DOLLAR,141172,12153,52828,31083,35794,42123,6426,15556,0,25777,31644
2019-02-12T00:00:00.000,092741,SWISS FRANC,72014,17302,19278,1337,22540,42244,3003,0,919,8540,23683
2019-02-12T00:00:00.000,096742,BRITISH POUND,194998,30117,40223,48744,77583,69423,23018,11802,7574,23065,34753
2019-02-12T00:00:00.000,097741,JAPANESE YEN,185725,26572,25200,32976,26817,71303,81893,8540,2508,26801,29774
2019-02-12T00:00:00.000,098662,USD INDEX,56543,28136,11902,19168,2169,136,36804,3065,731,3532,2431
2019-02-12T00:00:00.000,099741,EURO FX,538627,37918,122159,307217,169887,44332,125261,21139,19683,89910,63526
2019-02-12T00:00:00.000,112741,NZ DOLLAR,35744,9112,13400,11684,11388,9397,1296,0,2144,3262,5227
2019-02-12T00:00:00.000,232741,AUSTRALIAN DOLLAR,127343,22334,28444,19745,37367,49006,11210,3894,5224,22356,35090
2019-02-19T00:00:00.000,090741,CANADIAN DOLLAR,142620,11627,51380,34981,38456,41708,8831,16424,728,26656,32001
2019-02-19T00:00:00.000,092741,SWISS FRANC,74612,16775,20320,1477,24872,45647,3122,438,919,8694,23798
2019-02-19T00:00:00.000,096742,BRITISH POUND,201904,32614,46495,47661,77468,73370,23173,11872,7505,23148,34024
2019-02-19T00:00:00.000,097741,JAPANESE YEN,184023,27541,28868,31927,35639,74298,68641,4902,2508,26141,29153
2019-02-19T00:00:00.000,098662,USD INDEX,59109,29325,14582,20651,2348,136,36747,2814,460,3692,2481
2019-02-19T00:00:00.000,099741,EURO FX,537396,31020,121662,305175,170423,46993,120039,19411,20095,92027,62407
2019-02-19T00:00:00.000,112741,NZ DOLLAR,36758,8657,14629,11686,9136,10327,2574,255,2468,3151,5269
2019-02-19T00:00:00.000,232741,AUSTRALIAN DOLLAR,129223,20341,29539,13400,36801,56391,9752,4431,5374,23936,37033
2019-02-26T00:00:00.000,090741,CANADIAN DOLLAR,147621,13384,57434,43138,32081,36086,13683,16613,739,25540,30824
2019-02-26T00:00:00.000,092741,SWISS FRANC,75277,16513,19695,1725,26684,46111,2628,438,919,8505,23366
2019-02-26T00:00:00.000,096742,BRITISH POUND,202065,39655,50545,50202,67322,58448,30839,11791,7708,28742,32424
2019-02-26T00:00:00.000,097741,JAPANESE YEN,186158,30119,32690,32777,40643,75228,60001,3688,2508,26264,32234
2019-02-26T00:00:00.000,098662,USD INDEX,64599,31641,15432,18894,2353,222,36734,2588,460,4099,2465
2019-02-26T00:00:00.000,099741,EURO FX,528376,30866,113046,296739,173758,48921,116287,19300,21349,90687,62073
2019-02-26T00:00:00.000,112741,NZ DOLLAR,35407,7569,13917,12043,8790,9582,2213,119,2508,3232,5117
2019-02-26T00:00:00.000,232741,AUSTRALIAN DOLLAR,130502,18403,31361,19002,37150,54269,10274,5404,3632,22376,37037
2019-03-05T00:00:00.000,090741,CANADIAN DOLLAR,146552,10118,52837,40525,34249,39318,10087,16068,728,27513,35641
2019-03-05T00:00:00.000,092741,SWISS FRANC,79621,19485,20415,1659,27537,47437,2475,438,919,8170,25843
2019-03-05T00:00:00.000,096742,BRITISH POUND,193497,32435,44357,54351,60456,51876,31052,11783,7610,26545,33515
2019-03-05T00:00:00.000,097741,JAPANESE YEN,207083,37332,41940,33413,57202,84404,49226,3083,2508,29019,36375
2019-03-05T00:00:00.000,098662,USD INDEX,54897,22629,6708,18839,2217,142,36709,2141,519,4523,2121
2019-03-05T00:00:00.000,099741,EURO FX,541753,44045,125120,294176,180693,53779,106320,18399,21776,92569,69059
2019-03-05T00:00:00.000,112741,NZ DOLLAR,39314,9219,14426,12268,11325,9903,1583,217,2084,2966,5155
2019-03-05T00:00:00.000,232741,AUSTRALIAN DOLLAR,141773,23882,33618,14827,45028,62429,10140,5345,2632,23238,38303
2019-03-12T00:00:00.000,090741,CANADIAN DOLLAR,159939,12666,53284,39925,39144,46035,7541,13560,737,33566,45046
2019-03-12T00:00:00.000,092741,SWISS FRANC,85572,18664,19501,2410,27025,46358,2163,440,919,9313,27577
2019-03-12T00:00:00.000,096742,BRITISH POUND,191938,28980,38615,50020,61436,53268,31611,12209,7374,26520,31961
2019-03-12T00:00:00.000,097741,JAPANESE YEN,196766,27602,35436,34121,58735,80910,45399,3951,2506,30670,35178
2019-03-12T00:00:00.000,098662,USD INDEX,60235,23809,9692,20523,1570,132,36986,2335,614,5144,3081
2019-03-12T00:00:00.000,099741,EURO FX,536724,35487,118661,290054,180396,53613,94320,17729,22257,90086,71335
2019-03-12T00:00:00.000,112741,NZ DOLLAR,42326,9583,11725,11425,12856,9713,1161,222,2646,3497,6052
2019-03-12T00:00:00.000,232741,AUSTRALIAN DOLLAR,163073,25331,36184,13625,49447,70704,10355,5354,3349,25789,41468
2019-03-19T00:00:00.000,090741,CANADIAN DOLLAR,167282,11604,61333,39276,33476,52261,4296,11344,1163,35013,49230
2019-03-19T00:00:00.000,092741,SWISS FRANC,75896,15457,19754,3370,27295,46903,2708,440,919,7786,23280
2019-03-19T00:00:00.000,096742,BRITISH POUND,140283,28346,25396,50963,54760,10466,12278,11509,7811,26393,27432
2019-03-19T00:00:00.000,097741,JAPANESE YEN,158074,26345,43563,35378,62093,57582,1395,3533,1456,21575,35906
2019-03-19T00:00:00.000,098662,USD INDEX,44215,17578,13789,19375,1570,272,25584,1909,345,3813,1659
2019-03-19T00:00:00.000,099741,EURO FX,483172,26752,113593,290890,172261,32568,77657,18177,22348,76424,58952
2019-03-19T00:00:00.000,112741,NZ DOLLAR,36146,6572,12383,12003,13096,11496,1352,138,2104,3416,4690
2019-03-19T00:00:00.000,232741,AUSTRALIAN DOLLAR,142382,23521,41608,13522,48216,66476,2553,5464,3380,26375,39601
2019-03-26T00:00:00.000,090741,CANADIAN DOLLAR,144311,13917,60123,42690,34226,38297,512,11208,1563,25871,35559
2019-03-26T00:00:00.000,092741,SWISS FRANC,72539,13875,19867,3007,25263,45027,2569,676,919,8918,22885
2019-03-26T00:00:00.000,096742,BRITISH POUND,142957,29951,25516,52624,58498,13536,9850,7665,8276,27129,28765
2019-03-26T00:00:00.000,097741,JAPANESE YEN,157145,25243,45442,33752,61032,56155,3611,4143,1537,24651,32322
2019-03-26T00:00:00.000,098662,USD INDEX,42802,16249,11596,18839,2650,192,25584,2291,274,3981,1448
2019-03-26T00:00:00.000,099741,EURO FX,486804,27064,115577,289890,169190,31375,79934,17752,20859,84813,65334
2019-03-26T00:00:00.000,112741,NZ DOLLAR,42640,8791,16690,15553,10129,11105,6812,349,2304,4260,4123
2019-03-26T00:00:00.000,232741,AUSTRALIAN DOLLAR,141322,23472,41744,15724,48167,68602,2620,5534,4251,21702,38252
2019-04-02T00:00:00.000,090741,CANADIAN DOLLAR,151140,17897,67225,41971,36036,40915,169,11000,1563,27158,33948
2019-04-02T00:00:00.000,092741,SWISS FRANC,73617,16427,20157,1466,24034,45507,2435,676,919,8121,24652
2019-04-02T00:00:00.000,096742,BRITISH POUND,147431,34003,27361,53343,62582,19087,5664,3433,10073,25361,29547
2019-04-02T00:00:00.000,097741,JAPANESE YEN,156838,22099,39940,36797,66828,58983,3157,3743,1522,24346,34521
2019-04-02T00:00:00.000,098662,USD INDEX,50702,19505,18341,22910,2650,442,25584,2322,706,3901,1799
2019-04-02T00:00:00.000,099741,EURO FX,497717,29983,133701,289108,181139,37759,66177,19022,18829,84436,60462
2019-04-02T00:00:00.000,112741,NZ DOLLAR,39164,8533,13743,13791,10711,11074,6118,177,1334,2992,4661
2019-04-02T00:00:00.000,232741,AUSTRALIAN DOLLAR,149828,29773,42424,14926,55458,66785,2988,5494,2240,25078,38946
2019-04-09T00:00:00.000,090741,CANADIAN DOLLAR,149544,18712,63173,39925,37227,36593,24,11082,2003,28845,32730
2019-04-09T00:00:00.000,092741,SWISS FRANC,74157,16922,21239,1989,24083,46141,2535,676,919,7342,24294
2019-04-09T00:00:00.000,096742,BRITISH POUND,142525,33966,21154,52252,60035,14968,10691,3578,10093,27449,30240
2019-04-09T00:00:00.000,097741,JAPANESE YEN,165736,21991,44988,36197,71990,64129,1595,3743,1478,27835,33844
2019-04-09T00:00:00.000,098662,USD INDEX,50845,19981,17798,22217,2564,567,25584,2294,902,3820,2031
2019-04-09T00:00:00.000,099741,EURO FX,494804,29006,132688,286960,170975,36587,73697,19184,19258,85770,60889
2019-04-09T00:00:00.000,112741,NZ DOLLAR,37599,9019,11919,11170,12948,11477,4202,155,785,2999,4966
2019-04-09T00:00:00.000,232741,AUSTRALIAN DOLLAR,146576,31233,44412,16215,53834,64619,3635,5964,1800,21879,36229
2019-04-16T00:00:00.000,090741,CANADIAN DOLLAR,145041,12502,56006,39544,40834,41674,0,11290,2011,27476,33635
2019-04-16T00:00:00.000,092741,SWISS FRANC,81940,15629,24823,2512,25707,54804,2578,676,919,7069,26663
2019-04-16T00:00:00.000,096742,BRITISH POUND,148202,38960,20549,56575,62914,11966,16645,2711,10090,28572,28586
2019-04-16T00:00:00.000,097741,JAPANESE YEN,200018,27337,66965,40153,80814,90447,2029,3743,1478,29787,40181
2019-04-16T00:00:00.000,098662,USD INDEX,49887,19685,16722,21311,2614,597,25684,2086,814,4078,1923
2019-04-16T00:00:00.000,099741,EURO FX,499280,33281,132662,291476,165477,35335,82776,17957,20671,83450,59913
2019-04-16T00:00:00.000,112741,NZ DOLLAR,37770,8449,10489,9965,15960,13689,2483,174,935,3175,5585
2019-04-16T00:00:00.000,232741,AUSTRALIAN DOLLAR,140674,32893,40927,16221,48059,58266,7358,6614,2060,19834,35424
2019-04-23T00:00:00.000,090741,CANADIAN DOLLAR,152998,16075,56478,40503,43818,43302,946,12138,2466,27877,36187
2019-04-23T00:00:00.000,092741,SWISS FRANC,94115,18817,31556,1794,29446,64528,2673,919,871,6953,28465
2019-04-23T00:00:00.000,096742,BRITISH POUND,157851,43259,21301,62040,73181,13604,9188,2711,10890,26867,33921
2019-04-23T00:00:00.000,097741,JAPANESE YEN,207316,24871,66543,39774,85808,97553,1854,3953,1867,31119,41198
2019-04-23T00:00:00.000,098662,USD INDEX,56644,24257,23398,22805,2664,597,25624,2093,891,4774,1949
2019-04-23T00:00:00.000,099741,EURO FX,507722,35713,139533,293134,170852,37322,74854,18494,18890,83938,64472
2019-04-23T00:00:00.000,112741,NZ DOLLAR,45134,16335,14461,6764,19524,17003,2193,323,739,2604,6112
2019-04-23T00:00:00.000,232741,AUSTRALIAN DOLLAR,142394,34628,37839,13828,49629,59000,4110,6354,4660,21107,38679
2019-04-30T00:00:00.000,090741,CANADIAN DOLLAR,154565,12419,51003,38536,47729,47585,226,12241,2507,27864,37180
2019-04-30T00:00:00.000,092741,SWISS FRANC,102722,22986,37267,1698,31122,67968,2729,919,871,8574,30156
2019-04-30T00:00:00.000,096742,BRITISH POUND,161764,37662,21560,63527,79848,24734,7151,825,10090,25189,33288
2019-04-30T00:00:00.000,097741,JAPANESE YEN,203323,22102,62201,33511,88988,104517,1591,3199,1539,30617,39627
2019-04-30T00:00:00.000,098662,USD INDEX,58985,25689,24738,23907,2534,487,26476,1742,1283,5191,1985
2019-04-30T00:00:00.000,099741,EURO FX,517935,35648,145173,298222,172776,35660,73113,16880,18272,86293,63369
2019-04-30T00:00:00.000,112741,NZ DOLLAR,49266,16692,16046,3160,22812,24272,1057,285,741,2298,6051
2019-04-30T00:00:00.000,232741,AUSTRALIAN DOLLAR,159857,33661,41082,15937,60398,74967,2994,4893,4692,22325,42617
2019-05-07T00:00:00.000,090741,CANADIAN DOLLAR,151258,12932,49545,37498,48396,43786,0,12488,1980,28756,35539
2019-05-07T00:00:00.000,092741,SWISS FRANC,101595,21385,36431,1698,32441,68337,2875,919,858,8662,28396
2019-05-07T00:00:00.000,096742,BRITISH POUND,154991,31967,23785,63609,73708,23103,7020,517,7789,24466,31360
2019-05-07T00:00:00.000,097741,JAPANESE YEN,201462,26328,64067,34018,82675,98558,1688,3255,1896,27905,39738
2019-05-07T00:00:00.000,098662,USD INDEX,54810,22733,20996,22070,2534,422,26476,2422,1046,5235,1830
2019-05-07T00:00:00.000,099741,EURO FX,516282,32252,146844,299854,164500,38508,78754,16809,18686,84379,63018
2019-05-07T00:00:00.000,112741,NZ DOLLAR,48392,14594,14612,3601,23136,24548,1177,158,610,2844,6210
2019-05-07T00:00:00.000,232741,AUSTRALIAN DOLLAR,162579,33352,41721,15481,59840,75900,3494,4748,4692,23841,43575
2019-05-14T00:00:00.000,090741,CANADIAN DOLLAR,148058,13347,48248,36161,47505,42642,1042,12426,1963,28311,34129
2019-05-14T00:00:00.000,092741,SWISS FRANC,93782,16506,31598,1560,32043,65664,2829,919,858,8540,25861
2019-05-14T00:00:00.000,096742,BRITISH POUND,156893,37005,23467,60132,78114,24830,4347,0,7374,23543,32208
2019-05-14T00:00:00.000,097741,JAPANESE YEN,180573,37735,60994,34122,61029,63039,7220,4019,1456,27217,35433
2019-05-14T00:00:00.000,098662,USD INDEX,48083,19944,14519,18783,2605,487,26476,1987,1013,4907,1495
2019-05-14T00:00:00.000,099741,EURO FX,504460,30438,142131,295911,156229,35439,83982,16516,15479,81979,62462
2019-05-14T00:00:00.000,112741,NZ DOLLAR,50262,16203,15131,4098,24498,24230,1300,332,710,2737,5961
2019-05-14T00:00:00.000,232741,AUSTRALIAN DOLLAR,165582,30913,43988,16512,60946,77240,3494,1700,5076,29397,42258
2019-05-21T00:00:00.000,090741,CANADIAN DOLLAR,140682,11027,44659,27692,43527,42996,1549,12932,2033,31360,34239
2019-05-21T00:00:00.000,092741,SWISS FRANC,88283,15124,26944,985,30291,62005,2588,919,1501,8672,26381
2019-05-21T00:00:00.000,096742,BRITISH POUND,190191,33229,34367,58304,95299,59528,3816,0,7134,24989,35434
2019-05-21T00:00:00.000,097741,JAPANESE YEN,170834,33326,50259,31741,58030,62641,12172,4520,2342,25248,34673
2019-05-21T00:00:00.000,098662,USD INDEX,51830,20850,18089,21087,2605,347,26476,2053,798,5497,1866
2019-05-21T00:00:00.000,099741,EURO FX,516122,35410,142820,300566,163388,35156,87482,16855,17196,84105,61206
2019-05-21T00:00:00.000,112741,NZ DOLLAR,58548,22539,18592,3513,25869,26510,1426,412,3365,2922,6644
2019-05-21T00:00:00.000,232741,AUSTRALIAN DOLLAR,183247,40382,50633,17954,69029,81787,4913,3102,5592,31024,44082
2019-05-28T00:00:00.000,090741,CANADIAN DOLLAR,140449,11342,46155,28039,41509,43347,1336,13176,2017,29705,34592
2019-05-28T00:00:00.000,092741,SWISS FRANC,85660,14612,25281,985,28075,59713,2412,919,1516,8459,27404
2019-05-28T00:00:00.000,096742,BRITISH POUND,213930,41085,41168,54836,107327,79440,3343,0,7134,23444,39833
2019-05-28T00:00:00.000,097741,JAPANESE YEN,169790,31387,47973,30631,55270,58792,17055,6140,2612,28541,32581
2019-05-28T00:00:00.000,098662,USD INDEX,50088,19239,16199,21135,2605,302,26476,1982,898,5125,1605
2019-05-28T00:00:00.000,099741,EURO FX,536798,36534,140497,296488,165340,35669,89806,16479,17540,86718,58705
2019-05-28T00:00:00.000,112741,NZ DOLLAR,61961,19572,18850,3745,29447,32797,1228,663,3664,2842,6430
2019-05-28T00:00:00.000,232741,AUSTRALIAN DOLLAR,179990,38579,48822,16677,71235,82792,4550,3204,2452,28783,42976
2019-06-04T00:00:00.000,090741,CANADIAN DOLLAR,151970,13174,52931,28867,39214,40441,1501,14706,1942,30008,31608
2019-06-04T00:00:00.000,092741,SWISS FRANC,82843,14301,27669,1404,23966,54347,3769,919,1482,10110,24195
2019-06-04T00:00:00.000,096742,BRITISH POUND,220728,34822,39698,52351,112764,91201,3359,0,6814,23773,39512
2019-06-04T00:00:00.000,097741,JAPANESE YEN,167810,32818,41800,36529,51168,43400,23360,6507,2773,30525,30678
2019-06-04T00:00:00.000,098662,USD INDEX,46897,16481,12012,21261,2805,508,26476,1875,1590,4949,2191
2019-06-04T00:00:00.000,099741,EURO FX,517428,42983,134965,295762,163488,31491,101255,17506,15029,84927,57932
2019-06-04T00:00:00.000,112741,NZ DOLLAR,68760,17825,18149,3715,32371,36149,1081,623,3683,2886,5914
2019-06-04T00:00:00.000,232741,AUSTRALIAN DOLLAR,170251,39379,44954,14828,65833,76431,4931,2764,2583,26588,41689
2019-06-11T00:00:00.000,090741,CANADIAN DOLLAR,159212,18637,58896,32944,31480,28097,12661,19621,2431,33318,27149
2019-06-11T00:00:00.000,092741,SWISS FRANC,72177,14256,23045,1533,15586,40196,3230,931,1488,8908,22475
2019-06-11T00:00:00.000,096742,BRITISH POUND,221181,26505,32936,52772,102493,83318,5250,140,6814,24136,39378
2019-06-11T00:00:00.000,097741,JAPANESE YEN,169387,26407,42005,35772,43502,38619,19295,6397,1988,29772,30177
2019-06-11T00:00:00.000,098662,USD INDEX,49167,21516,11000,15175,2990,568,26437,1796,1270,6064,3422
2019-06-11T00:00:00.000,099741,EURO FX,542810,31166,134565,297222,148904,35062,112458,19996,12165,89138,64492
2019-06-11T00:00:00.000,112741,NZ DOLLAR,62497,14980,16377,3147,29176,34828,3137,2604,3858,3367,6378
2019-06-11T00:00:00.000,232741,AUSTRALIAN DOLLAR,198112,35562,46161,14103,58314,68562,4818,4923,2787,30065,41135
2019-06-18T00:00:00.000,090741,CANADIAN DOLLAR,160795,17013,50369,29275,30618,5887,23113,19099,2445,62922,27651
2019-06-18T00:00:00.000,092741,SWISS FRANC,58961,15303,14751,2445,18257,30498,1333,931,1482,7995,21349
2019-06-18T00:00:00.000,096742,BRITISH POUND,210421,30524,39404,54233,106245,86449,3693,640,7340,22981,38145
2019-06-18T00:00:00.000,097741,JAPANESE YEN,123629,35055,25787,36513,38905,4226,14594,6403,1988,28298,29221
2019-06-18T00:00:00.000,098662,USD INDEX,47012,19933,12044,18865,2912,428,27752,1811,645,4001,1685
2019-06-18T00:00:00.000,099741,EURO FX,503825,35140,123984,291949,152022,33650,122836,24130,11218,82081,56890
2019-06-18T00:00:00.000,112741,NZ DOLLAR,64240,14627,16949,3077,33417,40017,1032,1548,4076,2725,6520
2019-06-18T00:00:00.000,232741,AUSTRALIAN DOLLAR,178401,50062,56901,13591,63982,76023,4639,2462,1700,27781,42697
2019-06-25T00:00:00.000,090741,CANADIAN DOLLAR,137543,21037,36983,32644,19577,12205,38470,18902,1981,36821,24598
2019-06-25T00:00:00.000,092741,SWISS FRANC,55740,16022,17609,2399,13532,24170,2637,931,818,10478,19404
2019-06-25T00:00:00.000,096742,BRITISH POUND,207543,28945,39870,58383,109582,81758,3798,20,7362,25743,34237
2019-06-25T00:00:00.000,097741,JAPANESE YEN,139439,35773,21973,42467,34241,4215,34715,4869,2761,33463,27097
2019-06-25T00:00:00.000,098662,USD INDEX,45093,22750,8213,13347,3752,758,25605,1217,1721,3921,2702
2019-06-25T00:00:00.000,099741,EURO FX,521907,37864,130813,304947,141172,32056,139701,16650,12517,87434,54748
2019-06-25T00:00:00.000,112741,NZ DOLLAR,61828,11187,15015,3115,35374,41213,1049,1464,1014,2342,6869
2019-06-25T00:00:00.000,232741,AUSTRALIAN DOLLAR,164741,38720,53344,14254,56625,76404,6180,0,1750,27252,38731
2019-07-02T00:00:00.000,090741,CANADIAN DOLLAR,157998,30483,35936,45750,8110,11554,66825,17122,7518,37592,24112
2019-07-02T00:00:00.000,092741,SWISS FRANC,50766,14757,12251,1592,11531,21295,4072,931,818,10053,19956
2019-07-02T00:00:00.000,096742,BRITISH POUND,224591,23671,49363,59197,112361,100165,3996,3730,7354,23372,37061
2019-07-02T00:00:00.000,097741,JAPANESE YEN,139355,38586,20940,42870,31461,4535,36923,6061,5282,30970,28416
2019-07-02T00:00:00.000,098662,USD INDEX,42805,23119,8194,12654,3865,428,25525,724,637,3260,1964
2019-07-02T00:00:00.000,099741,EURO FX,520970,36190,122545,308798,143058,33935,143117,17181,11801,84402,59985
2019-07-02T00:00:00.000,112741,NZ DOLLAR,55017,5903,16097,2589,27803,39603,1343,1396,1440,2925,5733
2019-07-02T00:00:00.000,232741,AUSTRALIAN DOLLAR,162186,36130,53810,19372,44447,69750,8472,0,8878,25990,35635
2019-07-09T00:00:00.000,090741,CANADIAN DOLLAR,164842,31548,34814,46088,7922,13325,78173,20735,7134,39422,23075
2019-07-09T00:00:00.000,092741,SWISS FRANC,51844,16314,11287,1452,13702,20940,4085,931,818,10084,19829
2019-07-09T00:00:00.000,096742,BRITISH POUND,247048,27789,60388,54723,116894,123981,5322,5453,7505,21707,43544
2019-07-09T00:00:00.000,097741,JAPANESE YEN,135737,38861,18398,41245,35158,8979,37239,6061,3518,26619,27452
2019-07-09T00:00:00.000,098662,USD INDEX,41935,16792,7961,18567,3426,428,25785,1246,525,2882,2218
2019-07-09T00:00:00.000,099741,EURO FX,521379,31821,123452,307059,155404,36339,136361,19547,9450,85354,55453
2019-07-09T00:00:00.000,112741,NZ DOLLAR,54222,5336,15900,2525,25161,39486,2569,1359,1464,2688,6300
2019-07-09T00:00:00.000,232741,AUSTRALIAN DOLLAR,158794,36448,47803,15837,43753,65971,10782,2938,8247,28426,39035
2019-07-16T00:00:00.000,090741,CANADIAN DOLLAR,182946,39092,35500,57664,9406,11966,95015,17592,7653,42821,21561
2019-07-16T00:00:00.000,092741,SWISS FRANC,52203,15586,11353,984,13080,23273,4866,931,818,9512,20169
2019-07-16T00:00:00.000,096742,BRITISH POUND,253464,27474,59336,54088,123450,128705,4208,4065,7351,24303,44290
2019-07-16T00:00:00.000,097741,JAPANESE YEN,130304,35550,19319,40917,34417,6367,32961,6730,4607,26557,24817
2019-07-16T00:00:00.000,098662,USD INDEX,42480,16394,7733,18795,3693,673,26061,1412,466,3021,2342
2019-07-16T00:00:00.000,099741,EURO FX,535848,37455,126557,310748,161311,36780,138651,24974,10636,86039,58841
2019-07-16T00:00:00.000,112741,NZ DOLLAR,50025,5532,18343,3251,17066,34367,4525,1244,1887,3081,5654
2019-07-16T00:00:00.000,232741,AUSTRALIAN DOLLAR,157734,36373,52631,16731,41202,66139,16347,2938,5058,27031,33974
2019-07-23T00:00:00.000,090741,CANADIAN DOLLAR,187397,43692,36837,61004,8300,10366,101489,18188,2513,38895,23006
2019-07-23T00:00:00.000,092741,SWISS FRANC,53369,16480,13336,1537,13941,22401,3991,931,818,10460,19723
2019-07-23T00:00:00.000,096742,BRITISH POUND,248063,27843,55974,52167,118883,129059,4185,450,7249,23645,46873
2019-07-23T00:00:00.000,097741,JAPANESE YEN,136245,38732,20904,43346,35934,4293,35938,6569,3503,28039,24700
2019-07-23T00:00:00.000,098662,USD INDEX,48047,20773,13088,20288,3396,673,26297,1318,577,2844,2538
2019-07-23T00:00:00.000,099741,EURO FX,541102,37526,133778,314173,166611,39821,126163,20888,9963,88110,64003
2019-07-23T00:00:00.000,112741,NZ DOLLAR,54066,6296,20126,9407,13417,32611,10604,469,1230,3036,6442
2019-07-23T00:00:00.000,232741,AUSTRALIAN DOLLAR,150525,32521,50368,14578,36744,66275,18561,0,2392,28146,33455
2019-07-30T00:00:00.000,090741,CANADIAN DOLLAR,182478,45699,36065,56273,10445,10468,95685,17778,4624,37850,21249
2019-07-30T00:00:00.000,092741,SWISS FRANC,57805,20382,15535,1457,18529,24323,2138,1011,818,8402,18555
2019-07-30T00:00:00.000,096742,BRITISH POUND,275984,35092,67804,51919,134134,144415,4602,1983,7957,25778,44690
2019-07-30T00:00:00.000,097741,JAPANESE YEN,138842,39797,14770,42074,45274,4465,34796,8544,1900,28513,26653
2019-07-30T00:00:00.000,098662,USD INDEX,55829,23740,19594,24505,3137,673,27522,1242,873,3436,2470
2019-07-30T00:00:00.000,099741,EURO FX,563024,38230,141494,329299,181779,43359,121181,20796,10243,87184,64171
2019-07-30T00:00:00.000,112741,NZ DOLLAR,53172,6478,17270,8462,15209,32391,10258,431,2114,2647,5558
2019-07-30T00:00:00.000,232741,AUSTRALIAN DOLLAR,162988,37310,47547,13982,53351,71191,13211,200,1800,30530,37304
2019-08-06T00:00:00.000,090741,CANADIAN DOLLAR,172657,46960,29496,52668,13605,12216,83970,11674,3976,33530,26001
2019-08-06T00:00:00.000,092741,SWISS FRANC,56716,16726,16235,2446,14693,24026,3330,931,838,11176,20209
2019-08-06T00:00:00.000,096742,BRITISH POUND,296904,35450,78201,43420,142578,168998,4064,1128,7955,27626,43824
2019-08-06T00:00:00.000,097741,JAPANESE YEN,153338,44894,22593,46261,36356,3943,48470,6440,2205,34256,26170
2019-08-06T00:00:00.000,098662,USD INDEX,55694,21874,17849,26520,3277,693,29257,1161,928,3057,1994
2019-08-06T00:00:00.000,099741,EURO FX,545453,42290,127634,311225,189217,47944,113552,18824,10625,82691,61946
2019-08-06T00:00:00.000,112741,NZ DOLLAR,57131,8400,18077,9179,18718,32578,8828,628,2226,2952,5888
2019-08-06T00:00:00.000,232741,AUSTRALIAN DOLLAR,178023,41094,56410,13613,58698,81770,12150,700,1800,32385,40504
2019-08-13T00:00:00.000,090741,CANADIAN DOLLAR,160861,38280,26006,45576,13641,14899,77598,11493,3976,34392,23419
2019-08-13T00:00:00.000,092741,SWISS FRANC,54267,15867,13276,2756,12111,22327,7757,971,818,11248,19207
2019-08-13T00:00:00.000,096742,BRITISH POUND,273931,24160,66197,43746,130519,159601,5530,1795,10630,27830,44256
2019-08-13T00:00:00.000,097741,JAPANESE YEN,160271,48601,22550,45795,30627,5259,58656,8183,805,31705,26905
2019-08-13T00:00:00.000,098662,USD INDEX,55000,21907,18183,25007,2318,603,29257,1189,743,3459,1664
2019-08-13T00:00:00.000,099741,EURO FX,550607,28720,137251,337807,165411,38480,131449,19174,9613,82842,63299
2019-08-13T00:00:00.000,112741,NZ DOLLAR,59895,16864,19350,3174,23688,33249,5071,1255,2615,2659,6477
2019-08-13T00:00:00.000,232741,AUSTRALIAN DOLLAR,175597,34400,59802,13458,56714,88556,7457,0,1800,30329,40970
2019-08-20T00:00:00.000,090741,CANADIAN DOLLAR,155837,35692,22275,41338,17314,17196,69551,11614,3976,33394,26118
2019-08-20T00:00:00.000,092741,SWISS FRANC,54941,15858,12721,4419,10806,21946,10116,1006,818,10376,19144
2019-08-20T00:00:00.000,096742,BRITISH POUND,273481,26384,63223,43088,128362,160249,5122,284,10205,25419,48512
2019-08-20T00:00:00.000,097741,JAPANESE YEN,154662,48307,11635,43400,32531,3689,67471,10218,805,33935,27107
2019-08-20T00:00:00.000,098662,USD INDEX,56089,20945,19555,26627,2323,603,29364,1726,772,3981,1868
2019-08-20T00:00:00.000,099741,EURO FX,542806,30643,126115,331434,169715,38169,134916,19438,10708,83078,61308
2019-08-20T00:00:00.000,112741,NZ DOLLAR,62760,17716,21453,2832,27607,35556,1597,1177,2859,2673,6438
2019-08-20T00:00:00.000,232741,AUSTRALIAN DOLLAR,169175,30312,56509,13410,54867,88315,7066,0,2479,28865,39981
2019-08-27T00:00:00.000,090741,CANADIAN DOLLAR,158921,36838,24294,41233,20796,20281,69149,11354,3976,35008,26499
2019-08-27T00:00:00.000,092741,SWISS FRANC,55251,16754,11008,3551,12800,22089,8108,1000,818,9716,20376
2019-08-27T00:00:00.000,096742,BRITISH POUND,273650,26517,65862,44107,124123,162435,5892,0,10330,22111,48963
2019-08-27T00:00:00.000,097741,JAPANESE YEN,157862,55137,17197,42679,34296,3689,62391,8113,1744,34026,28016
2019-08-27T00:00:00.000,098662,USD INDEX,55277,19702,17997,27159,2373,893,29790,1430,837,3722,1909
2019-08-27T00:00:00.000,099741,EURO FX,525065,33930,121825,307404,167978,41098,123741,19021,10656,83434,60687
2019-08-27T00:00:00.000,112741,NZ DOLLAR,64672,16969,25657,3349,28509,37326,0,994,2792,4454,6134
2019-08-27T00:00:00.000,232741,AUSTRALIAN DOLLAR,165752,30162,54343,13556,56038,86723,5809,0,1940,29802,42113
2019-09-03T00:00:00.000,090741,CANADIAN DOLLAR,167396,42276,25652,39368,26238,23883,65513,10630,3976,34119,28897
2019-09-03T00:00:00.000,092741,SWISS FRANC,60867,19617,11277,2531,16321,24462,7105,931,1318,10080,21600
2019-09-03T00:00:00.000,096742,BRITISH POUND,272396,27050,63914,43904,125297,156277,5018,515,10159,25125,48483
2019-09-03T00:00:00.000,097741,JAPANESE YEN,157788,51589,20379,41960,34229,3632,61177,8113,805,38021,26725
2019-09-03T00:00:00.000,098662,USD INDEX,62314,24203,23433,27920,2113,903,30292,2376,1129,4128,2563
2019-09-03T00:00:00.000,099741,EURO FX,546954,48225,138243,300518,174966,50038,116421,19455,10277,83390,61719
2019-09-03T00:00:00.000,112741,NZ DOLLAR,67827,18371,27831,3209,31424,40187,0,1188,2448,3000,4252
2019-09-03T00:00:00.000,232741,AUSTRALIAN DOLLAR,174021,31266,58475,14196,55268,86671,7810,0,1940,30313,38953
2019-09-10T00:00:00.000,090741,CANADIAN DOLLAR,183058,39549,30440,47889,19129,15603,73732,9892,3976,36192,21848
2019-09-10T00:00:00.000,092741,SWISS FRANC,64165,18867,9092,1917,15998,23965,6496,931,1590,10031,22535
2019-09-10T00:00:00.000,096742,BRITISH POUND,283161,25852,77024,44334,114738,154557,4203,0,9587,24936,44127
2019-09-10T00:00:00.000,097741,JAPANESE YEN,151397,51317,13034,37794,38263,4998,54274,5660,808,32721,26111
2019-09-10T00:00:00.000,098662,USD INDEX,64908,19721,18169,27496,2164,853,31486,2387,841,6904,4701
2019-09-10T00:00:00.000,099741,EURO FX,585117,36765,133494,294520,167404,50879,106109,20851,12890,79880,62998
2019-09-10T00:00:00.000,112741,NZ DOLLAR,73148,21281,27285,3180,31932,39546,0,862,2402,2380,5630
2019-09-10T00:00:00.000,232741,AUSTRALIAN DOLLAR,182355,33252,63284,14272,46961,84710,12304,0,2140,30160,37705
2019-09-17T00:00:00.000,090741,CANADIAN DOLLAR,187795,49801,27242,41689,17797,12312,76821,14153,4016,34891,26970
2019-09-17T00:00:00.000,092741,SWISS FRANC,52487,20498,8879,1349,18819,19026,1404,968,1510,9134,20363
2019-09-17T00:00:00.000,096742,BRITISH POUND,230609,22683,52422,42760,114464,131082,2998,0,9641,22630,39630
2019-09-17T00:00:00.000,097741,JAPANESE YEN,130940,45956,8214,30716,47281,8588,39709,4021,808,28820,22089
2019-09-17T00:00:00.000,098662,USD INDEX,55837,19960,8074,27209,2018,813,41794,2594,882,3804,1612
2019-09-17T00:00:00.000,099741,EURO FX,503272,30517,137178,289150,167451,41963,92881,27233,14406,76678,53625
2019-09-17T00:00:00.000,112741,NZ DOLLAR,68408,15920,28808,2447,29866,45139,12,1225,2682,2594,5957
2019-09-17T00:00:00.000,232741,AUSTRALIAN DOLLAR,138052,30279,48722,13310,44112,63883,3057,0,3170,25705,34116
2019-09-24T00:00:00.000,090741,CANADIAN DOLLAR,123017,29221,32266,38439,20156,3123,36115,13973,2071,31507,25655
2019-09-24T00:00:00.000,092741,SWISS FRANC,56934,19829,11699,1357,21535,24837,1277,968,1560,8810,19730
2019-09-24T00:00:00.000,096742,BRITISH POUND,236081,27143,59002,42472,107295,132066,7901,0,9671,21685,39497
2019-09-24T00:00:00.000,097741,JAPANESE YEN,142026,45128,13946,31259,47731,14841,38547,3183,808,29759,23138
2019-09-24T00:00:00.000,098662,USD INDEX,57183,19536,8750,28477,2068,658,41794,2459,1045,3953,1426
2019-09-24T00:00:00.000,099741,EURO FX,502612,29730,121019,290799,169341,38660,96892,22554,16253,79641,57879
2019-09-24T00:00:00.000,112741,NZ DOLLAR,75074,19142,31110,2829,34568,47327,3,1726,2706,3076,5713
2019-09-24T00:00:00.000,232741,AUSTRALIAN DOLLAR,160872,40246,55440,13532,59345,74262,2900,994,2735,26457,35071
2019-10-01T00:00:00.000,090741,CANADIAN DOLLAR,130937,32474,35667,39645,18654,5131,41933,13946,2071,32470,25341
2019-10-01T00:00:00.000,092741,SWISS FRANC,65484,23390,13789,1098,24359,30024,1383,1843,1560,7378,22642
2019-10-01T00:00:00.000,096742,BRITISH POUND,238392,30165,49388,42319,120138,131115,7273,525,9521,22937,40741
2019-10-01T00:00:00.000,097741,JAPANESE YEN,151860,51886,28339,30655,46484,17567,37150,5957,808,31120,24404
2019-10-01T00:00:00.000,098662,USD INDEX,59045,20690,10506,29538,1828,688,42002,2576,1022,3904,2038
2019-10-01T00:00:00.000,099741,EURO FX,511934,44921,134406,287328,182172,36143,88334,22766,11550,82019,56715
2019-10-01T00:00:00.000,112741,NZ DOLLAR,75163,18275,31486,3522,33814,47950,7,973,2729,3169,5853
2019-10-01T00:00:00.000,232741,AUSTRALIAN DOLLAR,171940,44399,55129,11809,66628,80288,2900,200,2702,29499,38836
2019-10-08T00:00:00.000,090741,CANADIAN DOLLAR,136105,36925,35218,38623,26438,6382,32444,14129,2528,31010,30441
2019-10-08T00:00:00.000,092741,SWISS FRANC,64837,20533,14794,1162,21918,30544,1708,1858,1492,8872,23057
2019-10-08T00:00:00.000,096742,BRITISH POUND,246896,32709,50258,43289,119022,136393,14616,2171,9181,21576,43061
2019-10-08T00:00:00.000,097741,JAPANESE YEN,150019,48832,35165,30790,35633,22659,38945,3892,808,28987,24609
2019-10-08T00:00:00.000,098662,USD INDEX,58016,20198,9868,29144,1945,848,41999,2507,995,3897,1787
2019-10-08T00:00:00.000,099741,EURO FX,514638,38991,141981,294473,172706,41243,90402,22494,12934,79487,58665
2019-10-08T00:00:00.000,112741,NZ DOLLAR,73793,16067,31029,3580,31996,48243,33,1228,2855,2728,5933
2019-10-08T00:00:00.000,232741,AUSTRALIAN DOLLAR,168839,39245,54689,14226,64261,79963,3204,400,2780,29599,38499
2019-10-15T00:00:00.000,090741,CANADIAN DOLLAR,149079,41189,39508,43536,24599,6478,48380,14047,2527,34380,24616
2019-10-15T00:00:00.000,092741,SWISS FRANC,64763,19097,13943,1242,23025,32972,1693,1448,1532,8706,23272
2019-10-15T00:00:00.000,096742,BRITISH POUND,243309,29860,57537,44551,102267,129273,25830,3486,10112,23830,35254
2019-10-15T00:00:00.000,097741,JAPANESE YEN,157707,44319,41871,27999,38056,43559,33760,1749,808,27228,30359
2019-10-15T00:00:00.000,098662,USD INDEX,54820,19190,5361,25706,2309,1058,42029,2119,773,3934,1535
2019-10-15T00:00:00.000,099741,EURO FX,517182,33138,134965,300558,168198,43522,103975,16223,12682,82037,55658
2019-10-15T00:00:00.000,112741,NZ DOLLAR,74796,16398,30877,3819,34039,49556,0,674,2734,3062,5859
2019-10-15T00:00:00.000,232741,AUSTRALIAN DOLLAR,163884,38828,48952,13872,67929,77631,3439,0,2778,28886,36119
2019-10-22T00:00:00.000,090741,CANADIAN DOLLAR,170305,43879,36317,54852,13929,6401,84540,18090,3663,37159,21932
2019-10-22T00:00:00.000,092741,SWISS FRANC,61619,18564,14840,846,21386,29949,1730,1448,1532,9660,20979
2019-10-22T00:00:00.000,096742,BRITISH POUND,230224,37632,63995,46171,78937,99997,31309,7219,10142,23983,30619
2019-10-22T00:00:00.000,097741,JAPANESE YEN,159250,40823,38686,25618,44491,52443,32505,1749,2540,27214,29625
2019-10-22T00:00:00.000,098662,USD INDEX,53860,27500,6735,16633,2772,1148,39412,1848,456,3798,1552
2019-10-22T00:00:00.000,099741,EURO FX,528545,38461,133011,309658,155408,38431,135994,21555,12732,82559,53519
2019-10-22T00:00:00.000,112741,NZ DOLLAR,73499,14341,31015,3741,32154,50617,45,567,2804,2722,5970
2019-10-22T00:00:00.000,232741,AUSTRALIAN DOLLAR,157200,35007,49828,11692,58038,74553,5625,1993,3146,28550,35158
2019-10-29T00:00:00.000,090741,CANADIAN DOLLAR,189971,53176,41394,65952,10293,5717,105571,15493,2942,40586,20724
2019-10-29T00:00:00.000,092741,SWISS FRANC,65712,19851,15701,846,22501,33341,1959,1448,1565,9532,23292
2019-10-29T00:00:00.000,096742,BRITISH POUND,214406,42235,54362,51137,73553,74780,33174,7229,9121,25534,30705
2019-10-29T00:00:00.000,097741,JAPANESE YEN,163486,38588,38010,25214,45995,58144,31951,1949,2540,27704,33103
2019-10-29T00:00:00.000,098662,USD INDEX,49700,26139,4257,14474,2930,1083,37375,1567,815,3700,1586
2019-10-29T00:00:00.000,099741,EURO FX,538847,40929,134425,320665,156342,36422,142746,20554,12578,82940,55419
2019-10-29T00:00:00.000,112741,NZ DOLLAR,72478,13831,30048,3741,32612,49959,21,655,2864,3157,5798
2019-10-29T00:00:00.000,232741,AUSTRALIAN DOLLAR,153444,32282,45942,10886,56154,69291,7282,5145,3154,30339,35411
2019-11-05T00:00:00.000,090741,CANADIAN DOLLAR,192882,59755,34840,65720,11539,4721,118025,17212,2079,39269,20194
2019-11-05T00:00:00.000,092741,SWISS FRANC,67855,19395,16993,846,23647,36276,1953,1518,1565,9275,23152
2019-11-05T00:00:00.000,096742,BRITISH POUND,206317,41860,53683,50870,67712,66300,32806,7229,9121,26424,29361
2019-11-05T00:00:00.000,097741,JAPANESE YEN,177106,42133,47724,27172,45830,66301,31100,1749,4611,26101,34191
2019-11-05T00:00:00.000,098662,USD INDEX,47015,25637,3227,12541,2903,998,35700,1675,773,3399,1647
2019-11-05T00:00:00.000,099741,EURO FX,563336,42111,143181,341086,155298,36535,153199,15835,12568,84450,55771
2019-11-05T00:00:00.000,112741,NZ DOLLAR,75326,13462,30928,4254,32636,50551,2136,2937,3024,3142,5622
2019-11-05T00:00:00.000,232741,AUSTRALIAN DOLLAR,161411,44459,46241,11800,48563,61694,14746,8032,9954,31177,37658
2019-11-12T00:00:00.000,090741,CANADIAN DOLLAR,182793,60488,30300,54015,13814,6029,107062,18267,2079,35479,21023
2019-11-12T00:00:00.000,092741,SWISS FRANC,68066,18195,15320,881,25173,38272,1534,968,1565,9196,23920
2019-11-12T00:00:00.000,096742,BRITISH POUND,209312,41851,51950,59018,67006,60559,38682,7973,9121,26120,28762
2019-11-12T00:00:00.000,097741,JAPANESE YEN,183480,36442,53074,32131,46883,70363,29344,1560,7074,29541,33662
2019-11-12T00:00:00.000,098662,USD INDEX,46188,24170,2878,13942,2803,668,35532,1745,710,3247,1849
2019-11-12T00:00:00.000,099741,EURO FX,569527,39577,137093,346877,169889,37325,156847,20093,11042,87906,56907
2019-11-12T00:00:00.000,112741,NZ DOLLAR,79394,16468,31564,3729,36181,52374,2336,2943,2776,3088,5745
2019-11-12T00:00:00.000,232741,AUSTRALIAN DOLLAR,160129,36494,43328,13495,58834,67119,10257,8595,9954,29923,33253
2019-11-19T00:00:00.000,090741,CANADIAN DOLLAR,172759,58736,32183,43133,18534,7011,86587,17718,2071,35583,22806
2019-11-19T00:00:00.000,092741,SWISS FRANC,68223,17062,14432,2005,27071,38543,1566,968,1565,9010,22954
2019-11-19T00:00:00.000,096742,BRITISH POUND,218042,40655,54334,62460,68989,60197,43814,9654,7589,31325,29565
2019-11-19T00:00:00.000,097741,JAPANESE YEN,182445,37284,51240,34405,50040,64271,28793,1560,6987,31322,31782
2019-11-19T00:00:00.000,098662,USD INDEX,45288,23541,3852,13477,2625,758,33477,1492,605,3303,2012
2019-11-19T00:00:00.000,099741,EURO FX,577689,43096,131953,346363,176896,42000,154759,14836,12981,87480,57186
2019-11-19T00:00:00.000,112741,NZ DOLLAR,73073,12174,29215,4062,32369,50103,2236,3017,2715,2762,5583
2019-11-19T00:00:00.000,232741,AUSTRALIAN DOLLAR,172425,41348,47412,13660,67028,78036,10068,6445,9760,28024,33245
2019-11-26T00:00:00.000,090741,CANADIAN DOLLAR,167350,56108,30995,39291,26781,8501,73452,17535,2079,35029,23157
2019-11-26T00:00:00.000,092741,SWISS FRANC,77318,19769,20532,1910,29800,43955,1581,968,1436,10093,23346
2019-11-26T00:00:00.000,096742,BRITISH POUND,223181,39454,54175,66542,73635,60554,39745,11500,7589,28997,31903
2019-11-26T00:00:00.000,097741,JAPANESE YEN,196894,40255,54702,36123,54325,73965,30340,2560,6424,28018,35130
2019-11-26T00:00:00.000,098662,USD INDEX,42191,20249,1914,13483,2704,708,32256,1474,648,3229,1621
2019-11-26T00:00:00.000,099741,EURO FX,578450,41461,138868,344342,178987,40926,149719,21636,10836,88634,58589
2019-11-26T00:00:00.000,112741,NZ DOLLAR,70840,10835,29151,4985,31014,49186,1168,1886,2969,2968,5558
2019-11-26T00:00:00.000,232741,AUSTRALIAN DOLLAR,184471,50206,50115,14498,75391,78319,10273,6520,10356,27701,31109
2019-12-03T00:00:00.000,090741,CANADIAN DOLLAR,184060,56744,30759,38086,32562,11092,65995,16708,2071,33194,24437
2019-12-03T00:00:00.000,092741,SWISS FRANC,79183,20151,20868,1310,30876,44976,1635,968,868,10688,23846
2019-12-03T00:00:00.000,096742,BRITISH POUND,236714,48919,52495,66747,78906,59739,48833,12670,7589,30583,30835
2019-12-03T00:00:00.000,097741,JAPANESE YEN,214223,41071,56685,38756,62280,71367,26917,3725,7507,32800,34330
2019-12-03T00:00:00.000,098662,USD INDEX,44997,21586,4257,14254,2677,888,32216,1905,542,2940,1881
2019-12-03T00:00:00.000,099741,EURO FX,590124,43557,137918,344451,181222,38562,150823,20236,10440,88568,54971
2019-12-03T00:00:00.000,112741,NZ DOLLAR,71895,12533,32007,8689,24962,43196,3890,1700,3188,3386,5457
2019-12-03T00:00:00.000,232741,AUSTRALIAN DOLLAR,185828,53792,49844,13200,74879,73965,10972,6645,9762,29523,31668
2019-12-10T00:00:00.000,090741,CANADIAN DOLLAR,169219,47733,25329,38507,28942,9867,66012,15448,2383,36323,25212
2019-12-10T00:00:00.000,092741,SWISS FRANC,75650,15047,13920,1300,30195,40256,1603,1168,2046,11096,21103
2019-12-10T00:00:00.000,096742,BRITISH POUND,256553,45018,53333,74924,72951,57463,60958,11793,8141,34206,28021
2019-12-10T00:00:00.000,097741,JAPANESE YEN,198700,35785,46734,42511,55455,67095,28791,2645,9107,27614,35563
2019-12-10T00:00:00.000,098662,USD INDEX,47127,25456,5212,11187,2882,828,32175,1772,557,4529,2946
2019-12-10T00:00:00.000,099741,EURO FX,646417,45034,146272,342508,170315,32123,144361,20482,8673,95841,66367
2019-12-10T00:00:00.000,112741,NZ DOLLAR,75194,10981,32274,8279,19884,40012,3302,1218,2961,3502,5571
2019-12-10T00:00:00.000,232741,AUSTRALIAN DOLLAR,181496,42717,40693,16648,71977,69787,12070,7902,10213,29121,31222
2019-12-17T00:00:00.000,090741,CANADIAN DOLLAR,189458,36511,32370,43650,21785,6429,71471,16417,1707,45202,20876
2019-12-17T00:00:00.000,092741,SWISS FRANC,61630,19684,9628,1338,26728,28182,2333,740,1485,11011,20781
2019-12-17T00:00:00.000,096742,BRITISH POUND,201586,49753,46625,73846,68259,10064,33783,17181,8349,32093,25921
2019-12-17T00:00:00.000,097741,JAPANESE YEN,178529,32394,45727,45029,59917,55081,14057,2428,8549,27762,34444
2019-12-17T00:00:00.000,098662,USD INDEX,32897,16939,7733,9119,2986,708,18083,1720,791,2803,1696
2019-12-17T00:00:00.000,099741,EURO FX,542923,44265,148057,338095,157942,26947,137932,23115,10147,77770,56114
2019-12-17T00:00:00.000,112741,NZ DOLLAR,44340,11414,16189,8839,17825,17619,506,1630,2636,3260,5606
2019-12-17T00:00:00.000,232741,AUSTRALIAN DOLLAR,153504,29625,41208,16692,60773,66349,6489,8933,10597,25474,28006
2019-12-24T00:00:00.000,090741,CANADIAN DOLLAR,158666,34245,42041,54680,16462,3804,71188,16843,1963,38678,16596
2019-12-24T00:00:00.000,092741,SWISS FRANC,60450,20131,12106,2403,22120,26603,3650,740,1821,10013,20193
2019-12-24T00:00:00.000,096742,BRITISH POUND,206283,60316,47733,71171,64689,5329,45062,18241,8019,33038,22592
2019-12-24T00:00:00.000,097741,JAPANESE YEN,173142,30622,39834,43382,56522,51553,18995,2671,8407,29278,33748
2019-12-24T00:00:00.000,098662,USD INDEX,32976,16502,6822,9678,3251,565,18093,1772,1002,2362,1711
2019-12-24T00:00:00.000,099741,EURO FX,540395,42584,155491,330683,152924,25899,135424,23239,10172,84600,52994
2019-12-24T00:00:00.000,112741,NZ DOLLAR,46630,14910,20297,8659,15258,17418,2064,1481,2433,3239,5655
2019-12-24T00:00:00.000,232741,AUSTRALIAN DOLLAR,155810,32625,51604,21259,54241,63809,7186,8523,10173,23675,26687
2019-12-31T00:00:00.000,090741,CANADIAN DOLLAR,175666,38431,55991,58307,13093,3876,77238,19633,2061,46748,18612
2019-12-31T00:00:00.000,092741,SWISS FRANC,55514,17953,15275,3014,13477,21650,5485,1261,868,10644,19417
2019-12-31T00:00:00.000,096742,BRITISH POUND,206784,60934,43156,72251,60908,4970,46396,11711,7563,32469,24312
2019-12-31T00:00:00.000,097741,JAPANESE YEN,174966,32687,43688,43204,47687,50721,20561,2403,7215,27636,37500
2019-12-31T00:00:00.000,098662,USD INDEX,35967,22740,8731,6732,3432,665,18093,710,996,2705,2300
2019-12-31T00:00:00.000,099741,EURO FX,557585,44827,172022,338307,139559,25642,144791,24209,11008,89720,55325
2019-12-31T00:00:00.000,112741,NZ DOLLAR,48744,15695,25222,10192,12881,11971,2972,4850,1768,5348,5213
2019-12-31T00:00:00.000,232741,AUSTRALIAN DOLLAR,164305,36001,69975,25534,37273,57711,15404,11660,10185,26942,25011
2020-01-07T00:00:00.000,090741,CANADIAN DOLLAR,189996,40869,44126,68873,14950,7230,97043,18063,2072,43674,20518
2020-01-07T00:00:00.000,092741,SWISS FRANC,49365,15146,10984,3353,11011,17336,5776,740,2046,12242,19000
2020-01-07T00:00:00.000,096742,BRITISH POUND,197490,57997,40353,76523,63953,3585,48565,11911,8370,34162,22937
2020-01-07T00:00:00.000,097741,JAPANESE YEN,162094,35369,43313,41065,38986,37708,24086,2431,4976,28227,33439
2020-01-07T00:00:00.000,098662,USD INDEX,35179,22182,7087,5774,3465,450,18093,725,1093,2715,2108
2020-01-07T00:00:00.000,099741,EURO FX,555940,42151,159703,341010,139549,25266,157726,22969,10774,89917,53561
2020-01-07T00:00:00.000,112741,NZ DOLLAR,50802,16674,24823,14023,11878,10535,6241,4931,2220,4000,5001
2020-01-07T00:00:00.000,232741,AUSTRALIAN DOLLAR,157739,42542,65479,26601,32861,34551,16447,9797,10293,35632,24043
2020-01-14T00:00:00.000,090741,CANADIAN DOLLAR,190229,45442,36664,65261,17600,6980,105983,17395,2079,45681,18433
2020-01-14T00:00:00.000,092741,SWISS FRANC,49118,16561,7653,4184,10745,13978,9732,740,1654,12617,18296
2020-01-14T00:00:00.000,096742,BRITISH POUND,196536,58730,37522,73279,64769,10998,47505,9388,8344,31487,25742
2020-01-14T00:00:00.000,097741,JAPANESE YEN,183863,37940,53619,36344,54786,62240,19359,2431,4105,30035,37121
2020-01-14T00:00:00.000,098662,USD INDEX,36189,19859,8186,9105,3449,380,18093,984,1015,2868,2453
2020-01-14T00:00:00.000,099741,EURO FX,571239,41577,150952,341560,148751,27371,165063,25649,11008,91855,52238
2020-01-14T00:00:00.000,112741,NZ DOLLAR,48651,14391,20885,13549,12139,10911,7497,4586,2243,4184,4857
2020-01-14T00:00:00.000,232741,AUSTRALIAN DOLLAR,144568,39012,42412,23420,38364,32067,18222,9289,10296,32975,27469
2020-01-21T00:00:00.000,090741,CANADIAN DOLLAR,188596,47510,32824,65079,21365,6703,104146,18259,1672,42883,20427
2020-01-21T00:00:00.000,092741,SWISS FRANC,50368,17327,7530,4422,9735,12078,13141,740,1480,15154,17835
2020-01-21T00:00:00.000,096742,BRITISH POUND,194625,52607,37135,75703,67434,11630,44004,9388,8470,32882,25167
2020-01-21T00:00:00.000,097741,JAPANESE YEN,203579,37383,61592,36404,62930,80528,20850,2121,3658,31827,39233
2020-01-21T00:00:00.000,098662,USD INDEX,35878,18165,8560,10320,3317,380,18147,964,860,2988,1933
2020-01-21T00:00:00.000,099741,EURO FX,582164,46342,147131,345091,156105,26912,169292,26469,12203,93620,53703
2020-01-21T00:00:00.000,112741,NZ DOLLAR,48300,15226,18670,13529,12408,10304,8882,3964,2394,3888,4557
2020-01-21T00:00:00.000,232741,AUSTRALIAN DOLLAR,139478,37790,34130,22892,44262,34109,15499,9291,10209,28705,28687
2020-01-28T00:00:00.000,090741,CANADIAN DOLLAR,185499,51738,33164,61212,26460,13768,94289,12725,1672,37690,21548
2020-01-28T00:00:00.000,092741,SWISS FRANC,51440,18104,4458,5337,10267,12653,13130,740,2173,14016,20822
2020-01-28T00:00:00.000,096742,BRITISH POUND,203169,51068,41828,75309,68120,19717,39656,10696,8933,30571,28824
2020-01-28T00:00:00.000,097741,JAPANESE YEN,184919,32378,47689,35581,61523,73465,19225,2193,4019,26173,37334
2020-01-28T00:00:00.000,098662,USD INDEX,36000,12803,10050,15432,2378,380,18093,1104,812,3185,1571
2020-01-28T00:00:00.000,099741,EURO FX,598793,55726,159127,348865,177105,31072,158705,32330,11767,93546,54835
2020-01-28T00:00:00.000,112741,NZ DOLLAR,46500,14039,17744,13513,12354,10098,8580,3777,1561,3802,4990
2020-01-28T00:00:00.000,232741,AUSTRALIAN DOLLAR,156721,41534,27206,19735,62974,46850,12497,8791,10374,30923,34782
2020-02-04T00:00:00.000,090741,CANADIAN DOLLAR,174000,53152,33354,44054,31402,13950,75775,12101,1749,41059,22036
2020-02-04T00:00:00.000,092741,SWISS FRANC,49855,19893,4418,6051,10203,9512,13728,740,2943,13093,17997
2020-02-04T00:00:00.000,096742,BRITISH POUND,208165,55342,47159,72115,65973,22295,42206,10771,9204,30106,26087
2020-02-04T00:00:00.000,097741,JAPANESE YEN,190079,42149,44275,37794,63472,67229,25527,2473,3945,24482,36908
2020-02-04T00:00:00.000,098662,USD INDEX,36874,13950,12827,16395,1923,490,18093,1143,473,2886,1548
2020-02-04T00:00:00.000,099741,EURO FX,594698,46758,163930,354830,176008,30736,147847,31553,13183,93262,56171
2020-02-04T00:00:00.000,112741,NZ DOLLAR,43692,15976,17953,7643,11841,11773,5203,2545,1651,4400,5689
2020-02-04T00:00:00.000,232741,AUSTRALIAN DOLLAR,180856,46336,40305,19463,77477,74190,7691,1338,9909,30778,36723
2020-02-11T00:00:00.000,090741,CANADIAN DOLLAR,166914,57146,38168,38188,40651,12389,48979,11737,1252,37520,27930
2020-02-11T00:00:00.000,092741,SWISS FRANC,51465,21539,5951,5836,13155,10173,11464,740,868,12494,19344
2020-02-11T00:00:00.000,096742,BRITISH POUND,212228,63250,42175,68601,67267,17389,46465,11816,9264,30739,26624
2020-02-11T00:00:00.000,097741,JAPANESE YEN,193822,36627,40000,39076,70684,74571,24227,1973,3127,24971,39180
2020-02-11T00:00:00.000,098662,USD INDEX,49634,22692,22766,19652,1773,450,20281,1611,1075,3315,1825
2020-02-11T00:00:00.000,099741,EURO FX,612444,44521,178070,374399,171729,27850,145522,32894,13586,90585,61342
2020-02-11T00:00:00.000,112741,NZ DOLLAR,48946,17363,19135,5560,13642,15436,5588,3537,1610,3994,5915
2020-02-11T00:00:00.000,232741,AUSTRALIAN DOLLAR,177528,45950,33547,19276,77360,71235,10059,1703,10436,28699,35461
2020-02-18T00:00:00.000,090741,CANADIAN DOLLAR,164698,52840,39184,38069,38295,15190,46190,12135,1252,34656,27969
2020-02-18T00:00:00.000,092741,SWISS FRANC,52520,22199,8388,5678,13710,12377,7299,740,868,10953,21682
2020-02-18T00:00:00.000,096742,BRITISH POUND,216933,70893,42114,71054,63854,15018,57353,10696,9264,31848,26924
2020-02-18T00:00:00.000,097741,JAPANESE YEN,203631,41471,45153,39089,73854,79838,24728,1973,3080,25115,40671
2020-02-18T00:00:00.000,098662,USD INDEX,48471,22744,16359,18150,1573,450,25890,1762,808,3497,1973
2020-02-18T00:00:00.000,099741,EURO FX,617487,48476,186683,364356,176239,31811,135546,33073,12520,93068,59796
2020-02-18T00:00:00.000,112741,NZ DOLLAR,52585,16501,20481,4498,18178,23580,3802,2429,1790,3263,6020
2020-02-18T00:00:00.000,232741,AUSTRALIAN DOLLAR,187455,46436,36570,18607,81676,75593,9330,425,10030,31007,34462
2020-02-25T00:00:00.000,090741,CANADIAN DOLLAR,168819,54605,36098,42289,39617,12625,51165,11290,1252,36428,29105
2020-02-25T00:00:00.000,092741,SWISS FRANC,57192,24148,10966,3939,15952,16465,6453,740,868,11173,22226
2020-02-25T00:00:00.000,096742,BRITISH POUND,211321,71438,39705,66163,69721,16271,48551,9576,10057,30159,25573
2020-02-25T00:00:00.000,097741,JAPANESE YEN,223904,38795,68379,36220,75918,105278,15549,2306,4894,23288,41147
2020-02-25T00:00:00.000,098662,USD INDEX,47885,21164,15277,18650,1558,595,26500,1936,745,3500,1765
2020-02-25T00:00:00.000,099741,EURO FX,625563,49751,195284,371589,178431,32179,122225,25839,12894,90418,60942
2020-02-25T00:00:00.000,112741,NZ DOLLAR,58240,18548,23285,4364,21695,28305,2972,1371,1904,3098,5830
2020-02-25T00:00:00.000,232741,AUSTRALIAN DOLLAR,213324,55391,38068,17896,97477,88737,10275,930,11121,29718,35731
2020-03-03T00:00:00.000,090741,CANADIAN DOLLAR,160511,51020,35886,32902,37297,14986,42696,11546,1252,35811,29134
2020-03-03T00:00:00.000,092741,SWISS FRANC,54436,19055,15415,5053,7456,9938,9533,740,555,15209,17036
2020-03-03T00:00:00.000,096742,BRITISH POUND,214672,80489,36804,50560,77931,30751,40063,5543,10057,25371,27859
2020-03-03T00:00:00.000,097741,JAPANESE YEN,198404,35012,76283,41741,44192,76432,23919,1893,2921,22567,30330
2020-03-03T00:00:00.000,098662,USD INDEX,39782,14300,7123,18544,1962,605,26491,1198,502,2960,1529
2020-03-03T00:00:00.000,099741,EURO FX,640357,42754,183133,376688,142371,29626,170652,27647,11556,83992,52995
2020-03-03T00:00:00.000,112741,NZ DOLLAR,62847,20209,25970,3447,22725,31076,2206,1680,2438,2495,5568
2020-03-03T00:00:00.000,232741,AUSTRALIAN DOLLAR,223084,58831,51047,17118,101260,100273,7315,7316,10629,21302,34589
2020-03-10T00:00:00.000,090741,CANADIAN DOLLAR,175226,41974,38387,34910,42699,32107,40804,12451,1252,33108,31408
2020-03-10T00:00:00.000,092741,SWISS FRANC,50474,17327,13225,7818,3019,1483,14022,740,555,16158,12705
2020-03-10T00:00:00.000,096742,BRITISH POUND,214185,59969,29981,50893,69523,27866,40886,6357,10057,26964,21602
2020-03-10T00:00:00.000,097741,JAPANESE YEN,159128,42591,48693,48889,31327,20399,30609,4195,3674,24531,26302
2020-03-10T00:00:00.000,098662,USD INDEX,44951,28243,10451,6686,2012,495,25064,664,1035,5746,3272
2020-03-10T00:00:00.000,099741,EURO FX,659151,38294,145905,407364,103946,30452,284950,28129,9233,90090,50295
2020-03-10T00:00:00.000,112741,NZ DOLLAR,71034,19986,21483,2810,25408,29035,2210,2330,1616,2034,5478
2020-03-10T00:00:00.000,232741,AUSTRALIAN DOLLAR,211243,39543,40349,16885,92336,99578,10318,8131,9282,21673,33525
2020-03-17T00:00:00.000,090741,CANADIAN DOLLAR,183137,33870,38426,34217,40879,39307,23568,12322,1878,29622,44587
2020-03-17T00:00:00.000,092741,SWISS FRANC,35254,15953,8535,6704,2418,0,11363,696,555,11197,11679
2020-03-17T00:00:00.000,096742,BRITISH POUND,182109,65369,31843,40221,86561,39482,20594,4256,10062,19758,20026
2020-03-17T00:00:00.000,097741,JAPANESE YEN,125769,36209,31286,38429,26381,7654,34801,8499,564,23224,20983
2020-03-17T00:00:00.000,098662,USD INDEX,25322,10935,14668,8119,1644,621,4947,1164,1454,3073,1199
2020-03-17T00:00:00.000,099741,EURO FX,588116,38965,101775,381361,97512,35155,306928,22460,6048,77524,43202
2020-03-17T00:00:00.000,112741,NZ DOLLAR,44688,17985,18825,2215,19997,21255,2342,559,1521,1865,1194
2020-03-17T00:00:00.000,232741,AUSTRALIAN DOLLAR,149878,30851,30797,15661,70608,67295,9634,9254,1930,19340,29432
2020-03-24T00:00:00.000,090741,CANADIAN DOLLAR,124226,12822,38357,33446,36656,27251,6652,14038,3817,25166,27241
2020-03-24T00:00:00.000,092741,SWISS FRANC,30767,13843,5135,4567,3987,1487,9672,696,555,9725,10969
2020-03-24T00:00:00.000,096742,BRITISH POUND,179552,52985,29519,40007,82944,52751,15180,3321,10062,17030,28389
2020-03-24T00:00:00.000,097741,JAPANESE YEN,125594,39271,32971,39319,28423,13311,30396,4389,1112,18743,22131
2020-03-24T00:00:00.000,098662,USD INDEX,28338,11044,14605,10879,1663,703,7584,1253,1092,3070,2005
2020-03-24T00:00:00.000,099741,EURO FX,571086,43370,85717,353661,96182,34420,294478,22880,5313,81499,54140
2020-03-24T00:00:00.000,112741,NZ DOLLAR,37622,13874,14524,2309,11210,18281,3623,253,1219,1464,5605
2020-03-24T00:00:00.000,232741,AUSTRALIAN DOLLAR,135097,24807,32697,16402,54837,62819,10799,7809,1486,16567,28585
2020-03-31T00:00:00.000,090741,CANADIAN DOLLAR,122891,13940,33657,33404,31077,24911,14098,15080,3822,24197,28878
2020-03-31T00:00:00.000,092741,SWISS FRANC,29657,13029,5884,3783,3142,1658,9490,696,456,10082,10276
2020-03-31T00:00:00.000,096742,BRITISH POUND,165226,42679,29439,40389,73125,48934,15326,3721,8361,16291,25763
2020-03-31T00:00:00.000,097741,JAPANESE YEN,120270,22311,33230,46518,23880,15719,34119,10465,569,18138,21353
2020-03-31T00:00:00.000,098662,USD INDEX,28972,9065,14057,13261,1727,783,9185,1298,1044,3269,1663
2020-03-31T00:00:00.000,099741,EURO FX,551752,43712,79721,339477,84875,35658,300144,25575,5689,70978,44971
2020-03-31T00:00:00.000,112741,NZ DOLLAR,39144,14576,16284,2599,10575,18327,3669,311,1288,1463,5460
2020-03-31T00:00:00.000,232741,AUSTRALIAN DOLLAR,130982,25285,37447,18545,47358,62912,11557,3401,981,15392,28192
2020-04-07T00:00:00.000,090741,CANADIAN DOLLAR,117523,7996,35373,32242,27535,26355,9555,14146,3222,25011,30065
2020-04-07T00:00:00.000,092741,SWISS FRANC,30391,13826,5622,3392,3290,2363,9743,696,456,9757,10923
2020-04-07T00:00:00.000,096742,BRITISH POUND,150318,33761,25145,40440,63332,42954,17378,3680,8361,18476,25095
2020-04-07T00:00:00.000,097741,JAPANESE YEN,118595,22961,28679,45418,25993,13648,35829,11849,569,17516,20322
2020-04-07T00:00:00.000,098662,USD INDEX,28696,9109,12936,13527,1692,691,9577,904,1226,3067,1867
2020-04-07T00:00:00.000,099741,EURO FX,554697,48500,76019,335104,88094,30805,309723,26037,4585,81902,43927
2020-04-07T00:00:00.000,112741,NZ DOLLAR,40306,16323,16344,1749,10616,18120,4519,239,1156,1962,5758
2020-04-07T00:00:00.000,232741,AUSTRALIAN DOLLAR,130056,24417,35776,18546,45136,61923,14041,3676,1013,15206,27802
2020-04-14T00:00:00.000,090741,CANADIAN DOLLAR,119798,8921,35191,32170,27972,28353,9160,14137,3655,24665,32268
2020-04-14T00:00:00.000,092741,SWISS FRANC,32718,14650,6991,4867,3469,2228,10275,696,456,9894,11144
2020-04-14T00:00:00.000,096742,BRITISH POUND,153088,33596,26037,40880,64132,44103,17484,3720,7575,20239,27310
2020-04-14T00:00:00.000,097741,JAPANESE YEN,122929,21367,30209,45302,22069,14063,42999,11378,969,23373,19237
2020-04-14T00:00:00.000,098662,USD INDEX,29664,10812,12923,12879,1887,861,10037,1013,1466,2628,1880
2020-04-14T00:00:00.000,099741,EURO FX,543361,51052,72530,328993,86037,30783,309033,27678,5014,75880,41772
2020-04-14T00:00:00.000,112741,NZ DOLLAR,39812,14328,15178,2197,11398,19511,4919,327,1207,2059,5720
2020-04-14T00:00:00.000,232741,AUSTRALIAN DOLLAR,128258,19782,35974,20328,40269,64207,15589,4295,1061,14662,30381
2020-04-21T00:00:00.000,090741,CANADIAN DOLLAR,121213,10222,37067,31065,28872,30024,5601,14404,4143,24007,34039
2020-04-21T00:00:00.000,092741,SWISS FRANC,35026,15797,7430,4550,5185,1740,10544,696,450,11858,11032
2020-04-21T00:00:00.000,096742,BRITISH POUND,158788,30806,29627,40169,65767,54903,16414,3720,7568,18665,28887
2020-04-21T00:00:00.000,097741,JAPANESE YEN,128272,25617,32530,50965,19020,12537,47680,10890,558,21341,21562
2020-04-21T00:00:00.000,098662,USD INDEX,31390,11848,14451,12868,1931,805,9877,1013,2191,3456,1540
2020-04-21T00:00:00.000,099741,EURO FX,546661,53217,72546,329495,87086,31161,306834,30365,5927,72603,44448
2020-04-21T00:00:00.000,112741,NZ DOLLAR,39153,13582,15057,2051,11048,19605,4341,382,1071,1626,5729
2020-04-21T00:00:00.000,232741,AUSTRALIAN DOLLAR,126180,20423,35809,20841,38261,63256,16846,3100,631,14061,30134
2020-04-28T00:00:00.000,090741,CANADIAN DOLLAR,117660,7783,38130,30480,29222,29960,5994,13362,1454,24579,31364
2020-04-28T00:00:00.000,092741,SWISS FRANC,36326,15322,6525,4749,5233,3052,11482,696,450,12059,12188
2020-04-28T00:00:00.000,096742,BRITISH POUND,162868,35302,36339,40116,62588,55022,15645,3720,8461,18026,29153
2020-04-28T00:00:00.000,097741,JAPANESE YEN,143835,30480,32368,55751,18737,11744,62134,11324,471,26175,21764
2020-04-28T00:00:00.000,098662,USD INDEX,32622,12290,15706,14050,1892,1055,9952,792,1892,2819,1564
2020-04-28T00:00:00.000,099741,EURO FX,545082,55128,74633,321211,91655,36440,295274,26239,5457,74725,46724
2020-04-28T00:00:00.000,112741,NZ DOLLAR,41267,14316,16551,1731,11040,20166,5211,1642,1311,1846,5588
2020-04-28T00:00:00.000,232741,AUSTRALIAN DOLLAR,129162,20355,36793,20537,39037,62701,18369,4134,1053,16314,28789
2020-05-05T00:00:00.000,090741,CANADIAN DOLLAR,119300,9892,39311,31053,30786,28962,6620,12360,2034,24743,28259
2020-05-05T00:00:00.000,092741,SWISS FRANC,36257,15807,5185,4801,4768,4050,12502,696,487,10496,12908
2020-05-05T00:00:00.000,096742,BRITISH POUND,161083,31626,37810,40236,64549,56658,11079,3720,7600,18145,29347
2020-05-05T00:00:00.000,097741,JAPANESE YEN,152042,33055,31856,57388,15652,12326,72132,11765,517,26223,20600
2020-05-05T00:00:00.000,098662,USD INDEX,31555,11003,14714,13721,1376,875,10787,902,1709,3524,1439
2020-05-05T00:00:00.000,099741,EURO FX,541624,54435,78604,316209,93995,37803,287314,31352,6197,75086,48775
2020-05-05T00:00:00.000,112741,NZ DOLLAR,44372,16275,19506,1406,11746,21622,4433,1812,938,1585,6077
2020-05-05T00:00:00.000,232741,AUSTRALIAN DOLLAR,129293,21862,35326,21230,39723,62996,19988,4118,550,14404,29023
2020-05-12T00:00:00.000,090741,CANADIAN DOLLAR,120453,9887,41021,31807,29612,30560,6748,12046,1635,25055,30339
2020-05-12T00:00:00.000,092741,SWISS FRANC,40469,15358,5562,5315,6302,4505,15676,3852,487,11039,12042
2020-05-12T00:00:00.000,096742,BRITISH POUND,166568,34859,40799,41033,67693,59875,8969,3720,7568,16475,30933
2020-05-12T00:00:00.000,097741,JAPANESE YEN,153370,31770,31054,63022,16548,10372,71506,13114,472,23292,21990
2020-05-12T00:00:00.000,098662,USD INDEX,31123,11754,13757,12553,1325,865,11268,776,1539,3465,1524
2020-05-12T00:00:00.000,099741,EURO FX,547329,51313,78126,317583,98656,44682,287340,31657,9430,74491,46174
2020-05-12T00:00:00.000,112741,NZ DOLLAR,45368,16275,20926,1424,11312,22187,4381,1772,1109,2141,6071
2020-05-12T00:00:00.000,232741,AUSTRALIAN DOLLAR,129264,22806,36976,19504,38450,62344,19326,5156,520,14932,29470
2020-05-19T00:00:00.000,090741,CANADIAN DOLLAR,130099,16174,50218,32630,29248,30780,8461,11821,1610,27355,29223
2020-05-19T00:00:00.000,092741,SWISS FRANC,38746,16397,4944,6760,5441,3831,14196,696,487,10627,13243
2020-05-19T00:00:00.000,096742,BRITISH POUND,179734,38837,45664,42780,75502,67031,9324,3720,7568,17726,32036
2020-05-19T00:00:00.000,097741,JAPANESE YEN,147975,32609,25502,58117,17148,9228,69740,12669,472,23529,23290
2020-05-19T00:00:00.000,098662,USD INDEX,31477,12008,13180,12419,1375,1025,12288,1297,1016,3021,1911
2020-05-19T00:00:00.000,099741,EURO FX,547206,48455,79962,318462,105510,42690,281244,32590,5513,77263,47231
2020-05-19T00:00:00.000,112741,NZ DOLLAR,44143,14881,18691,1642,12324,21884,4262,1802,1072,2311,6171
2020-05-19T00:00:00.000,232741,AUSTRALIAN DOLLAR,132797,24620,36872,20398,42925,62779,20930,5153,535,15712,27400
2020-05-26T00:00:00.000,090741,CANADIAN DOLLAR,129849,15686,49062,33658,27219,30312,9742,10173,1686,28667,30787
2020-05-26T00:00:00.000,092741,SWISS FRANC,39072,16143,4501,6302,5451,4279,15088,696,487,11212,13105
2020-05-26T00:00:00.000,096742,BRITISH POUND,188650,41783,50775,42853,78511,70988,9458,3720,7568,19404,32436
2020-05-26T00:00:00.000,097741,JAPANESE YEN,156827,38968,25605,58191,16276,10756,77745,12568,472,22135,22520
2020-05-26T00:00:00.000,098662,USD INDEX,28298,9831,10229,11589,1271,1045,12288,760,1076,3330,1691
2020-05-26T00:00:00.000,099741,EURO FX,556749,52480,83302,326808,106700,40084,288477,33592,5519,76117,45083
2020-05-26T00:00:00.000,112741,NZ DOLLAR,45668,15082,20439,2231,10731,21577,6177,2558,1170,2718,5649
2020-05-26T00:00:00.000,232741,AUSTRALIAN DOLLAR,136920,25027,39299,22598,41410,62681,21440,6179,637,16302,30001
2020-06-02T00:00:00.000,090741,CANADIAN DOLLAR,128476,11706,50016,37084,22017,29792,15991,10587,2043,28546,27648
2020-06-02T00:00:00.000,092741,SWISS FRANC,40352,16287,3882,6695,6013,3679,15734,696,493,12436,13671
2020-06-02T00:00:00.000,096742,BRITISH POUND,190138,32685,53148,46499,79870,75882,8721,2600,7568,20095,28454
2020-06-02T00:00:00.000,097741,JAPANESE YEN,158743,41929,31779,56842,17480,10315,67947,12680,469,21281,25372
2020-06-02T00:00:00.000,098662,USD INDEX,26006,8704,6532,10416,2019,1105,12288,1244,1239,2848,2239
2020-06-02T00:00:00.000,099741,EURO FX,583384,52066,83119,332769,98620,36698,304195,33830,5387,81354,45396
2020-06-02T00:00:00.000,112741,NZ DOLLAR,46537,16123,20823,2956,10149,20205,7752,2558,959,2951,5110
2020-06-02T00:00:00.000,232741,AUSTRALIAN DOLLAR,135378,23176,44451,28510,35166,58688,20915,4149,930,15959,29020
2020-06-09T00:00:00.000,090741,CANADIAN DOLLAR,120459,11028,46013,33979,20108,26120,14666,12585,2644,27381,27662
2020-06-09T00:00:00.000,092741,SWISS FRANC,41580,13609,9431,7433,5094,4320,14047,696,0,14545,12031
2020-06-09T00:00:00.000,096742,BRITISH POUND,185606,29691,46678,41457,72088,70928,8278,2600,7568,20853,30917
2020-06-09T00:00:00.000,097741,JAPANESE YEN,155159,28049,30670,59843,22026,13331,56966,13066,467,21033,25193
2020-06-09T00:00:00.000,098662,USD INDEX,33934,18938,11361,7289,2559,1105,12288,818,2581,4451,3812
2020-06-09T00:00:00.000,099741,EURO FX,592915,51348,84377,340150,86791,38029,329966,39629,6091,83722,45653
2020-06-09T00:00:00.000,112741,NZ DOLLAR,46711,14855,23060,5118,5960,18207,10214,2558,1127,3509,3886
2020-06-09T00:00:00.000,232741,AUSTRALIAN DOLLAR,138936,25811,44723,25959,30262,50888,24312,4149,444,17578,24644
2020-06-16T00:00:00.000,090741,CANADIAN DOLLAR,125654,7860,43764,37389,16676,24679,22498,12763,876,25596,24473
2020-06-16T00:00:00.000,092741,SWISS FRANC,35733,13631,7231,7582,4754,0,12786,0,493,13697,9646
2020-06-16T00:00:00.000,096742,BRITISH POUND,166808,29277,39660,38818,76560,70757,6202,3050,6414,16035,29101
2020-06-16T00:00:00.000,097741,JAPANESE YEN,127287,20213,21112,59880,16733,4484,57516,11216,467,19017,18982
2020-06-16T00:00:00.000,098662,USD INDEX,19869,6739,12116,7428,2544,694,0,1454,1857,2516,2314
2020-06-16T00:00:00.000,099741,EURO FX,574939,47845,66789,344850,89413,26123,335609,41378,6288,78692,40789
2020-06-16T00:00:00.000,112741,NZ DOLLAR,27321,11834,12790,5902,5816,5442,2998,340,1065,2988,3837
2020-06-16T00:00:00.000,232741,AUSTRALIAN DOLLAR,90803,24878,14748,30478,33074,10918,18257,910,445,18615,19275
2020-06-23T00:00:00.000,090741,CANADIAN DOLLAR,105412,10913,40840,37329,18755,10724,13892,12580,796,26249,23512
2020-06-23T00:00:00.000,092741,SWISS FRANC,42299,15981,9301,9993,5385,0,16026,0,486,15426,10202
2020-06-23T00:00:00.000,096742,BRITISH POUND,170455,29090,42699,39865,78468,71059,6322,3050,6414,19170,28331
2020-06-23T00:00:00.000,097741,JAPANESE YEN,144549,25682,23972,67059,17955,4758,73055,11523,467,25074,18647
2020-06-23T00:00:00.000,098662,USD INDEX,21601,9074,13935,6532,3054,841,0,1756,724,2206,2696
2020-06-23T00:00:00.000,099741,EURO FX,585421,52353,67326,345739,90847,27230,345072,40903,7072,83145,39053
2020-06-23T00:00:00.000,112741,NZ DOLLAR,29351,11027,13612,7984,6668,5558,3454,815,1107,3041,3584
2020-06-23T00:00:00.000,232741,AUSTRALIAN DOLLAR,93782,28970,16228,32689,33391,9278,19685,0,445,18028,19216
2020-06-30T00:00:00.000,090741,CANADIAN DOLLAR,118197,16878,44408,42186,21108,13483,20102,12318,737,25223,23733
2020-06-30T00:00:00.000,092741,SWISS FRANC,41400,16076,7621,9764,5400,0,16904,0,487,14598,10026
2020-06-30T00:00:00.000,096742,BRITISH POUND,186144,35146,49401,38041,83614,81609,6290,3610,6414,19080,31767
2020-06-30T00:00:00.000,097741,JAPANESE YEN,137362,19963,19211,65197,21577,5285,65602,11836,454,23494,18931
2020-06-30T00:00:00.000,098662,USD INDEX,19441,7146,12028,5891,2695,743,0,1837,871,2513,2536
2020-06-30T00:00:00.000,099741,EURO FX,579738,45082,76489,351181,92171,26432,334405,38697,6500,85897,37724
2020-06-30T00:00:00.000,112741,NZ DOLLAR,30845,11107,14765,8006,5349,6182,4906,790,1103,3566,3528
2020-06-30T00:00:00.000,232741,AUSTRALIAN DOLLAR,100658,34101,18211,34615,32380,9063,23542,0,445,18200,21401
2020-07-07T00:00:00.000,090741,CANADIAN DOLLAR,121226,19498,44126,40747,21366,15796,21185,12414,716,24616,25678
2020-07-07T00:00:00.000,092741,SWISS FRANC,45115,15438,8942,11943,5500,0,18456,0,487,16723,10719
2020-07-07T00:00:00.000,096742,BRITISH POUND,180696,38060,49395,39611,79410,71266,6608,3100,6414,19252,29462
2020-07-07T00:00:00.000,097741,JAPANESE YEN,138313,17899,26095,66795,17827,7487,59865,11828,1251,22774,21745
2020-07-07T00:00:00.000,098662,USD INDEX,22869,9576,14180,5834,2923,804,0,2201,791,2448,2969
2020-07-07T00:00:00.000,099741,EURO FX,593341,49579,76501,352516,84610,27430,354567,41421,6801,88744,37211
2020-07-07T00:00:00.000,112741,NZ DOLLAR,31229,10437,13670,8559,6668,7080,4367,340,1129,3387,3969
2020-07-07T00:00:00.000,232741,AUSTRALIAN DOLLAR,105115,38745,21087,32877,30290,8219,30124,0,845,21213,18708
2020-07-14T00:00:00.000,090741,CANADIAN DOLLAR,148003,16852,43179,39849,20840,17660,22359,12190,588,25083,24668
2020-07-14T00:00:00.000,092741,SWISS FRANC,48430,17594,9238,12296,5511,0,21704,0,487,17412,10362
2020-07-14T00:00:00.000,096742,BRITISH POUND,179340,43662,51879,40263,76211,63888,6587,2600,6414,19689,29011
2020-07-14T00:00:00.000,097741,JAPANESE YEN,135263,18119,26274,66265,17938,6351,59740,12257,454,22119,20705
2020-07-14T00:00:00.000,098662,USD INDEX,23499,10332,13940,5365,3227,879,0,2231,1052,2447,3035
2020-07-14T00:00:00.000,099741,EURO FX,604982,53992,79311,372201,77041,26642,372706,32958,7887,92064,40912
2020-07-14T00:00:00.000,112741,NZ DOLLAR,33202,11450,14626,9143,6439,6440,5564,468,1244,4183,3811
2020-07-14T00:00:00.000,232741,AUSTRALIAN DOLLAR,107237,40731,16313,33746,33863,8282,32060,0,425,20339,20437
2020-07-21T00:00:00.000,090741,CANADIAN DOLLAR,143606,23063,50592,39625,16518,28663,43678,12967,637,29460,22353
2020-07-21T00:00:00.000,092741,SWISS FRANC,51006,17895,9895,13472,5515,0,23100,0,487,18074,10444
2020-07-21T00:00:00.000,096742,BRITISH POUND,180337,42293,55921,46547,72305,53752,6563,3765,6214,22798,28152
2020-07-21T00:00:00.000,097741,JAPANESE YEN,142686,22763,32414,65958,17014,6168,64511,12114,504,24630,17190
2020-07-21T00:00:00.000,098662,USD INDEX,31404,17878,19680,5100,4848,879,0,3392,1732,2402,3391
2020-07-21T00:00:00.000,099741,EURO FX,636212,59583,74578,385659,72042,26776,404926,31922,8015,95944,40323
2020-07-21T00:00:00.000,112741,NZ DOLLAR,36105,14020,14803,9721,8729,6565,6643,340,1174,4465,3762
2020-07-21T00:00:00.000,232741,AUSTRALIAN DOLLAR,108952,37413,14748,36116,36992,7470,29885,0,25,23892,23241
2020-07-28T00:00:00.000,090741,CANADIAN DOLLAR,139397,20107,45716,39839,15968,26556,44862,13359,1378,30401,22338
2020-07-28T00:00:00.000,092741,SWISS FRANC,51799,17466,8732,13166,5425,0,25676,0,480,20118,10437
2020-07-28T00:00:00.000,096742,BRITISH POUND,178912,32615,59637,57107,68113,52121,7177,3354,7274,24433,27429
2020-07-28T00:00:00.000,097741,JAPANESE YEN,170269,35723,36795,74782,13547,6214,89304,10049,674,32605,19053
2020-07-28T00:00:00.000,098662,USD INDEX,37312,24212,22346,4744,6749,1214,0,3025,2862,2577,3815
2020-07-28T00:00:00.000,099741,EURO FX,678965,78712,84562,399479,69796,27052,448326,44784,7293,97798,37848
2020-07-28T00:00:00.000,112741,NZ DOLLAR,36142,10660,17147,11429,7551,8515,6159,470,1258,4330,3289
2020-07-28T00:00:00.000,232741,AUSTRALIAN DOLLAR,113682,37347,18060,39244,38658,7993,32807,0,25,24544,19578
2020-08-04T00:00:00.000,090741,CANADIAN DOLLAR,137101,14532,42810,38747,17078,29585,44390,12604,912,32650,22928
2020-08-04T00:00:00.000,092741,SWISS FRANC,56772,21473,9619,14262,4641,0,31183,0,481,20250,10061
2020-08-04T00:00:00.000,096742,BRITISH POUND,176728,35038,53904,59535,67363,39773,11749,3354,6970,28143,25857
2020-08-04T00:00:00.000,097741,JAPANESE YEN,157968,31502,23149,72031,12340,5999,93192,5560,1107,30794,16098
2020-08-04T00:00:00.000,098662,USD INDEX,35497,21271,19797,5023,6776,1574,0,2975,2761,2677,4186
2020-08-04T00:00:00.000,099741,EURO FX,704875,91850,80218,401811,69106,27191,478174,52440,6504,99491,38781
2020-08-04T00:00:00.000,112741,NZ DOLLAR,38499,11840,18235,12541,8562,8255,6449,485,1246,4552,3181
2020-08-04T00:00:00.000,232741,AUSTRALIAN DOLLAR,120274,37710,21129,42340,37484,6908,36876,0,25,28611,20055
2020-08-11T00:00:00.000,090741,CANADIAN DOLLAR,136885,13114,43422,41064,19587,30236,44589,12107,783,32872,21012
2020-08-11T00:00:00.000,092741,SWISS FRANC,56592,22212,5438,12657,4932,0,34121,0,481,20693,10590
2020-08-11T00:00:00.000,096742,BRITISH POUND,179071,39067,42408,55735,65891,37673,24147,3354,7396,29035,25022
2020-08-11T00:00:00.000,097741,JAPANESE YEN,150149,29027,23982,70691,10519,6527,83371,4862,956,27287,19566
2020-08-11T00:00:00.000,098662,USD INDEX,34460,19784,19620,5083,7205,1177,0,3046,1637,3108,3736
2020-08-11T00:00:00.000,099741,EURO FX,706458,96780,66321,401216,68210,27562,493403,52147,6281,96660,40150
2020-08-11T00:00:00.000,112741,NZ DOLLAR,37528,10403,18272,12845,6641,8379,6979,491,1262,4494,3458
2020-08-11T00:00:00.000,232741,AUSTRALIAN DOLLAR,122210,38550,24584,42885,35424,7294,36919,1026,25,27936,20739
2020-08-18T00:00:00.000,090741,CANADIAN DOLLAR,141600,14263,47435,43841,25281,31172,39827,11919,934,33162,20880
2020-08-18T00:00:00.000,092741,SWISS FRANC,56114,19794,5268,13004,5326,0,34193,0,481,22371,9901
2020-08-18T00:00:00.000,096742,BRITISH POUND,187043,44096,40548,58153,63358,32641,39925,4413,6740,33475,22207
2020-08-18T00:00:00.000,097741,JAPANESE YEN,147076,23500,23674,69400,9694,7636,83008,4862,956,30189,18255
2020-08-18T00:00:00.000,098662,USD INDEX,34896,18612,18810,5167,7316,3539,0,2306,2067,3088,4519
2020-08-18T00:00:00.000,099741,EURO FX,704050,93893,62324,406235,68912,28605,496669,42492,5741,102012,39591
2020-08-18T00:00:00.000,112741,NZ DOLLAR,38561,13653,16966,12408,6290,6443,9484,361,1446,4588,3267
2020-08-18T00:00:00.000,232741,AUSTRALIAN DOLLAR,124931,36975,22955,45676,39001,6845,37886,1026,485,30419,20614
2020-08-25T00:00:00.000,090741,CANADIAN DOLLAR,129557,16181,44751,45626,23607,16771,32743,11627,753,31342,19693
2020-08-25T00:00:00.000,092741,SWISS FRANC,53085,16975,4957,13902,6196,0,31321,0,483,21593,9513
2020-08-25T00:00:00.000,096742,BRITISH POUND,175363,38327,32539,52230,60245,32696,35962,3983,6740,31076,22826
2020-08-25T00:00:00.000,097741,JAPANESE YEN,147553,23483,24678,75013,13687,6213,78112,6177,956,26899,20352
2020-08-25T00:00:00.000,098662,USD INDEX,30716,12130,13404,5814,8220,3034,0,2415,1837,4755,4687
2020-08-25T00:00:00.000,099741,EURO FX,704077,89098,52003,407293,75184,28911,497753,48912,5504,99158,42928
2020-08-25T00:00:00.000,112741,NZ DOLLAR,36678,13355,16643,11115,4655,6420,9272,135,1543,4482,3394
2020-08-25T00:00:00.000,232741,AUSTRALIAN DOLLAR,127505,37348,25788,49329,37230,6528,39910,1226,934,29005,19574
2020-09-01T00:00:00.000,090741,CANADIAN DOLLAR,140520,19491,48996,47951,23193,16262,39546,11942,1156,36141,18896
2020-09-01T00:00:00.000,092741,SWISS FRANC,54037,17863,5571,12380,7320,0,29410,0,485,22732,10189
2020-09-01T00:00:00.000,096742,BRITISH POUND,186588,40281,35674,57777,57601,30712,46904,4340,6740,35981,22172
2020-09-01T00:00:00.000,097741,JAPANESE YEN,145922,21823,21154,73946,12282,6558,84204,7862,956,27004,18597
2020-09-01T00:00:00.000,098662,USD INDEX,30358,12990,11888,5435,8590,4529,0,925,2494,3512,4419
2020-09-01T00:00:00.000,099741,EURO FX,698211,86169,54361,400263,80842,31676,481908,50036,5871,97395,42557
2020-09-01T00:00:00.000,112741,NZ DOLLAR,40244,14450,16001,11725,8404,7375,10142,135,1203,5335,3270
2020-09-01T00:00:00.000,232741,AUSTRALIAN DOLLAR,137131,39822,29468,53933,40259,6546,42446,2059,1399,30316,19104
2020-09-08T00:00:00.000,090741,CANADIAN DOLLAR,137618,18811,41230,51603,23237,13438,43468,11481,1032,32726,19092
2020-09-08T00:00:00.000,092741,SWISS FRANC,52562,17728,4977,11827,6471,0,27699,0,484,21739,11663
2020-09-08T00:00:00.000,096742,BRITISH POUND,197524,37242,24711,51008,61391,34380,36658,3948,6740,29992,27070
2020-09-08T00:00:00.000,097741,JAPANESE YEN,151546,22918,27401,70908,11644,5562,77782,7952,956,28920,18477
2020-09-08T00:00:00.000,098662,USD INDEX,29776,12747,11785,5844,7491,1328,0,1359,1420,4956,5538
2020-09-08T00:00:00.000,099741,EURO FX,690782,81097,51168,399945,85572,29386,469084,48807,5646,96670,44435
2020-09-08T00:00:00.000,112741,NZ DOLLAR,44047,13635,15088,10948,9180,7355,8397,135,1010,4907,3305
2020-09-08T00:00:00.000,232741,AUSTRALIAN DOLLAR,144091,39426,28542,53532,41446,6142,41100,1632,954,30212,18902
2020-09-15T00:00:00.000,090741,CANADIAN DOLLAR,147273,18973,40899,50821,21273,2522,51454,11277,430,47774,17311
2020-09-15T00:00:00.000,092741,SWISS FRANC,52411,16900,5631,14121,6171,0,28676,0,484,20863,10922
2020-09-15T00:00:00.000,096742,BRITISH POUND,149989,40859,28052,46506,62361,19853,19724,2600,6232,29048,22497
2020-09-15T00:00:00.000,097741,JAPANESE YEN,148912,25525,34056,72570,13007,4678,75924,8929,454,27984,16245
2020-09-15T00:00:00.000,098662,USD INDEX,28493,6687,14247,5703,7790,9870,0,1001,894,3197,3527
2020-09-15T00:00:00.000,099741,EURO FX,658174,67043,47965,394974,90237,29085,447861,45767,7389,94529,37946
2020-09-15T00:00:00.000,112741,NZ DOLLAR,35834,12147,14143,11120,9485,5943,6524,135,1299,5166,3060
2020-09-15T00:00:00.000,232741,AUSTRALIAN DOLLAR,131814,41998,13434,53246,42711,2137,51788,1632,115,27508,18473
2020-09-22T00:00:00.000,090741,CANADIAN DOLLAR,117564,15578,41064,53059,20083,3004,34404,10433,430,30887,16980
2020-09-22T00:00:00.000,092741,SWISS FRANC,51875,20028,4809,11314,6247,1003,26782,0,483,18931,12955
2020-09-22T00:00:00.000,096742,BRITISH POUND,152613,41137,25110,45039,68002,25849,16737,2600,6399,26869,25246
2020-09-22T00:00:00.000,097741,JAPANESE YEN,169251,31667,34141,89596,13491,3994,92729,1605,564,32295,18232
2020-09-22T00:00:00.000,098662,USD INDEX,28767,7060,13819,5919,7902,7000,0,1576,700,4212,3346
2020-09-22T00:00:00.000,099741,EURO FX,666412,74981,51976,390535,89840,28166,448397,56003,8063,89172,40581
2020-09-22T00:00:00.000,112741,NZ DOLLAR,35216,9879,14032,11810,6907,6087,8685,335,1256,5469,2700
2020-09-22T00:00:00.000,232741,AUSTRALIAN DOLLAR,133214,45003,13004,50958,45008,4480,48841,1226,55,26211,20970
2020-09-29T00:00:00.000,090741,CANADIAN DOLLAR,113862,14297,39356,50172,21123,2447,29017,10841,0,31261,19522
2020-09-29T00:00:00.000,092741,SWISS FRANC,47666,18327,5467,8486,6484,2051,22297,0,483,17546,11679
2020-09-29T00:00:00.000,096742,BRITISH POUND,159049,37936,30618,40849,74798,42201,13988,2600,6403,25461,23240
2020-09-29T00:00:00.000,097741,JAPANESE YEN,158298,26702,27971,87933,15141,4402,86868,926,1264,29820,18539
2020-09-29T00:00:00.000,098662,USD INDEX,28616,5337,13888,9015,7644,6675,0,1070,905,3632,3292
2020-09-29T00:00:00.000,099741,EURO FX,655912,77163,48037,376743,89581,29604,443074,55993,6331,87831,40311
2020-09-29T00:00:00.000,112741,NZ DOLLAR,35923,12152,13508,11110,9046,5782,7567,565,1381,4735,2842
2020-09-29T00:00:00.000,232741,AUSTRALIAN DOLLAR,128448,42051,13385,48959,46550,6670,44413,1626,30,24821,19749
2020-10-06T00:00:00.000,090741,CANADIAN DOLLAR,113818,12222,39706,52623,17511,3066,30092,12051,0,28349,21002
2020-10-06T00:00:00.000,092741,SWISS FRANC,45038,15343,3456,8971,4356,2005,23681,0,483,17893,12236
2020-10-06T00:00:00.000,096742,BRITISH POUND,156467,40530,31490,44350,70082,37610,15047,1600,6403,25136,26204
2020-10-06T00:00:00.000,097741,JAPANESE YEN,163024,25909,30013,92295,11333,4584,93668,926,564,30183,18319
2020-10-06T00:00:00.000,098662,USD INDEX,31448,6044,15483,9501,7373,7343,0,1110,2406,4461,3197
2020-10-06T00:00:00.000,099741,EURO FX,652135,68151,50728,377765,74010,31976,452591,54127,6652,92783,40821
2020-10-06T00:00:00.000,112741,NZ DOLLAR,34612,12028,13894,10859,6595,5332,8658,282,1148,4452,2658
2020-10-06T00:00:00.000,232741,AUSTRALIAN DOLLAR,132119,47333,14884,51343,47295,3444,46261,1226,20,24871,19757
2020-10-13T00:00:00.000,090741,CANADIAN DOLLAR,121956,12775,40373,56207,18395,4067,37627,12303,0,31648,20605
2020-10-13T00:00:00.000,092741,SWISS FRANC,47725,15420,4335,10723,4769,1630,24043,0,483,19253,13396
2020-10-13T00:00:00.000,096742,BRITISH POUND,148279,37686,28781,44704,62276,29279,15213,1600,6374,27739,28364
2020-10-13T00:00:00.000,097741,JAPANESE YEN,165616,27822,32390,92746,10625,4695,92730,926,564,29824,19704
2020-10-13T00:00:00.000,098662,USD INDEX,29233,8598,9496,10326,7662,350,3321,2057,2578,4424,2698
2020-10-13T00:00:00.000,099741,EURO FX,646165,63825,53514,374580,70287,30856,443178,54393,6977,92436,42134
2020-10-13T00:00:00.000,112741,NZ DOLLAR,38209,15447,15123,11788,7296,4729,10305,508,1128,4458,3078
2020-10-13T00:00:00.000,232741,AUSTRALIAN DOLLAR,137281,47132,24817,55222,42978,3792,48216,1226,10,26189,17540
2020-10-20T00:00:00.000,090741,CANADIAN DOLLAR,123266,13348,43776,56504,19774,5073,35304,11311,0,31377,18759
2020-10-20T00:00:00.000,092741,SWISS FRANC,52755,18632,7348,12541,4744,2163,27018,0,483,19219,12962
2020-10-20T00:00:00.000,096742,BRITISH POUND,146356,40082,23650,44170,68057,28535,14140,1600,6214,23464,25790
2020-10-20T00:00:00.000,097741,JAPANESE YEN,166091,28306,36443,94480,11708,4815,92657,926,564,30081,17236
2020-10-20T00:00:00.000,098662,USD INDEX,29349,9774,9985,7431,7922,1851,2411,2291,2260,4184,2953
2020-10-20T00:00:00.000,099741,EURO FX,644667,67693,57879,367379,68726,32301,442622,54750,6464,94019,40451
2020-10-20T00:00:00.000,112741,NZ DOLLAR,37295,13475,14289,12215,7970,5892,10324,331,1071,4624,2883
2020-10-20T00:00:00.000,232741,AUSTRALIAN DOLLAR,134220,46706,18625,51249,43950,4384,49052,1226,1130,26937,17745
2020-10-27T00:00:00.000,090741,CANADIAN DOLLAR,122403,13024,39259,56129,22311,5328,37720,11617,400,30986,17394
2020-10-27T00:00:00.000,092741,SWISS FRANC,52735,19096,6285,10921,4222,2403,27741,0,477,19177,12872
2020-10-27T00:00:00.000,096742,BRITISH POUND,139984,32381,27888,44232,57322,26970,13466,1600,6214,27259,27552
2020-10-27T00:00:00.000,097741,JAPANESE YEN,177622,30008,32513,95993,10393,4361,106734,926,564,36255,17339
2020-10-27T00:00:00.000,098662,USD INDEX,29623,11920,8990,6523,8831,2342,2411,1362,2451,3739,3203
2020-10-27T00:00:00.000,099741,EURO FX,636778,60841,56428,361781,68119,35755,432981,53408,5520,92338,41075
2020-10-27T00:00:00.000,112741,NZ DOLLAR,40388,15529,17361,13181,6416,5748,11693,339,1293,4830,2864
2020-10-27T00:00:00.000,232741,AUSTRALIAN DOLLAR,130361,46547,15703,48272,47804,6493,45317,1226,1130,25227,17811
2020-11-03T00:00:00.000,090741,CANADIAN DOLLAR,124892,11009,37881,59833,20895,5318,42637,11686,0,31913,18346
2020-11-03T00:00:00.000,092741,SWISS FRANC,51092,19617,5462,9404,4014,3142,26919,0,477,17798,13089
2020-11-03T00:00:00.000,096742,BRITISH POUND,140437,31120,26652,39571,59397,35577,13478,1600,6214,24303,26430
2020-11-03T00:00:00.000,097741,JAPANESE YEN,184751,35077,26321,96561,12901,5279,117634,926,564,35101,15524
2020-11-03T00:00:00.000,098662,USD INDEX,26661,11721,6370,6712,7874,60,3346,1138,2743,3439,2737
2020-11-03T00:00:00.000,099741,EURO FX,627754,49641,59764,361060,74836,44816,417511,55584,5343,85482,39129
2020-11-03T00:00:00.000,112741,NZ DOLLAR,40400,15014,15905,14054,7952,5410,11598,321,1085,4831,3090
2020-11-03T00:00:00.000,232741,AUSTRALIAN DOLLAR,134352,47877,19770,43797,48536,13450,43409,1226,1150,23665,17150
2020-11-10T00:00:00.000,090741,CANADIAN DOLLAR,136456,15400,43535,58657,21266,5859,48715,12158,0,37218,15776
2020-11-10T00:00:00.000,092741,SWISS FRANC,52528,21007,5070,10040,4659,2292,28069,0,477,18566,13630
2020-11-10T00:00:00.000,096742,BRITISH POUND,141346,31009,35828,44109,52471,29278,10122,1600,6854,25777,26498
2020-11-10T00:00:00.000,097741,JAPANESE YEN,183518,38172,18762,95175,9275,4180,125783,3390,559,30556,17094
2020-11-10T00:00:00.000,098662,USD INDEX,29066,10272,8302,6142,8816,3975,3346,1899,2813,3694,2705
2020-11-10T00:00:00.000,099741,EURO FX,638993,56591,59918,367868,74038,43504,426295,45347,5346,92867,40580
2020-11-10T00:00:00.000,112741,NZ DOLLAR,46065,16618,20183,16326,6486,5257,13832,1268,1520,5739,3187
2020-11-10T00:00:00.000,232741,AUSTRALIAN DOLLAR,130615,40341,20974,44135,44826,14445,40811,1226,0,26101,19637
2020-11-17T00:00:00.000,090741,CANADIAN DOLLAR,136614,15075,40384,58811,23790,6139,49343,12640,0,35960,15108
2020-11-17T00:00:00.000,092741,SWISS FRANC,50775,19849,4469,10111,4594,2719,27451,0,481,17269,12953
2020-11-17T00:00:00.000,096742,BRITISH POUND,139010,29424,39361,46670,49247,24117,9438,1600,6854,27693,24604
2020-11-17T00:00:00.000,097741,JAPANESE YEN,165073,24391,14892,92980,9522,4472,113568,1485,559,31751,16538
2020-11-17T00:00:00.000,098662,USD INDEX,29413,9509,8709,5255,9148,6496,3346,2199,2933,3620,2943
2020-11-17T00:00:00.000,099741,EURO FX,637946,55787,61398,369264,67796,42782,428115,45702,5991,90141,40376
2020-11-17T00:00:00.000,112741,NZ DOLLAR,50687,17876,22132,17660,7183,5052,15238,3152,1699,5801,3289
2020-11-17T00:00:00.000,232741,AUSTRALIAN DOLLAR,129737,40939,17344,42142,46343,12546,43333,1226,420,28496,17909
2020-11-24T00:00:00.000,090741,CANADIAN DOLLAR,140823,18756,43423,58367,19052,5175,54910,13775,0,37118,15806
2020-11-24T00:00:00.000,092741,SWISS FRANC,50388,20044,4565,9684,4914,3397,27658,0,481,16568,12075
2020-11-24T00:00:00.000,096742,BRITISH POUND,142958,28774,40266,50906,48564,18948,11530,2032,6854,30382,23828
2020-11-24T00:00:00.000,097741,JAPANESE YEN,179503,27685,18739,97171,8497,4971,125009,8422,559,30961,16406
2020-11-24T00:00:00.000,098662,USD INDEX,31913,9882,10521,5390,9270,6445,3346,2874,2937,4661,3178
2020-11-24T00:00:00.000,099741,EURO FX,644566,57894,59428,374819,66193,40647,438130,45932,5953,87980,37568
2020-11-24T00:00:00.000,112741,NZ DOLLAR,54640,21618,25182,17980,7108,4840,16532,3287,1813,5920,3010
2020-11-24T00:00:00.000,232741,AUSTRALIAN DOLLAR,131531,41790,19353,44783,44457,11293,43608,1226,420,27726,18980
2020-12-01T00:00:00.000,090741,CANADIAN DOLLAR,147803,15500,45472,63608,19974,5571,58774,13360,0,41133,14952
2020-12-01T00:00:00.000,092741,SWISS FRANC,51683,19837,4576,8669,5100,3418,27411,0,481,19128,13484
2020-12-01T00:00:00.000,096742,BRITISH POUND,146966,30859,38517,55381,47435,13350,15387,2016,6854,32575,25988
2020-12-01T00:00:00.000,097741,JAPANESE YEN,185873,28197,19310,95030,7597,4366,131394,15365,559,32847,16945
2020-12-01T00:00:00.000,098662,USD INDEX,37196,16063,14782,5493,9572,6947,3346,1550,3024,4593,3922
2020-12-01T00:00:00.000,099741,EURO FX,654257,64671,59125,367187,67560,46995,439274,42745,6653,94536,43522
2020-12-01T00:00:00.000,112741,NZ DOLLAR,55345,21658,25914,18384,5847,4808,17668,3006,1561,6452,3318
2020-12-01T00:00:00.000,232741,AUSTRALIAN DOLLAR,130727,36627,17322,44087,47089,11911,44802,1226,420,31765,15983
2020-12-08T00:00:00.000,090741,CANADIAN DOLLAR,163589,20666,52151,65602,20069,6804,61872,12943,400,45430,16953
2020-12-08T00:00:00.000,092741,SWISS FRANC,54922,16361,5519,9997,4490,2775,29430,0,481,22855,12068
2020-12-08T00:00:00.000,096742,BRITISH POUND,164184,27354,28520,56234,47114,10206,18941,1600,6854,33002,26967
2020-12-08T00:00:00.000,097741,JAPANESE YEN,193326,31321,18203,97516,7420,4611,140755,14681,559,33930,15122
2020-12-08T00:00:00.000,098662,USD INDEX,48516,21787,17246,4974,9611,5802,3346,675,3116,5174,5093
2020-12-08T00:00:00.000,099741,EURO FX,683351,72412,58873,371598,71244,44128,448295,39176,5545,99562,42919
2020-12-08T00:00:00.000,112741,NZ DOLLAR,61261,22042,26901,19791,6112,4437,18150,3096,1092,6222,3333
2020-12-08T00:00:00.000,232741,AUSTRALIAN DOLLAR,160280,41846,22691,45083,47551,10815,45995,1726,420,33908,16721
2020-12-15T00:00:00.000,090741,CANADIAN DOLLAR,196230,22436,54272,61545,17614,6949,62614,13164,400,45778,14972
2020-12-15T00:00:00.000,092741,SWISS FRANC,48913,15835,7360,9944,4752,497,23232,0,484,21842,12290
2020-12-15T00:00:00.000,096742,BRITISH POUND,142242,26836,27093,52997,46851,19893,27811,1600,6854,32671,25388
2020-12-15T00:00:00.000,097741,JAPANESE YEN,193317,33998,23561,100794,7941,4442,136999,10676,559,34221,15071
2020-12-15T00:00:00.000,098662,USD INDEX,35894,12942,15604,5242,10387,10024,53,907,3058,3540,3553
2020-12-15T00:00:00.000,099741,EURO FX,657046,66504,48447,377303,72034,35770,451853,41660,6332,96217,38788
2020-12-15T00:00:00.000,112741,NZ DOLLAR,47402,15368,17450,19546,6114,2345,19270,3262,1285,6312,2714
2020-12-15T00:00:00.000,232741,AUSTRALIAN DOLLAR,127016,35708,18461,48109,49096,3505,40227,1952,420,33982,15052
2020-12-21T00:00:00.000,090741,CANADIAN DOLLAR,156597,25148,31066,63844,18221,2882,83913,14072,0,41218,13964
2020-12-21T00:00:00.000,092741,SWISS FRANC,53305,21494,11376,10086,5054,497,24591,0,484,20806,11378
2020-12-21T00:00:00.000,096742,BRITISH POUND,144606,28446,27132,53304,46844,20356,28802,1600,6854,29769,23843
2020-12-21T00:00:00.000,097741,JAPANESE YEN,196845,31937,23404,105681,7421,3908,139896,12781,559,33790,16817
2020-12-21T00:00:00.000,098662,USD INDEX,34751,13452,14127,5354,10556,9406,98,784,3798,3376,3793
2020-12-21T00:00:00.000,099741,EURO FX,659499,68772,50411,380121,69671,34542,455340,42509,6021,92586,37087
2020-12-21T00:00:00.000,112741,NZ DOLLAR,48309,16815,18610,18839,6131,2626,18308,2844,1231,6122,2966
2020-12-21T00:00:00.000,232741,AUSTRALIAN DOLLAR,136013,39044,22350,54576,47726,3355,43053,2483,420,32601,18510
2020-12-29T00:00:00.000,090741,CANADIAN DOLLAR,154464,25676,24487,61555,18527,3118,87384,14535,434,40077,14129
2020-12-29T00:00:00.000,092741,SWISS FRANC,52404,19646,8982,9806,5187,501,25283,0,484,21850,11867
2020-12-29T00:00:00.000,096742,BRITISH POUND,139870,28594,25292,48644,46389,19369,26078,2011,8454,31824,24229
2020-12-29T00:00:00.000,097741,JAPANESE YEN,194454,27662,19082,107637,7392,3897,144775,13576,559,33431,14395
2020-12-29T00:00:00.000,098662,USD INDEX,35978,14397,14003,5344,10388,9206,848,907,4378,3292,3529
2020-12-29T00:00:00.000,099741,EURO FX,671643,68234,51624,397781,69960,32291,472333,42536,5621,95579,36883
2020-12-29T00:00:00.000,112741,NZ DOLLAR,47915,17162,18206,18335,6795,3445,17858,1956,1460,6287,2866
2020-12-29T00:00:00.000,232741,AUSTRALIAN DOLLAR,138309,39776,25387,54715,46928,3297,46070,1798,420,34473,15254
2021-01-05T00:00:00.000,090741,CANADIAN DOLLAR,156124,25583,25534,60449,18220,3123,84636,15939,439,40770,17035
2021-01-05T00:00:00.000,092741,SWISS FRANC,49028,15319,7350,9822,5376,901,23600,0,484,22392,11624
2021-01-05T00:00:00.000,096742,BRITISH POUND,143209,27946,26937,51895,49273,18852,26203,1700,6854,33641,24767
2021-01-05T00:00:00.000,097741,JAPANESE YEN,206963,35351,21955,111617,7523,4650,153840,9332,559,36774,13847
2021-01-05T00:00:00.000,098662,USD INDEX,37569,14708,14904,5273,10582,9107,998,858,3746,3831,3547
2021-01-05T00:00:00.000,099741,EURO FX,673532,67843,54977,398567,67572,34129,473829,42126,4561,94847,36573
2021-01-05T00:00:00.000,112741,NZ DOLLAR,47194,16118,18160,17934,6028,3026,17961,2343,1478,7098,2892
2021-01-05T00:00:00.000,232741,AUSTRALIAN DOLLAR,146093,42895,27815,57725,48313,3238,46724,1798,420,35013,17397
2021-01-12T00:00:00.000,090741,CANADIAN DOLLAR,156675,27093,26778,59057,23678,3394,77231,16604,456,39924,17929
2021-01-12T00:00:00.000,092741,SWISS FRANC,50164,18722,7756,8572,5584,1463,23788,0,484,20938,12083
2021-01-12T00:00:00.000,096742,BRITISH POUND,152924,35963,28109,53557,48933,15304,35361,2128,7278,35676,22947
2021-01-12T00:00:00.000,097741,JAPANESE YEN,190811,27744,15493,105442,7644,5082,139345,14152,1215,31124,19847
2021-01-12T00:00:00.000,098662,USD INDEX,34855,10345,14024,6385,10002,8630,1498,2002,2774,4601,3665
2021-01-12T00:00:00.000,099741,EURO FX,677952,72119,48463,397611,69775,31649,479348,40072,3777,98320,38408
2021-01-12T00:00:00.000,112741,NZ DOLLAR,44757,17492,15133,16580,5934,2765,18607,908,1582,6264,2753
2021-01-12T00:00:00.000,232741,AUSTRALIAN DOLLAR,144614,45355,19936,57792,48226,2418,51347,1807,420,31897,19340
2021-01-19T00:00:00.000,090741,CANADIAN DOLLAR,154231,26324,26181,58206,26507,2806,73125,17033,0,38693,17249
2021-01-19T00:00:00.000,092741,SWISS FRANC,48530,16107,7402,8701,5476,1343,22605,0,641,21820,11847
2021-01-19T00:00:00.000,096742,BRITISH POUND,147096,31050,25242,56828,49818,14524,32595,2105,6854,33343,23341
2021-01-19T00:00:00.000,097741,JAPANESE YEN,191540,28011,16899,106382,7667,4410,142752,14152,565,31176,16248
2021-01-19T00:00:00.000,098662,USD INDEX,36065,10293,15947,6495,10029,9529,1573,1674,2672,5827,3597
2021-01-19T00:00:00.000,099741,EURO FX,676515,80097,48853,388004,56895,32544,492392,42232,3649,98008,39096
2021-01-19T00:00:00.000,112741,NZ DOLLAR,46244,20362,15549,14168,6513,3140,18327,534,1556,6719,2978
2021-01-19T00:00:00.000,232741,AUSTRALIAN DOLLAR,144283,46290,20524,54879,49424,2454,52592,1641,0,34195,16919
2021-01-26T00:00:00.000,090741,CANADIAN DOLLAR,168896,36085,33594,59033,24387,2938,84189,17537,0,43253,16676
2021-01-26T00:00:00.000,092741,SWISS FRANC,48337,16786,6367,7058,6420,1712,22541,0,642,22340,11926
2021-01-26T00:00:00.000,096742,BRITISH POUND,154558,33797,31563,57428,50552,15203,30772,2068,6854,37349,26104
2021-01-26T00:00:00.000,097741,JAPANESE YEN,193822,28334,20911,105977,7560,4453,140768,14472,565,33803,17235
2021-01-26T00:00:00.000,098662,USD INDEX,37137,10005,16550,6569,10050,10405,1498,1692,2672,5558,3459
2021-01-26T00:00:00.000,099741,EURO FX,677432,76457,46921,389037,55550,35335,494670,44225,3197,95217,39933
2021-01-26T00:00:00.000,112741,NZ DOLLAR,46804,22094,15988,13087,7131,3735,18480,831,1520,6643,3271
2021-01-26T00:00:00.000,232741,AUSTRALIAN DOLLAR,143073,43803,20683,53750,49654,3472,49279,1724,0,34864,17997
2021-02-02T00:00:00.000,090741,CANADIAN DOLLAR,158155,31846,23689,55128,25512,3084,80729,16710,0,40145,16983
2021-02-02T00:00:00.000,092741,SWISS FRANC,50832,22540,6313,5003,5875,2965,22470,0,642,19606,14814
2021-02-02T00:00:00.000,096742,BRITISH POUND,161100,39479,37839,56613,51696,17955,29994,3042,6467,34802,25895
2021-02-02T00:00:00.000,097741,JAPANESE YEN,190948,38181,27924,95603,11676,9172,119013,14972,566,25205,23954
2021-02-02T00:00:00.000,098662,USD INDEX,36894,10190,16863,7593,9873,8778,1453,2025,3229,5921,3089
2021-02-02T00:00:00.000,099741,EURO FX,675520,73530,51409,381415,54720,34702,476340,44909,3892,95238,43433
2021-02-02T00:00:00.000,112741,NZ DOLLAR,50685,24559,19377,11844,8607,5240,15868,1420,1511,6140,3840
2021-02-02T00:00:00.000,232741,AUSTRALIAN DOLLAR,142644,45517,20524,53173,51065,3469,49182,1226,0,35247,17861
2021-02-09T00:00:00.000,090741,CANADIAN DOLLAR,158454,29991,26685,51534,27556,5063,74802,16328,0,43445,17318
2021-02-09T00:00:00.000,092741,SWISS FRANC,48656,19701,5608,4709,6706,6992,21775,0,642,16777,13448
2021-02-09T00:00:00.000,096742,BRITISH POUND,170161,47393,33385,56888,52663,12122,42233,2962,6467,41366,25983
2021-02-09T00:00:00.000,097741,JAPANESE YEN,183901,34758,28508,88270,12423,10145,108756,14826,567,28738,26483
2021-02-09T00:00:00.000,098662,USD INDEX,36189,9535,17603,7122,9199,9921,953,1739,2419,5364,3507
2021-02-09T00:00:00.000,099741,EURO FX,673116,70898,48435,386455,53379,29639,476896,44525,4572,94929,43164
2021-02-09T00:00:00.000,112741,NZ DOLLAR,48655,22016,18078,12453,7501,4607,17533,1601,1693,6785,2657
2021-02-09T00:00:00.000,232741,AUSTRALIAN DOLLAR,140497,45471,19644,50340,50867,4679,45886,0,0,35263,19356
2021-02-16T00:00:00.000,090741,CANADIAN DOLLAR,159266,31091,30289,52615,24544,4130,74056,15629,0,44228,18804
2021-02-16T00:00:00.000,092741,SWISS FRANC,48093,16651,5634,5229,6723,7167,21768,0,642,18061,12341
2021-02-16T00:00:00.000,096742,BRITISH POUND,171218,46204,31744,58893,51603,12461,46378,2943,6467,41458,25767
2021-02-16T00:00:00.000,097741,JAPANESE YEN,188119,39232,30856,89331,14195,10062,106657,15346,567,26010,27706
2021-02-16T00:00:00.000,098662,USD INDEX,35968,10274,17161,6706,9871,10131,953,1461,2441,5276,3422
2021-02-16T00:00:00.000,099741,EURO FX,675761,68136,48708,396030,56623,28131,479310,43218,4624,92886,39136
2021-02-16T00:00:00.000,112741,NZ DOLLAR,48103,23404,18414,13057,6644,3601,17961,750,1533,6293,2553
2021-02-16T00:00:00.000,232741,AUSTRALIAN DOLLAR,140954,44111,21070,51377,50675,4695,45429,0,0,35963,18972
2021-02-23T00:00:00.000,090741,CANADIAN DOLLAR,166868,31808,33730,53525,22016,2853,80791,16562,0,49255,17466
2021-02-23T00:00:00.000,092741,SWISS FRANC,53002,22430,7801,4152,7196,9374,21329,0,642,15694,14682
2021-02-23T00:00:00.000,096742,BRITISH POUND,176721,50662,34912,60450,47924,11522,51009,4021,6467,39418,25761
2021-02-23T00:00:00.000,097741,JAPANESE YEN,183247,39084,38915,81602,16918,13724,92821,15346,567,25206,25741
2021-02-23T00:00:00.000,098662,USD INDEX,41377,11184,18919,6903,9082,10656,953,2175,2704,5047,4307
2021-02-23T00:00:00.000,099741,EURO FX,696916,72092,54006,402165,57490,28603,483691,41282,5007,95278,39226
2021-02-23T00:00:00.000,112741,NZ DOLLAR,48209,23091,18953,13622,4156,3011,19544,852,1641,6498,2780
2021-02-23T00:00:00.000,232741,AUSTRALIAN DOLLAR,145261,42856,26043,53136,44358,4965,49754,465,774,37667,18160
2021-03-02T00:00:00.000,090741,CANADIAN DOLLAR,168689,36498,27514,50801,28542,952,82899,18931,0,47607,15834
2021-03-02T00:00:00.000,092741,SWISS FRANC,52707,23059,7253,3758,7537,13221,19420,0,643,11522,16707
2021-03-02T00:00:00.000,096742,BRITISH POUND,169363,52516,25879,57190,51030,10067,51166,2907,6693,36154,24066
2021-03-02T00:00:00.000,097741,JAPANESE YEN,189270,35924,42452,78840,21129,23390,81975,15926,567,21863,29820
2021-03-02T00:00:00.000,098662,USD INDEX,37546,9816,21001,7541,5831,8996,953,3733,3417,4019,2903
2021-03-02T00:00:00.000,099741,EURO FX,698229,73422,55194,402346,65297,31023,467221,35922,4941,90871,40931
2021-03-02T00:00:00.000,112741,NZ DOLLAR,48587,24429,17368,12805,5066,2074,18503,744,1686,5588,3017
2021-03-02T00:00:00.000,232741,AUSTRALIAN DOLLAR,149904,46966,23595,53948,43573,4649,54608,432,774,34594,18039
2021-03-09T00:00:00.000,090741,CANADIAN DOLLAR,173078,36120,30206,49795,29765,1292,77420,18548,0,48876,17240
2021-03-09T00:00:00.000,092741,SWISS FRANC,57348,25136,5697,2441,9651,17190,19521,0,643,9994,19249
2021-03-09T00:00:00.000,096742,BRITISH POUND,181373,47340,23890,53924,49798,9964,44874,3118,6227,36212,25769
2021-03-09T00:00:00.000,097741,JAPANESE YEN,211347,43612,50648,75218,32152,45628,77961,14615,982,20013,37343
2021-03-09T00:00:00.000,098662,USD INDEX,41300,11591,28092,7459,3657,10400,288,3688,3282,4812,2631
2021-03-09T00:00:00.000,099741,EURO FX,722123,64247,64173,394927,70728,33499,444345,36244,5149,96525,41047
2021-03-09T00:00:00.000,112741,NZ DOLLAR,51380,25333,17455,12097,5066,3128,18910,110,1718,5639,3158
2021-03-09T00:00:00.000,232741,AUSTRALIAN DOLLAR,150330,48883,22099,48511,47202,4177,44782,452,774,36787,23953
2021-03-16T00:00:00.000,090741,CANADIAN DOLLAR,186932,36620,31521,53020,27734,2334,70004,18273,0,50410,31398
2021-03-16T00:00:00.000,092741,SWISS FRANC,37985,15450,3260,2311,9956,11125,1343,0,643,8479,22163
2021-03-16T00:00:00.000,096742,BRITISH POUND,148035,40822,24110,58592,46299,2782,41254,3203,6227,36323,23832
2021-03-16T00:00:00.000,097741,JAPANESE YEN,145951,21051,54898,71063,35249,26005,11713,1222,568,18453,35366
2021-03-16T00:00:00.000,098662,USD INDEX,35368,12506,17494,7361,3627,2164,8057,5853,1717,5184,2173
2021-03-16T00:00:00.000,099741,EURO FX,638977,48912,60735,404576,66921,26711,430548,37381,4379,87260,42257
2021-03-16T00:00:00.000,112741,NZ DOLLAR,34565,13776,15113,11610,6568,2282,6599,113,1633,4862,2730
2021-03-16T00:00:00.000,232741,AUSTRALIAN DOLLAR,129421,40325,17915,49614,46273,232,44150,6115,774,30300,17474
2021-03-23T00:00:00.000,090741,CANADIAN DOLLAR,162170,31099,31754,55792,29494,3157,72997,17681,0,46479,19963
2021-03-23T00:00:00.000,092741,SWISS FRANC,38302,14565,3722,2431,10632,11281,1359,0,643,9474,21395
2021-03-23T00:00:00.000,096742,BRITISH POUND,146112,40724,27597,53881,45119,5318,34303,2428,6227,35919,25024
2021-03-23T00:00:00.000,097741,JAPANESE YEN,160581,23035,66682,69874,39545,37802,6936,2402,563,19405,38792
2021-03-23T00:00:00.000,098662,USD INDEX,36732,14122,19529,7869,3186,315,8057,7081,1800,5177,1992
2021-03-23T00:00:00.000,099741,EURO FX,641428,51452,58114,398839,69324,27253,431005,38895,2707,88274,43563
2021-03-23T00:00:00.000,112741,NZ DOLLAR,38253,15701,17204,9667,6277,4562,7155,0,1861,5865,3298
2021-03-23T00:00:00.000,232741,AUSTRALIAN DOLLAR,133276,42039,20922,45944,47104,1576,42708,8670,774,32392,19113
2021-03-30T00:00:00.000,090741,CANADIAN DOLLAR,164199,31086,32163,59136,29284,2538,75307,16980,519,46055,18522
2021-03-30T00:00:00.000,092741,SWISS FRANC,42770,17799,4277,2325,11898,12628,1708,0,643,9414,23640
2021-03-30T00:00:00.000,096742,BRITISH POUND,139779,41021,19298,47874,46592,5714,32065,2952,6227,34194,27573
2021-03-30T00:00:00.000,097741,JAPANESE YEN,166091,22715,65897,67615,44377,48484,7277,700,563,18838,40238
2021-03-30T00:00:00.000,098662,USD INDEX,40306,15261,22558,8219,2631,1015,8117,7391,2355,6175,2400
2021-03-30T00:00:00.000,099741,EURO FX,645121,57133,63913,385040,79882,34931,416782,38532,2648,91621,44032
2021-03-30T00:00:00.000,112741,NZ DOLLAR,36805,16005,14992,8012,6912,5410,7634,0,1860,5351,3380
2021-03-30T00:00:00.000,232741,AUSTRALIAN DOLLAR,137335,48309,20167,46984,48342,2604,44564,9576,774,27517,21143
2021-04-06T00:00:00.000,090741,CANADIAN DOLLAR,166118,31228,34662,57757,27816,4864,75554,18652,1200,45729,18998
2021-04-06T00:00:00.000,092741,SWISS FRANC,43677,17313,4474,2415,13330,14595,1845,0,643,8848,22879
2021-04-06T00:00:00.000,096742,BRITISH POUND,140556,40482,21823,50281,47268,4921,32940,2852,6681,34960,24784
2021-04-06T00:00:00.000,097741,JAPANESE YEN,164310,26100,62386,57282,48575,54124,6134,700,563,18907,39455
2021-04-06T00:00:00.000,098662,USD INDEX,39111,12170,20859,8530,2563,1825,8465,7594,2014,6179,2397
2021-04-06T00:00:00.000,099741,EURO FX,642671,53206,65295,390933,76823,34432,414427,38427,2672,89693,47474
2021-04-06T00:00:00.000,112741,NZ DOLLAR,37377,17263,14544,7562,7329,5546,8131,0,2155,5127,3339
2021-04-06T00:00:00.000,232741,AUSTRALIAN DOLLAR,137218,45221,21799,47737,52616,3628,43111,9512,0,29395,17967
2021-04-13T00:00:00.000,090741,CANADIAN DOLLAR,166186,31515,36387,57444,27119,6265,75301,18544,900,44104,18165
2021-04-13T00:00:00.000,092741,SWISS FRANC,42423,14568,6147,2024,11534,15455,2268,0,643,9909,21364
2021-04-13T00:00:00.000,096742,BRITISH POUND,148785,46871,23079,49176,49680,3269,37314,2982,6681,37222,22766
2021-04-13T00:00:00.000,097741,JAPANESE YEN,165431,28458,63748,54076,49595,57485,6352,700,566,17761,38219
2021-04-13T00:00:00.000,098662,USD INDEX,39165,8852,18606,8635,2852,4075,8057,6872,1895,6317,3341
2021-04-13T00:00:00.000,099741,EURO FX,648681,55274,65489,393478,72885,33974,421920,38121,3336,88707,45924
2021-04-13T00:00:00.000,112741,NZ DOLLAR,38435,17882,14835,7753,7951,5794,8721,0,2075,5229,3076
2021-04-13T00:00:00.000,232741,AUSTRALIAN DOLLAR,139633,46773,21922,47584,53227,4397,42504,9112,0,29110,19323
2021-04-20T00:00:00.000,090741,CANADIAN DOLLAR,173145,36836,32483,58908,28014,4335,85943,18857,400,46500,18596
2021-04-20T00:00:00.000,092741,SWISS FRANC,41266,12867,7561,3429,10155,14968,2271,0,643,9550,20184
2021-04-20T00:00:00.000,096742,BRITISH POUND,164246,55380,31119,55603,51171,2280,46362,2052,6681,40167,20149
2021-04-20T00:00:00.000,097741,JAPANESE YEN,162649,27869,72414,48865,37728,57722,8784,1300,566,18258,34522
2021-04-20T00:00:00.000,098662,USD INDEX,36777,8025,16006,8171,4586,3328,8057,7028,1131,6498,3270
2021-04-20T00:00:00.000,099741,EURO FX,661640,61556,61540,393760,63317,33403,449085,40709,3910,91482,43058
2021-04-20T00:00:00.000,112741,NZ DOLLAR,40632,19858,15782,9418,7535,5148,11145,0,1868,5227,3321
2021-04-20T00:00:00.000,232741,AUSTRALIAN DOLLAR,136167,44619,23012,49473,52627,3733,42261,3989,10,31677,15581
2021-04-27T00:00:00.000,090741,CANADIAN DOLLAR,180771,39123,37917,61651,21535,2190,93433,20078,1140,50186,19203
2021-04-27T00:00:00.000,092741,SWISS FRANC,40783,12248,7726,4252,9158,13589,3197,0,643,10126,19491
2021-04-27T00:00:00.000,096742,BRITISH POUND,161251,51675,27143,58391,51164,2326,47612,2092,6681,38732,20616
2021-04-27T00:00:00.000,097741,JAPANESE YEN,154894,28779,71140,50237,31126,47369,10834,700,566,19987,33406
2021-04-27T00:00:00.000,098662,USD INDEX,36598,11109,14976,8041,5427,4680,8057,2867,987,5970,3220
2021-04-27T00:00:00.000,099741,EURO FX,672072,63322,63360,396062,66117,37516,457177,39099,4211,95959,41093
2021-04-27T00:00:00.000,112741,NZ DOLLAR,44102,21636,16417,10412,6659,4898,14942,1083,1861,5069,3219
2021-04-27T00:00:00.000,232741,AUSTRALIAN DOLLAR,140736,43529,27036,55084,51064,3330,43064,2672,0,32760,16211
2021-05-04T00:00:00.000,090741,CANADIAN DOLLAR,196817,46151,46244,70666,18357,2406,104756,17015,1639,52291,17533
2021-05-04T00:00:00.000,092741,SWISS FRANC,39526,11941,7347,3000,8310,13580,4458,0,643,10768,18531
2021-05-04T00:00:00.000,096742,BRITISH POUND,152741,46251,28725,53667,51667,3725,36952,2237,6681,40052,21907
2021-05-04T00:00:00.000,097741,JAPANESE YEN,152676,27394,65632,48048,33073,47343,11375,700,566,20288,33127
2021-05-04T00:00:00.000,098662,USD INDEX,34179,8003,13384,7993,5904,5830,8057,3068,835,5963,2677
2021-05-04T00:00:00.000,099741,EURO FX,677397,59981,63801,398683,65948,37028,460132,41069,4209,96919,39590
2021-05-04T00:00:00.000,112741,NZ DOLLAR,44453,20787,16590,11786,5502,4733,16533,1025,1683,4952,2975
2021-05-04T00:00:00.000,232741,AUSTRALIAN DOLLAR,137649,42175,22620,55582,52387,2980,42223,3209,419,31003,17300
2021-05-11T00:00:00.000,090741,CANADIAN DOLLAR,201955,47810,42461,75591,15929,2910,110843,17425,2123,48225,20605
2021-05-11T00:00:00.000,092741,SWISS FRANC,41585,11538,10220,4346,8364,11523,5953,0,643,13862,16089
2021-05-11T00:00:00.000,096742,BRITISH POUND,173960,52151,32235,64841,52435,3094,52802,2667,6681,43759,22359
2021-05-11T00:00:00.000,097741,JAPANESE YEN,152404,25983,66036,46216,32788,50064,10078,700,566,20052,33547
2021-05-11T00:00:00.000,098662,USD INDEX,41836,14888,17279,8398,8503,4810,8057,4001,843,5794,3209
2021-05-11T00:00:00.000,099741,EURO FX,697211,72130,69703,406686,67350,28318,476767,40908,5220,106123,35125
2021-05-11T00:00:00.000,112741,NZ DOLLAR,45414,20451,16332,12126,4748,4655,18466,1214,1751,5566,2715
2021-05-11T00:00:00.000,232741,AUSTRALIAN DOLLAR,140907,41507,24374,58129,50778,2404,45992,1356,405,34767,16614
2021-05-18T00:00:00.000,090741,CANADIAN DOLLAR,207963,50150,38330,75822,15530,2986,119874,17347,1437,48890,20024
2021-05-18T00:00:00.000,092741,SWISS FRANC,44162,11657,12219,5409,8019,11466,6914,0,643,15059,15796
2021-05-18T00:00:00.000,096742,BRITISH POUND,173146,49591,34113,67475,50501,3392,52205,2338,6681,42257,21553
2021-05-18T00:00:00.000,097741,JAPANESE YEN,154727,21343,69183,43603,35375,59418,6181,700,1172,19433,32586
2021-05-18T00:00:00.000,098662,USD INDEX,42995,12719,16589,8272,8761,5459,8057,5100,959,6234,3418
2021-05-18T00:00:00.000,099741,EURO FX,727631,70419,73738,440386,66190,27823,507106,40918,5558,109261,36215
2021-05-18T00:00:00.000,112741,NZ DOLLAR,43155,19405,14194,12075,5526,4712,18532,335,1328,5508,2455
2021-05-18T00:00:00.000,232741,AUSTRALIAN DOLLAR,137436,44547,22533,54662,51123,3437,44709,834,0,30543,15658
2021-05-25T00:00:00.000,090741,CANADIAN DOLLAR,213176,53787,41492,78154,14630,2581,124757,16995,1362,49306,18582
2021-05-25T00:00:00.000,092741,SWISS FRANC,43521,12530,10876,5951,7628,11361,8219,0,643,13233,15709
2021-05-25T00:00:00.000,096742,BRITISH POUND,169372,48903,29876,66955,49008,2710,54872,2338,6681,40988,21457
2021-05-25T00:00:00.000,097741,JAPANESE YEN,153196,20897,68564,44828,35167,57698,7890,700,1305,19120,30317
2021-05-25T00:00:00.000,098662,USD INDEX,43043,14247,16189,8442,9186,3708,8057,5560,1135,6159,3549
2021-05-25T00:00:00.000,099741,EURO FX,738138,70981,73484,445783,67407,27676,516244,42054,5225,111477,35611
2021-05-25T00:00:00.000,112741,NZ DOLLAR,44245,20556,13760,11265,6593,4738,18319,486,1495,5873,2751
2021-05-25T00:00:00.000,232741,AUSTRALIAN DOLLAR,134790,41952,21783,53288,51762,4771,42823,2759,0,29543,15945
2021-06-01T00:00:00.000,090741,CANADIAN DOLLAR,228957,54113,42416,83155,11246,2892,135851,17054,1410,51491,17782
2021-06-01T00:00:00.000,092741,SWISS FRANC,46004,13785,11412,6697,7607,9914,10274,0,640,14971,15434
2021-06-01T00:00:00.000,096742,BRITISH POUND,174502,45973,35668,73440,47041,3134,54570,2338,6681,40451,21376
2021-06-01T00:00:00.000,097741,JAPANESE YEN,162091,25947,70002,44406,40565,62180,6064,700,1138,19467,34931
2021-06-01T00:00:00.000,098662,USD INDEX,48045,19962,18315,9034,9697,2707,9136,3919,1345,7217,4346
2021-06-01T00:00:00.000,099741,EURO FX,742079,69560,69723,452078,67875,27372,521623,40619,4600,112057,37865
2021-06-01T00:00:00.000,112741,NZ DOLLAR,46253,20683,15548,11991,6272,4798,18199,529,1338,6170,2814
2021-06-01T00:00:00.000,232741,AUSTRALIAN DOLLAR,135182,44101,20310,50616,54629,5538,40620,1366,0,30225,16287
2021-06-08T00:00:00.000,090741,CANADIAN DOLLAR,220053,50941,38034,81451,11354,3677,134330,17168,1421,50357,18455
2021-06-08T00:00:00.000,092741,SWISS FRANC,49202,12850,11607,6385,7006,9746,10823,0,640,16922,15827
2021-06-08T00:00:00.000,096742,BRITISH POUND,171602,43079,28024,68867,44060,2389,55037,2538,6381,38028,21399
2021-06-08T00:00:00.000,097741,JAPANESE YEN,161592,24831,57822,46577,45101,55126,6791,700,566,21222,38176
2021-06-08T00:00:00.000,098662,USD INDEX,49573,19680,19205,10354,10651,2587,10172,4557,1263,7690,3577
2021-06-08T00:00:00.000,099741,EURO FX,743159,63558,70560,453297,66384,23841,517905,42918,4031,113822,38556
2021-06-08T00:00:00.000,112741,NZ DOLLAR,45803,18569,14255,11667,5716,4946,17778,150,1137,6521,2967
2021-06-08T00:00:00.000,232741,AUSTRALIAN DOLLAR,148640,40835,20209,51615,57836,7726,37155,1284,0,31047,17307
2021-06-15T00:00:00.000,090741,CANADIAN DOLLAR,252936,49027,31818,76030,11063,3975,132177,17918,559,48013,19346
2021-06-15T00:00:00.000,092741,SWISS FRANC,37057,14861,5285,5197,7908,1435,6669,0,640,14949,15940
2021-06-15T00:00:00.000,096742,BRITISH POUND,156059,44132,19069,55990,42806,4470,56986,2975,6419,38047,20334
2021-06-15T00:00:00.000,097741,JAPANESE YEN,155359,20987,64417,44634,46383,63712,900,1400,566,18879,37346
2021-06-15T00:00:00.000,098662,USD INDEX,37453,9495,17294,10940,11032,2301,3614,5920,514,6577,2779
2021-06-15T00:00:00.000,099741,EURO FX,694722,49079,51822,454721,68198,16470,501518,42946,5583,99890,35985
2021-06-15T00:00:00.000,112741,NZ DOLLAR,37913,15489,13585,11768,4063,3445,14302,134,1278,5787,3395
2021-06-15T00:00:00.000,232741,AUSTRALIAN DOLLAR,124137,31240,14084,51951,63836,8998,25442,3649,0,26262,18738
2021-06-22T00:00:00.000,090741,CANADIAN DOLLAR,202787,50537,27637,67142,15022,11865,127988,18356,718,43060,19595
2021-06-22T00:00:00.000,092741,SWISS FRANC,41889,23014,6368,2938,9494,4494,6477,0,640,10676,18143
2021-06-22T00:00:00.000,096742,BRITISH POUND,171280,48628,24161,43759,48258,31961,57436,3275,6419,32470,23819
2021-06-22T00:00:00.000,097741,JAPANESE YEN,190545,32954,75791,42821,64346,89044,1485,716,1605,16991,39299
2021-06-22T00:00:00.000,098662,USD INDEX,34629,8955,20144,11845,5778,1435,3554,3389,365,7181,2964
2021-06-22T00:00:00.000,099741,EURO FX,694804,52382,68507,448787,84289,19485,457928,38864,4316,96568,41046
2021-06-22T00:00:00.000,112741,NZ DOLLAR,39285,20154,12533,5041,5752,8053,14611,0,1196,4615,3771
2021-06-22T00:00:00.000,232741,AUSTRALIAN DOLLAR,147814,47822,22425,46538,73504,21622,22968,6488,800,22094,24867
2021-06-29T00:00:00.000,090741,CANADIAN DOLLAR,196928,50375,24639,65203,11394,7994,128705,17677,1492,43608,18627
2021-06-29T00:00:00.000,092741,SWISS FRANC,42684,21447,5903,2589,10300,7110,6477,0,642,10865,18689
2021-06-29T00:00:00.000,096742,BRITISH POUND,169230,48548,26797,44384,47417,28892,56101,3285,6419,34027,22402
2021-06-29T00:00:00.000,097741,JAPANESE YEN,195698,26020,76282,42985,69061,99898,835,700,1605,18496,40316
2021-06-29T00:00:00.000,098662,USD INDEX,34924,8425,21743,11857,4600,1311,3554,4295,946,7224,2269
2021-06-29T00:00:00.000,099741,EURO FX,697425,51345,64095,450042,86760,21157,455454,40744,6435,94487,45031
2021-06-29T00:00:00.000,112741,NZ DOLLAR,41352,20951,12640,4863,7011,8837,15372,343,768,4521,3724
2021-06-29T00:00:00.000,232741,AUSTRALIAN DOLLAR,140482,40989,16960,46291,73543,19555,22539,5459,800,24473,22925
2021-07-06T00:00:00.000,090741,CANADIAN DOLLAR,202136,53925,27315,63486,15632,10742,127454,18473,1714,44346,18857
2021-07-06T00:00:00.000,092741,SWISS FRANC,44739,21735,5205,2185,12776,10219,5800,0,642,9595,19311
2021-07-06T00:00:00.000,096742,BRITISH POUND,178783,55336,25501,39701,53386,37795,53695,3049,6831,29841,26309
2021-07-06T00:00:00.000,097741,JAPANESE YEN,205341,32680,73029,38839,78359,105631,1862,700,1605,16701,39696
2021-07-06T00:00:00.000,098662,USD INDEX,37205,10158,16075,11652,3799,1161,12191,5156,1513,7557,2106
2021-07-06T00:00:00.000,099741,EURO FX,699383,52702,68652,445331,94060,24503,441656,41802,6938,94301,47333
2021-07-06T00:00:00.000,112741,NZ DOLLAR,41756,20973,11615,4890,8562,9211,15598,298,899,4622,3320
2021-07-06T00:00:00.000,232741,AUSTRALIAN DOLLAR,147352,47777,23384,41668,77195,25548,17975,5176,0,23265,24880
2021-07-13T00:00:00.000,090741,CANADIAN DOLLAR,198714,50876,23961,54964,26390,20420,116843,18533,1673,42347,18273
2021-07-13T00:00:00.000,092741,SWISS FRANC,45704,20515,6421,2301,13034,12630,5987,0,642,8825,18187
2021-07-13T00:00:00.000,096742,BRITISH POUND,172345,44513,25567,39681,52505,44338,52123,2856,5779,30912,26326
2021-07-13T00:00:00.000,097741,JAPANESE YEN,203727,39052,76728,40313,75674,96224,4663,1555,1593,16520,35006
2021-07-13T00:00:00.000,098662,USD INDEX,37890,11238,14131,10742,2888,1182,15134,5371,1810,7539,2109
2021-07-13T00:00:00.000,099741,EURO FX,688952,59722,81863,426597,96349,25282,413540,43593,5100,91837,50179
2021-07-13T00:00:00.000,112741,NZ DOLLAR,42463,21816,11538,3743,9957,10572,13911,490,779,3899,4335
2021-07-13T00:00:00.000,232741,AUSTRALIAN DOLLAR,155995,49934,24669,42150,86337,34753,15192,5176,0,21022,26837
2021-07-20T00:00:00.000,090741,CANADIAN DOLLAR,189308,52276,28654,42404,34237,25737,88539,18052,0,36996,24035
2021-07-20T00:00:00.000,092741,SWISS FRANC,44735,20510,4197,2624,12697,12073,5833,0,642,7993,19831
2021-07-20T00:00:00.000,096742,BRITISH POUND,188787,43207,30515,36968,63451,66063,48984,3171,6224,28931,29166
2021-07-20T00:00:00.000,097741,JAPANESE YEN,192301,32804,72939,42741,74012,90790,4720,1328,457,17695,33230
2021-07-20T00:00:00.000,098662,USD INDEX,38918,13306,16028,9840,1919,852,15653,5560,1576,7546,1928
2021-07-20T00:00:00.000,099741,EURO FX,683075,54722,88458,413093,108926,43547,386877,41402,5082,89034,52455
2021-07-20T00:00:00.000,112741,NZ DOLLAR,43583,22747,10934,3299,11705,11212,13821,398,598,4144,4742
2021-07-20T00:00:00.000,232741,AUSTRALIAN DOLLAR,163574,51728,27836,41036,91506,41842,11408,5438,0,19452,28746
2021-07-27T00:00:00.000,090741,CANADIAN DOLLAR,174701,39640,24952,43928,31366,25004,84601,16479,0,36955,21087
2021-07-27T00:00:00.000,092741,SWISS FRANC,44784,20296,4625,2171,12662,10995,5862,475,642,8827,18973
2021-07-27T00:00:00.000,096742,BRITISH POUND,185373,41636,31899,36301,58295,63834,51690,7344,5287,26962,28906
2021-07-27T00:00:00.000,097741,JAPANESE YEN,196102,31715,69439,40676,83413,96706,2036,1328,457,18589,33669
2021-07-27T00:00:00.000,098662,USD INDEX,43059,13649,15071,12025,1825,1649,20523,5721,1338,7857,2144
2021-07-27T00:00:00.000,099741,EURO FX,678008,53235,86419,401410,113184,44381,375205,40323,6264,92486,50763
2021-07-27T00:00:00.000,112741,NZ DOLLAR,43953,21337,11686,5707,12041,11147,14318,624,540,3935,4165
2021-07-27T00:00:00.000,232741,AUSTRALIAN DOLLAR,167840,52523,26953,42536,94834,45292,10136,5428,1600,17836,30092
2021-08-03T00:00:00.000,090741,CANADIAN DOLLAR,170609,38425,24823,44633,28265,22402,83834,15833,0,37401,21772
2021-08-03T00:00:00.000,092741,SWISS FRANC,42456,18350,5600,2570,10686,7892,5800,475,642,12065,18624
2021-08-03T00:00:00.000,096742,BRITISH POUND,180873,42949,31674,42316,52134,46639,54359,8502,5287,29296,26248
2021-08-03T00:00:00.000,097741,JAPANESE YEN,189242,29822,66104,39498,76409,90646,5279,700,457,21174,33591
2021-08-03T00:00:00.000,098662,USD INDEX,43131,15843,13844,11654,2285,1780,21910,5750,1369,6629,2248
2021-08-03T00:00:00.000,099741,EURO FX,674491,51182,88923,397915,109126,45158,373396,42519,6357,92730,51702
2021-08-03T00:00:00.000,112741,NZ DOLLAR,42743,19319,12600,5601,10247,11440,13698,530,348,4183,4180
2021-08-03T00:00:00.000,232741,AUSTRALIAN DOLLAR,169889,51864,26834,42804,97804,45699,8507,5452,2520,19398,29552
2021-08-10T00:00:00.000,090741,CANADIAN DOLLAR,171602,38000,26526,42593,25803,23386,82845,15489,0,38066,22360
2021-08-10T00:00:00.000,092741,SWISS FRANC,45159,20375,5603,2480,11943,11688,5226,475,642,9092,20696
2021-08-10T00:00:00.000,096742,BRITISH POUND,178875,42683,25128,41800,51178,43990,58217,8494,4637,29887,27694
2021-08-10T00:00:00.000,097741,JAPANESE YEN,206131,37354,71652,41771,85319,103406,1921,700,1735,17266,39870
2021-08-10T00:00:00.000,098662,USD INDEX,45126,18737,14524,11394,4151,704,21910,6204,1126,6862,2190
2021-08-10T00:00:00.000,099741,EURO FX,702098,59526,97549,408653,122303,54108,375546,44119,7210,92351,56149
2021-08-10T00:00:00.000,112741,NZ DOLLAR,46690,19682,12544,6628,10126,11010,13798,193,533,3769,4281
2021-08-10T00:00:00.000,232741,AUSTRALIAN DOLLAR,171742,52243,35217,41241,93842,50835,3090,5335,2570,17148,32083
2021-08-17T00:00:00.000,090741,CANADIAN DOLLAR,177460,37889,30094,42930,28734,29900,79933,16741,681,36107,24125
2021-08-17T00:00:00.000,092741,SWISS FRANC,44005,16347,5484,2493,11548,12324,5141,475,642,10255,19079
2021-08-17T00:00:00.000,096742,BRITISH POUND,178385,40837,22658,40100,56542,49724,54683,8456,4637,28967,29564
2021-08-17T00:00:00.000,097741,JAPANESE YEN,196495,27637,63576,42934,85716,97280,3692,700,684,20156,35039
2021-08-17T00:00:00.000,098662,USD INDEX,46576,17096,14519,11785,4160,1118,21910,7057,1345,7014,2136
2021-08-17T00:00:00.000,099741,EURO FX,694792,58690,92187,400826,126330,50534,368099,68147,7024,70047,54604
2021-08-17T00:00:00.000,112741,NZ DOLLAR,44222,18054,12537,6577,9087,10941,13950,650,539,4111,4220
2021-08-17T00:00:00.000,232741,AUSTRALIAN DOLLAR,186948,59034,43810,40431,96159,59383,3090,5423,1870,17213,36555
2021-08-24T00:00:00.000,090741,CANADIAN DOLLAR,171487,37466,24315,39814,32201,28872,72389,14870,975,35037,26179
2021-08-24T00:00:00.000,092741,SWISS FRANC,43703,16366,5773,2154,12368,12246,5072,475,642,10746,18132
2021-08-24T00:00:00.000,096742,BRITISH POUND,196366,40108,33102,50325,67353,62471,53378,8461,5106,26302,28728
2021-08-24T00:00:00.000,097741,JAPANESE YEN,194477,26013,62950,42155,85133,99138,3841,700,683,19080,34479
2021-08-24T00:00:00.000,098662,USD INDEX,48509,15884,17917,13042,2189,1789,21910,7597,1696,7473,2073
2021-08-24T00:00:00.000,099741,EURO FX,698547,62532,83371,397176,133097,51406,361523,40691,6577,91371,58608
2021-08-24T00:00:00.000,112741,NZ DOLLAR,46444,18564,11291,6346,12951,12958,11819,294,632,3153,4622
2021-08-24T00:00:00.000,232741,AUSTRALIAN DOLLAR,197636,52886,49593,43909,98130,71079,3090,6299,2500,15687,36547
2021-08-31T00:00:00.000,090741,CANADIAN DOLLAR,170439,35178,31994,38511,26730,31452,65907,13829,1289,34457,27507
2021-08-31T00:00:00.000,092741,SWISS FRANC,43060,16158,5916,2844,12301,11190,5092,475,642,10411,17127
2021-08-31T00:00:00.000,096742,BRITISH POUND,194010,36864,26987,51346,65898,58021,57156,8451,5106,28992,28527
2021-08-31T00:00:00.000,097741,JAPANESE YEN,193999,28437,59939,41607,88173,97773,3461,700,659,18955,35240
2021-08-31T00:00:00.000,098662,USD INDEX,48837,15092,18060,12663,1706,2889,21910,7298,1759,7535,2042
2021-08-31T00:00:00.000,099741,EURO FX,705110,56161,94209,402394,132336,50492,359275,41262,6225,95205,53469
2021-08-31T00:00:00.000,112741,NZ DOLLAR,48296,19399,14434,7093,11335,12073,12890,567,242,3919,4150
2021-08-31T00:00:00.000,232741,AUSTRALIAN DOLLAR,182084,39075,44457,43511,87128,70455,3156,6203,3000,14812,36315
2021-09-07T00:00:00.000,090741,CANADIAN DOLLAR,170506,31419,32037,40782,24778,30872,68369,13060,3040,36407,24316
2021-09-07T00:00:00.000,092741,SWISS FRANC,44573,13537,6743,2157,12827,14788,1736,475,642,10810,19819
2021-09-07T00:00:00.000,096742,BRITISH POUND,201389,29549,31768,52557,61873,59870,55915,8446,5124,30118,25860
2021-09-07T00:00:00.000,097741,JAPANESE YEN,204435,29624,65059,43864,82791,92070,1492,700,659,18896,35153
2021-09-07T00:00:00.000,098662,USD INDEX,46368,15815,13403,10503,2699,3389,23037,4974,1141,8014,2415
2021-09-07T00:00:00.000,099741,EURO FX,696734,51065,82340,406694,122155,42340,376699,40702,6615,98252,51244
2021-09-07T00:00:00.000,112741,NZ DOLLAR,58075,20005,11543,8531,9111,10184,19604,647,235,5104,3978
2021-09-07T00:00:00.000,232741,AUSTRALIAN DOLLAR,173484,21528,46247,42463,81178,75143,3679,7247,2310,19996,32963
2021-09-14T00:00:00.000,090741,CANADIAN DOLLAR,175708,36405,34071,39807,25145,32528,67001,13135,3517,33509,25650
2021-09-14T00:00:00.000,092741,SWISS FRANC,45513,8551,6794,2624,14161,23384,1741,475,642,9048,20744
2021-09-14T00:00:00.000,096742,BRITISH POUND,142607,36127,21349,49887,57546,12017,30300,8006,5129,32596,24309
2021-09-14T00:00:00.000,097741,JAPANESE YEN,192088,19829,55113,44771,77215,96137,20272,700,1097,21950,29690
2021-09-14T00:00:00.000,098662,USD INDEX,44386,17425,11244,10247,2214,3334,26878,4845,1017,7185,1683
2021-09-14T00:00:00.000,099741,EURO FX,653102,48022,74166,410293,120563,20864,360165,43404,6144,90270,51815
2021-09-14T00:00:00.000,112741,NZ DOLLAR,35667,16381,5929,8413,10129,2978,14380,463,346,5873,3324
2021-09-14T00:00:00.000,232741,AUSTRALIAN DOLLAR,164727,4679,39108,41594,84763,93715,4734,3517,2250,16375,29025
2021-09-21T00:00:00.000,090741,CANADIAN DOLLAR,118528,17352,31406,39255,34744,5672,16196,13460,2416,33096,24073
2021-09-21T00:00:00.000,092741,SWISS FRANC,56838,10499,8696,2143,21235,33740,1646,475,0,9004,24284
2021-09-21T00:00:00.000,096742,BRITISH POUND,159908,45460,23967,48297,73487,30229,23263,2692,5106,26218,27073
2021-09-21T00:00:00.000,097741,JAPANESE YEN,191213,19906,52543,47495,72592,93824,26021,1575,1121,19685,30208
2021-09-21T00:00:00.000,098662,USD INDEX,45934,19537,12964,12489,1485,639,27378,4926,1058,7006,1712
2021-09-21T00:00:00.000,099741,EURO FX,663519,50898,80625,424705,134554,20461,350717,43789,6111,85507,53353
2021-09-21T00:00:00.000,112741,NZ DOLLAR,36691,18361,7094,8368,10343,3144,13517,303,341,4873,3754
2021-09-21T00:00:00.000,232741,AUSTRALIAN DOLLAR,185492,18442,47916,42271,95025,103151,3612,1677,2270,14298,31016
2021-09-28T00:00:00.000,090741,CANADIAN DOLLAR,118066,19800,29306,34223,31993,8872,17392,13137,2743,31747,26345
2021-09-28T00:00:00.000,092741,SWISS FRANC,58506,9147,9142,2164,21363,37294,1629,0,0,9060,25531
2021-09-28T00:00:00.000,096742,BRITISH POUND,171773,51399,29618,44608,73732,38012,23318,3150,5126,26971,32346
2021-09-28T00:00:00.000,097741,JAPANESE YEN,219638,33996,64226,46044,91395,112536,19750,1950,636,17806,36325
2021-09-28T00:00:00.000,098662,USD INDEX,55330,22359,19728,17217,1172,889,28414,5917,2379,7110,1799
2021-09-28T00:00:00.000,099741,EURO FX,668067,53203,98491,412831,139678,28469,326257,47378,7007,87150,57598
2021-09-28T00:00:00.000,112741,NZ DOLLAR,33673,16530,5826,7827,8356,3494,13142,370,1249,4106,3754
2021-09-28T00:00:00.000,232741,AUSTRALIAN DOLLAR,180869,12556,48020,41530,87580,105549,3724,1685,3681,14460,32775
2021-10-05T00:00:00.000,090741,CANADIAN DOLLAR,120168,17296,35287,35171,29927,10406,18554,12938,3454,34639,23228
2021-10-05T00:00:00.000,092741,SWISS FRANC,55970,4447,6764,2660,23308,38819,1475,0,472,9051,22958
2021-10-05T00:00:00.000,096742,BRITISH POUND,182338,45195,30675,40331,85245,60789,22774,3154,5117,25681,31339
2021-10-05T00:00:00.000,097741,JAPANESE YEN,226379,29347,66177,46780,93966,123644,19325,1200,734,18406,39175
2021-10-05T00:00:00.000,098662,USD INDEX,57194,20533,13937,19296,1292,1064,36031,5175,1599,8543,1752
2021-10-05T00:00:00.000,099741,EURO FX,693591,51655,123129,417831,143470,44500,318567,46604,6245,90564,59743
2021-10-05T00:00:00.000,112741,NZ DOLLAR,35861,17364,6746,7244,10605,5901,12067,368,1289,3702,3872
2021-10-05T00:00:00.000,232741,AUSTRALIAN DOLLAR,188691,11981,48306,41948,92529,111930,3479,1455,4286,14474,33188
2021-10-12T00:00:00.000,090741,CANADIAN DOLLAR,127827,19473,45550,40243,24489,9313,24127,12477,3472,37224,21092
2021-10-12T00:00:00.000,092741,SWISS FRANC,57341,5081,7022,2418,21762,40361,2085,0,0,8435,25426
2021-10-12T00:00:00.000,096742,BRITISH POUND,172829,42275,30139,41359,72490,52131,22961,3154,5117,24778,32990
2021-10-12T00:00:00.000,097741,JAPANESE YEN,243617,34597,73453,44112,102257,133145,20611,3057,132,20735,39193
2021-10-12T00:00:00.000,098662,USD INDEX,62836,23391,15556,20120,953,1114,40055,6321,2012,9108,1478
2021-10-12T00:00:00.000,099741,EURO FX,695329,58428,122030,404022,145599,54801,315390,46179,7762,88733,61382
2021-10-12T00:00:00.000,112741,NZ DOLLAR,37340,19474,9860,5708,9541,6919,11285,329,1147,3646,4243
2021-10-12T00:00:00.000,232741,AUSTRALIAN DOLLAR,177932,7671,50278,37929,78277,107526,6488,1340,5031,16345,30737
2021-10-19T00:00:00.000,090741,CANADIAN DOLLAR,153912,31787,49458,52885,19742,8713,51340,11860,3466,38947,20186
2021-10-19T00:00:00.000,092741,SWISS FRANC,55600,3862,12822,2833,15663,39672,2113,0,0,8549,24318
2021-10-19T00:00:00.000,096742,BRITISH POUND,158961,41964,35782,47387,50160,30282,31359,3154,6252,27920,27154
2021-10-19T00:00:00.000,097741,JAPANESE YEN,266750,43227,90256,40591,111039,150285,15982,3207,127,21090,40996
2021-10-19T00:00:00.000,098662,USD INDEX,60731,21886,13051,19922,700,1264,40733,6003,1385,8642,1848
2021-10-19T00:00:00.000,099741,EURO FX,679418,49927,103118,406741,150711,45718,315402,44457,7292,87763,58083
2021-10-19T00:00:00.000,112741,NZ DOLLAR,37730,19972,13928,5725,5961,5052,11456,842,1404,4631,3473
2021-10-19T00:00:00.000,232741,AUSTRALIAN DOLLAR,158531,7647,51092,40729,62412,80283,7407,485,2980,21748,27001
2021-10-26T00:00:00.000,090741,CANADIAN DOLLAR,159475,34849,49209,55000,12060,3679,64402,11808,2974,42129,18820
2021-10-26T00:00:00.000,092741,SWISS FRANC,54305,2670,14260,3365,15157,37914,1549,0,0,9360,22343
2021-10-26T00:00:00.000,096742,BRITISH POUND,156495,43047,35660,50324,41795,23797,33958,3154,7616,27446,28739
2021-10-26T00:00:00.000,097741,JAPANESE YEN,265254,38286,98852,41962,102466,155437,14999,2266,124,19254,40764
2021-10-26T00:00:00.000,098662,USD INDEX,58993,20531,11478,18002,615,1264,40782,7020,1427,9212,1727
2021-10-26T00:00:00.000,099741,EURO FX,680374,55993,106564,395117,152724,52966,308571,43410,7138,86683,59172
2021-10-26T00:00:00.000,112741,NZ DOLLAR,43061,20937,15535,9722,3123,3340,17838,1193,1264,5819,3251
2021-10-26T00:00:00.000,232741,AUSTRALIAN DOLLAR,160011,11431,49688,44680,68395,74290,9600,915,2480,22432,23585
2021-11-02T00:00:00.000,090741,CANADIAN DOLLAR,156194,27513,44701,58557,11337,3703,65308,11192,2898,44037,20758
2021-11-02T00:00:00.000,092741,SWISS FRANC,51613,2809,17472,4215,12992,29832,1543,0,0,13485,18334
2021-11-02T00:00:00.000,096742,BRITISH POUND,166780,49567,33952,46442,51098,29872,32947,3154,7723,27293,30608
2021-11-02T00:00:00.000,097741,JAPANESE YEN,251058,22561,90828,47510,96364,148738,15373,2266,129,20944,39325
2021-11-02T00:00:00.000,098662,USD INDEX,57947,20895,10806,17431,725,1264,40793,7276,1613,8799,1728
2021-11-02T00:00:00.000,099741,EURO FX,678024,55382,96689,391933,157316,54829,313129,43684,7560,84160,55294
2021-11-02T00:00:00.000,112741,NZ DOLLAR,45436,23865,12763,8665,4636,3535,21718,1351,1063,5893,3129
2021-11-02T00:00:00.000,232741,AUSTRALIAN DOLLAR,162888,11171,52778,48561,64604,71099,13552,1065,2488,25749,24223
2021-11-09T00:00:00.000,090741,CANADIAN DOLLAR,154720,28599,41576,58828,15016,2810,64254,11892,2787,42935,21431
2021-11-09T00:00:00.000,092741,SWISS FRANC,51546,6060,17225,5018,12573,24527,2316,0,0,14095,17586
2021-11-09T00:00:00.000,096742,BRITISH POUND,186898,46819,40372,41014,81643,59810,16209,3564,7528,24510,29965
2021-11-09T00:00:00.000,097741,JAPANESE YEN,243087,17400,89346,48559,90868,145815,15849,2266,129,21297,39145
2021-11-09T00:00:00.000,098662,USD INDEX,57713,21974,10955,18901,1111,1254,40813,6369,1266,7516,1869
2021-11-09T00:00:00.000,099741,EURO FX,678368,55225,90357,391470,156198,48816,315316,46317,8225,83827,55559
2021-11-09T00:00:00.000,112741,NZ DOLLAR,43461,22258,9769,8868,6106,3758,21183,1106,1189,5405,3148
2021-11-09T00:00:00.000,232741,AUSTRALIAN DOLLAR,157269,15956,40707,40647,73788,70381,8818,1575,2485,22621,25382
2021-11-16T00:00:00.000,090741,CANADIAN DOLLAR,148955,30156,33984,52828,18984,3272,60151,11118,2263,40389,22381
2021-11-16T00:00:00.000,092741,SWISS FRANC,49320,6880,9757,3452,14108,25484,2073,0,0,12048,21926
2021-11-16T00:00:00.000,096742,BRITISH POUND,207099,43760,45717,37354,94275,87757,14263,3504,8537,23322,32905
2021-11-16T00:00:00.000,097741,JAPANESE YEN,252897,22158,87854,42185,93958,155822,17523,1916,114,21790,44422
2021-11-16T00:00:00.000,098662,USD INDEX,59387,22766,11352,20587,1195,1222,40813,5340,2102,7621,2074
2021-11-16T00:00:00.000,099741,EURO FX,705698,60703,101120,392640,169012,59015,311430,46882,8489,90261,59450
2021-11-16T00:00:00.000,112741,NZ DOLLAR,42945,24394,10726,6982,5927,4006,19843,618,1060,4923,3367
2021-11-16T00:00:00.000,232741,AUSTRALIAN DOLLAR,166688,24272,40250,29773,82499,83026,4940,1224,1901,19744,28449
2021-11-23T00:00:00.000,090741,CANADIAN DOLLAR,150275,34284,36891,49174,33055,7723,42133,9458,3092,37111,22579
2021-11-23T00:00:00.000,092741,SWISS FRANC,52412,7646,10905,3833,16660,27938,1706,0,0,11695,21841
2021-11-23T00:00:00.000,096742,BRITISH POUND,213313,45082,46712,36964,99389,92672,12682,3500,8211,22470,33694
2021-11-23T00:00:00.000,097741,JAPANESE YEN,251801,21910,82449,41386,99266,154587,18844,1766,118,22338,41310
2021-11-23T00:00:00.000,098662,USD INDEX,57694,21177,10546,21342,1197,1073,40824,5237,1633,7357,1986
2021-11-23T00:00:00.000,099741,EURO FX,711685,61527,111496,391874,178489,60870,291932,47273,12914,90690,57403
2021-11-23T00:00:00.000,112741,NZ DOLLAR,44524,25565,10954,6079,8236,5994,18639,479,1209,4596,3675
2021-11-23T00:00:00.000,232741,AUSTRALIAN DOLLAR,188033,34491,45194,27486,100141,96415,4231,1332,0,18914,29072
2021-11-30T00:00:00.000,090741,CANADIAN DOLLAR,148375,32140,42696,46596,38944,16633,23782,8653,2824,31117,26893
2021-11-30T00:00:00.000,092741,SWISS FRANC,50543,4745,9764,4069,17049,27107,1636,0,479,12363,19356
2021-11-30T00:00:00.000,096742,BRITISH POUND,230423,47223,50978,32841,112763,112327,8941,3500,8336,22364,37237
2021-11-30T00:00:00.000,097741,JAPANESE YEN,216692,23109,62012,38051,87091,121939,21800,1266,295,20644,33811
2021-11-30T00:00:00.000,098662,USD INDEX,52172,17091,5251,20731,1004,823,40824,4931,1060,6581,2018
2021-11-30T00:00:00.000,099741,EURO FX,705409,59415,109863,385081,175889,56898,288928,48008,8833,92665,58554
2021-11-30T00:00:00.000,112741,NZ DOLLAR,49483,30110,14519,3371,12821,10023,14198,651,1290,3098,4425
2021-11-30T00:00:00.000,232741,AUSTRALIAN DOLLAR,201981,27801,51155,26754,105139,118775,4102,1590,0,18206,32730
2021-12-07T00:00:00.000,090741,CANADIAN DOLLAR,155078,31840,39406,46613,41761,14851,23021,10292,2629,31046,27825
2021-12-07T00:00:00.000,092741,SWISS FRANC,51229,3651,8883,4602,15864,26326,1539,0,0,11696,19989
2021-12-07T00:00:00.000,096742,BRITISH POUND,238310,42212,46994,30123,110873,114629,8100,3606,8256,23763,40110
2021-12-07T00:00:00.000,097741,JAPANESE YEN,205970,19301,48219,39804,82794,107950,19749,1266,143,18654,36070
2021-12-07T00:00:00.000,098662,USD INDEX,59994,15931,7037,22014,1053,748,40872,5847,919,7699,2358
2021-12-07T00:00:00.000,099741,EURO FX,716213,54321,102069,390842,159731,49367,297138,46271,10337,86435,57961
2021-12-07T00:00:00.000,112741,NZ DOLLAR,55975,33132,13400,1834,18130,11088,11673,515,1533,3194,5027
2021-12-07T00:00:00.000,232741,AUSTRALIAN DOLLAR,212150,28838,45573,26512,108534,119984,5035,1320,430,19776,36858
2021-12-14T00:00:00.000,090741,CANADIAN DOLLAR,186638,27692,43020,45427,38829,6499,22589,12313,2680,42399,27212
2021-12-14T00:00:00.000,092741,SWISS FRANC,38467,2643,3157,4699,14393,18656,1497,0,479,11302,17774
2021-12-14T00:00:00.000,096742,BRITISH POUND,213210,30781,31726,29940,114964,121200,10280,3606,8865,19535,39227
2021-12-14T00:00:00.000,097741,JAPANESE YEN,176584,24246,45627,38215,85499,88670,2440,474,502,17308,34845
2021-12-14T00:00:00.000,098662,USD INDEX,52098,15292,13423,23170,600,807,34310,4610,920,7071,1697
2021-12-14T00:00:00.000,099741,EURO FX,661711,51027,104672,398080,165996,30793,272703,46272,11269,80169,51701
2021-12-14T00:00:00.000,112741,NZ DOLLAR,41223,13894,11858,2624,19893,20220,1636,692,1730,3081,5394
2021-12-14T00:00:00.000,232741,AUSTRALIAN DOLLAR,197405,28401,41181,24565,108992,119523,4514,1755,37,16807,36327
2021-12-21T00:00:00.000,090741,CANADIAN DOLLAR,145562,16325,43932,41126,45977,34908,14956,12938,2869,29450,27013
2021-12-21T00:00:00.000,092741,SWISS FRANC,40920,3677,4777,5633,15111,19275,1500,0,479,11046,17764
2021-12-21T00:00:00.000,096742,BRITISH POUND,207747,22969,33801,30495,110417,121244,11855,3606,8803,21240,34678
2021-12-21T00:00:00.000,097741,JAPANESE YEN,183743,25404,46104,38894,88844,93354,3842,500,489,16916,35789
2021-12-21T00:00:00.000,098662,USD INDEX,56162,16874,13318,23576,846,1232,38464,6449,719,6886,1670
2021-12-21T00:00:00.000,099741,EURO FX,672239,56120,107792,402253,169087,30687,274735,46384,9618,79101,53313
2021-12-21T00:00:00.000,112741,NZ DOLLAR,41354,11408,10369,3448,20772,21761,1651,875,1970,2809,5539
2021-12-21T00:00:00.000,232741,AUSTRALIAN DOLLAR,191309,20736,37301,27186,108597,119262,5107,1850,350,16070,33749
2021-12-28T00:00:00.000,090741,CANADIAN DOLLAR,138692,12466,39885,39561,42085,33018,15462,12894,3674,29912,26745
2021-12-28T00:00:00.000,092741,SWISS FRANC,40122,2260,5744,4859,13857,18957,1481,0,486,12618,17126
2021-12-28T00:00:00.000,096742,BRITISH POUND,205378,25821,39881,33119,93269,109263,20658,3606,8619,22191,31573
2021-12-28T00:00:00.000,097741,JAPANESE YEN,203814,33153,54022,40821,98235,102130,4107,0,478,16525,35787
2021-12-28T00:00:00.000,098662,USD INDEX,57892,16623,12614,24524,957,1336,40621,6756,719,7471,1799
2021-12-28T00:00:00.000,099741,EURO FX,673273,57637,108038,403923,167507,31727,281161,47681,9429,76739,51572
2021-12-28T00:00:00.000,112741,NZ DOLLAR,41862,11833,12186,4010,20108,21075,1719,794,2020,3025,4704
2021-12-28T00:00:00.000,232741,AUSTRALIAN DOLLAR,183152,14666,35231,26867,101924,117177,4735,1615,700,16785,34520
2022-01-04T00:00:00.000,090741,CANADIAN DOLLAR,135633,11260,35482,40125,44157,31920,14752,12767,4164,27649,25166
2022-01-04T00:00:00.000,092741,SWISS FRANC,42251,5691,9014,4272,12842,19582,2104,0,486,11466,16565
2022-01-04T00:00:00.000,096742,BRITISH POUND,200007,31194,36859,36031,85125,96727,27333,3606,7896,20573,30918
2022-01-04T00:00:00.000,097741,JAPANESE YEN,234068,40072,68556,41272,107457,121341,4722,1000,468,18339,40821
2022-01-04T00:00:00.000,098662,USD INDEX,58089,17415,11137,24486,720,3026,42389,4477,797,7571,1932
2022-01-04T00:00:00.000,099741,EURO FX,678218,53226,103086,399303,172641,40946,288602,51782,8940,81029,53017
2022-01-04T00:00:00.000,112741,NZ DOLLAR,40302,9988,11215,4060,19648,21529,1981,450,1693,3000,4490
2022-01-04T00:00:00.000,232741,AUSTRALIAN DOLLAR,180107,10204,36962,27466,98575,116983,6382,1705,2996,18060,29503
2022-01-11T00:00:00.000,090741,CANADIAN DOLLAR,138571,13785,34470,42020,44284,28712,21217,12158,2084,30707,25327
2022-01-11T00:00:00.000,092741,SWISS FRANC,42713,5871,7894,3734,13298,22141,2129,0,486,10124,18063
2022-01-11T00:00:00.000,096742,BRITISH POUND,200493,33775,37946,38648,77414,91565,35534,3609,7837,22846,31712
2022-01-11T00:00:00.000,097741,JAPANESE YEN,234005,33224,74129,39706,106931,132397,3507,850,743,17631,38498
2022-01-11T00:00:00.000,098662,USD INDEX,57218,14533,9981,23862,600,4921,42406,4262,845,8396,2142
2022-01-11T00:00:00.000,099741,EURO FX,682293,58385,106059,400495,166713,41212,296028,50067,8744,79993,52608
2022-01-11T00:00:00.000,112741,NZ DOLLAR,42066,11940,13186,4195,19061,21448,1873,250,2013,2979,4679
2022-01-11T00:00:00.000,232741,AUSTRALIAN DOLLAR,185453,10966,37903,29010,102475,119936,5091,840,3160,18406,30529
2022-01-18T00:00:00.000,090741,CANADIAN DOLLAR,143371,17902,39027,43642,28345,28520,39808,11449,564,31270,25039
2022-01-18T00:00:00.000,092741,SWISS FRANC,39871,2192,8500,3374,12626,20915,1880,0,486,11951,14940
2022-01-18T00:00:00.000,096742,BRITISH POUND,183234,31636,28529,46072,64869,63501,40890,3606,7926,26267,28868
2022-01-18T00:00:00.000,097741,JAPANESE YEN,201820,18780,59651,42418,88455,115424,8902,100,853,17475,36336
2022-01-18T00:00:00.000,098662,USD INDEX,53283,15703,5773,20043,820,5021,42484,3121,774,8180,2217
2022-01-18T00:00:00.000,099741,EURO FX,691882,59745,103523,406819,155118,45281,320280,49755,8559,79656,53776
2022-01-18T00:00:00.000,112741,NZ DOLLAR,44727,12351,17119,4134,17420,23811,2209,480,1737,2851,5142
2022-01-18T00:00:00.000,232741,AUSTRALIAN DOLLAR,181136,9285,37848,28526,95600,113815,8788,1125,450,19008,29073
2022-01-25T00:00:00.000,090741,CANADIAN DOLLAR,146448,19250,37151,48180,27513,25729,45490,10736,1005,31539,24275
2022-01-25T00:00:00.000,092741,SWISS FRANC,39742,3282,8436,4047,11589,20584,2719,0,486,9996,14679
2022-01-25T00:00:00.000,096742,BRITISH POUND,182040,34125,28420,39204,71102,69747,28358,2306,8423,24909,33988
2022-01-25T00:00:00.000,097741,JAPANESE YEN,197830,19273,59439,48212,81352,101202,14765,2600,1141,17950,32540
2022-01-25T00:00:00.000,098662,USD INDEX,52328,16127,4589,20768,820,2051,42409,4055,827,7658,2014
2022-01-25T00:00:00.000,099741,EURO FX,682952,60810,104453,400657,141770,43234,324134,49195,8237,79273,54575
2022-01-25T00:00:00.000,112741,NZ DOLLAR,53316,18408,17775,2560,24553,27665,2017,200,1980,2784,5292
2022-01-25T00:00:00.000,232741,AUSTRALIAN DOLLAR,190020,13530,39459,34626,98314,115026,11153,1225,1005,16371,30847
2022-02-01T00:00:00.000,090741,CANADIAN DOLLAR,145082,20266,27122,43382,38923,26819,41520,11455,1715,31356,23998
2022-02-01T00:00:00.000,092741,SWISS FRANC,41054,1926,5108,3012,12608,24206,2640,0,486,10103,18405
2022-02-01T00:00:00.000,096742,BRITISH POUND,184007,32333,28001,36175,79449,76594,25941,2306,8731,24845,30131
2022-02-01T00:00:00.000,097741,JAPANESE YEN,194435,16856,49618,50139,90061,101785,11323,1660,725,15958,34671
2022-02-01T00:00:00.000,098662,USD INDEX,56477,13006,8568,23216,1020,3651,42409,5583,772,9203,1890
2022-02-01T00:00:00.000,099741,EURO FX,685431,60108,103297,395461,149088,41270,318116,52404,6493,83675,55924
2022-02-01T00:00:00.000,112741,NZ DOLLAR,58467,21191,20285,3118,27260,29964,2329,0,2078,2783,5104
2022-02-01T00:00:00.000,232741,AUSTRALIAN DOLLAR,196913,17781,44836,34301,96105,115168,12222,2182,0,18128,34397
2022-02-08T00:00:00.000,090741,CANADIAN DOLLAR,145208,22157,30300,44550,40291,26755,35868,12151,1226,27480,25408
2022-02-08T00:00:00.000,092741,SWISS FRANC,41481,2462,8210,2319,11722,25221,2065,0,486,9838,17357
2022-02-08T00:00:00.000,096742,BRITISH POUND,197948,35402,33498,46673,73022,68971,38140,2042,7650,26951,27729
2022-02-08T00:00:00.000,097741,JAPANESE YEN,196478,16976,52629,50862,83630,99764,16192,2344,686,17609,34418
2022-02-08T00:00:00.000,098662,USD INDEX,53603,12146,5722,19730,1035,5734,42409,5198,703,8841,1780
2022-02-08T00:00:00.000,099741,EURO FX,700098,63922,97767,407945,130416,40688,355853,48479,11408,87725,53315
2022-02-08T00:00:00.000,112741,NZ DOLLAR,54877,19295,17321,2034,26079,29012,2499,150,2225,3097,5464
2022-02-08T00:00:00.000,232741,AUSTRALIAN DOLLAR,196403,10787,45727,35664,93705,115365,14578,6176,1366,19485,32101
2022-02-15T00:00:00.000,090741,CANADIAN DOLLAR,144815,23123,29994,43361,43092,26593,33252,11129,814,28287,25341
2022-02-15T00:00:00.000,092741,SWISS FRANC,45522,4880,9845,2940,13747,27170,1739,0,486,8654,17827
2022-02-15T00:00:00.000,096742,BRITISH POUND,195302,38309,28936,48968,69319,65652,43945,2042,7660,24257,29368
2022-02-15T00:00:00.000,097741,JAPANESE YEN,199425,8648,56529,47986,84796,113515,10327,2354,757,18973,39067
2022-02-15T00:00:00.000,098662,USD INDEX,54283,12566,6214,19292,990,6034,42409,6173,614,7897,1735
2022-02-15T00:00:00.000,099741,EURO FX,702047,52391,91413,417318,125531,41787,373838,50817,9007,89120,51644
2022-02-15T00:00:00.000,112741,NZ DOLLAR,64105,26938,25178,1685,28515,31560,1764,0,2039,2838,5525
2022-02-15T00:00:00.000,232741,AUSTRALIAN DOLLAR,192578,9765,41907,38788,90813,113061,17884,1150,1170,19706,30696
2022-02-22T00:00:00.000,090741,CANADIAN DOLLAR,140305,16757,31177,43237,35672,25262,33956,11431,772,30327,25437
2022-02-22T00:00:00.000,092741,SWISS FRANC,47339,5027,11593,3220,13703,27460,1802,0,486,9691,17814
2022-02-22T00:00:00.000,096742,BRITISH POUND,188443,32818,29511,47671,66137,64743,39705,2042,7660,24154,28415
2022-02-22T00:00:00.000,097741,JAPANESE YEN,194169,14018,52348,47020,82704,104610,12670,2104,737,17881,37174
2022-02-22T00:00:00.000,098662,USD INDEX,54922,13601,6547,19036,1267,7634,42459,5351,633,6969,1685
2022-02-22T00:00:00.000,099741,EURO FX,696682,50013,80598,411663,119281,41363,383445,49920,8379,89334,50590
2022-02-22T00:00:00.000,112741,NZ DOLLAR,56636,19827,19702,1037,27128,31496,1210,100,2063,2608,4965
2022-02-22T00:00:00.000,232741,AUSTRALIAN DOLLAR,192579,8601,41079,41501,91131,112472,18529,1617,1460,18459,30451
2022-03-01T00:00:00.000,090741,CANADIAN DOLLAR,143507,18639,32712,39894,34384,25621,37447,13715,772,30817,23371
2022-03-01T00:00:00.000,092741,SWISS FRANC,47273,2078,13340,4850,13636,28231,2083,0,486,10127,15741
2022-03-01T00:00:00.000,096742,BRITISH POUND,211869,49643,30314,32925,75242,85693,44116,2042,6839,22551,36343
2022-03-01T00:00:00.000,097741,JAPANESE YEN,208629,25299,58445,48095,87995,96451,14239,2304,667,22407,33210
2022-03-01T00:00:00.000,098662,USD INDEX,56651,18347,7477,23069,1353,917,42409,5395,1106,5942,1325
2022-03-01T00:00:00.000,099741,EURO FX,719975,65510,83665,411611,136712,45213,378090,54537,8570,84321,54155
2022-03-01T00:00:00.000,112741,NZ DOLLAR,50389,12495,17982,1230,23682,32500,1317,126,1452,2665,4583
2022-03-01T00:00:00.000,232741,AUSTRALIAN DOLLAR,189667,10467,43049,36621,83979,110559,22819,1601,0,19865,29266
2022-03-08T00:00:00.000,090741,CANADIAN DOLLAR,149425,14557,40872,43039,25786,25178,38665,15455,754,33951,26103
2022-03-08T00:00:00.000,092741,SWISS FRANC,51820,5283,11112,5997,13315,27822,2443,0,0,8947,21179
2022-03-08T00:00:00.000,096742,BRITISH POUND,246312,52074,33812,33884,94448,101392,40294,558,6423,23076,36007
2022-03-08T00:00:00.000,097741,JAPANESE YEN,208683,20957,48192,49932,91964,100477,10499,1600,1510,16884,37685
2022-03-08T00:00:00.000,098662,USD INDEX,62447,17657,10486,24757,1040,4457,42409,4558,1340,5642,1796
2022-03-08T00:00:00.000,099741,EURO FX,738990,83687,90574,398633,158114,46429,336761,40903,9232,85727,60698
2022-03-08T00:00:00.000,112741,NZ DOLLAR,53250,15611,24046,3013,18128,27265,1766,440,1176,2792,4005
2022-03-08T00:00:00.000,232741,AUSTRALIAN DOLLAR,197094,16794,64068,41083,65200,98736,27846,1632,1143,25564,25552
2022-03-15T00:00:00.000,090741,CANADIAN DOLLAR,143863,14319,30438,36890,27844,26260,29690,15926,828,29213,33808
2022-03-15T00:00:00.000,092741,SWISS FRANC,43356,6235,6271,4537,14194,22430,506,0,0,8768,20999
2022-03-15T00:00:00.000,096742,BRITISH POUND,188323,31843,28629,32842,94124,82605,11257,2158,7220,23650,31868
2022-03-15T00:00:00.000,097741,JAPANESE YEN,215484,34616,61226,46221,101437,108916,1107,904,1630,15533,40790
2022-03-15T00:00:00.000,098662,USD INDEX,47574,10942,15567,23361,729,3078,27054,3718,1338,5242,1653
2022-03-15T00:00:00.000,099741,EURO FX,666010,60296,86916,392453,159254,41240,295463,33639,9830,75191,51356
2022-03-15T00:00:00.000,112741,NZ DOLLAR,39200,20879,13323,4700,17405,10167,2459,363,1084,2417,4255
2022-03-15T00:00:00.000,232741,AUSTRALIAN DOLLAR,124521,16535,29284,41359,62010,39332,2579,1619,1188,19378,23162
2022-03-22T00:00:00.000,090741,CANADIAN DOLLAR,124090,20862,38201,38177,17015,2224,34643,16091,0,33406,20901
2022-03-22T00:00:00.000,092741,SWISS FRANC,44911,6439,7616,2501,15296,26493,446,0,0,8143,20218
2022-03-22T00:00:00.000,096742,BRITISH POUND,195712,40366,34503,32386,91548,88294,16575,1758,7032,19316,32462
2022-03-22T00:00:00.000,097741,JAPANESE YEN,248221,37660,82393,39691,109495,143155,1937,173,546,17749,44057
2022-03-22T00:00:00.000,098662,USD INDEX,51952,9905,19397,24506,705,6876,27104,3872,1839,5434,1548
2022-03-22T00:00:00.000,099741,EURO FX,658817,67389,82786,381083,152619,37793,297599,35148,10944,75970,53435
2022-03-22T00:00:00.000,112741,NZ DOLLAR,35256,16729,13064,4040,14118,10059,2178,507,1524,3339,3790
2022-03-22T00:00:00.000,232741,AUSTRALIAN DOLLAR,127767,18608,36765,43236,58504,33152,3005,1097,620,25508,22707
2022-03-29T00:00:00.000,090741,CANADIAN DOLLAR,147421,23095,38601,53515,10483,3652,65197,16966,0,36771,19718
2022-03-29T00:00:00.000,092741,SWISS FRANC,44327,4933,7945,2312,15136,27496,11,0,0,8522,20171
2022-03-29T00:00:00.000,096742,BRITISH POUND,224365,60877,34125,31905,96850,92713,36648,680,6613,22187,34126
2022-03-29T00:00:00.000,097741,JAPANESE YEN,239698,17132,80572,38438,103224,153069,2794,2554,1884,20392,43111
2022-03-29T00:00:00.000,098662,USD INDEX,53967,11108,20852,25303,732,5737,27104,4244,1869,5684,1519
2022-03-29T00:00:00.000,099741,EURO FX,662415,68790,78753,383102,148267,35965,309821,33206,10196,80321,54347
2022-03-29T00:00:00.000,112741,NZ DOLLAR,34881,13490,16003,5693,12138,10581,1802,617,1308,3666,2796
2022-03-29T00:00:00.000,232741,AUSTRALIAN DOLLAR,143007,22166,48044,53758,56332,36147,17392,1664,679,26806,18094
2022-04-05T00:00:00.000,090741,CANADIAN DOLLAR,157562,22983,33825,58400,8599,4399,83707,17458,600,40906,17415
2022-04-05T00:00:00.000,092741,SWISS FRANC,40005,3536,7749,2590,14348,24331,10,0,0,8694,17044
2022-04-05T00:00:00.000,096742,BRITISH POUND,238266,64401,33667,31931,109807,106698,37132,680,7083,19923,35944
2022-04-05T00:00:00.000,097741,JAPANESE YEN,242217,17717,88862,39617,100800,155667,2991,2441,1394,19190,40585
2022-04-05T00:00:00.000,098662,USD INDEX,49049,13876,15872,23678,988,716,27154,4131,1729,5243,1901
2022-04-05T00:00:00.000,099741,EURO FX,663589,69051,74903,388228,164907,33739,296835,35035,11655,77946,55699
2022-04-05T00:00:00.000,112741,NZ DOLLAR,35788,13027,17675,6688,12584,10462,1045,820,1091,4311,2913
2022-04-05T00:00:00.000,232741,AUSTRALIAN DOLLAR,148898,20653,42147,56510,56488,35175,29756,1752,880,32313,17132
2022-04-12T00:00:00.000,090741,CANADIAN DOLLAR,155390,22775,28894,57853,9074,4233,86393,18221,13,38796,17504
2022-04-12T00:00:00.000,092741,SWISS FRANC,41231,3847,8146,2586,14905,24975,0,0,0,8742,17099
2022-04-12T00:00:00.000,096742,BRITISH POUND,246152,61921,33379,33273,121115,116596,35756,3340,6985,19803,37698
2022-04-12T00:00:00.000,097741,JAPANESE YEN,245403,15316,87666,37832,106781,164152,2561,461,678,20022,40097
2022-04-12T00:00:00.000,098662,USD INDEX,54836,15176,21700,25557,856,571,27154,4156,2158,8402,1994
2022-04-12T00:00:00.000,099741,EURO FX,678607,79273,71866,387713,175806,40466,299812,29830,11488,79165,57475
2022-04-12T00:00:00.000,112741,NZ DOLLAR,37585,13803,19308,6028,13475,12497,1,876,1138,3773,3055
2022-04-12T00:00:00.000,232741,AUSTRALIAN DOLLAR,150939,24528,40740,59109,56889,35452,32449,1327,1177,29106,18267
2022-04-19T00:00:00.000,090741,CANADIAN DOLLAR,153302,28987,26267,49069,9909,4170,83465,19336,33,37784,19672
2022-04-19T00:00:00.000,092741,SWISS FRANC,44269,5055,7200,2569,14808,25985,0,0,0,9599,21200
2022-04-19T00:00:00.000,096742,BRITISH POUND,249529,62372,39240,35161,121834,116713,35546,2940,6591,21987,35962
2022-04-19T00:00:00.000,097741,JAPANESE YEN,251291,18655,86031,37602,108673,165519,4451,852,818,20761,43416
2022-04-19T00:00:00.000,098662,USD INDEX,54524,16136,21995,26299,824,906,27054,5073,1854,5198,1885
2022-04-19T00:00:00.000,099741,EURO FX,675939,70868,75909,393537,180014,39464,288777,35368,12962,76939,58514
2022-04-19T00:00:00.000,112741,NZ DOLLAR,41098,16981,18038,5958,15579,13662,1798,876,1194,2797,3665
2022-04-19T00:00:00.000,232741,AUSTRALIAN DOLLAR,147309,25067,38508,55548,54122,35129,32544,1927,534,28257,20220
2022-04-26T00:00:00.000,090741,CANADIAN DOLLAR,155362,40918,28317,40185,18388,5485,69031,20134,586,32868,23268
2022-04-26T00:00:00.000,092741,SWISS FRANC,47297,4973,8137,3687,15520,27841,0,0,0,9687,22531
2022-04-26T00:00:00.000,096742,BRITISH POUND,272792,68538,53115,33279,132771,135294,30431,3970,6474,20783,39073
2022-04-26T00:00:00.000,097741,JAPANESE YEN,237995,20464,75398,38829,108563,150574,6379,1118,1259,19588,38974
2022-04-26T00:00:00.000,098662,USD INDEX,56712,16679,23727,26760,892,731,27179,6839,1908,4816,2119
2022-04-26T00:00:00.000,099741,EURO FX,688449,76345,87058,393949,185865,39397,286236,38655,13093,82069,58163
2022-04-26T00:00:00.000,112741,NZ DOLLAR,46510,21690,16242,3808,19502,17032,4028,790,1013,2518,5053
2022-04-26T00:00:00.000,232741,AUSTRALIAN DOLLAR,147090,37619,41236,45512,62727,37113,16344,1857,529,23120,24385
2022-05-03T00:00:00.000,090741,CANADIAN DOLLAR,152779,37521,29209,37533,33599,9050,45599,20901,528,32093,28163
2022-05-03T00:00:00.000,092741,SWISS FRANC,49385,4769,10449,4714,13633,31234,0,0,0,7397,24032
2022-05-03T00:00:00.000,096742,BRITISH POUND,268496,64400,50903,33910,133590,132467,29416,4321,5976,20590,35803
2022-05-03T00:00:00.000,097741,JAPANESE YEN,254813,23023,89696,43044,108527,160260,7984,1099,1749,18007,37477
2022-05-03T00:00:00.000,098662,USD INDEX,54092,15650,20073,25933,685,661,27544,5428,1983,5296,2683
2022-05-03T00:00:00.000,099741,EURO FX,694926,76413,96578,380941,190813,52040,281672,41678,12973,88267,57303
2022-05-03T00:00:00.000,112741,NZ DOLLAR,50844,17001,18749,3971,20760,26066,3936,851,1175,2423,5692
2022-05-03T00:00:00.000,232741,AUSTRALIAN DOLLAR,152257,41597,35160,41183,76244,38756,6191,2297,529,21330,27039
2022-05-10T00:00:00.000,090741,CANADIAN DOLLAR,151009,30879,31511,40164,34946,8976,36760,21283,553,32880,30412
2022-05-10T00:00:00.000,092741,SWISS FRANC,51282,6006,12843,5939,13146,29942,1842,0,0,8271,22327
2022-05-10T00:00:00.000,096742,BRITISH POUND,264594,57370,48177,32276,128393,133801,29573,4346,6003,20157,35804
2022-05-10T00:00:00.000,097741,JAPANESE YEN,247278,18482,80000,41938,113070,159366,6859,565,5949,19811,34284
2022-05-10T00:00:00.000,098662,USD INDEX,57556,16312,23476,28445,550,551,27942,6367,2105,4970,2572
2022-05-10T00:00:00.000,099741,EURO FX,705046,80967,99030,396166,184759,42305,292660,43334,12820,84921,58424
2022-05-10T00:00:00.000,112741,NZ DOLLAR,56235,17606,20582,1607,21985,34038,5746,241,1301,2216,6094
2022-05-10T00:00:00.000,232741,AUSTRALIAN DOLLAR,153209,30453,35459,44356,81349,49644,2911,1207,529,20131,25543
2022-05-17T00:00:00.000,090741,CANADIAN DOLLAR,151585,24727,33546,42869,40453,13425,30030,21686,583,31228,29323
2022-05-17T00:00:00.000,092741,SWISS FRANC,53291,5979,13819,8009,13826,29404,1158,0,0,8094,22683
2022-05-17T00:00:00.000,096742,BRITISH POUND,253811,48435,42711,32338,126142,128846,24642,4566,5587,20811,35914
2022-05-17T00:00:00.000,097741,JAPANESE YEN,241308,19163,79713,44819,112267,149033,7177,49,1154,20933,33686
2022-05-17T00:00:00.000,098662,USD INDEX,61899,15761,27530,30572,713,755,28810,8464,1792,5449,2156
2022-05-17T00:00:00.000,099741,EURO FX,706712,84236,99212,392337,176340,41032,305941,44675,11965,85455,54277
2022-05-17T00:00:00.000,112741,NZ DOLLAR,60804,16854,22180,1618,22995,38618,6733,100,1659,2358,5981
2022-05-17T00:00:00.000,232741,AUSTRALIAN DOLLAR,163809,36864,37437,44451,86051,54146,2901,1252,529,19187,28982
2022-05-24T00:00:00.000,090741,CANADIAN DOLLAR,138508,16811,28943,43923,35978,9222,31448,21374,715,32048,26294
2022-05-24T00:00:00.000,092741,SWISS FRANC,49918,1509,13048,6818,12738,31334,1854,0,0,8308,20329
2022-05-24T00:00:00.000,096742,BRITISH POUND,253864,48901,43751,33822,123538,128578,25871,4116,5587,19107,35777
2022-05-24T00:00:00.000,097741,JAPANESE YEN,237256,23952,81433,45272,107045,134529,7643,980,1357,24858,32113
2022-05-24T00:00:00.000,098662,USD INDEX,61857,14301,26386,30672,1424,972,29722,9857,1108,5076,2238
2022-05-24T00:00:00.000,099741,EURO FX,708938,80090,91273,397748,169586,40662,321857,43893,13347,87892,54222
2022-05-24T00:00:00.000,112741,NZ DOLLAR,59279,12424,17714,2008,23697,38935,7542,100,1132,2202,5584
2022-05-24T00:00:00.000,232741,AUSTRALIAN DOLLAR,158615,26361,33146,46686,86200,53445,3762,4968,529,18615,26438
2022-05-31T00:00:00.000,090741,CANADIAN DOLLAR,135929,17964,33564,46032,25891,4582,35653,19904,708,32660,25326
2022-05-31T00:00:00.000,092741,SWISS FRANC,49579,2866,15466,6750,12431,29068,1394,0,0,8596,17989
2022-05-31T00:00:00.000,096742,BRITISH POUND,252881,56237,44647,34439,117794,117118,28614,2618,6290,19446,32513
2022-05-31T00:00:00.000,097741,JAPANESE YEN,239080,21425,79236,44875,107177,140856,8403,30,1760,22605,33215
2022-05-31T00:00:00.000,098662,USD INDEX,63863,13865,28594,30554,1374,1178,29785,11592,1225,5605,1816
2022-05-31T00:00:00.000,099741,EURO FX,706317,81461,84256,402783,161868,35000,335539,43552,14047,87138,54224
2022-05-31T00:00:00.000,112741,NZ DOLLAR,55134,10634,19838,3307,22439,35695,4155,300,854,2762,5412
2022-05-31T00:00:00.000,232741,AUSTRALIAN DOLLAR,153661,24897,35426,49334,82731,49933,4095,1063,529,19659,22105
2022-06-07T00:00:00.000,090741,CANADIAN DOLLAR,167373,21777,43052,50489,11759,1657,53198,20407,784,37463,23000
2022-06-07T00:00:00.000,092741,SWISS FRANC,49794,2825,12275,4651,10814,27626,929,0,0,9378,20462
2022-06-07T00:00:00.000,096742,BRITISH POUND,258623,59013,47500,34806,116241,119186,34001,2066,7674,21602,31257
2022-06-07T00:00:00.000,097741,JAPANESE YEN,266054,24172,79865,38990,112252,156839,9616,830,1635,23226,40689
2022-06-07T00:00:00.000,098662,USD INDEX,65163,14013,29485,31546,1249,1138,29821,10828,895,5780,1855
2022-06-07T00:00:00.000,099741,EURO FX,730667,79551,77302,404081,156715,28061,340286,41266,16302,90978,53332
2022-06-07T00:00:00.000,112741,NZ DOLLAR,63540,13428,22820,3700,23433,36158,3757,389,755,2538,5448
2022-06-07T00:00:00.000,232741,AUSTRALIAN DOLLAR,166422,20716,39694,53463,73959,42518,4474,947,0,24197,23714
2022-06-14T00:00:00.000,090741,CANADIAN DOLLAR,175219,40520,35840,48228,14825,4108,68759,20311,825,29357,22275
2022-06-14T00:00:00.000,092741,SWISS FRANC,39362,5679,4951,4312,12294,18597,4,0,0,9026,20365
2022-06-14T00:00:00.000,096742,BRITISH POUND,238322,53674,41970,33431,122895,119300,21313,2066,6826,20625,36092
2022-06-14T00:00:00.000,097741,JAPANESE YEN,232513,21929,68894,37886,112746,140494,4774,3282,489,22340,39028
2022-06-14T00:00:00.000,098662,USD INDEX,61144,14507,17750,31179,859,722,38331,8456,1184,5553,2293
2022-06-14T00:00:00.000,099741,EURO FX,668164,67595,78227,390016,167020,31837,308700,42675,12689,84823,50310
2022-06-14T00:00:00.000,112741,NZ DOLLAR,45410,17062,11819,3212,22745,21434,3830,351,730,2236,5171
2022-06-14T00:00:00.000,232741,AUSTRALIAN DOLLAR,142857,17102,35825,54530,74380,41617,2841,1535,282,21342,22798
2022-06-21T00:00:00.000,090741,CANADIAN DOLLAR,140047,28319,39434,45762,27511,5007,34428,20232,420,29011,26538
2022-06-21T00:00:00.000,092741,SWISS FRANC,37669,4150,5769,3366,12408,18978,516,0,0,9673,17474
2022-06-21T00:00:00.000,096742,BRITISH POUND,228266,54632,40097,36253,115037,107533,24114,2066,6581,17735,32390
2022-06-21T00:00:00.000,097741,JAPANESE YEN,218076,22433,66792,38872,96194,121759,7454,3740,469,23099,38994
2022-06-21T00:00:00.000,098662,USD INDEX,58543,14801,14302,30349,675,618,38431,7493,1589,4522,2786
2022-06-21T00:00:00.000,099741,EURO FX,671718,73266,75862,380395,164806,36272,312443,42105,12714,85208,51421
2022-06-21T00:00:00.000,112741,NZ DOLLAR,42889,16881,12872,2947,20703,20394,3230,364,448,2145,5478
2022-06-21T00:00:00.000,232741,AUSTRALIAN DOLLAR,137017,17801,32911,55482,71439,37215,3221,1255,180,18756,22758
2022-06-28T00:00:00.000,090741,CANADIAN DOLLAR,142584,31611,40658,43085,30590,7353,33089,19138,0,29537,26387
2022-06-28T00:00:00.000,092741,SWISS FRANC,40123,6544,8239,2970,11397,19804,411,0,0,9588,18859
2022-06-28T00:00:00.000,096742,BRITISH POUND,228736,59266,35300,35470,113490,101335,28330,4866,6705,18055,35167
2022-06-28T00:00:00.000,097741,JAPANESE YEN,213767,24274,61734,38979,96224,118104,7005,1910,2979,22379,37704
2022-06-28T00:00:00.000,098662,USD INDEX,63143,17364,17901,30221,1053,895,38707,8484,2632,5371,2042
2022-06-28T00:00:00.000,099741,EURO FX,671472,70552,72913,385596,153367,37179,324812,40397,13040,83853,53445
2022-06-28T00:00:00.000,112741,NZ DOLLAR,40337,14516,11231,1657,19132,20872,3276,364,530,2256,5496
2022-06-28T00:00:00.000,232741,AUSTRALIAN DOLLAR,139891,19955,33997,51352,69561,38874,3472,1350,318,19791,23974
2022-07-05T00:00:00.000,090741,CANADIAN DOLLAR,145372,32050,39133,39442,38073,12180,25616,18910,0,30460,30220
2022-07-05T00:00:00.000,092741,SWISS FRANC,38504,5979,9071,2822,9815,20025,0,0,0,8602,18542
2022-07-05T00:00:00.000,096742,BRITISH POUND,240926,62120,40833,36930,119802,107282,25063,7066,6899,17693,38494
2022-07-05T00:00:00.000,097741,JAPANESE YEN,217672,26115,58123,38453,100754,116715,13290,2556,2054,25452,35070
2022-07-05T00:00:00.000,098662,USD INDEX,60857,17033,14402,31303,1443,525,38707,6067,2635,4993,2734
2022-07-05T00:00:00.000,099741,EURO FX,673772,78194,87788,385010,154984,31377,303539,42633,16391,82525,57037
2022-07-05T00:00:00.000,112741,NZ DOLLAR,45403,16335,14595,3394,19895,22444,3668,0,550,2689,6154
2022-07-05T00:00:00.000,232741,AUSTRALIAN DOLLAR,146950,20543,36888,51522,69623,45759,3654,1359,931,18508,26595
2022-07-12T00:00:00.000,090741,CANADIAN DOLLAR,139297,25838,33913,38952,41330,12270,21801,18836,0,31834,30686
2022-07-12T00:00:00.000,092741,SWISS FRANC,41255,9188,9377,3632,10811,19302,776,0,0,7984,19142
2022-07-12T00:00:00.000,096742,BRITISH POUND,231945,56072,38924,34836,118167,107888,24299,5566,6656,18999,35315
2022-07-12T00:00:00.000,097741,JAPANESE YEN,223539,21822,59308,53057,102379,116165,14987,1206,507,23147,38216
2022-07-12T00:00:00.000,098662,USD INDEX,59565,14423,14037,32462,1496,435,38767,6071,1632,5365,2824
2022-07-12T00:00:00.000,099741,EURO FX,682031,77104,84726,374628,166915,43994,291498,44804,16875,83394,63910
2022-07-12T00:00:00.000,112741,NZ DOLLAR,45837,17019,14142,4327,20089,21115,3940,200,794,2436,6132
2022-07-12T00:00:00.000,232741,AUSTRALIAN DOLLAR,158263,22900,31663,49127,86021,59887,3550,927,717,16570,27460
2022-07-19T00:00:00.000,090741,CANADIAN DOLLAR,142216,23077,34557,43663,39400,13873,26727,17992,0,31391,29312
2022-07-19T00:00:00.000,092741,SWISS FRANC,41855,7283,9784,4363,12054,19247,762,0,0,9819,18112
2022-07-19T00:00:00.000,096742,BRITISH POUND,228051,55659,34245,35320,120552,101827,25517,5666,5109,19882,32931
2022-07-19T00:00:00.000,097741,JAPANESE YEN,229449,27696,58044,50166,109270,116059,13660,1356,446,24496,38353
2022-07-19T00:00:00.000,098662,USD INDEX,59214,14057,13194,31884,939,895,38746,6246,2634,5069,2638
2022-07-19T00:00:00.000,099741,EURO FX,694106,70143,93138,368811,171675,63479,292560,45320,15695,82676,57361
2022-07-19T00:00:00.000,112741,NZ DOLLAR,45467,17829,13941,3401,19665,20929,4123,0,874,2444,6000
2022-07-19T00:00:00.000,232741,AUSTRALIAN DOLLAR,155246,22159,31445,48739,86962,57086,3354,758,853,17420,23548
2022-07-26T00:00:00.000,090741,CANADIAN DOLLAR,144182,26490,30339,45880,33791,9080,40401,16653,0,33790,27362
2022-07-26T00:00:00.000,092741,SWISS FRANC,44081,8537,10402,3022,13718,23066,1194,0,0,8653,17964
2022-07-26T00:00:00.000,096742,BRITISH POUND,225889,56892,35035,35168,120811,100153,23607,7225,3016,17551,34520
2022-07-26T00:00:00.000,097741,JAPANESE YEN,229219,34613,59440,46506,108232,113897,16839,2233,446,23671,35963
2022-07-26T00:00:00.000,098662,USD INDEX,60456,13172,13584,31434,986,695,38756,8502,3255,5227,2449
2022-07-26T00:00:00.000,099741,EURO FX,694099,73744,104779,373668,165022,57558,290127,44791,12761,83007,60079
2022-07-26T00:00:00.000,112741,NZ DOLLAR,46471,19446,17506,3172,18161,20709,3572,100,766,2249,5671
2022-07-26T00:00:00.000,232741,AUSTRALIAN DOLLAR,156473,21988,33571,49070,88185,57387,3346,525,652,19361,22577
2022-08-02T00:00:00.000,090741,CANADIAN DOLLAR,145914,27053,29523,47666,28349,8730,50073,14773,407,35393,25263
2022-08-02T00:00:00.000,092741,SWISS FRANC,45874,8467,13294,3499,11824,24330,1207,0,0,8457,18428
2022-08-02T00:00:00.000,096742,BRITISH POUND,226987,54856,36026,33980,119845,105340,23253,4076,2960,19191,35359
2022-08-02T00:00:00.000,097741,JAPANESE YEN,236737,39382,59305,49211,91371,112973,44079,1130,440,25358,32859
2022-08-02T00:00:00.000,098662,USD INDEX,57054,13143,10360,28200,1257,815,38756,8542,3139,5128,2316
2022-08-02T00:00:00.000,099741,EURO FX,683883,69879,92579,381487,162742,48526,296921,43769,14710,82466,59175
2022-08-02T00:00:00.000,112741,NZ DOLLAR,45274,16934,14454,3073,18676,21123,4190,300,825,2620,5905
2022-08-02T00:00:00.000,232741,AUSTRALIAN DOLLAR,167931,21512,37369,51495,96974,71459,3205,0,744,17863,24037
2022-08-09T00:00:00.000,090741,CANADIAN DOLLAR,143646,26725,26432,48694,28952,8558,51274,14161,0,33808,25288
2022-08-09T00:00:00.000,092741,SWISS FRANC,43202,8601,11143,2985,11431,21433,763,0,0,9414,19096
2022-08-09T00:00:00.000,096742,BRITISH POUND,224581,62952,30444,35810,121305,90834,22918,5626,2973,19243,36825
2022-08-09T00:00:00.000,097741,JAPANESE YEN,225834,35018,46080,49894,91194,108923,46168,2019,450,20978,32940
2022-08-09T00:00:00.000,098662,USD INDEX,59639,14166,12524,27368,1481,700,38846,10559,3404,5481,2019
2022-08-09T00:00:00.000,099741,EURO FX,692398,72779,89387,381233,169844,54964,301203,44991,13667,78944,58810
2022-08-09T00:00:00.000,112741,NZ DOLLAR,45350,17866,15755,3851,17721,20540,4233,0,780,2239,6007
2022-08-09T00:00:00.000,232741,AUSTRALIAN DOLLAR,158100,16011,29212,52288,96477,63223,3109,0,871,19378,21231
2022-08-16T00:00:00.000,090741,CANADIAN DOLLAR,147596,31761,25152,48432,22456,8131,58891,12982,69,33129,27867
2022-08-16T00:00:00.000,092741,SWISS FRANC,39407,7757,8926,2446,9176,18638,2219,0,0,9809,18329
2022-08-16T00:00:00.000,096742,BRITISH POUND,227752,68302,30233,36058,120103,86658,25620,4626,5580,19890,33998
2022-08-16T00:00:00.000,097741,JAPANESE YEN,228697,36906,45673,50791,94075,108156,42705,3134,3446,21465,34553
2022-08-16T00:00:00.000,098662,USD INDEX,58909,14635,12164,27740,1696,540,38756,9920,2931,4843,2131
2022-08-16T00:00:00.000,099741,EURO FX,698570,70967,93137,384008,177485,59450,297836,45847,13682,79589,57721
2022-08-16T00:00:00.000,112741,NZ DOLLAR,41729,16210,13419,5554,15532,16606,7235,334,554,2458,4422
2022-08-16T00:00:00.000,232741,AUSTRALIAN DOLLAR,160045,17208,34592,52301,91983,66892,3482,400,2522,16660,20882
2022-08-23T00:00:00.000,090741,CANADIAN DOLLAR,152685,33117,29046,47475,24983,9686,55434,13792,1063,34196,27740
2022-08-23T00:00:00.000,092741,SWISS FRANC,42471,9759,8025,2251,10321,20504,1794,0,0,8916,21290
2022-08-23T00:00:00.000,096742,BRITISH POUND,248007,79104,34908,35502,134736,93190,22298,7751,2406,19954,41153
2022-08-23T00:00:00.000,097741,JAPANESE YEN,242132,42561,50498,49821,121039,113806,23068,2524,450,22147,35804
2022-08-23T00:00:00.000,098662,USD INDEX,57608,18471,9257,28094,1703,485,38756,4039,3871,5161,2663
2022-08-23T00:00:00.000,099741,EURO FX,717921,82015,100897,382815,192609,66610,288729,46555,15562,82403,62601
2022-08-23T00:00:00.000,112741,NZ DOLLAR,42311,14377,15127,5698,16238,18854,3575,278,742,2009,5534
2022-08-23T00:00:00.000,232741,AUSTRALIAN DOLLAR,169212,22734,34638,46190,99051,74976,4591,400,1863,17742,21899
2022-08-30T00:00:00.000,090741,CANADIAN DOLLAR,158165,36987,30242,46772,30047,9474,49033,13379,2150,35000,30140
2022-08-30T00:00:00.000,092741,SWISS FRANC,47168,12567,8663,2280,15205,23404,1174,0,0,7906,21115
2022-08-30T00:00:00.000,096742,BRITISH POUND,262004,78967,33482,37620,146295,101920,21486,7931,2847,18706,41034
2022-08-30T00:00:00.000,097741,JAPANESE YEN,247030,41457,50948,49421,121971,116136,16505,2616,450,21436,41192
2022-08-30T00:00:00.000,098662,USD INDEX,60184,17470,11114,31489,1290,515,38756,3915,5252,5431,2408
2022-08-30T00:00:00.000,099741,EURO FX,720081,76078,101436,379784,198846,70672,277352,47369,15085,80871,62055
2022-08-30T00:00:00.000,112741,NZ DOLLAR,44376,13734,15345,6339,18008,20318,3483,363,509,2266,5675
2022-08-30T00:00:00.000,232741,AUSTRALIAN DOLLAR,169267,21857,33901,46970,98131,74008,4228,405,1870,18758,23868
2022-09-06T00:00:00.000,090741,CANADIAN DOLLAR,160567,32977,33929,47391,29798,12456,40962,13021,2162,33039,32033
2022-09-06T00:00:00.000,092741,SWISS FRANC,48226,10936,7233,2511,15788,23530,1126,0,0,9620,22450
2022-09-06T00:00:00.000,096742,BRITISH POUND,280937,72659,43824,37988,150652,118305,20005,7471,2416,22607,42133
2022-09-06T00:00:00.000,097741,JAPANESE YEN,281266,38406,62716,51354,135848,131211,5200,3235,962,24109,43589
2022-09-06T00:00:00.000,098662,USD INDEX,61662,17898,12587,31741,1951,495,38756,4280,3471,5476,3125
2022-09-06T00:00:00.000,099741,EURO FX,721678,74344,97788,384864,195063,65842,281751,48522,15709,83493,66754
2022-09-06T00:00:00.000,112741,NZ DOLLAR,46796,14219,15445,6580,19561,21513,2986,146,712,2540,6294
2022-09-06T00:00:00.000,232741,AUSTRALIAN DOLLAR,178232,25005,38582,51752,94556,68274,4045,866,1430,19403,26687
2022-09-13T00:00:00.000,090741,CANADIAN DOLLAR,149556,25871,27848,43213,31651,12177,33978,15042,3877,30933,29882
2022-09-13T00:00:00.000,092741,SWISS FRANC,44853,7777,8131,2411,14427,23001,1424,0,0,9355,18562
2022-09-13T00:00:00.000,096742,BRITISH POUND,303965,58401,52123,38211,137807,130230,23108,7865,2430,21161,40400
2022-09-13T00:00:00.000,097741,JAPANESE YEN,281716,21632,64409,57336,136852,140784,4235,4561,1210,23186,40793
2022-09-13T00:00:00.000,098662,USD INDEX,62077,17580,11335,29258,1089,500,38756,3749,2618,5342,2631
2022-09-13T00:00:00.000,099741,EURO FX,742244,68149,96774,394065,166918,47324,301593,48167,15680,88806,65546
2022-09-13T00:00:00.000,112741,NZ DOLLAR,51079,16540,18066,4819,19302,23183,2980,477,564,2498,6605
2022-09-13T00:00:00.000,232741,AUSTRALIAN DOLLAR,182287,18826,40260,50393,77550,62787,3998,400,1430,22049,31217
2022-09-20T00:00:00.000,090741,CANADIAN DOLLAR,160314,31774,30421,43356,38857,13392,26814,15587,5069,33975,36923
2022-09-20T00:00:00.000,092741,SWISS FRANC,40937,8167,9428,2658,12821,17675,5,0,0,10421,16667
2022-09-20T00:00:00.000,096742,BRITISH POUND,266295,63810,44053,39746,139003,125191,31731,7160,2475,21738,40383
2022-09-20T00:00:00.000,097741,JAPANESE YEN,250892,34806,59320,59094,140196,119231,737,4787,1432,22337,38570
2022-09-20T00:00:00.000,098662,USD INDEX,54292,12881,24995,30165,1300,400,22063,4380,2312,5479,2635
2022-09-20T00:00:00.000,099741,EURO FX,657952,69575,97378,389710,161836,26727,277641,46226,14244,75546,56685
2022-09-20T00:00:00.000,112741,NZ DOLLAR,47884,13331,20684,4899,18767,26098,264,470,881,2544,6746
2022-09-20T00:00:00.000,232741,AUSTRALIAN DOLLAR,150544,27790,35770,38800,75328,59250,3351,1611,1430,15434,27006
2022-09-27T00:00:00.000,090741,CANADIAN DOLLAR,140889,19869,36904,43307,40094,22600,13939,14712,5510,29978,34019
2022-09-27T00:00:00.000,092741,SWISS FRANC,44492,7199,8017,3183,14764,23567,0,0,0,8500,19668
2022-09-27T00:00:00.000,096742,BRITISH POUND,281805,82200,70569,39646,126937,120835,30905,6981,2458,21327,40120
2022-09-27T00:00:00.000,097741,JAPANESE YEN,244655,27265,58221,61012,133243,123466,3223,2462,1441,21476,39553
2022-09-27T00:00:00.000,098662,USD INDEX,56046,13280,24413,29361,1805,416,22163,6381,2977,5481,3561
2022-09-27T00:00:00.000,099741,EURO FX,654142,75359,102250,377486,161306,25831,273975,47649,13437,78547,53904
2022-09-27T00:00:00.000,112741,NZ DOLLAR,45240,13515,19114,5381,18365,23016,466,363,729,2489,6090
2022-09-27T00:00:00.000,232741,AUSTRALIAN DOLLAR,152301,30326,40645,36855,66484,58953,5525,1295,1430,16982,30327
2022-10-04T00:00:00.000,090741,CANADIAN DOLLAR,141799,19115,38239,45141,42544,19348,13966,13770,6085,33001,29541
2022-10-04T00:00:00.000,092741,SWISS FRANC,43121,7650,9445,3114,13578,21429,0,0,0,9128,18298
2022-10-04T00:00:00.000,096742,BRITISH POUND,256906,68994,49615,39765,117087,116412,32594,5983,2281,16367,45944
2022-10-04T00:00:00.000,097741,JAPANESE YEN,243289,36020,60749,61632,129716,107555,4042,3093,2092,26766,38467
2022-10-04T00:00:00.000,098662,USD INDEX,54638,13272,22644,29010,1277,528,25276,3463,2196,7123,2003
2022-10-04T00:00:00.000,099741,EURO FX,640458,68913,87224,375722,161605,30698,269016,42787,13441,74175,61009
2022-10-04T00:00:00.000,112741,NZ DOLLAR,48487,13373,21144,8335,19693,23076,362,680,984,2359,5640
2022-10-04T00:00:00.000,232741,AUSTRALIAN DOLLAR,139490,28265,43314,41882,50589,42261,6516,1181,2130,16813,27853
2022-10-11T00:00:00.000,090741,CANADIAN DOLLAR,144000,16922,38375,41565,39901,28352,14996,14389,6262,31136,32830
2022-10-11T00:00:00.000,092741,SWISS FRANC,43748,5537,5745,2369,15526,25550,92,0,0,8770,20863
2022-10-11T00:00:00.000,096742,BRITISH POUND,255649,74168,56394,38898,112569,105852,27148,5585,2758,19620,45254
2022-10-11T00:00:00.000,097741,JAPANESE YEN,245007,35427,66066,60578,126034,112847,537,3714,2873,24526,41582
2022-10-11T00:00:00.000,098662,USD INDEX,54615,12295,21292,29124,1556,390,25558,4801,2265,6563,2502
2022-10-11T00:00:00.000,099741,EURO FX,639348,64598,83788,377407,167700,30929,273318,42082,12872,76656,53994
2022-10-11T00:00:00.000,112741,NZ DOLLAR,50557,10204,20615,7446,21485,28747,399,550,973,2771,6246
2022-10-11T00:00:00.000,232741,AUSTRALIAN DOLLAR,138320,14900,33921,44086,52885,50282,9095,1784,3730,18245,29666
2022-10-18T00:00:00.000,090741,CANADIAN DOLLAR,146425,16959,35987,45323,43354,28672,14479,14546,7150,29508,34038
2022-10-18T00:00:00.000,092741,SWISS FRANC,44911,6523,7467,2776,14516,24787,91,0,0,9122,21134
2022-10-18T00:00:00.000,096742,BRITISH POUND,258826,71520,60352,37723,108547,117974,31233,3741,5728,18668,43766
2022-10-18T00:00:00.000,097741,JAPANESE YEN,264265,34327,73562,61341,136354,128105,1104,5114,1362,26491,42996
2022-10-18T00:00:00.000,098662,USD INDEX,55234,9642,21302,29546,1467,556,25566,7066,2799,6954,2630
2022-10-18T00:00:00.000,099741,EURO FX,640469,69229,80045,378799,160805,29421,287972,43224,14278,76183,53756
2022-10-18T00:00:00.000,112741,NZ DOLLAR,50448,9688,17907,4953,23201,30883,357,633,778,2787,6701
2022-10-18T00:00:00.000,232741,AUSTRALIAN DOLLAR,150496,18341,33000,43430,65238,60162,8028,1675,3730,17233,30845
2022-10-25T00:00:00.000,090741,CANADIAN DOLLAR,143417,15542,32245,44193,44469,27193,16320,14036,8032,31123,31021
2022-10-25T00:00:00.000,092741,SWISS FRANC,46594,5237,9258,2424,14900,28450,92,0,0,9097,20958
2022-10-25T00:00:00.000,096742,BRITISH POUND,258969,73010,65358,38708,103884,113163,35196,3628,5316,21012,39767
2022-10-25T00:00:00.000,097741,JAPANESE YEN,272597,40505,74332,59789,139496,132682,3093,4619,5210,25555,41019
2022-10-25T00:00:00.000,098662,USD INDEX,59053,13862,25660,29641,1367,391,25566,6580,2143,6921,2659
2022-10-25T00:00:00.000,099741,EURO FX,666719,83693,88897,386505,147094,28695,310389,43118,14554,75890,56967
2022-10-25T00:00:00.000,112741,NZ DOLLAR,50620,14771,16837,5578,23837,25164,967,347,814,2983,6388
2022-10-25T00:00:00.000,232741,AUSTRALIAN DOLLAR,166961,17553,43155,49175,69578,75006,11489,1091,3730,15022,29895
2022-11-01T00:00:00.000,090741,CANADIAN DOLLAR,147170,16235,34838,45888,45562,28686,15325,13967,7425,31212,32838
2022-11-01T00:00:00.000,092741,SWISS FRANC,50107,6465,12520,2545,15944,32490,89,0,0,7559,20506
2022-11-01T00:00:00.000,096742,BRITISH POUND,243549,64702,61888,38162,90884,107764,35819,3670,5166,19464,40005
2022-11-01T00:00:00.000,097741,JAPANESE YEN,258906,40246,62353,56909,136135,124994,7761,4016,1762,23021,41175
2022-11-01T00:00:00.000,098662,USD INDEX,55942,15613,21704,27011,1271,415,25566,5001,3042,6460,2917
2022-11-01T00:00:00.000,099741,EURO FX,671729,88366,84155,388553,131227,27000,341879,44399,14086,77062,54033
2022-11-01T00:00:00.000,112741,NZ DOLLAR,47219,19970,15639,4137,22728,18464,1046,623,747,2707,5741
2022-11-01T00:00:00.000,232741,AUSTRALIAN DOLLAR,165411,18241,45476,43826,68543,77134,11260,2002,3730,15301,27495
2022-11-08T00:00:00.000,090741,CANADIAN DOLLAR,147555,16927,37931,44901,46913,30871,14610,15207,8986,30370,29836
2022-11-08T00:00:00.000,092741,SWISS FRANC,49907,4904,14034,2329,14461,32384,0,0,0,9156,20278
2022-11-08T00:00:00.000,096742,BRITISH POUND,237334,65610,58267,37951,92215,100639,37087,4405,4516,18714,35234
2022-11-08T00:00:00.000,097741,JAPANESE YEN,251378,37682,61476,55857,133479,118441,5393,4129,2039,26462,40184
2022-11-08T00:00:00.000,098662,USD INDEX,56340,15063,22424,26253,1422,487,25566,6502,2551,6327,2669
2022-11-08T00:00:00.000,099741,EURO FX,667902,81850,75031,385994,123303,28388,351100,44006,14968,78139,53975
2022-11-08T00:00:00.000,112741,NZ DOLLAR,45808,17232,14751,3736,22730,20117,848,478,809,2532,4957
2022-11-08T00:00:00.000,232741,AUSTRALIAN DOLLAR,162523,18680,40362,42671,71382,73576,13149,2236,3730,16602,25142
2022-11-15T00:00:00.000,090741,CANADIAN DOLLAR,139753,14824,30064,44106,44880,26205,15672,15139,8349,30478,31787
2022-11-15T00:00:00.000,092741,SWISS FRANC,41966,2493,13912,2035,11068,26164,902,0,0,10058,14868
2022-11-15T00:00:00.000,096742,BRITISH POUND,230102,64269,51857,41981,83053,89795,43269,3055,4316,19676,36281
2022-11-15T00:00:00.000,097741,JAPANESE YEN,233346,33862,55569,56437,119838,108146,12676,3462,2453,24061,35432
2022-11-15T00:00:00.000,098662,USD INDEX,48382,13144,15786,23369,1379,361,25566,4213,1483,5843,2716
2022-11-15T00:00:00.000,099741,EURO FX,682575,80563,80590,396749,108180,29953,382541,44369,19230,86147,47240
2022-11-15T00:00:00.000,112741,NZ DOLLAR,42589,14176,16323,3724,19286,20893,1430,492,493,2680,4433
2022-11-15T00:00:00.000,232741,AUSTRALIAN DOLLAR,162440,19092,41351,43554,71802,74128,12510,1982,3730,15029,24392
2022-11-22T00:00:00.000,090741,CANADIAN DOLLAR,134901,14506,28263,43163,41343,22289,14912,14719,9167,30413,31405
2022-11-22T00:00:00.000,092741,SWISS FRANC,41440,1970,13288,2175,10245,25368,1253,0,0,10723,15450
2022-11-22T00:00:00.000,096742,BRITISH POUND,222317,59202,52331,41560,75930,88735,44396,3021,4316,19257,34802
2022-11-22T00:00:00.000,097741,JAPANESE YEN,227435,29029,54986,58325,111758,106048,16430,3481,453,23533,36789
2022-11-22T00:00:00.000,098662,USD INDEX,47718,14488,15808,22144,1436,276,25566,3395,1380,6171,2284
2022-11-22T00:00:00.000,099741,EURO FX,680873,83419,76878,398863,100032,28591,396124,45304,17975,82746,47914
2022-11-22T00:00:00.000,112741,NZ DOLLAR,42589,13684,17042,4991,16576,19366,3003,76,716,3203,3983
2022-11-22T00:00:00.000,232741,AUSTRALIAN DOLLAR,156807,14102,41650,46197,63564,70624,16660,1909,3730,16168,23396
2022-11-29T00:00:00.000,090741,CANADIAN DOLLAR,136654,21031,30735,37229,40886,21101,15314,14188,8779,33375,31210
2022-11-29T00:00:00.000,092741,SWISS FRANC,41360,1526,12577,2212,9225,25189,1402,0,0,10696,16419
2022-11-29T00:00:00.000,096742,BRITISH POUND,225480,54861,50822,42153,73565,89822,47445,1960,4316,21363,34011
2022-11-29T00:00:00.000,097741,JAPANESE YEN,228328,24956,55283,58986,108836,109321,16913,3597,553,22403,37678
2022-11-29T00:00:00.000,098662,USD INDEX,46836,13445,13050,22191,1925,270,25566,3427,2392,6199,2599
2022-11-29T00:00:00.000,099741,EURO FX,695776,76460,79804,411019,96730,32015,401343,44288,18243,81867,49529
2022-11-29T00:00:00.000,112741,NZ DOLLAR,46180,14406,21465,7303,14502,18281,4192,342,586,3691,3278
2022-11-29T00:00:00.000,232741,AUSTRALIAN DOLLAR,159378,14096,46455,50277,62593,68789,16476,2368,3730,15698,21974
2022-12-06T00:00:00.000,090741,CANADIAN DOLLAR,148891,26001,26399,27941,52358,33441,13879,14621,8553,30984,31799
2022-12-06T00:00:00.000,092741,SWISS FRANC,40171,1439,10859,2109,9573,24980,2467,0,0,10183,15812
2022-12-06T00:00:00.000,096742,BRITISH POUND,230311,55649,52473,42986,69333,87475,52520,1960,4163,22941,32522
2022-12-06T00:00:00.000,097741,JAPANESE YEN,223424,23827,56261,55492,98262,107518,22237,824,1695,24896,34102
2022-12-06T00:00:00.000,098662,USD INDEX,45115,14562,11088,20366,1889,204,25566,2833,2076,5610,2956
2022-12-06T00:00:00.000,099741,EURO FX,711537,76694,81601,414337,98301,41631,412261,43236,18857,85050,49928
2022-12-06T00:00:00.000,112741,NZ DOLLAR,42954,12083,21077,7998,12180,18326,4743,155,759,3397,3200
2022-12-06T00:00:00.000,232741,AUSTRALIAN DOLLAR,158755,13809,48789,52681,59873,64064,22533,2898,0,16814,19071
2022-12-13T00:00:00.000,090741,CANADIAN DOLLAR,169433,27526,28427,27147,59336,38423,15559,15295,7393,32089,29765
2022-12-13T00:00:00.000,092741,SWISS FRANC,49340,2659,10823,1870,9607,25130,5068,0,0,10597,14758
2022-12-13T00:00:00.000,096742,BRITISH POUND,240264,55236,57169,41702,60452,82921,55490,1938,3137,25472,31021
2022-12-13T00:00:00.000,097741,JAPANESE YEN,226964,21753,45441,50859,94167,91836,18200,774,1573,26668,32509
2022-12-13T00:00:00.000,098662,USD INDEX,48069,16576,14227,19877,2048,242,25566,3240,798,5782,3078
2022-12-13T00:00:00.000,099741,EURO FX,772800,68146,79103,445288,94765,40388,439262,43545,16899,94033,61371
2022-12-13T00:00:00.000,112741,NZ DOLLAR,55294,13889,25159,11042,11453,18432,7343,0,818,5297,3887
2022-12-13T00:00:00.000,232741,AUSTRALIAN DOLLAR,172269,15950,44672,52113,58607,63287,26158,3095,0,17339,22347
2022-12-20T00:00:00.000,090741,CANADIAN DOLLAR,180857,35744,33701,28122,63787,37678,15538,14677,7170,34768,30793
2022-12-20T00:00:00.000,092741,SWISS FRANC,30040,5026,7484,2293,8420,10733,1040,0,0,11376,12484
2022-12-20T00:00:00.000,096742,BRITISH POUND,187766,51110,41252,46853,60308,48548,35984,960,2873,22873,29927
2022-12-20T00:00:00.000,097741,JAPANESE YEN,182034,33835,52242,53587,87835,64037,5563,0,977,25924,30766
2022-12-20T00:00:00.000,098662,USD INDEX,41389,10753,22026,19596,1980,237,12788,3405,637,5815,2375
2022-12-20T00:00:00.000,099741,EURO FX,725968,78454,95148,450549,89882,33389,448199,40803,13708,84867,41125
2022-12-20T00:00:00.000,112741,NZ DOLLAR,29044,6057,11107,13936,7512,4530,6719,0,606,4154,2733
2022-12-20T00:00:00.000,232741,AUSTRALIAN DOLLAR,129256,22603,27889,50790,65494,29768,7320,2375,520,16213,20526
2022-12-27T00:00:00.000,090741,CANADIAN DOLLAR,140544,16329,35658,29863,56104,38857,5152,14297,4039,30275,28668
2022-12-27T00:00:00.000,092741,SWISS FRANC,29851,3939,6519,2259,9503,10917,1057,0,0,12218,12254
2022-12-27T00:00:00.000,096742,BRITISH POUND,195440,57734,50503,47666,60134,50819,35305,960,2863,21579,29953
2022-12-27T00:00:00.000,097741,JAPANESE YEN,173136,28810,49437,53316,77069,60729,7411,1032,1699,22987,31258
2022-12-27T00:00:00.000,098662,USD INDEX,41653,11829,22095,18253,2100,260,12788,4254,792,5563,2384
2022-12-27T00:00:00.000,099741,EURO FX,728387,81740,92874,451326,85682,32479,455413,40360,12594,83826,43168
2022-12-27T00:00:00.000,112741,NZ DOLLAR,33552,9013,12778,13727,9802,5966,7064,150,577,4061,2696
2022-12-27T00:00:00.000,232741,AUSTRALIAN DOLLAR,129195,18771,28834,54004,67853,29026,5834,2210,0,18013,19503
2023-01-03T00:00:00.000,090741,CANADIAN DOLLAR,138995,15910,28114,26558,60358,37973,5277,14716,3633,31870,29645
2023-01-03T00:00:00.000,092741,SWISS FRANC,33250,7403,7503,1780,10317,12481,1012,745,0,10322,13899
2023-01-03T00:00:00.000,096742,BRITISH POUND,205722,66614,60209,48608,63392,53617,33874,960,2933,22168,31559
2023-01-03T00:00:00.000,097741,JAPANESE YEN,172590,26931,45445,54246,69600,45775,11100,446,1344,27267,27176
2023-01-03T00:00:00.000,098662,USD INDEX,41850,12494,21201,17632,2259,265,12788,4324,910,5538,3095
2023-01-03T00:00:00.000,099741,EURO FX,712030,71489,77178,432022,82479,45250,459862,39510,12918,85209,41043
2023-01-03T00:00:00.000,112741,NZ DOLLAR,29773,8201,8822,11028,10865,5983,6088,436,563,3842,3152
2023-01-03T00:00:00.000,232741,AUSTRALIAN DOLLAR,132960,22391,30858,52527,69026,30819,4985,2460,0,17847,21175
2023-01-10T00:00:00.000,090741,CANADIAN DOLLAR,133888,13951,31486,25554,55310,38047,4530,12955,2871,33283,29593
2023-01-10T00:00:00.000,092741,SWISS FRANC,33266,4501,9570,1722,8426,12138,1551,2022,0,12542,13378
2023-01-10T00:00:00.000,096742,BRITISH POUND,202713,57690,53851,54759,68182,50925,34438,1392,2483,23559,29371
2023-01-10T00:00:00.000,097741,JAPANESE YEN,175745,29570,34650,55013,66462,43004,27319,1346,1391,28973,28084
2023-01-10T00:00:00.000,098662,USD INDEX,42307,12617,21903,17035,2075,197,12788,5184,1007,5784,3044
2023-01-10T00:00:00.000,099741,EURO FX,746163,82961,89335,438725,77117,47533,480753,42757,11999,91275,44047
2023-01-10T00:00:00.000,112741,NZ DOLLAR,27566,10219,6655,7941,11035,4489,5727,123,504,4206,3057
2023-01-10T00:00:00.000,232741,AUSTRALIAN DOLLAR,126028,17147,26587,51961,63583,28360,11338,2560,0,20573,19093
2023-01-17T00:00:00.000,090741,CANADIAN DOLLAR,132346,14458,26636,25140,55114,36196,5965,13332,1182,32211,32440
2023-01-17T00:00:00.000,092741,SWISS FRANC,34300,5259,10507,2272,8028,13025,787,2182,0,11429,14845
2023-01-17T00:00:00.000,096742,BRITISH POUND,201956,61449,50950,43374,69709,56350,32252,960,2483,24051,30790
2023-01-17T00:00:00.000,097741,JAPANESE YEN,176862,31349,36833,55978,53770,37003,38165,1046,1485,30761,25884
2023-01-17T00:00:00.000,098662,USD INDEX,39388,11598,18444,16548,2474,257,12788,4273,1182,5292,3080
2023-01-17T00:00:00.000,099741,EURO FX,753915,71486,85373,459449,76813,43087,494265,41713,11374,94476,42386
2023-01-17T00:00:00.000,112741,NZ DOLLAR,31579,9684,9890,7591,11605,9325,5537,356,552,3903,3275
2023-01-17T00:00:00.000,232741,AUSTRALIAN DOLLAR,128213,13844,26321,54251,63496,27879,16288,2447,0,26348,18664
2023-01-24T00:00:00.000,090741,CANADIAN DOLLAR,137476,17086,34181,25342,58447,40421,3430,12916,1260,30927,29374
2023-01-24T00:00:00.000,092741,SWISS FRANC,35368,4998,12208,3660,8070,12855,1360,2182,0,11540,13597
2023-01-24T00:00:00.000,096742,BRITISH POUND,194051,53299,48116,43145,64879,54562,32768,960,2483,26309,30029
2023-01-24T00:00:00.000,097741,JAPANESE YEN,173321,25334,36268,60445,49803,34346,38507,1454,1491,31009,26519
2023-01-24T00:00:00.000,098662,USD INDEX,41233,13230,19913,15385,2857,147,12788,5402,1352,5614,2868
2023-01-24T00:00:00.000,099741,EURO FX,777569,77468,88332,476921,74844,41118,514783,40597,10246,96793,44692
2023-01-24T00:00:00.000,112741,NZ DOLLAR,32710,8686,11515,10321,10935,7619,6056,113,300,5077,3010
2023-01-24T00:00:00.000,232741,AUSTRALIAN DOLLAR,129490,15739,29914,56187,61967,29260,15282,2512,0,22903,19438
2023-01-31T00:00:00.000,090741,CANADIAN DOLLAR,140167,18352,33019,25495,59297,39953,4330,11537,1238,33382,30835
2023-01-31T00:00:00.000,092741,SWISS FRANC,38345,7084,12698,4075,7931,12802,2012,2182,0,11549,15051
2023-01-31T00:00:00.000,096742,BRITISH POUND,196113,55827,43861,42887,66094,56135,32035,960,3468,24459,34810
2023-01-31T00:00:00.000,097741,JAPANESE YEN,168540,20971,32108,59887,46342,35009,39859,1454,893,31108,29227
2023-01-31T00:00:00.000,098662,USD INDEX,38140,10256,15356,15503,3859,57,12788,4357,1409,6309,3070
2023-01-31T00:00:00.000,099741,EURO FX,796738,85496,80440,487012,75651,41129,538965,40202,11863,95671,42591
2023-01-31T00:00:00.000,112741,NZ DOLLAR,34587,13074,11868,10786,8619,4885,8820,335,200,4674,4247
2023-01-31T00:00:00.000,232741,AUSTRALIAN DOLLAR,136304,16681,36959,64948,62210,24473,16617,2254,0,24573,17143
2023-02-07T00:00:00.000,090741,CANADIAN DOLLAR,149621,25887,37042,24181,65628,45624,3439,11062,1790,32898,31753
2023-02-07T00:00:00.000,092741,SWISS FRANC,38842,8715,12832,3101,8656,13616,1690,2182,0,9776,14212
2023-02-07T00:00:00.000,096742,BRITISH POUND,203720,74244,45540,31993,71442,63174,33123,1387,3468,20214,37439
2023-02-07T00:00:00.000,097741,JAPANESE YEN,164069,13576,31302,66337,47162,34473,32675,1502,492,28171,32428
2023-02-07T00:00:00.000,098662,USD INDEX,33546,6781,11085,14427,3480,87,12788,3855,1031,5962,2728
2023-02-07T00:00:00.000,099741,EURO FX,781287,73795,58220,489504,78631,40285,538639,38614,13416,90502,43794
2023-02-07T00:00:00.000,112741,NZ DOLLAR,31410,12663,9245,9895,6977,1968,8265,647,297,4248,4637
2023-02-07T00:00:00.000,232741,AUSTRALIAN DOLLAR,124006,13007,25253,59488,60035,19190,14115,2354,0,24606,19242
2023-02-14T00:00:00.000,090741,CANADIAN DOLLAR,149059,15960,30932,23591,67255,54285,3439,10936,2282,33363,34227
2023-02-14T00:00:00.000,092741,SWISS FRANC,37591,6326,11056,3795,9063,13874,1444,2182,0,9934,14548
2023-02-14T00:00:00.000,096742,BRITISH POUND,205316,71042,42087,30157,79500,68754,32065,1387,3468,20968,35188
2023-02-14T00:00:00.000,097741,JAPANESE YEN,174955,20989,34650,72037,50848,33208,32738,1402,1474,26311,34237
2023-02-14T00:00:00.000,098662,USD INDEX,32966,7047,11434,13665,3797,307,12758,3681,878,6656,2489
2023-02-14T00:00:00.000,099741,EURO FX,788633,79092,57684,485694,72857,41784,546951,38469,15431,93575,45691
2023-02-14T00:00:00.000,112741,NZ DOLLAR,29900,11353,9091,8088,7973,3305,6684,175,436,5515,4252
2023-02-14T00:00:00.000,232741,AUSTRALIAN DOLLAR,126033,15829,26210,56768,61439,20940,13764,2704,0,24446,19274
2023-02-21T00:00:00.000,090741,CANADIAN DOLLAR,151896,14676,33410,22200,62329,53827,3469,12535,1780,34967,37217
2023-02-21T00:00:00.000,092741,SWISS FRANC,39087,9301,11802,3723,10114,14305,1418,1980,437,9110,14648
2023-02-21T00:00:00.000,096742,BRITISH POUND,213502,72880,44655,30041,84906,74664,29718,1387,3468,20231,36456
2023-02-21T00:00:00.000,097741,JAPANESE YEN,186100,30808,37896,71320,70232,36758,17402,1011,1507,23044,35904
2023-02-21T00:00:00.000,098662,USD INDEX,36022,8237,15485,14206,2273,77,12758,4702,1148,6832,2390
2023-02-21T00:00:00.000,099741,EURO FX,789898,79329,56100,484939,77011,43630,544967,37931,16501,91704,42954
2023-02-21T00:00:00.000,112741,NZ DOLLAR,29888,11651,9576,7379,8675,4484,5773,720,446,4026,3790
2023-02-21T00:00:00.000,232741,AUSTRALIAN DOLLAR,123456,24107,22874,49445,61322,20644,12443,2704,0,21994,22255
2023-02-28T00:00:00.000,090741,CANADIAN DOLLAR,165097,26869,34614,21497,76499,58309,3481,13119,2814,31474,33860
2023-02-28T00:00:00.000,092741,SWISS FRANC,41991,10564,10620,3154,11152,16596,0,1980,0,9047,19569
2023-02-28T00:00:00.000,096742,BRITISH POUND,212064,70536,46714,31056,85765,74494,28809,1387,3468,21140,33857
2023-02-28T00:00:00.000,097741,JAPANESE YEN,200047,25965,51807,72408,80598,58020,12416,1196,925,24917,36760
2023-02-28T00:00:00.000,098662,USD INDEX,37290,7531,17902,16471,1187,0,12758,4928,1233,6559,2409
2023-02-28T00:00:00.000,099741,EURO FX,803963,84939,58012,488209,82563,43416,549079,39621,16235,93162,43458
2023-02-28T00:00:00.000,112741,NZ DOLLAR,40006,21437,12923,4085,15294,9540,5189,386,1107,3716,4651
2023-02-28T00:00:00.000,232741,AUSTRALIAN DOLLAR,126681,29146,20784,47401,67108,22137,9723,3344,0,19108,23521
2023-03-07T00:00:00.000,090741,CANADIAN DOLLAR,203816,56438,44182,21453,91861,61428,3611,12599,1997,29955,40222
2023-03-07T00:00:00.000,092741,SWISS FRANC,46745,12997,11725,3119,11001,15689,179,1980,0,8258,19138
2023-03-07T00:00:00.000,096742,BRITISH POUND,222558,77238,50659,31234,83041,72275,28993,1387,2930,22450,38961
2023-03-07T00:00:00.000,097741,JAPANESE YEN,211297,19427,58884,79299,79224,62068,8972,2109,1523,25536,39836
2023-03-07T00:00:00.000,098662,USD INDEX,36943,9550,16816,17012,1307,102,12758,2255,1114,5434,2358
2023-03-07T00:00:00.000,099741,EURO FX,821057,75936,60049,490588,80743,47380,552786,41463,15969,97168,42988
2023-03-07T00:00:00.000,112741,NZ DOLLAR,48777,22450,14223,4597,17570,11436,4769,349,432,2940,4778
2023-03-07T00:00:00.000,232741,AUSTRALIAN DOLLAR,157990,45951,32517,44875,71515,24467,3090,3004,0,19755,30930
2023-03-14T00:00:00.000,090741,CANADIAN DOLLAR,244421,56104,45425,18213,95224,63860,4206,13303,1971,32106,36760
2023-03-14T00:00:00.000,092741,SWISS FRANC,39006,3347,10285,3326,10124,16052,943,1980,0,11742,15095
2023-03-14T00:00:00.000,096742,BRITISH POUND,193377,48727,34931,31293,79060,68653,24751,1387,2930,22535,30923
2023-03-14T00:00:00.000,097741,JAPANESE YEN,179782,16306,60847,76079,68319,53589,7961,3239,886,23727,34927
2023-03-14T00:00:00.000,098662,USD INDEX,35180,8558,17535,16725,1651,56,11163,2951,1186,5354,2109
2023-03-14T00:00:00.000,099741,EURO FX,745403,64007,56362,484418,83731,23984,504526,39898,14601,87967,41054
2023-03-14T00:00:00.000,112741,NZ DOLLAR,35374,12319,12829,5152,17543,14000,0,380,848,2996,3627
2023-03-14T00:00:00.000,232741,AUSTRALIAN DOLLAR,150058,36519,29433,39446,82728,47953,1600,2881,0,16801,29839
2023-03-21T00:00:00.000,090741,CANADIAN DOLLAR,178185,18198,36322,18910,89159,88611,3473,13075,2212,29717,37345
2023-03-21T00:00:00.000,092741,SWISS FRANC,35837,4701,8694,1829,10244,15815,0,1907,0,9978,15292
2023-03-21T00:00:00.000,096742,BRITISH POUND,190796,44689,35921,32351,71690,65931,28809,1387,2930,23376,28384
2023-03-21T00:00:00.000,097741,JAPANESE YEN,169188,10622,61899,71320,55345,49208,11668,4988,1087,24336,30475
2023-03-21T00:00:00.000,098662,USD INDEX,33819,7459,16121,16093,1573,0,11163,3985,1244,4864,2300
2023-03-21T00:00:00.000,099741,EURO FX,737437,61547,48206,479791,81594,24377,508761,39758,13241,87688,41359
2023-03-21T00:00:00.000,112741,NZ DOLLAR,32179,7359,12078,5092,15503,15157,156,573,331,3392,3505
2023-03-21T00:00:00.000,232741,AUSTRALIAN DOLLAR,151836,34704,28414,39040,85083,50587,1600,2861,0,17905,30000
2023-03-28T00:00:00.000,090741,CANADIAN DOLLAR,176559,18535,36731,19800,87342,85729,3231,12190,2358,30744,37336
2023-03-28T00:00:00.000,092741,SWISS FRANC,34856,4157,7061,1775,10450,15744,1413,1907,0,10185,14844
2023-03-28T00:00:00.000,096742,BRITISH POUND,199868,44539,38219,38907,68151,64672,41019,1387,3623,26264,24757
2023-03-28T00:00:00.000,097741,JAPANESE YEN,169473,14688,57172,72482,56242,46401,18332,2823,1061,24593,28180
2023-03-28T00:00:00.000,098662,USD INDEX,31128,7163,13525,14888,1195,76,11163,2908,1518,4737,2371
2023-03-28T00:00:00.000,099741,EURO FX,732506,58664,55651,483631,80327,23428,500750,38568,13786,85724,39501
2023-03-28T00:00:00.000,112741,NZ DOLLAR,31981,9971,10859,5380,15446,12396,1357,389,531,3467,3410
2023-03-28T00:00:00.000,232741,AUSTRALIAN DOLLAR,151238,32010,27602,42807,85016,48580,2786,2911,427,19330,29807
2023-04-04T00:00:00.000,090741,CANADIAN DOLLAR,169138,14457,39176,21921,82634,79882,4345,11817,2283,31176,30815
2023-04-04T00:00:00.000,092741,SWISS FRANC,37177,3464,7610,1800,11004,15825,1563,1907,0,12249,15068
2023-04-04T00:00:00.000,096742,BRITISH POUND,224690,54677,53028,49095,59099,61932,57726,1387,3150,31247,25335
2023-04-04T00:00:00.000,097741,JAPANESE YEN,178828,15053,59500,73899,51294,47011,30608,2773,2104,32150,27380
2023-04-04T00:00:00.000,098662,USD INDEX,32076,9549,13000,13467,2285,136,11163,2833,1585,4703,2655
2023-04-04T00:00:00.000,099741,EURO FX,747095,66748,63263,485717,74529,19742,511316,38565,13058,91568,40174
2023-04-04T00:00:00.000,112741,NZ DOLLAR,36080,13202,12129,5516,15480,11700,4566,729,306,4501,3167
2023-04-04T00:00:00.000,232741,AUSTRALIAN DOLLAR,151242,32751,27385,46108,83652,44157,5376,3001,0,19523,29127
2023-04-11T00:00:00.000,090741,CANADIAN DOLLAR,164875,16553,42255,22127,75730,75942,4242,11663,2432,29091,30717
2023-04-11T00:00:00.000,092741,SWISS FRANC,38272,3233,8096,3334,11387,15601,1590,1907,0,12050,15052
2023-04-11T00:00:00.000,096742,BRITISH POUND,225292,54061,53517,56504,59508,56055,59911,1387,2810,31221,23482
2023-04-11T00:00:00.000,097741,JAPANESE YEN,176822,13815,57389,74130,50284,48381,28076,2494,3929,30405,29547
2023-04-11T00:00:00.000,098662,USD INDEX,33076,11406,11380,12513,4975,153,11163,2970,1272,4626,2878
2023-04-11T00:00:00.000,099741,EURO FX,759439,69139,61513,496317,74572,19719,526373,40977,12421,89357,40630
2023-04-11T00:00:00.000,112741,NZ DOLLAR,35806,11697,11968,7477,15630,10672,4649,797,306,4811,2901
2023-04-11T00:00:00.000,232741,AUSTRALIAN DOLLAR,159441,30248,32244,47160,85454,50115,4143,3451,0,21588,30721
2023-04-18T00:00:00.000,090741,CANADIAN DOLLAR,148638,16689,37258,28527,67479,50838,4204,11324,2476,32592,28553
2023-04-18T00:00:00.000,092741,SWISS FRANC,40870,2880,7818,4173,12202,14636,4790,1787,0,15185,13851
2023-04-18T00:00:00.000,096742,BRITISH POUND,224536,52218,47665,60652,61420,55280,64365,1387,2780,30745,24052
2023-04-18T00:00:00.000,097741,JAPANESE YEN,177507,15253,58960,75302,50857,49542,26933,3369,1940,27108,31884
2023-04-18T00:00:00.000,098662,USD INDEX,34865,11610,10791,13414,5851,129,11163,2965,1755,4940,3498
2023-04-18T00:00:00.000,099741,EURO FX,766374,65844,57520,505959,73677,19870,536511,38442,11331,90436,41512
2023-04-18T00:00:00.000,112741,NZ DOLLAR,33377,10109,8574,7626,16325,11185,4191,283,300,3757,3570
2023-04-18T00:00:00.000,232741,AUSTRALIAN DOLLAR,159708,30262,34350,46411,84353,51102,4302,3431,0,20500,28701
2023-04-25T00:00:00.000,090741,CANADIAN DOLLAR,151786,25190,37563,26232,66559,47270,2930,12537,2090,29997,32084
2023-04-25T00:00:00.000,092741,SWISS FRANC,41736,4042,7262,4220,14455,14794,4081,1787,0,15210,14255
2023-04-25T00:00:00.000,096742,BRITISH POUND,231666,57163,47200,60203,65310,55918,63473,1387,3379,31336,26645
2023-04-25T00:00:00.000,097741,JAPANESE YEN,184041,16108,56543,77569,58684,46947,22641,3384,2259,30358,34239
2023-04-25T00:00:00.000,098662,USD INDEX,34441,10869,10238,13141,6466,94,11163,3070,1279,5219,3247
2023-04-25T00:00:00.000,099741,EURO FX,772882,69260,55884,510675,74655,19153,545719,33230,11097,94777,39740
2023-04-25T00:00:00.000,112741,NZ DOLLAR,36603,12725,9562,7391,19748,11909,1712,278,605,3465,4141
2023-04-25T00:00:00.000,232741,AUSTRALIAN DOLLAR,178757,40401,36954,46755,94473,59971,4717,3301,0,18987,33271
2023-05-02T00:00:00.000,090741,CANADIAN DOLLAR,171054,26985,36841,25473,82922,66630,2930,12065,1969,29072,35563
2023-05-02T00:00:00.000,092741,SWISS FRANC,43251,5459,7366,4844,14697,14790,5249,1787,0,13740,13308
2023-05-02T00:00:00.000,096742,BRITISH POUND,231602,53504,48832,64760,72116,58132,57193,1393,3400,29164,25412
2023-05-02T00:00:00.000,097741,JAPANESE YEN,202996,26556,66722,79011,66327,52832,18045,4395,2503,30042,39239
2023-05-02T00:00:00.000,098662,USD INDEX,32774,10646,8752,11917,6253,0,11449,3234,1290,5085,3138
2023-05-02T00:00:00.000,099741,EURO FX,779458,70548,55759,511857,76172,18184,539147,31981,9706,93686,45472
2023-05-02T00:00:00.000,112741,NZ DOLLAR,38910,15242,10727,7999,21818,12172,1414,165,304,3029,4344
2023-05-02T00:00:00.000,232741,AUSTRALIAN DOLLAR,181229,40816,32065,45923,105259,62540,2872,2871,412,19421,30963
2023-05-09T00:00:00.000,090741,CANADIAN DOLLAR,159364,26820,39865,27340,72022,54023,4223,9916,2295,31226,30920
2023-05-09T00:00:00.000,092741,SWISS FRANC,43389,4827,7685,4849,13329,14671,4828,1787,0,14657,14949
2023-05-09T00:00:00.000,096742,BRITISH POUND,242576,52697,61136,76505,67556,55835,59876,1387,4856,31057,24057
2023-05-09T00:00:00.000,097741,JAPANESE YEN,192574,21147,56698,83367,62819,46758,24264,4265,3609,29150,37297
2023-05-09T00:00:00.000,098662,USD INDEX,32175,13286,7023,9364,6428,0,11462,2543,1750,4923,3453
2023-05-09T00:00:00.000,099741,EURO FX,794721,78046,64643,517803,76477,18458,550230,31921,9716,96515,41677
2023-05-09T00:00:00.000,112741,NZ DOLLAR,41583,17530,14249,9400,19233,10129,3850,406,431,3681,3383
2023-05-09T00:00:00.000,232741,AUSTRALIAN DOLLAR,165532,29226,35313,46687,93741,59154,1600,3291,0,19371,27075
2023-05-16T00:00:00.000,090741,CANADIAN DOLLAR,161195,25181,37122,27249,76595,58883,2930,9079,2202,30767,32310
2023-05-16T00:00:00.000,092741,SWISS FRANC,43681,5668,7464,4951,12278,14499,6064,1667,0,14600,15579
2023-05-16T00:00:00.000,096742,BRITISH POUND,247165,56611,58929,76148,68232,55715,64110,1387,3726,30873,25737
2023-05-16T00:00:00.000,097741,JAPANESE YEN,200515,25509,62763,87556,70492,50237,18976,3961,3686,26570,37916
2023-05-16T00:00:00.000,098662,USD INDEX,30880,10645,8116,9408,5382,0,11163,3084,1319,5644,2801
2023-05-16T00:00:00.000,099741,EURO FX,789930,69220,53952,521175,79390,17780,549939,34208,10346,93212,41968
2023-05-16T00:00:00.000,112741,NZ DOLLAR,36187,12999,8780,8450,20110,10438,3069,350,410,3695,3563
2023-05-16T00:00:00.000,232741,AUSTRALIAN DOLLAR,167020,30052,32166,47513,95785,58787,2223,2961,831,19676,27984
2023-05-23T00:00:00.000,090741,CANADIAN DOLLAR,159199,16502,36441,27805,74671,64334,2930,8671,2656,31126,31740
2023-05-23T00:00:00.000,092741,SWISS FRANC,44808,7047,7551,5167,12084,14585,8043,1667,0,13674,14462
2023-05-23T00:00:00.000,096742,BRITISH POUND,237614,53878,53052,67653,62529,56759,66351,1387,2832,31097,26010
2023-05-23T00:00:00.000,097741,JAPANESE YEN,226400,33768,81823,79464,86693,72848,6070,3911,3687,27680,39398
2023-05-23T00:00:00.000,098662,USD INDEX,30203,9207,9425,10402,2779,58,11163,3339,2268,5398,2769
2023-05-23T00:00:00.000,099741,EURO FX,781123,72480,58233,508404,79601,18770,538642,36401,10038,92077,41618
2023-05-23T00:00:00.000,112741,NZ DOLLAR,39011,15190,10877,9630,17673,9265,6301,295,448,4036,3117
2023-05-23T00:00:00.000,232741,AUSTRALIAN DOLLAR,180138,38433,33319,43680,105190,67786,2518,2510,420,19057,30019
2023-05-30T00:00:00.000,090741,CANADIAN DOLLAR,179871,31800,41723,30598,82205,65945,2930,9874,2236,27430,36553
2023-05-30T00:00:00.000,092741,SWISS FRANC,41354,7424,5036,3112,12398,14632,8438,1802,0,13516,14614
2023-05-30T00:00:00.000,096742,BRITISH POUND,240301,62504,51466,60026,60007,57104,68193,1387,3328,29613,27640
2023-05-30T00:00:00.000,097741,JAPANESE YEN,243237,39074,85452,71565,96623,86145,5896,5266,3760,29299,39618
2023-05-30T00:00:00.000,098662,USD INDEX,32373,10321,13292,10760,1575,0,11163,3620,2163,5936,2444
2023-05-30T00:00:00.000,099741,EURO FX,775142,72423,53127,499251,82677,20717,530125,35613,10365,93836,45546
2023-05-30T00:00:00.000,112741,NZ DOLLAR,39507,14335,10013,7110,20314,12403,1861,504,1099,3670,4735
2023-05-30T00:00:00.000,232741,AUSTRALIAN DOLLAR,204963,53661,39176,42112,118068,76326,1946,2560,495,19509,34483
2023-06-06T00:00:00.000,090741,CANADIAN DOLLAR,168025,19797,33431,27258,82881,68961,2930,4837,1484,31338,31465
2023-06-06T00:00:00.000,092741,SWISS FRANC,44087,11864,6724,2748,13776,15806,5986,1802,0,11309,17043
2023-06-06T00:00:00.000,096742,BRITISH POUND,242117,58577,41788,61904,67456,56458,67360,1387,3362,29200,27560
2023-06-06T00:00:00.000,097741,JAPANESE YEN,245332,36006,84398,66695,100718,93189,5468,6358,2745,30731,39650
2023-06-06T00:00:00.000,098662,USD INDEX,33930,11377,14100,11292,1173,0,11163,3366,2543,5698,2754
2023-06-06T00:00:00.000,099741,EURO FX,781967,77781,54388,487937,87370,22692,516983,35134,10298,95766,50271
2023-06-06T00:00:00.000,112741,NZ DOLLAR,41665,14037,9876,6706,20188,13493,1547,411,883,3502,5655
2023-06-06T00:00:00.000,232741,AUSTRALIAN DOLLAR,209680,44312,34571,40132,118606,79736,1707,2270,538,19365,30393
2023-06-13T00:00:00.000,090741,CANADIAN DOLLAR,167232,13450,45203,28974,57582,56215,6274,4807,1679,36557,29265
2023-06-13T00:00:00.000,092741,SWISS FRANC,48163,9109,7268,3251,14520,14958,5662,2122,0,13320,15310
2023-06-13T00:00:00.000,096742,BRITISH POUND,290350,61463,61295,67309,65372,57188,69671,1387,2874,43653,31788
2023-06-13T00:00:00.000,097741,JAPANESE YEN,252566,37530,83179,65662,96580,93201,5201,6698,3926,31341,45546
2023-06-13T00:00:00.000,098662,USD INDEX,32050,10282,12830,10174,962,0,11163,3390,1575,5213,2529
2023-06-13T00:00:00.000,099741,EURO FX,818294,70136,49937,467413,79173,21468,500110,35284,10330,104516,59267
2023-06-13T00:00:00.000,112741,NZ DOLLAR,46496,15149,8797,5506,20568,13712,747,325,557,2815,6838
2023-06-13T00:00:00.000,232741,AUSTRALIAN DOLLAR,182562,25795,38463,44760,89998,69912,1600,2270,514,20338,32500
2023-06-20T00:00:00.000,090741,CANADIAN DOLLAR,184106,20776,68328,40695,48590,47905,10708,4985,1520,38400,23615
2023-06-20T00:00:00.000,092741,SWISS FRANC,36128,8299,7290,2814,13176,10570,2835,2003,0,12170,12555
2023-06-20T00:00:00.000,096742,BRITISH POUND,226505,77032,39918,80585,68164,2482,62747,1530,3195,36837,24442
2023-06-20T00:00:00.000,097741,JAPANESE YEN,238556,28924,77642,67672,101127,100226,9767,6104,3774,27983,38599
2023-06-20T00:00:00.000,098662,USD INDEX,27306,9653,6968,8544,798,0,14232,3384,1296,4318,2605
2023-06-20T00:00:00.000,099741,EURO FX,732979,66452,60120,476293,82284,19145,496116,35383,6827,92826,44752
2023-06-20T00:00:00.000,112741,NZ DOLLAR,32401,9463,8751,5891,17997,13159,0,332,315,2794,4576
2023-06-20T00:00:00.000,232741,AUSTRALIAN DOLLAR,149898,27107,38138,49958,80769,44479,3146,1879,0,21444,22814
2023-06-27T00:00:00.000,090741,CANADIAN DOLLAR,167798,27646,57520,59314,42878,28620,38476,4825,1112,41788,22207
2023-06-27T00:00:00.000,092741,SWISS FRANC,37379,6011,6829,3065,12213,12976,2701,1763,0,12918,14990
2023-06-27T00:00:00.000,096742,BRITISH POUND,229970,76413,43612,85089,64427,2614,69119,1430,3195,38132,23325
2023-06-27T00:00:00.000,097741,JAPANESE YEN,251524,35107,83128,69585,109028,102223,7282,6490,4471,29248,38744
2023-06-27T00:00:00.000,098662,USD INDEX,27691,10429,6959,7864,1733,0,14191,3517,1306,4647,2268
2023-06-27T00:00:00.000,099741,EURO FX,732123,70527,56288,474306,78536,18698,501350,32438,8027,93625,45393
2023-06-27T00:00:00.000,112741,NZ DOLLAR,34362,11448,11303,6469,14547,12344,3892,182,315,3293,3679
2023-06-27T00:00:00.000,232741,AUSTRALIAN DOLLAR,136335,26357,25965,43837,79532,37481,4784,2004,0,21829,21227
2023-07-03T00:00:00.000,090741,CANADIAN DOLLAR,156284,28670,40996,52056,43613,28538,42810,4979,1112,35761,21473
2023-07-03T00:00:00.000,092741,SWISS FRANC,40639,9920,8409,2638,14034,14639,2356,1763,0,11193,15354
2023-07-03T00:00:00.000,096742,BRITISH POUND,221021,68992,37432,84109,69757,3318,60394,960,3195,36707,23308
2023-07-03T00:00:00.000,097741,JAPANESE YEN,265066,40812,89943,72426,116667,105497,6957,6736,3814,30449,38539
2023-07-03T00:00:00.000,098662,USD INDEX,26619,9489,6186,7904,1509,0,14136,3430,1255,4462,2199
2023-07-03T00:00:00.000,099741,EURO FX,725927,69829,52356,474861,79095,16355,498196,31415,9435,90921,44299
2023-07-03T00:00:00.000,112741,NZ DOLLAR,34057,12468,9267,5772,14568,12132,3759,182,619,2390,4731
2023-07-03T00:00:00.000,232741,AUSTRALIAN DOLLAR,153744,36982,27088,37166,92471,52271,2072,2004,0,18331,25123
2023-07-11T00:00:00.000,090741,CANADIAN DOLLAR,140395,22502,29906,43938,47554,29753,31629,4426,1112,32865,23283
2023-07-11T00:00:00.000,092741,SWISS FRANC,43563,7073,8649,2282,16328,16804,2687,1763,0,15411,15669
2023-07-11T00:00:00.000,096742,BRITISH POUND,239125,70931,45841,96605,63465,1541,72791,1560,3178,39825,25187
2023-07-11T00:00:00.000,097741,JAPANESE YEN,252349,27126,85376,73839,103651,106064,7703,6466,4870,29288,41183
2023-07-11T00:00:00.000,098662,USD INDEX,28925,11501,6996,8015,1993,0,14136,3446,1403,4316,2750
2023-07-11T00:00:00.000,099741,EURO FX,736056,70220,60623,477886,78005,18306,501066,31303,10321,95768,43468
2023-07-11T00:00:00.000,112741,NZ DOLLAR,34947,13329,11462,5449,13848,12450,4091,182,641,2656,4024
2023-07-11T00:00:00.000,232741,AUSTRALIAN DOLLAR,152495,25482,21566,37787,94999,63262,2894,1879,0,16392,25343
2023-07-18T00:00:00.000,090741,CANADIAN DOLLAR,146171,21846,30917,48744,44403,28434,39672,5015,1517,35907,23437
2023-07-18T00:00:00.000,092741,SWISS FRANC,43213,4073,7782,6400,16381,12786,3346,1566,1600,18158,13874
2023-07-18T00:00:00.000,096742,BRITISH POUND,265766,87837,61746,110147,62400,1484,90361,628,3466,39762,21885
2023-07-18T00:00:00.000,097741,JAPANESE YEN,230932,27722,82476,71714,73393,91295,27652,4370,3624,28148,36104
2023-07-18T00:00:00.000,098662,USD INDEX,41045,24791,12991,6771,7110,0,14086,3488,1413,4193,3643
2023-07-18T00:00:00.000,099741,EURO FX,783132,86196,64705,501669,77482,20303,538591,30787,8688,97050,46539
2023-07-18T00:00:00.000,112741,NZ DOLLAR,39402,12704,13581,8709,12028,11320,10093,594,313,5117,2429
2023-07-18T00:00:00.000,232741,AUSTRALIAN DOLLAR,148592,17893,26096,43670,89598,57212,4242,1805,0,21539,22183
2023-07-25T00:00:00.000,090741,CANADIAN DOLLAR,156395,26485,33870,52558,46422,28275,47771,5291,1112,39413,22847
2023-07-25T00:00:00.000,092741,SWISS FRANC,44180,4567,7485,7146,16538,11063,3729,1566,1600,19044,14034
2023-07-25T00:00:00.000,096742,BRITISH POUND,237340,75093,41917,96487,61818,0,82768,0,3066,41762,23773
2023-07-25T00:00:00.000,097741,JAPANESE YEN,223760,30457,67088,61905,78893,88964,28728,5162,2976,30040,38843
2023-07-25T00:00:00.000,098662,USD INDEX,34514,21468,11550,6012,7357,0,8462,1269,1665,3735,3450
2023-07-25T00:00:00.000,099741,EURO FX,772408,80093,54039,491850,76934,18141,536742,30888,10296,97545,40506
2023-07-25T00:00:00.000,112741,NZ DOLLAR,36820,12867,8986,7921,12023,11128,11110,174,888,4080,3163
2023-07-25T00:00:00.000,232741,AUSTRALIAN DOLLAR,146423,18423,25781,46625,87407,49030,4415,1885,0,23735,22095
2023-08-01T00:00:00.000,090741,CANADIAN DOLLAR,152606,25055,26059,45992,48046,29095,45829,5280,2392,40916,24012
2023-08-01T00:00:00.000,092741,SWISS FRANC,43983,4400,6957,8216,17207,11066,4023,1566,1600,17767,13228
2023-08-01T00:00:00.000,096742,BRITISH POUND,220906,69165,35566,87200,62920,2242,73694,0,3584,39747,22590
2023-08-01T00:00:00.000,097741,JAPANESE YEN,229015,27311,67491,62030,78296,89647,32047,6534,3616,34184,38256
2023-08-01T00:00:00.000,098662,USD INDEX,31435,17601,11420,6765,6526,0,6151,1072,1815,3504,3030
2023-08-01T00:00:00.000,099741,EURO FX,755156,70631,51919,492126,79699,18786,521753,31020,8701,93893,44384
2023-08-01T00:00:00.000,112741,NZ DOLLAR,36091,15368,7501,4253,14456,11557,9628,494,434,3656,3309
2023-08-01T00:00:00.000,232741,AUSTRALIAN DOLLAR,161298,28781,27928,47026,96482,56335,4057,1803,0,21005,26483
2023-08-08T00:00:00.000,090741,CANADIAN DOLLAR,140960,28378,30729,33314,45124,30397,25727,6396,2145,33774,28534
2023-08-08T00:00:00.000,092741,SWISS FRANC,43122,6478,5782,5974,16610,13352,4681,1509,1600,15265,13905
2023-08-08T00:00:00.000,096742,BRITISH POUND,206954,66207,30035,74548,58555,6749,67895,0,1878,34505,23646
2023-08-08T00:00:00.000,097741,JAPANESE YEN,229849,24813,65142,61103,82745,91947,27833,7359,3561,33411,39352
2023-08-08T00:00:00.000,098662,USD INDEX,28930,15222,11997,7379,3960,0,6071,768,1395,3283,3229
2023-08-08T00:00:00.000,099741,EURO FX,760968,71402,60392,496666,79804,23480,520021,31594,8564,92240,46601
2023-08-08T00:00:00.000,112741,NZ DOLLAR,40986,19072,8785,3447,21767,14147,4796,374,606,3306,4392
2023-08-08T00:00:00.000,232741,AUSTRALIAN DOLLAR,182842,46725,27387,39857,111844,67174,3675,1803,0,18900,31553
2023-08-15T00:00:00.000,090741,CANADIAN DOLLAR,157827,38302,37204,30511,57546,45383,19278,4623,2433,30496,32854
2023-08-15T00:00:00.000,092741,SWISS FRANC,42794,6783,6137,5212,15792,13676,5058,1509,0,15262,15455
2023-08-15T00:00:00.000,096742,BRITISH POUND,215340,75113,32996,80383,59488,487,70821,0,1878,34690,25490
2023-08-15T00:00:00.000,097741,JAPANESE YEN,247954,34878,68723,58222,98987,100071,21404,8999,3520,34192,43728
2023-08-15T00:00:00.000,098662,USD INDEX,26954,10860,12464,8474,1801,0,6084,1335,1377,4404,3347
2023-08-15T00:00:00.000,099741,EURO FX,760233,76755,53700,492339,80087,21538,525111,30686,7841,90895,45474
2023-08-15T00:00:00.000,112741,NZ DOLLAR,46781,21902,10823,3159,26928,17715,2137,349,704,2942,5475
2023-08-15T00:00:00.000,232741,AUSTRALIAN DOLLAR,204458,55082,35765,38663,123705,79920,3812,1478,0,20392,32253
2023-08-22T00:00:00.000,090741,CANADIAN DOLLAR,166147,38188,32287,30420,68606,50834,17180,4688,1994,31746,35809
2023-08-22T00:00:00.000,092741,SWISS FRANC,44326,8262,6726,4718,16159,14862,4925,1710,0,14104,15846
2023-08-22T00:00:00.000,096742,BRITISH POUND,228179,75594,33336,92204,59054,0,79602,434,1857,33007,27390
2023-08-22T00:00:00.000,097741,JAPANESE YEN,246923,33762,69863,60285,103535,98203,14926,9021,3646,34492,43793
2023-08-22T00:00:00.000,098662,USD INDEX,33938,11405,20387,14272,1290,0,6142,2594,1481,4144,3115
2023-08-22T00:00:00.000,099741,EURO FX,750486,91721,60015,467608,85738,27512,503905,30689,9511,87925,46286
2023-08-22T00:00:00.000,112741,NZ DOLLAR,51035,21443,12001,3821,31418,21712,215,175,815,3041,5743
2023-08-22T00:00:00.000,232741,AUSTRALIAN DOLLAR,226955,60632,41633,41859,134550,89851,4054,2039,1036,20900,34008
2023-08-29T00:00:00.000,090741,CANADIAN DOLLAR,177048,46911,33493,29311,79980,51714,14499,4192,1978,32950,35128
2023-08-29T00:00:00.000,092741,SWISS FRANC,43242,7000,5725,5285,16063,14643,4980,1710,0,14426,16296
2023-08-29T00:00:00.000,096742,BRITISH POUND,228616,79582,39052,84704,65027,3749,70807,0,1357,32845,24637
2023-08-29T00:00:00.000,097741,JAPANESE YEN,245452,29062,66941,65309,101629,93017,20552,9378,3049,35843,40438
2023-08-29T00:00:00.000,098662,USD INDEX,36732,10391,22553,17812,1019,98,6129,2387,2074,4231,3144
2023-08-29T00:00:00.000,099741,EURO FX,748127,87774,59359,464262,98767,26259,483727,30664,8578,88079,46607
2023-08-29T00:00:00.000,112741,NZ DOLLAR,56617,19948,13989,4648,33158,26534,126,0,936,2759,5680
2023-08-29T00:00:00.000,232741,AUSTRALIAN DOLLAR,223489,52282,40209,37568,132587,97022,5080,1961,536,23103,33524
2023-09-05T00:00:00.000,090741,CANADIAN DOLLAR,189660,50780,40487,28628,83916,59896,12002,4125,2526,32462,36960
2023-09-05T00:00:00.000,092741,SWISS FRANC,46670,10435,6686,5493,17733,16203,4060,1710,0,12168,17530
2023-09-05T00:00:00.000,096742,BRITISH POUND,225404,75835,33187,83069,69954,4692,62147,0,1879,33867,30296
2023-09-05T00:00:00.000,097741,JAPANESE YEN,268344,36609,77972,66176,108909,102790,15737,10514,4740,34930,43661
2023-09-05T00:00:00.000,098662,USD INDEX,36579,10580,20679,16583,1408,0,7101,3139,2760,4587,2941
2023-09-05T00:00:00.000,099741,EURO FX,754263,89527,65457,461039,107353,29754,470397,31437,8173,90003,50380
2023-09-05T00:00:00.000,112741,NZ DOLLAR,56462,17246,12898,5688,33751,27456,0,161,611,2947,6238
2023-09-05T00:00:00.000,232741,AUSTRALIAN DOLLAR,241201,44158,42581,38379,134857,109013,3835,2494,942,24035,35864
2023-09-12T00:00:00.000,090741,CANADIAN DOLLAR,217080,45839,41961,26309,100728,83253,7734,3913,1499,31767,39159
2023-09-12T00:00:00.000,092741,SWISS FRANC,49945,9926,6017,4780,20213,16826,3999,1710,0,13771,16784
2023-09-12T00:00:00.000,096742,BRITISH POUND,227437,78429,37539,80068,72484,3796,53933,0,3331,32133,27139
2023-09-12T00:00:00.000,097741,JAPANESE YEN,270854,35535,70979,66782,112799,99063,15756,11107,5022,36043,43974
2023-09-12T00:00:00.000,098662,USD INDEX,40982,11238,20763,18292,957,0,10082,3495,2879,4510,2854
2023-09-12T00:00:00.000,099741,EURO FX,743759,72898,59469,450698,107951,25933,442298,31791,8503,92784,55883
2023-09-12T00:00:00.000,112741,NZ DOLLAR,67487,15845,12084,4776,33626,28190,0,200,664,3420,6057
2023-09-12T00:00:00.000,232741,AUSTRALIAN DOLLAR,256219,35599,32256,37663,135223,112017,3519,2118,942,22273,37730
2023-09-19T00:00:00.000,090741,CANADIAN DOLLAR,246847,22202,41712,26514,79121,79404,10055,4607,1062,35733,36510
2023-09-19T00:00:00.000,092741,SWISS FRANC,46638,11739,7548,6129,21899,17897,0,1591,0,9258,17167
2023-09-19T00:00:00.000,096742,BRITISH POUND,191117,84793,35063,56653,74327,7166,35289,0,2831,27510,28612
2023-09-19T00:00:00.000,097741,JAPANESE YEN,265860,49757,81156,70008,120315,94027,6459,8247,4283,32790,42616
2023-09-19T00:00:00.000,098662,USD INDEX,39249,11601,10696,18552,1233,0,21287,3386,2034,4292,2581
2023-09-19T00:00:00.000,099741,EURO FX,695343,65602,60740,449293,114429,18757,410033,33419,8630,82112,55351
2023-09-19T00:00:00.000,112741,NZ DOLLAR,52588,7880,10423,6582,34311,34031,191,431,970,2993,6022
2023-09-19T00:00:00.000,232741,AUSTRALIAN DOLLAR,221229,29212,40468,32287,137146,129555,1600,2152,926,19463,32529
2023-09-26T00:00:00.000,090741,CANADIAN DOLLAR,175848,13248,45812,28898,51197,85576,37651,5123,1062,33799,30922
2023-09-26T00:00:00.000,092741,SWISS FRANC,53900,14053,8295,5657,23383,23094,678,1351,0,9542,21341
2023-09-26T00:00:00.000,096742,BRITISH POUND,227843,95373,41292,43947,105714,44962,26964,0,3330,26381,33363
2023-09-26T00:00:00.000,097741,JAPANESE YEN,285974,55409,90441,72874,125877,100800,7355,8184,2879,35139,45854
2023-09-26T00:00:00.000,098662,USD INDEX,42373,13370,12204,19113,904,50,22618,3593,2278,4877,2999
2023-09-26T00:00:00.000,099741,EURO FX,699271,76453,64578,441783,123649,16961,397230,33213,8961,82167,56159
2023-09-26T00:00:00.000,112741,NZ DOLLAR,50757,10650,11556,6400,27680,29343,3882,700,735,2340,5580
2023-09-26T00:00:00.000,232741,AUSTRALIAN DOLLAR,211882,28268,37340,32821,129509,123390,3465,1270,0,20512,35947
2023-10-03T00:00:00.000,090741,CANADIAN DOLLAR,189443,19683,48807,29974,58028,88271,38126,6520,1057,36889,35319
2023-10-03T00:00:00.000,092741,SWISS FRANC,58673,14417,11634,5832,26469,27737,608,1351,0,9030,19656
2023-10-03T00:00:00.000,096742,BRITISH POUND,241045,90486,40916,41168,121730,68310,22847,0,3606,24678,35543
2023-10-03T00:00:00.000,097741,JAPANESE YEN,282682,61438,103308,73374,112561,89363,10770,8492,2147,37744,41625
2023-10-03T00:00:00.000,098662,USD INDEX,42340,13596,10552,19287,799,0,24236,3462,2109,4530,3179
2023-10-03T00:00:00.000,099741,EURO FX,702433,82368,69165,439608,132872,16667,384966,32155,9604,82432,56623
2023-10-03T00:00:00.000,112741,NZ DOLLAR,52291,14904,12524,6372,23919,27061,9311,981,497,2497,5564
2023-10-03T00:00:00.000,232741,AUSTRALIAN DOLLAR,207782,32625,46506,35531,117596,110880,2056,2403,2,20690,35969
2023-10-10T00:00:00.000,090741,CANADIAN DOLLAR,179357,14248,52313,31577,59893,88390,24533,5502,1047,31685,33616
2023-10-10T00:00:00.000,092741,SWISS FRANC,61742,15127,12392,6055,26402,29527,791,1631,0,8551,21306
2023-10-10T00:00:00.000,096742,BRITISH POUND,231510,80387,43834,46376,109594,64527,23383,0,3120,24664,36023
2023-10-10T00:00:00.000,097741,JAPANESE YEN,259937,47367,88017,71664,98101,84672,17445,8069,1533,37570,44246
2023-10-10T00:00:00.000,098662,USD INDEX,41288,14201,9610,18580,1035,0,24086,2834,2106,4343,3121
2023-10-10T00:00:00.000,099741,EURO FX,687382,68001,68963,444415,125782,16796,380272,32167,9123,82391,59630
2023-10-10T00:00:00.000,112741,NZ DOLLAR,54694,16820,12464,6831,22658,25703,12155,862,682,3104,5361
2023-10-10T00:00:00.000,232741,AUSTRALIAN DOLLAR,190133,19453,38224,33823,107140,109389,5076,2307,0,19420,33952
2023-10-17T00:00:00.000,090741,CANADIAN DOLLAR,183938,16133,53192,31008,59868,88529,26291,6707,1459,33235,34802
2023-10-17T00:00:00.000,092741,SWISS FRANC,61346,14898,12431,5624,24984,29349,714,1513,0,8724,21979
2023-10-17T00:00:00.000,096742,BRITISH POUND,222945,75265,40841,42402,108970,63493,19467,0,3120,26148,34910
2023-10-17T00:00:00.000,097741,JAPANESE YEN,267521,45803,86136,69103,109679,95733,10590,8231,2764,36426,46127
2023-10-17T00:00:00.000,098662,USD INDEX,43051,14942,12465,19504,605,0,24034,2842,1789,4466,2861
2023-10-17T00:00:00.000,099741,EURO FX,695676,75357,71058,447860,130472,19212,384515,33392,8989,77878,58665
2023-10-17T00:00:00.000,112741,NZ DOLLAR,54135,16750,11321,5384,25854,26242,9829,1015,624,3437,5200
2023-10-17T00:00:00.000,232741,AUSTRALIAN DOLLAR,196044,23119,38230,32714,113430,113980,3668,2445,537,18074,34467
2023-10-24T00:00:00.000,090741,CANADIAN DOLLAR,184747,17289,51787,30958,60322,88851,25953,7383,1458,31815,36776
2023-10-24T00:00:00.000,092741,SWISS FRANC,59266,14344,10810,2975,24382,29292,891,1513,0,9692,21733
2023-10-24T00:00:00.000,096742,BRITISH POUND,233259,72274,45518,45474,117031,72678,16056,0,3120,26540,35241
2023-10-24T00:00:00.000,097741,JAPANESE YEN,260909,38333,85257,69055,104615,93007,11911,8488,1920,37435,42615
2023-10-24T00:00:00.000,098662,USD INDEX,42670,15248,11193,19470,596,0,24129,2537,2197,4240,3380
2023-10-24T00:00:00.000,099741,EURO FX,702668,81600,72575,448774,122822,18287,400227,33261,9041,80233,57490
2023-10-24T00:00:00.000,112741,NZ DOLLAR,57243,15706,12824,3994,29663,32439,5462,330,1320,2942,6142
2023-10-24T00:00:00.000,232741,AUSTRALIAN DOLLAR,194666,21531,40109,30591,109575,115530,4367,2171,0,18606,34378
2023-10-31T00:00:00.000,090741,CANADIAN DOLLAR,198528,21550,53097,29054,69389,93353,23251,9933,1433,33889,40609
2023-10-31T00:00:00.000,092741,SWISS FRANC,56353,13343,10904,2523,23121,28734,1031,1513,0,9178,20235
2023-10-31T00:00:00.000,096742,BRITISH POUND,229991,71263,45030,42246,116354,78329,13551,0,3120,22325,36108
2023-10-31T00:00:00.000,097741,JAPANESE YEN,277272,51443,92401,66878,105466,95726,18600,7996,1858,41836,45554
2023-10-31T00:00:00.000,098662,USD INDEX,42803,14840,11307,19659,793,0,24201,2627,1936,4441,3330
2023-10-31T00:00:00.000,099741,EURO FX,694962,77740,72267,443345,121935,19049,393879,33874,9569,79333,55691
2023-10-31T00:00:00.000,112741,NZ DOLLAR,57676,16766,12032,4028,32102,32237,4301,330,1507,2907,6326
2023-10-31T00:00:00.000,232741,AUSTRALIAN DOLLAR,196866,25334,42296,30051,105496,109755,8207,2181,0,22592,33914
2023-11-07T00:00:00.000,090741,CANADIAN DOLLAR,200364,15261,50968,28077,80365,104474,19560,10257,2329,31585,36432
2023-11-07T00:00:00.000,092741,SWISS FRANC,56756,12632,10030,3243,24884,28990,1134,1513,0,9391,19721
2023-11-07T00:00:00.000,096742,BRITISH POUND,212730,65345,43084,37253,100443,69854,13305,0,2706,22020,34934
2023-11-07T00:00:00.000,097741,JAPANESE YEN,259698,34887,82154,70113,94194,94975,20104,9019,4625,38560,46477
2023-11-07T00:00:00.000,098662,USD INDEX,41224,15598,8680,17611,683,0,24206,2569,2899,3903,3213
2023-11-07T00:00:00.000,099741,EURO FX,697624,77240,71870,443192,118769,19829,400621,32826,10286,82294,53835
2023-11-07T00:00:00.000,112741,NZ DOLLAR,51001,10681,11153,3787,27598,31984,4853,188,603,3047,5480
2023-11-07T00:00:00.000,232741,AUSTRALIAN DOLLAR,192496,19158,32849,33856,101713,104126,15994,1120,0,21769,29473
2023-11-14T00:00:00.000,090741,CANADIAN DOLLAR,206046,14845,54667,29030,84454,111865,18214,10689,1799,29204,36499
2023-11-14T00:00:00.000,092741,SWISS FRANC,59464,9191,11735,6749,24576,29466,3136,1433,0,11612,19004
2023-11-14T00:00:00.000,096742,BRITISH POUND,216411,60379,46640,36137,102828,76522,12725,270,3406,26403,34112
2023-11-14T00:00:00.000,097741,JAPANESE YEN,273763,28422,92851,71014,112838,109940,7807,9186,2043,42074,45097
2023-11-14T00:00:00.000,098662,USD INDEX,38842,14021,8182,18271,291,0,24176,1811,2098,3615,2971
2023-11-14T00:00:00.000,099741,EURO FX,702463,77152,70027,441077,113079,19768,411285,34062,9748,83714,51634
2023-11-14T00:00:00.000,112741,NZ DOLLAR,49906,10503,11693,2400,26325,32411,4570,143,733,3107,5243
2023-11-14T00:00:00.000,232741,AUSTRALIAN DOLLAR,197469,26760,33023,28302,111379,106642,10297,1096,0,21818,29919
2023-11-21T00:00:00.000,090741,CANADIAN DOLLAR,203248,14296,50917,30695,83589,104910,19393,10306,1665,31461,36104
2023-11-21T00:00:00.000,092741,SWISS FRANC,58815,8409,10331,8826,21603,28504,5683,1471,0,10113,19706
2023-11-21T00:00:00.000,096742,BRITISH POUND,208657,46570,40235,44522,96913,72028,17456,0,3406,26637,31747
2023-11-21T00:00:00.000,097741,JAPANESE YEN,264903,38753,101658,69250,91233,91441,18455,13035,1159,40572,40546
2023-11-21T00:00:00.000,098662,USD INDEX,37894,13890,6647,16497,180,0,24274,3052,2373,3288,3253
2023-11-21T00:00:00.000,099741,EURO FX,712364,73652,65589,453409,99427,19317,442358,33622,8790,83490,47326
2023-11-21T00:00:00.000,112741,NZ DOLLAR,48137,8110,10714,2789,26042,32220,5017,786,806,3124,4450
2023-11-21T00:00:00.000,232741,AUSTRALIAN DOLLAR,196598,24186,36039,26780,115136,105921,4041,2363,0,24923,28957
2023-11-28T00:00:00.000,090741,CANADIAN DOLLAR,200864,12792,48113,32122,84783,103436,19810,10438,1787,30505,34800
2023-11-28T00:00:00.000,092741,SWISS FRANC,60479,8095,12611,10186,20453,27324,7610,1471,0,11754,18156
2023-11-28T00:00:00.000,096742,BRITISH POUND,217372,53346,50194,65116,90441,50777,22954,0,3481,26067,28236
2023-11-28T00:00:00.000,097741,JAPANESE YEN,260781,35448,100758,66352,90498,89522,17307,13281,1585,44382,38837
2023-11-28T00:00:00.000,098662,USD INDEX,39359,19793,6870,13495,351,0,24274,1592,2590,2735,3530
2023-11-28T00:00:00.000,099741,EURO FX,727138,73233,63049,465952,93795,19358,459111,33611,9349,82613,49463
2023-11-28T00:00:00.000,112741,NZ DOLLAR,51460,8894,13455,3688,27566,33579,4297,557,801,3703,4302
2023-11-28T00:00:00.000,232741,AUSTRALIAN DOLLAR,197053,23530,34309,27973,108657,104262,12571,2342,0,24361,26931
2023-12-05T00:00:00.000,090741,CANADIAN DOLLAR,197791,8979,46567,33924,82690,103787,20476,10381,1896,29036,34478
2023-12-05T00:00:00.000,092741,SWISS FRANC,60356,7331,10553,9514,20572,26159,7489,1471,0,12655,18516
2023-12-05T00:00:00.000,096742,BRITISH POUND,218873,51948,37143,67338,90847,39243,27096,0,3761,28621,28303
2023-12-05T00:00:00.000,097741,JAPANESE YEN,267482,39913,104377,64639,84204,90237,14130,10720,1536,41899,43161
2023-12-05T00:00:00.000,098662,USD INDEX,40451,21106,5351,10867,1169,0,24434,2213,2849,2891,3274
2023-12-05T00:00:00.000,099741,EURO FX,756615,76280,64172,478523,92860,19995,479853,35106,9588,85929,49360
2023-12-05T00:00:00.000,112741,NZ DOLLAR,54732,7929,16432,8014,25082,31397,7262,763,562,4902,3667
2023-12-05T00:00:00.000,232741,AUSTRALIAN DOLLAR,195569,22317,31657,31206,102511,99931,23473,1405,0,26639,23857
2023-12-12T00:00:00.000,090741,CANADIAN DOLLAR,213873,10051,47693,34933,84138,106039,20382,8983,1845,28390,34338
2023-12-12T00:00:00.000,092741,SWISS FRANC,65186,6786,10182,11799,19056,23061,9040,1471,0,12788,17627
2023-12-12T00:00:00.000,096742,BRITISH POUND,243677,53463,33414,56934,90641,39181,20856,0,3187,44638,46118
2023-12-12T00:00:00.000,097741,JAPANESE YEN,257581,29395,90842,62909,67019,83812,29779,11347,1427,38804,37200
2023-12-12T00:00:00.000,098662,USD INDEX,41345,23997,7499,9400,991,0,24414,2003,2927,3116,2685
2023-12-12T00:00:00.000,099741,EURO FX,792149,83174,66533,462262,99438,21100,459903,35563,11255,100250,65220
2023-12-12T00:00:00.000,112741,NZ DOLLAR,58308,8564,15864,9326,21405,27242,8993,838,87,4515,4136
2023-12-12T00:00:00.000,232741,AUSTRALIAN DOLLAR,208927,18674,19369,30990,105036,99472,24243,2040,0,22411,24939
2023-12-19T00:00:00.000,090741,CANADIAN DOLLAR,214241,16992,69197,38265,64447,95832,28456,9568,2313,31440,27684
2023-12-19T00:00:00.000,092741,SWISS FRANC,45281,6410,6765,12339,16025,11552,5445,1353,431,13370,16358
2023-12-19T00:00:00.000,096742,BRITISH POUND,177998,58262,25020,50930,92500,17675,15470,486,1877,29730,22216
2023-12-19T00:00:00.000,097741,JAPANESE YEN,185940,28932,86840,63273,50950,35737,2941,11521,941,38893,36684
2023-12-19T00:00:00.000,098662,USD INDEX,21734,9189,9135,8147,1633,0,4471,793,2100,2239,3029
2023-12-19T00:00:00.000,099741,EURO FX,700244,67756,75221,459191,95873,18849,427451,31708,9989,81352,50322
2023-12-19T00:00:00.000,112741,NZ DOLLAR,33652,10335,7874,10249,19605,5639,1363,1101,454,4827,2855
2023-12-19T00:00:00.000,232741,AUSTRALIAN DOLLAR,147665,23132,21793,33261,97324,59754,2270,1997,1126,27164,22795
2023-12-26T00:00:00.000,090741,CANADIAN DOLLAR,176452,21041,75200,50898,50621,54552,18238,9393,2598,34356,23583
2023-12-26T00:00:00.000,092741,SWISS FRANC,47222,7512,6198,12580,16026,11196,8049,1616,551,14095,16175
2023-12-26T00:00:00.000,096742,BRITISH POUND,175138,53880,25137,45356,87258,22668,15442,0,1877,31825,24015
2023-12-26T00:00:00.000,097741,JAPANESE YEN,188540,32553,90741,63596,47198,34305,6257,12072,1239,38477,35568
2023-12-26T00:00:00.000,098662,USD INDEX,22039,10373,9064,6592,1924,0,4243,1045,1820,2388,3347
2023-12-26T00:00:00.000,099741,EURO FX,705627,71580,75813,460850,95150,18207,433849,29964,9584,82271,48476
2023-12-26T00:00:00.000,112741,NZ DOLLAR,34911,9490,8906,11998,17600,5577,3621,867,330,5179,2654
2023-12-26T00:00:00.000,232741,AUSTRALIAN DOLLAR,152735,21250,33523,36599,89676,57493,6487,6568,465,27271,19030
2024-01-02T00:00:00.000,090741,CANADIAN DOLLAR,184476,22443,76141,61497,48002,51457,31684,9634,2015,33750,20939
2024-01-02T00:00:00.000,092741,SWISS FRANC,51236,8335,7435,15626,17909,9482,8707,1616,2065,15948,14891
2024-01-02T00:00:00.000,096742,BRITISH POUND,177770,57837,26583,42146,88956,26790,11402,0,1877,29125,27080
2024-01-02T00:00:00.000,097741,JAPANESE YEN,184042,28836,87631,64625,42073,31560,7092,11084,1015,37986,36280
2024-01-02T00:00:00.000,098662,USD INDEX,23916,13813,10264,4551,2448,0,4089,1152,1906,2457,3266
2024-01-02T00:00:00.000,099741,EURO FX,718885,86037,73326,460498,92299,18714,456316,29756,10974,83455,45545
2024-01-02T00:00:00.000,112741,NZ DOLLAR,39215,11596,9900,14230,18072,5457,6849,865,312,5649,2664
2024-01-02T00:00:00.000,232741,AUSTRALIAN DOLLAR,157003,27118,32904,41872,83768,49473,20548,6598,439,27906,15308
2024-01-09T00:00:00.000,090741,CANADIAN DOLLAR,171557,18748,54334,54942,44706,49795,40272,8696,2036,33353,24186
2024-01-09T00:00:00.000,092741,SWISS FRANC,50169,7457,8261,16673,16884,8111,8837,1473,1600,15792,13924
2024-01-09T00:00:00.000,096742,BRITISH POUND,172631,53828,25180,41400,86710,26690,10072,0,2097,27973,25832
2024-01-09T00:00:00.000,097741,JAPANESE YEN,200299,32930,78059,65746,59957,38794,10109,12424,3527,40937,39179
2024-01-09T00:00:00.000,098662,USD INDEX,23878,11696,9756,5780,2205,0,4069,1578,2324,2450,3150
2024-01-09T00:00:00.000,099741,EURO FX,714079,80190,64329,460848,95296,21104,459402,28855,9980,82429,44419
2024-01-09T00:00:00.000,112741,NZ DOLLAR,38539,11713,8475,13136,18384,5967,6705,779,0,5164,3195
2024-01-09T00:00:00.000,232741,AUSTRALIAN DOLLAR,156375,25773,18719,40170,90208,49984,24361,6573,416,28218,17014
2024-01-16T00:00:00.000,090741,CANADIAN DOLLAR,165998,14571,46638,52352,52504,49419,33836,10031,1855,32870,24410
2024-01-16T00:00:00.000,092741,SWISS FRANC,50480,7763,7742,15641,16792,7482,9851,1634,1600,17114,13649
2024-01-16T00:00:00.000,096742,BRITISH POUND,179758,56280,28398,45879,81843,23647,13517,0,2097,29608,29559
2024-01-16T00:00:00.000,097741,JAPANESE YEN,213309,35551,71734,66178,73638,47226,11672,15228,1975,38443,43607
2024-01-16T00:00:00.000,098662,USD INDEX,23501,9504,10000,6752,2498,64,4035,2398,2177,2781,2789
2024-01-16T00:00:00.000,099741,EURO FX,733091,80292,68347,479464,97950,20988,465014,28250,10104,81115,48694
2024-01-16T00:00:00.000,112741,NZ DOLLAR,38466,10285,9388,13616,18810,6085,5014,453,110,6094,3211
2024-01-16T00:00:00.000,232741,AUSTRALIAN DOLLAR,163442,29573,21072,37688,103579,53402,11246,6843,422,26937,18124
2024-01-23T00:00:00.000,090741,CANADIAN DOLLAR,155138,13262,36565,43754,56740,50628,27618,10056,2067,30901,25611
2024-01-23T00:00:00.000,092741,SWISS FRANC,48398,9303,8879,14138,16755,8895,7068,1394,0,14073,15101
2024-01-23T00:00:00.000,096742,BRITISH POUND,185680,55160,26296,50795,86165,24647,17500,0,3543,29498,26596
2024-01-23T00:00:00.000,097741,JAPANESE YEN,243032,46599,75099,65726,94400,66066,12286,13002,3261,39919,46266
2024-01-23T00:00:00.000,098662,USD INDEX,24663,6690,11638,10175,2284,0,3985,2346,2033,3301,2572
2024-01-23T00:00:00.000,099741,EURO FX,725423,75337,71769,476138,98368,20470,448644,28712,10949,80371,51298
2024-01-23T00:00:00.000,112741,NZ DOLLAR,36633,11239,7870,11916,20333,6475,2945,261,160,4630,3213
2024-01-23T00:00:00.000,232741,AUSTRALIAN DOLLAR,161999,28049,22790,32542,104797,60759,1600,6796,430,23652,22181
2024-01-30T00:00:00.000,090741,CANADIAN DOLLAR,159376,16609,37488,46245,54803,49088,34566,10204,1877,32032,25444
2024-01-30T00:00:00.000,092741,SWISS FRANC,47783,9725,6974,13278,17900,10534,6583,1238,0,12368,15686
2024-01-30T00:00:00.000,096742,BRITISH POUND,192229,57108,29603,53358,87082,24177,17650,0,3535,29604,26377
2024-01-30T00:00:00.000,097741,JAPANESE YEN,242029,35268,74782,66084,100792,71599,11661,15462,1499,41873,41552
2024-01-30T00:00:00.000,098662,USD INDEX,25739,7138,12958,11022,2992,168,3602,2671,1814,2878,2511
2024-01-30T00:00:00.000,099741,EURO FX,727210,79542,68993,470145,112148,22769,438343,30144,10351,78589,51354
2024-01-30T00:00:00.000,112741,NZ DOLLAR,36979,13843,9926,9274,19870,6964,1869,400,145,4588,3259
2024-01-30T00:00:00.000,232741,AUSTRALIAN DOLLAR,165531,24992,20090,30589,109587,69934,1636,6780,430,21902,22454
2024-02-06T00:00:00.000,090741,CANADIAN DOLLAR,160118,9734,38186,52703,56589,50599,28734,9952,2803,30766,27442
2024-02-06T00:00:00.000,092741,SWISS FRANC,49919,8264,8331,14157,18773,13360,6216,1238,0,12219,15918
2024-02-06T00:00:00.000,096742,BRITISH POUND,199246,70327,38615,46152,92519,34916,10675,0,3983,24530,30133
2024-02-06T00:00:00.000,097741,JAPANESE YEN,259542,40268,80658,67566,109012,81131,15072,16983,2453,41400,40153
2024-02-06T00:00:00.000,098662,USD INDEX,29202,10062,15563,11545,2795,302,3876,1307,2095,3862,2749
2024-02-06T00:00:00.000,099741,EURO FX,731991,80024,85356,466851,131883,25767,401825,32875,11186,77651,52918
2024-02-06T00:00:00.000,112741,NZ DOLLAR,39305,14397,10891,10716,19182,6468,1757,516,407,4327,4187
2024-02-06T00:00:00.000,232741,AUSTRALIAN DOLLAR,180793,30042,20257,32078,122399,84267,1713,6633,433,20305,28523
2024-02-13T00:00:00.000,090741,CANADIAN DOLLAR,161519,14142,41747,47007,58129,52150,19486,10142,2603,30243,31719
2024-02-13T00:00:00.000,092741,SWISS FRANC,55069,11084,8203,16099,21462,15629,5736,1655,0,10071,19137
2024-02-13T00:00:00.000,096742,BRITISH POUND,199070,65293,29875,52761,95878,30810,16437,471,3556,25127,28716
2024-02-13T00:00:00.000,097741,JAPANESE YEN,304592,42980,101349,68114,122609,120278,17048,16631,3361,43189,46825
2024-02-13T00:00:00.000,098662,USD INDEX,32227,11792,19119,12859,2474,0,3602,1328,1961,3675,2498
2024-02-13T00:00:00.000,099741,EURO FX,740105,88270,94055,464667,136045,30023,392521,31358,11123,76997,57571
2024-02-13T00:00:00.000,112741,NZ DOLLAR,41827,15788,9756,12356,20122,5226,5206,849,233,4819,3721
2024-02-13T00:00:00.000,232741,AUSTRALIAN DOLLAR,199485,37472,29589,34259,130094,95308,1754,6861,454,18320,30329
2024-02-20T00:00:00.000,090741,CANADIAN DOLLAR,157666,12661,32549,47579,63585,50603,21707,9751,2271,29192,29674
2024-02-20T00:00:00.000,092741,SWISS FRANC,60030,11627,11405,17216,23097,19435,6074,1851,0,9413,18966
2024-02-20T00:00:00.000,096742,BRITISH POUND,199275,61267,31441,54020,92397,30901,21372,0,3672,30014,27320
2024-02-20T00:00:00.000,097741,JAPANESE YEN,305438,37801,97272,60681,125848,131315,16133,18395,3863,41618,46694
2024-02-20T00:00:00.000,098662,USD INDEX,29958,8688,18689,13970,1642,115,3602,1522,1942,3916,2336
2024-02-20T00:00:00.000,099741,EURO FX,722299,87583,77256,444982,142138,31638,387684,31755,10315,77957,56522
2024-02-20T00:00:00.000,112741,NZ DOLLAR,40950,16605,8601,10830,17396,4576,7401,843,629,4580,3407
2024-02-20T00:00:00.000,232741,AUSTRALIAN DOLLAR,205656,41522,30938,32787,133648,97629,2510,6319,425,19375,30111
2024-02-27T00:00:00.000,090741,CANADIAN DOLLAR,166484,16581,31196,48504,71137,50594,22721,10248,2824,29731,27780
2024-02-27T00:00:00.000,092741,SWISS FRANC,65207,14611,12312,17539,26774,22173,5400,1891,0,8251,19979
2024-02-27T00:00:00.000,096742,BRITISH POUND,210828,60272,33697,62403,94182,30491,27416,0,3103,31048,25816
2024-02-27T00:00:00.000,097741,JAPANESE YEN,309633,30322,109695,64380,119344,135967,18033,19515,3835,43296,42573
2024-02-27T00:00:00.000,098662,USD INDEX,29549,8477,18507,13472,1874,197,3602,2176,1579,3387,2147
2024-02-27T00:00:00.000,099741,EURO FX,715545,85862,79487,442988,134256,20353,384434,33435,11508,80334,53287
2024-02-27T00:00:00.000,112741,NZ DOLLAR,48463,15138,12312,19500,17304,4757,13261,1114,0,5020,2652
2024-02-27T00:00:00.000,232741,AUSTRALIAN DOLLAR,204992,33972,31349,32938,132421,102724,1754,6916,425,19390,29991
2024-03-05T00:00:00.000,090741,CANADIAN DOLLAR,183697,22842,35294,47943,90512,58881,10973,12848,2005,28322,32052
2024-03-05T00:00:00.000,092741,SWISS FRANC,76166,16401,16368,19388,30865,28128,7013,1955,0,9280,20906
2024-03-05T00:00:00.000,096742,BRITISH POUND,221726,60276,28889,70501,102438,29254,31346,0,3096,32596,26858
2024-03-05T00:00:00.000,097741,JAPANESE YEN,314586,30933,104941,65860,115086,122721,27450,26058,3413,47380,42062
2024-03-05T00:00:00.000,098662,USD INDEX,28450,7819,16733,12644,2089,180,3602,2582,1677,3387,2511
2024-03-05T00:00:00.000,099741,EURO FX,707108,88588,79149,423822,124185,22907,385252,33052,10238,81532,51077
2024-03-05T00:00:00.000,112741,NZ DOLLAR,50123,16939,10377,16659,21414,5394,8259,912,412,4281,3723
2024-03-05T00:00:00.000,232741,AUSTRALIAN DOLLAR,234196,43794,39809,31927,147680,118866,3026,6930,0,19697,30699
2024-03-12T00:00:00.000,090741,CANADIAN DOLLAR,193223,17442,38706,47570,87144,62678,11625,11231,2024,30149,29571
2024-03-12T00:00:00.000,092741,SWISS FRANC,82442,9749,14466,19627,27058,28784,7093,1755,465,9575,20408
2024-03-12T00:00:00.000,096742,BRITISH POUND,277702,68943,46175,87055,106150,26672,35296,0,3518,30123,21654
2024-03-12T00:00:00.000,097741,JAPANESE YEN,325675,30134,102093,65353,102517,112151,32909,27847,2411,47586,43141
2024-03-12T00:00:00.000,098662,USD INDEX,26365,8014,11714,9589,3395,310,3692,2631,1938,2853,2658
2024-03-12T00:00:00.000,099741,EURO FX,717720,80929,77212,418644,107299,20240,384003,31735,13231,84306,54109
2024-03-12T00:00:00.000,112741,NZ DOLLAR,52711,12169,8907,16258,20883,4963,6335,863,0,4700,2828
2024-03-12T00:00:00.000,232741,AUSTRALIAN DOLLAR,229723,30020,40373,31760,132910,114420,2120,6041,0,20858,27696
2024-03-19T00:00:00.000,090741,CANADIAN DOLLAR,230592,33159,54557,40725,86508,69554,10170,13741,1655,27007,31296
2024-03-19T00:00:00.000,092741,SWISS FRANC,71545,13315,15658,19159,32456,27940,0,1053,461,9665,22557
2024-03-19T00:00:00.000,096742,BRITISH POUND,197398,68305,36291,68811,106661,13281,8761,0,3101,30742,26325
2024-03-19T00:00:00.000,097741,JAPANESE YEN,302500,45130,118136,61853,123760,109502,1639,28388,2231,46762,45869
2024-03-19T00:00:00.000,098662,USD INDEX,23819,7900,13687,10407,3292,130,1487,950,1933,3091,2079
2024-03-19T00:00:00.000,099741,EURO FX,656182,85730,89372,401634,114402,19660,346313,29715,12440,75816,50028
2024-03-19T00:00:00.000,112741,NZ DOLLAR,50301,13525,12142,13729,25657,16044,6657,962,0,4278,4082
2024-03-19T00:00:00.000,232741,AUSTRALIAN DOLLAR,220921,24478,55271,30963,131985,134947,542,5934,0,19035,27559
2024-03-26T00:00:00.000,090741,CANADIAN DOLLAR,190995,23988,48102,41196,96921,74947,1988,12701,1634,27468,31655
2024-03-26T00:00:00.000,092741,SWISS FRANC,80460,16023,17383,18829,37404,33999,0,1883,461,9478,24964
2024-03-26T00:00:00.000,096742,BRITISH POUND,203109,76518,44242,45608,110202,40171,6667,0,3101,29226,27311
2024-03-26T00:00:00.000,097741,JAPANESE YEN,305701,50032,122909,62139,121668,113613,757,22944,2912,45649,46131
2024-03-26T00:00:00.000,098662,USD INDEX,31997,10615,21841,13454,2944,138,1487,2413,1987,3763,2124
2024-03-26T00:00:00.000,099741,EURO FX,657300,81778,90904,401800,127240,19132,325661,32193,14076,76447,53469
2024-03-26T00:00:00.000,112741,NZ DOLLAR,53416,16030,10083,8387,29363,23027,6800,760,251,3767,5474
2024-03-26T00:00:00.000,232741,AUSTRALIAN DOLLAR,218982,16824,47922,33102,132677,137548,1241,6454,0,17786,29874
2024-04-02T00:00:00.000,090741,CANADIAN DOLLAR,197171,27270,49520,41659,103300,78534,2124,10943,2204,27748,29006
2024-04-02T00:00:00.000,092741,SWISS FRANC,87108,20884,19168,18481,41150,35815,0,1933,482,9682,25995
2024-04-02T00:00:00.000,096742,BRITISH POUND,219176,94085,46598,34103,119011,53421,8286,0,3700,25106,29120
2024-04-02T00:00:00.000,097741,JAPANESE YEN,316809,53581,130790,58943,124346,121299,1075,21208,2556,50476,46740
2024-04-02T00:00:00.000,098662,USD INDEX,38130,14576,29698,15252,860,158,1487,2118,2260,4744,2543
2024-04-02T00:00:00.000,099741,EURO FX,682768,94297,103690,403614,156339,37237,307554,29985,14188,73567,56929
2024-04-02T00:00:00.000,112741,NZ DOLLAR,61732,22115,12211,6608,34423,27425,6912,825,260,3383,6550
2024-04-02T00:00:00.000,232741,AUSTRALIAN DOLLAR,224894,19318,43331,33910,137365,135609,3222,6482,0,20421,31822
2024-04-09T00:00:00.000,090741,CANADIAN DOLLAR,192964,16313,51366,44825,94496,84647,3429,10113,1652,27190,32145
2024-04-09T00:00:00.000,092741,SWISS FRANC,90833,18603,20531,17703,43577,43335,0,1268,482,9535,25854
2024-04-09T00:00:00.000,096742,BRITISH POUND,211286,69493,42822,37803,113981,61404,7359,359,3700,27814,29011
2024-04-09T00:00:00.000,097741,JAPANESE YEN,324479,40770,133670,59111,128669,139218,1148,21706,2527,50941,45732
2024-04-09T00:00:00.000,098662,USD INDEX,40448,16513,33796,17493,425,298,1487,1592,1760,3617,2045
2024-04-09T00:00:00.000,099741,EURO FX,643496,65356,86911,405602,136301,24741,306427,28521,13890,75049,55740
2024-04-09T00:00:00.000,112741,NZ DOLLAR,56260,17764,9650,6912,32342,26717,6861,645,493,2862,5554
2024-04-09T00:00:00.000,232741,AUSTRALIAN DOLLAR,208938,12321,42832,33149,123031,127200,4003,6465,0,21567,30836
2024-04-16T00:00:00.000,090741,CANADIAN DOLLAR,237526,20106,65246,43705,120629,117923,2437,15766,431,27645,36402
2024-04-16T00:00:00.000,092741,SWISS FRANC,93411,18362,20733,15052,45514,48972,0,1232,627,9349,26093
2024-04-16T00:00:00.000,096742,BRITISH POUND,229420,75606,56629,21868,115774,97767,7382,443,4308,21721,33312
2024-04-16T00:00:00.000,097741,JAPANESE YEN,331110,39056,141436,58169,128052,155961,1786,21134,923,45373,47496
2024-04-16T00:00:00.000,098662,USD INDEX,44069,17780,35767,17393,911,363,1487,2394,2003,4596,2358
2024-04-16T00:00:00.000,099741,EURO FX,658865,70146,104691,397902,149568,41566,290227,29837,11395,73794,57364
2024-04-16T00:00:00.000,112741,NZ DOLLAR,62857,19659,14498,6518,33435,30859,6886,1004,377,3272,6116
2024-04-16T00:00:00.000,232741,AUSTRALIAN DOLLAR,234919,29853,54428,30826,134025,140993,4217,6677,418,18142,33403
2024-04-23T00:00:00.000,090741,CANADIAN DOLLAR,226747,15900,61193,41366,113349,114572,2340,14592,1536,29237,37249
2024-04-23T00:00:00.000,092741,SWISS FRANC,96029,14060,22145,15937,48399,53484,534,1352,0,10614,24369
2024-04-23T00:00:00.000,096742,BRITISH POUND,242821,66355,59453,6963,120297,131738,7065,419,4040,22465,37085
2024-04-23T00:00:00.000,097741,JAPANESE YEN,336167,34337,140426,58140,134358,164956,2246,19584,762,47381,46606
2024-04-23T00:00:00.000,098662,USD INDEX,45725,18900,38078,17729,620,443,1487,2859,2085,4395,2056
2024-04-23T00:00:00.000,099741,EURO FX,665771,63518,98985,392006,166658,60276,283871,29978,11518,72410,57156
2024-04-23T00:00:00.000,112741,NZ DOLLAR,58570,19368,12398,6627,32255,27285,6723,817,366,3433,5788
2024-04-23T00:00:00.000,232741,AUSTRALIAN DOLLAR,239278,22038,50406,36247,137063,148435,7254,6640,0,16289,34926
2024-04-30T00:00:00.000,090741,CANADIAN DOLLAR,211555,11179,60695,41363,98003,102081,5156,16951,431,28321,35610
2024-04-30T00:00:00.000,092741,SWISS FRANC,98926,15074,22493,16545,48967,55883,575,1432,402,9120,25617
2024-04-30T00:00:00.000,096742,BRITISH POUND,235610,52548,55392,9514,118733,137522,7462,419,3846,21215,35785
2024-04-30T00:00:00.000,097741,JAPANESE YEN,334848,28570,134379,60164,127017,169663,5698,18006,1575,41917,49651
2024-04-30T00:00:00.000,098662,USD INDEX,48784,21336,41497,19275,525,354,1487,2500,2180,4410,2186
2024-04-30T00:00:00.000,099741,EURO FX,652297,68274,91458,390015,168221,46663,278305,27651,12133,73035,55521
2024-04-30T00:00:00.000,112741,NZ DOLLAR,58811,21615,12541,7479,32011,24015,7408,1265,358,3253,5309
2024-04-30T00:00:00.000,232741,AUSTRALIAN DOLLAR,224573,14099,47310,39197,128405,135189,10239,6628,0,20613,29772
2024-05-07T00:00:00.000,090741,CANADIAN DOLLAR,216708,14610,61545,39992,99547,104234,9503,16442,2059,29719,32343
2024-05-07T00:00:00.000,092741,SWISS FRANC,94645,12832,25153,16618,44869,51601,497,1192,402,10557,21879
2024-05-07T00:00:00.000,096742,BRITISH POUND,223730,51484,63547,17984,99768,116839,8521,419,3733,21445,32602
2024-05-07T00:00:00.000,097741,JAPANESE YEN,299859,29570,110703,50447,104734,146871,19012,17414,3002,37333,44184
2024-05-07T00:00:00.000,098662,USD INDEX,42962,17056,36086,18031,220,463,1487,2569,1865,3753,2214
2024-05-07T00:00:00.000,099741,EURO FX,654804,69345,86146,393484,164783,38949,282240,27858,14156,75156,57467
2024-05-07T00:00:00.000,112741,NZ DOLLAR,55822,20999,12302,6001,28950,23515,6761,536,437,3124,5725
2024-05-07T00:00:00.000,232741,AUSTRALIAN DOLLAR,209670,11654,44801,45316,115118,114859,11583,7679,0,19859,27865
2024-05-14T00:00:00.000,090741,CANADIAN DOLLAR,220840,12493,67398,41790,105163,106492,3507,15269,2059,32492,30409
2024-05-14T00:00:00.000,092741,SWISS FRANC,90701,10096,20796,19483,44244,46325,520,720,402,11121,21783
2024-05-14T00:00:00.000,096742,BRITISH POUND,223242,46261,56755,19314,102447,112116,8455,419,3733,25869,32589
2024-05-14T00:00:00.000,097741,JAPANESE YEN,297606,29593,106099,50377,111182,147102,17593,17579,2665,39446,46558
2024-05-14T00:00:00.000,098662,USD INDEX,42817,17548,35204,17344,250,393,1487,2848,2547,3535,2180
2024-05-14T00:00:00.000,099741,EURO FX,656802,75619,82704,398845,158505,28935,296362,28081,15036,76472,55345
2024-05-14T00:00:00.000,112741,NZ DOLLAR,55640,20202,13237,6599,28555,22674,6859,818,680,3683,4645
2024-05-14T00:00:00.000,232741,AUSTRALIAN DOLLAR,201798,11293,41456,42585,115564,106032,9800,7631,750,25881,25852
2024-05-21T00:00:00.000,090741,CANADIAN DOLLAR,234491,13831,71428,44224,114851,120120,4073,15533,2323,29011,30044
2024-05-21T00:00:00.000,092741,SWISS FRANC,94270,11028,22510,20672,44641,46684,1293,1170,402,11669,22377
2024-05-21T00:00:00.000,096742,BRITISH POUND,223976,49955,52535,43406,91342,75014,20155,0,3310,28849,29882
2024-05-21T00:00:00.000,097741,JAPANESE YEN,301315,24064,107631,49257,121858,157088,12755,17854,3869,41339,43489
2024-05-21T00:00:00.000,098662,USD INDEX,39920,16065,32002,16504,250,423,1487,2613,2433,3126,2559
2024-05-21T00:00:00.000,099741,EURO FX,653081,75342,77721,401674,137896,17559,319690,28698,15944,78304,50326
2024-05-21T00:00:00.000,112741,NZ DOLLAR,49105,18264,13009,10296,21314,14713,8742,1271,105,3258,4632
2024-05-21T00:00:00.000,232741,AUSTRALIAN DOLLAR,196609,18846,38355,49537,113706,84401,12348,7735,750,28387,23747
2024-05-28T00:00:00.000,090741,CANADIAN DOLLAR,264401,15583,67302,78163,111802,110570,29868,14041,5617,29401,33169
2024-05-28T00:00:00.000,092741,SWISS FRANC,100381,13458,24468,22491,48266,50853,1306,1210,402,9553,23123
2024-05-28T00:00:00.000,096742,BRITISH POUND,268749,57756,54530,63833,90874,71882,51789,0,3049,33632,26861
2024-05-28T00:00:00.000,097741,JAPANESE YEN,325231,21005,114950,47766,129725,184233,11854,18152,4544,42324,52407
2024-05-28T00:00:00.000,098662,USD INDEX,40108,15927,32200,16127,303,378,1487,2808,2512,3621,2359
2024-05-28T00:00:00.000,099741,EURO FX,664864,74699,67353,405892,136029,18294,337190,28492,13885,79849,52769
2024-05-28T00:00:00.000,112741,NZ DOLLAR,57525,19496,17160,14428,22427,13725,8821,1332,306,3687,3954
2024-05-28T00:00:00.000,232741,AUSTRALIAN DOLLAR,193678,19457,32368,49202,113755,82877,13127,8536,1378,24416,23860
2024-06-04T00:00:00.000,090741,CANADIAN DOLLAR,265761,16574,67806,78481,118145,116700,27120,12929,3348,27528,35793
2024-06-04T00:00:00.000,092741,SWISS FRANC,98815,11160,25420,21332,45066,49908,1750,890,0,11667,22721
2024-06-04T00:00:00.000,096742,BRITISH POUND,267750,57082,44132,68051,78347,67218,73062,502,2880,34034,28466
2024-06-04T00:00:00.000,097741,JAPANESE YEN,303009,36986,106798,29678,105388,149817,24238,20909,3172,44416,42210
2024-06-04T00:00:00.000,098662,USD INDEX,38645,12858,29668,15672,413,408,1487,3592,2259,3598,2301
2024-06-04T00:00:00.000,099741,EURO FX,671736,80602,68259,409324,127424,17213,357516,28605,13461,79709,48793
2024-06-04T00:00:00.000,112741,NZ DOLLAR,54758,16457,11778,19508,23381,7348,9731,1357,238,4058,3600
2024-06-04T00:00:00.000,232741,AUSTRALIAN DOLLAR,199796,18462,29833,43652,114309,82030,10586,7595,1391,26878,22498
2024-06-11T00:00:00.000,090741,CANADIAN DOLLAR,307387,19062,90659,74657,140947,151540,20415,18380,3050,29714,38282
2024-06-11T00:00:00.000,092741,SWISS FRANC,101556,11295,25652,20692,42074,47414,1432,1190,431,10891,21893
2024-06-11T00:00:00.000,096742,BRITISH POUND,275487,62078,43804,70550,82174,69679,79036,1101,2707,32264,27951
2024-06-11T00:00:00.000,097741,JAPANESE YEN,319274,23310,110501,30311,107781,172160,19814,22161,2798,40507,47555
2024-06-11T00:00:00.000,098662,USD INDEX,38327,15927,29000,13727,395,0,1487,1954,2375,3837,2188
2024-06-11T00:00:00.000,099741,EURO FX,712894,79583,80975,408140,135021,20083,335166,28003,13348,93970,65269
2024-06-11T00:00:00.000,112741,NZ DOLLAR,65785,16495,9831,23361,24973,5511,12179,1078,188,4516,3790
2024-06-11T00:00:00.000,232741,AUSTRALIAN DOLLAR,212796,15634,32880,42993,117120,87941,5665,6980,625,27553,24811
2024-06-18T00:00:00.000,090741,CANADIAN DOLLAR,351458,15442,85578,28816,149656,194401,4394,15471,4054,25799,36247
2024-06-18T00:00:00.000,092741,SWISS FRANC,88290,5067,21824,21133,40358,47903,4154,440,973,13407,20641
2024-06-18T00:00:00.000,096742,BRITISH POUND,207303,69585,30619,57173,95719,32686,31538,0,2707,29039,27900
2024-06-18T00:00:00.000,097741,JAPANESE YEN,297117,25633,116030,28364,114480,172091,3694,23489,3360,33745,45758
2024-06-18T00:00:00.000,098662,USD INDEX,40237,17397,12999,13428,464,127,22378,4651,1689,3666,1739
2024-06-18T00:00:00.000,099741,EURO FX,650388,78396,87215,399229,149304,12131,289849,29258,12559,71985,52072
2024-06-18T00:00:00.000,112741,NZ DOLLAR,58436,17867,8052,29210,21689,3638,23640,881,396,4935,2754
2024-06-18T00:00:00.000,232741,AUSTRALIAN DOLLAR,174695,21338,32104,46717,110054,66293,3924,6980,518,26006,20734
2024-06-25T00:00:00.000,090741,CANADIAN DOLLAR,278437,17798,79512,30649,139986,173958,6930,14691,6750,29063,32981
2024-06-25T00:00:00.000,092741,SWISS FRANC,84204,5442,20493,19415,36334,48349,2010,878,973,9253,23527
2024-06-25T00:00:00.000,096742,BRITISH POUND,207697,71065,32385,52784,100796,38997,27936,0,2707,28209,27231
2024-06-25T00:00:00.000,097741,JAPANESE YEN,340237,30032,139676,29810,127595,203072,5635,22775,4825,37891,45849
2024-06-25T00:00:00.000,098662,USD INDEX,43147,18877,14981,14511,830,87,22398,4750,1859,3848,2005
2024-06-25T00:00:00.000,099741,EURO FX,650087,78729,90328,396476,155008,13201,278823,30551,12996,71392,53194
2024-06-25T00:00:00.000,112741,NZ DOLLAR,60495,20006,7443,30496,19544,1964,27692,1484,196,4540,3615
2024-06-25T00:00:00.000,232741,AUSTRALIAN DOLLAR,181071,25149,28558,51395,100592,62236,18180,7383,3166,27370,23037
2024-07-02T00:00:00.000,090741,CANADIAN DOLLAR,263465,10251,79574,29378,127393,166571,5041,15444,5485,29321,33472
2024-07-02T00:00:00.000,092741,SWISS FRANC,92286,3965,22226,18039,43163,58719,1810,440,973,10180,23171
2024-07-02T00:00:00.000,096742,BRITISH POUND,198119,79931,29649,43966,91800,25507,29525,1259,2707,30408,27390
2024-07-02T00:00:00.000,097741,JAPANESE YEN,349817,30607,139789,30433,130469,210632,6166,22367,7293,40081,50403
2024-07-02T00:00:00.000,098662,USD INDEX,45627,18109,18256,17356,458,234,22398,5025,1588,3988,2012
2024-07-02T00:00:00.000,099741,EURO FX,636895,72818,82267,391717,170016,8121,258959,30904,14558,73248,51008
2024-07-02T00:00:00.000,112741,NZ DOLLAR,62491,23825,8234,28826,17095,1601,29383,1441,629,3855,4207
2024-07-02T00:00:00.000,232741,AUSTRALIAN DOLLAR,197799,32866,31417,61035,97302,63466,37592,7597,3196,26736,22193
2024-07-09T00:00:00.000,090741,CANADIAN DOLLAR,257288,10167,77092,29634,116004,157587,9309,14493,7380,31676,33772
2024-07-09T00:00:00.000,092741,SWISS FRANC,93433,3929,24102,17981,43696,60824,1726,0,0,9743,22953
2024-07-09T00:00:00.000,096742,BRITISH POUND,224179,88548,34320,65951,94627,16501,49720,890,3119,34670,24774
2024-07-09T00:00:00.000,097741,JAPANESE YEN,348954,33815,144450,33240,122260,201463,9002,22720,7692,41519,49353
2024-07-09T00:00:00.000,098662,USD INDEX,43263,16589,14777,16303,599,330,22398,5112,1771,3200,1989
2024-07-09T00:00:00.000,099741,EURO FX,637266,73785,79258,393029,160108,9478,275000,28012,13554,75272,51656
2024-07-09T00:00:00.000,112741,NZ DOLLAR,59513,20320,7649,28467,17196,2067,28114,1564,375,4250,3334
2024-07-09T00:00:00.000,232741,AUSTRALIAN DOLLAR,225017,37541,38456,75851,98517,63011,57075,10663,2737,30274,20555
2024-07-16T00:00:00.000,090741,CANADIAN DOLLAR,280941,15994,87584,28600,139336,178474,3040,14099,2101,29000,34106
2024-07-16T00:00:00.000,092741,SWISS FRANC,98671,5432,26058,19265,47512,62527,1775,0,0,10344,22223
2024-07-16T00:00:00.000,096742,BRITISH POUND,280623,108801,39140,94873,90704,17456,105047,1440,3895,40067,23851
2024-07-16T00:00:00.000,097741,JAPANESE YEN,307205,30754,105799,39381,104647,162620,8804,22193,27681,37613,45630
2024-07-16T00:00:00.000,098662,USD INDEX,38651,17673,9616,10772,601,470,22398,4986,2014,3141,2413
2024-07-16T00:00:00.000,099741,EURO FX,649251,85859,78470,400777,153417,9122,296439,23709,15941,74281,49481
2024-07-16T00:00:00.000,112741,NZ DOLLAR,60953,22370,9794,20330,20384,9247,20469,1557,2398,4648,5107
2024-07-16T00:00:00.000,232741,AUSTRALIAN DOLLAR,229593,34561,36636,79209,100239,63929,65130,11809,4273,34164,17394
2024-07-23T00:00:00.000,090741,CANADIAN DOLLAR,315684,14209,97178,28256,162183,210347,2699,18866,2557,30068,37129
2024-07-23T00:00:00.000,092741,SWISS FRANC,92633,4931,23819,20474,42608,56179,1698,0,1128,9973,22304
2024-07-23T00:00:00.000,096742,BRITISH POUND,289241,118233,35065,93739,90184,19291,115005,1440,4535,37509,25423
2024-07-23T00:00:00.000,097741,JAPANESE YEN,307183,37264,95860,45815,98757,142797,27645,25553,27507,41474,43134
2024-07-23T00:00:00.000,098662,USD INDEX,38818,19925,9022,9052,1346,143,22398,4917,1960,3212,2523
2024-07-23T00:00:00.000,099741,EURO FX,672022,83176,78836,425830,151792,9528,320791,23819,14901,72740,48773
2024-07-23T00:00:00.000,112741,NZ DOLLAR,63589,28674,10548,10334,24707,17247,18149,2083,3706,3867,5095
2024-07-23T00:00:00.000,232741,AUSTRALIAN DOLLAR,226258,36280,38343,71123,104405,65891,55639,13089,853,33944,21087
2024-07-30T00:00:00.000,090741,CANADIAN DOLLAR,351856,13532,116322,26401,176853,246823,2773,20541,3826,31470,38993
2024-07-30T00:00:00.000,092741,SWISS FRANC,85475,6426,21872,18031,39353,48730,930,0,403,11402,22031
2024-07-30T00:00:00.000,096742,BRITISH POUND,268554,108579,36908,80797,93231,22705,90668,685,3647,37321,25633
2024-07-30T00:00:00.000,097741,JAPANESE YEN,303151,27725,98058,47173,78107,148852,47711,29351,25105,35975,40095
2024-07-30T00:00:00.000,098662,USD INDEX,39266,20167,8800,9332,1798,0,22398,4792,2542,3659,2412
2024-07-30T00:00:00.000,099741,EURO FX,667299,73234,91398,425151,160147,12022,292272,24492,14096,72802,49788
2024-07-30T00:00:00.000,112741,NZ DOLLAR,76323,30805,16709,6230,33795,33291,14369,1341,4238,3547,6103
2024-07-30T00:00:00.000,232741,AUSTRALIAN DOLLAR,205852,28758,38377,60404,113532,69527,18241,13774,853,27269,28729
2024-08-06T00:00:00.000,090741,CANADIAN DOLLAR,335120,10014,110683,27420,167690,234623,4158,17539,3259,31460,35266
2024-08-06T00:00:00.000,092741,SWISS FRANC,68503,7771,15143,14257,31872,34303,2258,0,0,11309,18367
2024-08-06T00:00:00.000,096742,BRITISH POUND,224042,90924,33436,57943,95822,26242,49413,0,3119,33006,26325
2024-08-06T00:00:00.000,097741,JAPANESE YEN,298937,27905,52063,38725,56287,143742,117746,40689,24123,33312,34154
2024-08-06T00:00:00.000,098662,USD INDEX,42026,30626,11500,5870,1371,96,22398,1409,2423,2667,2976
2024-08-06T00:00:00.000,099741,EURO FX,671104,75644,90252,429417,155519,9987,305767,24662,12452,74618,50338
2024-08-06T00:00:00.000,112741,NZ DOLLAR,74141,23047,18642,3732,29485,42046,14629,554,4234,3611,6000
2024-08-06T00:00:00.000,232741,AUSTRALIAN DOLLAR,192634,19305,35812,56700,111315,75379,10832,12157,1038,22601,27145
2024-08-13T00:00:00.000,090741,CANADIAN DOLLAR,323167,9546,112680,26260,158263,229662,3435,14674,4417,31163,32510
2024-08-13T00:00:00.000,092741,SWISS FRANC,65751,7810,13735,12377,32148,32629,2289,0,0,12177,16821
2024-08-13T00:00:00.000,096742,BRITISH POUND,205569,77421,31908,49076,88381,23872,37489,0,3119,36458,25930
2024-08-13T00:00:00.000,097741,JAPANESE YEN,315338,43859,46274,49002,52009,133013,148641,43874,23247,33201,32778
2024-08-13T00:00:00.000,098662,USD INDEX,45236,34048,11785,5843,3620,216,22398,1305,2193,2194,3610
2024-08-13T00:00:00.000,099741,EURO FX,667350,71009,94427,424905,147790,10434,304665,25605,12115,77589,50545
2024-08-13T00:00:00.000,112741,NZ DOLLAR,66596,16800,14786,5629,25014,37841,15282,411,4412,4240,5427
2024-08-13T00:00:00.000,232741,AUSTRALIAN DOLLAR,188298,13482,36250,57592,105713,72393,7824,12612,427,24636,30501
2024-08-20T00:00:00.000,090741,CANADIAN DOLLAR,314073,10354,99611,25160,160924,221945,3017,14256,5567,30062,32658
2024-08-20T00:00:00.000,092741,SWISS FRANC,67104,7248,14415,11599,33459,35279,1870,0,0,12329,16711
2024-08-20T00:00:00.000,096742,BRITISH POUND,231383,83572,39807,68865,77300,15547,59970,0,3351,37610,25166
2024-08-20T00:00:00.000,097741,JAPANESE YEN,316197,37384,47877,50500,49244,134081,153299,46888,23249,35989,31173
2024-08-20T00:00:00.000,098662,USD INDEX,48713,37049,13488,5732,4733,239,22398,1525,2707,2361,3580
2024-08-20T00:00:00.000,099741,EURO FX,692017,75339,78023,436430,131472,11271,358161,25859,14450,82517,49310
2024-08-20T00:00:00.000,112741,NZ DOLLAR,66846,16718,14985,8145,21901,33899,17188,658,5115,4465,4696
2024-08-20T00:00:00.000,232741,AUSTRALIAN DOLLAR,187360,16862,43949,61418,101363,63960,10620,13173,0,25338,24819
2024-08-27T00:00:00.000,090741,CANADIAN DOLLAR,296041,8702,81657,27513,125444,182012,25531,14607,4060,32042,28184
2024-08-27T00:00:00.000,092741,SWISS FRANC,68768,9082,12936,12568,35568,32929,2841,0,400,12417,15251
2024-08-27T00:00:00.000,096742,BRITISH POUND,274215,96550,41947,88048,72661,14658,98513,1702,3151,41570,26256
2024-08-27T00:00:00.000,097741,JAPANESE YEN,318259,32111,53602,52414,42650,133556,163416,50187,14182,38943,33361
2024-08-27T00:00:00.000,098662,USD INDEX,51056,39094,13930,6057,6055,246,22398,1634,3290,2191,3549
2024-08-27T00:00:00.000,099741,EURO FX,726519,94322,73854,442350,120806,11760,408951,26236,13741,88749,46065
2024-08-27T00:00:00.000,112741,NZ DOLLAR,65108,16297,15119,10521,19997,27560,17352,1315,3882,4943,4286
2024-08-27T00:00:00.000,232741,AUSTRALIAN DOLLAR,204850,18432,38580,76568,94708,57715,43292,11928,0,31461,19524
2024-09-03T00:00:00.000,090741,CANADIAN DOLLAR,255897,16150,67341,40194,104456,127446,29701,14801,3624,33726,27195
2024-09-03T00:00:00.000,092741,SWISS FRANC,67121,6475,11162,11111,34551,32084,2856,456,0,14057,15614
2024-09-03T00:00:00.000,096742,BRITISH POUND,285461,101930,36587,92234,67588,15458,116966,1793,3151,39617,26740
2024-09-03T00:00:00.000,097741,JAPANESE YEN,326795,34653,51496,57631,37280,130878,181498,50455,8992,38134,32485
2024-09-03T00:00:00.000,098662,USD INDEX,48563,37510,10968,6038,6624,0,22482,996,2947,2233,3756
2024-09-03T00:00:00.000,099741,EURO FX,740311,95060,69208,440669,115476,14325,420755,26919,13064,85362,43832
2024-09-03T00:00:00.000,112741,NZ DOLLAR,63566,17803,13457,14074,19915,18406,17525,1707,3487,6120,3726
2024-09-03T00:00:00.000,232741,AUSTRALIAN DOLLAR,213538,19335,36594,80857,88522,56612,59106,12742,0,31865,17189
2024-09-10T00:00:00.000,090741,CANADIAN DOLLAR,251209,12366,57188,35950,109451,130770,24820,13436,3098,30986,28951
2024-09-10T00:00:00.000,092741,SWISS FRANC,80439,5130,9253,10955,35237,31015,3029,0,0,15706,15287
2024-09-10T00:00:00.000,096742,BRITISH POUND,272336,91103,34479,84328,68320,14985,101280,698,4025,42246,25256
2024-09-10T00:00:00.000,097741,JAPANESE YEN,376514,36657,51229,57419,29500,132630,208600,53760,2086,42728,31779
2024-09-10T00:00:00.000,098662,USD INDEX,48653,34658,7925,6351,6267,0,22557,686,2715,1916,4147
2024-09-10T00:00:00.000,099741,EURO FX,741888,76583,63756,436889,118461,13376,398775,25208,13438,92555,50181
2024-09-10T00:00:00.000,112741,NZ DOLLAR,63720,14506,12899,14821,19209,17887,16225,1109,3652,6929,3267
2024-09-10T00:00:00.000,232741,AUSTRALIAN DOLLAR,230013,16291,24893,77168,89205,57119,54705,6803,0,30094,18672
2024-09-17T00:00:00.000,090741,CANADIAN DOLLAR,256538,9819,61437,33209,110978,136314,22069,13274,3221,32218,27129
2024-09-17T00:00:00.000,092741,SWISS FRANC,58554,8269,11171,12441,30606,22428,741,0,0,14395,15015
2024-09-17T00:00:00.000,096742,BRITISH POUND,212595,82612,36953,73052,72500,7600,67492,723,3814,37880,21108
2024-09-17T00:00:00.000,097741,JAPANESE YEN,199463,30066,45846,56250,26258,7567,89712,56223,3289,42545,27546
2024-09-17T00:00:00.000,098662,USD INDEX,24759,11212,10300,5877,6502,3219,0,757,2382,1935,3816
2024-09-17T00:00:00.000,099741,EURO FX,678001,72490,66772,427973,121834,13005,382926,26300,12992,86454,41698
2024-09-17T00:00:00.000,112741,NZ DOLLAR,49301,14540,10397,16680,17885,10903,13226,946,3713,5579,3427
2024-09-17T00:00:00.000,232741,AUSTRALIAN DOLLAR,169684,13517,30632,56673,90816,58354,21565,6325,0,27547,19403
2024-09-24T00:00:00.000,090741,CANADIAN DOLLAR,213164,16901,59466,28581,108406,114557,7901,13902,4011,31425,25582
2024-09-24T00:00:00.000,092741,SWISS FRANC,60688,7913,12210,11673,31560,26291,1,0,0,13588,15694
2024-09-24T00:00:00.000,096742,BRITISH POUND,251641,100193,38500,88060,75894,6622,97720,4122,4274,40935,23544
2024-09-24T00:00:00.000,097741,JAPANESE YEN,207702,36841,42289,57478,26125,3063,97055,60834,4244,40901,29404
2024-09-24T00:00:00.000,098662,USD INDEX,27029,13306,11758,5736,7334,3246,0,859,2197,2097,3955
2024-09-24T00:00:00.000,099741,EURO FX,679514,70914,66148,428761,125770,14057,372075,25009,15878,87312,46182
2024-09-24T00:00:00.000,112741,NZ DOLLAR,55135,18919,9900,18866,22201,9452,13802,1584,5304,5792,3406
2024-09-24T00:00:00.000,232741,AUSTRALIAN DOLLAR,176442,29593,30965,68866,85769,26865,36376,11894,0,35139,19247
2024-10-01T00:00:00.000,090741,CANADIAN DOLLAR,216044,15073,59545,37876,103674,108359,19765,15622,3781,32088,22253
2024-10-01T00:00:00.000,092741,SWISS FRANC,62140,6037,14119,13142,31957,26680,428,0,493,15073,13935
2024-10-01T00:00:00.000,096742,BRITISH POUND,257312,98373,35033,93765,81178,6089,100829,4957,3814,41576,23906
2024-10-01T00:00:00.000,097741,JAPANESE YEN,196200,38018,36643,52582,23538,3885,90208,54633,8704,38010,28035
2024-10-01T00:00:00.000,098662,USD INDEX,26321,13112,9291,4892,8043,3033,97,454,2349,2515,4226
2024-10-01T00:00:00.000,099741,EURO FX,674734,70416,70519,421463,127162,12963,355422,25007,15121,87650,49275
2024-10-01T00:00:00.000,112741,NZ DOLLAR,61226,18631,9892,24387,22261,9327,20551,1774,4858,6405,2962
2024-10-01T00:00:00.000,232741,AUSTRALIAN DOLLAR,201032,42087,25376,77133,86924,26342,67587,15546,544,36153,16830
2024-10-08T00:00:00.000,090741,CANADIAN DOLLAR,224645,14372,69254,32886,106745,123024,11643,15802,1363,30344,27423
2024-10-08T00:00:00.000,092741,SWISS FRANC,63822,7291,9772,11708,34155,32257,546,560,2644,11109,15808
2024-10-08T00:00:00.000,096742,BRITISH POUND,255908,96094,30234,95244,83352,5606,99331,4914,3814,38166,23293
2024-10-08T00:00:00.000,097741,JAPANESE YEN,196685,38912,30971,55702,35994,20524,78041,37838,9101,35746,34615
2024-10-08T00:00:00.000,098662,USD INDEX,25635,10382,14251,6739,3941,3033,117,620,1812,2869,3522
2024-10-08T00:00:00.000,099741,EURO FX,669131,80224,62318,404607,137942,17427,346409,26081,17467,84183,48386
2024-10-08T00:00:00.000,112741,NZ DOLLAR,57037,17186,8528,24068,21976,9150,18699,683,4106,5417,3195
2024-10-08T00:00:00.000,232741,AUSTRALIAN DOLLAR,205706,43739,21162,84877,78524,25920,84331,13201,551,32659,15828
2024-10-15T00:00:00.000,090741,CANADIAN DOLLAR,296537,31121,87132,30079,152928,179366,13673,17837,3157,29024,30537
2024-10-15T00:00:00.000,092741,SWISS FRANC,66154,6194,10784,13325,35651,34793,638,560,3591,10505,14713
2024-10-15T00:00:00.000,096742,BRITISH POUND,250150,86670,27892,95635,86045,7197,92114,6717,3814,37756,24110
2024-10-15T00:00:00.000,097741,JAPANESE YEN,197871,37868,28355,55829,46498,17471,71981,39613,6476,37699,35170
2024-10-15T00:00:00.000,098662,USD INDEX,24171,9172,14732,6563,2557,3159,0,961,1655,2792,3703
2024-10-15T00:00:00.000,099741,EURO FX,658481,79699,66796,377266,154627,37773,311755,25512,18897,82051,50226
2024-10-15T00:00:00.000,112741,NZ DOLLAR,54894,15319,9830,22758,23392,10901,13808,790,4152,4646,3232
2024-10-15T00:00:00.000,232741,AUSTRALIAN DOLLAR,193289,36287,24273,73252,83356,25434,64511,18358,0,34998,16189
2024-10-22T00:00:00.000,090741,CANADIAN DOLLAR,308279,22006,86907,27608,158777,201047,10164,18533,5282,28637,36701
2024-10-22T00:00:00.000,092741,SWISS FRANC,72719,4714,12881,14510,39571,40811,637,560,3725,11841,15622
2024-10-22T00:00:00.000,096742,BRITISH POUND,230130,81133,25283,82150,89479,11140,69060,6727,3814,31925,25439
2024-10-22T00:00:00.000,097741,JAPANESE YEN,207338,45083,38257,39768,59254,37429,55839,38873,5660,36715,38858
2024-10-22T00:00:00.000,098662,USD INDEX,29942,11763,21427,8859,964,3136,0,998,2078,3059,3346
2024-10-22T00:00:00.000,099741,EURO FX,650759,74459,84615,367611,174491,38526,258811,26974,18185,80010,51478
2024-10-22T00:00:00.000,112741,NZ DOLLAR,55605,19070,9715,19600,25440,10442,12562,1772,4030,4577,3714
2024-10-22T00:00:00.000,232741,AUSTRALIAN DOLLAR,186950,42698,26821,64402,77165,25439,62140,20271,535,31126,17275
2024-10-29T00:00:00.000,090741,CANADIAN DOLLAR,329945,20358,101169,28292,164403,219580,10320,20707,6278,28068,34835
2024-10-29T00:00:00.000,092741,SWISS FRANC,78973,5299,12312,15039,43335,46827,509,640,3971,10855,18533
2024-10-29T00:00:00.000,096742,BRITISH POUND,221535,82549,25828,69565,88493,12007,59634,5703,3814,32508,24563
2024-10-29T00:00:00.000,097741,JAPANESE YEN,225894,44746,48208,37607,70531,70010,53462,28023,4920,36292,39557
2024-10-29T00:00:00.000,098662,USD INDEX,32536,12784,24607,10442,497,3106,0,1007,1880,3093,3448
2024-10-29T00:00:00.000,099741,EURO FX,661675,75404,105616,365328,173279,56940,242985,26857,21505,73780,54924
2024-10-29T00:00:00.000,112741,NZ DOLLAR,58020,22598,10421,16011,27886,12940,10043,2063,3822,3672,5112
2024-10-29T00:00:00.000,232741,AUSTRALIAN DOLLAR,183977,45465,26404,49541,73643,32789,60279,22189,0,30644,20302
2024-11-05T00:00:00.000,090741,CANADIAN DOLLAR,336467,16729,105031,27929,166535,229582,11684,20488,5789,28368,34057
2024-11-05T00:00:00.000,092741,SWISS FRANC,75911,6434,10381,15780,40806,43182,651,520,4540,9674,19212
2024-11-05T00:00:00.000,096742,BRITISH POUND,219857,77495,35216,70307,85873,10860,51044,6807,3812,35517,25041
2024-11-05T00:00:00.000,097741,JAPANESE YEN,235762,32546,45268,37830,79774,81166,55799,36413,3986,35953,39081
2024-11-05T00:00:00.000,098662,USD INDEX,30825,11395,24142,10438,262,3226,0,1178,1784,3049,3098
2024-11-05T00:00:00.000,099741,EURO FX,645597,79747,103781,360538,143086,35168,255641,28567,22548,75889,54853
2024-11-05T00:00:00.000,112741,NZ DOLLAR,59800,19437,11373,10536,29561,23239,9765,2919,4011,3501,4922
2024-11-05T00:00:00.000,232741,AUSTRALIAN DOLLAR,177416,38875,26727,51080,66676,33405,56078,25338,0,25478,24695
2024-11-12T00:00:00.000,090741,CANADIAN DOLLAR,342557,7940,98579,27961,171213,242733,9422,21958,12435,28728,37671
2024-11-12T00:00:00.000,092741,SWISS FRANC,78380,3629,14024,15671,37384,48056,656,640,4615,9858,21175
2024-11-12T00:00:00.000,096742,BRITISH POUND,212345,79544,31007,61427,79797,14033,51308,8401,4391,29405,26307
2024-11-12T00:00:00.000,097741,JAPANESE YEN,257688,24817,54460,38925,89676,101853,54540,44393,4041,35915,43186
2024-11-12T00:00:00.000,098662,USD INDEX,36875,13859,29466,11896,523,3176,0,1736,1890,4443,3231
2024-11-12T00:00:00.000,099741,EURO FX,637105,72706,101719,357161,140965,27921,254485,29413,15743,78432,52721
2024-11-12T00:00:00.000,112741,NZ DOLLAR,64216,20610,15579,8817,29872,27722,9615,3262,3993,3317,4669
2024-11-12T00:00:00.000,232741,AUSTRALIAN DOLLAR,171880,26371,26686,48700,61741,36733,55258,29042,0,26542,23703
2024-11-19T00:00:00.000,090741,CANADIAN DOLLAR,348354,10857,96560,28064,170882,242239,13678,22868,15798,30046,37156
2024-11-19T00:00:00.000,092741,SWISS FRANC,82690,3022,14717,13732,38270,55934,0,640,4790,9009,24560
2024-11-19T00:00:00.000,096742,BRITISH POUND,220896,75875,25164,44662,87842,40260,49241,7715,5016,28148,29397
2024-11-19T00:00:00.000,097741,JAPANESE YEN,254087,26487,52854,39982,87798,78748,58955,58963,2232,37427,39768
2024-11-19T00:00:00.000,098662,USD INDEX,37320,12690,29820,13598,412,3287,0,1859,1994,3891,3099
2024-11-19T00:00:00.000,099741,EURO FX,658774,70766,110577,343463,160310,65675,237119,30907,24315,76465,54955
2024-11-19T00:00:00.000,112741,NZ DOLLAR,72846,19557,17412,8600,33955,36175,9767,3713,4026,3323,6208
2024-11-19T00:00:00.000,232741,AUSTRALIAN DOLLAR,181688,30460,27547,48831,67756,39646,49358,30216,0,24189,28681
2024-11-26T00:00:00.000,090741,CANADIAN DOLLAR,322420,7063,84289,28512,150241,215268,14541,22932,20136,31209,35777
2024-11-26T00:00:00.000,092741,SWISS FRANC,86500,3540,16520,15738,38956,56966,0,640,6380,9270,24298
2024-11-26T00:00:00.000,096742,BRITISH POUND,239062,77371,21429,38580,106042,63434,48711,12256,6611,22563,31411
2024-11-26T00:00:00.000,097741,JAPANESE YEN,253566,30485,53854,45033,74605,61943,68793,63065,2617,39946,40603
2024-11-26T00:00:00.000,098662,USD INDEX,37797,12909,30717,13861,481,3709,0,1889,1810,3722,3082
2024-11-26T00:00:00.000,099741,EURO FX,665553,78630,108586,339036,170328,68838,232782,30271,28661,78896,55314
2024-11-26T00:00:00.000,112741,NZ DOLLAR,79001,17973,19154,10390,37112,40519,9694,5107,4523,3340,6846
2024-11-26T00:00:00.000,232741,AUSTRALIAN DOLLAR,185533,30228,28755,52131,64837,38771,53198,31959,1981,23426,27744
2024-12-03T00:00:00.000,090741,CANADIAN DOLLAR,324325,10071,83901,27157,153837,219085,14879,21635,19172,31609,37768
2024-12-03T00:00:00.000,092741,SWISS FRANC,85247,3214,16009,13552,40410,57796,0,680,6566,9565,21822
2024-12-03T00:00:00.000,096742,BRITISH POUND,243504,73882,21642,40773,108092,68344,50037,13763,6660,23219,33550
2024-12-03T00:00:00.000,097741,JAPANESE YEN,256849,31142,56327,48806,54646,48072,77037,64219,2059,39431,41601
2024-12-03T00:00:00.000,098662,USD INDEX,37510,13005,30622,12909,382,3648,0,1866,1677,4009,2756
2024-12-03T00:00:00.000,099741,EURO FX,675059,78970,115172,330248,179927,83527,228067,31505,24097,77569,54556
2024-12-03T00:00:00.000,112741,NZ DOLLAR,80220,15614,17816,11695,38884,40784,10465,5912,4418,3446,5868
2024-12-03T00:00:00.000,232741,AUSTRALIAN DOLLAR,190247,23360,29750,50414,71557,44802,52146,36478,2486,25601,24716
2024-12-10T00:00:00.000,090741,CANADIAN DOLLAR,408181,18975,98423,28718,172283,254413,12547,20012,24483,30191,44573
2024-12-10T00:00:00.000,092741,SWISS FRANC,109379,3242,16087,14071,35366,57422,0,600,6565,8877,26194
2024-12-10T00:00:00.000,096742,BRITISH POUND,311725,73060,31598,52093,94431,53635,56194,14476,5820,26568,31789
2024-12-10T00:00:00.000,097741,JAPANESE YEN,274834,30677,54242,50195,44923,35648,78740,65061,2522,36894,38048
2024-12-10T00:00:00.000,098662,USD INDEX,40825,14289,32531,13616,382,3823,0,1724,1823,4052,2768
2024-12-10T00:00:00.000,099741,EURO FX,727276,76775,120696,330710,168176,82138,224722,31402,28288,84363,63506
2024-12-10T00:00:00.000,112741,NZ DOLLAR,98096,14818,21363,12289,40824,46799,10413,6931,4597,3520,7160
2024-12-10T00:00:00.000,232741,AUSTRALIAN DOLLAR,239026,27751,32138,47112,81885,49561,36541,35856,1966,26561,34311
2024-12-17T00:00:00.000,090741,CANADIAN DOLLAR,485592,15303,89196,26356,182847,262725,18354,18526,19111,28710,42112
2024-12-17T00:00:00.000,092741,SWISS FRANC,85631,18487,15880,11352,41363,47459,2364,888,0,6853,25432
2024-12-17T00:00:00.000,096742,BRITISH POUND,187135,80780,26239,37375,95417,36248,23471,682,4569,24964,30353
2024-12-17T00:00:00.000,097741,JAPANESE YEN,181673,22969,60105,46402,52132,4548,19866,63740,2696,34688,37548
2024-12-17T00:00:00.000,098662,USD INDEX,41281,14577,22196,18012,503,1044,12586,1756,1812,3753,2045
2024-12-17T00:00:00.000,099741,EURO FX,584000,75931,114176,333070,170058,22018,169508,24959,20042,72006,54200
2024-12-17T00:00:00.000,112741,NZ DOLLAR,80998,9402,22221,12597,45537,53441,867,1767,4766,2967,6783
2024-12-17T00:00:00.000,232741,AUSTRALIAN DOLLAR,172661,18786,40905,25759,87278,87191,1212,9572,2345,21997,31565
2024-12-24T00:00:00.000,090741,CANADIAN DOLLAR,345942,7772,91884,26845,186409,254742,11188,18736,6937,27426,39103
2024-12-24T00:00:00.000,092741,SWISS FRANC,85954,11111,14081,8298,44212,57943,1737,1178,500,6196,24196
2024-12-24T00:00:00.000,096742,BRITISH POUND,188844,79351,26677,35229,96873,38631,20167,2369,5384,25928,32407
2024-12-24T00:00:00.000,097741,JAPANESE YEN,200720,31241,68682,51863,61797,17148,19419,58118,2478,34105,40099
2024-12-24T00:00:00.000,098662,USD INDEX,44472,15542,25232,18215,492,3121,12639,1895,2217,4014,2207
2024-12-24T00:00:00.000,099741,EURO FX,597583,69968,116500,339295,176429,31021,164000,27894,24642,70773,57380
2024-12-24T00:00:00.000,112741,NZ DOLLAR,84775,10339,23053,11429,48833,57342,1019,1829,4804,2990,6220
2024-12-24T00:00:00.000,232741,AUSTRALIAN DOLLAR,177789,17948,45552,26322,84629,88468,1403,11159,2283,23162,33192
2024-12-31T00:00:00.000,090741,CANADIAN DOLLAR,353686,9682,94539,26848,189077,254303,9994,23540,7351,26886,40298
2024-12-31T00:00:00.000,092741,SWISS FRANC,89129,9895,15662,8991,44968,59150,2024,400,500,8511,23793
2024-12-31T00:00:00.000,096742,BRITISH POUND,188879,78757,29649,37075,92001,36734,21386,2412,5359,24856,31439
2024-12-31T00:00:00.000,097741,JAPANESE YEN,206971,31671,73989,53727,62257,18594,17912,56485,5160,35222,36381
2024-12-31T00:00:00.000,098662,USD INDEX,42976,14641,23919,19625,220,1174,12586,2098,2167,3943,2589
2024-12-31T00:00:00.000,099741,EURO FX,609159,80796,122636,336955,183094,29997,162916,27026,24631,73479,54976
2024-12-31T00:00:00.000,112741,NZ DOLLAR,88125,13477,25256,10608,49860,58103,1019,2030,4886,3067,6264
2024-12-31T00:00:00.000,232741,AUSTRALIAN DOLLAR,182872,18045,51275,27714,84560,86785,1517,14172,2276,24327,31415
2025-01-07T00:00:00.000,090741,CANADIAN DOLLAR,357210,5550,100129,28378,188673,260359,13069,23291,1829,27806,41684
2025-01-07T00:00:00.000,092741,SWISS FRANC,91244,7463,17271,9442,45504,65563,2112,400,1425,7351,23907
2025-01-07T00:00:00.000,096742,BRITISH POUND,188770,72934,25621,39627,97709,42238,18677,0,4009,25328,34111
2025-01-07T00:00:00.000,097741,JAPANESE YEN,212456,24057,77219,53082,62661,26016,16670,57167,3677,38992,39087
2025-01-07T00:00:00.000,098662,USD INDEX,44874,14064,25606,22117,278,943,12586,1923,2090,3968,2455
2025-01-07T00:00:00.000,099741,EURO FX,603187,69495,111083,333660,182397,29921,158813,29109,29012,76649,57529
2025-01-07T00:00:00.000,112741,NZ DOLLAR,92127,12991,26538,12299,52742,60162,1046,1914,4571,3278,5747
2025-01-07T00:00:00.000,232741,AUSTRALIAN DOLLAR,197764,15484,49272,45198,88044,88021,15302,13889,400,23643,33217
2025-01-14T00:00:00.000,090741,CANADIAN DOLLAR,350363,6876,94932,30100,185148,248173,14987,26219,1973,27533,41861
2025-01-14T00:00:00.000,092741,SWISS FRANC,94045,7987,16318,7141,47898,70293,2083,400,1880,7316,24958
2025-01-14T00:00:00.000,096742,BRITISH POUND,200826,67791,32917,47966,103195,53090,14732,1033,3613,21817,37240
2025-01-14T00:00:00.000,097741,JAPANESE YEN,223952,25130,77511,52052,72161,39297,15437,56907,6665,40268,41880
2025-01-14T00:00:00.000,098662,USD INDEX,45758,14541,22889,22451,205,1412,16759,2003,2113,4033,2474
2025-01-14T00:00:00.000,099741,EURO FX,604225,68363,108162,332942,175066,33400,164026,28075,27586,72682,60622
2025-01-14T00:00:00.000,112741,NZ DOLLAR,92053,10519,24626,12140,52919,62179,2542,2379,4575,3632,6187
2025-01-14T00:00:00.000,232741,AUSTRALIAN DOLLAR,192020,9209,48248,48166,86524,88369,12420,11969,855,23314,32980
2025-01-21T00:00:00.000,090741,CANADIAN DOLLAR,331635,3350,95722,33303,166181,231799,16395,24764,2627,27246,39537
2025-01-21T00:00:00.000,092741,SWISS FRANC,96356,6358,18287,9915,47506,70502,2196,400,3265,8255,24176
2025-01-21T00:00:00.000,096742,BRITISH POUND,212688,63658,30610,43354,107685,72459,20685,3131,3130,21903,42395
2025-01-21T00:00:00.000,097741,JAPANESE YEN,211620,27591,67227,50196,63403,17792,24265,59901,6429,43642,37798
2025-01-21T00:00:00.000,098662,USD INDEX,45714,15090,17058,21935,667,1687,20639,1255,3251,4133,2485
2025-01-21T00:00:00.000,099741,EURO FX,609492,72504,107738,340273,179395,22173,166474,28942,28476,75560,57369
2025-01-21T00:00:00.000,112741,NZ DOLLAR,90600,8488,22229,13484,53527,61158,2772,2745,4729,3551,6169
2025-01-21T00:00:00.000,232741,AUSTRALIAN DOLLAR,190211,10834,47493,43528,86074,88124,13032,13471,855,24195,32698
2025-01-28T00:00:00.000,090741,CANADIAN DOLLAR,331109,5869,89815,33248,172952,228840,12867,24614,1568,26467,41836
2025-01-28T00:00:00.000,092741,SWISS FRANC,97264,4801,19970,8952,49503,73886,2694,400,3422,8491,20941
2025-01-28T00:00:00.000,096742,BRITISH POUND,206821,52427,32499,33544,103154,88834,19266,831,3035,21081,38763
2025-01-28T00:00:00.000,097741,JAPANESE YEN,216788,24923,59098,58289,60102,11429,38639,64660,9158,44173,36477
2025-01-28T00:00:00.000,098662,USD INDEX,40991,14209,13702,18866,570,1455,20764,1296,1696,3888,2982
2025-01-28T00:00:00.000,099741,EURO FX,618908,72532,106828,347583,173187,16363,183222,28031,26281,75982,50973
2025-01-28T00:00:00.000,112741,NZ DOLLAR,83969,5309,23244,12358,49074,58569,3405,3295,1188,3201,5821
2025-01-28T00:00:00.000,232741,AUSTRALIAN DOLLAR,192011,9389,53670,45578,87983,90691,10129,13694,400,23866,31036
2025-02-04T00:00:00.000,090741,CANADIAN DOLLAR,346984,5300,96118,34620,184732,246568,15650,22697,2287,25707,36105
2025-02-04T00:00:00.000,092741,SWISS FRANC,97931,5855,19488,9503,50266,73205,2841,400,3323,8424,21469
2025-02-04T00:00:00.000,096742,BRITISH POUND,204644,56170,33271,34621,99697,78492,21927,2194,2876,22951,36657
2025-02-04T00:00:00.000,097741,JAPANESE YEN,231911,33050,62138,62742,49047,8671,61195,64876,8874,49277,37362
2025-02-04T00:00:00.000,098662,USD INDEX,39705,13734,11901,18334,527,1430,20814,1304,2935,3885,2510
2025-02-04T00:00:00.000,099741,EURO FX,616623,82094,104271,339196,175446,15873,177918,28881,30552,74337,52194
2025-02-04T00:00:00.000,112741,NZ DOLLAR,83998,5628,22054,14061,50419,55434,2686,4331,1710,3459,6044
2025-02-04T00:00:00.000,232741,AUSTRALIAN DOLLAR,204869,13048,51597,54124,99681,92424,11428,12170,868,22568,30760
2025-02-11T00:00:00.000,090741,CANADIAN DOLLAR,326849,5683,87330,34871,173754,228531,13506,19451,2183,25075,36838
2025-02-11T00:00:00.000,092741,SWISS FRANC,98159,5508,20466,8717,46136,72997,2411,400,3597,9859,24871
2025-02-11T00:00:00.000,096742,BRITISH POUND,208138,58540,26918,32211,100276,73569,25186,4735,3363,24316,37628
2025-02-11T00:00:00.000,097741,JAPANESE YEN,273314,35523,66542,86253,48939,9892,100568,80430,9588,49809,36270
2025-02-11T00:00:00.000,098662,USD INDEX,39291,14117,11648,17226,596,1905,20639,1439,2931,3546,2419
2025-02-11T00:00:00.000,099741,EURO FX,622873,88642,109469,338182,177937,16384,178074,28998,31177,76243,51792
2025-02-11T00:00:00.000,112741,NZ DOLLAR,87118,7589,18965,13334,56649,54884,2713,6017,1435,4103,6165
2025-02-11T00:00:00.000,232741,AUSTRALIAN DOLLAR,196295,11077,53572,60547,89614,78023,14027,12825,400,26941,31800
2025-02-18T00:00:00.000,090741,CANADIAN DOLLAR,323195,6968,85062,37853,173314,217615,15735,19583,1339,26645,33214
2025-02-18T00:00:00.000,092741,SWISS FRANC,97878,6830,20990,8872,47924,72828,2865,400,4005,8807,21953
2025-02-18T00:00:00.000,096742,BRITISH POUND,203370,63543,28739,40426,96902,58645,24582,3376,5549,24129,34347
2025-02-18T00:00:00.000,097741,JAPANESE YEN,281163,43974,67824,87890,48966,13311,110416,80864,8457,43985,34361
2025-02-18T00:00:00.000,098662,USD INDEX,38459,15966,10461,15140,620,1704,20922,1157,2253,3161,2872
2025-02-18T00:00:00.000,099741,EURO FX,638024,89424,100651,346446,173913,19976,200260,29362,35609,75697,50472
2025-02-18T00:00:00.000,112741,NZ DOLLAR,89366,9359,23219,12527,56326,56150,1902,5997,917,3718,5387
2025-02-18T00:00:00.000,232741,AUSTRALIAN DOLLAR,189686,15678,49025,57810,88894,69238,13291,12514,400,25863,29493
2025-02-25T00:00:00.000,090741,CANADIAN DOLLAR,319493,8701,75578,36149,174505,213044,19094,18007,1809,27768,32683
2025-02-25T00:00:00.000,092741,SWISS FRANC,97178,4978,21079,8894,47718,72525,3415,400,3276,10235,21544
2025-02-25T00:00:00.000,096742,BRITISH POUND,200468,60643,28575,43185,90483,56707,26496,1217,5549,24992,35641
2025-02-25T00:00:00.000,097741,JAPANESE YEN,329186,47598,59318,109396,37634,10456,165651,90547,8359,45737,32772
2025-02-25T00:00:00.000,098662,USD INDEX,38062,15680,9074,13997,624,1375,20472,1346,2357,2808,2679
2025-02-25T00:00:00.000,099741,EURO FX,658684,93762,99058,356354,165177,20386,230729,28193,29796,78634,52569
2025-02-25T00:00:00.000,112741,NZ DOLLAR,90322,9742,24477,13640,56153,54654,1764,6487,794,3958,5293
2025-02-25T00:00:00.000,232741,AUSTRALIAN DOLLAR,185971,17142,47694,53834,91123,66682,8075,16386,400,24241,30993
2025-03-04T00:00:00.000,090741,CANADIAN DOLLAR,340218,10601,75181,31569,178722,224852,17619,19442,3732,24406,35616
2025-03-04T00:00:00.000,092741,SWISS FRANC,97021,4488,19584,10931,46743,67935,3835,400,3296,11964,22260
2025-03-04T00:00:00.000,096742,BRITISH POUND,200634,62241,28491,41378,86017,42892,33301,8711,2549,27706,32570
2025-03-04T00:00:00.000,097741,JAPANESE YEN,354415,47578,45028,115992,32223,9567,196332,92774,4596,45054,32786
2025-03-04T00:00:00.000,098662,USD INDEX,39075,19095,9095,12355,468,1256,20972,1136,3617,2886,2576
2025-03-04T00:00:00.000,099741,EURO FX,683819,94173,102395,366028,154304,22785,255957,28435,28130,83321,53956
2025-03-04T00:00:00.000,112741,NZ DOLLAR,99433,15333,24252,12487,64015,60056,2062,6242,944,3282,6127
2025-03-04T00:00:00.000,232741,AUSTRALIAN DOLLAR,202272,16843,45216,56080,101450,70486,7266,20182,863,24680,33476
2025-03-11T00:00:00.000,090741,CANADIAN DOLLAR,339922,6946,70407,30511,177603,220845,16970,23860,3444,26850,40588
2025-03-11T00:00:00.000,092741,SWISS FRANC,100493,3870,20611,8563,41867,62679,4120,0,3230,13232,18516
2025-03-11T00:00:00.000,096742,BRITISH POUND,248457,61074,33141,51007,76459,37619,51811,11342,2799,41071,37903
2025-03-11T00:00:00.000,097741,JAPANESE YEN,446178,46055,45638,111825,27286,13116,202317,92467,3589,59045,43678
2025-03-11T00:00:00.000,098662,USD INDEX,39865,21509,7340,8120,683,1372,20750,960,3636,2856,2408
2025-03-11T00:00:00.000,099741,EURO FX,729760,90093,96012,375109,135878,28370,291663,27194,31970,100166,65409
2025-03-11T00:00:00.000,112741,NZ DOLLAR,117627,13034,22944,12730,61287,57878,1688,5935,1263,3553,5948
2025-03-11T00:00:00.000,232741,AUSTRALIAN DOLLAR,258738,18600,42390,53583,91965,61796,11722,19673,400,32037,39212
2025-03-18T00:00:00.000,090741,CANADIAN DOLLAR,347932,10823,74345,31120,169724,211949,20801,23931,2376,24334,34911
2025-03-18T00:00:00.000,092741,SWISS FRANC,80057,3701,20630,8870,38825,56629,595,0,500,10615,19265
2025-03-18T00:00:00.000,096742,BRITISH POUND,180841,67268,35312,60369,73497,8710,32560,1163,5483,33403,24061
2025-03-18T00:00:00.000,097741,JAPANESE YEN,296567,40348,46181,100447,20250,1791,180917,94384,3434,46056,32244
2025-03-18T00:00:00.000,098662,USD INDEX,29600,15256,15553,7305,1479,1087,3412,995,3751,2214,2662
2025-03-18T00:00:00.000,099741,EURO FX,652620,87050,73191,380024,121536,16659,329538,29749,22152,82523,49588
2025-03-18T00:00:00.000,112741,NZ DOLLAR,84543,15555,20502,12918,49828,50025,5940,1177,1958,3794,5241
2025-03-18T00:00:00.000,232741,AUSTRALIAN DOLLAR,180546,13309,43229,47965,84580,75018,12160,6344,2157,26057,26567
2025-03-25T00:00:00.000,090741,CANADIAN DOLLAR,281126,17877,67999,32203,161425,178591,5898,19440,2127,24617,35279
2025-03-25T00:00:00.000,092741,SWISS FRANC,85731,3172,24322,8512,40372,63279,759,0,1001,10519,19028
2025-03-25T00:00:00.000,096742,BRITISH POUND,191212,71377,30671,67411,72801,10710,45978,1585,8032,32226,25827
2025-03-25T00:00:00.000,097741,JAPANESE YEN,303778,41782,41473,99454,19587,5335,190362,97598,3111,44965,34601
2025-03-25T00:00:00.000,098662,USD INDEX,29219,15453,15640,6101,2010,951,3412,1303,3223,2953,2476
2025-03-25T00:00:00.000,099741,EURO FX,672875,89643,63267,389514,125991,22135,351464,29712,25073,81743,46952
2025-03-25T00:00:00.000,112741,NZ DOLLAR,82270,11659,19996,11519,50889,53425,4725,936,631,4082,5380
2025-03-25T00:00:00.000,232741,AUSTRALIAN DOLLAR,180087,15664,46904,46220,84352,76652,7079,5968,1286,23317,28200
2025-04-01T00:00:00.000,090741,CANADIAN DOLLAR,278330,19122,68543,31590,153784,176291,9860,19657,1171,23892,37194
2025-04-01T00:00:00.000,092741,SWISS FRANC,89248,2573,25475,8677,45111,67624,783,0,500,10177,17182
2025-04-01T00:00:00.000,096742,BRITISH POUND,187160,76484,28234,59493,74408,12126,35550,582,14657,30248,26084
2025-04-01T00:00:00.000,097741,JAPANESE YEN,311162,48928,37665,99685,23036,4942,200763,96110,4974,48102,31329
2025-04-01T00:00:00.000,098662,USD INDEX,29279,15316,13335,6920,2692,919,3782,1568,4270,2164,2808
2025-04-01T00:00:00.000,099741,EURO FX,670827,91315,58425,384138,127920,24218,340593,29468,33238,80132,49095
2025-04-01T00:00:00.000,112741,NZ DOLLAR,81797,9101,19137,12291,51119,54277,4617,2168,1119,3613,5458
2025-04-01T00:00:00.000,232741,AUSTRALIAN DOLLAR,182766,16740,49859,44842,80279,72368,7723,8084,884,24740,28029
2025-04-08T00:00:00.000,090741,CANADIAN DOLLAR,258263,9354,72188,33043,128649,174083,18369,13457,512,20529,30748
2025-04-08T00:00:00.000,092741,SWISS FRANC,76433,1788,15995,8959,35918,53912,4697,514,1040,10659,18182
2025-04-08T00:00:00.000,096742,BRITISH POUND,176910,72555,28147,49561,68394,21438,26712,0,18786,24131,25646
2025-04-08T00:00:00.000,097741,JAPANESE YEN,320758,52436,33203,115727,12797,5632,233795,94462,3064,39600,24998
2025-04-08T00:00:00.000,098662,USD INDEX,22770,11631,8097,4878,2970,1684,3662,655,3807,2479,2791
2025-04-08T00:00:00.000,099741,EURO FX,697776,85855,52777,412595,129438,31861,371975,28146,34703,80668,50232
2025-04-08T00:00:00.000,112741,NZ DOLLAR,72109,8056,17994,10870,39734,47939,7088,1080,989,2947,5087
2025-04-08T00:00:00.000,232741,AUSTRALIAN DOLLAR,194476,17464,46905,52915,68529,76819,30029,5874,704,25334,32239
2025-04-15T00:00:00.000,090741,CANADIAN DOLLAR,249484,12380,63629,34698,108078,158622,41073,13841,478,22676,28959
2025-04-15T00:00:00.000,092741,SWISS FRANC,73479,2666,16542,10472,34302,46375,5277,1000,1236,12419,15575
2025-04-15T00:00:00.000,096742,BRITISH POUND,177006,70443,36385,54252,71852,16658,23966,0,12130,28689,25709
2025-04-15T00:00:00.000,097741,JAPANESE YEN,338849,51122,33022,130058,15150,7590,255341,98167,1914,42198,23708
2025-04-15T00:00:00.000,098662,USD INDEX,27224,16141,8030,3894,5135,1514,3793,1271,5404,2796,3254
2025-04-15T00:00:00.000,099741,EURO FX,708122,80754,58948,419169,129399,29171,393749,32168,27801,92871,44236
2025-04-15T00:00:00.000,112741,NZ DOLLAR,66702,7524,16984,12238,33729,41553,9198,840,799,3353,4798
2025-04-15T00:00:00.000,232741,AUSTRALIAN DOLLAR,178747,12595,36909,49846,61799,73286,35406,4752,1481,21897,26781
2025-04-22T00:00:00.000,090741,CANADIAN DOLLAR,249643,11449,50568,36040,93261,156111,67544,14616,837,23821,29827
2025-04-22T00:00:00.000,092741,SWISS FRANC,72891,3031,12129,9846,33565,45172,10233,1000,1854,13198,14466
2025-04-22T00:00:00.000,096742,BRITISH POUND,179555,67488,37721,63181,68293,10584,34346,401,6243,29322,24373
2025-04-22T00:00:00.000,097741,JAPANESE YEN,351226,50802,31359,135299,15316,8474,269048,99899,1859,44643,21535
2025-04-22T00:00:00.000,098662,USD INDEX,32880,20902,11429,3569,5782,1896,1800,1290,7635,2951,3962
2025-04-22T00:00:00.000,099741,EURO FX,719232,81269,66559,419532,123255,33861,403364,32835,27232,96353,43440
2025-04-22T00:00:00.000,112741,NZ DOLLAR,62689,8684,14983,10345,31037,37743,10430,1010,778,3948,4502
2025-04-22T00:00:00.000,232741,AUSTRALIAN DOLLAR,190798,21486,44131,50444,55466,72708,52889,4682,986,24156,20004
2025-04-29T00:00:00.000,090741,CANADIAN DOLLAR,249257,11464,43678,37759,91999,156444,75155,13768,486,22693,30810
2025-04-29T00:00:00.000,092741,SWISS FRANC,71949,3637,11519,9004,31498,44936,12816,1000,1794,12562,13512
2025-04-29T00:00:00.000,096742,BRITISH POUND,192312,62771,35223,65506,66452,10789,40109,401,3447,31474,25710
2025-04-29T00:00:00.000,097741,JAPANESE YEN,366246,50238,30627,137808,10533,10758,277672,100969,3626,44388,21703
2025-04-29T00:00:00.000,098662,USD INDEX,32830,21178,10546,3766,6818,1889,1741,1267,7896,2515,3614
2025-04-29T00:00:00.000,099741,EURO FX,730212,79893,62578,421978,120302,33550,410302,30041,27994,97376,41662
2025-04-29T00:00:00.000,112741,NZ DOLLAR,63075,9431,16618,13512,29792,33952,11249,1122,579,4201,3980
2025-04-29T00:00:00.000,232741,AUSTRALIAN DOLLAR,184804,20451,38025,47085,55470,74149,52281,3869,918,22967,21827
2025-05-06T00:00:00.000,090741,CANADIAN DOLLAR,255101,12831,44974,39126,94182,157629,76023,11927,510,24048,29872
2025-05-06T00:00:00.000,092741,SWISS FRANC,70578,3986,9707,7230,32493,45014,12408,1000,1764,12634,13492
2025-05-06T00:00:00.000,096742,BRITISH POUND,200214,66229,35698,64716,66634,13850,44929,401,3436,31693,26192
2025-05-06T00:00:00.000,097741,JAPANESE YEN,375546,54358,29708,134156,8481,15495,277678,97907,9802,44435,20682
2025-05-06T00:00:00.000,098662,USD INDEX,35412,24122,12190,3662,8753,2015,484,761,7755,2559,3937
2025-05-06T00:00:00.000,099741,EURO FX,737013,73085,67340,427317,120387,33157,415185,33705,19972,97040,41420
2025-05-06T00:00:00.000,112741,NZ DOLLAR,60509,7996,13444,12382,29388,33791,11893,1090,839,4533,4228
2025-05-06T00:00:00.000,232741,AUSTRALIAN DOLLAR,183057,20750,36601,45295,57240,73758,48838,4617,400,22896,24237
2025-05-13T00:00:00.000,090741,CANADIAN DOLLAR,262803,21114,56458,36038,104102,163355,59573,10496,1131,21276,31015
2025-05-13T00:00:00.000,092741,SWISS FRANC,73088,5456,9861,8566,33576,42769,12810,1000,1614,14560,14490
2025-05-13T00:00:00.000,096742,BRITISH POUND,194861,65307,32921,60216,65962,12208,40898,620,3413,32765,27922
2025-05-13T00:00:00.000,097741,JAPANESE YEN,359521,55015,19972,124096,14755,11512,257899,97238,7858,40015,27392
2025-05-13T00:00:00.000,098662,USD INDEX,27982,14645,6360,4745,7868,2215,403,893,7415,2849,3301
2025-05-13T00:00:00.000,099741,EURO FX,750906,86340,66187,432043,120966,34250,423571,31463,22880,94529,45021
2025-05-13T00:00:00.000,112741,NZ DOLLAR,60757,9774,13306,10720,30877,34682,11184,280,585,4303,3807
2025-05-13T00:00:00.000,232741,AUSTRALIAN DOLLAR,180460,23738,30110,38862,66357,76445,44403,3762,400,21268,22805
2025-05-20T00:00:00.000,090741,CANADIAN DOLLAR,266748,19646,59860,34175,116443,167788,42859,11827,5153,22213,31334
2025-05-20T00:00:00.000,092741,SWISS FRANC,73133,5321,8347,8432,35385,44080,11365,1000,2205,13558,15089
2025-05-20T00:00:00.000,096742,BRITISH POUND,195326,64799,32603,62059,68259,10745,43147,0,3418,33168,23344
2025-05-20T00:00:00.000,097741,JAPANESE YEN,366865,55915,17418,124230,13308,10501,259716,98813,12708,38497,24806
2025-05-20T00:00:00.000,098662,USD INDEX,30189,17660,7398,4301,8361,2204,356,984,7710,2252,3576
2025-05-20T00:00:00.000,099741,EURO FX,759249,83874,76941,435558,125222,47230,421491,30934,26319,94072,41695
2025-05-20T00:00:00.000,112741,NZ DOLLAR,61056,7911,15778,10385,30273,37116,9071,904,586,3626,4234
2025-05-20T00:00:00.000,232741,AUSTRALIAN DOLLAR,177853,20400,27084,35603,70038,79404,38195,3845,3476,20781,21240
2025-05-27T00:00:00.000,090741,CANADIAN DOLLAR,263232,16678,62383,36925,105383,162862,51585,11021,7031,25181,26285
2025-05-27T00:00:00.000,092741,SWISS FRANC,73781,4465,7433,7760,36784,44522,11649,1000,1910,14117,14088
2025-05-27T00:00:00.000,096742,BRITISH POUND,202990,71735,33001,70144,71584,9410,55431,1100,3861,36723,25235
2025-05-27T00:00:00.000,097741,JAPANESE YEN,377011,49246,25171,127979,13817,11894,256512,97722,11027,41934,22248
2025-05-27T00:00:00.000,098662,USD INDEX,30979,20000,7289,3300,8785,2091,356,640,8200,2194,3595
2025-05-27T00:00:00.000,099741,EURO FX,760471,76556,77460,441156,127173,49826,424525,31567,22374,95278,42851
2025-05-27T00:00:00.000,112741,NZ DOLLAR,59262,6918,13917,10677,29723,35792,9819,542,488,4226,4208
2025-05-27T00:00:00.000,232741,AUSTRALIAN DOLLAR,179292,18161,34117,37251,68908,78036,36213,3843,2818,23517,18752
2025-06-03T00:00:00.000,090741,CANADIAN DOLLAR,270041,15552,62849,38157,103352,164104,49692,9964,9705,23967,26146
2025-06-03T00:00:00.000,092741,SWISS FRANC,81322,5857,7475,7379,38570,43269,9404,1000,2238,15409,15227
2025-06-03T00:00:00.000,096742,BRITISH POUND,233601,73098,33699,69092,67713,8546,62038,2402,3438,36963,23213
2025-06-03T00:00:00.000,097741,JAPANESE YEN,366008,49497,23347,130723,21167,13257,250144,90868,14046,44497,20138
2025-06-03T00:00:00.000,098662,USD INDEX,28007,17090,7332,3307,9113,2048,356,707,4766,2123,3708
2025-06-03T00:00:00.000,099741,EURO FX,781284,74113,76024,444511,124440,48503,438220,35000,18964,100625,45104
2025-06-03T00:00:00.000,112741,NZ DOLLAR,67925,7410,15644,10016,28423,36075,10375,1327,459,4419,4346
2025-06-03T00:00:00.000,232741,AUSTRALIAN DOLLAR,202595,17018,36173,39435,71431,81757,38456,6390,500,23307,21347
2025-06-10T00:00:00.000,090741,CANADIAN DOLLAR,288477,16625,56327,40588,97181,158972,64115,8737,9235,27489,25553
2025-06-10T00:00:00.000,092741,SWISS FRANC,86928,8660,4172,5955,42734,42948,11067,1000,2016,16806,15380
2025-06-10T00:00:00.000,096742,BRITISH POUND,213940,65686,24156,71989,67679,15792,68088,971,3443,36199,27271
2025-06-10T00:00:00.000,097741,JAPANESE YEN,388263,44731,24112,131187,21235,11486,244029,89358,11868,54124,29642
2025-06-10T00:00:00.000,098662,USD INDEX,30659,19331,6341,2311,10596,2043,0,510,5891,2345,3712
2025-06-10T00:00:00.000,099741,EURO FX,810517,84861,72885,441522,121178,32680,439359,34827,18699,102489,44258
2025-06-10T00:00:00.000,112741,NZ DOLLAR,78867,7691,14851,9642,26804,36330,12934,1261,787,4562,4110
2025-06-10T00:00:00.000,232741,AUSTRALIAN DOLLAR,224272,19030,41339,39089,72549,86389,42993,6699,500,26785,20611
2025-06-17T00:00:00.000,090741,CANADIAN DOLLAR,294801,19310,56275,47979,79810,162309,100912,10558,7637,28113,23635
2025-06-17T00:00:00.000,092741,SWISS FRANC,67383,4922,4740,6088,41945,38360,4019,1500,1056,15712,14822
2025-06-17T00:00:00.000,096742,BRITISH POUND,177026,64649,28801,65765,73198,5070,41822,1680,2549,33837,24631
2025-06-17T00:00:00.000,097741,JAPANESE YEN,317523,45713,27930,119461,26366,7244,224439,93324,4303,43251,25955
2025-06-17T00:00:00.000,098662,USD INDEX,30721,11452,9297,2992,11202,9274,0,1040,3114,2988,4133
2025-06-17T00:00:00.000,099741,EURO FX,755861,88119,72690,456662,123584,28746,453210,34695,18206,97815,38347
2025-06-17T00:00:00.000,112741,NZ DOLLAR,47833,3796,16056,17819,11946,14978,11098,1876,502,4273,3140
2025-06-17T00:00:00.000,232741,AUSTRALIAN DOLLAR,147471,17911,33211,43330,75400,47890,8283,4253,500,25046,21036
2025-06-24T00:00:00.000,090741,CANADIAN DOLLAR,201194,15736,47453,46682,72459,82380,36258,11796,3161,27452,24715
2025-06-24T00:00:00.000,092741,SWISS FRANC,69488,6664,5441,6299,43086,38483,3692,1653,1056,15449,15273
2025-06-24T00:00:00.000,096742,BRITISH POUND,179898,63501,21817,64941,78243,9361,42599,0,4784,35906,26266
2025-06-24T00:00:00.000,097741,JAPANESE YEN,314767,48739,28981,116393,24632,5506,221813,94483,5128,40462,25029
2025-06-24T00:00:00.000,098662,USD INDEX,31225,10723,11113,3421,8738,9413,0,1842,4834,2840,3554
2025-06-24T00:00:00.000,099741,EURO FX,762607,88638,67545,458163,120432,31477,458976,35105,19596,94870,41704
2025-06-24T00:00:00.000,112741,NZ DOLLAR,44217,2403,14384,24231,12036,6783,9283,1643,464,4355,3248
2025-06-24T00:00:00.000,232741,AUSTRALIAN DOLLAR,151032,18889,41192,41437,78387,52870,688,5484,500,22820,20733
2025-07-01T00:00:00.000,090741,CANADIAN DOLLAR,203485,16179,47298,42428,77815,88902,32566,10984,3296,27177,24695
2025-07-01T00:00:00.000,092741,SWISS FRANC,72546,5350,6420,6602,43434,41333,5565,1250,1236,16548,14428
2025-07-01T00:00:00.000,096742,BRITISH POUND,188689,64702,34596,71631,78517,6889,38674,1091,5098,38143,25571
2025-07-01T00:00:00.000,097741,JAPANESE YEN,314251,43066,26420,119394,25339,5973,225947,92212,6458,45368,21849
2025-07-01T00:00:00.000,098662,USD INDEX,36286,14869,12117,3325,11445,9393,0,2461,5654,3304,4136
2025-07-01T00:00:00.000,099741,EURO FX,779031,91623,76402,461525,116188,34128,468358,38876,18331,95960,42833
2025-07-01T00:00:00.000,112741,NZ DOLLAR,42303,4906,13330,19905,11390,5301,8314,1902,594,4907,3293
2025-07-01T00:00:00.000,232741,AUSTRALIAN DOLLAR,151338,17902,42190,41206,76365,50287,938,6507,500,25713,21622
2025-07-08T00:00:00.000,090741,CANADIAN DOLLAR,201326,17728,46507,38868,81477,89992,27779,9400,3139,28631,25717
2025-07-08T00:00:00.000,092741,SWISS FRANC,72761,6872,6535,6487,43761,40949,5715,1250,966,16140,14721
2025-07-08T00:00:00.000,096742,BRITISH POUND,191557,69294,32645,66611,79765,8829,39841,1091,3922,36635,26287
2025-07-08T00:00:00.000,097741,JAPANESE YEN,308621,42605,32223,112913,25159,9523,203380,92634,9438,40895,28370
2025-07-08T00:00:00.000,098662,USD INDEX,35076,13952,12344,3241,11462,9400,0,2195,4206,3233,4009
2025-07-08T00:00:00.000,099741,EURO FX,805847,105233,76110,464484,114961,41200,496248,38671,19096,99367,42540
2025-07-08T00:00:00.000,112741,NZ DOLLAR,43037,4986,13640,19974,10745,4672,9267,2315,313,5419,3401
2025-07-08T00:00:00.000,232741,AUSTRALIAN DOLLAR,153390,21932,39382,41225,79471,48396,3355,4986,500,26168,19999
2025-07-15T00:00:00.000,090741,CANADIAN DOLLAR,202720,18796,44516,36258,87009,94000,24896,8793,2754,27836,26508
2025-07-15T00:00:00.000,092741,SWISS FRANC,74255,7129,8372,6449,40471,43716,8416,1250,906,14677,15056
2025-07-15T00:00:00.000,096742,BRITISH POUND,187275,72514,24991,57625,84786,10620,37878,834,2228,34471,26181
2025-07-15T00:00:00.000,097741,JAPANESE YEN,321350,42392,45751,100056,31678,36455,192890,90979,6827,43283,36019
2025-07-15T00:00:00.000,098662,USD INDEX,35177,14235,10896,3143,14206,9808,0,1591,2918,3065,3822
2025-07-15T00:00:00.000,099741,EURO FX,820440,106430,67906,477607,116891,42464,515996,37844,19546,97608,41614
2025-07-15T00:00:00.000,112741,NZ DOLLAR,41959,5697,12441,18260,10068,5958,8781,1354,347,4429,4061
2025-07-15T00:00:00.000,232741,AUSTRALIAN DOLLAR,150487,19728,37336,39485,77968,52164,2516,4552,500,24040,21649
2025-07-22T00:00:00.000,090741,CANADIAN DOLLAR,200895,19500,50125,35356,82990,94422,22297,9273,1972,23647,24814
2025-07-22T00:00:00.000,092741,SWISS FRANC,75681,5962,9643,7122,40890,44953,7482,1250,906,15305,15671
2025-07-22T00:00:00.000,096742,BRITISH POUND,195467,72364,20847,48719,106972,31025,28718,1363,2103,32179,27010
2025-07-22T00:00:00.000,097741,JAPANESE YEN,313040,36995,43056,100874,30516,28423,192337,95601,6699,43676,32961
2025-07-22T00:00:00.000,098662,USD INDEX,35725,12807,11890,5319,13472,9854,400,1575,3256,2946,3483
2025-07-22T00:00:00.000,099741,EURO FX,843447,102310,73901,497068,122740,47272,522071,39618,19754,96216,44018
2025-07-22T00:00:00.000,112741,NZ DOLLAR,44100,5952,13280,14589,9555,10402,7823,565,721,4276,4405
2025-07-22T00:00:00.000,232741,AUSTRALIAN DOLLAR,161394,25713,37898,37995,91878,60092,1902,4464,500,23352,19438
2025-07-29T00:00:00.000,090741,CANADIAN DOLLAR,201852,17555,47640,36500,88299,95832,19537,8934,2490,23824,24679
2025-07-29T00:00:00.000,092741,SWISS FRANC,76905,6853,9115,6883,40917,48029,7573,1000,904,13021,17277
2025-07-29T00:00:00.000,096742,BRITISH POUND,207879,73071,25370,45490,111086,44612,23772,615,2264,29296,30592
2025-07-29T00:00:00.000,097741,JAPANESE YEN,329115,37000,57878,103482,31931,46073,186961,92174,5264,40306,37001
2025-07-29T00:00:00.000,098662,USD INDEX,32919,8729,11594,5145,11046,9727,500,2252,3022,3809,3500
2025-07-29T00:00:00.000,099741,EURO FX,828577,110100,79238,481538,124153,47984,499338,32843,22155,97921,45502
2025-07-29T00:00:00.000,112741,NZ DOLLAR,46587,7542,13792,15054,11151,10215,9104,660,352,4692,3764
2025-07-29T00:00:00.000,232741,AUSTRALIAN DOLLAR,159680,23013,34399,42358,91839,56421,2827,4821,600,22633,19581
2025-08-05T00:00:00.000,090741,CANADIAN DOLLAR,214849,21819,51711,32291,95910,112191,19502,8534,2255,22218,27675
2025-08-05T00:00:00.000,092741,SWISS FRANC,79837,5286,9001,8198,43084,51220,7383,1000,500,12062,17798
2025-08-05T00:00:00.000,096742,BRITISH POUND,206254,64904,24932,32304,115629,63775,20155,500,1427,29306,28646
2025-08-05T00:00:00.000,097741,JAPANESE YEN,337378,38441,60091,99799,41669,55228,190843,95451,1651,37362,32027
2025-08-05T00:00:00.000,098662,USD INDEX,30064,7706,13762,2560,7116,9940,500,2510,3003,4540,2875
2025-08-05T00:00:00.000,099741,EURO FX,818360,106098,71890,481035,133610,49171,488915,33133,22608,92215,44629
2025-08-05T00:00:00.000,112741,NZ DOLLAR,48090,6609,13387,11453,13264,17657,8289,1228,681,3780,5106
2025-08-05T00:00:00.000,232741,AUSTRALIAN DOLLAR,163900,19628,30092,40337,101819,69127,2137,4541,600,21761,20746
2025-08-12T00:00:00.000,090741,CANADIAN DOLLAR,221109,20286,51046,32254,103095,117374,18974,8668,1973,23352,26846
2025-08-12T00:00:00.000,092741,SWISS FRANC,80415,4442,6587,8202,45282,51497,7163,1000,928,13086,18267
2025-08-12T00:00:00.000,096742,BRITISH POUND,216082,63204,35835,43681,115651,62143,20019,1182,2281,30321,26745
2025-08-12T00:00:00.000,097741,JAPANESE YEN,351163,38075,73481,101264,41567,67396,186279,96082,1151,35172,35511
2025-08-12T00:00:00.000,098662,USD INDEX,30410,7595,14215,3956,7535,9833,150,2148,2757,4202,3077
2025-08-12T00:00:00.000,099741,EURO FX,824972,100864,65926,499181,131743,50625,504801,23519,23351,96093,44461
2025-08-12T00:00:00.000,112741,NZ DOLLAR,48240,8959,13149,11314,14993,16614,8177,1248,704,3806,4918
2025-08-12T00:00:00.000,232741,AUSTRALIAN DOLLAR,171294,20533,30231,41652,109245,71338,2024,5055,750,24097,20425
2025-08-19T00:00:00.000,090741,CANADIAN DOLLAR,220859,18015,51927,32538,99832,120141,17983,8230,1443,23694,31433
2025-08-19T00:00:00.000,092741,SWISS FRANC,80039,4913,4997,7207,45906,52129,6654,1000,448,13224,20468
2025-08-19T00:00:00.000,096742,BRITISH POUND,219831,64243,41789,45610,112751,60669,20244,1296,1427,32702,28309
2025-08-19T00:00:00.000,097741,JAPANESE YEN,348982,33996,77350,106374,36807,61854,185866,97065,1567,36614,34313
2025-08-19T00:00:00.000,098662,USD INDEX,28891,8676,12483,2075,7722,9625,177,1757,2679,4046,3118
2025-08-19T00:00:00.000,099741,EURO FX,825219,104037,70811,501183,129953,51466,501044,18733,21297,94142,46456
2025-08-19T00:00:00.000,112741,NZ DOLLAR,47495,8920,12924,12075,15273,15569,8038,1111,441,4229,5228
2025-08-19T00:00:00.000,232741,AUSTRALIAN DOLLAR,185901,28954,33773,44866,118641,78308,1941,2029,1293,23253,21762
2025-08-26T00:00:00.000,090741,CANADIAN DOLLAR,227180,19521,55664,33182,104443,122393,18011,9369,2802,25465,29010
2025-08-26T00:00:00.000,092741,SWISS FRANC,78933,5184,5121,6482,45988,51679,6714,1000,448,13011,19085
2025-08-26T00:00:00.000,096742,BRITISH POUND,219906,64127,40473,38988,113726,67648,21472,944,1427,32163,26772
2025-08-26T00:00:00.000,097741,JAPANESE YEN,357366,37627,79015,108632,33447,56818,191493,96755,1543,39284,33618
2025-08-26T00:00:00.000,098662,USD INDEX,31488,12375,14295,2181,7893,9231,177,1348,2712,3192,3250
2025-08-26T00:00:00.000,099741,EURO FX,842215,109029,74822,506393,129579,47052,507819,20203,20624,95096,44929
2025-08-26T00:00:00.000,112741,NZ DOLLAR,53094,13515,13740,14716,19459,16253,9024,837,1292,3839,5645
2025-08-26T00:00:00.000,232741,AUSTRALIAN DOLLAR,191207,28298,32781,43032,122183,86248,2338,1643,1224,21247,21942
2025-09-02T00:00:00.000,090741,CANADIAN DOLLAR,225322,14546,58575,33714,98746,125458,16974,9414,2455,22486,28868
2025-09-02T00:00:00.000,092741,SWISS FRANC,80906,7112,5697,5921,46248,51711,6780,1000,448,13448,20019
2025-09-02T00:00:00.000,096742,BRITISH POUND,226437,65228,43549,34002,115392,78680,20162,1294,1437,31465,30129
2025-09-02T00:00:00.000,097741,JAPANESE YEN,414249,37470,93913,109219,33238,68189,188404,98885,1206,40872,37874
2025-09-02T00:00:00.000,098662,USD INDEX,31502,11357,12114,3416,8970,9182,177,1498,3423,2799,3568
2025-09-02T00:00:00.000,099741,EURO FX,845820,107011,77338,506627,126827,46785,506665,19249,20519,95363,43686
2025-09-02T00:00:00.000,112741,NZ DOLLAR,55035,13816,13531,16777,21904,15161,8788,1100,1009,3726,5348
2025-09-02T00:00:00.000,232741,AUSTRALIAN DOLLAR,185048,23431,33784,41179,107319,75618,3250,1627,1071,24268,20699
2025-09-09T00:00:00.000,090741,CANADIAN DOLLAR,249304,16785,64132,32700,97419,125775,15069,9521,2037,25216,31340
2025-09-09T00:00:00.000,092741,SWISS FRANC,105100,6407,6915,4690,46997,51383,7592,1000,0,17332,19308
2025-09-09T00:00:00.000,096742,BRITISH POUND,322879,57669,40714,39774,110081,76502,25168,903,2706,33639,29818
2025-09-09T00:00:00.000,097741,JAPANESE YEN,410799,41473,83135,118215,32362,53701,204972,98700,419,43537,34738
2025-09-09T00:00:00.000,098662,USD INDEX,38029,18991,15755,1770,10164,9792,150,1555,4955,2604,3688
2025-09-09T00:00:00.000,099741,EURO FX,878104,103962,71350,506920,123669,47377,513816,18040,21434,100417,46447
2025-09-09T00:00:00.000,112741,NZ DOLLAR,71602,12116,13990,18281,21402,17791,10955,1134,877,3637,5735
2025-09-09T00:00:00.000,232741,AUSTRALIAN DOLLAR,208092,28332,33086,41577,110038,70167,4505,2203,660,25129,19119
2025-09-16T00:00:00.000,090741,CANADIAN DOLLAR,266847,16778,65022,36643,94793,117369,10090,8755,2636,22611,29615
2025-09-16T00:00:00.000,092741,SWISS FRANC,71730,6282,8691,5052,40375,42299,2941,1000,468,15606,17764
2025-09-16T00:00:00.000,096742,BRITISH POUND,234531,60280,38667,49080,92078,78299,67506,1320,2407,37259,25580
2025-09-16T00:00:00.000,097741,JAPANESE YEN,299620,39642,90432,102125,32025,8833,130963,98777,2884,40523,33596
2025-09-16T00:00:00.000,098662,USD INDEX,38526,10373,16279,1535,10348,18832,0,2114,5587,2776,3416
2025-09-16T00:00:00.000,099741,EURO FX,855448,108039,81802,511998,122299,72918,538082,19846,20239,94620,44999
2025-09-16T00:00:00.000,112741,NZ DOLLAR,49146,8315,13642,13547,25480,20572,2139,1268,1029,3655,5067
2025-09-16T00:00:00.000,232741,AUSTRALIAN DOLLAR,154790,34848,37929,43023,83465,39276,9485,3883,660,29912,19403
2025-09-23T00:00:00.000,090741,CANADIAN DOLLAR,212186,17289,66045,36624,97899,118769,6552,9139,1950,21904,31279
2025-09-23T00:00:00.000,092741,SWISS FRANC,72030,7435,8142,5428,41883,42868,2637,1000,428,14250,17891
2025-09-23T00:00:00.000,096742,BRITISH POUND,233166,61382,33720,48731,93640,78072,68281,3715,1427,32775,27607
2025-09-23T00:00:00.000,097741,JAPANESE YEN,309893,42138,95108,110298,32464,6833,136088,101979,1327,38621,34882
2025-09-23T00:00:00.000,098662,USD INDEX,40441,11700,16912,2018,11166,18675,0,2441,5725,2705,3736
2025-09-23T00:00:00.000,099741,EURO FX,859215,106658,86855,516898,122280,71331,540385,22782,19581,95071,43639
2025-09-23T00:00:00.000,112741,NZ DOLLAR,56346,11825,14675,12017,30438,23283,2380,2422,603,3756,5207
2025-09-23T00:00:00.000,232741,AUSTRALIAN DOLLAR,160854,35376,40922,42108,90907,48137,7902,4194,760,27707,17031
2025-09-30T00:00:00.000,090741,CANADIAN DOLLAR,240191,31804,77392,34499,106357,131850,6793,10436,3673,21046,35420
2025-09-30T00:00:00.000,092741,SWISS FRANC,71950,7341,7306,5443,43000,43636,2756,1000,428,13522,17452
2025-09-30T00:00:00.000,096742,BRITISH POUND,226426,61279,29168,42143,99110,81926,59926,3611,1903,30459,29311
2025-09-30T00:00:00.000,097741,JAPANESE YEN,305711,43974,94506,109603,41405,13749,115046,89078,4727,37613,38333
2025-09-30T00:00:00.000,098662,USD INDEX,35699,5597,16928,2608,6947,18238,0,3261,5647,3075,3257
2025-09-30T00:00:00.000,099741,EURO FX,845775,105007,82730,509896,124419,69839,531933,22703,18130,94269,44502
2025-09-30T00:00:00.000,112741,NZ DOLLAR,68651,24477,17612,7252,41882,28968,354,2027,1062,3865,5679
2025-09-30T00:00:00.000,232741,AUSTRALIAN DOLLAR,167976,33684,45330,42175,93770,56851,7778,4214,760,27536,16822
2025-10-07T00:00:00.000,090741,CANADIAN DOLLAR,261636,32413,80155,34046,125893,153779,5739,11144,4398,21360,36557
2025-10-07T00:00:00.000,092741,SWISS FRANC,72046,5883,6420,5593,44271,44683,2175,1000,468,13770,17595
2025-10-07T00:00:00.000,096742,BRITISH POUND,247550,73987,39125,55449,101515,80871,69537,826,1903,28266,27319
2025-10-07T00:00:00.000,097741,JAPANESE YEN,305134,36311,91943,117808,48172,23906,110497,74990,2070,38472,38805
2025-10-07T00:00:00.000,098662,USD INDEX,38717,6309,18760,4300,8025,18107,0,4090,5852,2986,3155
2025-10-07T00:00:00.000,099741,EURO FX,855286,107423,86038,513564,126700,70410,536696,23208,14640,95237,45768
2025-10-07T00:00:00.000,112741,NZ DOLLAR,72345,23740,18173,6932,46621,35165,355,1701,912,3704,5181
2025-10-07T00:00:00.000,232741,AUSTRALIAN DOLLAR,170970,35234,38271,46457,99633,49119,14383,6233,760,30653,14649
2025-10-14T00:00:00.000,090741,CANADIAN DOLLAR,269924,27050,76837,35706,136141,164113,5882,11737,4759,21109,36096
2025-10-14T00:00:00.000,092741,SWISS FRANC,73172,5082,7423,5770,45160,45530,1236,2569,508,13191,17815
2025-10-14T00:00:00.000,096742,BRITISH POUND,237520,72347,33253,45260,104697,86841,61020,1110,1427,26160,31321
2025-10-14T00:00:00.000,097741,JAPANESE YEN,305003,43389,95490,116418,49361,19688,106832,75378,2644,37645,38191
2025-10-14T00:00:00.000,098662,USD INDEX,37137,4026,20562,3973,4588,17434,0,4635,6085,4006,2839
2025-10-14T00:00:00.000,099741,EURO FX,841079,103080,80802,499343,128222,73898,512555,20292,15839,92184,51379
2025-10-14T00:00:00.000,112741,NZ DOLLAR,82509,28437,22723,7294,50358,39471,355,1826,1278,3751,6065
2025-10-14T00:00:00.000,232741,AUSTRALIAN DOLLAR,170002,36497,31074,46014,106150,50332,9660,5701,760,26631,17531
2025-10-21T00:00:00.000,090741,CANADIAN DOLLAR,272419,25431,80276,38179,135923,165712,7147,11826,4556,22247,35493
2025-10-21T00:00:00.000,092741,SWISS FRANC,74034,6171,8349,5793,43524,45190,3071,1000,508,14438,17140
2025-10-21T00:00:00.000,096742,BRITISH POUND,233484,69452,29795,40189,108646,88115,60346,1288,1427,28512,27342
2025-10-21T00:00:00.000,097741,JAPANESE YEN,307569,41771,88186,121013,39404,7230,126483,88698,2119,35561,38081
2025-10-21T00:00:00.000,098662,USD INDEX,35369,3992,21822,3647,2345,17246,0,4030,5578,3528,2698
2025-10-21T00:00:00.000,099741,EURO FX,835887,102054,79590,500890,129377,70561,514275,20666,15410,91768,47287
2025-10-21T00:00:00.000,112741,NZ DOLLAR,89666,28061,21536,7461,58956,46861,354,1761,1628,4031,5701
2025-10-21T00:00:00.000,232741,AUSTRALIAN DOLLAR,173878,40003,39657,41783,107035,57342,4512,5291,760,25417,17872
2025-10-28T00:00:00.000,090741,CANADIAN DOLLAR,278750,25850,84858,35502,137195,174768,8884,12496,4312,20985,34352
2025-10-28T00:00:00.000,092741,SWISS FRANC,74922,7709,9329,5875,43687,45234,2689,1000,508,14012,17617
2025-10-28T00:00:00.000,096742,BRITISH POUND,248118,80902,40509,32398,113511,100955,53656,2175,1916,25815,32653
2025-10-28T00:00:00.000,097741,JAPANESE YEN,321889,42455,92580,129156,43857,9731,131984,87809,1228,38949,38451
2025-10-28T00:00:00.000,098662,USD INDEX,34998,5884,21166,3035,2530,17509,0,2455,5374,2951,2764
2025-10-28T00:00:00.000,099741,EURO FX,843717,108266,90923,499804,135233,74144,506454,20336,14203,92177,47914
2025-10-28T00:00:00.000,112741,NZ DOLLAR,88049,26912,21866,7696,57177,46471,354,1664,1316,3487,5517
2025-10-28T00:00:00.000,232741,AUSTRALIAN DOLLAR,173436,30047,42481,39190,99444,66646,5248,4778,760,26508,19236
2025-11-04T00:00:00.000,090741,CANADIAN DOLLAR,292964,25088,98033,35633,134925,186990,9685,13017,4204,22394,36275
2025-11-04T00:00:00.000,092741,SWISS FRANC,81378,7138,10067,5537,48273,53368,1231,1400,508,12767,20131
2025-11-04T00:00:00.000,096742,BRITISH POUND,270917,67560,41637,20332,136006,146562,46601,3678,2080,25366,37174
2025-11-04T00:00:00.000,097741,JAPANESE YEN,314190,39743,96359,127213,49223,15262,109156,77162,1228,38692,42106
2025-11-04T00:00:00.000,098662,USD INDEX,43439,8077,28935,7701,2424,17352,0,3291,5920,3827,2969
2025-11-04T00:00:00.000,099741,EURO FX,835176,98873,93691,502569,151549,75329,467770,17912,16490,87292,52475
2025-11-04T00:00:00.000,112741,NZ DOLLAR,91568,27760,25524,7646,55324,46359,354,2525,1533,4026,5581
2025-11-04T00:00:00.000,232741,AUSTRALIAN DOLLAR,180801,40803,48291,39588,100279,64025,5527,3968,760,27847,21374
2025-11-10T00:00:00.000,090741,CANADIAN DOLLAR,289605,18784,90878,35362,136281,191834,10510,12208,4276,22492,38735
2025-11-10T00:00:00.000,092741,SWISS FRANC,82840,6050,9601,5489,50416,55971,1228,1400,508,12817,19974
2025-11-10T00:00:00.000,096742,BRITISH POUND,272612,55627,43073,20647,138997,162908,46929,3280,2064,24956,36355
2025-11-10T00:00:00.000,097741,JAPANESE YEN,312845,41045,98659,126884,49744,13828,108835,77162,1228,38822,39275
2025-11-10T00:00:00.000,098662,USD INDEX,42792,7930,28072,7510,3108,17606,0,3411,5732,3304,2849
2025-11-10T00:00:00.000,099741,EURO FX,831275,84211,89872,507864,150500,75317,467071,17343,15076,89372,51588
2025-11-10T00:00:00.000,112741,NZ DOLLAR,102883,31776,26767,7364,65115,54932,354,1880,1700,3775,5791
2025-11-10T00:00:00.000,232741,AUSTRALIAN DOLLAR,179467,31113,46644,38230,100745,67787,2440,5496,680,28101,20218
2025-11-18T00:00:00.000,090741,CANADIAN DOLLAR,278400,21358,93726,35283,129396,178732,9866,12532,2346,22965,35536
2025-11-18T00:00:00.000,092741,SWISS FRANC,76329,6819,8530,5527,46443,47276,2457,1000,508,14264,16948
2025-11-18T00:00:00.000,096742,BRITISH POUND,279341,57629,48904,22969,139262,169419,47121,1205,2096,22596,36435
2025-11-18T00:00:00.000,097741,JAPANESE YEN,329456,44380,107516,127127,57383,27917,103735,71879,2039,41153,41783
2025-11-18T00:00:00.000,098662,USD INDEX,44403,7427,30763,8220,2382,18095,0,3966,5540,3666,2689
2025-11-18T00:00:00.000,099741,EURO FX,827015,87561,75140,502366,145415,75473,489196,17039,13831,89746,48603
2025-11-18T00:00:00.000,112741,NZ DOLLAR,103502,26356,24239,6500,67598,61718,354,1615,1767,3742,5973
2025-11-18T00:00:00.000,232741,AUSTRALIAN DOLLAR,179341,33257,45684,39343,99453,64142,5524,5548,680,28484,19433
2025-11-25T00:00:00.000,090741,CANADIAN DOLLAR,280112,20320,92799,36048,130067,178903,9346,12434,2447,22975,36021
2025-11-25T00:00:00.000,092741,SWISS FRANC,77509,6919,7522,4474,49144,50282,1747,1000,508,13629,17383
2025-11-25T00:00:00.000,096742,BRITISH POUND,315550,51338,52667,21394,142831,182507,49061,668,2569,26262,35041
2025-11-25T00:00:00.000,097741,JAPANESE YEN,344420,48541,102135,130968,60859,17364,103853,69835,828,42707,41740
2025-11-25T00:00:00.000,098662,USD INDEX,47161,8860,33645,10347,1701,18234,0,3489,6048,3239,2775
2025-11-25T00:00:00.000,099741,EURO FX,830589,90941,76217,500319,150557,73064,484010,17696,14141,90477,47572
2025-11-25T00:00:00.000,112741,NZ DOLLAR,107180,25496,25058,6424,69967,65777,363,1521,1796,3857,5891
2025-11-25T00:00:00.000,232741,AUSTRALIAN DOLLAR,192678,32135,49693,36900,105954,77673,4923,5838,600,28540,19916
2025-12-02T00:00:00.000,090741,CANADIAN DOLLAR,274997,14900,90624,32930,128042,179574,8419,11367,2583,25057,34160
2025-12-02T00:00:00.000,092741,SWISS FRANC,77275,5302,8541,5017,49343,49892,1796,1000,468,14257,15320
2025-12-02T00:00:00.000,096742,BRITISH POUND,299768,52318,47453,27982,142535,166826,48339,1168,932,26040,35075
2025-12-02T00:00:00.000,097741,JAPANESE YEN,394859,51732,113207,131689,59713,19516,111032,80289,979,42706,41001
2025-12-02T00:00:00.000,098662,USD INDEX,43781,6466,29734,8702,2149,18313,52,3512,5872,3444,2630
2025-12-02T00:00:00.000,099741,EURO FX,851184,90775,71503,508867,147114,70809,505736,20238,13635,92343,45044
2025-12-02T00:00:00.000,112741,NZ DOLLAR,104251,21104,23040,6494,68478,66759,593,1696,1131,3568,6379
2025-12-02T00:00:00.000,232741,AUSTRALIAN DOLLAR,202574,31459,49128,39761,107839,71440,6506,8301,600,30927,17815
2025-12-09T00:00:00.000,090741,CANADIAN DOLLAR,251868,12559,86949,32712,108747,154470,6367,11503,1058,26094,34217
2025-12-09T00:00:00.000,092741,SWISS FRANC,92395,7223,9441,5050,53404,55691,2173,1000,0,15229,19175
2025-12-09T00:00:00.000,096742,BRITISH POUND,332405,54229,47761,33810,139428,155669,47816,491,427,26177,34944
2025-12-09T00:00:00.000,097741,JAPANESE YEN,465416,43313,132007,135901,59370,34533,103549,81285,717,42738,42127
2025-12-09T00:00:00.000,098662,USD INDEX,42972,6908,28168,6781,2250,18483,62,3409,5347,3245,2999
2025-12-09T00:00:00.000,099741,EURO FX,942794,102769,61164,517871,144195,74207,548612,21302,12987,98659,47850
2025-12-09T00:00:00.000,112741,NZ DOLLAR,114432,14176,22030,6276,65415,68123,418,1887,869,3603,5333
2025-12-09T00:00:00.000,232741,AUSTRALIAN DOLLAR,296662,57563,39000,47296,109282,50575,30631,6218,600,34721,16860
2025-12-16T00:00:00.000,090741,CANADIAN DOLLAR,244427,11073,88091,45655,72507,110471,12032,12100,1071,25464,31062
2025-12-16T00:00:00.000,092741,SWISS FRANC,103436,6985,11334,5748,51162,55709,5415,1400,468,32524,33987
2025-12-16T00:00:00.000,096742,BRITISH POUND,282031,51009,36461,39043,121684,74074,3699,556,927,109784,111695
2025-12-16T00:00:00.000,097741,JAPANESE YEN,379679,40103,122743,108980,50235,7840,64591,74489,1529,129441,121755
2025-12-16T00:00:00.000,098662,USD INDEX,26994,11803,14010,4467,2156,3621,765,2903,5269,2137,2731
2025-12-16T00:00:00.000,099741,EURO FX,986986,116937,65636,517767,142973,36836,520690,20899,14294,240921,189767
2025-12-16T00:00:00.000,112741,NZ DOLLAR,103974,10608,22614,5947,49611,56003,536,1976,558,25664,26879
2025-12-16T00:00:00.000,232741,AUSTRALIAN DOLLAR,293796,64914,25437,52719,93582,41956,67724,7430,600,117547,97223
2025-12-23T00:00:00.000,090741,CANADIAN DOLLAR,197138,13824,71543,60736,67099,76428,22944,12621,626,27500,28897
2025-12-23T00:00:00.000,092741,SWISS FRANC,88305,7403,11283,5099,54947,58161,5012,1000,1054,15494,14861
2025-12-23T00:00:00.000,096742,BRITISH POUND,198132,52895,34060,41266,121060,68609,5322,556,427,28000,30457
2025-12-23T00:00:00.000,097741,JAPANESE YEN,285084,33828,111984,102008,53660,8792,62550,80583,1698,40969,36288
2025-12-23T00:00:00.000,098662,USD INDEX,28181,13485,14811,3320,2152,3663,767,3221,5203,2215,2971
2025-12-23T00:00:00.000,099741,EURO FX,866951,120823,64716,536849,146452,40444,544642,22591,14484,92243,42656
2025-12-23T00:00:00.000,112741,NZ DOLLAR,82159,11570,21914,7073,48301,54162,2663,1828,864,3439,4330
2025-12-23T00:00:00.000,232741,AUSTRALIAN DOLLAR,217163,66955,25473,55606,95945,41941,67798,7488,600,36905,19079
2025-12-30T00:00:00.000,090741,CANADIAN DOLLAR,211171,14314,72992,71770,60787,74959,44514,13453,626,30182,25759
2025-12-30T00:00:00.000,092741,SWISS FRANC,89124,7179,12012,5232,54417,57783,6126,1000,468,16776,14947
2025-12-30T00:00:00.000,096742,BRITISH POUND,196003,56342,30651,43246,120227,60835,9396,1554,427,26408,27684
2025-12-30T00:00:00.000,097741,JAPANESE YEN,286132,33087,107234,102560,49109,6813,71916,82582,1791,41346,36338
2025-12-30T00:00:00.000,098662,USD INDEX,28984,14671,14673,2902,3114,3485,763,3469,5349,2278,2906
2025-12-30T00:00:00.000,099741,EURO FX,869169,121459,68797,537338,145894,40071,547387,24055,15006,92672,38511
2025-12-30T00:00:00.000,112741,NZ DOLLAR,79352,9309,23789,6863,44844,53459,2441,2376,388,3647,4192
2025-12-30T00:00:00.000,232741,AUSTRALIAN DOLLAR,223804,66902,33231,61893,94645,40385,71381,8623,600,37932,15878
2026-01-06T00:00:00.000,090741,CANADIAN DOLLAR,218740,16030,73126,71059,61732,76500,43434,11937,1757,31413,26890
2026-01-06T00:00:00.000,092741,SWISS FRANC,90378,8549,9789,5324,55215,58688,6958,1000,468,15558,16689
2026-01-06T00:00:00.000,096742,BRITISH POUND,206314,60134,31187,46406,124848,58260,11097,1459,427,29639,28339
2026-01-06T00:00:00.000,097741,JAPANESE YEN,287715,47898,111128,92396,45948,8340,61414,68301,1798,42873,39520
2026-01-06T00:00:00.000,098662,USD INDEX,30078,15398,14632,2799,4117,3450,767,3548,5112,2248,2815
2026-01-06T00:00:00.000,099741,EURO FX,881815,119570,68970,543666,144979,45159,556172,23580,14861,93907,40900
2026-01-06T00:00:00.000,112741,NZ DOLLAR,84556,13802,24407,8341,48990,52956,2648,2255,452,3609,4466
2026-01-06T00:00:00.000,232741,AUSTRALIAN DOLLAR,230926,68439,33324,62617,93933,41249,75619,8968,600,38862,16659
2026-01-13T00:00:00.000,090741,CANADIAN DOLLAR,219263,22400,78099,71451,63407,71205,32900,12915,0,28109,31674
2026-01-13T00:00:00.000,092741,SWISS FRANC,96220,10064,10635,6766,59792,63154,6318,1000,468,13977,17748
2026-01-13T00:00:00.000,096742,BRITISH POUND,207867,66540,28450,43857,123791,56853,15052,1195,918,28832,29066
2026-01-13T00:00:00.000,097741,JAPANESE YEN,294242,43869,142519,75804,47581,31644,17254,58769,2077,44360,45015
2026-01-13T00:00:00.000,098662,USD INDEX,29868,11659,14968,5433,3874,3455,793,4130,5033,2952,2961
2026-01-13T00:00:00.000,099741,EURO FX,883672,103621,78229,555117,151001,52405,536979,22362,14407,91580,44469
2026-01-13T00:00:00.000,112741,NZ DOLLAR,85211,12239,22372,8135,53891,56544,1728,1823,239,4002,4513
2026-01-13T00:00:00.000,232741,AUSTRALIAN DOLLAR,229456,68678,38461,59649,93135,43038,70101,8956,1080,39790,17334
2026-01-20T00:00:00.000,090741,CANADIAN DOLLAR,213597,15588,72945,73819,68794,70494,28528,14571,0,27744,31949
2026-01-20T00:00:00.000,092741,SWISS FRANC,98085,9120,9155,6328,62015,65533,5578,1000,468,13860,18625
2026-01-20T00:00:00.000,096742,BRITISH POUND,207612,66435,25657,41016,127509,56377,15421,1041,1180,33243,28345
2026-01-20T00:00:00.000,097741,JAPANESE YEN,292607,52959,137696,65185,47455,38466,21339,48272,2081,43047,39358
2026-01-20T00:00:00.000,098662,USD INDEX,29579,10984,15106,5653,3764,3942,791,4136,5167,2762,2649
2026-01-20T00:00:00.000,099741,EURO FX,880948,100073,89837,543954,152750,61094,512366,21841,15910,92941,49040
2026-01-20T00:00:00.000,112741,NZ DOLLAR,92661,19594,24713,7471,59570,57769,927,1816,239,3742,4943
2026-01-20T00:00:00.000,232741,AUSTRALIAN DOLLAR,230657,73064,45506,58336,89935,41610,72314,10137,1190,42698,16900
2026-01-27T00:00:00.000,090741,CANADIAN DOLLAR,227204,25930,78146,83732,57783,66088,56253,14773,653,28551,26239
2026-01-27T00:00:00.000,092741,SWISS FRANC,96111,8819,9544,4833,57902,60669,7726,1000,636,18510,18023
2026-01-27T00:00:00.000,096742,BRITISH POUND,224459,72408,35265,48904,124491,54693,27407,1487,1027,36620,25922
2026-01-27T00:00:00.000,097741,JAPANESE YEN,300726,52084,123850,69676,41179,44498,52506,46089,2036,42786,35562
2026-01-27T00:00:00.000,098662,USD INDEX,31746,16061,15686,2556,3812,3975,798,4099,5713,2838,3520
2026-01-27T00:00:00.000,099741,EURO FX,919284,115423,89062,550558,147028,57593,548117,28176,17013,94116,44646
2026-01-27T00:00:00.000,112741,NZ DOLLAR,85552,15757,27415,8745,49675,54020,1737,1868,440,3655,4778
2026-01-27T00:00:00.000,232741,AUSTRALIAN DOLLAR,252055,92979,48253,65803,85152,36367,92590,11503,1820,40630,19467
2026-02-03T00:00:00.000,090741,CANADIAN DOLLAR,216252,18431,71286,95868,47280,47653,63932,14760,0,31230,25444
2026-02-03T00:00:00.000,092741,SWISS FRANC,93555,7633,7272,5365,56637,56308,7945,1750,907,17858,16153
2026-02-03T00:00:00.000,096742,BRITISH POUND,227888,73446,38035,54634,121322,52696,29351,1512,427,34151,27304
2026-02-03T00:00:00.000,097741,JAPANESE YEN,303673,58399,112851,73288,40658,40636,71572,49568,1615,39140,34335
2026-02-03T00:00:00.000,098662,USD INDEX,28190,14169,13412,2751,6494,3504,810,3111,2142,2188,2865
2026-02-03T00:00:00.000,099741,EURO FX,910464,123767,81712,539447,135008,56077,570104,27710,15357,93181,38001
2026-02-03T00:00:00.000,112741,NZ DOLLAR,71304,11848,22445,10625,40507,40798,2613,2615,239,3988,4070
2026-02-03T00:00:00.000,232741,AUSTRALIAN DOLLAR,254240,98448,39039,62654,81456,33794,108417,13524,1450,41430,19488
2026-02-10T00:00:00.000,090741,CANADIAN DOLLAR,215037,18949,69957,101212,44317,38434,67649,16416,0,31557,24645
2026-02-10T00:00:00.000,092741,SWISS FRANC,95799,7398,8198,4803,57373,56002,7995,2150,1357,20156,15586
2026-02-10T00:00:00.000,096742,BRITISH POUND,227574,73525,30046,50137,128738,53365,29402,892,427,36300,25606
2026-02-10T00:00:00.000,097741,JAPANESE YEN,334948,69883,123750,73114,47598,38386,74423,60694,2733,41473,35046
2026-02-10T00:00:00.000,098662,USD INDEX,27789,14696,12047,2729,6691,3659,913,2449,2494,1902,3290
2026-02-10T00:00:00.000,099741,EURO FX,926273,132693,82489,546599,136061,55900,586035,28583,14664,94375,38901
2026-02-10T00:00:00.000,112741,NZ DOLLAR,71848,10313,21098,13115,42337,39731,2519,2267,708,4759,3523
2026-02-10T00:00:00.000,232741,AUSTRALIAN DOLLAR,247194,97357,32453,59842,73757,27635,112708,9817,1660,43386,17459
2026-02-17T00:00:00.000,090741,CANADIAN DOLLAR,218415,22004,64038,107608,39044,31674,79347,16595,0,30479,25931
2026-02-17T00:00:00.000,092741,SWISS FRANC,95743,7841,5386,4803,58674,56518,8658,2250,979,19844,17559
2026-02-17T00:00:00.000,096742,BRITISH POUND,238845,74888,32522,44919,138462,63206,17673,1321,427,32847,28097
2026-02-17T00:00:00.000,097741,JAPANESE YEN,354328,82783,112104,76665,36119,29223,110160,71506,5007,39166,35953
2026-02-17T00:00:00.000,098662,USD INDEX,26596,12894,11002,2764,6893,3459,893,2831,2138,1996,3018
2026-02-17T00:00:00.000,099741,EURO FX,916813,126502,82953,549252,135539,54606,579530,28570,14105,96673,43476
2026-02-17T00:00:00.000,112741,NZ DOLLAR,73004,9443,21908,14819,40971,39909,4284,2297,609,4750,3446
2026-02-17T00:00:00.000,232741,AUSTRALIAN DOLLAR,256213,103196,32936,65100,63339,17675,125763,9719,1710,45601,17543
2026-02-24T00:00:00.000,090741,CANADIAN DOLLAR,222562,24880,58981,104700,41574,34705,82041,15629,0,30230,27548
2026-02-24T00:00:00.000,092741,SWISS FRANC,96835,10272,6409,4910,60061,57804,8185,1750,1260,18411,17232
2026-02-24T00:00:00.000,096742,BRITISH POUND,245891,69164,29013,34767,144925,78154,9188,572,427,29236,28340
2026-02-24T00:00:00.000,097741,JAPANESE YEN,369721,87174,113491,75219,44247,36865,107263,67516,4963,38952,35762
2026-02-24T00:00:00.000,098662,USD INDEX,26218,12120,11270,2815,6364,3419,896,2785,1816,2119,2912
2026-02-24T00:00:00.000,099741,EURO FX,911287,120964,84167,533702,138401,55362,555121,26528,12914,93336,39289
2026-02-24T00:00:00.000,112741,NZ DOLLAR,71503,9811,20073,13632,40554,37025,4328,3093,516,5009,3099
2026-02-24T00:00:00.000,232741,AUSTRALIAN DOLLAR,248697,92751,28098,72490,61913,17713,124938,8854,1528,42604,17935
2026-03-03T00:00:00.000,090741,CANADIAN DOLLAR,232433,24944,66315,104490,42908,39154,75066,13781,1086,30071,27065
2026-03-03T00:00:00.000,092741,SWISS FRANC,105413,11434,6978,5352,59879,60812,8312,1000,1432,15357,17354
2026-03-03T00:00:00.000,096742,BRITISH POUND,269696,68080,33574,28611,154158,105382,9867,572,427,26010,30629
2026-03-03T00:00:00.000,097741,JAPANESE YEN,416977,88766,122991,70024,52120,56389,90527,54115,5224,39530,37962
2026-03-03T00:00:00.000,098662,USD INDEX,29871,10139,14686,6837,5848,3402,897,3248,1961,3513,3747
2026-03-03T00:00:00.000,099741,EURO FX,913289,128443,98811,519444,149172,56431,511111,20135,13454,91926,43831
2026-03-03T00:00:00.000,112741,NZ DOLLAR,79462,11169,21464,12318,43121,41277,2803,2245,266,4396,3751
2026-03-03T00:00:00.000,232741,AUSTRALIAN DOLLAR,267280,82669,28034,89208,60330,18858,132127,9187,918,40551,19064
2026-03-10T00:00:00.000,090741,CANADIAN DOLLAR,288392,28252,65411,105105,35593,34267,86568,13704,1957,35495,27294
2026-03-10T00:00:00.000,092741,SWISS FRANC,110897,10750,6470,5888,60251,60041,6601,1000,468,14352,18241
2026-03-10T00:00:00.000,096742,BRITISH POUND,392591,48818,28716,33647,154150,110682,7567,0,0,27279,29993
2026-03-10T00:00:00.000,097741,JAPANESE YEN,427718,77546,126765,65494,62663,88905,81349,48332,4917,38735,43318
2026-03-10T00:00:00.000,098662,USD INDEX,32012,8867,20550,9322,2166,2823,778,3575,1726,2734,2101
2026-03-10T00:00:00.000,099741,EURO FX,969374,105592,100361,509748,143449,62742,481320,20249,13476,94223,53948
2026-03-10T00:00:00.000,112741,NZ DOLLAR,84215,11699,15865,10660,48031,42017,1523,1425,486,4019,3915
2026-03-10T00:00:00.000,232741,AUSTRALIAN DOLLAR,315898,69980,23412,86048,62719,27336,133072,8931,1080,46052,18064
2026-03-17T00:00:00.000,090741,CANADIAN DOLLAR,247753,26293,64145,75094,45026,44757,54576,13761,1478,29911,24591
2026-03-17T00:00:00.000,092741,SWISS FRANC,74101,7358,6845,5615,40262,45770,7339,1000,908,12475,16864
2026-03-17T00:00:00.000,096742,BRITISH POUND,243434,46706,34938,30064,126022,130725,41223,0,497,24456,29271
2026-03-17T00:00:00.000,097741,JAPANESE YEN,326688,69103,134532,67607,68046,61703,31604,42060,4069,39497,41719
2026-03-17T00:00:00.000,098662,USD INDEX,35456,11169,16784,12741,1984,3007,10548,3201,2066,3132,1868
2026-03-17T00:00:00.000,099741,EURO FX,755789,106918,113870,452180,157642,29602,360018,19976,14447,85722,48421
2026-03-17T00:00:00.000,112741,NZ DOLLAR,64084,5644,21561,8731,30832,42325,6281,3295,518,3090,3893
2026-03-17T00:00:00.000,232741,AUSTRALIAN DOLLAR,265675,69124,23765,103009,61080,34233,154928,9351,655,40933,16222
2026-03-24T00:00:00.000,090741,CANADIAN DOLLAR,182798,26751,58451,67647,41518,30119,37684,12923,2760,31593,28620
2026-03-24T00:00:00.000,092741,SWISS FRANC,76518,7950,7715,5541,42537,47188,6284,1000,876,12634,16901
2026-03-24T00:00:00.000,096742,BRITISH POUND,238862,47450,31734,28499,122962,128153,46144,0,497,25772,28537
2026-03-24T00:00:00.000,097741,JAPANESE YEN,328210,67921,122773,58266,64516,60117,42836,42179,3263,41460,36555
2026-03-24T00:00:00.000,098662,USD INDEX,36113,10923,17844,13818,1415,3236,10543,2780,1953,2903,1905
2026-03-24T00:00:00.000,099741,EURO FX,764691,97985,111523,446373,158433,39995,357133,20637,15380,84972,47493
2026-03-24T00:00:00.000,112741,NZ DOLLAR,65011,7461,24191,6572,31584,43769,4053,3152,438,3403,4091
2026-03-24T00:00:00.000,232741,AUSTRALIAN DOLLAR,257694,68577,19432,103155,59229,32930,152299,3433,630,39940,16445
2026-03-31T00:00:00.000,090741,CANADIAN DOLLAR,217085,28325,71235,64749,60401,64103,36157,14695,2777,31625,32927
2026-03-31T00:00:00.000,092741,SWISS FRANC,79740,10695,9205,5758,45566,48430,4780,1000,468,11957,17821
2026-03-31T00:00:00.000,096742,BRITISH POUND,243461,58402,28470,23458,124990,132294,51454,0,497,21248,29991
2026-03-31T00:00:00.000,097741,JAPANESE YEN,345276,77232,123414,63211,66856,65995,52624,36190,1899,40898,38733
2026-03-31T00:00:00.000,098662,USD INDEX,38735,11243,20075,15073,1319,3142,10538,3216,1991,3389,2140
2026-03-31T00:00:00.000,099741,EURO FX,774237,106291,102344,431246,166829,48543,357954,20541,15978,83289,46805
2026-03-31T00:00:00.000,112741,NZ DOLLAR,70805,5752,23550,6601,34236,50305,6700,3495,809,3735,4593
2026-03-31T00:00:00.000,232741,AUSTRALIAN DOLLAR,263962,76188,23619,103136,58503,30591,158593,4146,881,42040,14505
2026-04-07T00:00:00.000,090741,CANADIAN DOLLAR,240735,31961,76105,65759,81656,82871,32290,14361,2511,31055,33445
2026-04-07T00:00:00.000,092741,SWISS FRANC,86646,9990,10087,5792,47882,55237,5623,1000,435,11477,19469
2026-04-07T00:00:00.000,096742,BRITISH POUND,244191,55779,29246,25841,125301,133276,53508,0,497,22515,28859
2026-04-07T00:00:00.000,097741,JAPANESE YEN,349373,76763,127873,60061,76006,67943,36075,35880,4039,42118,38772
2026-04-07T00:00:00.000,098662,USD INDEX,36573,9727,18368,15175,1529,3069,10539,2806,1505,3501,2337
2026-04-07T00:00:00.000,099741,EURO FX,775043,104662,103780,433195,175145,52663,356091,20709,16904,85038,44347
2026-04-07T00:00:00.000,112741,NZ DOLLAR,76952,9015,24840,8001,42455,51879,2781,2811,634,4103,5099
2026-04-07T00:00:00.000,232741,AUSTRALIAN DOLLAR,264658,70748,24847,100984,60237,36181,153851,4988,500,42080,15546
2026-04-14T00:00:00.000,090741,CANADIAN DOLLAR,259258,22623,84027,68076,94586,108148,32711,13949,1367,30771,30876
2026-04-14T00:00:00.000,092741,SWISS FRANC,93376,8828,12249,6293,47858,61171,10574,1000,0,11511,18122
2026-04-14T00:00:00.000,096742,BRITISH POUND,250053,54047,31716,36200,124115,125770,56230,568,0,24880,29404
2026-04-14T00:00:00.000,097741,JAPANESE YEN,354344,77737,132182,62664,72697,66562,43133,40006,1117,42124,39964
2026-04-14T00:00:00.000,098662,USD INDEX,32911,10581,13676,10151,1613,3301,10473,2748,1254,2580,2345
2026-04-14T00:00:00.000,099741,EURO FX,788828,117694,92312,434892,164450,47901,385359,22669,17549,84847,48333
2026-04-14T00:00:00.000,112741,NZ DOLLAR,80727,6512,23603,7528,46047,59616,5118,3075,527,3286,4722
2026-04-14T00:00:00.000,232741,AUSTRALIAN DOLLAR,263918,67142,23500,98320,61837,41049,151875,5460,500,41421,15680
2026-04-21T00:00:00.000,090741,CANADIAN DOLLAR,255128,17875,82090,80679,82466,100907,45590,12380,1308,28975,29362
2026-04-21T00:00:00.000,092741,SWISS FRANC,91532,8282,12048,6187,43654,60125,10088,1000,822,11159,20141
2026-04-21T00:00:00.000,096742,BRITISH POUND,263523,60536,31399,41553,124739,126045,68234,1038,0,24374,29174
2026-04-21T00:00:00.000,097741,JAPANESE YEN,351782,80220,148717,61044,75442,71654,27261,40599,1090,39688,40695
2026-04-21T00:00:00.000,098662,USD INDEX,30651,9556,11965,9390,2365,3584,10635,2940,1336,2750,1919
2026-04-21T00:00:00.000,099741,EURO FX,790622,113259,92942,438536,152145,46504,401195,22943,17299,86804,44465
2026-04-21T00:00:00.000,112741,NZ DOLLAR,82508,5291,23353,7272,49784,62235,3510,2830,452,3915,4444
2026-04-21T00:00:00.000,232741,AUSTRALIAN DOLLAR,275415,73641,25316,95979,59471,45664,164358,5980,500,45525,17144
2026-04-28T00:00:00.000,090741,CANADIAN DOLLAR,252679,25239,79067,88349,72317,83444,60192,13211,0,29088,27755
2026-04-28T00:00:00.000,092741,SWISS FRANC,94111,7107,12281,6003,43537,62055,12371,1000,468,12960,20468
2026-04-28T00:00:00.000,096742,BRITISH POUND,263635,58489,29607,39695,133448,131315,63446,483,0,25368,28849
2026-04-28T00:00:00.000,097741,JAPANESE YEN,372780,81800,157602,66512,93062,84091,25315,41978,1191,43285,40496
2026-04-28T00:00:00.000,098662,USD INDEX,30611,8782,11943,9800,1872,3461,10473,3006,1657,2687,1791
2026-04-28T00:00:00.000,099741,EURO FX,801430,111857,100263,439565,148667,48682,396571,22813,16841,86558,47133
2026-04-28T00:00:00.000,112741,NZ DOLLAR,83529,7160,23993,7660,49488,61264,3960,3037,452,3716,4944
2026-04-28T00:00:00.000,232741,AUSTRALIAN DOLLAR,277370,73808,25953,102988,57891,41534,166752,7339,589,43136,17620
2026-05-05T00:00:00.000,090741,CANADIAN DOLLAR,243793,25741,73499,92273,62483,69498,66476,13535,454,30958,29093
2026-05-05T00:00:00.000,092741,SWISS FRANC,94468,6389,13023,5670,43283,65311,12450,1000,1274,11018,19358
2026-05-05T00:00:00.000,096742,BRITISH POUND,276143,63113,37064,38205,140835,131954,53597,0,0,25560,27336
2026-05-05T00:00:00.000,097741,JAPANESE YEN,354005,86085,138982,69171,79767,68788,46946,42106,2543,37725,35637
2026-05-05T00:00:00.000,098662,USD INDEX,32496,7407,13212,12659,2084,3503,10473,3269,1945,2634,1758
2026-05-05T00:00:00.000,099741,EURO FX,815942,110859,99013,443607,157994,50574,393749,22983,18444,88156,46979
2026-05-05T00:00:00.000,112741,NZ DOLLAR,85340,5654,24948,7984,51033,64678,3663,2856,452,3486,4562
2026-05-05T00:00:00.000,232741,AUSTRALIAN DOLLAR,279532,82075,25475,104457,59583,37538,171134,5850,599,42086,15215
2026-05-12T00:00:00.000,090741,CANADIAN DOLLAR,251467,29032,66695,90749,66981,69818,72243,13795,0,32284,29759
2026-05-12T00:00:00.000,092741,SWISS FRANC,94743,5389,13097,5638,43409,66537,12680,1000,1295,11105,19188
2026-05-12T00:00:00.000,096742,BRITISH POUND,283643,70179,32877,45622,138772,121666,64792,566,0,27018,28610
2026-05-12T00:00:00.000,097741,JAPANESE YEN,362042,75029,137469,66868,86860,85065,42886,43481,4187,38499,37540
2026-05-12T00:00:00.000,098662,USD INDEX,32108,9720,14471,10772,2419,3552,10473,3485,1634,2607,1139
2026-05-12T00:00:00.000,099741,EURO FX,829377,115836,97833,447503,157223,50756,403974,23723,17642,87878,49024
2026-05-12T00:00:00.000,112741,NZ DOLLAR,86227,7792,27227,8556,46856,62602,5662,3418,256,3150,5517
2026-05-12T00:00:00.000,232741,AUSTRALIAN DOLLAR,289244,87122,31271,106979,59428,38739,174431,5977,500,42465,15652
2026-05-19T00:00:00.000,090741,CANADIAN DOLLAR,292877,28159,66813,89393,78860,97005,79565,15174,0,28192,32685
2026-05-19T00:00:00.000,092741,SWISS FRANC,104225,6894,11739,5836,47698,69321,13308,1000,468,11198,21036
2026-05-19T00:00:00.000,096742,BRITISH POUND,285647,68279,36910,33906,146219,131699,46364,0,0,25040,29431
2026-05-19T00:00:00.000,097741,JAPANESE YEN,396573,81097,146042,66551,108437,101621,42935,49989,4983,39648,36509
2026-05-19T00:00:00.000,098662,USD INDEX,40626,11286,23002,16484,1889,3601,10473,3647,1684,3791,1761
2026-05-19T00:00:00.000,099741,EURO FX,826019,121171,104854,439556,168789,48932,377144,24577,16471,86082,53060
2026-05-19T00:00:00.000,112741,NZ DOLLAR,92545,9929,25265,8341,45784,65820,13008,3061,210,2879,5763
2026-05-19T00:00:00.000,232741,AUSTRALIAN DOLLAR,301269,92064,30886,98671,58076,41467,170711,4543,1000,41158,17230
2026-05-26T00:00:00.000,090741,CANADIAN DOLLAR,297944,33148,71243,69081,96281,109183,56159,15234,0,31797,34760
2026-05-26T00:00:00.000,092741,SWISS FRANC,105594,6164,10987,5971,44893,68558,13761,1000,2021,11286,21317
2026-05-26T00:00:00.000,096742,BRITISH POUND,282065,62625,33796,26687,136012,129679,47033,0,0,28467,30617
2026-05-26T00:00:00.000,097741,JAPANESE YEN,427294,87395,157903,69072,127819,107851,34422,53032,4181,46540,39565
2026-05-26T00:00:00.000,098662,USD INDEX,42278,11356,23886,18222,2053,3791,10773,3483,1703,3364,1801
2026-05-26T00:00:00.000,099741,EURO FX,824224,110985,103689,439116,169226,46277,368386,24395,15570,88813,52715
2026-05-26T00:00:00.000,112741,NZ DOLLAR,91414,10160,23830,7582,41653,60276,12910,3396,210,3570,6381
2026-05-26T00:00:00.000,232741,AUSTRALIAN DOLLAR,302802,89665,29431,80727,61652,40470,143426,4356,986,39822,19545
2026-06-02T00:00:00.000,090741,CANADIAN DOLLAR,305869,34541,79142,55685,107651,130802,40950,13055,845,29809,35304
2026-06-02T00:00:00.000,092741,SWISS FRANC,111432,5604,15553,6528,39045,67421,12787,1000,1248,10595,22515
2026-06-02T00:00:00.000,096742,BRITISH POUND,271147,58403,31050,23506,125072,128483,46003,608,0,25126,34001
2026-06-02T00:00:00.000,097741,JAPANESE YEN,505555,88645,176708,69418,135430,133277,32649,54723,3075,45882,44083
2026-06-02T00:00:00.000,098662,USD INDEX,43090,13727,24839,16430,1427,3794,10773,3358,1914,3594,1950
2026-06-02T00:00:00.000,099741,EURO FX,842424,109583,97556,454078,168157,45480,374951,25388,14395,86539,66009
2026-06-02T00:00:00.000,112741,NZ DOLLAR,136648,6068,33793,7228,33405,68522,15869,3808,199,3321,5681
2026-06-02T00:00:00.000,232741,AUSTRALIAN DOLLAR,305391,86862,28062,60991,60135,41912,124164,4154,519,40325,21364
2026-06-09T00:00:00.000,090741,CANADIAN DOLLAR,383773,29832,88455,54900,128539,167783,36802,12628,2534,31377,40190
2026-06-09T00:00:00.000,092741,SWISS FRANC,115412,6830,17615,6450,43003,72498,12633,1000,451,11370,24446
2026-06-09T00:00:00.000,096742,BRITISH POUND,291371,58647,36335,15818,125474,147387,48386,0,0,24172,35829
2026-06-09T00:00:00.000,097741,JAPANESE YEN,505075,91168,191012,73711,151787,154259,30713,54430,3505,46489,43040
2026-06-09T00:00:00.000,098662,USD INDEX,50285,15886,29542,20419,3818,4005,10962,3554,1757,4059,1844
2026-06-09T00:00:00.000,099741,EURO FX,871507,91856,109244,462310,180754,67752,367097,25497,14473,90399,66246
2026-06-09T00:00:00.000,112741,NZ DOLLAR,149185,10258,32512,7585,39370,71848,17895,3821,601,2830,5964
2026-06-09T00:00:00.000,232741,AUSTRALIAN DOLLAR,314177,71653,29361,61743,73826,66025,115933,1690,500,38751,20242
2026-06-16T00:00:00.000,090741,CANADIAN DOLLAR,492468,31107,96160,53649,137268,183012,34365,13521,2991,26768,37273
2026-06-16T00:00:00.000,092741,SWISS FRANC,145747,7480,19846,7991,46356,72838,8447,1000,941,51410,65129
2026-06-16T00:00:00.000,096742,BRITISH POUND,323315,54078,37242,16352,129820,138529,33557,0,0,101846,110186
2026-06-16T00:00:00.000,097741,JAPANESE YEN,520825,93889,190661,72145,153796,138219,8369,51969,2148,132283,133531
2026-06-16T00:00:00.000,098662,USD INDEX,49411,16240,18110,20135,1784,4077,24969,4251,1770,3353,1423
2026-06-16T00:00:00.000,099741,EURO FX,894671,94228,103154,460022,189678,32449,331417,23796,13782,214087,186551
2026-06-16T00:00:00.000,112741,NZ DOLLAR,135171,6535,28722,7626,49447,75045,12099,3731,480,40332,42521
2026-06-16T00:00:00.000,232741,AUSTRALIAN DOLLAR,295545,68177,26639,57872,89323,38032,67834,3006,500,121938,104729
2026-06-23T00:00:00.000,090741,CANADIAN DOLLAR,342860,32530,115907,52526,136394,201839,35689,12515,2423,30351,39348
2026-06-23T00:00:00.000,092741,SWISS FRANC,108626,7454,21270,8112,47881,77272,8121,1000,1165,9792,25193
2026-06-23T00:00:00.000,096742,BRITISH POUND,297226,54224,46657,13165,162589,194695,34703,0,423,19092,36804
2026-06-23T00:00:00.000,097741,JAPANESE YEN,431030,90764,187856,72898,151262,132757,14367,55485,2142,47306,43583
2026-06-23T00:00:00.000,098662,USD INDEX,54908,17440,22792,21027,2317,4095,24692,5660,1739,5010,1692
2026-06-23T00:00:00.000,099741,EURO FX,785477,108150,123560,462293,207563,36965,312295,22501,13516,81337,54312
2026-06-23T00:00:00.000,112741,NZ DOLLAR,103297,8776,31598,7877,58356,79228,4633,2655,1271,3469,6147
2026-06-23T00:00:00.000,232741,AUSTRALIAN DOLLAR,214349,69043,29932,56236,93243,45523,64268,3266,500,34390,20515
2026-06-30T00:00:00.000,090741,CANADIAN DOLLAR,346500,36456,124557,50641,131885,200285,33043,12902,2278,28865,37386
2026-06-30T00:00:00.000,092741,SWISS FRANC,105912,8199,17865,7019,48348,74658,8702,1000,1165,9730,24526
2026-06-30T00:00:00.000,096742,BRITISH POUND,295062,52097,35824,12147,168454,193859,33934,460,1201,18708,37858
2026-06-30T00:00:00.000,097741,JAPANESE YEN,438825,87437,202837,71903,140596,142623,13205,50782,3112,47895,40890
2026-06-30T00:00:00.000,098662,USD INDEX,54306,15604,21184,22171,2110,4520,25890,5392,1741,4753,1515
2026-06-30T00:00:00.000,099741,EURO FX,790076,102267,134911,470602,215444,39903,293368,20919,13548,80468,56888
2026-06-30T00:00:00.000,112741,NZ DOLLAR,110331,8260,33545,7332,64542,88473,2344,2340,1813,2718,6879
2026-06-30T00:00:00.000,232741,AUSTRALIAN DOLLAR,215837,64136,32359,53713,92920,52629,64020,3255,500,34566,18500
2026-07-07T00:00:00.000,090741,CANADIAN DOLLAR,363847,38249,124206,40162,148505,221959,30220,14014,2583,31245,40115
2026-07-07T00:00:00.000,092741,SWISS FRANC,107672,10944,18162,6944,50252,74273,8817,1000,1165,9362,24127
2026-07-07T00:00:00.000,096742,BRITISH POUND,282969,57660,39681,13996,157253,169290,33983,1284,850,23832,34295
2026-07-07T00:00:00.000,097741,JAPANESE YEN,398103,84990,175073,74113,122766,108938,21659,54132,3630,43443,42488
2026-07-07T00:00:00.000,098662,USD INDEX,53384,14930,19384,22461,1037,4258,28046,5633,1784,4401,1432
2026-07-07T00:00:00.000,099741,EURO FX,794833,87460,132921,478070,224152,43012,289135,22853,11438,83533,57282
2026-07-07T00:00:00.000,112741,NZ DOLLAR,113535,7769,34970,8525,66093,90950,2886,2216,1917,2704,6298
2026-07-07T00:00:00.000,232741,AUSTRALIAN DOLLAR,204837,59300,29617,52455,89758,43854,52266,2677,500,34015,20160
2026-07-14T00:00:00.000,090741,CANADIAN DOLLAR,368792,33997,126768,40832,147319,229160,30200,14246,3509,30432,40871
2026-07-14T00:00:00.000,092741,SWISS FRANC,108412,9951,19451,6818,48407,73626,8817,1000,1165,10257,23812
2026-07-14T00:00:00.000,096742,BRITISH POUND,265153,62437,33896,14195,145599,146132,36902,1484,860,26711,33702
2026-07-14T00:00:00.000,097741,JAPANESE YEN,396514,80938,171399,74624,128441,112781,20607,55787,2928,44367,45122
2026-07-14T00:00:00.000,098662,USD INDEX,53293,13066,17932,24260,2221,4538,28155,5517,1734,4256,1595
2026-07-14T00:00:00.000,099741,EURO FX,799495,89976,143667,466709,219393,45006,277174,23465,10917,82849,56854
2026-07-14T00:00:00.000,112741,NZ DOLLAR,118190,6653,35655,8063,61825,95901,10544,2262,984,2583,6454
2026-07-14T00:00:00.000,232741,AUSTRALIAN DOLLAR,208457,55916,28694,54353,94922,49977,57484,3457,500,35137,17240
2026-07-21T00:00:00.000,090741,CANADIAN DOLLAR,365599,31615,129992,42492,140657,227422,30009,15061,3379,28617,41170
2026-07-21T00:00:00.000,092741,SWISS FRANC,107866,9588,18485,6652,44210,69972,8817,1000,1673,10383,24410
2026-07-21T00:00:00.000,096742,BRITISH POUND,262281,68394,35158,18950,138039,128196,42218,1470,857,29437,30175
2026-07-21T00:00:00.000,097741,JAPANESE YEN,423796,81033,177218,72045,151951,147939,14240,48189,3024,44065,46838
2026-07-21T00:00:00.000,098662,USD INDEX,53953,16361,18299,21531,1680,4260,28759,5713,1860,4258,1525
2026-07-21T00:00:00.000,099741,EURO FX,800061,91110,147781,458394,229467,51686,259905,23901,11301,80473,57110
2026-07-21T00:00:00.000,112741,NZ DOLLAR,108800,5103,36189,7360,50975,89242,13176,2273,984,2951,5605
2026-07-21T00:00:00.000,232741,AUSTRALIAN DOLLAR,225153,53631,28843,61574,96718,60663,74288,3440,1057,36775,15177
2026-07-28T00:00:00.000,090741,CANADIAN DOLLAR,372447,26391,128886,41277,142437,236930,31423,14544,3685,29707,42418
2026-07-28T00:00:00.000,092741,SWISS FRANC,111939,10272,19919,4725,44926,73539,8817,1000,1760,11406,25520
2026-07-28T00:00:00.000,096742,BRITISH POUND,267426,74612,33515,12433,153344,143700,36350,460,0,23686,31682
2026-07-28T00:00:00.000,097741,JAPANESE YEN,432366,76752,178742,70643,153700,155239,15902,42020,1697,47319,41932
2026-07-28T00:00:00.000,098662,USD INDEX,58251,17528,19129,22964,1352,5347,32488,6120,1900,4457,1547
2026-07-28T00:00:00.000,099741,EURO FX,819806,92672,157870,449191,239865,76674,252190,23041,12386,78549,57816
2026-07-28T00:00:00.000,112741,NZ DOLLAR,105128,3676,33703,7386,51543,87547,12067,2557,984,3050,5919
2026-07-28T00:00:00.000,232741,AUSTRALIAN DOLLAR,229784,57490,29872,66328,98037,61155,75324,2752,957,34278,17813
2026-08-04T00:00:00.000,090741,CANADIAN DOLLAR,365083,24786,126534,35201,136515,231493,30673,13888,3733,29943,37856
2026-08-04T00:00:00.000,092741,SWISS FRANC,109573,11408,21492,4571,44338,72581,8817,1000,1761,10584,23736
2026-08-04T00:00:00.000,096742,BRITISH POUND,246577,67175,29001,12228,138042,127348,35337,460,0,23651,28482
2026-08-04T00:00:00.000,097741,JAPANESE YEN,419393,75758,136583,72815,115237,112779,81356,78282,1363,34510,39605
2026-08-04T00:00:00.000,098662,USD INDEX,52154,16271,12422,20071,1976,5756,32826,4585,1586,3661,1534
2026-08-04T00:00:00.000,099741,EURO FX,799909,95389,147594,445903,226641,51250,255728,22715,11923,80953,54324
2026-08-04T00:00:00.000,112741,NZ DOLLAR,101908,3647,33937,7090,41067,84946,19456,2508,247,2662,6146
2026-08-04T00:00:00.000,232741,AUSTRALIAN DOLLAR,240482,64639,24002,68767,102986,61335,91656,3537,500,36579,15713
2026-08-11T00:00:00.000,090741,CANADIAN DOLLAR,364104,26511,118516,31274,135819,228200,35069,13473,3730,31366,37690
2026-08-11T00:00:00.000,092741,SWISS FRANC,109874,10165,21597,4509,42831,70998,8616,1000,1677,11565,23516
2026-08-11T00:00:00.000,096742,BRITISH POUND,256447,67627,26957,22690,142553,123799,42400,460,0,25998,28664
2026-08-11T00:00:00.000,097741,JAPANESE YEN,391874,74973,128043,72247,98498,102902,79645,64299,1551,34032,40716
2026-08-11T00:00:00.000,098662,USD INDEX,49541,15398,9626,18450,1923,5724,33016,4403,1429,3803,1784
2026-08-11T00:00:00.000,099741,EURO FX,801884,86753,147353,450831,225442,53721,259757,23277,12837,82886,52079
2026-08-11T00:00:00.000,112741,NZ DOLLAR,96840,2520,35981,7160,36407,81012,18239,2227,247,3455,5500
2026-08-11T00:00:00.000,232741,AUSTRALIAN DOLLAR,267222,72166,23625,74059,116738,72292,105478,3462,500,39205,14843
2026-08-18T00:00:00.000,090741,CANADIAN DOLLAR,359585,26172,115069,42624,132119,219783,47118,13986,5046,31601,34814
2026-08-18T00:00:00.000,092741,SWISS FRANC,113749,11775,20846,7001,44071,66963,8616,1150,1660,12507,24203
2026-08-18T00:00:00.000,096742,BRITISH POUND,286371,70821,27944,33516,150756,133730,65165,1578,0,32200,27980
2026-08-18T00:00:00.000,097741,JAPANESE YEN,380811,67776,135747,71829,97572,102005,58035,59529,1604,32579,40760
2026-08-18T00:00:00.000,098662,USD INDEX,47928,15198,7086,16792,1794,5893,33150,4091,1541,3876,2279
2026-08-18T00:00:00.000,099741,EURO FX,804940,90140,147856,451575,214149,53199,277471,24290,14761,86443,51410
2026-08-18T00:00:00.000,112741,NZ DOLLAR,89153,4249,31055,7169,32628,71209,18847,2002,397,3362,5064
2026-08-18T00:00:00.000,232741,AUSTRALIAN DOLLAR,288526,75644,23536,78264,126330,84525,114692,4132,700,38603,15910
2026-08-25T00:00:00.000,090741,CANADIAN DOLLAR,329544,27384,99476,55489,114432,183841,58911,13049,5235,32683,34392
2026-08-25T00:00:00.000,092741,SWISS FRANC,108923,12353,21178,12676,41331,57751,9050,1150,1804,10682,21249
2026-08-25T00:00:00.000,096742,BRITISH POUND,318468,81286,33377,45799,150290,135405,87000,3016,700,32834,26973
2026-08-25T00:00:00.000,097741,JAPANESE YEN,384216,66528,143570,71421,91537,99992,57054,60415,1656,34544,39083
2026-08-25T00:00:00.000,098662,USD INDEX,47953,16343,7154,15863,1845,6047,33200,4393,1603,3345,2189
2026-08-25T00:00:00.000,099741,EURO FX,818524,90921,129280,461805,200379,52864,321445,23899,14297,86807,50895
2026-08-25T00:00:00.000,112741,NZ DOLLAR,88964,3673,35667,12235,11805,64953,34214,2137,447,4052,4917
2026-08-25T00:00:00.000,232741,AUSTRALIAN DOLLAR,333906,81344,27283,97445,142872,101536,139579,4878,850,39765,14384
2026-09-01T00:00:00.000,090741,CANADIAN DOLLAR,334800,27845,96595,59172,108716,180223,62264,13059,5585,26348,33487
2026-09-01T00:00:00.000,092741,SWISS FRANC,136962,12305,22603,12689,44806,64678,8935,1550,1666,11135,24347
2026-09-01T00:00:00.000,096742,BRITISH POUND,317961,77117,33950,43569,150902,133142,73939,1191,0,31789,28017
2026-09-01T00:00:00.000,097741,JAPANESE YEN,411882,58529,160717,70419,94940,116682,37361,55035,2313,33223,38557
2026-09-01T00:00:00.000,098662,USD INDEX,50020,16024,8891,17667,1426,5796,32811,3434,1492,3297,1598
2026-09-01T00:00:00.000,099741,EURO FX,865412,96137,134310,468254,205001,54643,322221,23850,15004,85670,52018
2026-09-01T00:00:00.000,112741,NZ DOLLAR,107274,5216,27554,12931,9972,54532,36175,2224,647,4339,4894
2026-09-01T00:00:00.000,232741,AUSTRALIAN DOLLAR,391678,78498,28836,108835,139302,104022,147478,4718,1053,36240,15644
2026-09-08T00:00:00.000,090741,CANADIAN DOLLAR,334861,28941,84389,71980,101988,152408,70301,13419,6140,29559,33489
2026-09-08T00:00:00.000,092741,SWISS FRANC,153683,9132,22572,13217,48894,69790,8945,1550,1759,12822,24341
2026-09-08T00:00:00.000,096742,BRITISH POUND,318608,69336,34709,43849,149713,122820,54272,955,0,31683,29949
2026-09-08T00:00:00.000,097741,JAPANESE YEN,499635,81760,130858,77576,78146,98552,138029,90518,4618,42640,39395
2026-09-08T00:00:00.000,098662,USD INDEX,57858,15338,9152,18041,1697,5815,32661,4193,1461,3246,1662
2026-09-08T00:00:00.000,099741,EURO FX,942464,94808,128093,484443,233765,54357,315811,24587,16412,92781,56895
2026-09-08T00:00:00.000,112741,NZ DOLLAR,125978,11595,28945,21274,7250,54308,53327,3589,647,4520,5117
2026-09-08T00:00:00.000,232741,AUSTRALIAN DOLLAR,455468,87978,38199,102385,142584,115580,149159,5313,500,37079,17893
2026-09-15T00:00:00.000,090741,CANADIAN DOLLAR,358186,29857,68879,87489,96875,152803,104189,14243,5103,26374,35720
2026-09-15T00:00:00.000,092741,SWISS FRANC,171313,9671,24635,13903,50024,85314,18802,1550,1491,50594,66080
2026-09-15T00:00:00.000,096742,BRITISH POUND,314293,63991,45113,45568,134779,78217,9994,460,0,111818,110168
2026-09-15T00:00:00.000,097741,JAPANESE YEN,542802,110302,87132,118873,65028,48596,217166,90565,3325,151709,147394
2026-09-15T00:00:00.000,098662,USD INDEX,43744,12118,17027,17514,1712,5372,20576,3933,1263,3007,1366
2026-09-15T00:00:00.000,099741,EURO FX,920035,103260,131416,486435,234737,41113,299193,24818,17063,188399,161616
2026-09-15T00:00:00.000,112741,NZ DOLLAR,135122,17242,19008,23338,13168,36218,47200,3853,941,48402,48736
2026-09-15T00:00:00.000,232741,AUSTRALIAN DOLLAR,493141,92993,31858,94701,141097,86606,124909,5233,750,207883,188802
